Price,Close,High,Low,Open,Volume
Ticker,ABBV,ABBV,ABBV,ABBV,ABBV
Date,,,,,
2013-01-02,20.415752410888672,20.57852188148228,19.82281170935037,20.299489136903954,13767900
2013-01-03,20.24716567993164,20.345987985730428,19.85768418537143,20.345987985730428,16739300
2013-01-04,19.991390228271484,20.282047259139144,19.910006614434486,20.12509219636615,21372100
2013-01-07,20.032087326049805,20.607589374885286,19.851881338539773,19.851881338539773,17897100
2013-01-08,19.596097946166992,20.13672024118759,19.392638896444115,19.93326119146471,17863300
2013-01-09,19.7065486907959,19.735613952013782,19.537967071179974,19.537967071179974,18800400
2013-01-10,19.76468276977539,19.76468276977539,19.375203320789083,19.56703585337613,15658100
2013-01-11,19.911739349365234,19.941152873092143,19.61762206359064,19.75879934809464,11191500
2013-01-14,20.05291748046875,20.147034926132623,19.882328908972696,20.00585763566836,11584900
2013-01-15,20.352907180786133,20.42349691692298,19.829378979418745,19.829378979418745,13040200
2013-01-16,20.905855178833008,20.905855178833008,20.26467946842517,20.27644442798473,16512700
2013-01-17,21.423500061035156,21.588207251894886,21.02938401120151,21.02938401120151,14424800
2013-01-18,21.952919006347656,21.952919006347656,21.19997930217008,21.429390478040606,17842200
2013-01-22,21.423500061035156,21.91173578789528,21.13526640391969,21.75291219881801,15809700
2013-01-23,22.235267639160156,22.258797561925075,21.47056310079591,21.711739199293948,10981600
2013-01-24,22.03526496887207,22.65879437887458,21.89997129616086,22.229383440981618,11327100
2013-01-25,22.11762046813965,22.25879776206158,21.552915780325854,22.070562866123648,8934600
2013-01-28,21.69997787475586,22.27644761548908,21.594095448505136,22.147037506467218,7140100
2013-01-29,21.947032928466797,22.035266768866887,21.323503467530035,21.59409083505592,8838500
2013-01-30,21.7235050201416,22.076444899831234,21.65291749299108,21.65291749299108,10841800
2013-01-31,21.582324981689453,21.72350226200286,21.335267546061925,21.670561062377427,10720700
2013-02-01,21.870561599731445,21.882326560461753,21.482326871378564,21.67056175518985,9527500
2013-02-04,21.929380416870117,21.94114537559256,21.49996952121495,21.55291071349772,6348000
2013-02-05,21.88233184814453,22.19409552905391,21.870566884571318,22.01174195957515,7284400
2013-02-06,21.847026824951172,21.929379287831896,21.68232189918972,21.741144445837005,5738900
2013-02-07,21.423500061035156,22.099970654075022,21.058795288303983,22.099970654075022,9872500
2013-02-08,21.323501586914062,21.42350037933552,21.076444162858714,21.39408910179607,13858700
2013-02-11,21.088199615478516,21.282318019466125,21.02937708065941,21.25290675205657,6032100
2013-02-12,20.835264205932617,21.117618731015977,20.70585414620058,21.04114762030855,7473800
2013-02-13,20.747032165527344,20.923502075936966,20.676444650150827,20.835265998763827,4859800
2013-02-14,21.51173210144043,21.60584951687721,20.594085617979697,20.61761553282294,7570100
2013-02-15,22.105857849121094,22.24115154093347,21.723504452828358,21.723504452828358,13296300
2013-02-19,22.464675903320312,22.547030622465364,21.829383777472202,22.082324805004657,8292700
2013-02-20,22.711742401123047,23.017624718100485,22.12350769399813,22.44703633412937,8096400
2013-02-21,22.811735153198242,22.95879379084173,22.46467667860214,22.641148838923712,7260900
2013-02-22,22.623497009277344,22.8529080918401,22.435262159793215,22.81761546002208,4490400
2013-02-25,21.982330322265625,22.711742344618234,21.982330322265625,22.67056609473692,4665600
2013-02-26,21.817626953125,22.117625688098176,21.741155807372035,22.117625688098176,4463000
2013-02-27,21.605854034423828,21.75291266703815,21.411737806219982,21.747031309065704,12238400
2013-02-28,21.717615127563477,21.847027426474245,21.470557732118966,21.564675155707786,10321000
2013-03-01,22.241153717041016,22.394093744159804,21.499976775019054,21.64703544276055,8929400
2013-03-04,22.49409294128418,22.499974300174166,22.076444654111047,22.076444654111047,5420800
2013-03-05,22.064680099487305,22.688209618369125,21.935270006086963,22.617622090701936,6650400
2013-03-06,22.199970245361328,22.27055775460452,21.982321872295415,22.094087859528305,5489500
2013-03-07,22.052913665771484,22.358793648770284,22.023500143923776,22.147031101448807,4442500
2013-03-08,21.964675903320312,22.147029402680154,21.85879351581286,22.141145801187243,4114500
2013-03-11,22.158798217773438,22.44115282481225,21.811741927993168,21.911740741535866,4614400
2013-03-12,21.864673614501953,22.529379176931077,21.79408610820659,22.176439401517868,6523900
2013-03-13,21.864673614501953,22.111733252440295,21.788204750988793,21.882322174028072,3710600
2013-03-14,22.094093322753906,22.111739643444007,21.682328636467684,22.01762219320176,9859700
2013-03-15,22.647024154663086,22.670554068952864,21.929377476377837,22.02349488960081,12208300
2013-03-18,22.4470272064209,22.641145657927016,22.347028423962414,22.38232105591886,5178700
2013-03-19,22.56468391418457,22.58821384121249,22.258801594633663,22.499977736826466,5108400
2013-03-20,22.9764461517334,23.052915040315504,22.594092733074444,22.64703394113588,7072900
2013-03-21,22.641143798828125,22.9234960509774,22.635260198027552,22.83525999045865,4736100
2013-03-22,22.92350196838379,22.92350196838379,22.52938363864937,22.688207242219647,3323400
2013-03-25,23.129383087158203,23.247030449814705,22.89997196414327,23.011735724501705,6065000
2013-03-26,23.652910232543945,23.83526374712657,23.276440487283917,23.276440487283917,7249500
2013-03-27,23.61761474609375,23.699967212438587,23.329378869950414,23.65879097926617,4274800
2013-03-28,23.988201141357422,23.999966100114552,23.39996666711963,23.6823189454814,7263400
2013-04-01,24.188201904296875,24.199966863517023,23.50584997708413,23.50584997708413,5740000
2013-04-02,23.947031021118164,24.247031936171137,23.835267250297903,24.247031936171137,5510700
2013-04-03,23.864683151245117,24.382330349206683,23.735270790770365,23.970565583644927,4122100
2013-04-04,24.470550537109375,24.576432910332038,23.89408108508388,23.982317144081495,20687600
2013-04-05,24.29996681213379,24.41173055384028,24.17055451041522,24.29996681213379,14089800
2013-04-08,24.57056427001953,24.629386843837327,24.158799521482887,24.276446913055835,16449200
2013-04-09,25.02937889099121,25.623497024991188,24.588202991935184,24.68232042730967,8673900
2013-04-10,25.658794403076172,25.747030496769913,24.999972233690706,25.088208327384443,7809200
2013-04-11,25.646915435791016,25.949690518979864,25.593484272321913,25.77752318505675,6494100
2013-04-12,25.581602096557617,25.70033822833778,25.302572526579727,25.510361323370855,4199800
2013-04-15,24.602041244506836,25.545990342698346,24.584231610578158,25.451001853905048,7152500
2013-04-16,25.201669692993164,25.249162827224023,24.418013728189166,24.738598612186966,6998000
2013-04-17,25.07698631286621,25.189784437206097,24.59016775302569,25.017617091078712,5046200
2013-04-18,25.124473571777344,25.314450507825647,24.869191639330488,25.154157043402943,5009000
2013-04-19,25.16603660583496,25.27883699423967,25.053238482134486,25.23727740687188,6493200
2013-04-22,26.240596771240234,26.61461495469067,25.45694113476601,25.528181938617035,8531300
2013-04-23,26.79865074157715,27.499191647224833,26.359329860566667,26.484001818850395,9378100
2013-04-24,26.311843872070312,26.91739651148633,26.0862452970632,26.798660300182334,5541300
2013-04-25,26.26433753967285,26.59086025804227,25.97936986995379,26.567112574781728,5236900
2013-04-26,27.2142333984375,27.493263129571638,26.567123484429686,26.68585968478706,10096800
2013-04-29,26.852083206176758,27.267658685307264,26.745220875408794,27.20829173030469,6024700
2013-04-30,27.33890151977539,27.445763858499816,26.721475177079686,26.745222866730522,6798600
2013-05-01,27.042070388793945,27.362657502126375,27.042070388793945,27.154870816469256,6398100
2013-05-02,26.11592674255371,27.119242920005757,26.03874787822525,27.119242920005757,9649400
2013-05-03,26.525556564331055,26.578987721939885,26.020930726128398,26.305896145140892,4641200
2013-05-06,26.472131729125977,26.68585641060569,26.210913932153197,26.68585641060569,4085700
2013-05-07,26.6621036529541,26.715534813168595,26.37120016629653,26.418695537466725,3745600
2013-05-08,25.8190860748291,26.74522334057674,25.759716849650168,26.721475650505162,6973200
2013-05-09,26.26433753967285,26.38900947973511,25.67659483484491,25.73002598982927,5046900
2013-05-10,26.721479415893555,26.721479415893555,26.240601080056514,26.246536871058648,4455800
2013-05-13,26.442447662353516,26.590867325121952,26.222784930869114,26.590867325121952,3738400
2013-05-14,26.92332649230957,27.024253042782583,26.17529237253427,26.17529237253427,5760300
2013-05-15,27.3270263671875,27.86133803523959,27.000503576579764,27.142987442961733,6702500
2013-05-16,27.43389129638672,27.843531035551766,27.31515510728519,27.3448408530889,4605300
2013-05-17,28.003814697265625,28.104741223296926,27.22015923215601,27.32702154691676,5244800
2013-05-20,27.46356964111328,27.986007416628443,27.350771528150336,27.97413357346855,3537800
2013-05-21,27.629804611206055,27.879148554410655,27.41014188253042,27.422015727164588,4708800
2013-05-22,27.76042366027832,28.49658647399345,27.220175965630407,27.582320447756906,5203500
2013-05-23,27.65949058532715,27.873215278611532,27.32109390919505,27.38046087301649,3306200
2013-05-24,26.976760864257812,27.59418729129779,26.8995842594063,27.457641454208986,4511700
2013-05-28,26.94707679748535,27.332968872212636,26.537439295081533,27.243916158135693,6181800
2013-05-29,26.050617218017578,26.822398933697325,25.99718605421722,26.65023159870683,6908400
2013-05-30,26.448375701904297,26.786772252675515,26.163410304660303,26.163410304660303,4852200
2013-05-31,25.344135284423828,26.531492328214746,25.33819949567456,26.282148436076493,9308800
2013-06-03,25.741907119750977,25.87251714995978,25.379762773957022,25.45694163405353,7176800
2013-06-04,25.902196884155273,26.400886978182168,25.753777240274697,25.777522662120518,4528400
2013-06-05,25.551925659179688,26.062489580999323,25.34413680522539,25.819081463004377,4801300
2013-06-06,25.825023651123047,25.86658097927033,25.32039765807487,25.658794338533912,4261300
2013-06-07,26.121849060058594,26.282142496509714,25.82500986619429,25.955619836199645,5463200
2013-06-10,26.074363708496094,26.317774114993203,25.658790489364915,26.317774114993203,4702700
2013-06-11,25.878463745117188,26.151555499846307,25.55787659058893,25.712234375230825,3574800
2013-06-12,25.391633987426758,26.121858393479997,25.361950510374992,26.06842722890517,3742600
2013-06-13,25.617237091064453,25.646920573448206,23.806515224496486,25.183849642384406,6096500
2013-06-14,25.65285301208496,25.82502035800065,25.231341729081095,25.51630719919797,4078500
2013-06-17,25.53411865234375,25.8250221977074,25.33820586849019,25.765655236467996,3457700
2013-06-18,25.848764419555664,25.86063826223241,25.308517033635223,25.510367829732086,3644900
2013-06-19,25.551925659179688,26.020932263149255,25.534113762455394,25.860638780854444,3663300
2013-06-20,24.376449584960938,25.397575465415454,24.287396869155796,25.320398860735946,7474900
2013-06-21,25.302581787109375,25.356012952730634,24.45955924586748,24.732650863618726,9825700
2013-06-24,24.86920738220215,25.171984872679168,24.53081060910794,24.97606975946402,6042400
2013-06-25,25.30852699279785,25.39164165953763,24.70297436621615,25.023561450530842,4686900
2013-06-26,25.75377655029297,25.890322347240353,25.545987695604712,25.587545013601567,4733700
2013-06-27,25.605350494384766,26.10997623773196,25.373816276503035,25.860632392229604,5163900
2013-06-28,24.542673110961914,25.510369851107345,24.530799267344314,25.24914982092835,10753100
2013-07-01,24.702972412109375,24.892949425259417,24.382385353154437,24.578300421861776,4588200
2013-07-02,25.059181213378906,25.272905940396146,24.6851652058036,24.6851652058036,4365900
2013-07-03,25.071044921875,25.118540292984306,24.702964854593656,24.86325833503165,2417500
2013-07-05,25.361957550048828,25.427262576511794,25.118549347135364,25.201664011831948,2743700
2013-07-08,25.9318790435791,25.937814832563223,25.42131513219565,25.46881050288431,3978300
2013-07-09,25.71816062927246,26.258408145736645,25.67660330221402,26.12186231901542,3805700
2013-07-10,26.068431854248047,26.193103838808586,25.741909019335164,25.741909019335164,3080100
2013-07-11,26.230192184448242,26.427908303478326,25.960582619260464,26.326053921865345,4061400
2013-07-12,26.991098403930664,27.02704741610149,26.242177791804263,26.320066175412222,5693900
2013-07-15,26.733470916748047,26.943170070331725,26.685541183559273,26.931187065653422,3265800
2013-07-16,26.2481689453125,26.823339394221588,26.182263569505878,26.68553828368238,3714500
2013-07-17,26.338043212890625,26.45188062454972,26.20623472092565,26.344035858517238,3645400
2013-07-18,26.553735733032227,26.69752953243146,26.24817705190561,26.338046176695837,3043700
2013-07-19,26.673559188842773,26.907222075105977,26.433903657251292,26.655585823907,4317900
2013-07-22,26.94316864013672,27.02105473812469,26.242177759574684,26.541746004057327,3810500
2013-07-23,26.5477352142334,27.015060883798384,26.499803204265692,26.913206505379023,3535100
2013-07-24,26.14630889892578,26.583678142608974,25.996524817437415,26.529755781852213,3088100
2013-07-25,26.50579261779785,26.619627699311106,25.97255935675471,26.008508359849095,4088500
2013-07-26,26.835325241088867,27.033039103934442,26.463858953640564,26.967133721144435,4491100
2013-07-29,26.99708366394043,27.230746465323865,26.643593140289575,26.793377221742926,4326200
2013-07-30,26.781415939331055,27.098957718154818,26.4818475334896,27.009088567717715,3619700
2013-07-31,27.24872398376465,27.50635282603823,26.84730368123663,26.865277042387422,6020600
2013-08-01,27.11092185974121,27.500361430499563,26.985103765381975,27.04501649064143,3652400
2013-08-02,27.152868270874023,27.212781011681226,26.847309635918,27.027050143864162,3190700
2013-08-05,26.787391662597656,27.1828216507862,26.649590545481498,26.991098158665952,2953500
2013-08-06,26.889245986938477,26.955151365727737,26.613641467862998,26.613641467862998,4980600
2013-08-07,26.70351219177246,26.87726231599131,26.493815342214717,26.78140057254716,3299400
2013-08-08,26.99708366394043,27.0689793830914,26.72747186021966,26.87725594167301,2892400
2013-08-09,26.787391662597656,26.961141791557974,26.643600186269623,26.90122905734201,3290800
2013-08-12,26.985103607177734,27.080965338345237,26.595664038702527,26.787387501037532,3826400
2013-08-13,26.91919708251953,27.068981173882083,26.769412991156983,27.033032169166486,2791800
2013-08-14,26.709508895874023,27.09894628788889,26.631620503261214,26.871273755533917,2990500
2013-08-15,25.888689041137695,26.73347146120539,25.840759306972778,26.721488456283037,4363100
2013-08-16,25.76286506652832,25.846743796409925,25.415364859277126,25.726916059925927,6093300
2013-08-19,25.984546661376953,26.248168156682894,25.732910454611243,25.768857178135413,3326900
2013-08-20,25.74489402770996,26.0504526120522,25.672996008021286,25.936617509164734,2803000
2013-08-21,25.349470138549805,25.69097781460605,25.313521120087408,25.65502879614365,4118800
2013-08-22,25.714937210083008,25.8227819617806,25.33748286466578,25.403388244650348,4077700
2013-08-23,26.020498275756836,26.06243764775035,25.672998010068476,25.76885975827141,2738100
2013-08-26,26.032482147216797,26.206232285849275,25.876705372744766,26.020499142601683,3493400
2013-08-27,25.541194915771484,25.81679721422838,25.523219262898316,25.77485783339906,4473000
2013-08-28,25.499248504638672,25.649032619311193,25.373428111315356,25.481272856721507,3009700
2013-08-29,25.535194396972656,25.816789254744698,25.319504913191867,25.355453922330046,2788900
2013-08-30,25.529211044311523,25.78084732076406,25.343477874412198,25.61908016353396,3170700
2013-09-03,25.51721954345703,25.93062283952035,25.349462081667397,25.762865377730712,2925600
2013-09-04,25.840749740600586,25.846740098081856,25.517215584044465,25.523205941525735,3190700
2013-09-05,26.068424224853516,26.15829560067132,25.762865661016217,25.78083902197017,3355500
2013-09-06,26.296091079711914,26.571693221204082,25.696954797064482,26.08040165227507,3992200
2013-09-09,26.61963653564453,26.625626895386873,26.062439373101775,26.290111897227458,3287500
2013-09-10,26.82933235168457,26.847308001251886,26.4219193395332,26.709506877366042,4282300
2013-09-11,26.931182861328125,26.94316586413572,26.595665639287727,26.84730412719905,3441700
2013-09-12,26.781415939331055,26.931200142251782,26.661588119889363,26.86529472728257,2597900
2013-09-13,26.89522933959961,26.89522933959961,26.619627177846162,26.787384617952835,2273500
2013-09-16,27.452442169189453,27.53033057661276,27.074985425318832,27.15287383274214,3531700
2013-09-17,28.518901824951172,28.578816857482774,27.476405399674043,27.51235213366821,7293800
2013-09-18,28.710622787475586,29.010191066738187,28.087522503608074,28.273253374015145,6689400
2013-09-19,28.39908218383789,28.89636448595106,28.345159786208725,28.884381476975104,5326500
2013-09-20,28.662681579589844,28.758543299166114,28.35712306266662,28.42302613788732,10495300
2013-09-23,28.219337463378906,28.49494208049882,28.11748532212544,28.49494208049882,3179500
2013-09-24,27.54829978942871,28.129463005828814,27.524333777602486,28.129463005828814,7162700
2013-09-25,27.158859252929688,27.65614137064227,26.973126110963264,27.61420199754089,4571900
2013-09-26,26.96113395690918,27.33259782925775,26.84729888076852,27.158850036311193,5033900
2013-09-27,26.559717178344727,26.901224736678927,26.373984075267344,26.8832490908818,6617300
2013-09-30,26.79937171936035,26.93118246276912,26.379975769397586,26.673553620028738,5818400
2013-10-01,27.440452575683594,27.500367599908298,26.847308691768117,26.847308691768117,4159700
2013-10-02,27.53032684326172,27.54230984935761,27.033042375143253,27.164853156673395,4056800
2013-10-03,27.566272735595703,27.763988901863023,27.021058545240635,27.320626831930774,7020800
2013-10-04,28.03960418701172,28.087536232173658,27.560295163020847,27.668139979109505,4141400
2013-10-07,27.61420440673828,28.14743558456991,27.61420440673828,27.63217777234284,4703700
2013-10-08,26.673559188842773,27.75200450995538,26.595670798246864,27.734031145019607,7091500
2013-10-09,26.847309112548828,27.146877381794088,26.55373120305769,26.793386732663702,5113000
2013-10-10,27.61507225036621,27.61507225036621,26.907767322706203,27.264441944698174,3967500
2013-10-11,27.596925735473633,27.627151916982257,27.179796589881185,27.627151916982257,2985700
2013-10-14,28.008010864257812,28.0805541678429,27.24629810522925,27.330932343763525,3377300
2013-10-15,27.856884002685547,28.03824345614932,27.657386989597995,27.838746443061773,3533300
2013-10-16,28.44932746887207,28.576278861731925,27.9294286530338,27.995927660563442,4399900
2013-10-17,29.120351791381836,29.211032658495796,28.3828231428886,28.3828231428886,7242400
2013-10-18,29.217086791992188,29.591896680622902,28.878547414644906,29.247312986765323,9212900
2013-10-21,29.229171752929688,29.350078822943416,28.872497164749987,29.065949860438284,4713200
2013-10-22,29.622102737426758,29.809508707393487,29.08406899545914,29.253337416003756,6937500
2013-10-23,29.217086791992188,29.537488607586923,29.186858291108216,29.477033911929816,4130300
2013-10-24,28.975263595581055,29.61002271252817,28.860403168778664,29.39843710891584,5077900
2013-10-25,29.803482055664062,30.123886174203797,29.356128842775863,29.682574971655345,6956800
2013-10-28,29.876022338867188,30.20851736253328,29.603984310210326,29.700709506337578,5555000
2013-10-29,30.09969139099121,30.347549769190383,29.912285375822147,29.912285375822147,5022900
2013-10-30,29.501203536987305,29.966694122708628,29.452842106659183,29.966694122708628,4011600
2013-10-31,29.289609909057617,29.62210243434371,29.283563290609024,29.428652153955102,4563700
2013-11-01,29.597929000854492,29.821607824960704,29.319844431874227,29.404478665380402,3866900
2013-11-04,29.47701644897461,29.73696572102233,29.017572564721355,29.73696572102233,4095600
2013-11-05,29.120351791381836,29.477026332661033,29.035717545334272,29.374256835634775,4095400
2013-11-06,29.047813415527344,29.46494270777441,29.01758722339177,29.31985375696877,4308100
2013-11-07,28.558141708374023,29.235218064714893,28.52186889592146,29.120355311670366,4444900
2013-11-08,29.035707473754883,29.07802458210018,28.31027001291577,28.49162937812555,5190900
2013-11-11,29.362157821655273,29.422610179026425,29.13243471264759,29.1566165780399,2282900
2013-11-12,28.703214645385742,29.30774739437729,28.582307634365545,29.28961214986256,5351100
2013-11-13,28.92690086364746,28.975264606795346,28.58836388605305,28.630681008252353,3745100
2013-11-14,29.04176902770996,29.30171843043205,28.83018107106304,29.011542835649156,3411800
2013-11-15,29.28357696533203,29.47098302089539,29.017583282112383,29.0357185337084,6257100
2013-11-18,29.543527603149414,30.202468677412607,29.458893350583384,29.55561854010319,8585700
2013-11-19,29.295658111572266,29.622106367868124,29.24125006885629,29.458882239720197,4050700
2013-11-20,28.98736572265625,29.344040382246803,28.914822388568126,29.271494742047665,3120300
2013-11-21,29.362157821655273,29.422610179026425,29.01152999790529,29.186842756725476,4459800
2013-11-22,29.58584213256836,29.70674918538324,29.362165583832464,29.410529327402507,5810100
2013-11-25,29.265439987182617,29.791383007431307,29.21103192949412,29.62211451956051,3343200
2013-11-26,29.380287170410156,29.730917229891013,29.20497444677888,29.247291549666688,4732300
2013-11-27,29.16872215270996,29.591895785059513,29.162677836382596,29.519352458577263,3414900
2013-11-29,29.289609909057617,29.57978532964053,29.05988683630518,29.277518978269676,4044300
2013-12-02,29.25335121154785,29.428666333279523,29.02967464947213,29.313805894615854,4321900
2013-12-03,30.208507537841797,30.38382031335456,29.603974682130634,29.700699846800028,9480100
2013-12-04,30.027141571044922,30.401953548744874,29.8034650919146,30.075505299564725,5309200
2013-12-05,30.08154296875,30.2689489162094,29.65232535042675,29.876001780155782,5449100
2013-12-06,31.042760848999023,31.13344169872077,30.256868607146476,30.329411903257995,7285800
2013-12-09,30.95812225341797,31.320843295043638,30.692128667780064,31.103211131290134,5470800
2013-12-10,31.520343780517578,32.72336521824958,30.661908203670453,30.982309889942986,14906900
2013-12-11,31.840755462646484,32.19138574767635,31.447810353618227,31.840755462646488,10775500
2013-12-12,31.671480178833008,31.81052247751488,31.314805654002072,31.77425197723013,7766400
2013-12-13,31.659379959106445,31.798422217013524,31.338978334629683,31.617062850443837,6465300
2013-12-16,32.263919830322266,33.11631111659027,32.02815237120069,32.29414601372837,9846300
2013-12-17,32.42109680175781,32.59640957242697,32.04024046747148,32.30018977273408,7987300
2013-12-18,32.83822250366211,32.9047214826488,31.568704507749633,31.907241410067794,9635600
2013-12-19,31.81656837463379,32.167196270702135,31.447802922725472,32.167196270702135,8383400
2013-12-20,31.79239845275879,32.04630126884162,31.61103896896949,31.90121460425456,12471800
2013-12-23,31.78634262084961,32.003972538890366,31.58080133205268,31.87702117683906,4957700
2013-12-24,31.653345108032227,31.913294456726412,31.60498136589835,31.907247835904602,1747000
2013-12-26,32.03419876098633,32.076515878672296,31.64125146120523,31.792384683257964,2401500
2013-12-27,31.768207550048828,32.070474039214105,31.665438050665575,31.99188410632025,2354100
2013-12-30,32.046287536621094,32.058378471174066,31.79842914356014,31.877019065099457,2898800
2013-12-31,31.92538070678711,32.07651391960943,31.653340462484966,32.034196804507964,3019700
2014-01-02,31.423627853393555,31.635215805846833,31.14554320216871,31.508262111930634,4569100
2014-01-03,31.617063522338867,31.840740002324523,31.417568906705583,31.58683734495316,4794300
2014-01-06,30.462411880493164,31.858883683034033,30.244779671670173,31.858883683034033,11871100
2014-01-07,30.522878646850586,30.958140930847236,30.408015876621732,30.73446431920237,9719900
2014-01-08,30.444271087646484,30.897670671423324,30.371727799952858,30.607495214539288,6811100
2014-01-09,30.96418571472168,31.224135128808538,30.14806465673594,30.583329220995,6960300
2014-01-10,30.770734786987305,31.127409397504433,30.686098218399785,30.99441138154902,5517700
2014-01-13,30.36248207092285,30.91696437147082,30.246709534124875,30.868217550845074,7055200
2014-01-14,30.8316593170166,31.002270875242704,30.24061918930478,30.429507319816437,6610800
2014-01-15,30.533096313476562,30.87431481644187,30.50872289915712,30.862130433658873,4728400
2014-01-16,30.77073097229004,30.843848890111587,30.47825697662714,30.527001480382605,4972300
2014-01-17,30.502620697021484,30.868212494321593,30.472152776933175,30.85602579116146,8606800
2014-01-21,30.466066360473633,31.026640865805675,30.411227348049724,30.62448888282248,5823000
2014-01-22,29.90549087524414,30.466065362208134,29.62520130738582,30.45387865713809,8181700
2014-01-23,29.777538299560547,29.89331086145216,29.485064285541522,29.698328185439475,7270500
2014-01-24,29.119449615478516,29.917658595873753,29.107262917194806,29.50332015172774,9197900
2014-01-27,28.534517288208008,29.143838581663214,28.28469332649015,29.1194651720747,10749800
2014-01-28,29.05852508544922,29.533797167583444,28.6868411328597,28.6868411328597,12298600
2014-01-29,29.009777069091797,29.149920638945442,28.625904136829345,28.7294899293845,7608500
2014-01-30,29.43631362915039,29.783626593513958,29.186491982426134,29.22914428861981,7669500
2014-01-31,29.99688720703125,30.801191134050118,29.8993958923737,30.429504770550615,12863500
2014-02-03,28.851364135742188,30.15531373848563,28.674662716017092,30.100474725639522,10314600
2014-02-04,29.21695327758789,29.229139981043865,28.607632051045396,28.747775654225048,9606100
2014-02-05,29.082902908325195,29.290072225764206,28.73558998267393,29.101181801977546,6987100
2014-02-06,29.20477294921875,29.35710328910644,28.91229897555956,29.18039953698635,4957800
2014-02-07,29.789724349975586,29.875028978301575,29.040259269769948,29.24742864900883,6979500
2014-02-10,30.191871643066406,30.58183692503263,29.686136144384093,29.704415040608627,7907500
2014-02-11,30.258888244628906,30.447778638082724,29.881109782096992,30.106557956984908,7217600
2014-02-12,30.80728530883789,31.032733535675966,30.216242912784704,30.2406163222743,6534500
2014-02-13,30.679325103759766,30.782910928635914,30.392945686604694,30.648859505046612,4946000
2014-02-14,30.910879135131836,31.020557190085157,30.569658261457384,30.807295596774274,4118700
2014-02-18,31.355674743652344,31.416608270616894,30.807286947229745,30.856031444424996,4984900
2014-02-19,31.1911563873291,31.599402865396254,30.85603013852478,31.17896968245196,5242800
2014-02-20,31.59939956665039,31.75172987514803,30.91086592141577,31.191153131201176,6078900
2014-02-21,31.09975242614746,31.666421288381155,31.081471210853124,31.57502218503672,5842700
2014-02-24,30.983983993530273,31.41660383863089,30.971799614232616,31.08147529854392,5693000
2014-02-25,30.90478515625,31.15460686156168,30.770733691417472,31.0327421048391,5425000
2014-02-26,30.91695785522461,31.057101448421594,30.42340686010629,30.435593562694184,5710700
2014-02-27,31.02054214477539,31.026634334039333,30.75244165401958,30.831651736330397,5052900
2014-02-28,31.02054214477539,31.66032893878133,30.776812735451266,30.977889846800053,7095600
2014-03-03,30.52090072631836,30.990078355766034,30.33810482086011,30.67323103492958,6817700
2014-03-04,31.434890747070312,31.52019537016081,30.789009233936103,30.910873977369665,6198000
2014-03-05,31.501911163330078,31.757824989473786,31.25818171753737,31.489724458602815,5251100
2014-03-06,31.709087371826172,32.15389173114466,31.6664350582187,31.709087371826172,6529000
2014-03-07,31.355674743652344,31.989369477825313,31.08147968325285,31.837039146978526,5860700
2014-03-10,31.4775447845459,31.623782949559814,30.990088108460803,31.623782949559814,3086000
2014-03-11,31.53237533569336,31.77001025617811,31.380045020061992,31.48972303326667,3629800
2014-03-12,31.465356826782227,31.52629036160708,31.118043813598955,31.355678788474172,3924800
2014-03-13,31.270366668701172,31.745636504531127,31.160688656682545,31.617679598634773,4839400
2014-03-14,31.203340530395508,31.331297434535706,30.953518911865363,31.227713938148717,5466700
2014-03-17,31.672527313232422,31.800484254311453,31.233815144530865,31.361774409986666,3875500
2014-03-18,32.35496520996094,32.42808545105951,31.666433705774395,31.73345943125975,4712300
2014-03-19,32.361045837402344,32.61695959828856,31.952799468457997,32.34885913578267,6408600
2014-03-20,32.708370208740234,32.78148811981375,32.00155753669226,32.208726888380966,6922700
2014-03-21,32.57431411743164,33.34815239930493,32.348865901256325,33.03739957832685,12930500
2014-03-24,31.294748306274414,32.671813684087695,31.288653790461762,32.61697466365754,10161400
2014-03-25,31.495824813842773,31.74564651457545,31.380054575485588,31.489732622087917,6127200
2014-03-26,31.380048751831055,31.8918787661952,31.355675340581232,31.684709419324562,5684900
2014-03-27,31.4775447845459,31.58722282721214,31.33740113544498,31.398332348314327,4778000
2014-03-28,31.063196182250977,31.763916530015372,31.00835717830093,31.58112062497389,4208300
2014-03-31,31.319128036499023,31.50192403333612,31.044932879054777,31.282567907380724,4813100
2014-04-01,31.745641708374023,31.91625326857913,31.404423236716838,31.453167736506504,4250800
2014-04-02,32.5012092590332,32.543861578550306,31.67862615477244,31.745649568029968,6007200
2014-04-03,32.598690032958984,32.799767180638625,32.42198629549076,32.507290906854365,6841400
2014-04-04,31.806581497192383,33.17146030114262,31.71518234608436,32.769308220145874,7013200
2014-04-07,30.843841552734375,31.87359597048161,30.25280151068169,31.489722925578008,9146600
2014-04-08,29.91767120361328,30.996170050278806,29.814087711112712,30.679322734503398,8246900
2014-04-09,30.849939346313477,30.929149445040043,30.01516745722191,30.155313407471915,6018200
2014-04-10,28.851364135742188,30.630583633567635,28.81480634342906,30.514813417282035,13177200
2014-04-11,28.562421798706055,29.023502659041004,27.972238860320168,28.636196424888187,11465800
2014-04-14,28.789888381958008,29.20178613437835,28.40872653757031,28.955875418333278,7290800
2014-04-15,29.42310333251953,29.564501163930924,28.74685008142972,29.15260109401231,9531100
2014-04-16,29.58294677734375,30.025585145267105,29.27555954299219,29.865744815282827,7151000
2014-04-17,29.847291946411133,29.988689754702513,29.33703049433161,29.45998347880909,6196800
2014-04-21,30.38829231262207,30.40058807942677,29.755075565835202,29.816552054680983,4445000
2014-04-22,30.744876861572266,30.996934354973963,30.33912571743346,30.425196131796596,6613200
2014-04-23,30.824796676635742,30.89856896865386,30.36371574745947,30.824796676635742,6578300
2014-04-24,30.320676803588867,30.818644970701353,30.123949159954464,30.818644970701353,6628800
2014-04-25,30.21001625061035,31.34120133814039,30.09320994878363,30.86782472782407,7289100
2014-04-28,31.27356719970703,31.304305444900248,30.43132708648834,30.46206533168156,7932200
2014-04-29,31.580961227416992,31.67932504058768,31.205948456835518,31.31660803979983,5601300
2014-04-30,32.0174560546875,32.072783506534435,31.353498490381956,31.5871134495093,7430600
2014-05-01,31.728504180908203,32.0297422953315,31.60554884341424,31.900640246292944,4279800
2014-05-02,31.464155197143555,31.796133948832498,31.35349561324724,31.605553033193665,3341300
2014-05-05,31.574817657470703,31.58096437039009,30.92930492272225,31.347351756596748,2580300
2014-05-06,31.29816246032715,31.537924084629445,31.24898173119804,31.476447586923545,3353200
2014-05-07,32.453948974609375,32.50312971899103,31.5194913795701,32.20189150355909,7022600
2014-05-08,32.060489654541016,32.63837681398685,31.943681003940693,32.39246608710265,4092100
2014-05-09,32.12812423706055,32.18345405291526,31.40269226111331,32.011317890335846,5012500
2014-05-12,32.19573211669922,32.31254074434481,32.10351737112316,32.18958540506536,3626400
2014-05-13,32.091243743896484,32.27567570747469,31.919105212067784,32.2449374377416,4145200
2014-05-14,32.50312423706055,32.58304557152746,32.01745420804694,32.10966896765178,4878400
2014-05-15,32.392459869384766,32.626074780564636,32.22647051237629,32.55844922639325,6963800
2014-05-16,32.540008544921875,32.56460008328499,32.2203255817359,32.367872466736415,5826200
2014-05-19,33.265438079833984,33.32691457237567,32.40475311318313,32.48467442962962,6010500
2014-05-20,32.915035247802734,33.15479698552017,32.77363736005089,33.11176294773392,5021200
2014-05-21,32.74903106689453,33.099452271202935,32.644518204196906,32.8904288909858,4088000
2014-05-22,32.970367431640625,33.40685690068726,32.54617139269222,32.761343942280654,4486400
2014-05-23,33.16707992553711,33.43143310974628,33.09945436513314,33.16093086813042,3023500
2014-05-27,33.19166946411133,33.32077151973068,33.062565063313855,33.32077151973068,3816300
2014-05-28,33.24086380004883,33.57284266053075,33.0871701437345,33.17323821604187,4108300
2014-05-29,33.21625518798828,33.47446161744093,33.0441191318051,33.259289202034076,2768600
2014-05-30,33.40069580078125,33.462172305513334,33.13019355153209,33.18552334386229,4025600
2014-06-02,33.2900390625,33.781858177943384,33.142492155277715,33.46217516661055,3635000
2014-06-03,33.4252815246582,33.486760368184605,33.11789434256047,33.234702972671585,3078000
2014-06-04,33.55438995361328,33.591274918981206,32.99494296363058,33.14863657313922,3388200
2014-06-05,33.99702453613281,34.00932030580201,33.41913743275036,33.535943726840294,4847300
2014-06-06,33.87406539916992,34.0584995784189,33.74496334983804,34.009316505238374,3449800
2014-06-09,33.099449157714844,33.73881500708176,33.025676896688786,33.456017040322386,6297500
2014-06-10,33.17937469482422,33.24700025318929,32.14655352839697,32.669110823653696,8414700
2014-06-11,33.3392219543457,33.62816672934299,33.04413046602404,33.10560697998238,5386800
2014-06-12,32.988792419433594,33.35150938955104,32.86583707707244,33.3330669090092,3941600
2014-06-13,33.29618835449219,33.3884054717964,32.85354994371787,32.99494780378662,4413000
2014-06-16,33.19782257080078,33.38840350760115,32.85969706920797,33.308482166984405,4410400
2014-06-17,33.38225173950195,33.529798637495524,33.10560277150049,33.49906038442389,3385000
2014-06-18,33.548248291015625,33.57283983680056,33.19782697170636,33.36381638798636,3337300
2014-06-19,33.31462478637695,33.69578661314111,33.14863541249804,33.28388653458715,3952800
2014-06-20,32.767486572265625,34.19376349414134,32.68141850123194,34.19376349414134,13457700
2014-06-23,33.04412841796875,33.44373276946676,32.9150263395507,33.05027513091215,6235600
2014-06-24,32.94575881958008,33.16707796960384,32.84739501347819,33.03797591381602,5483500
2014-06-25,33.812599182128906,34.29827162413329,32.828960871265735,32.9027331582858,11085100
2014-06-26,34.74090576171875,34.75935059133327,33.79415481954307,33.855631331115234,10716400
2014-06-27,34.91304397583008,34.98066954520249,34.59950767149955,34.78394189530742,7490800
2014-06-30,34.697872161865234,34.974521157703904,34.488848736695864,34.7409061895314,6229700
2014-07-01,34.974525451660156,35.16510641556484,34.531887003973864,34.68558064884506,6869800
2014-07-02,35.724544525146484,35.724544525146484,34.992961411112276,35.324940184950734,6198500
2014-07-03,35.79216384887695,35.82290209772044,35.4417426526695,35.59543624206498,3828900
2014-07-07,35.28804397583008,35.74912467754296,35.28189491984105,35.601577821116635,4736300
2014-07-08,34.23678207397461,35.02369482214052,34.10768002570528,34.84540970109545,9297300
2014-07-09,33.81874084472656,34.206049397800086,33.70193454562494,34.156868662191435,11516300
2014-07-10,34.29826736450195,34.35359715919006,33.3699566253102,33.50520775569856,7553100
2014-07-11,34.04430389404297,35.06018159668672,33.746974007632694,34.27969094023073,13586800
2014-07-14,33.97617721557617,34.100065302247444,33.27621389737558,33.3815172351165,30823300
2014-07-15,33.10276794433594,33.877065492871786,33.07179651498822,33.77176216049583,16796400
2014-07-16,33.23283004760742,33.2452167208907,32.099258041856125,32.98505404853489,23291200
2014-07-17,33.15230941772461,34.06907702502369,32.75586962678096,32.96028286018798,18699000
2014-07-18,34.01332473754883,34.14340609020964,32.830198799846634,32.830198799846634,42456000
2014-07-21,33.44963836669922,33.728385825681876,33.393888874902686,33.536359273278826,22334900
2014-07-22,33.48059844970703,33.68501397143075,33.294767660937,33.33812809955112,14724300
2014-07-23,33.74697494506836,33.951390576823194,33.493005512352575,33.74697494506836,15011300
2014-07-24,33.49919128417969,33.796521090711984,33.43105276045968,33.5859121823807,11712800
2014-07-25,32.94169235229492,33.7531564736262,32.84877576542915,33.69740699410013,11680900
2014-07-28,33.28858184814453,33.44963460468373,32.93550019783192,33.09035961729805,10466000
2014-07-29,33.0965576171875,33.2390280094404,32.97886530088311,33.17088948206567,16171500
2014-07-30,33.29478073120117,33.38150164247274,32.8487847726987,33.0036442179601,12680100
2014-07-31,32.421363830566406,33.077968532212914,32.39658575964385,32.910720097935965,15479900
2014-08-01,32.508094787597656,32.607204739027594,32.055905486513105,32.22934731077358,11593200
2014-08-04,33.00984191894531,33.07798045706334,32.43995789711357,32.5700416348697,10456300
2014-08-05,32.70011520385742,32.94788885436084,32.48950630129756,32.687726166887174,12783800
2014-08-06,32.241737365722656,32.61959480587958,31.82051946813471,31.888658004945658,18126200
2014-08-07,32.47711181640625,32.650553578961116,31.85147855067598,31.95678416577486,17171700
2014-08-08,32.718711853027344,32.76207231985782,32.39041050046278,32.65676900411757,13117700
2014-08-11,33.02223205566406,33.23284101549319,32.6877350554117,32.83020547485967,10074600
2014-08-12,32.73109436035156,33.0160351891947,32.563845866125966,32.966481392554385,8524600
2014-08-13,33.201866149902344,33.226644229772134,32.67534494899194,32.81162202530804,9029400
2014-08-14,33.56734085083008,33.59211893534529,33.15851190820194,33.21426141687706,7959800
2014-08-15,33.38768768310547,33.81509877769088,33.18946783956149,33.66023937723671,10109300
2014-08-18,33.641658782958984,33.771740119101935,33.35052233857206,33.69121256497994,7370500
2014-08-19,34.24870300292969,34.26109203759288,33.56112693840615,33.7469577324206,9159300
2014-08-20,34.106231689453125,34.18056353237484,33.8770380990806,33.95756564064302,7612200
2014-08-21,34.04430389404297,34.14341385617973,33.87086205104561,33.939000593071114,8063200
2014-08-22,34.19295883178711,34.236319278350166,33.6726311100633,33.98854327258945,9314600
2014-08-25,34.60798263549805,34.63895404700799,34.18057148553946,34.30445949454647,7553500
2014-08-26,34.53366470336914,34.6513570597614,34.46552615278534,34.49030423717366,9309800
2014-08-27,34.50267791748047,34.59559214811551,34.31684709324327,34.59559214811551,11022600
2014-08-28,34.44074249267578,34.490298653429626,34.223940196797216,34.391188694889735,7277900
2014-08-29,34.24251174926758,34.56461960342451,34.2177360396917,34.53364819422937,7524400
2014-09-02,34.11243438720703,34.39737516574718,34.04429586125888,34.33543234014013,7354900
2014-09-03,34.38499069213867,34.39737973149801,33.963775168759334,34.16818841076933,7562100
2014-09-04,34.4035758972168,34.440740652829014,34.1248284152868,34.2920769044448,10019400
2014-09-05,34.651336669921875,34.651336669921875,33.98853866183674,34.37259165496343,9914300
2014-09-08,34.42215347290039,34.657540465132946,34.29826545788498,34.552234825331276,6568800
2014-09-09,35.27698516845703,35.41945558692106,34.33543937589804,34.39738221419794,17558900
2014-09-10,35.42564010620117,35.50616766631762,35.0044222943159,35.246004974665254,8740300
2014-09-11,35.83447265625,35.85305739544547,35.21503491033061,35.307951517405506,9943900
2014-09-12,35.853050231933594,36.404349337576384,35.76632934290669,35.8344654964514,15556200
2014-09-15,35.884029388427734,36.02030645087573,35.599088587825115,35.77253040332801,8632700
2014-09-16,36.29904556274414,36.36099074589631,35.592887015579265,35.69819264545439,9112400
2014-09-17,36.930877685546875,37.178653728668635,36.39196750916964,36.47868841537201,14389400
2014-09-18,36.82558059692383,36.94946863932171,36.60877593198557,36.91849485649634,10980500
2014-09-19,36.5839958190918,37.12290602137094,36.55302203998726,37.0671565271374,13986900
2014-09-22,36.367183685302734,36.73265199152172,36.181352863811256,36.68929154527261,9045900
2014-09-23,35.65483856201172,36.09463880753074,35.060176512457815,35.18406453790519,24204400
2014-09-24,36.577796936035156,36.76362777965825,35.685807468863864,35.716778882306485,15763800
2014-09-25,35.92739486694336,36.85655163074362,35.908812487817066,36.218531409083816,10079400
2014-09-26,36.664520263671875,36.69549404213033,35.98933300891275,36.26188713635489,15866000
2014-09-29,36.2495002746582,36.44152684298278,35.89022521707693,36.01411324944867,7640400
2014-09-30,35.778724670410156,36.429136221373234,35.760142293400094,36.088443556404926,8599000
2014-10-01,35.4504280090332,35.890228317121654,35.283179505330295,35.88403497830357,8431900
2014-10-02,35.10354232788086,35.74156492933409,34.77524101883002,35.64245496643377,8371500
2014-10-03,36.354801177978516,36.41055067073504,35.51856114959808,35.568114941510814,11675600
2014-10-06,35.809688568115234,36.54062512640683,35.716771982769025,36.29284914079489,7359900
2014-10-07,35.091148376464844,35.679612330039966,35.004425109306034,35.679612330039966,8923500
2014-10-08,36.137996673583984,36.20613520084795,34.800011293115006,35.0230092503544,10917200
2014-10-09,35.13451385498047,36.26808383517342,35.128318153527616,36.24950145675037,11911600
2014-10-10,34.30450439453125,35.365402183991364,34.29202293599004,34.941044496564196,12108700
2014-10-13,33.462039947509766,34.41685175168497,33.437079398975236,34.24835555094817,16908200
2014-10-14,33.78029251098633,34.22337354336684,33.087587087650654,33.44330029737525,14293600
2014-10-15,34.09233856201172,34.77256286199548,32.48850737059423,32.65700356019708,122740200
2014-10-16,33.012699127197266,34.884874827100454,32.97525475618518,34.822467542080304,61236700
2014-10-17,33.30602264404297,33.63677547803683,33.0127165814543,33.56188669641798,31891900
2014-10-20,33.955039978027344,34.06737075500659,32.607073034871775,32.80053212424614,17954600
2014-10-21,35.12826156616211,35.22811085376246,34.33570680432408,34.51044246247601,17522100
2014-10-22,35.508949279785156,35.8521811688708,35.1095496187557,35.5463912869536,16048100
2014-10-23,37.143978118896484,37.256308887468784,36.120522121322495,36.25781343133675,14729300
2014-10-24,37.62451171875,37.69939812031535,37.03165528658445,37.03165528658445,10391600
2014-10-27,37.74931716918945,38.05510464246449,37.574579089579785,37.661946939086945,10010900
2014-10-28,38.02389907836914,38.14871130202771,37.71810924943539,37.917807855051045,9412500
2014-10-29,37.43104553222656,38.06134623641825,37.04412975319311,38.06134623641825,16547900
2014-10-30,38.17991638183594,38.33593107696257,37.38736144492123,37.44352683039063,11635300
2014-10-31,39.60276412963867,39.93351685609407,38.922540058302836,39.35314208052336,15009900
2014-11-03,39.471717834472656,39.87735699370537,39.27825875566093,39.72758183904543,8250800
2014-11-04,39.10352325439453,39.69637957446727,38.89134317291361,39.446755108985485,9741700
2014-11-05,39.02863693237305,39.733821644439125,38.81645685053666,39.621493253439006,6465000
2014-11-06,39.134727478027344,39.55908766008033,38.953749851440975,39.15969040181762,5152400
2014-11-07,38.3796272277832,38.89759732329957,38.26105687872822,38.885115858041765,7002600
2014-11-10,39.80870819091797,39.9772019583125,38.610514154300446,38.68540291824824,9513000
2014-11-11,39.84615707397461,40.064576721723434,39.627737426225785,39.74630775206149,5041200
2014-11-12,39.78998947143555,39.952243717808436,39.66517961142355,39.66517961142355,5366700
2014-11-13,39.70885467529297,40.4327626525212,39.565321463840256,40.095770392278325,4510200
2014-11-14,39.939754486083984,39.939754486083984,39.396824115105346,39.9272730271357,4684900
2014-11-17,40.58878707885742,40.819690561148505,39.95848632425115,39.98969117038464,7117100
2014-11-18,41.219078063964844,41.33764597654954,40.42652086745548,40.42652086745548,6432200
2014-11-19,40.8758544921875,41.28149369511156,40.70111877675957,41.11299514009809,5710900
2014-11-20,40.68239212036133,40.98817957987138,40.52013550949884,40.588782354048725,4975500
2014-11-21,42.03659439086914,42.03659439086914,41.03185950350039,41.443740530655795,9165900
2014-11-24,42.298702239990234,42.47343793202829,42.06156162382294,42.06156162382294,7730400
2014-11-25,42.47343444824219,42.56704420735317,41.90554349569845,42.21133093168354,7550800
2014-11-26,42.87284469604492,42.97269640581402,42.36111658645725,42.648183110256035,4046000
2014-11-28,43.18486785888672,43.359608325537664,42.99141115086892,43.06005800104122,2953700
2014-12-01,43.12869644165039,43.37207894982616,42.953960770261624,43.109975442743014,4885100
2014-12-02,43.22855758666992,43.36585130543979,42.84164411870923,42.9851749983748,6491500
2014-12-03,42.74802780151367,43.35960752045927,42.69186479488326,43.166146054842685,5817700
2014-12-04,43.415767669677734,43.59674528111598,42.61697322001269,42.65441522196871,7665300
2014-12-05,43.50313949584961,43.79020597989199,43.27223601988054,43.38456679721807,4360100
2014-12-08,43.32215881347656,44.15840004385138,43.27847488988023,43.56554135368335,5452100
2014-12-09,43.14741516113281,43.17861999845656,42.192606177778494,42.567040419714935,6833800
2014-12-10,42.17389678955078,43.33464659191941,42.14269194363692,43.33464659191941,8575700
2014-12-11,41.83066177368164,42.411036664382735,41.33765473653203,41.48743228078394,9518000
2014-12-12,40.732303619384766,41.918015937597595,40.57005180788665,41.51861880574329,9215500
2014-12-15,40.95073318481445,41.48118212209441,40.445242405429326,41.03185910094763,7226000
2014-12-16,40.71982955932617,41.77449026996077,40.439005053048184,40.632461723542356,8545100
2014-12-17,41.54359817504883,41.64968703870414,40.61998896609531,40.875855384407686,5934900
2014-12-18,42.38606262207031,42.44223037672917,41.93673962955817,42.34862062642419,7184700
2014-12-19,42.25502395629883,42.822919792403916,41.712091045415065,42.24254487428374,12631000
2014-12-22,41.793212890625,42.59200728375332,41.70584505145097,42.46095552499228,12876600
2014-12-23,40.15818786621094,42.01164349654537,39.9522472936868,41.955480482870456,12123000
2014-12-24,41.318939208984375,41.780741461977335,40.40781378607758,40.40781378607758,4705500
2014-12-26,41.79945755004883,41.96170939846725,41.50614917309101,41.50614917309101,4158200
2014-12-29,41.8993034362793,42.04283904144955,41.44998038154327,41.54983206534698,3872800
2014-12-30,41.375099182128906,41.91179011594696,41.200358723637606,41.668402810488885,5568800
2014-12-31,40.838417053222656,41.874352379652436,40.78224927487138,41.6372117052147,3917300
2015-01-02,41.119232177734375,41.43750348514154,40.83840763432195,40.83840763432195,5086100
2015-01-05,40.34541320800781,41.25029680656062,39.86488751727918,40.87586237823505,8007400
2015-01-06,40.14569854736328,41.03186078590945,39.75254088771494,40.95073486644486,5483700
2015-01-07,41.768253326416016,41.84314209223478,40.23931125684288,40.29547426031406,8283300
2015-01-08,42.20509338378906,42.6169744620714,42.07404161193303,42.53584853507213,7949000
2015-01-09,41.05059051513672,41.93675294212606,40.63247222706035,41.6184863557229,8779900
2015-01-12,41.038108825683594,41.768256493312315,40.75727950346347,41.400059318274614,6159800
2015-01-13,39.856075286865234,41.54110912438489,39.55427850382006,41.32104971960224,13908400
2015-01-14,40.05097579956055,40.28361030645684,38.894087248542505,39.37193142466286,9448300
2015-01-15,39.54170227050781,40.308770572414005,39.52912710507865,40.239608361787376,6149100
2015-01-16,40.5791130065918,40.629413646459334,39.38449919286953,39.57941057465645,8106000
2015-01-20,39.89378356933594,41.05067193769292,39.45366255122261,40.90605879299003,9065300
2015-01-21,39.42223358154297,39.89379139376605,39.15815995949517,39.67372964231504,7979500
2015-01-22,39.59828186035156,39.893792196130946,38.90666468123437,39.736606255561846,8941700
2015-01-23,39.252471923828125,40.02582643707406,39.20217127330789,40.02582643707406,6881100
2015-01-26,39.503963470458984,39.63599905728173,38.78090733572498,39.14557739434971,8181100
2015-01-27,39.67372512817383,39.92522355879706,39.10785725697174,39.18959460669431,6532300
2015-01-28,38.88779830932617,39.962951898523215,38.787199409581845,39.887500924864746,6910100
2015-01-29,39.68630599975586,39.84978072272231,38.72432880137292,39.057562231198716,8485600
2015-01-30,37.94466781616211,39.40964126646521,37.800057104502045,39.03868251969684,17582500
2015-02-02,38.16474533081055,38.66145345887068,36.87582114914003,38.66145345887068,11491100
2015-02-03,38.762054443359375,38.83121424346023,37.712051098537096,38.730615336034184,10721800
2015-02-04,35.781803131103516,37.06444082821098,35.6183308278095,37.06444082821098,31250600
2015-02-05,36.46086120605469,36.63061995487363,35.303972290020425,36.18421234449075,18964700
2015-02-06,35.77552795410156,36.360259958019114,35.64348991564423,36.28480896505277,13890900
2015-02-09,34.882694244384766,35.429700498607495,34.69407164621828,35.00215466358136,22522000
2015-02-10,35.769229888916016,35.84467846383359,34.95814991353451,35.165636492641525,18917000
2015-02-11,35.64348602294922,36.36025598704425,35.373125990515284,36.06474562636824,14681600
2015-02-12,35.86982345581055,36.20305920921861,35.3102420112988,36.08988516443347,11940900
2015-02-13,36.498565673828125,36.53000237428429,35.77551196947048,36.058444672042405,11303200
2015-02-17,36.91983413696289,37.09588162121512,36.404264448681,37.06444491309395,12789700
2015-02-18,37.24677658081055,37.3976737205543,36.66204476775324,37.19018955378995,10781700
2015-02-19,37.09587860107422,37.14617924874656,36.87581926367494,37.045577953401875,8665500
2015-02-20,38.5420036315918,38.567153965208604,37.23421746359974,37.47942722019401,15534000
2015-02-23,38.083011627197266,38.91924202923535,37.875527421200715,38.69289387835384,11582700
2015-02-24,38.27163314819336,38.54199316498446,38.05157378497603,38.25905798479992,7900700
2015-02-25,38.114444732666016,38.41624143914284,37.85665989597953,38.41624143914284,9983900
2015-02-26,38.05155944824219,38.23389565104732,37.89437356274803,37.9446717989037,7328200
2015-02-27,38.03900146484375,38.34708699484333,37.95726409591042,38.057863012110154,8649100
2015-03-02,38.01384353637695,38.19617978505701,37.762347495390856,38.03899386001562,6150900
2015-03-03,37.48569869995117,38.007557121902344,37.37252464214169,37.94468131285992,7421000
2015-03-04,37.89439010620117,37.98870023959063,37.11474671845814,37.297083000865335,8536000
2015-03-05,35.7503662109375,37.397673989370645,35.61833061309594,35.970425540673425,47051800
2015-03-06,34.98330307006836,36.08989345128919,34.85755383604774,35.806958274359594,22853000
2015-03-09,34.92042922973633,35.228512330968364,34.744379344850906,35.165638913952435,14779900
2015-03-10,35.109046936035156,35.398268451134584,34.44257777655377,34.7192265287939,17907700
2015-03-11,35.599464416503906,35.76293910692357,34.99587109449282,35.32910445797394,14629000
2015-03-12,36.467140197753906,37.03929695664205,35.618337031848256,35.70007199849853,18227800
2015-03-13,36.467140197753906,37.01414662914939,36.058455770633564,36.542588781764636,10114500
2015-03-16,37.17133712768555,37.536009725559715,36.67463129048345,36.75636626713728,12098700
2015-03-17,37.554866790771484,37.837801979746104,36.90726144592632,36.919836609710444,10983600
2015-03-18,37.655460357666016,37.98869375600989,37.253064767560154,37.57372300390485,11889200
2015-03-19,38.472816467285156,38.65515267007693,37.718326135741464,37.78119953054801,14110500
2015-03-20,37.97611999511719,38.81234785913167,37.92581934844154,38.667737097639446,13313100
2015-03-23,38.026424407958984,38.47283192647368,37.485704360871445,37.75606438441522,7926400
2015-03-24,37.49198532104492,38.2401894170615,37.378811269752774,38.13330414554488,7970000
2015-03-25,36.605464935302734,37.781215173965045,36.59917615413843,37.774928791268,11619200
2015-03-26,36.008155822753906,36.52372551980004,35.97671911409834,36.45456332167751,10853900
2015-03-27,36.247074127197266,36.49857016022688,36.03330117996535,36.234498965775764,6830100
2015-03-30,36.6180305480957,36.68090395253592,36.33509543118145,36.42311915678441,5781900
2015-03-31,36.8066520690918,36.97641313420936,36.28479371353041,36.47341631972774,12313600
2015-04-01,35.90127182006836,36.77522776058556,35.41714118045379,36.76893897912869,14903300
2015-04-02,35.844688415527344,36.347685450538634,35.77552860175753,36.11504848238225,8787000
2015-04-06,36.2219352722168,36.39798279092084,35.63720327255828,35.71894064844269,10280100
2015-04-07,36.7312126159668,36.938699226717354,36.33510573838954,36.624327318404866,10171500
2015-04-08,36.97642135620117,37.08330664404201,36.43570133932677,36.781509927326155,11075800
2015-04-09,37.92582702636719,37.99498923031438,37.127322087238596,37.221634619615195,12698000
2015-04-10,38.98210525512695,39.189591805329506,37.92581575956231,38.03898980540614,17894700
2015-04-13,38.79826736450195,39.40686704889284,38.709513546156636,39.18498250302955,11400900
2015-04-14,39.127933502197266,39.18498988450442,38.36084160265425,38.92506690251862,13071400
2015-04-15,39.3244514465332,39.74920496891482,39.28641547802988,39.36882835536051,11534200
2015-04-16,39.67947769165039,39.88234429527969,39.08355734578443,39.17864970590777,9815600
2015-04-17,39.48927307128906,39.806252301429396,39.223009260424185,39.38149887549435,9905600
2015-04-20,40.281734466552734,40.57335487430531,39.81260398674,39.88233982736788,12779200
2015-04-21,40.32610321044922,40.72549535036217,40.11055720961179,40.50361082818831,8457300
2015-04-22,40.90300369262695,41.036139245009366,40.294406480792674,40.31976298494747,13874300
2015-04-23,40.731834411621094,41.40382888684854,39.76821718280836,41.37213386326814,18405300
2015-04-24,41.885643005371094,42.075832513233834,40.662102757811766,40.76987455513127,14859500
2015-04-27,41.21998977661133,42.25968642454604,41.118558906520576,41.85394843402087,18141700
2015-04-28,42.15189743041992,42.15189743041992,40.70013194977348,40.95371630580557,13084900
2015-04-29,41.60670471191406,41.955383906227866,41.53063276895155,41.651081624215756,9864300
2015-04-30,40.99176025390625,41.79054450723478,40.77621184185911,41.45454726527156,10298600
2015-05-01,40.776214599609375,41.52428589780194,40.497273702355876,41.264360565212996,9870800
2015-05-04,41.00444412231445,41.48625403234638,40.57969300371601,40.776218630021454,8493500
2015-05-05,40.48460388183594,41.14392152510959,40.43388602387923,40.700147523070186,7635900
2015-05-06,40.535316467285156,40.90935217911745,40.19298062362406,40.64309069867433,8476300
2015-05-07,41.017112731933594,41.086848553389366,40.31342083321745,40.31342083321745,8638200
2015-05-08,41.359458923339844,41.71447903872708,41.14391531464082,41.27070510367314,7541100
2015-05-11,41.33409881591797,41.71447784557584,41.25802687936262,41.32776271235188,7978700
2015-05-12,41.086856842041016,41.37847722844993,40.94738517099317,41.04882087238086,5927000
2015-05-13,41.397491455078125,41.410168496759354,40.972735589605314,41.19462493114223,8519200
2015-05-14,41.82225036621094,42.01243504759089,41.16927377037109,41.75251453202218,5868900
2015-05-15,41.83492660522461,42.170923888911695,41.784213593198075,41.79689063702464,6786400
2015-05-18,41.59402847290039,41.78421800743307,41.29606712593556,41.70814122627584,7858100
2015-05-19,41.670108795166016,41.91735230903668,41.460901256745856,41.65742691220172,7674600
2015-05-20,41.77152633666992,41.96805192937067,41.45454707787794,41.7905443183223,9956000
2015-05-21,41.619384765625,41.72081563069372,41.12489781120387,41.49259013838851,10553400
2015-05-22,41.51160430908203,41.75884773476758,41.40382768921132,41.51160430908203,14041500
2015-05-26,41.9046630859375,42.47522680135953,41.62572458695811,41.66376055574612,21034300
2015-05-27,42.71613311767578,43.1028482903648,42.20262814664184,42.31674089984058,40778800
2015-05-28,42.773189544677734,42.811225514731355,42.24066178032453,42.74148967848605,12891500
2015-05-29,42.21529769897461,42.80487934640283,42.08850792313366,42.614694682641414,9451000
2015-06-01,42.430850982666016,42.64005848981741,42.00609986454926,42.348438102600525,12426700
2015-06-02,42.23432540893555,42.621040557766115,42.05047682697344,42.285038423112304,11133200
2015-06-03,42.48155975341797,42.66540829585608,42.23431632934727,42.411823932606296,20804000
2015-06-04,42.74148941040039,43.02677369417468,42.170925679572285,42.189948501200284,10539000
2015-06-05,42.72880935668945,42.95703483294701,42.234322437038124,42.46254791329568,8908900
2015-06-08,42.976043701171875,43.23596414933969,42.81121315067576,43.020420598991706,10276700
2015-06-09,42.899967193603516,43.15989247998872,42.798536356595996,42.80487245866456,8132800
2015-06-10,43.26133346557617,43.38812808747897,42.81756438071709,42.893641153858766,7349300
2015-06-11,43.134544372558594,43.53393655534068,42.88730090178107,43.53393655534068,7552200
2015-06-12,42.50693130493164,43.064813200487876,42.21530605666631,43.0394542729552,8249900
2015-06-15,42.41817092895508,42.50692474325833,41.904661189948975,42.25968128388211,7028400
2015-06-16,42.32940673828125,42.72880368709692,42.23431683305799,42.29771171544666,5200700
2015-06-17,42.963375091552734,43.102846766834794,42.399152286435765,42.4562110793787,7377100
2015-06-18,43.730472564697266,43.78752652517164,42.976060175840686,42.976060175840686,9079000
2015-06-19,44.04743957519531,44.218606245408004,43.426158104809296,43.426158104809296,9979500
2015-06-22,44.453163146972656,44.75746045944223,44.205919766821665,44.28199167657977,10124900
2015-06-23,44.3897705078125,44.68773176639061,44.10449112735905,44.383434405469515,8720000
2015-06-24,43.88261413574219,44.85256999930782,43.76216045654483,44.706757396241535,9308200
2015-06-25,44.26299285888672,44.618008156013204,43.92699554743191,44.16789809380764,6191200
2015-06-26,44.66872787475586,44.75748170274471,44.17424087975486,44.345407594670256,9669500
2015-06-29,42.589332580566406,44.38977241403714,42.525937697378765,43.91430353505049,12057200
2015-06-30,42.595672607421875,43.248649080033765,42.25967538067746,43.10917743797696,11459600
2015-07-01,43.432498931884766,43.4895528762349,42.90631220707541,43.0457838533352,7694900
2015-07-02,43.242313385009766,43.679746345106416,42.97605194700312,43.540274686135305,6245700
2015-07-06,43.248653411865234,43.74314031107173,42.78586153838843,42.81122046100414,17029100
2015-07-07,43.464195251464844,43.61000784146253,42.678088028864416,43.37544144423833,7821600
2015-07-08,42.89364242553711,43.388129373817485,42.84292457527235,42.97605530467703,5027200
2015-07-09,43.09016036987305,43.69241901509103,42.98238858480786,43.41348056178816,6516800
2015-07-10,43.888954162597656,44.06012084925086,43.445180259206246,43.70510559591379,6891400
2015-07-13,44.43180847167969,44.514832951930494,44.176342160565795,44.336007995935155,5507000
2015-07-14,44.57870864868164,45.03854221791607,44.323242306252375,44.521226407142834,6628300
2015-07-15,44.546783447265625,44.731996464950285,44.26576992076251,44.58510170174649,16761400
2015-07-16,44.700042724609375,44.898031659755496,44.59785913100445,44.79584319353631,6843800
2015-07-17,44.700042724609375,44.78945519624404,44.51482978404779,44.700042724609375,6141200
2015-07-20,45.217384338378906,45.41536849299322,44.61703900165614,44.70645151487657,9633000
2015-07-21,45.051326751708984,45.728308545704245,44.84695461356234,45.223763763769924,5028500
2015-07-22,45.06409454345703,45.12157679163393,44.725603671510534,44.872498418970814,5701700
2015-07-23,45.03853988647461,45.30039421387877,44.79584955366815,44.86610291601488,5636600
2015-07-24,43.48020553588867,44.08054581981468,43.01397910892517,43.128938716079524,13495200
2015-07-27,44.2849235534668,45.31956014962693,43.72290144280827,43.72290144280827,12841500
2015-07-28,45.492000579833984,45.62611932225104,44.11887316087527,44.38711064570938,10098300
2015-07-29,45.19820785522461,45.67082229185839,45.17904873234233,45.53031556056809,6793300
2015-07-30,44.80863571166992,45.2684693613809,44.240220685792956,45.25569823470118,6820400
2015-07-31,44.71283721923828,44.94913961806589,44.53401220197967,44.94913961806589,6181300
2015-08-03,44.53401184082031,45.21099364998526,44.24661031745721,44.82779649145069,9872300
2015-08-04,44.67450714111328,44.955520623147535,44.49568215167895,44.73198938635461,5410900
2015-08-05,44.89803695678711,45.11518016419987,44.73837111394308,44.77030135894299,10090200
2015-08-06,44.22105407714844,45.204596334015356,43.94004548419734,44.9427468641501,6172200
2015-08-07,43.82509231567383,44.25938370238613,43.2822244278215,44.11887694894745,6214500
2015-08-10,44.20188522338867,44.34239192524046,43.7484348772578,44.01667228663987,8189400
2015-08-11,43.58877944946289,44.25299000673997,43.39079534380114,43.74844530825213,7473200
2015-08-12,43.90812683105469,44.01669848433611,42.943743335596196,43.32055743052539,8337600
2015-08-13,43.77400207519531,44.125264118356796,43.56324192572858,43.86341458600852,7184900
2015-08-14,43.84425354003906,44.3487983276191,43.69097565286796,43.786771286964786,5864800
2015-08-17,44.304080963134766,44.591477538581316,43.6207113331349,43.8825607883572,17669900
2015-08-18,43.978355407714844,44.54037735987281,43.85700782098186,44.336005297941334,6376500
2015-08-19,43.80592727661133,44.11887590096965,43.56323689991942,43.908115775817926,6270300
2015-08-20,43.097007751464844,43.703736023627194,43.097007751464844,43.42911057070197,9600900
2015-08-21,42.087928771972656,42.89264620648404,42.04322251853404,42.62440381323613,16277100
2015-08-24,40.523197174072266,41.417324559593126,34.404800035225364,39.06704282319972,24292600
2015-08-25,38.77326583862305,41.58977460025801,38.73494758258442,41.583386600046076,15267000
2015-08-26,40.3252067565918,40.37630099810861,38.88182854204721,39.897303447272364,15289600
2015-08-27,41.20018768310547,41.257665064737786,40.235804341694205,40.89362702988425,12592100
2015-08-28,40.86168670654297,41.3726169726281,40.516807863320125,40.816980460529756,7316400
2015-08-31,39.85898208618164,41.07244106581526,39.75679604119873,40.96386945890544,15581100
2015-09-01,38.63913345336914,39.36082373557334,38.42198781254254,38.95846513480195,12703200
2015-09-02,38.94569396972656,39.34166459688305,38.498629100971804,39.31611991239144,12044500
2015-09-03,39.32889175415039,39.77595416706135,39.1819970341283,39.245864833335176,11777400
2015-09-04,38.172916412353516,38.83073901576323,37.65559811756148,38.7349409557477,9281400
2015-09-08,38.68384552001953,38.92015031770348,38.26232773449595,38.46031428387359,9263200
2015-09-09,37.84718704223633,39.290567501035426,37.75138900660027,39.290567501035426,8436900
2015-09-10,38.05156326293945,38.40282761541333,37.61088399567116,37.91105654742697,9306600
2015-09-11,37.90467834472656,38.16653028637943,37.66198796506348,38.07711778478693,9365400
2015-09-14,37.642826080322266,38.07711745831186,36.748698635755645,37.955772269520736,9095600
2015-09-15,37.80888366699219,37.96216155879365,37.27879173676737,37.668376902584036,10474700
2015-09-16,38.006866455078125,38.08989339801597,37.444844290150755,38.00048089160971,8044200
2015-09-17,38.23039245605469,38.9073741175031,37.93021987103808,38.03879391859396,10281700
2015-09-18,39.09897232055664,39.48855736636015,37.66197973697103,37.94937630464222,28957000
2015-09-21,37.93022155761719,39.4310821131289,37.866356187726346,39.1117503910593,11038100
2015-09-22,36.876426696777344,37.20852952901124,36.346334892285874,37.151049724142375,14192000
2015-09-23,36.678443908691406,37.29794826487918,36.49961891363012,36.97861652437956,9827000
2015-09-24,36.12919235229492,36.710376013335654,35.71406012170534,36.359111591617896,8625500
2015-09-25,35.59910202026367,36.96584142287168,35.1775842378116,36.940294299981794,8673500
2015-09-28,33.52983856201172,35.40112308047246,33.42765248479887,35.375575952092184,15123000
2015-09-29,33.71504592895508,34.609173345403704,33.13386225555573,33.913030049898296,12842800
2015-09-30,34.74967956542969,34.80715937561237,34.07908340417028,34.19404302453564,11895500
2015-10-01,35.20951843261719,35.27338380627191,34.44312176722137,34.92211937855527,9255800
2015-10-02,35.650184631347656,35.6693437504178,34.30899269768115,34.404790729338984,6942600
2015-10-05,36.19944763183594,36.371887070416804,35.40750381423951,36.01423463080746,9332800
2015-10-06,35.177589416503906,36.19306211963889,34.4622844881296,35.93121016223825,9008300
2015-10-07,35.52885437011719,36.11642367332842,34.4303522720863,35.03069513879883,11056100
2015-10-08,35.79070281982422,35.86734175700514,34.99875901459506,35.20951913722745,6737300
2015-10-09,35.53523635864258,36.084487352399876,35.42666473426668,35.8801152295564,7178500
2015-10-12,35.61825942993164,35.93759114176215,35.45859357401639,35.63741855302303,6515000
2015-10-13,34.67721176147461,35.682722890414155,34.619201456751306,35.560255325557705,9467900
2015-10-14,34.767452239990234,35.205751808683054,34.528966505458136,34.86413690850519,8727400
2015-10-15,36.18546676635742,36.22414111125879,34.70942912965196,35.01237201773179,7781600
2015-10-16,36.43684768676758,36.720454661569015,35.95987634353488,36.28215520850553,7342800
2015-10-19,36.198368072509766,36.54642989503222,35.89542510192989,36.28216127988584,6463000
2015-10-20,35.341094970703125,36.34015877541102,35.21218295682001,36.191910820022684,6494600
2015-10-21,34.6965446472168,35.84385664827707,34.20667938333549,35.63115141187771,11638800
2015-10-22,31.11280632019043,35.089726896238396,29.295153461354577,34.72877609004249,46517700
2015-10-23,32.447044372558594,33.34297944878114,31.35129546470635,31.847605336462752,26214800
2015-10-26,33.433204650878906,33.82638521118365,31.808919076179745,32.33745615301134,13890400
2015-10-27,33.8908576965332,34.47740532411993,33.52345740830599,33.52345740830599,11710800
2015-10-28,34.329139709472656,34.702984330529965,33.56856393675532,34.04553522572708,7869000
2015-10-29,34.87057876586914,35.56670242537516,34.17445756515619,34.29047817507386,9304400
2015-10-30,38.3834228515625,39.14400137815881,37.165208801327495,37.300565371621765,27465600
2015-11-02,40.85207748413086,41.380612269032696,39.60163367346325,39.70476283177462,17008700
2015-11-03,40.23974609375,41.071226296341344,39.91102021886829,40.68449011758598,8754700
2015-11-04,41.12278747558594,41.34838418265745,40.15595076788975,40.23974397101876,10342600
2015-11-05,40.45888900756836,41.36771530852594,39.76276547894079,41.05832789317789,10237200
2015-11-06,41.33549118041992,41.44506974706366,40.046378000642754,40.12372425049493,7261100
2015-11-09,40.75538635253906,41.33548685390166,40.67804011078258,41.00676348234212,8239400
2015-11-10,40.15595626831055,41.006772490921556,40.14306481538696,40.819852570512595,6897600
2015-11-11,39.22779083251953,40.13661729544202,39.040868467395356,40.0914984430042,8212500
2015-11-12,38.82171630859375,39.788553016305414,38.77015296275477,39.18266956463821,7765500
2015-11-13,38.583221435546875,39.29868082255163,37.95799972639996,38.679903608055,7834400
2015-11-16,38.679908752441406,39.195556909567976,38.38985973754851,38.50588032702273,6965100
2015-11-17,38.918399810791016,39.788551838455476,38.499436266334605,38.73792195871498,8405400
2015-11-18,39.31157302856445,39.35669186836326,38.57677522585745,38.841043769875746,5470200
2015-11-19,39.02796936035156,39.78854766482524,38.76370079413902,39.45982431028478,5571200
2015-11-20,39.3889274597168,39.550066909341695,39.04086565841673,39.27935135539957,7490200
2015-11-23,39.414710998535156,39.65964119559113,39.21489719260674,39.51784014960949,6405000
2015-11-24,39.40182113647461,39.73699150568267,39.015084960253155,39.03442336727968,5213500
2015-11-25,38.860382080078125,39.40181061517842,38.80881628683412,39.382472213315744,4879800
2015-11-27,38.6734619140625,38.963513370176464,38.422084805027886,38.78303554259861,2404100
2015-11-30,37.48102569580078,38.80881278781965,37.35855817728415,38.64767338664903,12660200
2015-12-01,38.04179763793945,38.093360977927624,36.84291986300493,37.532596439545955,11290500
2015-12-02,37.20387268066406,38.28028290139182,36.978276001596974,38.13847941505208,7663000
2015-12-03,36.172569274902344,37.2231987773392,35.792280219344946,37.1974158850457,9701500
2015-12-04,36.85580062866211,37.04916740045021,36.22413452946531,36.41750130125341,6748100
2015-12-07,36.26926040649414,37.37790038633552,35.94053461768425,37.319890097650976,7890900
2015-12-08,36.5270881652832,36.656000212875554,35.77940123979894,35.81163109579163,6896200
2015-12-09,36.114566802978516,37.023393053040294,35.914755491493516,36.27570622645608,6207900
2015-12-10,35.95343017578125,36.51419718342745,35.86963943938667,36.095233666283875,6736900
2015-12-11,34.83190155029297,35.95343066320469,34.70943400363761,35.95343066320469,9388600
2015-12-14,35.73427963256836,35.760062531854445,34.31625459493048,34.61919505576779,9419500
2015-12-15,36.346622467041016,36.739803210596456,36.03723494558594,36.191929935710206,6990000
2015-12-16,37.1458740234375,37.1845459254318,36.224155991075264,36.52709654480181,6282500
2015-12-17,36.340171813964844,37.339235977128716,36.320833406729015,37.16520506476448,7848900
2015-12-18,35.927650451660156,36.15968917875948,35.68271781557493,36.030779594412984,13807000
2015-12-21,36.22414016723633,36.26281205233753,35.90186134450076,36.09522814638364,4572100
2015-12-22,37.12007522583008,37.37789926979138,36.365941495458294,36.443290183922066,8390800
2015-12-23,37.75819396972656,37.77752991530767,37.132972168815584,37.30700305542357,6634400
2015-12-24,37.680843353271484,37.85487423102781,37.38434739507592,37.62928001474695,2152900
2015-12-28,37.86776351928711,38.00956699502397,37.22965033726365,37.55837612941866,5585800
2015-12-29,38.31896209716797,38.48010154883075,38.041802043604555,38.041802043604555,5073900
2015-12-30,38.544551849365234,38.750810126728034,38.228719937875205,38.286730232058034,5220300
2015-12-31,38.183597564697266,38.628341473136864,38.15781466771145,38.3511814775203,6104800
2016-01-04,37.132972717285156,37.59060813394375,36.353058422620315,37.423024199249305,10308400
2016-01-05,36.9782829284668,37.54549452128474,36.62377660500297,37.37791056323035,7179600
2016-01-06,36.9847297668457,37.100750375436725,36.21125986250326,36.33372496766354,8952700
2016-01-07,36.87514877319336,37.28122084950502,36.31438421176764,36.43040480499954,9292600
2016-01-08,35.869632720947266,37.26187708895406,35.76005664641192,37.094290729968755,7985200
2016-01-11,34.728763580322266,36.0823335335706,34.051978603698096,36.00498731136008,10483300
2016-01-12,35.347557067871094,35.431350287442605,34.528968199670565,35.10907132163736,6799600
2016-01-13,33.334938049316406,35.57550351292155,33.204672066458876,35.52991079161396,10432200
2016-01-14,35.53643035888672,37.01494412632679,33.028817918005736,33.42612810244515,16704900
2016-01-15,37.34711456298828,37.39270728386406,34.52686562660857,34.52686562660857,27008800
2016-01-19,35.81650924682617,37.601145650327396,35.321498832040795,37.470879620930305,13644500
2016-01-20,37.22338104248047,37.73141588061236,34.97629986020628,35.30847591176526,11993100
2016-01-21,38.011478424072266,38.278522635703304,37.07356510742271,37.314558103849365,12097000
2016-01-22,38.31760025024414,38.70839577916749,37.659758045528406,38.49345649902748,10383800
2016-01-25,38.200355529785156,38.95589526435936,37.89423083646575,38.44785816922675,9681900
2016-01-26,37.94634246826172,38.60418469378941,37.262449028701035,38.434838137178986,7421100
2016-01-27,37.19731903076172,38.38273504478282,36.767442921112504,38.011478517568385,9077700
2016-01-28,36.37664031982422,37.60113673028342,35.67972008518933,37.27547297635619,10521100
2016-01-29,35.75788497924805,36.02492918649384,34.79391797860623,34.79391797860623,17768700
2016-02-01,35.425724029541016,35.744875793287505,34.20122688371152,35.27591891092328,11693300
2016-02-02,35.139122009277344,35.6797225866971,34.72878495486745,34.93720957322415,7918300
2016-02-03,37.02145767211914,37.242909136295,35.20425322943642,35.516890152163974,16435700
2016-02-04,36.9693603515625,37.32759258581505,36.05750303291277,36.95633598360612,10351200
2016-02-05,34.5985221862793,36.695797900030726,34.27285837903182,36.63717831534147,13263200
2016-02-08,34.44871520996094,35.2368209831947,33.82995351381027,34.24680525089466,9369400
2016-02-09,34.83300018310547,35.13261028652385,33.90811617221804,34.070948074243375,7655800
2016-02-10,34.33798599243164,35.62109945537275,34.22725902737398,35.243330804003705,9302800
2016-02-11,33.986263275146484,34.59851012487367,33.751785018131066,34.06442186594602,8551100
2016-02-12,34.24681091308594,34.500828313017266,33.60850759451755,34.21424254110053,9976200
2016-02-16,34.852535247802734,35.087013557559274,34.34450056640848,34.80694251919645,8313000
2016-02-17,35.82952117919922,35.92070910736348,34.74831773427859,35.393132989475276,10005600
2016-02-18,35.5299186706543,36.16821939512579,35.282413496800444,36.16821939512579,6555000
2016-02-19,35.3605842590332,35.82302636673174,35.15867176141271,35.49736249067054,8532500
2016-02-22,36.005393981933594,36.03144768589531,35.00235122558699,35.36058095889778,9381800
2016-02-23,35.86861038208008,36.676257691405034,35.823017649295835,36.27894746175585,8629700
2016-02-24,35.75135803222656,35.86859715461327,35.17818926551561,35.6015530390917,6633800
2016-02-25,36.6046028137207,36.62414184194404,35.451752940820555,35.93373385752096,7076300
2016-02-26,36.47433853149414,36.98888783208583,36.34407253981538,36.64368258144454,5298000
2016-02-29,35.569000244140625,36.47434520069037,35.47781477867771,36.38967191792442,8395100
2016-03-01,36.695804595947266,36.695804595947266,35.328017349773546,35.67973243746916,7106000
2016-03-02,36.27894592285156,36.7544147478739,36.08354814997652,36.58506818932938,7054800
2016-03-03,36.42875671386719,36.53296904148793,35.920721927293265,36.272436980127125,9283900
2016-03-04,36.57204818725586,36.93027789436391,36.01841819934543,36.47434804685467,6439700
2016-03-07,36.7348747253418,36.80000648633791,35.7122906730749,36.27894494451678,7741800
2016-03-08,36.03144836425781,36.78047621724242,35.972828771549295,36.59159058689075,5303700
2016-03-09,36.72837448120117,36.897721101679025,35.84908293938088,36.155205317813554,8402500
2016-03-10,36.62413787841797,37.366650685952955,36.031430068489456,36.839077104081646,5627900
2016-03-11,37.60114288330078,37.69232835178315,36.70231007968461,36.7348784481006,6537400
2016-03-14,37.262451171875,37.60114181995841,37.10613394021656,37.562061269735004,4650800
2016-03-15,36.22684097290039,37.08008103647201,35.90769183538281,36.89771010074768,5779600
2016-03-16,36.6762580871582,36.82606313715397,35.98584993600508,36.20078923683659,6245400
2016-03-17,36.03144836425781,36.77396154882036,35.43874025336858,36.77396154882036,8308800
2016-03-18,36.84560012817383,36.865139160032925,35.69275004075529,36.20729941306287,11029800
2016-03-21,36.48086166381836,36.98238426732742,36.298490711494296,36.81304016654334,6632900
2016-03-22,37.45133972167969,37.477393423881296,36.311516338845955,36.311516338845955,7661600
2016-03-23,36.70881652832031,37.451329444995395,36.617631080253844,37.22987800628378,5116400
2016-03-24,36.5525016784668,36.637174956280866,36.25940378189306,36.56552852771646,5278900
2016-03-28,36.545989990234375,36.93027335213361,36.34407755106106,36.70230721410874,3803100
2016-03-29,37.15823745727539,37.190803338927,35.96630929342752,36.53947576742483,4567900
2016-03-30,37.125675201416016,37.470878052947995,36.943304258662174,37.40574628328383,3650300
2016-03-31,37.20383071899414,37.42528219584722,37.00843294168085,37.138698954762226,4930300
2016-04-01,37.399234771728516,37.49693491908757,36.7088290104001,36.85212189729526,4525700
2016-04-04,38.56511306762695,38.688866922537564,37.44483109727921,37.54252876289397,8108100
2016-04-05,38.128719329833984,38.793073797926546,37.83562140499643,38.128719329833984,6779400
2016-04-06,39.00800704956055,39.01452171652606,38.11568899082822,38.11568899082822,6322800
2016-04-07,38.623722076416016,39.014520085635056,38.27200461350409,38.701880684412885,7827600
2016-04-08,38.0831184387207,38.94938269257314,37.88771820760142,38.74747276452169,5750000
2016-04-11,38.102664947509766,38.59116065196502,37.93983304602468,38.161284531429104,4894000
2016-04-12,39.00800704956055,39.112219359451785,38.226413483067525,38.41529907118835,7243700
2016-04-13,38.837039947509766,39.45517004177371,38.60030852590038,39.36968313763873,7023000
2016-04-14,38.981693267822266,39.11978822007207,38.79757000947754,38.896208902728645,5185600
2016-04-15,39.132938385009766,39.284185359452565,38.65290094738338,39.159242424781674,4660800
2016-04-18,39.376258850097656,39.66559584926157,38.9948576840028,39.12637541398352,6089400
2016-04-19,39.56695556640625,40.26399775543164,39.23816250698725,39.51434998131503,6149300
2016-04-20,39.770816802978516,40.18509685018972,39.42887164590652,39.56696415881275,4443600
2016-04-21,40.35605239868164,40.39550846201338,39.81025731929605,39.82998409671615,5702400
2016-04-22,40.38893127441406,40.763757605553195,40.08644231376715,40.31002165609129,5103000
2016-04-25,40.093040466308594,40.31004265687321,39.94837066693695,40.19825418171719,4320500
2016-04-26,40.06672286987305,40.30345427666275,39.80368741599738,40.086449650941525,4281700
2016-04-27,39.91548156738281,40.42839798429025,39.619567285131524,40.0667260875352,6679200
2016-04-28,40.24427795410156,40.83610405860028,37.83093517500709,38.5082507006508,16235400
2016-04-29,40.11274719238281,40.4086614028774,39.77080216119925,40.13247397025192,13052700
2016-05-02,40.40209197998047,40.77034112546114,39.91547963581924,39.97466248940556,9512000
2016-05-03,40.61909484863281,40.82952220591422,39.92862992577245,40.10617847882088,9316600
2016-05-04,40.41524887084961,40.54019185929561,40.11933456728326,40.31003517496962,8691400
2016-05-05,40.99391174316406,41.03336780660872,40.1719292350869,40.38235655647533,8646200
2016-05-06,41.10570526123047,41.26352702610257,40.5401833326274,40.77033746005354,10880700
2016-05-09,41.88823699951172,42.000025437580426,40.95446339012107,41.00707148461835,9917400
2016-05-10,41.91454315185547,41.927692667648195,41.63835565885766,41.76329612682564,12103400
2016-05-11,41.230648040771484,41.97372101937173,41.19119197260526,41.934264951205506,9375200
2016-05-12,41.09254837036133,41.4739469285581,41.02678826826437,41.33585447689158,9589500
2016-05-13,40.770347595214844,41.33587217289436,40.65198186925901,40.86898653634219,7339600
2016-05-16,41.066246032714844,41.17803444817892,40.441538833587146,40.711148992138064,6707400
2016-05-17,39.61956024169922,41.28982944147859,38.46878463301916,41.05967281464752,31528900
2016-05-18,39.75766372680664,39.98124315019972,39.16583761205493,39.3696877423449,10622000
2016-05-19,38.981693267822266,39.68531001477247,38.73181241963764,39.494612000840256,9917900
2016-05-20,39.25131607055664,39.48804748398609,38.81730931543335,39.211862507313114,11259400
2016-05-23,38.99485397338867,39.34995105799917,38.883065544062305,39.29076821056409,6468900
2016-05-24,39.91548156738281,40.053574062936015,39.13952967547596,39.277622171029165,8888100
2016-05-25,40.25741958618164,40.42181610195861,39.97465737836591,40.16535793870522,5857600
2016-05-26,40.70457458496094,40.88212059828035,40.04698858202775,40.11274617892445,6537100
2016-05-27,41.23722457885742,41.55944287823475,40.70458143231451,40.76376428287394,5768000
2016-05-31,41.38188934326172,41.750138425563044,41.1911887912579,41.23721961298411,7147900
2016-06-01,41.31613540649414,41.53971226984954,41.18461768626189,41.38189301236433,5284400
2016-06-02,42.80228042602539,42.84173900687948,41.31613932777251,41.342440867521724,11628000
2016-06-03,42.74309158325195,42.98640021837827,41.9211090528048,42.5852723421614,10621600
2016-06-06,41.3095588684082,41.42134981054678,40.68485156767077,40.855825359531664,16403400
2016-06-07,41.49367904663086,41.81589731715824,40.96761070458876,41.158311262482684,10980100
2016-06-08,40.59278869628906,40.96761256378508,40.356057304503814,40.90842971583877,13173000
2016-06-09,39.94834899902344,40.88211990323745,39.79710452193912,40.44153849283854,11503700
2016-06-10,40.11274719238281,40.119321948841986,39.27103789007963,39.448586416376386,11052300
2016-06-13,39.40913772583008,40.36921289196686,39.35652963034705,39.75765757868295,11673600
2016-06-14,39.389408111572266,39.70504913629488,38.90279329731748,39.10006862420763,11560200
2016-06-15,39.718196868896484,40.29029600762786,39.46173621230087,39.645862004868874,7739300
2016-06-16,40.046993255615234,40.073294792348456,39.3959819330004,39.40913395561292,7011200
2016-06-17,39.46173858642578,40.0930231141519,39.172401621399636,40.03384026806794,12574700
2016-06-20,39.52750015258789,40.23111706609612,39.49462134988497,39.876019976524155,7076500
2016-06-21,39.44202423095703,39.71821176917493,39.29077968965613,39.5866940132851,6366500
2016-06-22,39.71162414550781,40.23111776612551,39.40255787604049,39.455165968074034,6718600
2016-06-23,40.31660461425781,40.32317937150836,39.862868600721086,40.02069036814514,5328200
2016-06-24,39.36309814453125,39.84971037709555,38.91593946631505,38.968545041609694,9878500
2016-06-27,38.58715057373047,39.244736640074215,38.356996453906866,39.04746132186945,7945500
2016-06-28,39.44858932495117,39.54065097311691,38.89621692746497,38.981701310195,9897600
2016-06-29,40.6453971862793,40.790064420519535,39.606409958461235,39.836566595397926,9308000
2016-06-30,40.71114730834961,40.78348216641887,40.20480581035615,40.63223769431559,7920600
2016-07-01,41.23722457885742,41.57259490152484,40.65855060504517,40.75718701698292,6533700
2016-07-05,40.71772766113281,41.237221250953695,40.61909125715516,41.099128780289945,6293600
2016-07-06,41.67123794555664,41.92769616929956,40.63882778364715,40.66513183441369,9202200
2016-07-07,41.710693359375,41.921120745181234,41.5660235909486,41.82248181061917,7081900
2016-07-08,42.19072341918945,42.40115075472477,41.25694992282125,41.74356219556227,7921700
2016-07-11,42.31565475463867,42.736509360042184,42.13153149189746,42.24989716322862,9641500
2016-07-12,43.07188034057617,43.27573038255512,42.29592870780709,42.52608279019989,11870500
2016-07-13,42.965755462646484,43.14486520706035,42.620811047557034,42.992290427042136,7684200
2016-07-14,42.20289611816406,42.547843079321574,41.751811825151435,42.255966049348416,12090100
2016-07-15,42.003883361816406,42.56773738798158,41.87784608775366,42.33556279615198,8827500
2016-07-18,42.1630859375,42.30239067718079,41.91100888675882,41.94417632041906,6384800
2016-07-19,42.003883361816406,42.43506763865796,41.85131112568363,42.06358576121734,5794500
2016-07-20,42.063575744628906,42.388622626300275,42.01050836363903,42.16971303712131,7502800
2016-07-21,42.381996154785156,42.45496603253569,41.90437697715492,41.94417941879516,6145500
2016-07-22,42.32892990112305,42.514667042231544,42.17635766650331,42.454967173935906,4972900
2016-07-25,42.667240142822266,42.78664493578178,42.26259084784982,42.395263121195185,7241200
2016-07-26,42.75347900390625,42.93922374683557,42.42843456057675,42.72694910165738,4885200
2016-07-27,43.0519905090332,43.1912952606366,42.66724116020875,42.73357603320659,6220400
2016-07-28,42.932579040527344,43.15811858587132,42.4085250215494,42.97901395051144,6556100
2016-07-29,43.93426513671875,44.04703494267737,43.21783626175734,43.29743609606832,10525000
2016-08-01,44.40523147583008,44.49810128576555,43.93424742229299,43.93424742229299,7599000
2016-08-02,44.29910659790039,44.48484628041143,43.81485743435758,44.398611445253245,8763200
2016-08-03,44.159793853759766,44.44503833206329,43.92761929258849,44.318998544130665,6355100
2016-08-04,43.8480224609375,44.43178153443285,43.83475750973387,44.16643696111922,4901900
2016-08-05,44.139892578125,44.179692484269275,43.86128311306368,43.88118306613581,5045600
2016-08-08,44.00722885131836,44.22613851219037,43.615849513117176,44.03376381575985,5309300
2016-08-09,44.28583526611328,44.61087966367582,43.947520858268,44.007220721462204,5717300
2016-08-10,44.06692123413086,44.418500556036136,43.9077165538583,44.2460258668093,4506100
2016-08-11,44.411865234375,44.518005061149026,44.246025550809705,44.35216537758373,4246600
2016-08-12,44.57107925415039,44.703748989331075,44.146530028341026,44.35216963617888,5215400
2016-08-15,44.70375061035156,45.18800477727016,44.65731569525193,44.756820530758624,5215400
2016-08-16,44.2725715637207,44.84969562862266,44.11336684482687,44.53128112980822,7147600
2016-08-17,44.332271575927734,44.677215938749505,44.0138571124547,44.23940174512856,7945400
2016-08-18,44.29246520996094,44.73028445081995,44.14653052403397,44.159795473290586,8205800
2016-08-19,44.51137924194336,44.564449166281705,44.11999993725774,44.15979984999823,6709400
2016-08-22,44.4516716003418,44.9690906196023,44.39196668064408,44.650676190274325,7884800
2016-08-23,43.89445495605469,44.77008845688287,43.77505015771328,44.617518751851705,10227800
2016-08-24,43.15812301635742,44.133261287153765,43.01218326684693,43.987321537643275,8551100
2016-08-25,42.932579040527344,43.40356314494472,42.63406456689338,43.144853637743985,6379000
2016-08-26,42.8596305847168,43.131605175915645,42.59428594038095,42.90606551789846,7041600
2016-08-29,42.79328155517578,43.178025848310334,42.58100692202254,43.01218613300229,5099200
2016-08-30,42.56110382080078,42.92594813090161,42.52793385577976,42.81317834747187,5531800
2016-08-31,42.52130126953125,42.75347585480815,42.12328697176707,42.59427114790776,6750000
2016-09-01,42.4748649597168,42.54783483570061,42.19625546652017,42.52129987524957,5126700
2016-09-02,42.53458023071289,42.77338987182634,42.36873795281636,42.7004199780957,4100800
2016-09-06,42.8596305847168,43.05200532533459,42.48815111926349,42.91933047265259,6286300
2016-09-07,43.09843063354492,43.211200437369165,42.64734635722096,42.7004162864419,5714300
2016-09-08,42.49475860595703,42.55446352336454,42.083476902077855,42.42842374519071,8238800
2016-09-09,42.03041458129883,42.45496381456237,41.83140744452068,41.93754475283656,8848500
2016-09-12,42.508033752441406,42.607538586130225,41.56606292652985,41.77833754325383,6653000
2016-09-13,42.01713562011719,42.554457020055004,41.798226058119894,42.2294101787442,7640400
2016-09-14,42.01713562011719,42.428417261142975,41.831396013946645,42.06357052165983,5890000
2016-09-15,42.023780822753906,42.33556028228023,41.73853632372197,41.904376031042254,7806800
2016-09-16,41.97072219848633,42.315669165421376,41.90438478339479,42.14319441669703,11165300
2016-09-19,41.731903076171875,42.262589623668276,41.67883568667877,42.20288722891786,7903500
2016-09-20,41.97734832763672,42.15645552553185,41.632401412858684,42.03041825168561,4826500
2016-09-21,42.52130126953125,42.62080610922889,41.924279822884984,42.116654496693386,7587400
2016-09-22,43.17139434814453,43.25099416956742,42.50803551081358,42.53457047162997,5416100
2016-09-23,43.105072021484375,43.33724666991473,42.95249721764285,43.15150695117045,5154200
2016-09-26,42.501407623291016,43.03872675198838,42.4682376514588,42.79991712567241,5567700
2016-09-27,42.83307647705078,42.952481260602376,42.249320038633336,42.42179473954694,4358300
2016-09-28,42.60089874267578,43.0785178413171,42.38198914562759,43.0785178413171,5645600
2016-09-29,41.67219924926758,42.66060243553984,41.658931769722,42.65397249153652,6431200
2016-09-30,41.83803939819336,41.96407665946364,41.426757649905014,41.57269486545139,7325400
2016-10-03,41.944175720214844,41.983978158345366,41.29408441382739,41.80487098252745,4239600
2016-10-04,41.79161071777344,42.14319012515868,41.49309870654381,41.99725288784571,4719400
2016-10-05,42.05031204223633,42.2891216044139,41.79160252671491,41.84467244298232,4442500
2016-10-06,41.67884063720703,41.93091519563806,41.499733431681804,41.897747756951176,4446100
2016-10-07,41.74516677856445,42.1763509828001,41.45992231062632,41.8579365526032,3812700
2016-10-10,41.99724578857422,42.22942035222051,41.73853373556599,41.83803856599323,3135300
2016-10-11,41.3869514465332,41.96407284266555,41.161409373370375,41.84467059735608,5308400
2016-10-12,40.97857666015625,41.66144167530156,40.85137729066804,41.507462684706816,4563800
2016-10-13,40.93841552734375,41.24637355174985,40.62376131979871,40.81121358615971,5988600
2016-10-14,40.282318115234375,41.18611109029454,40.26893085976237,41.13924803460753,5606500
2016-10-17,40.262229919433594,40.64383050140782,40.074777718841254,40.235450303964775,6138700
2016-10-18,41.20619583129883,41.2530588884688,40.436300925045714,40.58358372450344,6655100
2016-10-19,41.12586212158203,41.61457871565146,40.95179713781497,41.53424240598333,5588900
2016-10-20,41.346797943115234,41.494083342513946,41.058925882052286,41.13926221179437,4391300
2016-10-21,40.8245849609375,41.132542846260215,40.60365954019535,41.09237598094952,4341700
2016-10-24,40.91831970214844,41.293226698653804,40.85137320991479,40.92501588367879,3934800
2016-10-25,41.20619583129883,41.27983850795023,40.80451175445765,40.878154431109046,6432800
2016-10-26,40.851383209228516,41.313320247938314,40.643844946352495,41.17942467685203,4560800
2016-10-27,41.14595413208008,41.320019152108436,40.570204926186804,41.139260502315494,6612500
2016-10-28,38.561767578125,39.09065355899457,36.861302639825965,38.52829433142902,24865300
2016-10-31,37.34333038330078,38.36093311760032,37.30316350087357,38.200260480200434,14185800
2016-11-01,37.79188537597656,37.89900133367097,37.2763890314954,37.490620946884206,9799400
2016-11-02,38.01950454711914,38.28729314641373,37.75840957742249,37.79857646270154,9746200
2016-11-03,37.41696548461914,38.354231710138684,37.3901858658683,38.24041960737009,9842600
2016-11-04,37.51740264892578,38.07306591210862,37.403590501045045,37.53748609402696,11187000
2016-11-07,39.43879699707031,40.945116696157974,37.91908748308479,38.03289963279358,17763100
2016-11-08,39.3718376159668,39.90741726770865,38.849645220903916,39.365141433782085,9353200
2016-11-09,41.935916900634766,43.30834280201129,40.44298783928598,42.913349864843354,18694000
2016-11-10,42.846412658691406,43.54936365944923,42.03634828228587,42.21710689215115,15948700
2016-11-11,42.24388122558594,42.74598759143923,42.03634556216073,42.538451928014034,10201600
2016-11-14,42.15685272216797,42.6053998650107,41.67482977739179,42.444727252648725,8315700
2016-11-15,42.089908599853516,42.438036039188574,41.49407603105049,42.438036039188574,5610300
2016-11-16,41.19950866699219,42.156858505965396,41.11916979594382,41.95601388218994,6571200
2016-11-17,41.306617736816406,41.50076614545321,40.92501710127235,41.340090983929116,4879500
2016-11-18,40.51664733886719,41.60119666001803,40.429614830759775,41.27315517797932,7023200
2016-11-21,40.4496955871582,40.70409691112177,40.30241276073344,40.63715040400557,6328300
2016-11-22,39.452178955078125,40.543424390395096,39.237947067068674,40.49656132450838,8518600
2016-11-23,40.28901290893555,40.422908443648126,39.231240993935586,39.37183270999849,5546600
2016-11-25,40.509952545166016,40.617068499647736,39.947593145675526,40.195300865414225,2941600
2016-11-28,39.80699157714844,40.12833934083897,39.50572725061199,39.58606610691839,6274600
2016-11-29,41.23297882080078,41.574410058636865,39.847165322435906,39.967671066106355,11858800
2016-11-30,40.704097747802734,41.40035267304335,40.59028817259669,41.25976347290215,9025200
2016-12-01,39.606143951416016,40.72416861561303,39.33165928240747,40.72416861561303,8266200
2016-12-02,39.78689956665039,40.16850011342033,39.465551872204365,39.62622444250515,8020700
2016-12-05,40.7442626953125,40.98527418547903,39.8806390401642,39.90072247972964,10227700
2016-12-06,41.25306701660156,41.32001607849618,40.38944582584836,40.67731785353571,7610400
2016-12-07,40.16183090209961,40.60368456980322,39.365153531076984,40.34258701511135,13095600
2016-12-08,40.771034240722656,40.82459092023625,39.55928340135947,40.181895443004365,9192300
2016-12-09,41.19950866699219,41.460603613285706,40.784432161445366,40.965190790535985,7102900
2016-12-12,41.53424072265625,41.80872544392267,41.17941714113249,41.19280695117538,5984500
2016-12-13,41.50077819824219,41.80204006359509,41.079008011364,41.72839992009834,8599600
2016-12-14,41.286537170410156,41.70830729021593,41.1794212332677,41.20620085601466,5115700
2016-12-15,41.52085494995117,41.581107824080384,41.20620076796025,41.37356957900301,6416900
2016-12-16,41.654754638671875,41.8355132789776,41.39365967617882,41.587805575311066,10555800
2016-12-19,41.654754638671875,42.3978726419802,41.587805575311066,41.75517440294463,5976800
2016-12-20,41.61457061767578,41.98278139866852,41.34008593869814,41.735076335650824,5751800
2016-12-21,41.139259338378906,41.78195503911754,41.12586952538281,41.661449275998336,5498700
2016-12-22,41.27983093261719,41.45389331961386,41.07229275048939,41.22627425732768,5626000
2016-12-23,41.735076904296875,41.775246328784114,41.15263429537815,41.36016993728362,4795900
2016-12-27,41.842201232910156,42.19032865362941,41.781948360980955,41.855591043766125,5396200
2016-12-28,41.6882209777832,42.00956876706989,41.67483116733228,41.84889359550394,5190400
2016-12-29,41.996177673339844,42.21710570826146,41.768556010319905,41.768556010319905,4990000
2016-12-30,41.92253875732422,42.13007700082935,41.78194957003625,41.996181442240406,5999200
2017-01-03,41.78194808959961,42.19702200805742,41.46729392114137,42.12337932575057,9328200
2017-01-04,42.37108612060547,42.71251734971683,41.935926218043626,41.935926218043626,8674800
2017-01-05,42.692440032958984,42.812945790830526,42.1970271890598,42.431345075519175,5359400
2017-01-06,42.70582580566406,42.846414991933464,42.52506718595541,42.766078678900286,4722300
2017-01-09,42.986995697021484,43.10080523854382,42.679037762948845,42.71251100728807,8794500
2017-01-10,42.893287658691406,43.18116227818699,42.69244555421321,42.87990039839265,6523500
2017-01-11,41.344703674316406,43.042042496369454,40.97277767326351,42.8594600784825,13565200
2017-01-12,41.43937683105469,41.54081237087114,40.857818572614654,41.09450063898205,8194400
2017-01-13,41.91950988769531,42.20352532436585,41.28385186914303,41.48672040670961,7295100
2017-01-17,41.83158874511719,41.95331035303533,41.317652493993336,41.75720303143247,8446700
2017-01-18,41.69635772705078,42.02094794228651,41.46643933547375,41.76397972120308,5519400
2017-01-19,41.50700759887695,41.84512267607299,41.33118631415156,41.55434350331533,5384200
2017-01-20,41.351470947265625,41.770732879880924,41.304135047435494,41.52728963526137,6730000
2017-01-23,41.222984313964844,41.42585281838217,41.03364072045708,41.26355904669351,5244700
2017-01-24,40.96601867675781,41.202698168245234,40.35064683966453,41.189173257358384,6642000
2017-01-25,41.50700759887695,41.67606513747497,40.80372761920201,40.97954632431408,8052800
2017-01-26,41.432621002197266,41.858646712841605,41.29737445822616,41.358235274032495,7765300
2017-01-27,40.57380294799805,41.41909050941467,40.24921283396761,40.57380294799805,14151200
2017-01-30,40.86457824707031,40.891628065608565,40.08015156674971,40.51293834491105,7792700
2017-01-31,41.324424743652344,41.46643245557922,40.40475132993167,40.58057003332495,8149800
2017-02-01,41.1756477355957,41.31765542838136,40.75638582277537,41.29736935215853,5888700
2017-02-02,41.1756477355957,41.33118033906755,40.898393515561025,41.01335396658723,5365300
2017-02-03,41.02688217163086,41.29061409835177,40.87134954589083,41.18241737698421,6470300
2017-02-06,41.01335906982422,41.229752508503026,40.810487963901224,40.91868468324063,5358100
2017-02-07,40.95250701904297,41.1621367565977,40.844310276546196,41.01336784792327,4210300
2017-02-08,40.92544937133789,41.263564449508614,40.60762037238115,40.66848118963641,5357800
2017-02-09,41.141841888427734,41.2500386078211,40.85782388776187,40.92544844964101,4324600
2017-02-10,40.857826232910156,41.25004097548164,40.75639325368932,41.14860541664738,5749200
2017-02-13,40.9186897277832,41.15537185400095,40.86459265125094,40.966028216717625,6396000
2017-02-14,41.12831497192383,41.236511686044906,40.67524203767092,40.871346808531335,13562200
2017-02-15,41.68958282470703,41.8180656031128,40.84429527821754,41.19593262749784,8927600
2017-02-16,41.57463455200195,41.865413759517246,41.12156153261659,41.70311736803355,5662000
2017-02-17,41.77073669433594,41.9803689695935,41.36499705638065,41.615204069317734,8124400
2017-02-21,41.811317443847656,42.00066108768355,41.58816022394364,41.818078611293075,8503500
2017-02-22,41.493492126464844,41.89246811151215,41.45291737930932,41.73693545017017,6422200
2017-02-23,41.88569641113281,42.088567528777986,41.55434506759074,41.7098776994022,8057700
2017-02-24,41.987125396728516,42.08179719434792,41.58138838418451,41.8721649427528,6536400
2017-02-27,42.075042724609375,42.17647570408128,41.70987780743832,41.939796172366755,5214100
2017-02-28,41.81806564331055,42.19675539316249,41.71663010578915,42.00064806308133,6756100
2017-03-01,42.487548828125,42.5551708228431,41.89246547207346,42.03447320874972,7737400
2017-03-02,42.77155685424805,43.008236374165364,42.332006226272114,42.45372785926197,8190000
2017-03-03,42.832401275634766,42.960884025893904,42.48752516724849,42.67686871070666,6125800
2017-03-06,42.97441482543945,43.17728330404735,42.521341975868914,42.60248885138954,6837000
2017-03-07,43.069091796875,43.37339584123991,42.58220790550412,42.697165778034766,9638000
2017-03-08,43.373409271240234,43.73857423754661,42.94062230952028,43.109679877668,7049700
2017-03-09,43.61683654785156,43.76560797860716,43.312535100742856,43.373393326474336,6957000
2017-03-10,44.550048828125,44.93549987996332,44.02935378446634,44.15783918815497,12788100
2017-03-13,44.529762268066406,44.59062567519261,44.15783871493243,44.543289762640015,7577400
2017-03-14,44.40803527832031,44.66500605207391,44.36069937145416,44.55004299891877,3727200
2017-03-15,45.00311279296875,45.165406563637575,44.41479078035857,44.42831311157016,5241200
2017-03-16,44.56356430053711,44.93548775731977,44.326884799088845,44.901679348099265,5162800
2017-03-17,44.42155075073242,44.69203862578635,44.293065398623945,44.65823022101737,11288000
2017-03-20,44.49594497680664,44.637952686145574,44.33364602965372,44.48241748493065,4252100
2017-03-21,44.19164276123047,44.63119342529468,43.98201304912491,44.6041435980509,5187400
2017-03-22,44.30659484863281,44.44860771285036,44.02257943865039,44.21192304530533,5662600
2017-03-23,44.39451599121094,44.67853145189866,44.19840860381401,44.30660275869289,4099500
2017-03-24,44.37421798706055,44.7055692688347,44.17134690723302,44.29983226840552,4056300
2017-03-27,44.69880676269531,44.82052838212059,44.11724848757743,44.20516169891159,4962300
2017-03-28,44.6176643371582,44.773194371232385,44.38774342000449,44.604136845970565,5067400
2017-03-29,44.47564697265625,44.81376198894571,44.41478874615249,44.59736858488948,3649900
2017-03-30,44.266021728515625,44.50946497726265,44.12401402661757,44.468892822213554,3749600
2017-03-31,44.06314468383789,44.306582711977526,44.05638093995972,44.26601056715841,4057800
2017-04-03,43.97523880004883,44.35392597256719,43.873803261916905,44.117246489743216,5229600
2017-04-04,44.02934265136719,44.15782802256748,43.839999047004405,44.03610639701622,3457900
2017-04-05,43.927913665771484,44.46889989553224,43.860291676858154,44.11049871098724,4396300
2017-04-06,44.00905990600586,44.083445636098894,43.7182807317949,43.9752463344266,4628400
2017-04-07,44.320125579833984,44.58385493112824,43.84000278236939,43.995532830965125,6089300
2017-04-10,43.93466567993164,44.48241035085273,43.89409352926361,44.293066768767694,7136200
2017-04-11,43.83222579956055,44.00296522613868,43.244881755287466,44.00296522613868,5404500
2017-04-12,43.96199417114258,43.989313107607074,43.48392059884539,43.82539948882009,6122000
2017-04-13,43.79808044433594,44.20102824300055,43.76393568175529,43.873206216789434,3896700
2017-04-17,43.921016693115234,44.371771365195755,43.75027723439772,44.24883874649696,4189500
2017-04-18,43.47026824951172,43.76394033380481,43.10829881696591,43.729790357039725,4755800
2017-04-19,43.33366012573242,43.66147946022682,43.238046478831116,43.64099156596983,4057100
2017-04-20,43.55904006958008,43.70929159312001,43.22439226477526,43.51806427608868,5708600
2017-04-21,43.58636474609375,43.9073557322209,43.40196583525117,43.545386341925244,4154900
2017-04-24,44.16006088256836,44.50153983695671,43.886876676946606,43.98249036733092,7121000
2017-04-25,44.46054458618164,44.8225113282687,44.26931726663026,44.351274065246706,5352900
2017-04-26,44.4195671081543,45.02056797689597,44.40590503695933,44.52201179990264,5008900
2017-04-27,45.123023986816406,46.09965390008484,44.474216127259346,44.699588252971466,11692900
2017-04-28,45.03424072265625,45.29376282078749,44.69276180958923,45.116192327037325,5521100
2017-05-01,45.40302276611328,45.53278116472371,45.03422504313824,45.07520083106228,4575800
2017-05-02,45.50546646118164,45.53961642799115,45.198137602109554,45.423514877724216,4342800
2017-05-03,45.58060836791992,45.67622205619631,45.21864151793714,45.38254995347448,4993400
2017-05-04,45.91524887084961,46.03135043034638,45.498644253310594,45.580595843283,4287400
2017-05-05,45.75133514404297,45.90841770864796,45.293754732775476,45.88792981121117,4587800
2017-05-08,45.2186279296875,45.72401516021542,45.170821099915315,45.71718933492915,4497400
2017-05-09,45.191314697265625,45.7240209277946,44.97959945450521,45.21180259681607,4395200
2017-05-10,45.06155014038086,45.23228956084061,44.638114501841386,45.184482731534025,5140200
2017-05-11,44.597145080566406,45.04789450549756,44.16005251857981,45.006918706109545,7853800
2017-05-12,45.11618423461914,45.20497207084584,44.53567122864184,44.576647023482614,6093500
2017-05-15,45.53278732299805,45.655719913949596,45.04105695919184,45.12301375667741,8527900
2017-05-16,45.65571975708008,45.703526586144,45.30058405697004,45.57376817042969,6313500
2017-05-17,44.64494323730469,45.655717636436705,44.12589396689581,45.655717636436705,12771400
2017-05-18,44.822509765625,45.143500702489995,44.52883776067974,44.644944523976974,6001000
2017-05-19,44.78836441040039,45.08203641142306,44.60396292504363,44.8976349260663,6731800
2017-05-22,44.69275665283203,44.81568925577409,44.2556641113834,44.767882421882966,5541700
2017-05-23,44.965938568115234,45.25278480105666,44.68592858261016,44.69275961949207,4676500
2017-05-24,45.02740478515625,45.157168425377186,44.781539577660865,44.93179111674739,3174600
2017-05-25,45.293758392333984,45.46449783217399,44.938622650110624,45.116187915945204,4058300
2017-05-26,45.11618423461914,45.35522359933371,44.972763742122666,45.17082210144269,4083000
2017-05-30,45.0888557434082,45.21178831242542,44.94543528131356,45.00007313655514,4803900
2017-05-31,45.0888557434082,45.35521398507273,44.80884585376228,45.23910724004621,6935800
2017-06-01,45.56011199951172,45.566943036135136,45.157169418152044,45.25278308866296,4554700
2017-06-02,45.92890930175781,45.96988509992851,45.498647789302936,45.62840622036153,5646000
2017-06-05,46.106468200683594,46.3455023142478,45.67620158571513,45.9288977689418,4918100
2017-06-06,46.35234832763672,46.509425705643686,46.010869423468186,46.08599519922963,5494500
2017-06-07,46.95335006713867,47.34263581563677,46.447962739916775,46.447962739916775,8406300
2017-06-08,46.96018600463867,47.158244418128795,46.66651390333334,46.95335496677896,6082500
2017-06-09,47.58165740966797,47.690933132861176,46.932849737506466,46.98748759910306,6159800
2017-06-12,47.486053466796875,47.738749720435926,47.29482612266109,47.66362394801767,6084300
2017-06-13,47.58165740966797,47.8275225762994,47.410918000093545,47.54751265408505,5269000
2017-06-14,48.16216278076172,48.34656423199241,47.376765788761034,47.45189153399539,6639100
2017-06-15,48.216827392578125,48.250977372292255,47.72509686380462,48.03925687706429,4682700
2017-06-16,48.524147033691406,48.57195386462834,48.14168717564217,48.35340760740897,9342300
2017-06-19,48.72220230102539,48.892941734730506,48.44902337554041,48.56512493992693,6396300
2017-06-20,48.64025115966797,49.0431937258911,48.59927536257519,48.79050269641356,6542800
2017-06-21,48.72220230102539,48.96806750240508,48.524149143214984,48.56512493992693,6096800
2017-06-22,49.97884750366211,50.31349533651714,48.77001459935898,48.82464725840896,9998900
2017-06-23,49.61005401611328,50.190567102141344,49.35053192874489,49.99250871550975,7064500
2017-06-26,49.678348541259766,49.814943226570215,49.45297642896784,49.712498515225995,4019500
2017-06-27,49.43931579589844,49.8968962812755,49.34370211867202,49.65103105110626,4490600
2017-06-28,49.801265716552734,50.22470129393696,49.56906263932944,49.664676284133485,4196200
2017-06-29,49.50078582763672,49.97202318731746,49.11150007282842,49.95836632335696,4444700
2017-06-30,49.52125930786133,49.73297450620159,49.31636993423621,49.562235098365065,4729100
2017-07-03,49.45979690551758,49.84908259807511,49.42565214579907,49.69200524015138,2570700
2017-07-05,49.50078582763672,49.67835111189683,49.166132739225134,49.50078582763672,4751900
2017-07-06,48.98855209350586,49.48027720021327,48.77000586478486,49.33685672610447,4372100
2017-07-07,49.19343948364258,49.24807734705041,48.92025537715688,49.24807734705041,4333700
2017-07-10,49.056854248046875,49.323207341839215,48.88611481815159,49.036366350148064,3158300
2017-07-11,49.063690185546875,49.289067529991286,48.71538542837455,49.09784016278571,3535100
2017-07-12,49.53226852416992,49.70454269785116,49.13259643684626,49.27730611185164,4860200
2017-07-13,50.04908752441406,50.235146563039834,49.38755537490172,49.57361441352749,5189800
2017-07-14,50.37985610961914,50.462549599635416,49.96639917431812,50.042200225818824,4335700
2017-07-17,50.097320556640625,50.62792788108001,50.09043337598336,50.37296024723604,3461600
2017-07-18,49.77345275878906,50.207581750535205,49.44268405741808,50.049087209643034,5269100
2017-07-19,50.14557647705078,50.14557647705078,49.62875382908146,49.94574301300747,3904100
2017-07-20,51.00004196166992,51.144751619971295,50.26270879372105,50.29716047004617,5329700
2017-07-21,51.427284240722656,51.70981640804188,50.88978966204665,50.97937559675301,4961500
2017-07-24,50.93114471435547,51.509983476699745,50.88290289343566,51.42728997176865,5497800
2017-07-25,49.97329330444336,51.37216410377253,49.93884162185522,51.26879854122631,6354200
2017-07-26,50.02153396606445,50.09044785167116,49.58051243661647,49.86993708694717,4877000
2017-07-27,49.42890548706055,50.166238699265634,48.84316912308703,50.15245382199623,7389300
2017-07-28,48.53997039794922,49.91816371752856,47.80952436354677,49.36688428674071,8012400
2017-07-31,48.174747467041016,48.636440942960746,48.11961847539359,48.59509157053017,7770400
2017-08-01,48.49860763549805,48.81559138061242,48.1333873478095,48.2574249226272,6681700
2017-08-02,48.726016998291016,48.746689053854205,48.188522524089954,48.4090332124132,4922200
2017-08-03,48.91897201538086,48.93275689316861,48.48484299809504,48.65711716870868,4400400
2017-08-04,48.91897201538086,49.18083211944349,48.47795055920117,49.0430096285183,4732500
2017-08-07,49.07746505737305,49.084357496055105,48.67778773205836,48.88451883339776,3551100
2017-08-08,49.24974060058594,49.55294482239593,48.93275675841661,49.15326748589921,4398000
2017-08-09,49.62874984741211,49.711443357113836,48.99478204520644,49.10504005814209,4536300
2017-08-10,48.53997039794922,49.74588955258114,48.50551346200362,49.62185194352339,5940300
2017-08-11,48.670894622802734,48.93275471521018,48.53307739540214,48.74669567509013,3248300
2017-08-14,48.80183410644531,49.1257104365981,48.71914059957932,49.08436631186072,2648800
2017-08-15,48.47106170654297,49.02234119625041,48.42971758490171,48.98099707460915,3724100
2017-08-16,48.526180267333984,48.75358340222035,48.312562008289675,48.57441681800172,4751600
2017-08-17,48.13340759277344,48.70535916485121,48.11962797083745,48.65023016232517,5086000
2017-08-18,48.20920944213867,48.539978205291455,47.87155349660123,47.906005180697875,4016400
2017-08-21,48.71913528442383,48.808721221436166,48.17475351013511,48.18164069191246,4666400
2017-08-22,49.44269943237305,49.53228013101805,48.760495016804434,48.86386059671284,3589000
2017-08-23,49.284202575683594,49.54606273372788,49.11192836955616,49.12571325018562,3071300
2017-08-24,49.69075012207031,49.82856732212803,49.201492227259465,49.422002901785326,4088300
2017-08-25,49.945743560791016,50.15246946781092,49.75968446134201,49.766576902126914,3871200
2017-08-28,50.52457809448242,50.696852297649286,50.00086304478555,50.07666411477028,4574400
2017-08-29,50.917354583740234,50.92424702278812,50.152456828532564,50.152456828532564,3390800
2017-08-30,50.93802261352539,51.11718921286165,50.70373227833888,50.731296774959084,3189100
2017-08-31,51.888973236083984,51.957881840825365,50.938016615528426,51.06894664470973,6177600
2017-09-01,51.97167205810547,52.37134940746248,51.861419319511825,52.08881723579578,3831700
2017-09-05,51.854530334472656,52.08193352329467,51.49620233843663,51.951003458689705,6309100
2017-09-06,53.09490203857422,53.37742894747747,51.92343451177715,52.102601123149036,7755200
2017-09-07,56.35432815551758,56.81602168987721,53.060446719808105,53.26028539678258,15377300
2017-09-08,58.80752182006836,59.3243444502267,55.89264513011469,56.016682771648355,14809100
2017-09-11,59.95143508911133,60.020343733137544,58.145999174226205,58.20112819240419,12687000
2017-09-12,60.46823501586914,60.619837130025886,59.60686414669721,59.930740434688346,11155600
2017-09-13,60.964378356933594,61.21934073969841,60.24082480838545,60.35108279030857,9172200
2017-09-14,61.481201171875,61.550109782278525,60.743868000038326,60.79899699131714,10272200
2017-09-15,60.20638656616211,61.80509085904288,59.62065010693028,61.59835972550328,20441500
2017-09-18,58.79373550415039,60.50958496889489,58.62835375339444,60.27529459343989,9656700
2017-09-19,59.51728057861328,59.71711924144323,58.8350710980382,58.94532908748519,7786400
2017-09-20,60.23394012451172,60.282176679255215,59.43458549460226,59.53795104259264,6559400
2017-09-21,60.23394012451172,60.43377352459893,59.724004823063204,60.19948318938487,7340300
2017-09-22,60.28218460083008,60.468238405749645,59.79292129320838,60.10301797792879,6807000
2017-09-25,59.65507507324219,60.488881085454594,59.53792994714197,59.89625776150391,8287000
2017-09-26,58.814395904541016,59.88939021479048,58.683471120788916,59.50349252968476,5862400
2017-09-27,58.40093994140625,58.84196136816017,57.325950870867324,58.81439687181429,6581200
2017-09-28,61.30203628540039,62.67333712294685,59.52416569759236,59.72400435349854,14809300
2017-09-29,61.233131408691406,61.57078730984028,60.413104677082266,61.115986234858795,6769400
2017-10-02,62.28745651245117,62.301241391966464,61.26759623874638,61.839542561244244,6600100
2017-10-03,61.81197738647461,62.45973002447035,61.34339137848874,62.32191277516495,4286900
2017-10-04,61.94979476928711,62.321907620503424,61.54322497989885,61.68793465691787,3251200
2017-10-05,62.142730712890625,62.4045855244994,61.66036520271927,61.80507485577068,4382900
2017-10-06,62.35635757446289,62.935201523899785,61.984244733551414,62.156518904859105,3461800
2017-10-09,62.556182861328125,62.838714965377655,62.12205393516717,62.41147321927448,4331500
2017-10-10,62.824951171875,62.8594081132836,61.81197808019924,62.50796728900217,3560200
2017-10-11,63.65874099731445,63.81723552603135,62.68711754069528,63.0316658351853,6298500
2017-10-12,63.43669509887695,63.83222012153332,63.082807911387995,63.67956041207528,4818200
2017-10-13,62.9162712097168,63.73507809983776,62.8260656001686,63.42976395533082,6803900
2017-10-16,63.17302322387695,63.83222993159218,62.839946961682706,63.152206950127486,4640300
2017-10-17,63.957122802734375,64.38040461591709,63.110559176368966,63.20770530128958,5280500
2017-10-18,66.64253997802734,66.92010263343697,63.977945897789155,64.08203255532618,10979700
2017-10-19,66.94784545898438,67.04499157399705,65.58085403393521,66.26781735982945,9303700
2017-10-20,66.68416595458984,68.18300096971642,65.84454284288287,67.15602083408523,6882600
2017-10-23,65.58084869384766,66.61476385890262,65.53921086647111,66.56619080535147,4483900
2017-10-24,63.624053955078125,65.32411649051487,62.98565830676342,65.22697036243659,10301100
2017-10-25,63.67955780029297,63.89467160664595,62.9579024118353,63.68649832154733,6924800
2017-10-26,62.14605712890625,63.74203887240379,59.14839126077401,63.74203887240379,10307500
2017-10-27,63.790592193603516,65.90006089834438,62.971785296987434,64.3248959212793,9066300
2017-10-30,63.11749267578125,63.880785841266345,61.69499297966497,63.63098003524342,6526200
2017-10-31,62.62482452392578,63.714253392523936,62.47910534591708,63.06198205795188,7065600
2017-11-01,64.14448547363281,64.7689948190971,62.638709816632606,62.992602328044995,7048800
2017-11-02,63.15913009643555,64.07508302466508,62.58319388796136,63.8946718239703,4981900
2017-11-03,64.05425262451172,64.22772855972624,63.08279162256268,63.35341365797211,3620800
2017-11-06,64.50530242919922,64.93552472985637,63.43668984555379,63.99181505323615,5633600
2017-11-07,65.19921875,66.39273446872697,64.50531475483942,64.51919579942034,7014000
2017-11-08,66.4135513305664,66.87153051258663,65.11594894224318,65.44208466991199,6802600
2017-11-09,66.53844451904297,66.87152072028995,66.10128696809375,66.12210323803419,5187000
2017-11-10,66.21924591064453,66.57313836339523,64.92164377993616,66.16373233098435,6170100
2017-11-13,66.00414276123047,66.212310760743,65.25472525722513,66.17761874119095,4035700
2017-11-14,65.74737548828125,65.85840262128606,64.61631436463652,65.67104565785672,4717300
2017-11-15,65.06043243408203,65.71269851302705,64.33877172851018,65.66412545082831,4745700
2017-11-16,65.55311584472656,66.03884655761047,64.72736833875622,65.53229957046979,4301600
2017-11-17,64.95635986328125,65.56699353381875,64.92860306542939,65.08820332956066,3386400
2017-11-20,64.94942474365234,65.4420960348572,64.45675345244747,65.1714738508724,4352200
2017-11-21,65.69883728027344,66.19844905560196,64.94941961728067,65.01880896517233,4346200
2017-11-22,65.55311584472656,66.1984468170253,65.37963983382978,65.70577558136657,2560700
2017-11-24,65.72659301757812,65.90006903154172,64.91472654280477,65.22698125031211,1932900
2017-11-27,66.21231079101562,66.35802997896104,65.532287913937,65.7057638939768,3044600
2017-11-28,66.21231079101562,67.23235040070034,65.80291001927374,66.5731437941758,5105400
2017-11-29,66.48988342285156,66.8576517088246,65.94169860815055,66.44825087547879,4081400
2017-11-30,67.25318908691406,67.67647104281748,66.76051777468044,66.86460445621003,7889600
2017-12-01,66.83682250976562,68.3634089509779,65.43513898058465,67.44052080026133,4823200
2017-12-04,66.07352447509766,67.06580717780871,65.67799949816059,66.87151494970855,4934400
2017-12-05,66.20538330078125,67.11439584832222,65.92088011911483,66.80907639366896,5553000
2017-12-06,65.5045394897461,66.46906563845583,64.8592085497973,66.40661152474854,5114200
2017-12-07,65.39351654052734,65.62250614883224,64.46368764969091,65.24779732453362,4524500
2017-12-08,66.58008575439453,66.98949186160336,65.65719747074876,66.39273400639544,5297000
2017-12-11,66.9409408569336,67.52381785976615,66.45520472717074,66.88542724883457,4181100
2017-12-12,66.82295227050781,67.09357438654241,65.75433955593175,66.42048671032975,4195200
2017-12-13,67.55155181884766,68.60628883975589,67.031123830576,67.031123830576,6148700
2017-12-14,66.82295227050781,67.61400234723463,66.37191364576115,67.53767248947442,3985800
2017-12-15,67.6209716796875,67.9193507394015,67.05891089276541,67.21157068527997,11564700
2017-12-18,68.13441467285156,68.76586436734202,67.6903166718285,67.77358173822921,4768300
2017-12-19,67.94707489013672,68.38423777569719,67.79441517099288,68.2940268721665,2817700
2017-12-20,67.59317779541016,68.62709306832099,67.46133436741806,67.9054324159462,3411900
2017-12-21,67.94013977050781,68.245453915215,67.80829632302489,67.87768566072802,2249500
2017-12-22,68.1483154296875,68.4813916997268,67.8013634081776,67.90545007344411,2835600
2017-12-26,67.82911682128906,68.25239868993964,67.34338613303468,68.10667948346332,2363800
2017-12-27,68.0650405883789,68.16219201859194,67.61400722516002,67.81524001976673,1927300
2017-12-28,67.85687255859375,68.27321389832801,67.66951551456954,68.13443521643904,1870400
2017-12-29,67.10745239257812,68.30096806961471,67.10745239257812,68.09973528275927,3214400
2018-01-02,68.28707885742188,68.62709025380475,67.13519595162215,67.40581802340573,4561300
2018-01-03,69.355712890625,69.45979956475867,68.0303588084653,68.3842513828925,4702300
2018-01-04,68.96017456054688,69.47366730953769,68.24545431924581,69.43896999344716,3579000
2018-01-05,70.16063690185547,70.2230857234075,68.39117950760156,68.93242380398955,4599300
2018-01-08,69.03650665283203,70.27859543327997,68.12749411779421,70.27859543327997,5582000
2018-01-09,69.55695343017578,69.84839720888806,68.48834035908074,69.03652529585429,4055400
2018-01-10,69.17528533935547,69.52917253634511,68.82139284829891,69.14752854652095,4608600
2018-01-11,69.37796783447266,69.53172262574526,68.88176258302936,69.44786025380964,4240900
2018-01-12,70.12577819824219,70.33544481409017,68.95166221203282,69.42689658814031,4372600
2018-01-16,71.62836456298828,71.98479562653826,69.88815109372646,70.06986177954214,8528600
2018-01-17,72.93527221679688,73.27073234372494,71.67029843492936,71.98479297042974,5384900
2018-01-18,72.5509033203125,73.27774088557564,72.29232051897,72.88636886275853,6371200
2018-01-19,73.13095092773438,73.29169599947784,72.36917274384062,72.91429939507506,4991300
2018-01-22,74.42389678955078,74.45884300081794,73.00516805761318,73.17289814120042,4538100
2018-01-23,73.64813232421875,74.75935670864386,73.40352485973612,74.20024936236115,5095300
2018-01-24,73.73897552490234,74.24217096909139,72.75355022469185,73.56425518078348,4436500
2018-01-25,75.6888656616211,75.73778715145127,73.89972546488356,74.0464899343741,6327500
2018-01-26,86.10919189453125,87.96122899872977,79.32305293930462,80.02193446299893,19614500
2018-01-29,85.48018646240234,86.76613107326497,83.15291534018468,84.91409420727402,10182700
2018-01-30,80.98637390136719,84.87914304709851,80.97938892650734,83.46041467243411,11851400
2018-01-31,78.42845916748047,81.41967023366806,77.7784993549086,81.2169940198509,15744800
2018-02-01,81.30787658691406,82.13954733377373,78.43547833534303,78.4424633117393,9943500
2018-02-02,80.49018859863281,82.41910321189815,80.3154682073019,80.72082079487998,7184400
2018-02-05,76.53450012207031,80.74875391905289,76.45762274500747,78.97359460403749,9827800
2018-02-06,77.7155990600586,79.33700347598082,70.58701187482359,73.31964033945644,14107800
2018-02-07,79.40690612792969,81.66429005092051,77.84140796192057,77.93925093079089,10030800
2018-02-08,75.81464385986328,79.67246619256301,75.70282029530104,79.20421701305095,7212400
2018-02-09,77.7854995727539,78.79887543893008,74.36797005788604,76.57643244165021,8909300
2018-02-12,78.22582244873047,79.20425781451945,77.33125479956699,78.67310627331221,4823300
2018-02-13,78.17689514160156,78.56128214920231,77.14953835041717,77.9532532459184,5316200
2018-02-14,79.02950286865234,79.44184029810768,77.07263299221094,77.60378430130929,6189100
2018-02-15,80.30149841308594,81.30089933311919,78.54031376209693,79.40693080142833,7401100
2018-02-16,82.88731384277344,83.30664151958207,80.5111165648036,80.53208748087863,8717000
2018-02-20,82.45404815673828,84.94905509334622,81.9228966822771,82.27233745957257,8751400
2018-02-21,82.40511322021484,84.77432087727651,82.36317670799028,82.81046040340921,5122500
2018-02-22,82.16049194335938,83.67706856477928,81.47559118843321,82.8663636182476,5185700
2018-02-23,82.99219512939453,83.38356714332967,81.69227484648852,82.75457793008928,4685700
2018-02-26,84.94206237792969,85.06786126747318,83.1948585409607,83.35559830801779,4473500
2018-02-27,82.64971160888672,85.26352641756839,82.57982453888721,84.71140950010142,4754300
2018-02-28,80.95143127441406,83.86576534029945,80.91648507270557,83.16688396246361,6660000
2018-03-01,79.56067657470703,81.49658153887883,78.14194781924121,81.00736656528485,7148900
2018-03-02,80.39932250976562,80.6998417460312,78.19784487963803,78.93167253369465,5439700
2018-03-05,80.8326187133789,81.29387762722641,78.89671440678396,79.67247312429436,3975700
2018-03-06,80.06385803222656,81.2799156068501,79.55367755440379,81.07723934441285,3650500
2018-03-07,80.1756591796875,80.36435477421165,78.42146572019175,78.68005370650495,5286200
2018-03-08,81.77613067626953,82.29330152408579,79.91710321621738,80.37137728466978,6179400
2018-03-09,83.36959838867188,83.62818653645043,82.23740811845191,82.36320703736524,5835600
2018-03-12,82.67768859863281,83.57924109612982,82.41910050840966,83.44645722886324,4892900
2018-03-13,83.69107055664062,84.87916712901149,82.97821367962679,83.34862006988206,5403200
2018-03-14,83.1249771118164,84.33403926335006,82.43308050621161,84.10340706148179,3556100
2018-03-15,80.32244873046875,83.51633688161361,80.28750252364269,83.16689614152318,5812400
2018-03-16,79.46981048583984,81.58043548919252,79.3859427907784,80.294490825129,8879300
2018-03-19,78.29570007324219,80.35740386813698,77.18448095563524,79.49078689732713,8598900
2018-03-20,78.72898864746094,79.77731071911278,78.33761144825584,78.90370899273624,4933800
2018-03-21,78.5892333984375,79.52573751046764,78.08604312784306,79.02953221676735,4618000
2018-03-22,68.56026458740234,73.0331066342836,66.75714928745914,72.81645510554537,26861200
2018-03-23,68.11297607421875,70.11177717184941,68.0500793117819,69.18226369197777,14253600
2018-03-26,66.58943939208984,69.82526468049356,64.1293784545706,69.53173034998143,13760600
2018-03-27,64.30408477783203,66.89693436064569,63.68208070354198,66.74317958595962,10821300
2018-03-28,65.88353729248047,67.6866523121463,64.00355023589042,64.42986825213794,11154200
2018-03-29,66.14913177490234,66.77113585262379,65.345417023182,66.05827377188167,7399400
2018-04-02,63.919700622558594,66.14214398054229,63.109000864448966,65.69486025219712,7816500
2018-04-03,63.31166458129883,64.61857474184367,61.65531904664369,64.53470705283199,10449200
2018-04-04,64.95404052734375,65.28251564608176,61.94185799775809,61.997769790743725,8841700
2018-04-05,64.44384002685547,65.184652452548,64.05246822943917,65.04487833405383,7045000
2018-04-06,62.7455940246582,64.8352486765353,62.053702680372666,63.91272510680663,6761200
2018-04-09,63.234806060791016,65.26155832447353,63.19286954129165,63.87078550939702,8302100
2018-04-10,65.42931365966797,65.96745028002736,63.54931997967987,63.94768237793274,6253700
2018-04-11,65.44327545166016,66.03033879392676,64.57666372283617,64.70246262960447,7135700
2018-04-12,65.04783630371094,66.17056555280931,65.01252811625488,66.17056555280931,6402500
2018-04-13,64.84304809570312,65.41500398813494,64.32051503649006,65.40794127455855,4630000
2018-04-16,65.38676452636719,66.0152114105841,65.18198891202074,65.59154014071362,3922500
2018-04-17,66.08583068847656,66.38240546316781,65.40089816627948,65.81044405912073,4474700
2018-04-18,66.60130310058594,66.79901603133321,65.68334405094697,66.37534469583572,5289700
2018-04-19,65.67626953125,66.74957032604418,64.53941508976689,66.67895935315686,4972900
2018-04-20,65.38676452636719,66.23411245338063,64.97721329767431,65.9587258586012,4754800
2018-04-23,65.78924560546875,66.23410496773727,65.47855624922254,65.61977819412792,4716300
2018-04-24,64.51118469238281,66.00816244872509,63.861554970436856,65.63391396918465,6378300
2018-04-25,64.8713150024414,65.1608217074903,63.91804768364143,64.22874253642209,5487800
2018-04-26,68.80441284179688,69.58820736494665,66.07878610832135,66.37535555295257,12594400
2018-04-27,69.71530151367188,70.15309291509084,68.04885617255,68.80440513241913,6117600
2018-04-30,68.17594146728516,70.20250400416958,68.15475332541122,69.94124284771955,7449400
2018-05-01,72.07372283935547,72.99168169036798,71.44527599377398,72.09490559345586,11910500
2018-05-02,70.87334442138672,71.85485187174321,70.58383231653927,71.43823781137536,7625600
2018-05-03,70.80978393554688,71.155781575004,69.7435401550297,70.75329298580226,7699500
2018-05-04,70.73210144042969,71.26875462179575,69.9906780194037,70.54145124281524,5224400
2018-05-07,70.35078430175781,71.50882150437565,70.07539773450551,71.14164121046323,6151500
2018-05-08,70.1883773803711,70.45670122561229,69.69408980784665,69.9977218322938,7620900
2018-05-09,71.44527435302734,72.05253843056259,69.83532043110489,70.21662615797159,5665600
2018-05-10,72.62451934814453,73.30239463369476,71.97488953956812,72.43386911266354,5369700
2018-05-11,73.56363677978516,73.92375975729209,72.05253928172499,73.05522913795704,6358900
2018-05-14,74.77113342285156,75.06064554581069,73.66958666427882,73.71901490633596,8471700
2018-05-15,73.56363677978516,74.53808116844098,73.14702286712576,74.41097925798395,8387600
2018-05-16,74.17091369628906,74.60164772361885,73.57776954911648,73.76136242648812,8296700
2018-05-17,74.36860656738281,74.43216021010906,73.58481242647905,74.21325920435373,6702900
2018-05-18,74.83467102050781,75.39956432447232,74.22034409783231,74.33332060371593,5328000
2018-05-21,75.01119995117188,75.7314406527136,74.81348164140783,75.55491048802196,5797300
2018-05-22,75.01119995117188,75.72437793768947,74.91940081767744,75.23715834648624,9456800
2018-05-23,74.56634521484375,75.07475298334589,73.95908097882989,74.74287539072513,12816600
2018-05-24,72.82928466796875,73.82491738755697,71.74892091677175,73.82491738755697,13164500
2018-05-25,71.37467193603516,72.82927865615979,70.2943082740185,72.22907722029194,25301700
2018-05-29,70.23782348632812,71.73479584991045,69.85651768033834,70.80271678658202,25494700
2018-05-30,72.73748779296875,72.84340696519743,71.19814460009428,71.92544798891277,31273400
2018-05-31,69.86357116699219,71.38878880220867,69.55287639116538,71.2687495978292,18910900
2018-06-01,69.23512268066406,70.20956710866615,69.12920351979437,69.15038627451385,14837300
2018-06-04,69.97653198242188,70.23073576256155,68.93147678608875,69.53874077339228,10922500
2018-06-05,70.07539367675781,70.85212511344812,69.7364588692759,69.98359995541306,10199000
2018-06-06,70.59795379638672,70.60501112493372,69.42579078473882,70.08248328694879,4933500
2018-06-07,70.13191986083984,70.84510339985553,69.81416764568968,70.78861244112127,5092500
2018-06-08,70.91568756103516,70.96511578439907,69.9059349517961,70.10364784525176,4012900
2018-06-11,70.44966125488281,71.37468305343097,70.19546275417233,71.00749726533252,5770100
2018-06-12,69.84239959716797,70.69680498025382,69.7223549862907,70.47084657635733,8060400
2018-06-13,68.90327453613281,70.06837502792733,68.85384629162151,69.84947389885619,7816200
2018-06-14,69.72940826416016,69.84944747151759,69.02328767414335,69.46814170643582,4648700
2018-06-15,70.30841827392578,70.52025657975173,69.19980929961667,69.74351971657117,20806200
2018-06-18,69.53875732421875,70.1389587417962,69.41871273088526,70.011856821475,6425600
2018-06-19,69.20687103271484,69.46813216729107,68.44425960727067,69.12213463413045,5528300
2018-06-20,69.37635803222656,70.29431708730786,69.08684596243496,69.3551752734171,5842700
2018-06-21,67.46983337402344,69.19276417613693,67.26505772960671,68.99505124698238,7225000
2018-06-22,66.0152359008789,67.86527444327565,65.97287037435686,67.82996624632429,9454800
2018-06-25,65.70451354980469,66.64364970432511,65.0336958539795,66.0010828617585,5573100
2018-06-26,65.04783630371094,66.27648472790442,65.0195908312007,65.92342440243604,5117100
2018-06-27,64.61711120605469,65.8598798446234,64.5888657296408,65.21731276484707,5833000
2018-06-28,65.26673126220703,65.39383319346565,64.12281388087942,64.49705695978733,6698900
2018-06-29,65.42208099365234,66.70015767931281,65.35852733212504,65.5562402572799,6787900
2018-07-02,65.74689483642578,65.88105948524881,64.85718129973392,65.00546599130372,3854500
2018-07-03,66.0999526977539,66.63660588574108,65.75395509700627,66.07876994078792,2452400
2018-07-05,66.7142562866211,67.12380201523554,66.34000795759206,66.70013086206174,4744000
2018-07-06,68.4372329711914,68.5431521784402,67.0532367216913,67.22270422092457,5867400
2018-07-09,68.52196502685547,69.44698157723005,68.43722858902733,69.1857203216567,5953100
2018-07-10,69.79297637939453,69.87065009736736,68.26775827259193,68.57139042813827,5119900
2018-07-11,67.05323028564453,68.84677775780801,66.98968199975968,67.97118947732497,6230000
2018-07-12,68.20167541503906,68.24447359504936,67.1245425323513,67.70947457575491,4672000
2018-07-13,68.92927551269531,69.0933442823274,67.72374802306206,67.73801226976009,3712400
2018-07-16,68.65821838378906,69.06481748535721,67.95202108996908,69.02201929854762,3783500
2018-07-17,68.05902099609375,69.3144816238699,68.00195311966058,68.6724816197274,5107500
2018-07-18,67.33854675292969,68.07327789523936,67.28861372701422,67.95914215469449,5521900
2018-07-19,64.16423034667969,66.53962792079638,62.60203650183933,66.49682972957395,19747200
2018-07-20,63.4223747253418,63.9431042346536,61.888709256689246,63.27970500599428,11791900
2018-07-23,63.77188491821289,64.19274820590799,63.22975104861496,63.60781615580995,6316800
2018-07-24,65.29841613769531,65.34834916321888,64.02155112240193,64.56368500115195,7965000
2018-07-25,66.42548370361328,66.70368277295837,64.97028564118956,64.97028564118956,7494300
2018-07-26,67.01042175292969,67.45268418860937,66.0117556866561,67.01755115574939,6812400
2018-07-27,64.599365234375,65.81916269888822,63.32249988511082,65.15576350496421,12905800
2018-07-30,65.23420715332031,65.29840986127473,63.75761017786171,64.67780908174042,6466000
2018-07-31,65.79064178466797,66.07597035673594,65.14864161292773,65.3769077359583,8691800
2018-08-01,66.98902893066406,67.3956280634299,65.82629397172691,65.83342881750673,5330400
2018-08-02,67.85214233398438,68.38000649430305,66.6323452574458,66.75361039225162,6023200
2018-08-03,68.85794067382812,69.08620670801952,67.63814354340309,67.68807656831085,4876100
2018-08-06,69.23600769042969,69.58554431670643,68.29440959315956,68.66534531037331,5134200
2018-08-07,67.09600830078125,70.15620333065326,66.86774227125262,69.40720797233654,8890900
2018-08-08,66.86061096191406,67.11027607422992,66.24714500462866,66.71080645223327,4535100
2018-08-09,68.10181427001953,68.57974545551608,66.67515011585063,67.19587948443883,6176100
2018-08-10,68.33721160888672,69.00774002572817,67.98767499083695,68.01620892551192,4446800
2018-08-13,69.03629302978516,69.6069609963329,68.34435988909127,68.47989475566229,5920000
2018-08-14,68.42282104492188,69.44288627472818,68.29442103549546,68.99348896288205,5580800
2018-08-15,69.51422882080078,69.75676462708094,68.20170003201592,68.42283129827365,6861500
2018-08-16,70.06349182128906,70.37022489490344,69.2360238302203,69.7924220934527,6332900
2018-08-17,70.48434448242188,70.7268802313101,68.77948116438704,70.06348114722556,6307300
2018-08-20,69.64261627197266,71.49728422717007,69.52848595726543,70.85528419977807,6172500
2018-08-21,69.72107696533203,69.94221361403044,69.05054850136963,69.80667877537257,3528400
2018-08-22,69.64974975585938,70.13481582904109,69.28594884040001,69.79241400702774,2963300
2018-08-23,69.30021667480469,69.79954698281259,69.11474879941939,69.68541667339315,2137500
2018-08-24,69.4785385131836,69.61406789364416,68.87220739618994,69.29307066767437,2996100
2018-08-27,69.92082977294922,70.12056738882305,69.4072350875829,69.98503251005349,2456000
2018-08-28,69.37869262695312,70.40588731390196,69.26455686046276,69.75675782943989,3515400
2018-08-29,69.60694885253906,69.7852818806862,68.50128190110999,69.49994794719235,3637100
2018-08-30,69.04342651367188,69.71396054479092,68.87935770778147,69.54989173890051,3434400
2018-08-31,68.46562957763672,68.97209480599467,68.28016167467833,68.65822688441786,4703100
2018-09-04,67.45267486572266,68.4584756380927,67.11027853976499,68.4584756380927,4456100
2018-09-05,67.90210723876953,67.94490543766867,67.1174373103262,67.29577039546443,5188800
2018-09-06,66.86774444580078,67.82361221711224,66.19008117924442,67.61674527076654,5416300
2018-09-07,67.1744613647461,67.3028613199418,65.34119866362914,66.80353118434198,4051700
2018-09-10,66.9248046875,67.8878017510564,66.83920289254061,67.75227237856777,3156800
2018-09-11,66.46829223632812,66.86062710921264,66.25429040706518,66.85349226362585,2638500
2018-09-12,66.51107788085938,67.01041357419753,65.65508160983904,65.90474673536235,3304700
2018-09-13,68.71529388427734,68.74382782608005,66.63236511331635,66.63949451704732,4850700
2018-09-14,68.2516098022461,68.76520974179284,67.70947592802547,68.68674278201256,3446000
2018-09-17,68.03048706054688,68.59402009518894,67.62388796495605,68.05188615363708,3987200
2018-09-18,66.06168365478516,68.52267712744123,65.9190194172339,68.01621200915488,10240500
2018-09-19,64.92748260498047,65.79774860098885,64.48522020472767,65.41968347472431,8451400
2018-09-20,66.11162567138672,66.42549356742644,64.6421631440963,65.21996045972165,5991200
2018-09-21,65.8120346069336,66.57529989324044,65.66223548819598,66.2328980202022,9953500
2018-09-24,66.63948059082031,67.03895025028461,65.59088157845069,65.8405521564753,5910300
2018-09-25,66.89628601074219,67.50975207545056,66.62522176166101,66.6822896379809,5303900
2018-09-26,67.18161010742188,67.845009106144,66.94620923380951,67.26007706529266,4656200
2018-09-27,67.15308380126953,67.6880828789994,67.02468380492269,67.30288288995885,3028600
2018-09-28,67.4669418334961,67.88067569944575,66.93907223530188,67.05320796754644,4527900
2018-10-01,67.76654815673828,68.2230802563056,67.28861696536187,67.58108029057284,3763800
2018-10-02,67.2173080444336,68.0162367732705,66.67517394822725,68.00910192610766,6792200
2018-10-03,68.48700714111328,68.90787041064026,67.48120640444773,67.50974033764655,4796800
2018-10-04,66.9390640258789,68.34432876362335,66.52533565296025,68.34432876362335,4425400
2018-10-05,67.32426452636719,67.95912949861454,66.2756711774228,67.12453245990159,4190100
2018-10-08,67.6310043334961,68.03047394926324,66.87487416447627,67.1031401839327,3305500
2018-10-09,67.45982360839844,67.95202455094721,66.91056022796128,67.55968967756883,3625600
2018-10-10,66.3969497680664,68.04474509300303,66.33274705236808,66.94621306228136,5310800
2018-10-11,64.69921875,66.61094897964468,63.921689379826724,66.3398847431451,9994400
2018-10-12,65.38414001464844,65.66531516088219,64.09361550989054,65.39855685525798,5709600
2018-10-15,64.29550170898438,65.3192681856131,64.29550170898438,65.2543841345159,4827900
2018-10-16,66.26371765136719,66.31418484567355,64.54782204392768,64.72806280938063,3787100
2018-10-17,66.52325439453125,66.62419427622262,65.48507140231956,66.19882324081095,2857400
2018-10-18,64.81458282470703,66.61699054786067,64.32432770398877,66.22045864856211,4422300
2018-10-19,63.42313003540039,64.87947319768878,63.42313003540039,64.35317317142369,7059400
2018-10-22,60.755558013916016,63.82686235991484,60.200418847167384,63.82686235991484,7621100
2018-10-23,59.81108474731445,60.98625235746356,58.75847951664806,59.53712081073357,8096200
2018-10-24,57.25167465209961,59.93365240018927,57.14352910165386,59.7245724694638,8689100
2018-10-25,58.924312591552734,59.97691798618532,57.43191929567146,57.96543041338682,9173500
2018-10-26,58.24660873413086,58.78011988088952,57.266098491134905,58.412427164638075,6181500
2018-10-29,58.65754699707031,59.962488197430716,57.63378091169904,59.227108396807786,4343900
2018-10-30,58.8233757019043,59.753418745362865,57.770770253624754,59.06850601205807,5243100
2018-10-31,56.12696838378906,58.81616279084653,56.04766201384158,58.38358609145828,14068500
2018-11-01,57.82844161987305,58.14566710031055,55.87463254824729,56.02603411831669,10671700
2018-11-02,57.35981750488281,60.8636983072682,56.783050375174135,60.69066871840674,12781500
2018-11-05,59.537113189697266,60.4383167479071,57.15072242721081,57.280495959613425,10315600
2018-11-06,60.31576919555664,60.72671789899456,59.34246471327247,59.645273363577786,7945500
2018-11-07,62.69493103027344,62.882382918156495,60.661815940188696,60.6690271090908,10378000
2018-11-08,63.250099182128906,64.67760313009427,62.72379366562869,62.81751689436992,9333200
2018-11-09,64.01432037353516,64.54783157793464,63.12753325629906,63.32219639202739,9169800
2018-11-12,64.66316223144531,64.80735260671514,63.80521464721218,63.98545536655459,9344700
2018-11-13,63.603355407714844,65.5211140872757,63.58893306773071,64.88666864075013,7237200
2018-11-14,63.668243408203125,64.4540959710341,62.32725173259249,64.2017600106797,7268200
2018-11-15,64.98761749267578,65.09576306459883,61.973991324588326,63.17799845740122,10365700
2018-11-16,65.9897232055664,66.32857659652147,64.3098785868583,64.69199348550542,8691100
2018-11-19,64.51177978515625,66.57372916437804,64.24502146137537,65.81672121934342,5971700
2018-11-20,63.509613037109375,64.67757480157393,63.34379466654019,64.16569185247492,5372900
2018-11-21,62.11094665527344,64.00707684932212,61.548596548320354,63.805208144314314,6532500
2018-11-23,61.73606491088867,62.399355107157305,61.20976495683578,61.71443689914836,1612800
2018-11-26,62.17583084106445,62.904004815170744,61.43324003106433,62.28397636205207,5227900
2018-11-27,63.21403503417969,63.22845187372082,61.64233549966487,62.16142973132277,4338300
2018-11-28,64.12245178222656,64.13686862218198,62.40655630043648,63.47358397400809,3953600
2018-11-29,64.82179260253906,65.12459577339793,63.7042976379972,64.17292473604739,3838000
2018-11-30,67.96516418457031,67.96516418457031,64.79293210400768,65.07410717023473,12031700
2018-12-03,67.52539825439453,68.28961728593495,66.9197864648538,68.00123098141609,6673900
2018-12-04,65.283203125,68.47706949738759,65.17505757278599,67.71284496211686,7008400
2018-12-06,65.12458038330078,65.2327259189113,62.846334968344784,64.67037023383868,8734300
2018-12-07,62.69493103027344,64.88665883314306,62.2695655737233,64.8361916518488,6737700
2018-12-10,63.163597106933594,63.35825478372919,60.99349596666027,62.4858898238052,5229400
2018-12-11,63.567317962646484,64.48294421962738,62.47866759481992,63.891754672018614,5098100
2018-12-12,63.877323150634766,65.00923488404159,63.70429356413939,64.39641741063228,4185100
2018-12-13,63.235679626464844,64.87947479077093,62.990554786407365,64.43248114113376,4078600
2018-12-14,61.721649169921875,62.83914413418819,61.33953962100203,62.57959698765552,5461600
2018-12-17,61.23139572143555,62.63727155287756,60.70509024320923,61.332330114435905,5958200
2018-12-18,60.25811767578125,61.64236597761131,59.695767146944895,61.613526783758964,5288600
2018-12-19,60.21482849121094,62.21911028996645,59.58759418954403,60.79881227272554,5510800
2018-12-20,61.54861068725586,62.34888002345287,59.41456095756745,59.832715299494964,9453300
2018-12-21,61.22418212890625,63.95663280394434,59.99854711922692,61.01510218009994,16044700
2018-12-24,60.6762580871582,62.32005310083769,60.27251500448266,61.17371889360625,5097900
2018-12-26,64.19454956054688,64.23059441213829,61.007894252860254,61.09440629708883,6225000
2018-12-27,64.82179260253906,64.83620944378922,62.62285302734833,63.408700137507545,7272800
2018-12-28,65.69413757324219,66.9197722311176,64.8866571924415,64.9515412093891,6037700
2018-12-31,66.46556854248047,67.04233553641295,65.7734448494554,66.04019759021425,5722100
2019-01-02,64.3315200805664,65.79507384410792,63.747536408527445,65.78065150624954,6908400
2019-01-03,62.211917877197266,64.02153712756235,62.060516258714394,63.90618037032992,7653200
2019-01-04,64.21617889404297,64.26664608771942,62.19748014596164,63.26450788435013,8910600
2019-01-07,65.15342712402344,65.43460224894987,64.30989624873304,64.93713602769029,7281500
2019-01-08,65.45623779296875,66.54489356893855,65.17506263567701,65.75182979143702,7478300
2019-01-09,63.307777404785156,65.88882700426727,63.055441382604,65.52113422879602,9971900
2019-01-10,63.58892822265625,64.07918323505247,62.81029243868277,63.35822030508807,6527700
2019-01-11,63.668243408203125,63.668243408203125,63.11310429542347,63.11310429542347,5318100
2019-01-14,61.85832214355469,63.471191797386794,61.661271520087496,63.471191797386794,6368500
2019-01-15,62.398372650146484,62.5297378679184,61.632074618481276,61.98238372186448,7295500
2019-01-16,62.434879302978516,63.04791341285945,62.36189427925173,62.51515837469753,4927000
2019-01-17,63.6390380859375,63.99664679388614,62.33998517225641,62.427563837708476,6438700
2019-01-18,65.31761932373047,65.52926367461258,63.434719016966696,64.55132100391513,6190000
2019-01-22,64.7045669555664,65.21542864669428,64.14991314235984,64.85052584789585,5664600
2019-01-23,64.55130004882812,65.15704000457781,64.00394587463917,64.83592377396842,4969300
2019-01-24,62.67571258544922,64.54401899568524,62.10646502057152,64.46373992187165,8372600
2019-01-25,58.77854537963867,60.28924279229051,57.96846069494384,60.216263343790295,21308600
2019-01-28,56.29720687866211,58.45743091467071,55.9614969509015,58.384451463935825,14718800
2019-01-29,56.53805160522461,57.04161934790243,55.29737850563704,56.21693529766473,13909000
2019-01-30,57.69844055175781,57.79331886233246,56.18044883029913,56.6986102422937,9277200
2019-01-31,58.59609603881836,59.34049534850666,57.44300178077502,57.618153576941346,11563900
2019-02-01,58.74935531616211,58.917213066974554,57.7349258996192,58.566903902136765,6759500
2019-02-04,57.31163024902344,58.6471757720942,56.57452506779141,58.603389219854044,10205600
2019-02-05,58.15822982788086,58.428254428223994,57.08541434009394,57.3335456558662,7965500
2019-02-06,57.71303176879883,58.304172559761895,57.501387463496876,58.09252825445995,4907200
2019-02-07,57.77871322631836,57.81520573679929,56.78617707537092,57.18027280306846,5877500
2019-02-08,58.14364242553711,58.28230734667439,57.574394638940944,57.67656703304908,4598900
2019-02-11,58.216590881347656,58.515813853158456,57.77870863028482,58.30416955875018,4803500
2019-02-12,58.3333625793457,58.472027426877226,57.34082650516991,58.37714913415569,6620100
2019-02-13,58.960994720458984,59.34779079514459,58.59609192275938,58.63257886174445,4237200
2019-02-14,58.7639274597168,58.88069899455881,58.18008648942648,58.712841305216735,3436300
2019-02-15,59.004783630371094,59.62511729763411,58.50122153566232,59.20912831436597,6295400
2019-02-19,58.7639274597168,59.49373284855963,58.552288796768835,58.749333801848174,5674700
2019-02-20,58.37715148925781,58.822333374368995,57.75681780986562,58.77124720237141,5564100
2019-02-21,57.47220230102539,58.31877963611974,56.997827454151896,58.19470842806216,6360800
2019-02-22,58.3990364074707,58.523107579967935,57.09998344723269,57.771408770480164,5022700
2019-02-25,58.59609603881836,58.836933238531564,58.29687305105797,58.72016166243721,5511800
2019-02-26,58.75666046142578,59.012091351505156,58.39905164733884,58.530416900519064,4283100
2019-02-27,57.95387268066406,58.486627717815814,57.50869076305751,58.486627717815814,4175500
2019-02-28,57.829795837402344,58.172805370079516,57.47219264221711,57.99035396486613,6310800
2019-03-01,58.45743179321289,59.004786033913334,57.85899137943274,58.216594590990624,8567900
2019-03-04,57.990360260009766,58.917216617174674,57.734929378577725,58.676379399834914,5872500
2019-03-05,57.58895492553711,58.31146081461461,57.450290098188475,57.93195883491544,5933100
2019-03-06,56.99052047729492,57.749519020671826,56.60372437406853,57.749519020671826,5293200
2019-03-07,57.09999465942383,57.742227219250225,56.51615345809808,56.756985100057534,6642500
2019-03-08,56.61832809448242,56.95403805159935,56.26071928905241,56.68400793549467,6189100
2019-03-11,56.98321533203125,57.151067480602705,56.39206908504383,56.611012964368676,8078100
2019-03-12,57.464900970458984,57.75682437274854,56.96133880868468,57.27515549175019,6128800
2019-03-13,57.603580474853516,57.87361066497449,57.03433275814511,57.5962808567483,5984500
2019-03-14,58.347984313964844,58.676400336971795,57.22408803463091,57.65467087869062,6161800
2019-03-15,59.36238479614258,59.44996347256155,57.734921427174335,58.42823451957294,12751100
2019-03-18,58.85884094238281,59.661626236867676,58.5888107824661,59.36240317577267,5550100
2019-03-19,58.982879638671875,59.325889110775805,58.02683622593678,58.62527650663703,6335500
2019-03-20,58.698280334472656,59.04858956610103,58.42825018575961,58.90992468325158,5360900
2019-03-21,59.28942108154297,59.34050726434879,57.84440872904914,58.29688475733599,5159200
2019-03-22,58.20929718017578,59.83676057709412,58.15821101004774,58.9536964546094,4992500
2019-03-25,58.02684020996094,58.413636256388415,57.22405522726579,58.01954059550729,4008400
2019-03-26,58.93910598754883,59.25292264048406,58.23849323010686,58.27498017190499,4921900
2019-03-27,58.30418014526367,59.11426496240883,58.238500301267216,59.11426496240883,4006200
2019-03-28,58.3552360534668,58.74203200429272,58.01952625524103,58.625266041766515,3071000
2019-03-29,58.815032958984375,59.04127649016089,58.35525741725965,58.44283609719653,7105900
2019-04-01,58.95372009277344,59.194557377647065,58.36257909169924,59.09968461450465,4759400
2019-04-02,60.62495422363281,60.931471255772706,58.96829787261232,59.03397770751009,6355800
2019-04-03,60.63224411010742,61.8364243351221,60.42059984054945,61.026339760183546,6083500
2019-04-04,60.43520736694336,60.851196387247604,59.89515271573578,60.60306512544093,4827900
2019-04-05,60.90228271484375,61.435043319428665,60.33303516647734,60.44250713377293,3996300
2019-04-08,61.289085388183594,61.30367905233439,60.41331520379343,61.08473511424294,3499200
2019-04-09,60.34760665893555,61.143091824210686,60.20894185956821,61.13579221161951,3712700
2019-04-10,60.537384033203125,60.85120072478255,60.281953137260786,60.71983546858707,3641900
2019-04-11,59.676212310791016,60.756327245056966,59.282122114966164,60.71983473123295,9094200
2019-04-12,59.73536682128906,60.49703252859962,59.0402517990207,59.6540233339257,5011500
2019-04-15,59.92023468017578,60.27518857660953,59.43217941960526,59.86847115796677,3495500
2019-04-16,59.3138427734375,60.119880981590164,59.17333940646612,59.979377614618784,3624700
2019-04-17,57.664825439453125,59.30647121283885,57.34684786226098,59.232524119915425,6817100
2019-04-18,57.36164093017578,57.83490914377608,56.79963281084962,57.7239856720693,7784900
2019-04-22,57.79053497314453,58.49304080538806,57.30987041549301,57.38381750702368,5358600
2019-04-23,58.167667388916016,58.907149523175505,57.49473593867542,57.79052992073941,9920600
2019-04-24,58.17506408691406,58.855386365850684,58.00498633808066,58.58917796079849,7056400
2019-04-25,58.67050552368164,59.50612388489873,56.87356948527093,59.1955427653068,10442900
2019-04-26,58.93672180175781,59.63923319004471,58.714880554246754,58.914538241186776,5790000
2019-04-29,59.380409240722656,59.88325724658298,59.09201170048807,59.49872343173677,6444500
2019-04-30,58.70749282836914,59.66882196837013,58.18246113067068,59.661425566486606,9367400
2019-05-01,58.33775329589844,58.92194494084875,58.13069917197716,58.862785007785035,5231700
2019-05-02,58.027164459228516,58.25640211737364,57.38381296603934,58.219431395434654,5206300
2019-05-03,58.204627990722656,58.2711843049706,57.86446694512196,58.212024390483535,4527300
2019-05-06,58.611358642578125,58.803619945562566,57.191548581900804,57.49473898105521,5413200
2019-05-07,57.642635345458984,58.411697511971845,57.06584013102471,58.12329990475471,4275300
2019-05-08,57.67219543457031,58.337730314857986,57.176743884389296,57.64261547969091,3820700
2019-05-09,57.61306381225586,57.77574516533752,56.74047454662813,57.31726978899528,3792200
2019-05-10,57.27288818359375,57.47994791719697,55.91964018594247,57.27288818359376,4731800
2019-05-13,56.84398651123047,57.161964014468225,56.32634569755494,56.422481973617664,3858400
2019-05-14,58.00496292114258,58.685284925429286,56.94010716361608,57.05842697747424,6365200
2019-05-15,58.25641632080078,58.53002681050273,57.295092688992945,58.05675857660913,4795700
2019-05-16,58.78882598876953,59.713178598655844,58.20463446230531,58.40429778544909,5404700
2019-05-17,58.759246826171875,59.21772775794975,57.694390799746195,58.071528249405404,4756400
2019-05-20,59.02546691894531,59.446971532567076,58.35254107416027,58.433878922865084,4395500
2019-05-21,59.80931854248047,60.267799539349824,59.395210314212335,59.40260671594611,4841900
2019-05-22,60.3343391418457,60.45265898063654,59.06982548422092,59.5357027972093,4219500
2019-05-23,60.00896072387695,60.36390889664235,59.395189357962394,59.44695286823233,3299100
2019-05-24,59.20295333862305,59.97201563629584,59.062455532813374,59.964619233315624,3872700
2019-05-28,57.7017707824707,59.23249806401748,57.6204273234968,59.15855100362276,6557800
2019-05-29,57.723976135253906,57.88666311463873,57.01407393213932,57.36163145322485,4182200
2019-05-30,57.39120864868164,58.1158979777848,57.03625474334474,58.06413445427743,3533100
2019-05-31,56.72568130493164,57.361636475405945,56.4964436185287,57.169369515499326,4003200
2019-06-03,55.97880172729492,56.82181100569687,54.58118078458635,56.66652041670721,8434400
2019-06-04,56.7552604675293,57.26550500544777,56.12670170797561,56.304175861329234,6447100
2019-06-05,56.9844856262207,57.8053111625514,56.68869731624238,57.24330886015229,3804400
2019-06-06,56.99189758300781,57.47256218062525,56.836606985340985,57.0584539201804,4032800
2019-06-07,57.258113861083984,57.96061977889034,56.999296188302814,57.30248099304587,4829100
2019-06-10,56.903141021728516,57.49472891357219,56.644323434722004,57.28027844382387,3969400
2019-06-11,57.805320739746094,58.345145214315444,57.302472630950476,57.302472630950476,4210200
2019-06-12,58.10110092163086,58.603948910827945,57.81270339095312,57.864466905643994,4165700
2019-06-13,58.38211441040039,58.56698495082826,57.90145551872886,58.36732724955867,2924900
2019-06-14,58.18986129760742,58.670520256906364,57.834907327652346,58.38212262460622,4075900
2019-06-17,58.16027069091797,58.45606467147171,57.97540015829699,57.97540015829699,3083200
2019-06-18,57.86448287963867,58.56698872177629,56.94752651978077,58.33035464046453,5433500
2019-06-19,57.39120864868164,58.03456013381687,57.15457459239069,57.975400209293895,6147300
2019-06-20,57.931026458740234,58.54479797116467,57.738765170015164,57.85707937524591,5347000
2019-06-21,58.25641632080078,58.47826327372694,56.51863399555374,57.790544489818686,10516900
2019-06-24,58.01236343383789,58.64831843577311,57.56867534085523,57.98278911719922,5182700
2019-06-25,48.58396530151367,52.259191756171546,48.110697271316276,52.11129761240984,90131800
2019-06-26,50.284786224365234,50.58797661407665,49.39740990065569,49.72277821038861,42093800
2019-06-27,51.76374816894531,52.20743631060468,50.35873101885663,50.40310378228314,22129200
2019-06-28,53.775142669677734,53.78992983023549,52.00778078847087,52.192651325348585,21381500
2019-07-01,54.27798843383789,54.61075312926286,53.44976643300574,54.35193551706557,18010900
2019-07-02,54.891754150390625,54.906541308755095,53.479340750074364,54.13008291231524,12862200
2019-07-03,55.43159103393555,55.43898743644041,54.55900171782959,54.980506391773865,7434100
2019-07-05,53.974796295166016,55.305866316987874,53.69379513135946,55.202339275490694,10854900
2019-07-08,52.665916442871094,53.9821936876349,52.41448959332929,53.62723979469374,13487400
2019-07-09,52.68069839477539,53.575470976730735,52.421880811862714,52.63633127821898,11832500
2019-07-10,52.9838981628418,53.05044884951699,52.47365366446065,52.93213463704959,9170400
2019-07-11,52.68069839477539,53.53850026020045,51.65281882135064,53.46455318533971,13001000
2019-07-12,52.763301849365234,52.77832022563823,51.456983777396694,52.77832022563823,12903000
2019-07-15,52.75577926635742,53.318847949151674,52.32784729654702,52.785810283446146,10253300
2019-07-16,51.92244338989258,52.77830733782875,51.899915830984035,52.6656924546096,10141600
2019-07-17,51.291805267333984,52.447973701519864,51.28429608076955,52.05007273107124,12205000
2019-07-18,51.23925018310547,51.764778663081906,51.051560621995186,51.47949259221338,8573300
2019-07-19,51.456974029541016,51.66718543488284,51.12663854810033,51.15666956712504,9806900
2019-07-22,51.05155563354492,51.61462426185608,50.93143157681334,51.42693471908569,9961800
2019-07-23,50.84886169433594,51.38189939491298,50.75125945045469,51.051563913157146,8025300
2019-07-24,50.64615249633789,50.96897878339631,50.12062399546655,50.87888572846219,12595300
2019-07-25,50.04555130004883,50.95396816065889,49.92542722203528,50.64615450662266,12403500
2019-07-26,50.87138366699219,51.90742805195074,50.57858839020322,50.78129060958357,12259300
2019-07-29,50.435935974121094,51.35937107796817,50.21070622357386,50.953960963681446,10117300
2019-07-30,50.435935974121094,50.69870019787254,49.74523980659429,50.24073723883552,8143700
2019-07-31,50.01551818847656,50.58609035168088,49.27226337447733,50.23323877489573,11300000
2019-08-01,49.39989471435547,50.450951673010444,48.881869693424925,50.24824946750722,13106700
2019-08-02,49.06205368041992,49.392389164793926,48.82181125392008,49.17466857080481,9653900
2019-08-05,48.97196578979492,49.64014020984374,48.453940736653024,48.784276217245676,11618800
2019-08-06,48.626617431640625,49.429928663829166,48.26625661920321,49.001996619164835,10248700
2019-08-07,48.39387893676758,48.72421441898488,47.53050861714419,48.333816898576934,10532100
2019-08-08,49.13713073730469,49.13713073730469,48.29628506787088,48.641633214649985,7427400
2019-08-09,49.234718322753906,50.20319697384793,48.26623967165988,49.0770598066916,10893500
2019-08-12,48.44643020629883,49.15965399890345,48.10859127621261,48.97946789021517,5258900
2019-08-13,48.80680465698242,49.49750100279089,48.52902198998398,48.69418975264079,7082500
2019-08-14,47.67315673828125,48.79178511149683,47.67315673828125,48.423915112112454,9373300
2019-08-15,47.282752990722656,48.228707100579804,47.0425105861902,48.13861977877434,9195700
2019-08-16,48.371360778808594,48.656646890138326,47.35032896333255,47.68066160672711,8348100
2019-08-19,49.970458984375,50.21070135534488,48.77675631457056,48.82930915422554,9826300
2019-08-20,49.85786056518555,51.39691161610083,49.79779852757479,50.58609129184911,12037900
2019-08-21,50.70621109008789,50.991497152928844,50.000496527265234,50.55605600872632,7615700
2019-08-22,50.69120407104492,51.07409245448181,50.15816630044908,50.95397409032103,6495700
2019-08-23,49.527523040771484,50.893902836916084,49.15965309930242,50.51101452274897,8904700
2019-08-26,49.89540100097656,50.24825835428655,49.610114880005355,49.87287916614092,4841100
2019-08-27,49.30229568481445,50.28579294273552,49.16715896307582,50.05305397717769,7591200
2019-08-28,49.60259246826172,49.8353256699585,49.09958586492917,49.22721338019319,6872800
2019-08-29,49.715206146240234,50.323318421400536,49.520007421340196,50.09809441066681,6011900
2019-08-30,49.35484313964844,49.87286813764358,49.16715358707983,49.85034630778824,6415100
2019-09-03,49.09959030151367,49.39989474466973,48.74673301039261,49.384876372204964,7915700
2019-09-04,49.8353385925293,49.86536961470162,48.378871248078234,49.302300836592075,9618300
2019-09-05,50.323333740234375,50.526041712213896,49.8728798538149,50.030538427670116,5602400
2019-09-06,50.766265869140625,51.1416449271643,50.300793775172515,50.49599248913719,7502500
2019-09-09,50.07557678222656,51.05156487239008,49.78278150074377,51.02153385277244,10310900
2019-09-10,51.186710357666016,51.186710357666016,49.28729243244658,49.60260960065319,12155700
2019-09-11,52.17021179199219,52.357901435810675,51.09662680023713,51.33686931521146,8369100
2019-09-12,53.17621994018555,53.43147505207519,52.69573501253151,53.12366708021814,9560100
2019-09-13,52.935970306396484,53.686728620147775,52.913448473436965,53.4164551689708,8135600
2019-09-16,52.988521575927734,53.27380766460947,52.34286898716746,52.830863022090625,5992000
2019-09-17,53.75429153442383,54.12216148668133,52.823352873926204,52.935967761140446,9013500
2019-09-18,53.50654220581055,53.91946156722975,53.161194070728726,53.81435586211056,6252600
2019-09-19,53.80685043334961,53.987036564280146,53.46150227414702,53.60414819584243,5541200
2019-09-20,54.3474006652832,54.805363752123405,54.05460534456007,54.05460534456007,12968700
2019-09-23,54.7527961730957,55.39093950240118,54.09213101407117,54.30234239522304,8092300
2019-09-24,54.76780700683594,55.42847787185521,54.18221654217275,55.42847787185521,8223800
2019-09-25,54.12215042114258,54.98552340948948,54.069597581564764,54.71525002656645,5922700
2019-09-26,55.578636169433594,55.90146246834195,54.520069942298676,54.767815828757094,10324100
2019-09-27,56.19425582885742,56.41197641629846,55.496050402867574,55.71377099030861,7677300
2019-09-30,56.847434997558594,57.387982038396366,56.2693477402832,56.2693477402832,8315100
2019-10-01,54.978023529052734,57.08014297675522,54.76030297154303,56.975037290761605,10910800
2019-10-02,54.152198791503906,54.80536063090537,53.7317759401182,54.72277675255006,8380500
2019-10-03,55.4434928894043,55.511064107052206,54.084622356659494,54.099635000675356,6228500
2019-10-04,56.05161666870117,56.351915402371624,55.518573242424395,55.72128118826625,7007500
2019-10-07,55.80387496948242,56.509583992343615,55.61618536368798,56.09667029629517,5163500
2019-10-08,55.20325469970703,56.119180705942604,55.12067083174605,55.46601894875059,6121500
2019-10-09,55.03057861328125,56.02157921288886,54.99303841197022,55.60865990978963,5851000
2019-10-10,55.89393997192383,56.029076663190814,54.95549231807802,54.970510688124314,7329400
2019-10-11,56.08436584472656,56.625175974950174,56.038665380900916,56.34334869955743,7164900
2019-10-14,56.18339920043945,56.495695432943215,55.90156607388825,56.09961113069049,5040900
2019-10-15,56.747066497802734,57.1126877382736,56.21387490894155,56.51855249608939,6028300
2019-10-16,56.9375,57.11269486468771,56.62519787944679,56.655666804233924,8288300
2019-10-17,57.23455047607422,58.026724888882555,56.86131641039829,57.12029348946068,6811300
2019-10-18,58.24000930786133,58.78081958491321,57.28787731065325,57.31072754876984,9480200
2019-10-21,58.87983322143555,59.29876772936331,57.775356839404836,58.55991251791723,7839100
2019-10-22,59.31401062011719,59.9157586750901,59.22260386611496,59.451117845444585,6062000
2019-10-23,59.222599029541016,59.42825694506055,58.796045835070025,59.25306794505343,6136700
2019-10-24,58.49898910522461,59.32924537294931,58.08004872431164,59.29115777055642,5699300
2019-10-25,58.29331588745117,58.49136092731069,58.05718906273296,58.1866775916848,5497000
2019-10-28,59.66439437866211,59.70247616759714,58.26285320930036,58.39996043444062,7146400
2019-10-29,59.771034240722656,59.97669217810707,59.100729650887736,59.496819783308744,6391500
2019-10-30,60.67746353149414,60.7764831554063,59.42064828154646,59.80150103538807,7222500
2019-10-31,60.593666076660156,60.73838614898806,59.9766807592694,60.71553591711265,10009400
2019-11-01,62.26942443847656,62.59695803494953,60.273753942367804,60.959290052584684,13356300
2019-11-04,63.213951110839844,63.46531537342269,62.56650246196072,63.18348218707044,9127900
2019-11-05,62.33797836303711,63.526242952560494,62.056151033592506,63.3510481220432,7475600
2019-11-06,62.52079772949219,62.65028628818997,61.20304447002205,62.284665039178634,9303600
2019-11-07,62.46745300292969,62.90923765834273,61.759066844619696,62.61979173771346,6561500
2019-11-08,64.90493774414062,65.09536415665531,62.52841402387039,62.53603270754979,11364100
2019-11-11,65.24769592285156,65.26292747585758,63.907092615603155,64.7068799038338,8726300
2019-11-12,65.84183502197266,67.24337055990314,65.16391749157219,65.20199928539593,12165900
2019-11-13,66.0094223022461,66.47405745779484,64.99635227202597,65.30864860392138,5798800
2019-11-14,66.74825286865234,66.839659623472,65.45335580447629,65.87229616654311,5425600
2019-11-15,67.50997161865234,67.93653074670115,66.46643856725699,67.10626854230058,8036700
2019-11-18,67.58612823486328,68.10408818174257,67.27382620583465,67.2890577580878,5772300
2019-11-19,67.8070068359375,68.86578260538805,67.72322459494772,67.98982030178036,7504800
2019-11-20,66.42073059082031,67.57852643728059,65.91800788194243,67.57852643728059,10933000
2019-11-21,65.90275573730469,66.16935730505226,65.16390630139357,66.10841947177558,9614100
2019-11-22,65.54476165771484,66.10842210963625,64.98109539444157,65.99416512052129,7784700
2019-11-25,66.84728240966797,66.93868335874683,65.55237945464519,66.154127551941,9522100
2019-11-26,66.81680297851562,67.1748054696963,66.21505497588132,67.14433655434566,6431400
2019-11-27,67.28144073486328,67.647056079887,66.73301190597657,66.9234382598205,4711800
2019-11-29,66.8244400024414,67.09864869316023,66.43596848928084,67.03009797331877,3042800
2019-12-02,66.29122924804688,67.05293475393982,66.26837901268638,66.90820884818757,6526400
2019-12-03,65.46858978271484,65.8722986062733,65.19437531945167,65.47620846540332,10054500
2019-12-04,66.42073059082031,66.68733221834735,65.59809290253352,65.64379338206253,6174600
2019-12-05,66.05513000488281,66.45883316189483,65.70474602311097,66.45883316189483,6072100
2019-12-06,66.25313568115234,66.80917734724468,66.10079112024631,66.42832466200579,6044600
2019-12-09,65.84183502197266,66.81681727642041,65.79612873349049,66.43596447006722,5582700
2019-12-10,65.9332504272461,66.23031521640297,65.66665456663786,66.20746497282997,7816000
2019-12-11,66.03987884521484,66.46643796942699,65.68188206412411,66.03987884521484,7326400
2019-12-12,67.58612823486328,67.746085684603,66.07794886233634,66.08556754413866,6260500
2019-12-13,66.90821838378906,67.86035040185087,66.51975270459376,67.62422352100438,5975200
2019-12-16,68.11933898925781,68.64491776650453,67.22814474107236,67.31954570313047,6723300
2019-12-17,68.61443328857422,68.6829839945788,67.84510910130703,68.55349545344673,8750000
2019-12-18,68.04315185546875,68.69060035055466,67.80701920518443,68.59158073033971,6490100
2019-12-19,67.61661529541016,68.30977030121323,67.45665778899873,68.30977030121323,5447000
2019-12-20,68.01268768310547,70.06929029597654,67.90604937348117,68.85818128894962,19134800
2019-12-23,68.7439193725586,68.91149550749356,68.04315172769567,68.19549049871749,5907200
2019-12-24,68.43924713134766,68.8581875367066,68.11933217344767,68.8581875367066,1798800
2019-12-26,68.42401123046875,69.10192870782723,68.1345594010221,68.70583856585354,4066700
2019-12-27,67.9441146850586,68.76675785523528,67.66228742569574,68.53824973775329,4087800
2019-12-30,67.42617797851562,68.34784687976267,67.1519693056109,67.95937539183936,7014800
2019-12-31,67.44141387939453,67.48711435532671,66.93868539873074,67.19004963906264,4702100
2020-01-02,68.21073913574219,68.22597069082103,67.41856461053342,67.85273657218748,5639200
2020-01-03,67.56327819824219,68.08885687366649,66.95391726094712,67.1595751970881,5988500
2020-01-06,68.09648132324219,68.26405748387977,67.01486077357552,67.19766848911084,6786600
2020-01-07,67.7080078125,68.20311759644125,67.22813539435208,67.73847673273433,7242500
2020-01-08,68.18788146972656,68.59920318333583,67.69277748814085,67.90605412230437,7696800
2020-01-09,68.71346282958984,68.72870019624683,67.82988733812148,68.56112403113578,7518000
2020-01-10,67.83747863769531,68.7743788031751,67.66228965631872,68.72867834044222,8581400
2020-01-13,67.42617797851562,68.17265203262781,66.96915577520429,68.17265203262781,9292200
2020-01-14,68.09009552001953,68.27537893861715,66.98614018280773,67.24090046597964,8876900
2020-01-15,68.90840148925781,69.38703549591324,68.07464394946001,68.07464394946001,8490100
2020-01-16,68.90840148925781,69.32528025915671,68.64591964604804,68.94699777599749,7073200
2020-01-17,67.93569946289062,68.91613253405244,67.77358088686545,68.80805348336898,10122300
2020-01-21,67.927978515625,68.344857382302,67.6037413603873,67.68866145674002,13552000
2020-01-22,67.32581329345703,68.06692921825473,67.27949538874024,67.95885018067169,6438900
2020-01-23,65.82813262939453,67.21772855163225,65.61197457257207,67.20229121465863,12266800
2020-01-24,64.49259185791016,65.99026703490082,63.8904354972258,65.95166485183492,13215400
2020-01-27,64.8631362915039,66.33765227344303,64.84769895472206,65.65829754760217,13832000
2020-01-28,64.67015075683594,65.61198752451025,64.5697933220334,65.61198752451025,8614400
2020-01-29,64.2301025390625,64.84770205746072,64.17606302294257,64.69330512279392,5703200
2020-01-30,63.13388442993164,63.913602687385335,62.6706876227817,63.751484099376206,10870000
2020-01-31,62.547157287597656,63.08755840131739,62.07624481530597,62.948598788059876,13870100
2020-02-03,63.535316467285156,63.76691189124402,62.469957491529705,62.77103566558249,10143700
2020-02-04,65.12564086914062,65.39583853113021,64.53120012289622,64.53120012289622,8251500
2020-02-05,66.87805938720703,67.27177927911293,65.52706541700931,65.66602503239574,10020600
2020-02-06,67.30264282226562,67.90479903998823,66.56152702430973,67.85075953044556,7769700
2020-02-07,71.24756622314453,71.78024575668599,68.61505501578547,69.27897255647389,19090300
2020-02-10,73.14666748046875,73.72566484838804,71.10859721658215,71.30159633922192,13998300
2020-02-11,74.11166381835938,74.94542144988372,73.34738893439498,73.54038805892196,10682800
2020-02-12,75.4935302734375,75.54756978699582,73.88777631361113,74.0962186443827,10591000
2020-02-13,73.60987091064453,75.16158564735952,73.51723509284243,74.76786575210156,10613000
2020-02-14,72.60626983642578,73.57126541697441,72.39010587889578,73.51722590005832,11175800
2020-02-18,72.26660919189453,72.95368576120752,71.99641153371535,72.31292710762033,9406300
2020-02-19,72.67574310302734,73.17754195811153,71.81110498519206,72.39010230493565,6349100
2020-02-20,72.74524688720703,72.86876328841873,71.47916696311823,72.51364553636795,5446200
2020-02-21,73.30880737304688,73.74112364882744,72.08905114938881,72.53681065780013,6676000
2020-02-24,71.90375518798828,72.46731523745503,71.13948028462138,71.15491762343447,10705100
2020-02-25,68.8466567993164,72.150801294174,68.020620675602,72.04272224171541,11366400
2020-02-26,68.25221252441406,70.39064021068627,68.08237235419477,68.41433108056907,9786900
2020-02-27,65.94393157958984,69.05507615304407,65.00209502199657,66.53837211046796,14184100
2020-02-28,66.1678237915039,66.1678237915039,62.97948015082521,63.9135952723335,18450000
2020-03-02,68.46836853027344,68.53784538515504,64.50030716181949,66.39169614967204,12171100
2020-03-03,67.60372924804688,70.17447885369552,66.12921908348729,69.04736473752499,12660900
2020-03-04,70.83068084716797,70.9156009357217,68.6690882310355,68.91612688231926,16590400
2020-03-05,69.95059967041016,70.79979459793469,69.0396436125544,69.5259992617151,9688400
2020-03-06,68.56874084472656,69.29441956595663,67.36442797959316,68.49926397475359,12664600
2020-03-09,65.82813262939453,67.42616499503525,63.63566560749205,64.84769976027398,15806200
2020-03-10,67.57284545898438,68.10552487163957,64.6624215575154,68.0823659215007,12965800
2020-03-11,65.50389862060547,66.88577299432458,64.51574409165596,66.23729879340107,10382200
2020-03-12,60.68663024902344,62.755580590261005,59.490033615560264,60.87190771379958,19935700
2020-03-13,65.90534973144531,66.63874412178593,62.292405524667366,64.35363496645398,21867700
2020-03-16,57.33619689941406,63.44269411154406,56.80352313895589,60.98774417376489,20916000
2020-03-17,56.37118148803711,59.99184693528694,54.032033049956574,58.44785394488491,23205000
2020-03-18,54.83491134643555,55.112830562154926,49.9404562837911,54.03975588085298,23712800
2020-03-19,54.85807800292969,57.78394590327315,50.434540662971294,53.34496533256951,19739900
2020-03-20,53.12879943847656,56.355745077117085,51.57708480842362,56.355745077117085,18844500
2020-03-23,49.79377746582031,52.30276625285777,48.28838360461121,52.01712540905858,19219000
2020-03-24,52.10205078125,55.44479759448743,51.793250952036956,52.61929299837524,18376300
2020-03-25,52.42628860473633,54.564716459432155,50.60437627321516,52.4340043295425,20017300
2020-03-26,56.99650192260742,57.36705693722231,53.08247997777634,53.12879788213675,15979400
2020-03-27,56.10098648071289,57.94605771816996,54.58787398710064,55.298109381882,12293300
2020-03-30,58.08501052856445,58.85700696899144,56.71857942054946,56.75717570865156,10671600
2020-03-31,58.818424224853516,60.153975076001366,57.46743014301642,58.20854618969733,20474400
2020-04-01,56.67998123168945,57.12001899810785,55.14370985628008,55.67638932242134,12948000
2020-04-02,58.000099182128906,58.285740028448004,55.166873232724576,56.18590845193193,8077800
2020-04-03,56.64139175415039,58.23942445493249,56.00835478789532,57.62954644392742,8062700
2020-04-06,58.46330642700195,59.644460309240394,57.15090864350731,58.471022152471846,10266500
2020-04-07,58.200809478759766,60.6634799368067,58.09273045143469,60.5090771192957,11591700
2020-04-08,60.64805221557617,60.97229527031356,57.72990595200704,59.011423160591065,12218500
2020-04-09,61.56671142578125,61.82147164524863,60.648033847022205,60.648033847022205,9425900
2020-04-13,61.9913330078125,62.78648861053244,60.72525898000983,62.26925227146353,9293500
2020-04-14,64.34967803955078,64.91380623009935,62.90802242166645,63.16658217195243,11072700
2020-04-15,64.10679626464844,65.06267954489716,62.383076432457685,63.08039994456548,8977300
2020-04-16,64.13815307617188,65.59548269966342,63.91877115052095,64.81980918319506,10326900
2020-04-17,65.38391876220703,66.43382545773811,64.63958652062844,65.81485173009442,10734800
2020-04-20,65.80702209472656,66.85692890416814,64.74144771098375,65.4544448847168,9126300
2020-04-21,62.962867736816406,65.00782943386008,62.69647121292924,64.64741553024224,9627500
2020-04-22,63.83255386352539,64.6003902342982,63.25275819898379,63.64451315729416,7033300
2020-04-23,64.27915954589844,65.68164312893688,64.21647731278117,64.38885046500027,7869600
2020-04-24,65.49361419677734,65.55629644689914,64.52206323072308,64.92949187880635,6770700
2020-04-27,66.35546112060547,66.53566506577813,65.6424641802348,65.8383416722874,9209700
2020-04-28,64.84329986572266,67.35836665922669,64.53773139402549,67.14681557715456,8341000
2020-04-29,65.62681579589844,66.40248921742327,64.35752712436913,65.5954746706832,8231700
2020-04-30,64.40454864501953,65.23507368429357,63.64454862365545,65.00785496452961,15535800
2020-05-01,64.90595245361328,65.99503663367771,63.07254229230345,64.20862917232478,12705300
2020-05-04,64.13815307617188,64.9059898159501,63.558357132993144,64.42021725992566,6833000
2020-05-05,66.88826751708984,67.75796431199011,64.71794092884024,64.99216830162221,10927000
2020-05-06,66.92742156982422,69.06640646180652,66.79422630685315,67.60124063600432,17042600
2020-05-07,65.98723602294922,68.04002910856991,65.47011637445274,67.78930606079528,11941800
2020-05-08,65.78350067138672,66.33196127292399,64.6003988654592,66.14391456386186,20188100
2020-05-11,68.87054443359375,69.309308211436,65.79918603328166,66.66104601591815,19219800
2020-05-12,70.87633514404297,72.26315160757379,69.3171514500795,70.5159211532514,23492300
2020-05-13,69.63053894042969,72.27096393181303,68.7373379790284,71.09569887968428,23562600
2020-05-14,70.46890258789062,70.89199877291084,68.50229049947475,68.65115933615998,13379500
2020-05-15,71.07221221923828,71.41695863317537,70.06148330559347,70.52375744952808,14071200
2020-05-18,71.66766357421875,73.38355245694348,71.54229909981551,72.082922934692,16300200
2020-05-19,71.45610809326172,71.80869117240722,70.17115219873347,71.50312275710519,9892500
2020-05-20,71.44827270507812,72.5060099191156,70.43754417415587,72.18476797727779,10661500
2020-05-21,72.8821029663086,72.96828955090676,70.7901325460599,71.51879713912159,10393200
2020-05-22,72.1612777709961,72.87427481900961,71.87138286472438,72.7645838851164,5507000
2020-05-26,71.07221221923828,73.313051954412,70.75880693181445,73.21902857487225,11869800
2020-05-27,70.500244140625,71.29942184318128,69.38765521276132,70.9390079006396,12529500
2020-05-28,70.53939819335938,71.44827258341552,70.51589385184178,71.19754964438388,8765900
2020-05-29,72.60787963867188,72.78025281735752,70.20250386725793,71.29941920440571,13758800
2020-06-01,71.06436157226562,72.91344583166747,71.05653077544729,72.12210495807572,8486500
2020-06-02,71.33075714111328,71.84787067637525,70.55508384936662,71.27591167558994,9413300
2020-06-03,71.21324920654297,71.69119095781177,70.20252022325529,71.66768660573447,8588400
2020-06-04,72.89778137207031,73.24252773343301,70.71178744723528,70.7352917941086,9525700
2020-06-05,73.53242492675781,74.85655896691989,72.71757366955869,73.25819757522636,9630100
2020-06-08,74.11221313476562,74.44129190048633,72.71756619515021,72.79592198271204,6621400
2020-06-09,75.35015106201172,75.73407524454383,74.24540513204654,74.39426795890166,9555900
2020-06-10,75.92213439941406,77.84173186745869,75.84378458029738,75.99264744330665,11138300
2020-06-11,72.28662872314453,75.91427759261678,72.10641880679113,74.97406805589463,12584800
2020-06-12,72.44332885742188,74.22973057706955,71.32290939603493,73.44622063142012,8010100
2020-06-15,72.92911529541016,73.67344743556626,71.12703982869613,71.51095807105085,7120200
2020-06-16,75.26397705078125,75.37366798475402,73.24252556920638,74.32376733738398,9366100
2020-06-17,75.01326751708984,76.07884190484856,74.64501675368238,75.88296434794746,6212200
2020-06-18,75.39718627929688,75.56955349539913,74.63718045806431,74.87222992240822,4571600
2020-06-19,75.77326202392578,76.94069041411616,75.02109303561944,76.56460890881685,9210900
2020-06-22,76.21202850341797,76.23553882883586,75.07594119424688,75.7184192683858,6004300
2020-06-23,76.24336242675781,77.64584615885947,76.03965411403566,77.11305907614883,6715600
2020-06-24,74.54314422607422,76.1258378437465,73.924170581312,75.57737723281062,9025100
2020-06-25,75.99263000488281,76.05531223687535,73.90065982821196,74.57447887786505,6411700
2020-06-26,75.31880950927734,76.0239696613892,74.46478653117438,75.91427874636142,14568400
2020-06-29,75.56172180175781,76.25904536648095,74.96625240593859,75.60873049852759,6676400
2020-06-30,76.9250259399414,77.47348064796783,75.08377830275784,75.19346924436311,8112500
2020-07-01,77.67720031738281,78.08462896663153,76.39224407475237,77.17575427039085,6522900
2020-07-02,77.47347259521484,78.34316924019296,76.67429496405765,77.9200730903895,6158800
2020-07-06,77.5753402709961,78.19431399601541,76.7448154616534,78.06894950490408,7039000
2020-07-07,77.84171295166016,78.89161940135847,77.22273936894746,77.3167627156643,6345600
2020-07-08,77.78688049316406,78.79760922287798,77.21492147708032,78.1551311905452,6154400
2020-07-09,76.73697662353516,78.17863225400724,75.85160643652969,77.63017760713358,5817300
2020-07-10,75.8672866821289,77.0425518672081,75.49903596770417,76.83100078637746,6202500
2020-07-13,76.67430114746094,78.00626596604177,75.93779971866259,76.28254608579508,8507400
2020-07-14,78.41112518310547,78.59352857425202,76.08742118458791,76.90428535954804,6765600
2020-07-15,79.68797302246094,79.68797302246094,78.37146901545515,79.30729534252359,5661600
2020-07-16,79.24386596679688,79.48972275238667,78.36355430545119,79.06146253465084,4269200
2020-07-17,79.9655532836914,80.32243371896556,79.24385393816637,79.5372931309623,6890900
2020-07-20,78.94248962402344,80.29864377051204,78.72043014515985,79.91003968250078,4823300
2020-07-21,77.24530792236328,79.15661061971765,77.06289847830601,79.15661061971765,8239000
2020-07-22,77.48323059082031,77.94321438838907,76.87256703593322,77.56254273228635,4441800
2020-07-23,77.74493408203125,78.4507684668408,77.28495035578105,77.9114786620875,5127200
2020-07-24,77.01531219482422,77.87183240558399,76.4998135836818,77.76080268018914,5169400
2020-07-27,77.05496978759766,77.63390964567152,76.34120293115983,76.41257659147044,5030700
2020-07-28,76.69808959960938,77.41978893859368,76.499821348328,76.9280814971758,5941800
2020-07-29,76.9360122680664,77.24531024936522,76.64257308423588,76.8249825337882,5512000
2020-07-30,76.16673278808594,76.72188147614284,75.66709896883474,76.38085983900307,6411500
2020-07-31,75.27055358886719,77.12634131358378,74.19197393580131,75.77018734921407,14613000
2020-08-03,76.08744049072266,77.06291708381664,75.38953224130987,75.49263562397384,6919000
2020-08-04,74.77885437011719,76.15879970467822,74.59644491666747,76.07156119007185,7865100
2020-08-05,73.95405578613281,75.18332133206711,73.8588848497766,74.92160579508754,6918900
2020-08-06,73.41477966308594,74.27130009869141,72.7882511620783,74.00958451270066,7269300
2020-08-07,73.69235229492188,73.75579959619712,73.12133868477997,73.50994886709013,5226600
2020-08-10,73.26408386230469,74.28714879050968,73.0816804549505,73.46235211853045,7623600
2020-08-11,73.49407196044922,73.98577938867108,73.0658118230947,73.20856520221288,7208400
2020-08-12,75.74639129638672,75.80190615510507,74.01749220258753,74.1126570742957,7705600
2020-08-13,75.08815002441406,75.73846962629908,74.5567925797194,75.4529628693089,6004200
2020-08-14,75.39744567871094,75.87328824213863,74.97711798017204,75.6432963588375,5488100
2020-08-17,76.41259002685547,77.13428943377738,75.54814327421353,75.5719344985002,7251400
2020-08-18,75.8574447631836,76.69016790466695,75.4609082051436,76.626726653888,4557400
2020-08-19,76.21429443359375,77.26115028157463,76.0160262347287,77.01529965119484,7672000
2020-08-20,75.50054168701172,76.15879368128343,75.08814641930718,75.73053356635965,6798000
2020-08-21,75.23090362548828,75.59571647146247,74.80264348873597,75.50054553529527,5269000
2020-08-24,74.95332336425781,75.53226320749147,74.69160784849488,75.26262131900812,4103600
2020-08-25,74.59644317626953,75.17538911872568,74.47748706882425,74.71540533438153,6710000
2020-08-26,74.8264389038086,74.87402739989265,73.70820908183897,74.15232804084341,5682800
2020-08-27,74.78678894042969,75.38952008506632,74.287149060498,74.81058016315652,5271500
2020-08-28,74.68367004394531,75.064347680414,74.17610389576424,74.96124433581531,4938300
2020-08-31,75.95260620117188,76.14294809683203,74.55680193700191,74.64404045984595,9932300
2020-09-01,73.15304565429688,76.07155429010517,72.3996287881252,75.75432390673478,15783600
2020-09-02,74.50922393798828,74.73921588965543,72.883427525447,73.01824851587207,9139200
2020-09-03,72.85962677001953,74.79472099021179,72.24102467884245,74.4536993203581,8921900
2020-09-04,72.85962677001953,73.8588945043808,71.83656176045848,73.02617139241308,9444800
2020-09-08,71.5510482788086,72.85168753749024,70.94037866976076,72.58203956643008,8563900
2020-09-09,72.6692886352539,73.30374955874917,71.78105060316187,72.05862498819063,5373500
2020-09-10,71.0989990234375,72.49480926365234,70.9641780592199,72.22516128455004,10403600
2020-09-11,71.13864135742188,71.64620756252933,70.61521635557138,71.2258798661747,8385800
2020-09-14,71.76517486572266,72.37584447081763,70.94831063483824,71.41622685633527,5212300
2020-09-15,72.09828186035156,72.94686987575476,71.88414872477561,72.48688600367919,3851300
2020-09-16,71.20208740234375,72.38376438572423,71.13071374224678,72.18549615123312,6304400
2020-09-17,71.08311462402344,72.0189407929347,70.72623427556242,70.82140519212922,5604700
2020-09-18,71.46380615234375,71.77310412806884,70.47246493510522,70.97209873035347,10076300
2020-09-21,70.65487670898438,70.92452469839485,69.13217787090382,70.694532782643,7328300
2020-09-22,70.26626586914062,70.54384020616016,69.73490841675083,70.50419018696694,5306100
2020-09-23,69.1083755493164,70.79761873429752,69.09251675280001,70.58349170266129,6253000
2020-09-24,68.13290405273438,68.99735071484164,67.66498783832148,68.99735071484164,9980800
2020-09-25,68.3866958618164,68.88632973501642,67.77602618834885,68.2042863870921,9935600
2020-09-28,69.21941375732422,69.94903949979515,68.8942569582377,69.22734618188743,6306900
2020-09-29,68.91011047363281,69.21940845054735,68.45012669490524,69.08458749664443,5508900
2020-09-30,69.46527099609375,70.13938798202521,68.8466749366595,68.99736076419725,8209300
2020-10-01,69.1083755493164,69.92523970990351,68.78321879006639,69.92523970990351,8777300
2020-10-02,68.2994384765625,69.27491472877178,68.24392361709259,68.60080399216118,5554300
2020-10-05,69.73490905761719,69.93317730740563,68.37082253096602,68.59288200262239,5984200
2020-10-06,68.1170425415039,69.83800957654208,67.97428915307367,69.7666359076605,8743800
2020-10-07,69.05286407470703,69.23527352226336,68.22806745004654,68.33117080979576,5899700
2020-10-08,69.2669906616211,70.2504055060993,68.93390146462039,69.2114757954543,5535100
2020-10-09,69.55250549316406,70.34557855945177,69.27493113009683,69.32251962852787,6005800
2020-10-12,70.04420471191406,70.26626417617949,69.25113173915658,69.92524255586711,7314900
2020-10-13,69.65560913085938,70.42489097621012,69.37010234184946,69.79836252536434,7851700
2020-10-14,69.18934631347656,70.02537493861762,69.0526893804509,69.80029148820734,5863900
2020-10-15,68.51409912109375,68.92406993907247,68.29704997457388,68.65879650775221,6190900
2020-10-16,69.35012817382812,70.05754041204972,68.94015731729323,69.04465861018282,5358500
2020-10-19,67.77454376220703,69.76815188594233,67.62984634892733,69.60737357503963,10288000
2020-10-20,67.72628784179688,68.19253556831057,67.05907190210277,67.6780574332138,6932100
2020-10-21,66.6330337524414,67.63787502163984,66.36775418543756,67.18770809561954,9776900
2020-10-22,67.77454376220703,68.24079166422668,66.65716056696145,66.73754665588007,8080100
2020-10-23,67.79865264892578,68.44979401445573,67.47710832325629,68.03981702624279,4238700
2020-10-26,67.4610366821289,67.78258718497688,66.56873694993203,67.59769365259294,7986300
2020-10-27,66.48835754394531,67.73436356788719,66.46424232709305,67.525354800057,6705600
2020-10-28,64.7037582397461,66.08642125515335,64.50278992083379,65.39508974744972,11480200
2020-10-29,64.84844207763672,65.41115693244417,63.59440199314511,64.71178512136572,8876700
2020-10-30,68.40960693359375,69.2456357833879,66.72147446882693,66.88224665287494,18089100
2020-11-02,70.9417953491211,71.17491926527292,69.13308102010667,69.15719622986988,10781400
2020-11-03,70.70867156982422,71.85821025758976,70.28261984167764,71.65724199842141,8518800
2020-11-04,75.96601104736328,78.36958999710623,74.49492174244692,74.87274309614224,25849000
2020-11-05,75.31485748291016,76.78594029752298,74.76018319341088,76.65732381670598,8013000
2020-11-06,74.6396255493164,75.28272656388623,73.72321059004719,74.74413299069684,7006900
2020-11-09,76.46441650390625,77.93549971243259,76.10266990529911,76.96281393349123,11028900
2020-11-10,79.47893524169922,79.68793783093729,76.87438199379473,77.17985769556037,12267200
2020-11-11,78.90013885498047,80.28280144320702,78.59466317944957,79.70401188226897,9476500
2020-11-12,78.45800018310547,78.57858235450779,77.3968881142802,78.37761411319191,7646600
2020-11-13,79.61558532714844,80.02556228816155,78.2972340535616,78.30527450108936,6888600
2020-11-16,79.06895446777344,80.82139797936422,79.04483925732616,80.3551501338344,8611300
2020-11-17,79.75225830078125,80.59632760199247,79.3744369208689,79.88088095482192,11593500
2020-11-18,79.35836029052734,80.62044092157731,79.32620462777291,80.38731696640686,8880600
2020-11-19,80.12202453613281,80.50788629441709,79.25384017979164,79.39050325791051,7550300
2020-11-20,81.06255340576172,81.85839212131167,79.2779604308383,80.34710689966775,9682500
2020-11-23,82.13976287841797,82.60601080100157,81.24746314601566,81.94683502989106,7541500
2020-11-24,83.5706558227539,84.26198725453519,82.46131303209046,82.70247130846128,9322200
2020-11-25,83.76356506347656,83.97257376302194,83.11242988893116,83.45809552803667,6368100
2020-11-27,84.31825256347656,85.04978005953829,83.84397035812556,84.39060433475528,4418800
2020-11-30,84.06903076171875,84.74428106515572,83.32142870687719,84.5031228709555,20726500
2020-12-01,83.63494873046875,85.51600863076484,83.63494873046875,84.44686218815782,7623500
2020-12-02,84.39863586425781,84.7121458856308,83.05616924626933,83.60280320485444,5492200
2020-12-03,84.1976547241211,84.96937205368445,83.8439547812363,84.40666341746038,4693600
2020-12-04,86.23951721191406,86.26363242698628,84.42276203532823,84.42276203532823,7235800
2020-12-07,85.0819320678711,86.18324050183368,84.37452589699222,86.04658353695916,6532500
2020-12-08,86.5690689086914,87.09962179884145,84.88897146824618,84.96935752638248,6688200
2020-12-09,87.35688781738281,87.7427496017773,86.52085906208225,86.73790823238696,7350700
2020-12-10,86.40831756591797,87.67843853238718,85.74914187103957,87.67039808415092,6285700
2020-12-11,85.48384857177734,86.35203285015338,84.87290953119928,86.02244812208679,5205200
2020-12-14,83.76356506347656,86.87455581542616,83.67513854186369,86.36007758044089,8272700
2020-12-15,82.65424346923828,84.7684278103454,82.25230686296246,84.76039349402733,12101000
2020-12-16,84.11727142333984,84.73625707664189,81.91466108933335,82.39698366956672,9182100
2020-12-17,84.31825256347656,84.80861566602964,83.69123250003238,84.29413735073875,6360600
2020-12-18,83.96454620361328,84.45490930489203,82.95970478838063,84.43079409221689,13906800
2020-12-21,83.36968231201172,83.53849493483354,81.63331952508346,82.6060052849989,6664600
2020-12-22,82.63814544677734,83.20085408397469,82.00308505161794,83.12850845907681,4002900
2020-12-23,83.02400970458984,83.54652842680527,82.72658059379299,82.8471566478648,3659100
2020-12-24,83.0079574584961,83.11245877806032,82.47739814440129,82.88737523865032,1378600
2020-12-28,83.1606674194336,83.50633308810316,82.57384350733763,83.32144571478273,3948900
2020-12-29,84.16549682617188,84.70409637285157,83.56259210354008,83.56259210354008,5096400
2020-12-30,84.62372589111328,85.3954495312629,84.48706892417525,84.49510937313205,5328400
2020-12-31,86.13499450683594,86.23949579054667,84.28608412505665,84.61567500401752,6148100
2021-01-04,84.73626708984375,86.29577674578191,83.49026132169259,86.15911978962896,9523400
2021-01-05,85.61249542236328,86.03050678597049,84.10925033709042,84.73627658209988,6823800
2021-01-06,84.87293243408203,86.16716875394737,83.74750874727752,84.20571621788996,11017500
2021-01-07,85.78130340576172,86.06265778264977,84.86488850214614,85.29898074065859,8196000
2021-01-08,86.23145294189453,86.44046163656012,85.01760914275651,85.88578731085936,5345900
2021-01-11,87.63825988769531,88.07235218297872,86.07070948783819,86.07070948783819,6334200
2021-01-12,88.24919891357422,89.05307211356387,87.71864579077526,87.79903188416105,6106900
2021-01-13,90.39553833007812,91.16726199442341,88.1848870436923,88.26527926964984,9821300
2021-01-14,90.78589630126953,91.64797211819395,89.05362258874938,90.0295502173924,8268800
2021-01-15,89.88317108154297,90.72897802195759,89.03737034592562,90.4361984577834,9196200
2021-01-19,91.23320770263672,91.33893123971632,89.67172088449139,90.47686155559803,7723800
2021-01-20,91.5910415649414,91.9814101278951,90.65577398380367,91.82689208225763,6554600
2021-01-21,90.4849853515625,91.69676345949355,90.07834781959136,91.5991682180938,5417000
2021-01-22,90.15968322753906,90.76150509854027,89.03736575921839,89.98889619136833,5185500
2021-01-25,89.86689758300781,90.46059112973002,88.8177719707211,89.2406784928566,6928200
2021-01-26,88.48434448242188,90.51753248794813,88.28915396643724,90.51753248794813,5554600
2021-01-27,83.5965576171875,86.77646038711194,83.43389885612912,86.43488629608528,11887900
2021-01-28,84.75138854980469,85.50773456177902,83.85678727446201,84.58060154126802,8534300
2021-01-29,83.34442901611328,84.97910738272392,82.79953002244692,84.58060434957366,9380400
2021-02-01,83.19804382324219,84.49114823235634,82.84020079968012,83.7673339018214,7518200
2021-02-02,84.14956665039062,84.83271468351607,83.36068889442723,83.66973116587027,10481300
2021-02-03,86.97976684570312,87.48399962625663,84.58874234291505,86.36981053905781,12101900
2021-02-04,88.26473999023438,88.54938501615112,85.59719882484968,86.91470663668802,9077800
2021-02-05,88.42740631103516,89.67984453254515,88.19155578223746,89.15934895340426,7251000
2021-02-08,86.89028930664062,88.63070334049004,86.05261713342611,88.55750537133794,9199100
2021-02-09,85.71919250488281,86.61379382929657,85.48334199307256,86.20715629958157,5506900
2021-02-10,84.62126922607422,86.31287657028355,84.35288697742705,86.19089027980398,7446000
2021-02-11,84.37728118896484,85.13362718660957,84.02757269102598,85.04416644029061,5090100
2021-02-12,84.9384536743164,85.04417720389432,83.88932804771737,84.3854263565308,3738400
2021-02-16,84.74327087402344,86.36169294203715,84.59688109412264,85.6622757941552,5637300
2021-02-17,86.44302368164062,86.81712953741349,84.7026152111854,85.1499128582889,6940400
2021-02-18,86.25594329833984,86.70324702395162,85.56466079904543,85.65412154416778,5386600
2021-02-19,85.4020004272461,86.77643081217485,85.32067417683297,86.39419681475366,6702400
2021-02-22,87.06922912597656,87.57346191536497,84.7676653375534,85.1173738743493,10272500
2021-02-23,86.42674255371094,87.50839993095362,86.17462925705912,86.99603884926864,7058600
2021-02-24,88.3948745727539,89.00483091133533,85.88185123130417,86.20716251950694,7626200
2021-02-25,87.288818359375,88.89097130624981,87.07736509509392,88.22408596948328,6237600
2021-02-26,87.62226104736328,88.30541538522903,85.68666846553788,87.57346652494317,9250000
2021-03-01,88.16714477539062,88.81776104548126,87.89062805188539,88.26473380326655,4709500
2021-03-02,87.71172332763672,88.95603330927767,87.6791915771942,88.52499847430892,5487000
2021-03-03,86.78457641601562,87.13428492190641,85.76798264363498,86.9065689096605,7218700
2021-03-04,85.9225082397461,87.63038456336285,85.35321199534312,86.61379077492478,7503700
2021-03-05,86.77645111083984,87.01230163556446,84.63753982114625,86.21529550836769,7277800
2021-03-08,86.296630859375,87.96384747986833,86.0445175361501,86.89845276229765,6049400
2021-03-09,86.8496322631836,88.39485590217016,86.56498727292708,86.59751901535576,6857500
2021-03-10,87.83372497558594,88.1265045552217,87.06111598781233,87.33762658813632,5762600
2021-03-11,87.72798156738281,88.34606613574654,87.29694058037637,87.93942861218272,4671400
2021-03-12,88.01263427734375,88.3054138162561,87.3213516678883,87.67106021687825,5341200
2021-03-15,89.67169952392578,89.75302577959879,88.12647584695625,88.37858910098126,6642200
2021-03-16,90.14340209960938,90.3385925758924,89.37892778428721,89.4195878132491,5570200
2021-03-17,85.42642211914062,85.46708215358088,83.60468752861794,84.38543092455623,19445600
2021-03-18,84.39353942871094,85.38573586750078,84.10889443515536,84.58059539864489,8675100
2021-03-19,84.10891723632812,84.93032690166142,83.70227964821423,84.52368931354752,10899100
2021-03-22,86.12583923339844,86.53247680654499,83.66974481690698,84.17397764133561,7627200
2021-03-23,85.26375579833984,86.15836334377087,84.99537973950693,85.69479679968225,6111600
2021-03-24,83.81612396240234,85.66226178505848,83.807995679424,85.24748977570461,9420100
2021-03-25,84.48302459716797,84.70261237339798,82.99473571346333,83.68601838477053,6281500
2021-03-26,86.19090270996094,86.30476073402613,84.45048818897104,84.4748916553824,6596900
2021-03-29,86.80084228515625,87.02042380202319,85.7923768315864,86.01196455324909,5472700
2021-03-30,86.8496322631836,87.04481651296014,86.10142080171066,86.9065612612349,5354100
2021-03-31,88.01263427734375,88.7933776461778,86.85778509874318,86.92284239254846,9048000
2021-04-01,88.25660705566406,88.6307190446487,87.28067946254637,88.58191832163538,5091700
2021-04-05,86.32099914550781,88.71202938567917,85.71917744460852,88.71202938567917,10584400
2021-04-06,85.70291900634766,86.434867762168,85.29628149809147,86.08515925687583,8522500
2021-04-07,85.56466674804688,86.31287830036726,84.71885995659055,85.82491451427988,8037300
2021-04-08,86.28849792480469,86.9553833440579,85.67854152165367,85.71920776378269,5881800
2021-04-09,87.45960235595703,87.60599211772569,86.24782423091433,86.52433477825711,5977500
2021-04-12,88.03701782226562,88.2972655713313,87.31320357627685,87.68730932775901,5647500
2021-04-13,88.01263427734375,88.12649229749891,87.04483490122807,87.85811001936312,6165100
2021-04-14,87.1729965209961,87.80682951174259,86.90958451078177,87.43640853121042,7766700
2021-04-15,87.9879379272461,88.03732572303127,86.94252314161594,87.24708958927587,5730500
2021-04-16,88.82756805419922,89.35439214287825,88.19372870110071,88.4818346433098,8207700
2021-04-19,89.40377807617188,89.50255994583084,88.17726635903885,88.87695399846756,4542900
2021-04-20,89.74950408935547,90.18577968453496,88.94280747795443,89.00042866448307,5411800
2021-04-21,91.20650482177734,91.73332888143588,90.01291415517741,90.37510805128197,6181100
2021-04-22,90.5891342163086,91.44521862129709,90.22694031249463,91.08303099772144,5046000
2021-04-23,91.6839370727539,92.00497029578034,90.17755282633694,90.3092557043855,4611000
2021-04-26,91.69215393066406,92.22721129930244,91.24764502196005,91.83209017593092,5202300
2021-04-27,91.73332214355469,92.07081583812263,91.0254011878412,91.5769191034996,3522900
2021-04-28,92.1366958618164,92.6635200283045,91.63456559684502,91.93090497552451,5116000
2021-04-29,91.28060150146484,92.696443749397,90.81963194362245,92.50711337800361,6766700
2021-04-30,91.78271484375,92.44947515715398,90.63851827322902,91.75802094773327,10575400
2021-05-03,94.4003677368164,94.74609481644424,91.85678986758288,92.52355641285094,9138200
2021-05-04,93.7583236694336,95.43757795882442,93.05863595224719,94.35100239277612,8151400
2021-05-05,95.30584716796875,95.71742882357769,93.79945680118298,94.09579609564044,7021400
2021-05-06,95.55281066894531,95.63512575435324,93.97233842025456,94.66379267396734,5803800
2021-05-07,95.28115844726562,96.2524914584559,94.63085864246351,95.79974910060696,6808200
2021-05-10,95.66803741455078,96.47473391208622,95.46224659453333,95.79974027363848,7093300
2021-05-11,94.5732421875,95.95615694579513,94.15342709652515,95.05891185749803,5784600
2021-05-12,94.630859375,95.48695002540809,94.202817189915,94.54031090272927,6208300
2021-05-13,95.9808578491211,96.47475466737095,94.67203096674704,95.11653998724354,6558200
2021-05-14,95.84091186523438,96.79577811314336,95.79975118444804,96.6064540540978,6268500
2021-05-17,96.21956634521484,96.89456006111166,95.94792092436612,96.12078447938671,6183200
2021-05-18,96.48297882080078,97.05096356152687,94.92720053817017,95.57750036068194,8174900
2021-05-19,95.36347961425781,95.89853708580569,94.15342839898074,95.86560979583861,6433600
2021-05-20,96.40067291259766,96.58999699069717,94.76257939229878,94.94367007736477,5526100
2021-05-21,95.5857162475586,97.36374555340969,95.53632218334256,96.73813974198198,5577800
2021-05-24,95.41287231445312,96.15371434720272,95.14945399851224,95.97261739511254,4821300
2021-05-25,94.30159759521484,95.48695490718724,93.99703115494965,95.46226100989422,6574200
2021-05-26,94.41683959960938,94.44976688928391,93.64307027309209,94.27690332867137,5802600
2021-05-27,92.45771789550781,94.8284263563326,92.21076634990081,94.76257805371093,26406000
2021-05-28,93.1821060180664,94.23576057720057,92.90223344158954,93.28912129279861,7104300
2021-06-01,92.36714935302734,93.83237896212617,92.22721310502068,93.59366086128327,6846200
2021-06-02,91.70039367675781,92.73758120228086,91.24765134570953,92.53179037548394,8100700
2021-06-03,92.36714935302734,92.53178577442107,91.08301666734296,91.46990440732154,6286100
2021-06-04,92.4906234741211,93.10799591296744,92.32599333585695,92.52355075782135,4255400
2021-06-07,93.02570343017578,93.93118197095026,92.46595203183976,92.77875188258332,5570100
2021-06-08,92.47417449951172,93.09154705724289,92.04613228945635,92.7540533247405,4114200
2021-06-09,93.84062957763672,94.18635670566552,92.80344191331186,92.91868428932145,4884000
2021-06-10,95.68450927734375,96.30188181069595,93.96410083225,94.13696438796002,6263800
2021-06-11,95.00951385498047,95.78328942591556,94.55677777345053,95.68450756146488,4471400
2021-06-14,94.99305725097656,95.05891182998067,93.99703029443302,94.72141182276333,4427600
2021-06-15,95.34701538085938,95.43756385466837,94.26866708738092,94.96012758917337,3590500
2021-06-16,95.10005950927734,95.92322284792633,94.8037202049447,95.66804422262126,6670200
2021-06-17,94.58148956298828,95.3964196881059,93.86533504077023,94.64734415174749,4172300
2021-06-18,93.1162338256836,94.00524540781254,93.05861264646933,93.54427597409845,7415400
2021-06-21,94.4415283203125,94.86957047367879,92.82812272317491,93.58543773334233,4666100
2021-06-22,94.41683959960938,94.89427587953256,93.74184586187734,94.24397603899683,4359900
2021-06-23,93.84062957763672,94.68848689266669,93.79946889467394,94.29337196927334,3837300
2021-06-24,94.44977569580078,95.64336650689941,94.0546607433425,94.18636363408227,7712300
2021-06-25,93.00101470947266,93.50313866512023,92.30955410585861,92.93516012241625,11709400
2021-06-28,93.01747131347656,93.9311832597714,92.88576214488974,93.23149557231072,5141800
2021-06-29,92.44123840332031,92.81165936541103,91.8732537332263,92.72934429386169,5795100
2021-06-30,92.72113037109375,92.95161513192124,91.8897335293328,92.3671698368976,5042600
2021-07-01,94.0546646118164,94.29338278385463,92.92692833982326,92.97631614085213,5306900
2021-07-02,94.80371856689453,95.06713057950137,93.75007051646719,94.26866114997003,5719500
2021-07-06,95.26468658447266,95.4046228310358,94.47444433040926,94.8037108895628,7172100
2021-07-07,96.10433959960938,96.28543657628417,94.91898213791197,95.412885267112,6695100
2021-07-08,95.77505493164062,96.15370932065355,95.22353699200688,95.28939156754947,3948800
2021-07-09,95.96439361572266,96.58176618461397,95.57750580104593,95.73390886150807,4823400
2021-07-12,96.82870483398438,97.4213834644988,95.99731435307096,96.14548401069958,8148400
2021-07-13,97.0592041015625,97.2073674915451,96.05494370120063,96.79578577206819,6540300
2021-07-14,97.68346405029297,97.8416107489812,96.87609289420475,97.27561905658709,6543400
2021-07-15,97.53362274169922,97.79164616593533,96.34337602790595,97.225654588392,4544600
2021-07-16,97.79997253417969,98.4908164174177,97.31721369888673,98.14123506093041,6826100
2021-07-19,96.06871032714844,97.38380944889488,94.67037845028243,97.10913564177338,6762000
2021-07-20,96.59308624267578,97.99141808324619,96.10200220478845,96.17691612762808,5581400
2021-07-21,97.3754653930664,97.44205412435537,96.3766598247356,97.08414763149082,4133800
2021-07-22,97.83328247070312,98.14125067675504,96.87608982780101,97.08417490885569,6257000
2021-07-23,98.3742904663086,98.77381020696453,97.85823725518858,98.19949978599014,4411100
2021-07-26,98.0413589477539,98.60735057256196,97.60853846100248,98.32435158503185,3730100
2021-07-27,98.18284606933594,98.46584503035675,97.1840404015895,98.0413497639513,3773100
2021-07-28,98.67394256591797,98.99022958568803,97.6335172176913,97.90818468343134,5650400
2021-07-29,98.9402847290039,99.15668861509758,98.34099875158648,99.07345586273448,4632200
2021-07-30,96.80119323730469,99.17336216060764,96.65137170792484,99.04850982774887,9017200
2021-08-02,96.09368133544922,97.58357117619093,96.06039331297377,97.29225335263858,9245500
2021-08-03,96.75956726074219,96.80950565047321,95.6275838583167,96.27680832583216,5902700
2021-08-04,95.78571319580078,96.98427878384524,95.64421688371077,96.3683488045549,4602000
2021-08-05,95.81900024414062,96.18522559154944,95.26132751808947,95.82731907345007,5132400
2021-08-06,95.2613296508789,96.17690891552816,95.24468564163598,95.93552950487077,5340400
2021-08-09,94.93670654296875,95.87725488812,94.67035797404336,95.36952693637927,5277900
2021-08-10,95.56930541992188,95.7440961070427,93.98785770517132,95.05325218871846,5120800
2021-08-11,94.65372467041016,96.00211167483941,94.51222836628513,95.85229654123751,6840400
2021-08-12,96.25183868408203,96.32675261858378,94.81189341799664,94.8535066258283,4863600
2021-08-13,96.95098114013672,97.18403536050523,96.3017505045014,96.40163360619557,4416400
2021-08-16,98.55741119384766,98.73220188279791,97.142428970997,97.38380840342892,8180500
2021-08-17,99.59783172607422,99.66441411611414,98.21614394115407,98.2827326814458,6551700
2021-08-18,97.62517547607422,99.81422775130983,97.5336175529416,99.18997264827007,5586900
2021-08-19,98.15787506103516,99.01518440750858,96.7262489736129,96.7262489736129,6145200
2021-08-20,98.89867401123047,99.43969647529214,97.92483738607098,98.29938798028539,4112500
2021-08-23,99.34812927246094,100.25537706510107,99.23160214955766,99.71436100172951,4748300
2021-08-24,99.6144790649414,99.6477734361999,98.5657285961809,99.6477734361999,3831500
2021-08-25,100.21376037597656,101.04610056788624,98.94028089839502,99.76429591031513,5241100
2021-08-26,100.21376037597656,100.92124826904946,100.00567532799914,100.5966361022248,5035400
2021-08-27,99.53123474121094,100.4135132511123,99.39805727165913,100.16380867082827,4279900
2021-08-30,100.35526275634766,100.62993656035688,99.49795332285106,99.74765158538047,3260900
2021-08-31,100.53006744384766,100.85467967551409,99.90581217521944,100.5716870018574,6021800
2021-09-01,93.44682312011719,101.15429446232531,88.31128606850469,100.71315521173558,50943200
2021-09-02,93.2387466430664,94.670372806687,92.23994094066924,94.51223248646271,14719200
2021-09-03,92.90581512451172,93.2803656732597,92.4064059258454,92.5395834055569,5364800
2021-09-07,90.75005340576172,92.8641983320713,90.15909261006033,91.9319749971645,12694200
2021-09-08,91.8570785522461,92.30654308868637,89.65970060759544,89.94269326928782,10823200
2021-09-09,89.28512573242188,91.3410069336074,89.22686217551689,91.09130869697948,10337100
2021-09-10,88.7940444946289,90.15908178708327,88.527695909522,89.4599191325218,7620100
2021-09-13,89.45992279052734,90.5336360039006,88.90225005963214,89.38500887433187,7398900
2021-09-14,88.62757873535156,89.95099647748808,88.43613771371959,89.88440774385512,6102700
2021-09-15,89.70130920410156,90.55862502692968,88.25303889460714,88.71914741944387,7444300
2021-09-16,89.9593505859375,90.51701712138319,88.66922044548548,90.09252174577753,5821800
2021-09-17,89.66802215576172,90.10083631206425,89.14364370936828,89.47658109512155,14157200
2021-09-20,88.5610122680664,89.4682601784774,87.86184308963485,88.31130762928669,7103400
2021-09-21,89.18525695800781,89.40166719598382,88.39452992897131,88.43614948059239,6400400
2021-09-22,88.56935119628906,89.54318800822436,88.16982498228154,89.06875420110816,6319100
2021-09-23,89.36005401611328,90.11748037765902,88.76909317241756,89.05208582281307,5847800
2021-09-24,89.1186752319336,89.93437151606267,88.59430313158437,88.95220971284725,5836100
2021-09-27,89.65969848632812,90.42545004129336,89.07705646387431,89.1686144052563,4969600
2021-09-28,89.3434066772461,90.40880761839396,89.09370839202215,89.5764673004755,6445600
2021-09-29,90.59191131591797,91.20784768366546,89.4599343987317,89.76789623235318,6270100
2021-09-30,89.78453826904297,91.9070019360082,89.7096243500727,90.89154589170056,7886400
2021-10-01,90.79998779296875,91.29939698449701,88.95219791527055,90.10082508523186,8611500
2021-10-04,90.5003662109375,91.72390115284712,89.63473151205902,90.59191780433316,9779200
2021-10-05,91.14957427978516,92.04017801241407,90.80831176014853,91.04969117276312,7146900
2021-10-06,90.9914321899414,91.28274999558974,90.0175956609519,90.9747881797266,5710300
2021-10-07,92.28157043457031,93.04732197893762,91.19120033418065,91.37431621441033,7842600
2021-10-08,92.53958892822266,93.01402261506794,92.09012443275046,92.43138698218851,5019800
2021-10-11,91.84041595458984,92.72270089758324,91.79047757394466,92.50629066436765,4613800
2021-10-12,90.36717987060547,91.77383691245495,90.02592367332518,91.65730978652978,6305800
2021-10-13,90.33389282226562,90.75838815840818,89.8927534740353,90.38383120878147,5471100
2021-10-14,91.7491683959961,91.81655799504148,90.8140694198289,90.94885504515848,7289500
2021-10-15,92.10298156738281,92.63371077663244,91.89237382013859,91.95134373227744,4634500
2021-10-18,90.50238037109375,91.81657093262004,90.21595043264536,91.81657093262004,7949400
2021-10-19,90.51921844482422,91.0415280367108,90.0221871846289,90.77195034382335,4614900
2021-10-20,91.32796478271484,91.91766402150763,90.56134934504455,90.56134934504455,5626800
2021-10-21,91.62281036376953,91.78286790596455,90.26649574708698,91.32796075736884,4811800
2021-10-22,91.94293212890625,92.0103281611949,91.24371275520001,91.5469884732596,4614400
2021-10-25,91.40377044677734,91.9429258135746,90.77194714875814,91.89238200644954,5697400
2021-10-26,92.23777770996094,92.3135998497859,91.15104083888981,91.66492431499101,5047400
2021-10-27,91.31953430175781,92.43154311829858,91.12577231700357,92.3136032761836,4875300
2021-10-28,92.389404296875,92.58316625081103,91.15102972439418,91.31109366776576,5193300
2021-10-29,96.60157775878906,96.81218554483014,93.8636765402549,94.42810386430753,16545000
2021-11-01,96.71949768066406,97.48611294900657,95.67488507671659,97.09016936445501,7096800
2021-11-02,98.16849517822266,99.14571834052768,97.01436868320287,97.09018439722348,10357800
2021-11-03,99.04461669921875,99.0783147119457,97.92418187819297,98.1684876500343,6186900
2021-11-04,98.61498260498047,99.17099021659486,98.00001150063767,99.04462426602439,4912200
2021-11-05,98.716064453125,98.83400427848719,97.30078012154033,98.3369730754949,4635800
2021-11-08,97.77255249023438,98.94353121800131,97.53667280798481,98.73292344067288,7015000
2021-11-09,97.39346313476562,98.21904204020987,97.22497948021275,97.92419243112265,3146800
2021-11-10,98.35383605957031,98.64868567451511,97.20812918957945,97.21655530064632,4981100
2021-11-11,98.25274658203125,98.9772379137567,97.96632306482066,98.51390461934429,3120900
2021-11-12,98.53916931152344,98.90141495086283,98.08425573463866,98.90141495086283,2740300
2021-11-15,98.42964172363281,99.23838119521722,97.90733858114824,98.52230965418438,3941000
2021-11-16,98.0758285522461,98.9603837910642,98.0084325207241,98.23589252030101,3476400
2021-11-17,98.8592758178711,99.08673578540663,97.93260301031792,98.22745257264323,4361500
2021-11-18,98.6234130859375,99.71857613642615,98.26116743944412,98.90984301507248,3160300
2021-11-19,97.92418670654297,99.23838355873815,97.60406521071083,99.09516539077727,5885800
2021-11-22,97.42716217041016,98.85086641982319,96.888006757513,97.67988765488347,3975800
2021-11-23,100.14820861816406,100.52730647618488,97.8483752739097,98.19376868882892,8948300
2021-11-24,99.96288299560547,100.4514881762001,99.47427138777125,99.97972879056132,5792800
2021-11-26,98.1516342163086,99.49952248426143,97.57878089902385,99.07830699882378,5016700
2021-11-29,98.47178649902344,99.33948964231013,98.21063487301218,98.42124268166391,4372500
2021-11-30,97.11544799804688,98.38752065150673,96.9638101557322,98.29485272413451,8172100
2021-12-01,97.64618682861328,100.23244991457148,97.39345494080753,97.53666667785264,6287500
2021-12-02,98.4549331665039,99.06990432144207,97.38504198118883,97.93262352721909,4919800
2021-12-03,100.1229248046875,100.24929074233143,98.56442871304854,99.18782586425641,6428100
2021-12-06,102.22900390625,103.15567675109371,100.42620202149845,100.78002151052699,8939900
2021-12-07,102.3637924194336,102.89452163464163,101.9341508106051,102.75973601705607,6123300
2021-12-08,102.6670913696289,103.14727689051436,101.72356612366104,102.74290709160245,5278100
2021-12-09,104.58782196044922,104.84897354375885,102.8608356409933,102.95350357582689,8082300
2021-12-10,105.69981384277344,106.15472733357484,104.22555965910222,104.22555965910222,7059500
2021-12-13,106.5759506225586,107.61213718259835,105.47236161083768,105.47236161083768,7834200
2021-12-14,107.23304748535156,107.7048068094183,105.6240011193916,105.89357879417813,6381400
2021-12-15,109.70978546142578,110.1731250820284,107.49419424663155,108.04177568173326,9585600
2021-12-16,111.01557922363281,112.27922598625223,109.44023703966741,109.60030101964927,9569000
2021-12-17,109.1200942993164,110.37532120777638,108.98530224448623,110.22367693247298,12631100
2021-12-20,110.24052429199219,110.68701170626156,108.02492658589823,108.26080624421121,7119200
2021-12-21,109.47393035888672,110.65334173530447,108.79998283728798,110.55224125165277,6085900
2021-12-22,111.24301147460938,111.68949885760279,109.33068958522777,109.44020972408606,7070900
2021-12-23,112.11915588378906,112.6920157358905,111.34412078757566,111.47891285330292,5702300
2021-12-27,113.2311782836914,113.2901417821155,112.17813930594964,112.20341121305707,4436800
2021-12-28,113.2143325805664,113.94724363784796,112.66675742239889,113.34912466255487,4237200
2021-12-29,114.0314712524414,114.46110647468532,112.9531605007688,113.39964794382958,5594300
2021-12-30,114.51165008544922,115.26984576716454,114.25893104602221,114.36001866179302,6354300
2021-12-31,114.06517028808594,114.74755030370795,113.98093488745731,114.60432569912925,3963400
2022-01-03,114.0820083618164,114.31788802148967,112.47296201195587,114.07358867914142,6839800
2022-01-04,113.86298370361328,114.75595855911682,113.20588851354547,114.00619543945085,6298300
2022-01-05,114.46112060546875,116.38186267241542,113.7282095904306,113.7282095904306,7724900
2022-01-06,113.92195892333984,115.12664213216283,113.86299542814825,114.90760180993374,4667000
2022-01-07,113.62710571289062,114.43583233359624,112.99528241663029,113.93880109227946,8630300
2022-01-10,114.89918518066406,115.328820443838,113.36596715669641,113.79560241987035,9794400
2022-01-11,115.38777923583984,115.48886684603195,113.5597054428275,114.44426059544054,7159400
2022-01-12,115.65735626220703,115.74160451122978,114.59589773870177,115.00869359174838,6589300
2022-01-13,113.64859008789062,115.01045870561214,113.12085414709622,114.90832213094605,8386400
2022-01-14,115.64886474609375,115.80208263103141,112.60166402165626,113.50391825991467,10484500
2022-01-18,116.42340850830078,117.4448132177667,115.14664937450202,115.34241547174882,12341900
2022-01-19,115.08708190917969,117.03626193880844,114.77213913621337,116.10848668852692,6196700
2022-01-20,113.23149871826172,114.7380779736745,112.9931714108123,114.48272357630323,6612800
2022-01-21,112.3377914428711,114.26995748916028,112.07392993194185,113.25705969853466,7583000
2022-01-24,112.4909896850586,113.41876483188662,109.17140828750391,113.0527667968107,13733800
2022-01-25,113.28260040283203,114.32955244197363,111.32490009622082,111.92073152839622,10296500
2022-01-26,114.25294494628906,115.31691116642328,113.0613079748863,113.45284027068912,8040300
2022-01-27,115.73396301269531,117.71719713282369,115.21474710152123,115.3339107702563,8869100
2022-01-28,117.39376831054688,117.44483660801107,114.5678809519603,115.75101079873065,8014400
2022-01-31,116.51702880859375,116.75535612234324,115.43603585760277,116.45745347408862,10300000
2022-02-01,116.61067962646484,117.32566169832738,115.79354798157416,116.9256094226233,7413900
2022-02-02,117.98957824707031,118.66201208281034,113.24855214846175,115.25732062693996,11363100
2022-02-03,119.7855453491211,120.61970405024633,118.34706122895439,118.73860643436687,10272700
2022-02-04,119.71744537353516,121.54747462891135,118.5087815939523,119.2918589868708,6921500
2022-02-07,121.3176498413086,121.72620912074196,119.44507240705155,120.16005439302629,9597800
2022-02-08,122.15179443359375,122.22840985046447,120.22814872955239,120.89206242333061,7559500
2022-02-09,121.88794708251953,122.5518608532002,121.58152434313871,122.5518608532002,5989100
2022-02-10,121.47087860107422,122.92637684700405,121.13040168107126,121.84538373127772,7333400
2022-02-11,120.87504577636719,122.23692746417761,120.47499351761786,121.5985478582414,6475200
2022-02-14,121.71770477294922,121.87942967553123,118.68753182309375,120.67927296592698,9931900
2022-02-15,123.21578216552734,123.81161357536274,121.88795454289391,122.01563826837328,9530100
2022-02-16,124.16058349609375,125.30967207597017,122.7050851486422,123.19876697618115,8028900
2022-02-17,123.39453887939453,123.82012533811138,122.2114090436764,123.24984104197496,5486600
2022-02-18,122.59442138671875,124.04141259685056,122.03264420310994,123.15619857032756,7585900
2022-02-22,123.89671325683594,124.56914705597251,120.22816049088938,120.22816049088938,11576800
2022-02-23,124.91810607910156,126.27148060032903,123.72646944366285,124.45847851625098,9271000
2022-02-24,123.64987182617188,124.01586988277566,122.11775824394101,122.23692191212199,12070200
2022-02-25,127.28437805175781,127.9823459997793,124.31379321603998,124.381888600325,8320700
2022-02-28,125.77779388427734,126.04165534399242,124.06692844002912,124.82447162573501,11090600
2022-03-01,125.7097396850586,127.25036070313789,124.45000730934991,125.69271258882945,7489900
2022-03-02,127.30992889404297,128.73989304208638,125.30966750948197,125.71822683922767,8247200
2022-03-03,128.02490234375,128.3483391719049,126.69707487062452,127.51419347507125,5408400
2022-03-04,128.152587890625,128.25472448102866,126.05870986014484,126.48429630398346,5389500
2022-03-07,127.207763671875,128.31429083385277,126.1352906927758,126.82473853561567,7137700
2022-03-08,125.25008392333984,127.58230228694121,124.57766306373304,126.82475894430536,8817500
2022-03-09,126.68853759765625,127.76953052952648,125.7692695517978,126.1948558885176,5368900
2022-03-10,126.96945190429688,127.46313371361819,125.71822678140094,126.03316956623252,4635700
2022-03-11,126.87581634521484,128.01638478781555,126.80772096221186,127.11414369179212,5171400
2022-03-14,129.46339416503906,130.20391037975537,126.84178025917572,128.29727854243654,8647200
2022-03-15,132.6808319091797,133.14896660012897,129.51446777519655,129.5995772699749,8384300
2022-03-16,132.82553100585938,133.4809377624519,130.67206465063717,133.2085562056824,7178900
2022-03-17,134.98753356933594,135.00456066727847,132.96175050176436,133.7788693728219,7227900
2022-03-18,135.50672912597656,135.71101530672004,133.75331495183377,134.48532419799582,9912800
2022-03-21,136.23019409179688,136.9962443314826,135.32795310216466,136.14507162611412,5825000
2022-03-22,136.19615173339844,136.4429991125881,134.50232621490971,136.23020591777365,5756600
2022-03-23,134.84280395507812,137.19203639103281,134.79173566114585,136.196165695752,6300600
2022-03-24,136.4259796142578,136.80900478867088,135.2088087063437,135.52373849608185,4638100
2022-03-25,137.3197021484375,137.872959244145,136.38340692261576,136.65578843844227,5129400
2022-03-28,137.8644561767578,137.91552446548488,135.78759251608486,136.70686067676957,4516500
2022-03-29,138.04319763183594,138.97949290129864,137.28565436394922,138.7326585054582,6154100
2022-03-30,139.3795623779297,139.8902713130875,137.6516824299228,137.6516824299228,5151800
2022-03-31,137.983642578125,140.15413612165787,137.97513552455766,138.68159761882052,8670100
2022-04-01,138.4687957763672,138.80076566286647,136.2727812087196,138.01767519586383,5703300
2022-04-04,137.79637145996094,139.4561559113713,137.43037337051499,138.31558741531154,6892400
2022-04-05,139.107177734375,141.2606570725567,137.75381597041323,137.7963772120449,6683300
2022-04-06,143.77162170410156,144.07804447624386,139.4221275431231,140.0094389387182,8810800
2022-04-07,147.49124145507812,148.60627589402802,142.60550425453698,142.71616088944185,7469000
2022-04-08,148.9211883544922,149.72979986018754,146.82729769873643,147.2528840688777,7204200
2022-04-11,144.5546875,148.98929080063292,144.12059401965178,148.87012712046672,8163200
2022-04-12,142.4097442626953,145.17605635167655,141.47346180991508,144.11209016360684,8279700
2022-04-13,136.44378662109375,141.63715146097988,134.29776917471528,141.63715146097988,18312600
2022-04-14,139.3280487060547,140.66716163251883,134.61540229932527,135.49956052893307,11074800
2022-04-18,136.7957305908203,139.7400601101952,136.27210183307503,139.02759387589055,6500200
2022-04-19,134.21192932128906,137.7743128567907,131.94573554028494,137.68846692412183,9359900
2022-04-20,134.51239013671875,135.71416793733556,133.49947604447672,134.22053486589508,6250000
2022-04-21,136.07470703125,137.67134487701054,133.35355789863058,134.76992447708184,7903300
2022-04-22,133.04449462890625,135.9029912740047,132.48652226615715,135.01024073290625,7938300
2022-04-25,134.16903686523438,134.46089214547635,131.19894243604182,132.9157566938228,6932600
2022-04-26,134.06602478027344,137.07904231315396,133.75701077511016,134.28921902611873,6787800
2022-04-27,135.3020782470703,136.9158872537896,132.67535548387724,134.3921691171536,6039100
2022-04-28,134.17758178710938,136.0059926938614,132.48651912931288,135.93731856938362,7465000
2022-04-29,126.08280944824219,128.64085833836617,120.11687102482497,128.38333364915576,25155900
2022-05-02,126.9326400756836,127.81679824602283,123.12990331757914,125.88538247811164,9690800
2022-05-03,128.41769409179688,129.39627756045937,127.00131466461991,127.08716060502512,6163400
2022-05-04,130.12591552734375,130.79547194741238,126.69228748668344,127.19874447910048,5791500
2022-05-05,130.63238525390625,131.61098191521023,128.79539459701178,131.1388553939459,6869300
2022-05-06,131.1903533935547,131.78265636447637,127.91123211614858,128.48636327824943,6145600
2022-05-09,129.58514404296875,131.7998228766128,127.84256554644533,130.1516827850679,6969000
2022-05-10,130.55511474609375,132.64962987785051,129.19883014277175,129.8512278319589,6525200
2022-05-11,130.44354248046875,132.84707176764917,129.56796361256602,129.63663774909293,5630000
2022-05-12,132.4436492919922,132.49516472970262,128.8898437887746,131.66250864649598,6914800
2022-05-13,131.76548767089844,132.5294694533338,130.39203109431114,131.6968135322438,6398500
2022-05-16,133.45654296875,134.67547938839004,131.5680501087197,132.13458879795246,6565600
2022-05-17,132.86424255371094,133.7312289614671,131.20752322935218,133.37929202457235,6032200
2022-05-18,130.84701538085938,133.6540108534909,130.2633047177219,132.87285708524314,6498100
2022-05-19,130.2375030517578,130.8212134885802,128.14298800527638,129.79112777179031,5994800
2022-05-20,129.62803649902344,131.78264645430434,126.8811367156139,130.76114002744626,6746400
2022-05-23,127.07001495361328,130.47789253681003,126.34895605949086,130.17744478179858,6886400
2022-05-24,127.99710083007812,129.919937714223,125.85108278457233,126.21161224442673,6367200
2022-05-25,130.44354248046875,131.32770070359274,128.58078763552555,129.07008594643514,5042600
2022-05-26,129.25033569335938,131.39635298442332,129.09581563731274,130.1602449290505,6659300
2022-05-27,128.7610321044922,128.80395506817692,126.82961662292482,128.34900046926768,8405000
2022-05-31,126.5034408569336,127.79964386574306,125.90255855065698,127.59362146148312,11227800
2022-06-01,125.34461212158203,126.94982925467949,123.88532262801586,126.86398330283602,5597900
2022-06-02,125.97118377685547,126.24588020921732,122.66631272807876,125.8853378671807,5998900
2022-06-03,126.33177947998047,127.22453025655886,125.97125004652703,125.97125004652703,4891800
2022-06-06,125.78238677978516,126.88973923387879,125.03557682115391,126.18583915009805,3912400
2022-06-07,128.02281188964844,128.20308311222462,125.21581749803742,126.11714741441718,4991200
2022-06-08,128.1172332763672,128.6322826695421,127.25882635324245,127.81678561397347,4835200
2022-06-09,124.83811950683594,129.20742094394794,124.72653550741524,128.5206927474897,5642900
2022-06-10,122.92388153076172,124.15141036933218,122.02255154827668,123.9024650007665,5464700
2022-06-13,119.6791000366211,121.95388640125451,119.12972009125417,120.91520818825944,5997000
2022-06-14,118.13395690917969,120.74352129801382,117.01803838450412,119.6962638009258,5861800
2022-06-15,118.53740692138672,119.3958138303951,116.94076954670113,117.23263785043395,5981800
2022-06-16,119.44733428955078,119.56751075113303,116.53733495000398,117.20689139285533,6963400
2022-06-17,118.70050048828125,119.77350907173638,117.76484014708821,118.11679010604132,10429900
2022-06-21,123.1556396484375,123.58484310072919,119.91944195064819,120.13404367679404,7160500
2022-06-22,126.66653442382812,128.84689553195574,123.27582940419799,123.37025469782952,7995700
2022-06-23,128.28890991210938,129.44776447839413,126.64934957257314,127.6622765361387,7795000
2022-06-24,130.7697296142578,131.11310030045837,128.4348613411034,129.52504198513012,8527600
2022-06-27,131.45645141601562,133.4393695500281,131.12167319986094,131.33627495632552,5377300
2022-06-28,130.89846801757812,133.1560691736239,129.954215223472,131.4821784006624,5735700
2022-06-29,132.3148651123047,134.44371097624506,131.6367292909203,132.1088427003418,6140900
2022-06-30,131.4736328125,132.2290221435352,129.50787324489934,131.48221216801366,7289500
2022-07-01,132.02301025390625,132.0745125824905,130.01434084960545,131.40495611439025,4620000
2022-07-05,132.13458251953125,132.23760026579384,128.46919407978186,130.39201736666644,5478800
2022-07-06,130.93283081054688,133.0445179897072,130.21177200722482,132.7183191080009,5113600
2022-07-07,130.47787475585938,130.97575242869178,128.76963996967166,128.93273940883688,6516100
2022-07-08,131.20751953125,133.26769116012514,130.2975970786075,130.47786831780368,4078400
2022-07-11,131.53369140625,132.6238718847219,130.71820743502315,130.71820743502315,4491000
2022-07-12,130.8727264404297,132.68396558845055,130.52935580914001,131.33626041985787,5319500
2022-07-13,130.60662841796875,132.0487590840991,129.87699027883477,130.477872598784,5221200
2022-07-14,130.3467254638672,130.84058745578042,128.65717672189012,129.00374607688983,7576900
2022-07-15,133.10194396972656,133.3185530509015,131.20444630331107,131.55968836942256,4873000
2022-07-18,129.59286499023438,133.83839695777377,129.00368151666515,133.25788630724193,6838400
2022-07-19,129.7401885986328,130.16473396451502,128.92573628423918,129.96545729847296,5647100
2022-07-20,127.96399688720703,130.3553566450998,127.66073885213085,129.5582367258022,5315700
2022-07-21,128.01597595214844,128.09395205385528,126.51704470711317,127.57409815503955,4066800
2022-07-22,128.63980102539062,129.3502719304354,127.86867323219487,128.63980102539062,3639700
2022-07-25,130.1560821533203,130.77991744336697,128.6744700342668,128.70046206962118,4347000
2022-07-26,130.71926879882812,133.0499850683856,130.2513989121437,130.96186995796398,4900600
2022-07-27,130.96188354492188,131.26514163568976,129.03839328309348,129.53226847878295,4145800
2022-07-28,129.74884033203125,132.05356414129767,127.03689039027154,131.21311984408976,6572300
2022-07-29,124.34226989746094,126.7596346022751,120.47797136443245,126.0144988479899,17754700
2022-08-01,121.49170684814453,123.76176586932444,120.56461360162017,122.60940392980582,8523900
2022-08-02,121.63900756835938,123.76177413738368,121.38774682557114,122.32348651791871,5197100
2022-08-03,122.3407974243164,123.91771776550195,121.8642548365533,122.79134798190772,5474200
2022-08-04,120.36534118652344,123.5365015330559,120.16606451950956,123.11194294433322,7071700
2022-08-05,119.60289764404297,121.22314301110568,119.5249215261598,120.47800703619669,5371100
2022-08-08,121.59566497802734,121.99423148598396,119.3689306019498,119.60285887978125,4854600
2022-08-09,121.51768493652344,123.2418978459014,121.19710775236341,121.89024618073448,3819700
2022-08-10,122.11556243896484,122.21953058832949,120.43467351345359,122.08957040162369,4075300
2022-08-11,123.10330200195312,123.7877810336888,121.00652721594145,121.50038915615133,5972800
2022-08-12,123.5538330078125,123.97837837248436,121.53503465703928,122.93865736121475,5208700
2022-08-15,123.28523254394531,124.14300936033096,121.66500066709855,123.99571675523313,4513200
2022-08-16,123.51051330566406,124.74951103016748,123.1032871339308,123.12927916865672,3852300
2022-08-17,122.54878234863281,123.69247166944767,121.77765438193452,122.53144991658004,3605200
2022-08-18,122.4188003540039,122.6700743284449,121.14515093404596,122.59209822083399,3525200
2022-08-19,122.90399169921875,124.21230572353116,122.56608207859404,122.84333481360405,4530700
2022-08-22,121.59566497802734,123.60580350377639,121.26642818008249,123.0079603522257,4023500
2022-08-23,120.4520263671875,122.03760701768289,119.9581511324283,120.99787246466857,3768100
2022-08-24,119.49024200439453,120.83322101131175,119.30828455101052,120.47797892946706,5018900
2022-08-25,120.72056579589844,120.91984243405439,119.2822784300797,120.23536360520492,3301200
2022-08-26,118.13862609863281,121.17115395221649,118.05197715736438,120.33936906666517,3838800
2022-08-29,117.5841064453125,118.45920257474806,116.76098117120186,118.00865188061994,3835800
2022-08-30,117.44547271728516,118.25992515993251,116.87362144213634,117.09023057174373,4337100
2022-08-31,116.50103759765625,117.86999539825352,116.24976365218127,117.5667506078,5789600
2022-09-01,119.95811462402344,120.07941518885494,116.18912428912125,116.6569941189656,4521000
2022-09-02,118.07796478271484,120.78124242337677,117.67073857136234,120.14008787673204,3601600
2022-09-06,119.21299743652344,120.73793417074972,118.04331606872623,118.96173666323683,4810600
2022-09-07,120.18341064453125,120.46932305028572,117.26351070012564,119.17834114900425,4141700
2022-09-08,121.75167083740234,121.79499531017049,120.13142545712914,120.98920242315613,3988300
2022-09-09,122.53145599365234,123.18128340975409,121.38776661611504,121.64768700593764,4427000
2022-09-12,123.24191284179688,123.78775875951841,121.57835661390472,122.17618659800263,4938400
2022-09-13,120.02745056152344,122.97332945357428,119.12636239408256,121.77765604108275,6195900
2022-09-14,120.91120147705078,121.68232933920012,119.80216394993198,120.58195141654764,4673600
2022-09-15,123.4758529663086,124.68019909552872,120.77257548967545,121.29244264476841,6416900
2022-09-16,124.81883239746094,125.50332459399218,122.47945663550297,124.24698116964849,13887500
2022-09-19,123.6058349609375,124.64555612265403,122.54010854096408,124.45493903391595,5042500
2022-09-20,122.83468627929688,123.45852151524572,121.62166744460984,122.87801074138741,4532900
2022-09-21,121.56971740722656,124.44629326937527,121.55238497338486,123.16395758055621,5076100
2022-09-22,123.9090576171875,125.16540090092961,121.3010889639398,121.4830464145243,6161000
2022-09-23,123.95238494873047,124.26430257069045,122.12420367961482,123.09462140391793,5751600
2022-09-26,122.3495101928711,123.72714112481745,121.39642470618165,123.10330575548844,5697800
2022-09-27,122.7913818359375,126.10116239108969,122.4188072661414,123.54517736027994,5598000
2022-09-28,125.2867202758789,125.9105555990389,123.57116652680318,124.95747018288571,5226700
2022-09-29,123.65782165527344,125.84990500142302,122.88669367841574,125.50333568043364,5509400
2022-09-30,116.2844467163086,123.31124715343438,116.18046534776278,123.20726578488856,15359000
2022-10-03,119.84548950195312,120.2613752732062,117.23750746995806,117.73138256519697,7437500
2022-10-04,123.02530670166016,123.65780155902333,119.36027128499865,120.61661461614781,6612300
2022-10-05,124.18634796142578,125.17408506510326,122.26285782993193,122.57477550587072,4777900
2022-10-06,121.55237579345703,123.89176501679677,121.21446607331698,123.71846713301431,5124800
2022-10-07,120.22671508789062,121.34442549385079,119.17833440406685,120.44332419686901,4648800
2022-10-10,119.83682250976562,120.94586010093711,118.58915191450498,120.46065780739596,3830800
2022-10-11,122.60942840576172,124.48959408637788,119.58557338216663,119.58557338216663,5675100
2022-10-12,121.28375244140625,123.95237789503042,121.24042798122757,122.72203990641646,4528000
2022-10-13,125.09112548828125,125.31868640276177,119.27069985394772,119.64705213812289,5066200
2022-10-14,125.108642578125,126.45652606991716,124.46971174700458,124.81105981900572,5290500
2022-10-17,126.3952407836914,126.85036255449138,124.37340926077728,124.85478754315051,4016200
2022-10-18,126.56155395507812,127.67311534022167,125.62502709490984,127.1129541101715,3540400
2022-10-19,125.27494049072266,127.30552008983335,124.55722676726147,126.73661109854196,3333300
2022-10-20,125.09986877441406,126.07139985823277,124.6622424007173,125.30118652212846,3880100
2022-10-21,128.71466064453125,129.3273348668962,124.66223634718767,125.45871951391028,5419400
2022-10-24,132.06687927246094,132.6270404658405,130.1500737240116,130.15883479839488,5139700
2022-10-25,131.13035583496094,131.81305182000847,128.91595438747132,129.56364614354257,5229400
2022-10-26,133.4847869873047,133.81738729327407,131.90058170726581,132.17190791253702,4727900
2022-10-27,134.35130310058594,134.78018177506826,133.0909369476807,134.57886401780027,6850400
2022-10-28,129.19607543945312,130.39516758619095,124.58348911917805,127.72564368715894,10812200
2022-10-31,128.1370086669922,128.46960901530144,126.10642905094717,127.06045142812047,8604800
2022-11-01,128.5833740234375,129.27481776215288,126.51777717086155,128.36456085411928,6351200
2022-11-02,126.49153137207031,129.60742903021315,126.45651378304785,128.68841097018185,5345000
2022-11-03,126.40398406982422,127.27923670569501,125.18738344017564,126.03637956539393,3850700
2022-11-04,127.15674591064453,127.4193244634069,125.23119211588713,127.21802002691906,4623700
2022-11-07,129.6249542236328,130.23762855606432,126.64908647921014,127.15673474188164,4304000
2022-11-08,130.00131225585938,132.71460158980085,129.5024250472801,130.26389079709554,4637500
2022-11-09,129.20481872558594,131.7868252630144,128.69717048062807,130.05381504065187,4573700
2022-11-10,131.0428466796875,131.86558642590316,129.31859764269444,131.86558642590316,5607700
2022-11-11,131.42796325683594,131.7430547980974,127.56809521520724,130.88529744087026,6786400
2022-11-14,132.81085205078125,135.26154897350358,132.14565143864527,132.14565143864527,7077100
2022-11-15,133.94866943359375,134.28126973850775,131.2529028279525,134.25501322551943,5909500
2022-11-16,132.92465209960938,137.14337743896928,132.36449078435194,134.2988055471326,7358700
2022-11-17,133.17845153808594,133.97493468541052,131.26164602420872,132.13689870778398,5069500
2022-11-18,135.6466522216797,136.2243221770756,134.5000733847941,134.5000733847941,5691100
2022-11-21,137.51095581054688,138.84134368865912,135.1652715687359,136.01426777825853,6492100
2022-11-22,139.8566436767578,139.93542658139856,137.90483360747115,138.01862074894242,5351100
2022-11-23,139.5065460205078,140.8631905584337,139.00765885938296,139.99668546136664,3221100
2022-11-25,139.7078399658203,140.69687984902956,139.37525300174502,139.6815834516906,1661900
2022-11-28,138.66627502441406,140.67935884992886,138.1411314320815,140.04042813604104,3902800
2022-11-29,138.46498107910156,139.5415382120122,137.59848941212587,138.56125941490964,3689000
2022-11-30,141.0732421875,141.0732421875,136.9420611911954,138.98138849569554,12342500
2022-12-01,141.46710205078125,142.8412418826775,140.0229270430342,140.91568856097814,5827800
2022-12-02,143.24386596679688,143.3313832272113,140.48681183545423,140.67062078632915,4304900
2022-12-05,143.4889373779297,144.58300331090123,142.5699193231742,142.5699193231742,4859400
2022-12-06,143.29638671875,143.88280448079618,141.39708978204288,143.56771294466566,5480400
2022-12-07,144.76681518554688,144.88060232906463,142.893774631916,143.27014029992935,4637800
2022-12-08,145.28321838378906,145.4932705102836,143.7865302060256,144.76680907712804,4274400
2022-12-09,142.7187042236328,146.82364155507517,142.49989104694865,145.95713656749916,4644800
2022-12-12,144.69677734375,144.84556869452996,142.44737157863295,142.84999368185206,4109400
2022-12-13,144.23291015625,146.60485123768055,144.1278840887603,146.12345950285533,5050400
2022-12-14,144.29417419433594,145.2744530366139,142.51741211505836,144.06661327889213,4485400
2022-12-15,142.7537384033203,144.07536533620038,141.74718966040282,143.44518224567926,5268300
2022-12-16,140.4605712890625,142.94629949168817,140.4605712890625,141.8347246512185,18905500
2022-12-19,141.3445587158203,141.9922371452831,140.0929404509332,140.7231234427806,4033400
2022-12-20,140.54806518554688,141.65963973553076,140.10169116403915,141.44957430201805,4221000
2022-12-21,141.9747314453125,142.42985318574125,140.35550877810596,141.3095309157252,3707200
2022-12-22,142.90252685546875,143.0075529166416,141.3795821919738,141.67716493549537,3606000
2022-12-23,142.7537384033203,143.38392149384143,142.07979000131618,143.00755584144505,2685100
2022-12-27,142.65745544433594,143.3751557793031,141.59839370402514,143.09508183441025,2669200
2022-12-28,141.99224853515625,144.1453761558968,141.88722247985567,143.27887113377616,2944500
2022-12-29,142.28109741210938,143.43643755422627,141.9572581398334,142.63120655606826,3112500
2022-12-30,141.44960021972656,142.5349184587953,139.88290364300948,141.99225266161224,3680400
2023-01-03,142.12356567382812,142.68372697787262,140.74941225381173,141.82596954722717,4937500
2023-01-04,143.2701416015625,143.78653757940637,141.36208343783795,142.14105794256298,4440400
2023-01-05,143.09510803222656,143.9703609726163,142.08855913759837,142.74499884289065,3516000
2023-01-06,145.7733612060547,147.1387534811829,143.6464898887986,144.27667299351904,5099100
2023-01-09,141.49334716796875,145.5370101533838,140.81065116667259,145.20440987136416,7833000
2023-01-10,139.72537231445312,142.15857430616003,138.55253663462594,141.99227411843987,5936200
2023-01-11,137.5634765625,139.4627734749648,135.71669267950375,139.35774741602768,7492000
2023-01-12,134.4974822998047,137.18353827086167,134.05569580255982,136.95381414590577,7665100
2023-01-13,135.7168426513672,135.90238546474288,133.71995868285242,134.3826385522785,6019300
2023-01-17,135.03643798828125,137.04215209872248,134.81554477953557,135.8935047167946,8507000
2023-01-18,131.8291015625,134.674207974283,131.7142462294037,134.40913335237826,6190800
2023-01-19,131.39614868164062,133.0130754308773,130.17681360950715,131.60819757609568,7169900
2023-01-20,132.17369079589844,132.27972873102075,130.0177703725621,132.03231587057198,7059000
2023-01-23,131.25477600097656,132.91588412562186,130.81298948699296,132.41225451045287,7616400
2023-01-24,130.4949188232422,131.537528653919,129.39045240146277,130.83951180754713,5171400
2023-01-25,130.58326721191406,130.7511482641111,129.443463804125,130.22101247440347,5744300
2023-01-26,130.23866271972656,131.38731038596327,129.9824324663511,130.6981244826722,4577800
2023-01-27,129.24905395507812,130.48605072957562,129.01048547633442,130.1591330425128,4591500
2023-01-30,128.6924285888672,129.9912822452246,128.34783558711462,128.8868157675232,4573400
2023-01-31,130.54791259765625,130.63627529180846,127.5967819716296,128.6747421254664,5628700
2023-02-01,129.5317840576172,130.27398200931447,128.33895532776313,129.5582901643027,5439900
2023-02-02,127.9767074584961,128.9397987729949,126.73971067677779,128.9397987729949,6160800
2023-02-03,128.2947998046875,129.7085220295577,127.85301329469736,128.93097345765366,6553000
2023-02-06,128.13577270507812,129.29325129056215,127.9502164248282,128.77194640557025,4297000
2023-02-07,128.24179077148438,128.52454061639534,126.93410644440773,127.74699202514482,5401900
2023-02-08,127.77352142333984,129.310943650151,127.64982171421184,128.4803826821814,5753800
2023-02-09,131.38731384277344,135.80517922741447,130.68045268477982,131.21060192383882,12216900
2023-02-10,134.34730529785156,135.34573382764518,131.44918633346865,132.26207204472172,8956700
2023-02-13,135.83169555664062,135.8758769102608,133.6492688139137,134.32079303152582,5602600
2023-02-14,134.82440185546875,136.07024303064617,134.09103464204347,135.99955557224027,4662800
2023-02-15,133.4725341796875,135.61962356367906,133.26931616630688,134.85090589175422,5648100
2023-02-16,132.1206817626953,132.97774873010098,131.41382060123377,131.74958268643545,3757500
2023-02-17,133.6934356689453,133.7641231306206,131.3077911369878,131.7849146504774,4562400
2023-02-21,134.3031005859375,135.20434885174282,132.37691785164768,132.37691785164768,8466100
2023-02-22,133.1279296875,134.43561382865659,132.7479998049539,133.41951036776345,6041700
2023-02-23,134.36489868164062,135.69025764997917,131.8025299201703,133.33110682195777,5993300
2023-02-24,134.93043518066406,135.16899017710907,133.34000112642894,133.68459404799208,5621100
2023-02-27,136.31764221191406,136.73292260308534,135.27503253689108,135.41639397126,6828800
2023-02-28,135.98187255859375,136.39715292656456,134.85090025330194,136.0348982610556,7561700
2023-03-01,137.1923828125,137.46628828399665,134.63001303570857,134.9746059647292,5485800
2023-03-02,136.406005859375,137.6341718063371,136.2558000652578,137.1570348299609,4567800
2023-03-03,137.890380859375,137.9875744150166,136.07905376728255,136.3618035590589,4851200
2023-03-06,137.2012176513672,138.24384082714036,136.5473687620771,137.6518350385611,4051900
2023-03-07,135.1248321533203,137.54582738051488,134.34729696769506,137.45747815696402,4606900
2023-03-08,132.1825408935547,135.84053298108734,131.24594208429767,135.00112775192983,5860100
2023-03-09,130.1945037841797,133.34002191390678,129.50531783361055,132.59782373364087,5350200
2023-03-10,132.2797393798828,133.1014559202652,130.30053071274565,130.62744845690776,6825500
2023-03-13,134.25889587402344,135.46939988263637,131.65235858506486,131.65235858506486,7653800
2023-03-14,135.93771362304688,136.0614133057406,133.82597465846933,134.2589168067702,6644100
2023-03-15,136.12327575683594,136.40602563304742,134.0645487232855,134.46215393973378,6304600
2023-03-16,137.21890258789062,137.7667135854343,134.75372613443346,135.36339371931547,6331200
2023-03-17,136.26463317871094,137.8992486700775,134.19707553315058,137.64300494241783,42756400
2023-03-20,137.94342041015625,138.13780755995995,136.47669939198482,136.52971161788497,4408200
2023-03-21,138.51773071289062,138.76513005239167,137.04216555149054,138.40286191874628,4675700
2023-03-22,135.77865600585938,138.61493115762647,135.72564378508395,137.55463281310384,4376900
2023-03-23,137.21890258789062,138.27918759182415,136.08793011939414,136.1586175839571,4584000
2023-03-24,139.6221923828125,140.02862836369394,136.5915303478374,137.20119780141198,4678700
2023-03-27,139.1980743408203,140.6117964306672,139.05671291763807,140.33789097779444,3887800
2023-03-28,139.82540893554688,140.13466483794187,139.11854793168135,139.42780383407634,3532500
2023-03-29,139.6045379638672,141.10660941006552,138.15547874201343,140.47043575342198,3959900
2023-03-30,139.53384399414062,140.07282405358862,139.09205750220795,139.6133623269476,3635800
2023-03-31,140.81503295898438,140.9917583551582,139.36597369324085,139.98447213308475,4957300
2023-04-03,141.74276733398438,141.78694867678576,139.4189662216122,139.8254157002307,4389400
2023-04-04,141.17726135253906,142.90022562154562,140.95636815183948,141.82226572355157,4224400
2023-04-05,142.07852172851562,142.84722581940574,140.49691872405518,141.37166072842308,5743000
2023-04-06,142.7412109375,143.30669707895436,141.91948109377157,142.07853123350256,5498300
2023-04-10,142.5026397705078,143.19182557103403,141.55722375481272,142.88258313770976,3309500
2023-04-11,142.5909881591797,143.66010373746363,142.42310716368434,142.68818171013746,2875800
2023-04-12,143.4569091796875,144.44650660025943,142.78539857033564,143.24484681145623,4005000
2023-04-13,145.0708770751953,145.2224646534115,143.16263696370788,143.56389980090137,3868500
2023-04-14,144.09002685546875,145.3473291027862,143.50150066230523,145.02631605254098,3473100
2023-04-17,143.72438049316406,144.63391944850275,143.25177998641382,144.38424422253203,4354100
2023-04-18,142.30661010742188,143.76899972503287,141.2544090829511,143.56391223160392,4996200
2023-04-19,143.75115966796875,143.95624713881728,141.3524812090803,141.48623094957264,4826900
2023-04-20,144.22377014160156,144.2505200915391,143.18939338974377,143.72440599477653,3808100
2023-04-21,144.8212127685547,145.51673870063198,144.47344980251603,144.98171247305768,4812100
2023-04-24,146.31036376953125,146.56003906692752,144.7498863576629,144.96389958669536,4728900
2023-04-25,147.04153442382812,148.20074879957957,146.67594724279988,146.96128457479375,5506200
2023-04-26,144.2772674560547,145.5791436839586,143.118053089834,145.06195531729762,5192000
2023-04-27,132.74757385253906,137.20608054316006,131.22277218386495,137.20608054316006,17063000
2023-04-28,134.75389099121094,134.99465414283856,131.47243686268123,131.94503744525448,7123800
2023-05-01,137.0634002685547,137.95510148696462,134.4863842916012,134.50420851944725,5601000
2023-05-02,135.19973754882812,138.23152992622065,134.8252246610754,136.9207280159455,5135600
2023-05-03,133.08642578125,135.10166592329392,132.37306198377905,134.70932876065348,6815300
2023-05-04,131.40110778808594,132.86349741674377,130.50049434815358,132.86349741674377,5694300
2023-05-05,131.99855041503906,133.202352686099,131.20493675380396,132.45331320756156,4447700
2023-05-08,131.48135375976562,132.1501297337281,130.84825345726577,132.10554194754087,3689500
2023-05-09,130.92849731445312,132.38197471866525,130.42914678709425,131.44568567672664,4201600
2023-05-10,130.5629119873047,131.0622625737691,129.43044744610523,130.65208756615175,4127300
2023-05-11,130.71449279785156,131.58836988506377,129.46611639652315,131.33868099851577,4300400
2023-05-12,131.21383666992188,131.61511312715643,130.2508112701474,130.8928236679032,3526500
2023-05-15,130.71449279785156,132.77432066318462,129.8852171040296,131.67753185299733,4391800
2023-05-16,127.77186584472656,131.0265835638372,127.71836594684923,130.06354458320146,4685400
2023-05-17,127.82539367675781,127.97698127316204,125.30187722919459,127.53113059916745,5482000
2023-05-18,127.90563201904297,128.0126318171595,126.60374218140504,127.16551833407996,4791200
2023-05-19,129.3948211669922,130.01009745487733,128.2266942349374,128.28019415452974,5610300
2023-05-22,129.20753479003906,130.77693805161036,128.20883351906414,129.71581114805733,3867300
2023-05-23,127.08526611328125,129.13618171201506,126.92475281282107,128.8062429968452,5121900
2023-05-24,125.8636474609375,127.45980059017772,125.67639778601972,127.14769965693664,4143500
2023-05-25,123.60763549804688,125.01652524915492,123.2866224711326,124.86493765398467,6986600
2023-05-26,122.66242980957031,124.70443342537547,122.25225482721406,123.69680659284793,7590300
2023-05-30,121.66373443603516,122.02040953371267,120.60260765196273,120.81662087433892,7671500
2023-05-31,123.01911926269531,123.68789524817625,121.06629120808586,121.82422916119488,12579100
2023-06-01,118.9886245727539,120.61151387608628,116.90204678006279,120.61151387608628,11895600
2023-06-02,122.04714965820312,122.13632522858329,119.04212070307936,119.22938395836502,6661600
2023-06-05,122.03826141357422,123.33122579929176,121.5299850542988,122.16309907275485,4276200
2023-06-06,120.76310729980469,122.64459769256099,120.04975710482904,122.58218567332788,4359900
2023-06-07,121.71723175048828,122.2165823191261,119.71981586965445,120.29050417756662,4645200
2023-06-08,122.73377227783203,122.95669761353038,121.27138261990217,122.16308396269557,4714200
2023-06-09,123.21529388427734,124.1159210133399,122.23443050037912,122.66244336596591,4359500
2023-06-12,122.81399536132812,124.5438977662564,122.08280749489396,124.46364792840627,4888500
2023-06-13,123.33120727539062,123.47388275196326,122.34141826687673,122.61784349880976,4229100
2023-06-14,121.4764633178711,124.18724286771265,121.34271356645343,123.77705428622858,6128300
2023-06-15,121.17330169677734,122.02041529849495,120.78987662897346,121.94016543866857,6614900
2023-06-16,123.62547302246094,123.87514830873242,121.7083205872444,121.89557024880669,14616000
2023-06-20,122.89427947998047,123.9018926949292,121.85990270829951,122.25225345661174,4868800
2023-06-21,122.03826141357422,122.54652416656525,120.09434517057929,121.9401737094834,5828400
2023-06-22,122.52870178222656,122.96562679280709,121.17331174333209,122.29685069290505,4826900
2023-06-23,121.20004272460938,123.67005920998571,120.97711739287496,122.4305949097937,7395600
2023-06-26,120.33509826660156,121.40513719918286,119.2115594283337,121.40513719918286,6468100
2023-06-27,118.23960876464844,120.27268682829107,118.16827102129285,120.27268682829107,7839900
2023-06-28,118.15933990478516,118.74786605588663,116.7772137100081,118.23960336632277,6911900
2023-06-29,118.80136108398438,119.40772504679701,117.82049781201756,118.03449741724852,4947600
2023-06-30,120.13892364501953,121.20896258446007,118.41794650508085,119.01538479954945,8711300
2023-07-03,120.38858795166016,120.76310086595443,118.73002298476719,119.48797453440122,2674600
2023-07-05,122.71590423583984,122.94775523591909,120.05863869813584,120.54015131796004,6903300
2023-07-06,122.38600158691406,123.3044528236175,121.66372572176688,122.59108907307493,6091000
2023-07-07,120.82553100585938,122.74268343539504,120.69178124799693,122.29683276747674,6873200
2023-07-10,119.92491149902344,121.35162540054704,119.54147286870943,120.74527505381293,5153300
2023-07-11,120.88794708251953,121.05735889367078,119.20261862886618,119.4879695648122,5144800
2023-07-12,120.36184692382812,121.80641239323214,120.19242148678889,121.11088641422702,4944100
2023-07-13,120.4429702758789,120.90278832158205,119.64055862102828,119.84791972092306,4631800
2023-07-14,122.62480926513672,123.17477773449224,120.9208108530552,121.47077932241072,5544100
2023-07-17,121.56095886230469,122.8231749725682,121.3175265563525,122.45353481271347,4033000
2023-07-18,123.13873291015625,124.32882039155437,121.45276991270744,121.53390942702751,5392800
2023-07-19,124.13048553466797,124.47309298032741,123.4723309085921,123.73379882989805,4784200
2023-07-20,128.19662475585938,128.6744646423773,124.9148494702966,125.17630357990889,7009800
2023-07-21,129.5940704345703,129.99075700584717,127.97121170799933,128.20561928517935,5654300
2023-07-24,129.0891876220703,130.21617108890828,128.78265142079977,129.0170727864604,4468700
2023-07-25,127.69176483154297,128.86381686727503,127.41227507664917,128.38597688172268,4778200
2023-07-26,127.9351806640625,128.27778810188457,126.69100004772814,127.51143370374305,5006800
2023-07-27,134.20120239257812,136.47319125239494,130.26125867153957,130.26125867153957,13664400
2023-07-28,136.00436401367188,136.8247974843107,133.93972269357639,135.1658811992787,8000300
2023-07-31,134.85935974121094,135.68881797431877,133.09224350050417,135.625700292772,9109200
2023-08-01,133.9217071533203,136.02240620400713,133.2905990979286,135.23803003210057,4409600
2023-08-02,134.67901611328125,135.75190641146224,133.53399723335227,133.53399723335227,5756400
2023-08-03,134.3815155029297,134.66100521022992,133.59712563085162,134.30037599251145,4674300
2023-08-04,133.19142150878906,135.75193861840066,132.67752415795363,134.30939415543986,4231200
2023-08-07,135.5355682373047,136.03144381266736,133.25455434776148,133.43486898685924,3800600
2023-08-08,134.8953857421875,136.81576964592102,134.2642778593305,135.94122952356201,4013400
2023-08-09,135.93222045898438,137.09526116199007,135.15685540460717,135.67977730240764,3737100
2023-08-10,136.5363006591797,137.79851661592707,135.7519245829954,136.31991488497064,3275800
2023-08-11,137.20346069335938,138.39356176932174,136.78873850540032,136.99609959937985,3454800
2023-08-14,137.28465270996094,138.06902897692902,136.65354457808286,137.9608429420715,2570900
2023-08-15,137.14939880371094,137.85263550553822,135.950286541076,136.65353700002802,3636300
2023-08-16,136.63548278808594,138.4837384862288,136.48221468238356,137.5731270103602,3214900
2023-08-17,135.25604248046875,136.9600408170511,135.16587830635734,136.28385078257998,5285700
2023-08-18,135.36424255371094,136.07649007758602,134.54379525823137,135.49947507181287,4050900
2023-08-21,135.3822784423828,135.55358213710753,134.22824842827455,134.97656713005338,3944800
2023-08-22,133.65122985839844,135.23801764621658,133.40779757464094,135.23801764621658,3209300
2023-08-23,132.6053924560547,134.33643751682612,131.57758402131157,134.03891221241057,5414800
2023-08-24,132.19969177246094,133.2725823864121,131.9472485406047,132.46114592076762,3986300
2023-08-25,132.2537841796875,133.13733548713762,131.81200164740028,132.55130950668203,3275100
2023-08-28,132.92092895507812,133.49795768628246,132.3258921509874,132.61439275946742,2806900
2023-08-29,133.065185546875,134.25528666401493,132.0824592880114,133.42582850227592,3419100
2023-08-30,133.72335815429688,134.15611595780703,132.4430928171617,133.54302979213867,3486400
2023-08-31,132.4971923828125,134.07496916613408,132.41603912140056,133.7864548080511,4110700
2023-09-01,133.6151885986328,134.23728582022864,132.85785883196206,132.85785883196206,3357800
2023-09-05,131.72183227539062,134.30037098152405,131.5054464985596,133.8856350152118,3911100
2023-09-06,131.28004455566406,131.73984883627614,129.59408176963137,131.72182700676944,5304300
2023-09-07,134.2552947998047,134.33643431076612,131.51446320115323,131.76690640667076,5142100
2023-09-08,134.35447692871094,135.0216423965768,133.61516910449635,134.33644133962375,4339800
2023-09-11,134.37249755859375,134.706094046666,133.8135181160043,134.21021852963173,2911600
2023-09-12,134.57986450195312,134.87738979462796,133.09223803857898,134.78722561243944,2424800
2023-09-13,136.28384399414062,137.40180265755512,134.3814955749683,134.71507823974576,5953700
2023-09-14,138.51979064941406,139.46645950836054,136.8608742960372,137.05019981355312,6336900
2023-09-15,137.14939880371094,139.4754947240338,136.97809508660242,137.7444494766801,8868300
2023-09-18,138.79026794433594,138.8173144465484,137.1313516087354,138.01490278096057,2967600
2023-09-19,138.38458251953125,139.4214019837933,136.68058377604095,138.7452117878507,3509700
2023-09-20,138.49273681640625,139.63775580451107,138.27635105071917,138.8984480895881,2744800
2023-09-21,138.33045959472656,139.61072498914825,137.63624764641995,138.55585630038735,3660300
2023-09-22,137.70835876464844,138.75418889076045,137.5100085882724,138.75418889076045,3049200
2023-09-25,139.43038940429688,139.5115426695492,136.7346537486395,137.43789033334338,3740000
2023-09-26,138.7632293701172,139.38532647079037,138.24030736892993,139.20499810290838,3936300
2023-09-27,138.0600128173828,138.84438905456693,136.68959681368042,138.7001318421509,3621300
2023-09-28,137.26658630371094,138.69109505709346,136.47318554053018,138.51979136894104,3697400
2023-09-29,134.39051818847656,137.51902529838463,134.1831570888431,137.45592137985358,5581600
2023-10-02,133.6602325439453,134.21020099879547,132.2808059494578,133.85858272485007,3827800
2023-10-03,132.92092895507812,133.42582909488192,131.04564060715262,133.28157191208084,4580900
2023-10-04,133.15536499023438,133.50698331385928,131.9111707264276,132.14559211359332,3159600
2023-10-05,132.93894958496094,134.81425147901433,132.61437783873782,133.37170732755152,3599500
2023-10-06,133.65122985839844,134.63395615158487,131.7398565208219,132.07345298585923,5370100
2023-10-09,134.4356231689453,135.01263823448718,132.67753146589772,133.6782934748824,2903300
2023-10-10,134.2372589111328,134.8413204199204,133.47090462366276,134.688052313851,3729000
2023-10-11,134.64300537109375,135.59868543319962,134.12910791154454,134.45367979651695,3189800
2023-10-12,135.0436553955078,135.31684155805323,133.86895906501016,134.88885314552468,4554400
2023-10-13,134.7340545654297,136.28209100225192,134.16946610883744,135.63555086311146,4304700
2023-10-16,134.0692901611328,136.13638158477707,133.7870028974066,134.97080029884793,3704400
2023-10-17,135.84498596191406,136.2820893866409,133.99644614950356,134.16036340748255,5372400
2023-10-18,135.93603515625,136.23653851151997,135.08005842817622,135.9269340466323,4910500
2023-10-19,132.51217651367188,135.27132797938128,130.51793529898882,135.27132797938128,6147100
2023-10-20,133.15869140625,134.32427280153598,132.29361341839612,132.29361341839612,4223800
2023-10-23,131.79275512695312,133.33169027860964,131.31013230238707,133.0949363686718,3903300
2023-10-24,133.23153686523438,133.83254365702453,132.1297049751115,132.17522442417757,3362900
2023-10-25,132.27537536621094,133.76877714969987,131.8747181175679,133.04940042925614,5461500
2023-10-26,132.22076416015625,132.9037226670732,131.3374700462909,131.91115963844555,5569400
2023-10-27,126.5112075805664,130.21740184093954,123.87044065360992,126.36552034836325,9427200
2023-10-30,129.20663452148438,132.68517629562533,128.09568764349987,128.09568764349987,9258500
2023-10-31,128.56011962890625,129.50716333117708,127.19420243491535,129.38877939468617,10394000
2023-11-01,129.7347869873047,130.86394994891313,129.07914577021916,129.17931356435236,4207800
2023-11-02,130.45413208007812,130.91855260135492,127.9499517298332,128.67844333795972,4066800
2023-11-03,128.77862548828125,131.08247055618781,128.2960026966533,131.08247055618781,5414500
2023-11-06,128.5782928466797,129.6437062351224,128.377957280153,129.20661676943854,4377000
2023-11-07,129.45249938964844,129.47070161048057,128.00463082846332,128.86970874204295,5024400
2023-11-08,129.3341064453125,131.02784381766415,129.23393865843272,130.61807156036477,5299100
2023-11-09,125.70075988769531,128.94254732698744,123.70653309554618,128.39617506664666,14970300
2023-11-10,126.20159912109375,126.90277361479765,124.20735842921343,126.25623356829753,4586400
2023-11-13,126.24714660644531,126.7206683599823,125.14530085000499,126.20161326373159,4454700
2023-11-14,125.71900939941406,127.57666446220712,125.62795659505124,126.51123688202517,4509200
2023-11-15,125.30009460449219,125.89198626953008,124.1162973795935,125.89198626953008,6473200
2023-11-16,125.91930389404297,126.4110416773353,124.79925611293498,125.91930389404297,5257000
2023-11-17,125.93753814697266,126.46569433722543,125.09977746772427,125.99217259858071,4332300
2023-11-20,125.94661712646484,126.2926537856116,124.88120382284308,125.23634159071699,4490000
2023-11-21,126.32909393310547,126.90278346291302,125.50954937180173,126.32909393310547,4690800
2023-11-22,126.09233093261719,127.33986380016691,125.96484592348673,126.62958819289382,3428500
2023-11-24,126.27444458007812,127.55840961678216,126.08322402259138,127.48555905851279,1636500
2023-11-27,126.65692138671875,126.92100644274545,125.47312392705824,126.30178353830316,5529400
2023-11-28,125.73722076416016,127.17598840903733,125.59151960889558,126.62051491256467,5347200
2023-11-29,126.11966705322266,126.65692439399801,125.34564187799812,125.68257751283134,3996500
2023-11-30,129.6619415283203,129.94422880613897,125.67345961636464,125.67345961636464,9297400
2023-12-01,130.59075927734375,131.21908324656118,129.5617641454471,129.79851806211,4903400
2023-12-04,131.26458740234375,132.48481686332332,130.46325906514846,130.59074406616747,4845300
2023-12-05,131.64706420898438,132.11147090599096,129.90779353037672,131.22817695485824,3961700
2023-12-06,133.29527282714844,133.92359678267962,131.7927559998294,131.8473904490366,4978800
2023-12-07,134.7431640625,135.11651805489086,132.22076670452924,134.44266064629468,7225100
2023-12-08,135.93603515625,136.65542576593916,134.77045396328853,134.83420341508392,5695200
2023-12-11,137.72084045410156,139.05944000601008,137.17446818583622,137.2017854097671,6343500
2023-12-12,139.54208374023438,139.86078936547875,136.74650031708984,138.16705175374167,5882200
2023-12-13,140.50730895996094,140.9352973295188,139.07764272658173,139.30529552337532,8104500
2023-12-14,141.0354766845703,141.29044672630755,139.10497136092755,140.56195493784753,7869600
2023-12-15,140.27053833007812,141.9551745503098,139.42367661259834,140.9079772641055,15203000
2023-12-18,139.7059783935547,140.55285409400827,138.185259250728,139.32352333022328,5379600
2023-12-19,139.86990356445312,140.6712320733005,138.82269221513891,139.86078855861302,5476700
2023-12-20,138.130615234375,140.425359350308,137.99401521739819,140.22502377460142,4716400
2023-12-21,138.95018005371094,139.2415823499679,137.76638254111302,138.45845604731014,4036100
2023-12-22,141.09011840820312,141.5636401793289,139.40548192899806,139.5876014117923,3373400
2023-12-26,140.7987060546875,141.39971281028807,140.352515437962,140.46178434086215,2073400
2023-12-27,141.0354766845703,141.11742836338047,139.97916428604458,140.27966766984028,3747400
2023-12-28,140.91709899902344,141.7184413912103,140.72586451186038,141.37240465007037,2601200
2023-12-29,141.11741638183594,141.3359680682654,140.60747634165784,140.7258463471695,3712000
2024-01-02,145.5338897705078,145.82527813143565,140.93530039624818,141.0536704046762,8059900
2024-01-03,146.11669921875,147.2913817134366,145.55211074917193,146.2350692424336,5301400
2024-01-04,147.0272674560547,147.78306240632799,145.17871422611373,145.98005640304797,8332200
2024-01-05,147.64649963378906,148.45694304721238,146.2532656072841,146.90890678385398,5607600
2024-01-08,146.99996948242188,148.22019913462552,145.497466456751,147.6829279295132,6001600
2024-01-09,147.8013153076172,148.85762773199218,146.46271560832702,146.99997293121885,4454000
2024-01-10,150.1506805419922,150.32369889354408,147.40974582610883,147.76488363909587,6609900
2024-01-11,149.13992309570312,150.3601389478893,148.51159905238788,149.56791153405334,4591500
2024-01-12,149.2961883544922,150.12357715631762,149.09393869366247,149.61795300424333,4971400
2024-01-16,148.45040893554688,149.2042510573649,148.02753352422707,148.91006466029071,4747700
2024-01-17,148.96524047851562,149.80181737298068,148.48720856246243,148.6986462956237,4423100
2024-01-18,150.1235809326172,150.45453365615617,148.0091615337615,148.15625475035245,5074300
2024-01-19,151.47496032714844,151.56688306093068,149.48005604828805,150.68435187320364,5863000
2024-01-22,152.04493713378906,152.10009358253586,150.54645481412285,151.17159396427567,4864000
2024-01-23,153.98464965820312,154.0122278762342,150.82221639991474,151.18074726189639,5784700
2024-01-24,150.96934509277344,154.39837327447842,150.822251876956,154.23290392736965,5422200
2024-01-25,151.80589294433594,151.87943953817913,150.03161468336802,150.76706659422138,4465800
2024-01-26,151.1348114013672,152.47701242044985,150.30743662729515,151.9346219790564,4654300
2024-01-29,150.68435668945312,153.3043861410645,150.47290493707683,152.4678233072801,4704100
2024-01-30,151.6128387451172,151.66799518628363,150.0867784108097,150.96932355221014,3819600
2024-01-31,151.1348114013672,152.47701242044985,150.72112401433117,152.3758875900561,4993900
2024-02-01,154.06741333007812,154.15014799975395,149.5444023625867,150.49129210020243,5584400
2024-02-02,155.0602264404297,158.90295474951554,151.89779350445605,155.74970987608987,7870400
2024-02-05,157.4412841796875,159.16040624243718,154.85802108055708,156.13586351857313,6486700
2024-02-06,159.30751037597656,159.92346152853153,156.0715434532187,157.79983982426953,7037400
2024-02-07,160.88870239257812,161.39432652883747,159.33507772309818,159.96939088213583,6409100
2024-02-08,160.68643188476562,161.71607018159293,160.23597828075862,160.2819466558312,5709100
2024-02-09,160.03375244140625,161.24723636375023,159.08686268998656,160.94387590384974,3502700
2024-02-12,159.10523986816406,160.65886444021783,158.3330075868573,159.5373033456037,3477100
2024-02-13,159.30751037597656,161.06339900202795,158.09402628683802,160.38311735560788,5480400
2024-02-14,160.34629821777344,160.75079749209368,158.74669127684686,159.09603410968327,4348500
2024-02-15,162.3412322998047,162.4791374565427,159.78554717050966,159.97860877891017,5276200
2024-02-16,163.16860961914062,164.48321838274094,161.86318892097373,162.61701708635763,6689900
2024-02-20,161.56898498535156,164.26256076139987,161.35754728265198,161.6425315835904,5484100
2024-02-21,161.0082244873047,162.3780037482772,159.50055410470924,162.06542715996343,3818500
2024-02-22,162.48829650878906,163.03068689006358,159.16958165972702,160.6772518554805,4852300
2024-02-23,163.72018432617188,164.47402650164807,162.72732620674444,162.95715408547542,3941800
2024-02-26,164.38209533691406,165.28301672449646,163.63745522888098,164.40967356109448,4327400
2024-02-27,164.54757690429688,165.04399896167894,162.69975173899624,164.3453272441388,3888500
2024-02-28,163.637451171875,165.37494939006865,162.61701481975615,165.33818310126662,4331300
2024-02-29,161.8448028564453,163.65584775087748,161.23805386055224,163.51794260040296,7485700
2024-03-01,164.47402954101562,164.73143564774455,161.56900173355396,161.84479799864374,4028700
2024-03-04,162.76409912109375,165.45767500409175,162.05622535907037,163.9592068416634,4723600
2024-03-05,164.703857421875,165.09915464735337,163.4443910844167,163.4443910844167,5309800
2024-03-06,166.45053100585938,167.4617792247301,163.72937693475586,164.00515915119362,6047100
2024-03-07,166.0000762939453,167.70079407049334,165.05317258917282,167.48935636339831,6125200
2024-03-08,164.41888427734375,167.4434132509286,164.26258896201637,165.23707103529566,6195600
2024-03-11,165.13592529296875,166.63439346345424,163.8580828995668,164.01436416752762,5134800
2024-03-12,166.32183837890625,168.13288319402983,165.19108913795466,165.21866736132563,5391100
2024-03-13,165.3473663330078,167.7835361878689,164.94286703010704,167.77434812283215,5987900
2024-03-14,166.5792694091797,167.3514878342836,164.2442239730085,165.62319145822948,6999400
2024-03-15,163.52711486816406,166.00925282059873,163.21453833398093,165.32895734071366,20957800
2024-03-18,164.0879364013672,165.36577899438177,163.2421713927429,164.56596834477517,8569000
2024-03-19,165.16351318359375,165.4117171973423,163.8121241095285,163.8121241095285,7625600
2024-03-20,162.0470428466797,164.76819704490302,161.55060677874116,164.75900897978576,7326600
2024-03-21,163.1777801513672,163.39841994628915,161.68850011148714,162.5434530150985,5743600
2024-03-22,164.05113220214844,164.5475682610348,162.51588370074077,162.92957106475933,4084400
2024-03-25,164.12469482421875,164.7406318978916,163.75697580421695,164.55677238789067,4366400
2024-03-26,164.73143005371094,165.2646324074229,163.98678998256193,164.76819634160339,4392400
2024-03-27,165.79782104492188,166.009258744867,164.3820735955314,165.29219695585385,5073500
2024-03-28,167.40663146972656,167.59049096608715,165.7518679473206,166.3953831983728,5418700
2024-04-01,166.17474365234375,167.222758213616,164.77740025570102,167.2043820832568,3502100
2024-04-02,166.11038208007812,166.4229445950471,164.10627589790846,164.91527443319666,4523800
2024-04-03,163.02149963378906,166.94696341742144,162.35040620909572,166.13796485993072,5893000
2024-04-04,154.35243225097656,163.3616899168131,153.93874478229492,163.31572152527434,10539000
2024-04-05,156.28294372558594,157.2390214444782,153.7916035681785,154.4443208582261,7030100
2024-04-08,156.09910583496094,158.09401023865883,154.81206123324603,155.55671538068896,4745000
2024-04-09,156.4116668701172,156.78858797299384,153.8927481681277,156.03474576724054,5933200
2024-04-10,155.3912353515625,156.2462024158901,153.85598669522136,154.98673601167258,3231700
2024-04-11,154.00306701660156,155.7037848817775,153.73645882510255,155.54750360946926,3307000
2024-04-12,150.57911682128906,152.5926515159004,148.4635128952189,152.5926515159004,7029400
2024-04-15,150.01312255859375,152.82464964079273,149.85538175051826,152.65763495880205,5433700
2024-04-16,150.82037353515625,151.93386127224872,150.39354884004425,150.48633004574546,4881300
2024-04-17,152.40707397460938,152.86174857701192,151.46061512159645,152.31427861621412,4792200
2024-04-18,152.78750610351562,155.36705833850277,152.57407962352113,153.06587800368624,4480100
2024-04-19,154.4113311767578,154.58763385844,151.47917348640354,153.12155501326288,5532400
2024-04-22,155.78463745117188,157.3620596276731,154.8845761667369,155.58977283802608,5580700
2024-04-23,157.3156280517578,158.08578414770687,156.09081155406014,156.4341288629042,4084100
2024-04-24,155.7011260986328,156.91666895530722,154.71755750189124,156.36921309992618,4074700
2024-04-25,155.22787475585938,157.08366865849115,153.63190502549318,155.57120625568328,5503700
2024-04-26,148.1109161376953,155.3856394532917,146.28295789614478,155.04230793191113,10721700
2024-04-29,149.8739471435547,149.90178292453405,147.12736543203889,148.08309833522694,6219000
2024-04-30,150.91314697265625,151.2935880889342,148.17585402694996,149.6419327864301,5484800
2024-05-01,150.0594940185547,151.88745211998466,149.5213120952246,150.4028113550338,5176400
2024-05-02,149.2151336669922,150.72761050400038,146.71908814772829,150.47707431708676,5904300
2024-05-03,151.980224609375,152.40706340637783,149.1501504361533,149.53986542893873,5849900
2024-05-06,150.9967041015625,152.7597172383012,149.39144594494365,152.55557872606212,5834600
2024-05-07,150.82968139648438,152.1658555297959,150.21726589228552,151.58127580682546,5301700
2024-05-08,148.88107299804688,151.15441784961394,148.3428910311372,150.44922121637964,5906700
2024-05-09,148.8346710205078,149.6883487079251,148.4820797933583,149.2151121831592,3570000
2024-05-10,149.15945434570312,149.79970559085,148.7883011802834,149.12234469259545,3509500
2024-05-13,149.65122985839844,150.84822493985044,149.20584325437636,149.65122985839844,3505900
2024-05-14,149.93887329101562,150.551288710951,148.20371042645007,149.99454484581256,4025000
2024-05-15,151.980224609375,152.5648041778446,150.1986642886774,150.60694118357156,5261300
2024-05-16,152.4998779296875,153.0380457312491,150.48632897595738,151.6647621328049,4642000
2024-05-17,154.4206085205078,154.48556810304413,152.62977420544124,153.464875795929,5152200
2024-05-20,152.6947021484375,154.42059084196654,152.5555232854844,154.0401497384519,3058700
2024-05-21,151.1822509765625,153.76181765499854,150.78326206383724,153.44632191538687,3645200
2024-05-22,148.10162353515625,150.26362499308183,147.70262050903426,149.92030767370332,6904900
2024-05-23,146.84896850585938,148.5006239699959,146.38502002360565,147.56345313293363,5672900
2024-05-24,145.7354736328125,147.3314573106721,145.0859486845166,146.94174234169458,3691700
2024-05-28,144.1395263671875,145.07671146230464,142.8497500159714,145.07671146230464,5533500
2024-05-29,143.62913513183594,145.10450176008135,142.59916914840252,143.7219304724837,4254500
2024-05-30,145.03956604003906,145.1509091402606,142.50641139991438,143.49925374691804,4311100
2024-05-31,149.61410522460938,149.98525833102843,144.93749679566187,145.35504758002918,15664400
2024-06-03,148.6398162841797,151.42350716411238,147.37787585226684,148.4635135964105,4467800
2024-06-04,150.44921875,151.07090803988035,148.25010739460092,148.6398224348878,4215500
2024-06-05,153.51129150390625,154.0123496853279,150.4677902870864,151.15442504834624,5100500
2024-06-06,156.4155731201172,156.70321886779766,152.49984742263695,153.55764922687777,5186700
2024-06-07,157.2042999267578,158.0579634236652,155.6918233640783,156.8145849059034,3781700
2024-06-10,158.16932678222656,158.43841067893194,155.5990481614209,156.8145909501581,4247500
2024-06-11,155.60833740234375,158.33635708148097,155.3485273527674,157.97447778681496,3790200
2024-06-12,154.11439514160156,156.38773975056267,153.13082667753878,155.7753385474748,4725600
2024-06-13,154.550537109375,154.86601872204574,153.10301991374607,154.03091700413242,3690800
2024-06-14,156.4341583251953,157.0372998953812,154.03090839350173,154.46702113429063,4377600
2024-06-17,157.445556640625,158.11364361533472,155.29284295657055,156.25784960971538,4076000
2024-06-18,159.00440979003906,160.53543397732432,157.6218383429066,158.1507463601836,4250900
2024-06-20,159.7189178466797,160.34988102124876,157.76105457716648,158.83740435487755,5847500
2024-06-21,158.1043701171875,160.46122228013382,157.36204968146313,160.24780993338538,12228100
2024-06-24,160.28492736816406,160.90661663776672,158.3920096244155,158.79101268316592,6249900
2024-06-25,158.4384307861328,160.90664048516635,158.31779963165346,159.6910975421663,4844600
2024-06-26,158.80958557128906,159.92307343617549,157.88168845627462,158.01159348603318,5576100
2024-06-27,156.80531311035156,159.19000094638528,155.6547157774104,158.93946480159485,5382000
2024-06-28,159.1528778076172,159.43124970505767,156.86097136713707,157.7331967051119,24463400
2024-07-01,158.08578491210938,161.34271198114124,157.31562881243633,158.9209005886792,5194500
2024-07-02,153.99378967285156,156.47127292075447,153.52055314958383,156.47127292075447,5965500
2024-07-03,152.02664184570312,155.05159514239426,151.72972216667543,154.11441010619183,3527600
2024-07-05,155.19078063964844,155.2464521969258,151.83179787045236,152.84320225055163,5978300
2024-07-08,154.5133819580078,155.62685530688432,153.67826632741406,154.53192970017213,3500200
2024-07-09,155.93309020996094,156.37847679564098,152.97309658048988,154.97735745392652,4224600
2024-07-10,156.0166015625,156.30424736813836,154.13297177856043,155.37635036487416,3887800
2024-07-11,157.65896606445312,158.0672429668296,155.28355225998965,155.44129303434727,3689500
2024-07-12,158.00228881835938,159.2549553429269,157.64968345262673,158.32705840875352,4133500
2024-07-15,157.3468017578125,159.53802322163986,156.77558444062853,158.17085671733003,2395100
2024-07-16,158.44241333007812,159.05109548791333,156.62575449895132,157.88056936359442,3829500
2024-07-17,164.12648010253906,164.56659902829654,158.73268706811496,158.73268706811496,6983200
2024-07-18,160.2590789794922,165.44684469618363,159.86578389962602,163.3586300023765,5957800
2024-07-19,161.3640594482422,162.79678230968963,160.33399072298292,162.62821911435208,4293600
2024-07-22,162.57203674316406,163.62082360281178,161.0643984880958,162.30048096295147,4066900
2024-07-23,162.14129638671875,163.48974496240413,161.78546610993862,162.30050053657556,2933800
2024-07-24,165.00672912597656,165.37193269668816,161.95398792031955,162.1880931397154,6117700
2024-07-25,170.58778381347656,174.27728423316617,160.87710421212412,165.74648975394544,9442200
2024-07-26,173.38771057128906,174.97026429984726,170.53162374951097,171.78642442247246,6948800
2024-07-29,170.37242126464844,174.29602713179176,169.05206436302117,172.33889658645066,5458500
2024-07-30,174.90467834472656,175.775557131091,170.990446204139,171.9174936644636,6032200
2024-07-31,173.53750610351562,175.57889654883948,171.78638952565512,174.53946890972446,6473900
2024-08-01,177.64842224121094,178.82830747789012,174.89534240031,175.83176333728858,6595500
2024-08-02,177.25511169433594,181.5813861106746,174.60505303432984,178.83766535348445,6303900
2024-08-05,172.63853454589844,177.25508210529946,171.4024522650971,175.53207130961917,6459300
2024-08-06,173.90272521972656,175.87857381748563,171.4399337710839,173.6405142318289,4273200
2024-08-07,175.5882568359375,177.53601378985888,174.15553417321001,175.9534603717573,6351000
2024-08-08,178.29454040527344,178.58484289774654,175.0357995505273,175.0357995505273,5744600
2024-08-09,177.8544158935547,178.86575218710203,176.14077820885817,178.65037937945232,3206500
2024-08-12,178.08853149414062,178.45374938601344,175.76621151181675,177.99489797123599,4808300
2024-08-13,179.07176208496094,179.73662720123434,177.33939201850842,178.4443618057826,3477300
2024-08-14,180.72923278808594,181.05698581689177,178.36008906613196,178.8563909975358,4153400
2024-08-15,181.10379028320312,182.59271032374392,179.12794167878658,182.12449988941438,4719900
2024-08-16,181.57199096679688,181.89974396868604,180.0456347491316,181.55327283825582,3674900
2024-08-19,184.35317993164062,184.64346812748167,181.0569886171207,181.1037982316893,4309300
2024-08-20,183.678955078125,184.92439659829674,181.78739513499113,184.58728450044086,3631800
2024-08-21,184.03477478027344,184.7932733260134,183.22945233779643,183.95050033933504,4250400
2024-08-22,183.8849639892578,184.9805747063412,182.92982497763558,184.4842727820722,3676700
2024-08-23,184.98995971679688,185.39261386279784,183.75387721636216,184.70903057682085,4720300
2024-08-26,184.88694763183594,185.3832495733935,183.6040555514305,184.99931356920015,4182300
2024-08-27,183.46359252929688,185.6922789835583,182.77063587588665,185.40199077252086,2504500
2024-08-28,182.9766387939453,183.75386985834166,181.69374672875986,183.08901901862546,3910200
2024-08-29,182.77064514160156,183.95054475421475,181.5252177772997,183.53851722528,4538300
2024-08-30,183.8287811279297,184.00670338175996,181.8248410112468,182.83617727882256,3820800
2024-09-03,185.12106323242188,187.23736947369932,183.63215732432866,183.66960787599862,4872400
2024-09-04,184.48428344726562,187.17182124971902,183.95053094387285,186.04810469566138,4214300
2024-09-05,180.59812927246094,184.5966503818219,179.94263752223335,184.43746054881296,5902800
2024-09-06,181.10379028320312,182.35860510657915,180.57003781816468,181.16934660256055,4312600
2024-09-09,183.93177795410156,184.10970019821752,181.609458293491,182.57397060655842,3606900
2024-09-10,186.6754913330078,186.7878572561215,180.6449391226857,183.6508418751557,6333300
2024-09-11,182.21815490722656,185.11169230358283,181.1225440762368,185.11169230358283,4909300
2024-09-12,181.68438720703125,182.6676320107796,179.10922972936362,182.39606194785486,4165200
2024-09-13,181.8623046875,182.21813490424086,179.61488601101448,181.53455166530983,2718100
2024-09-16,183.28565979003906,183.68832820940787,182.09641552815816,183.36994853088774,3235700
2024-09-17,181.15061950683594,183.61341103613722,179.62426316235607,182.41479343212836,3534100
2024-09-18,180.6730499267578,183.1452005201912,179.58679825832448,180.85097218314849,3236800
2024-09-19,181.30979919433594,181.8154744516034,179.75535145308498,181.1318769478399,3929300
2024-09-20,181.1693572998047,181.4971103386471,179.91455669098679,180.72923832245598,11661200
2024-09-23,181.50645446777344,181.94657340890467,179.98008391497154,181.38471518531,3178000
2024-09-24,181.206787109375,182.7987139288033,179.4088608558131,180.6823937381671,4286500
2024-09-25,179.09986877441406,182.199434173668,178.81895391559496,181.66566736461175,5589300
2024-09-26,179.6991729736328,180.60750243005683,177.5641343699237,178.01362670970954,6215700
2024-09-27,182.40542602539062,183.66024092654564,178.1728137245225,180.35467619837746,4891900
2024-09-30,184.9243927001953,185.05549105278416,182.0121231710832,182.4616154845154,4550200
2024-10-01,184.4374542236328,186.31965496087622,183.9317789703359,185.083572598282,3924600
2024-10-02,184.3063507080078,184.47489959528005,182.0870236717233,183.22009913898353,2946900
2024-10-03,183.02346801757812,184.52174722191228,182.35861715853383,184.3531840243162,3453800
2024-10-04,181.93719482421875,183.20136864663215,180.7760421521953,182.69570769085544,4749700
2024-10-07,181.30044555664062,182.68634444605166,180.57939748454936,182.0589441765977,5033800
2024-10-08,180.73858642578125,182.6020690953343,180.0269117106565,181.98402789373597,4419000
2024-10-09,182.3679656982422,182.49906404940614,179.74598438631438,180.58877174835294,4478900
2024-10-10,181.993408203125,182.4335271706018,180.99143097842062,182.17131617221966,3562500
2024-10-11,181.84356689453125,182.82681164339206,181.27234960528054,182.60206549579158,2973000
2024-10-14,183.21075439453125,183.85688714059714,181.3472858361295,181.89041170545082,3623900
2024-10-15,181.0963897705078,185.24010413530996,180.49229522994725,183.8053742004474,6553500
2024-10-16,179.77496337890625,180.32241198288511,178.14200816128155,179.76551517358635,5576000
2024-10-17,177.990966796875,180.86984601893383,177.88713737425076,179.85043379755493,4419000
2024-10-18,178.2646942138672,179.04813179795985,177.60396805943662,178.36852363833128,5607900
2024-10-21,176.07484436035156,178.75552741955988,175.46131601105483,178.1231170648655,4496500
2024-10-22,178.17031860351562,178.4912551169309,175.78225597535368,175.867217806913,4210400
2024-10-23,177.33970642089844,178.65172514177954,176.98102027758847,178.11369592681456,4266700
2024-10-24,179.0103759765625,179.78437979483869,177.61340998575375,177.85881845355442,6741800
2024-10-25,177.31138610839844,179.22749942040514,176.669527468389,179.03870814803346,4017400
2024-10-28,179.0386962890625,179.47289602290462,176.99988606836104,177.53790083127848,5383700
2024-10-29,178.8216094970703,180.43568264434023,177.9437906014114,179.80327223071737,6131500
2024-10-30,190.1956024169922,190.99792213369827,177.97211620920493,180.8698779476654,10396400
2024-10-31,192.4326171875,195.6890791202441,190.12006832722938,190.63921547612702,8829300
2024-11-01,192.13059997558594,193.24439362513453,190.96960850638217,192.90458948747096,4493900
2024-11-04,189.223388671875,192.7818910881898,188.98741397800603,192.3571251170238,3531800
2024-11-05,190.365478515625,191.0639687225184,187.22230859148172,189.24225118682125,5109300
2024-11-06,189.91241455078125,194.58471021041538,189.58205864918656,194.24490610411013,7194800
2024-11-07,189.26113891601562,190.969607803629,188.04351582880744,190.62035546166817,4520200
2024-11-08,188.30780029296875,190.56371772538097,188.28891828523152,189.87467567186644,4596900
2024-11-11,164.64425659179688,168.55201135125566,163.01131574201375,168.55201135125566,20760300
2024-11-12,161.49163818359375,166.72084546993702,161.43500656145505,166.13561843474827,10557000
2024-11-13,160.7931671142578,162.95468903944007,160.13242642887857,162.03910604681738,8483500
2024-11-14,160.113525390625,161.99187440169067,159.13186277333713,160.46276326650158,8442500
2024-11-15,155.73385620117188,160.1135457197044,155.47899951203215,160.1135457197044,11265400
2024-11-18,156.9514617919922,157.3856614955381,155.55449586350747,156.3284852445024,8336900
2024-11-19,157.2252197265625,157.72548490556056,154.62004999151407,155.9981484864203,5246000
2024-11-20,158.34844970703125,158.49004316171178,156.35682276097504,157.5461444081828,7135600
2024-11-21,162.09573364257812,162.78479012275028,157.55558281001024,159.13189204608824,6847700
2024-11-22,167.0229034423828,168.82575375452157,163.76645519654693,164.55932679674535,11328600
2024-11-25,167.126708984375,170.0811166562511,166.83410267874225,167.08895937189894,12465000
2024-11-26,170.9778289794922,171.4592121851016,166.7586001684802,167.15503593829138,6947500
2024-11-27,172.80897521972656,173.90390116518967,170.74183476832246,170.9778094426334,5271500
2024-11-29,172.6674041748047,173.24318303093318,172.26153459565418,172.86562926415348,2710700
2024-12-02,171.57247924804688,172.45029816929826,168.8257304380473,172.05386242395068,3936600
2024-12-03,171.31761169433594,173.21484287025808,171.29872968782524,172.05385151799234,4107600
2024-12-04,166.5603485107422,170.3264945988446,166.04120141509858,169.99613873997993,6125500
2024-12-05,166.28662109375,166.8057682244683,163.7947292690523,165.16337941167316,5444200
2024-12-06,166.30551147460938,166.8246586314726,164.38939829789226,166.1261684201702,4839600
2024-12-09,166.66419982910156,168.13667949186203,164.59705937839894,165.73916873613575,4394500
2024-12-10,165.814697265625,166.9945707428405,164.07792696382438,165.68255201228698,4089600
2024-12-11,164.58761596679688,166.1261754964685,164.08735079507875,166.08842588470273,9492200
2024-12-12,163.47384643554688,166.04125249588319,162.34117068016408,165.09735363260523,4999500
2024-12-13,163.64370727539062,165.1067530896699,162.7186906145772,163.5304440442402,5471600
2024-12-16,162.0013427734375,163.61540152757496,160.963048414883,162.03909238522516,8157900
2024-12-17,165.54095458984375,166.59811649925908,160.6610001578273,161.0102380594554,7664700
2024-12-18,163.3133544921875,166.5981178828294,163.12457763575998,166.15448434871172,5471600
2024-12-19,161.8975067138672,164.12510818974047,160.7836987745551,163.22839291551637,6110500
2024-12-20,165.72975158691406,166.88130926509095,161.085771259747,162.1523671005728,18950900
2024-12-23,168.382080078125,168.6274885428355,164.8330263289825,165.4559884936708,6945600
2024-12-24,169.90176391601562,170.0622249647173,167.8629392923632,168.4009684580844,2692800
2024-12-26,169.14663696289062,170.2321290633577,168.60862221621176,168.97674211743958,2759300
2024-12-27,168.0233917236328,169.58083312130356,167.3437835506038,167.93844430269175,2745400
2024-12-30,166.31494140625,167.39098530509432,165.66364902486387,167.0889452226076,3405700
2024-12-31,167.7307891845703,167.86293442100455,166.05065072015606,166.45653463382948,3326400
2025-01-02,169.37318420410156,169.69410630387176,167.91957214766995,168.63694437392232,4092000
2025-01-03,171.05332946777344,171.38369978527209,168.76909626329467,169.58084974941121,4380200
2025-01-06,169.9961700439453,171.77068989389272,169.20328415061576,170.63801427838862,6302100
2025-01-07,169.4581298828125,171.9500218368227,168.3820859572797,169.55252551247804,5905200
2025-01-08,168.4859161376953,169.18440635317248,166.2960642639297,169.14664234003803,4488500
2025-01-10,165.34274291992188,167.57977835680455,163.60597267016698,166.9379341177546,5372200
2025-01-13,166.8246612548828,167.99508642394264,164.5592957355149,165.3332995820555,4734100
2025-01-14,165.70143127441406,166.86242272398155,164.32333273865547,166.70196166206995,4779100
2025-01-15,163.2622528076172,166.22546079006875,160.75638466190142,165.32982664497317,8048700
2025-01-16,165.5013427734375,165.74908005669127,162.47144601409377,163.3575429589148,5236000
2025-01-17,163.46234130859375,165.77765252353862,163.18603574675174,164.72004409963975,7852500
2025-01-21,164.46279907226562,167.3688418119524,163.1384077303852,164.0340420047713,7548500
2025-01-22,161.2137451171875,162.8049192543648,160.12755377941372,162.26183085476447,9465000
2025-01-23,162.61434936523438,162.63340943311778,160.52771535844764,162.41426953746063,7116200
2025-01-24,162.26181030273438,163.0335758214835,161.26136759604907,161.32807056116135,5584900
2025-01-27,168.55029296875,169.07433581050233,164.44372781182486,164.51043078194442,6985200
2025-01-28,166.55892944335938,168.79801477173555,165.52990392256763,168.45500626480498,5603700
2025-01-29,166.98768615722656,168.56933729973733,166.0730064993543,166.26356354986345,3748300
2025-01-30,167.35928344726562,167.8071005281052,165.76810948413046,167.70229196581144,5209200
2025-01-31,175.21987915039062,182.71842353733146,175.00073926500713,178.45940722581065,11926500
2025-02-03,181.1653594970703,182.61361931268732,173.55248360457443,174.5338662685686,9830000
2025-02-04,180.98431396484375,182.12767078467405,178.2212004387063,178.77382605164794,7377800
2025-02-05,182.69937133789062,184.25243974658704,180.9557458668039,181.5274315925468,6449600
2025-02-06,183.86180114746094,185.31006109210836,181.5655498582224,182.84229825775103,4586400
2025-02-07,181.60365295410156,184.70977515815952,181.45120149242996,184.04281818656077,3805900
2025-02-10,181.3559112548828,182.42305692189004,180.16491149954933,182.42305692189004,3685700
2025-02-11,182.7755889892578,182.87086024695463,179.3740866947694,180.84140654129936,3977000
2025-02-12,183.890380859375,185.19571207116306,181.40357253667682,181.50838110731056,4525000
2025-02-13,184.3191375732422,185.10996323412417,182.39447770625918,185.10996323412417,4108900
2025-02-14,183.76651000976562,185.96747542803055,183.68076150898005,184.7955356349101,3976900
2025-02-18,186.9869842529297,187.72064426194547,181.67035895603928,182.93758459394905,6065500
2025-02-19,188.03504943847656,188.75917206450228,186.75828663616062,187.50146932929977,4888700
2025-02-20,191.3984375,191.85577735476178,187.53959522035706,188.6543692942856,5067000
2025-02-21,192.5417938232422,194.35210770768165,190.57902847481972,190.86487133514487,5889400
2025-02-24,194.4473876953125,195.80036168593466,191.77954530963902,192.30358811480957,6305000
2025-02-25,194.5045623779297,196.28629345956435,192.799057029543,195.49546783300977,7746800
2025-02-26,193.42787170410156,194.20917447636518,191.92244635688203,193.98049730284575,4766700
2025-02-27,195.343017578125,197.03900004611452,192.7037580814384,193.4755235873855,5696900
2025-02-28,199.1637420654297,199.70684493276488,194.76181161890753,195.4382913388215,13136400
2025-03-03,201.4980926513672,202.27939544656445,199.0494047859655,200.06889298670268,7016400
2025-03-04,197.95370483398438,205.48083287526526,197.86795633100994,204.3469986518046,7554000
2025-03-05,201.55526733398438,202.16505863666112,196.27676273318002,197.29626551812393,5752800
2025-03-06,200.8025665283203,201.97450626216948,198.6587668856692,201.46952350943073,4346000
2025-03-07,204.1754913330078,204.8424629172519,199.1351860822522,201.1455945232858,6806100
2025-03-10,206.43360900878906,208.33920861664961,199.32571607449793,200.07843606120272,8604000
2025-03-11,203.50848388671875,206.4335859363696,202.38418722225427,206.4335859363696,7144500
2025-03-12,202.0507354736328,203.77530088969294,199.4305358652698,201.99356980834915,6139800
2025-03-13,201.5648193359375,203.70861908523318,200.73587354664718,201.9935763780821,5559500
2025-03-14,201.77444458007812,202.7748874109865,198.45869036686332,199.87836749175793,4511600
2025-03-17,204.34698486328125,205.3283675450745,199.63062851648002,202.20318520213777,5075400
2025-03-18,203.75624084472656,205.0234517710972,202.2508154323576,204.3469720620035,5088200
2025-03-19,202.23175048828125,204.37554996342203,200.8311336681036,203.92773290997366,5412900
2025-03-20,201.95545959472656,203.34653921340532,201.14557391886152,202.95588779146706,5836100
2025-03-21,200.09750366210938,202.8320492872633,198.88745824541007,201.73632066873176,16657700
2025-03-24,199.29714965820312,201.05983525608292,197.70597559921404,199.5067667954182,7393800
2025-03-25,191.8367156982422,199.38288866288644,189.96923615926474,199.34478306637683,10089100
2025-03-26,191.7986297607422,193.5327180818193,187.21566440105667,193.5327180818193,6742900
2025-03-27,193.15158081054688,194.0662604967959,191.79860680981537,192.4846238437879,4995300
2025-03-28,195.60028076171875,196.29583514115652,192.0749241171552,193.16111539766553,6478100
2025-03-31,199.63063049316406,200.8597359140849,194.78086816239724,194.78086816239724,11093700
2025-04-01,196.53402709960938,202.13648027349305,195.89565295133403,200.5834264202689,7853200
2025-04-02,195.50502014160156,197.43920283818392,190.8839346614477,197.43920283818392,9262800
2025-04-03,192.12255859375,200.7454000282269,191.74144447429416,200.37380867325734,7593100
2025-04-04,178.1354522705078,190.5599549353195,177.38273230691365,190.5599549353195,13505200
2025-04-07,177.74481201171875,179.31692592302076,167.95955364181322,172.48535285512878,12581100
2025-04-08,167.37835693359375,179.49797284243576,164.18648598706102,178.74526731730495,12517100
2025-04-09,171.3515167236328,172.07565389398695,156.63076236216813,160.3562131603243,18977800
2025-04-10,165.97772216796875,169.5983643138437,157.18338408923623,169.3601643639647,13970000
2025-04-11,166.78762817382812,168.61700226759376,161.33761149219234,165.60615104431216,9047700
2025-04-14,170.64646911621094,171.68501752532228,167.8833406634622,169.06481778173125,7164400
2025-04-15,170.01181030273438,173.5697467757394,169.54061845028448,170.8772491543272,8078500
2025-04-16,165.08836364746094,170.05987514112653,163.23247276739767,169.7521544528443,9459300
2025-04-17,166.34808349609375,168.47322270310718,165.309548152644,165.94421108579616,8998100
2025-04-21,163.62673950195312,167.48277095736626,162.06892914654935,166.80965027191053,7364600
2025-04-22,167.1077423095703,167.95395953952297,164.34794021587948,164.51141133113302,6191900
2025-04-23,170.25218200683594,171.30993878895524,167.70391974619366,168.28088866220713,7119700
2025-04-24,173.44471740722656,174.52172516025226,169.34828472220906,170.7906924571641,8789400
2025-04-25,178.916259765625,181.45489688686158,173.07932387718023,179.93555892198754,10482100
2025-04-28,184.9551239013672,185.705174715626,180.4355828051353,180.7817612327109,10408000
2025-04-29,186.0802001953125,188.0322574015074,183.26270425630602,185.19552525181433,6671400
2025-04-30,187.6091766357422,188.2630611156533,183.67620029500034,187.02259688856043,8400700
2025-05-01,185.91673278808594,188.30152408109333,182.51265707527085,185.4744026439956,5823600
2025-05-02,190.84979248046875,191.34020586887593,187.15723189345476,187.6764922651252,6424800
2025-05-05,188.54193115234375,190.8786246529476,187.541853567044,190.84977767192262,5121500
2025-05-06,179.9644012451172,188.30153096029295,178.60854911024376,187.99381026365788,9392000
2025-05-07,180.86830139160156,182.8780525474784,179.5797540673204,180.94523156105666,5771700
2025-05-08,178.45468139648438,179.49321669536826,174.66595484488852,177.06035689561494,8816700
2025-05-09,177.51231384277344,182.48381063144504,177.15650996512568,178.61815387917918,7806100
2025-05-12,182.77230834960938,185.29170929126468,173.08893689266299,173.08893689266299,12792700
2025-05-13,180.78176879882812,182.4741885861793,178.29121497358156,181.77222093277453,7523800
2025-05-14,170.627197265625,180.4451763127186,169.819452569527,179.3585726166325,12212000
2025-05-15,174.70443725585938,175.11793514915092,169.79064844465245,171.18497314235006,12073300
2025-05-16,176.95458984375,177.00267303747518,173.58897170401707,174.33902257275167,6152800
2025-05-19,178.57968139648438,178.66622233001695,175.50253347910277,177.14688458086516,5216700
2025-05-20,177.75271606445312,178.85855610669347,176.58916738853006,177.7623268336019,5505100
2025-05-21,174.81980895996094,177.7142350095897,174.56978224493747,176.86801783184126,5140900
2025-05-22,175.53140258789062,176.51224397704343,173.32933318821853,174.44479871526048,4689200
2025-05-23,176.2237548828125,177.05073590049452,174.74288940474156,175.36792688440335,4027000
2025-05-27,178.58932495117188,178.84896247236392,176.8391963850399,177.19500029865316,5726700
2025-05-28,176.06028747558594,178.95472843489566,175.36793057769282,178.23352455566786,4787800
2025-05-29,178.49313354492188,179.57975200069185,175.67563765158513,176.41607768525586,4925900
2025-05-30,178.96434020996094,179.52207297378266,175.98335828989713,177.89695787578898,11609000
2025-06-02,179.810546875,179.810546875,176.12759750047115,178.59891503175075,4435600
2025-06-03,180.06057739257812,181.48374900934306,177.7238837516654,179.72400969650363,5335600
2025-06-04,180.14712524414062,182.8780806512931,180.0798205061053,181.17604991167676,4382200
2025-06-05,180.27212524414062,181.35874379875966,177.9450424566972,180.30097222586232,4417900
2025-06-06,182.54150390625,183.1761668146574,181.0702492286246,181.25295655131126,3607800
2025-06-09,181.89723205566406,184.42624359977202,181.7529824807064,183.19539019270283,4661500
2025-06-10,182.2241668701172,184.51279170873102,181.5510462331512,181.78182206700845,4087500
2025-06-11,184.1473846435547,185.3205440903141,181.8010657500359,182.07031401588918,3908000
2025-06-12,185.03207397460938,186.15715031701933,180.21443712281325,184.82051965317183,5781400
2025-06-13,183.74351501464844,186.0417507511393,182.98383872437975,184.20508138122207,4965700
2025-06-16,183.53195190429688,184.30123892697827,181.67604641184317,183.57040965261265,4203900
2025-06-17,178.35850524902344,183.29154398039526,177.92578589974656,181.897219555868,4733900
2025-06-18,178.36814880371094,179.93555525794727,176.64686732737658,178.13735827995964,3573200
2025-06-20,178.18544006347656,179.916332295591,177.08921076195915,178.9451016879691,12158100
2025-06-23,176.70455932617188,178.66624207392923,175.30062400618056,177.40654165909785,5157900
2025-06-24,178.42584228515625,178.99318581413442,176.15645349631316,177.4353901335739,4074400
2025-06-25,178.27197265625,179.90669842608926,177.55076881606243,178.18543171693062,4471100
2025-06-26,179.6182403564453,181.73378367029042,178.65663509485455,179.36822827068718,5734000
2025-06-27,175.31024169921875,180.78177763597654,174.75250892235604,180.68561124678504,29264700
2025-06-30,178.49313354492188,179.09894945182788,174.77172651205217,175.42561093550108,6482600
2025-07-01,182.69537353515625,184.39740414022162,177.3103786548979,177.9065691715018,5937600
2025-07-02,183.4261932373047,185.19554329670106,182.25303371091707,182.4165048353572,4658200
2025-07-03,182.0126190185547,184.11853661464556,181.6183573911825,183.81081592803412,3706200
2025-07-07,180.42599487304688,184.04162527308216,179.6567077507392,182.16649800009753,11049100
2025-07-08,182.4838104248047,185.58979089983757,179.50282863962497,179.61821656039095,7106900
2025-07-09,183.30117797851562,183.75313359499364,181.08949776349831,181.26257965597202,5594100
2025-07-10,187.51300048828125,189.9170133150541,182.2818662295548,183.18577740009016,6049400
2025-07-11,185.0609130859375,186.55140404251276,183.82044886566177,186.44562688629307,4991000
2025-07-14,184.16664123535156,185.27248140155888,182.7434549035692,184.35895935039653,4072800
2025-07-15,180.78163146972656,184.9328475464658,179.44315014042792,184.48669696980684,6729200
2025-07-16,184.84556579589844,185.63119102190868,180.88832873186396,181.29568941203,6202600
2025-07-17,185.640869140625,186.33920590476268,182.59535067467027,183.3130897932729,4853100
2025-07-18,183.56527709960938,186.55260356053472,182.89605120904363,185.74757597661375,5332000
2025-07-21,179.28797912597656,184.18601578335807,179.07459761143647,183.91444200115455,4954800
2025-07-22,181.47998046875,182.53717951458472,179.3364714421874,179.37527615560367,4432100
2025-07-23,184.81646728515625,185.05894493449398,181.15020641114253,181.42178019442792,4344500
2025-07-24,185.08804321289062,186.45562072291906,184.2733218535951,185.02014236645198,3462700
2025-07-25,184.55459594726562,185.64089113142316,182.85725232218854,185.64089113142316,3786800
2025-07-28,182.84754943847656,185.45661130590463,181.9940233793343,185.45661130590463,3776900
2025-07-29,185.46630859375,186.69809921611153,182.20740834222556,183.45858652108998,6715500
2025-07-30,183.61376953125,186.90176580545275,182.35288281732196,185.99975606989298,5008400
2025-07-31,183.33250427246094,192.8473248135255,181.97462056365157,191.13057892151147,10347900
2025-08-01,189.34596252441406,191.13059460852836,184.07933988094803,184.2054330041684,8082000
2025-08-04,191.25665283203125,191.43122961725356,187.89106223119973,188.94826111858285,4217500
2025-08-05,192.57574462890625,193.8754212272593,190.5680226660675,191.60583406900207,4153400
2025-08-06,190.39346313476562,192.09080676851988,188.81250404286268,191.29547293343728,4057200
2025-08-07,192.8764190673828,193.8172335165731,190.58742950022824,191.12088328064453,4683300
2025-08-08,192.09080505371094,194.3022001271165,191.20818282011908,193.0898118281151,4101700
2025-08-11,192.66302490234375,193.42924770050402,190.96568149409225,192.21685955175295,6067800
2025-08-12,192.66302490234375,194.00150615445614,191.12087072905078,192.12957115696128,3049800
2025-08-13,195.40789794921875,195.65037560937316,193.21590522930103,193.74934424191127,3558500
2025-08-14,198.5212860107422,198.88985675886508,194.8162353730808,195.72795366602017,4635400
2025-08-15,200.4708251953125,200.61630586611082,198.17214179873105,199.71429610783858,4430900
2025-08-18,200.35443115234375,202.07116218495455,199.76278511973385,200.38352728512288,6083500
2025-08-19,199.98587036132812,201.54742703008526,198.9286713519549,200.31563641568397,3975500
2025-08-20,202.85679626464844,205.320377478821,200.4320197623234,200.4320197623234,5782100
2025-08-21,203.19627380371094,206.05750715748243,202.5852253804859,202.84710539039114,5323900
2025-08-22,204.26316833496094,205.10698577998662,200.88786895553707,204.49593739584498,5516900
2025-08-25,201.30494689941406,204.94211162971064,200.81999160204117,203.97220103496488,2796200
2025-08-26,202.090576171875,202.3039576909774,200.35444268426357,201.2758548078449,3702900
2025-08-27,201.79957580566406,204.08856517247366,201.55709818121247,202.53671725577917,3459100
2025-08-28,201.663818359375,201.75110676499838,199.30694260957253,201.40193834284298,4523100
2025-08-29,204.06919860839844,204.65115092900936,201.64442193862345,201.74141892527936,4264700
2025-09-02,205.54345703125,205.77624090817372,202.70162601548998,203.81701730980186,4335500
2025-09-03,205.48526000976562,206.99831817562392,205.11668924640892,206.02840757703154,3973500
2025-09-04,206.59095764160156,207.74515362266243,205.29128099051675,205.8635246921593,3531600
2025-09-05,206.1641845703125,207.89062416894268,204.65112647710046,206.15449079267006,4465400
2025-09-08,203.4775390625,205.62104800878214,201.36314105002072,204.64144362680707,5525500
2025-09-09,204.0885772705078,204.37955339703026,202.8276905886842,203.2253574682762,3097100
2025-09-10,205.27186584472656,205.882914220077,202.16815508042183,203.90428843306626,4520600
2025-09-11,213.5937042236328,215.0970685481616,210.2281134040791,213.71979733203878,7647700
2025-09-12,211.77027893066406,213.7489048618951,211.6635881716304,212.5268080221167,4418800
2025-09-15,211.06224060058594,212.99236797072805,207.86153274644678,212.99236797072805,5162100
2025-09-16,209.7528533935547,212.1291461167916,209.3454927323411,211.76057536631518,4251000
2025-09-17,214.1659698486328,214.88370906284,210.76158876973525,212.5074309126297,5258400
2025-09-18,215.31045532226562,215.38804994474754,213.3027333146562,214.4181393632151,4445600
2025-09-19,215.77601623535156,216.76532920899746,214.9224901561542,215.72751774454963,14415100
2025-09-22,215.89239501953125,218.38507234363288,214.76729518142326,215.7663167064003,5990700
2025-09-23,215.9117889404297,217.6479223196159,215.25224206812294,215.32983668837434,4629900
2025-09-24,213.37063598632812,215.5529348134635,211.96425379133422,215.3201509440244,5074500
2025-09-25,211.9642791748047,215.57234818505373,211.46963004262935,213.47735230786304,6666000
2025-09-26,213.97198486328125,214.81580237622694,211.12044524064336,213.9913872198035,4185600
2025-09-29,216.4452362060547,216.5228308239763,213.1766276746194,214.10774829001872,4958400
2025-09-30,224.57308959960938,225.3587296025878,215.87300529649383,216.34825200979594,9187300
2025-10-01,237.02676391601562,237.44381838205877,225.01926561006934,226.60991844739544,12243100
2025-10-02,229.44204711914062,235.36820142420663,227.46343602466055,233.6417617555966,8107700
2025-10-03,226.87181091308594,231.65346346591312,226.6778317368454,229.77183437708874,6547300
2025-10-06,223.2637176513672,225.9406655107791,221.0620165019738,224.73798586943187,11940300
2025-10-07,225.8242645263672,227.036652656926,220.74192815518708,224.33059406170923,4901000
2025-10-08,224.28213500976562,225.98917235720373,222.76906202492884,224.51490408461635,5412800
2025-10-09,223.74867248535156,226.75538638228556,223.68077164139464,226.25104354000916,4607600
2025-10-10,223.5643768310547,227.61859573656187,223.5643768310547,224.54398113701376,6156900
2025-10-13,223.3704071044922,226.77478787538723,222.32290191352584,223.07943097372473,5411900
2025-10-14,222.23561096191406,223.70986435479261,220.66434579367944,221.20750813804906,5527600
2025-10-15,220.9949493408203,223.66188977160718,220.11574279636199,221.95230989688548,5459400
2025-10-16,221.6299285888672,222.84129340049773,220.25250700000703,220.9949477453818,4737500
2025-10-17,224.267578125,225.38124669678064,221.57131691495485,222.26492444682466,7150000
2025-10-20,226.70005798339844,226.8954355591978,224.68764063059317,225.66454341594357,5246700
2025-10-21,226.0455322265625,227.43273237655458,224.52156628449666,226.78797296834108,3298100
2025-10-22,223.3981170654297,226.79774941899083,223.15389137426683,226.3190616980245,3523500
2025-10-23,222.97805786132812,224.55087192157671,222.00115508866074,223.7009712793892,5818000
2025-10-24,222.72406005859375,223.7497960059047,221.0242439323409,223.49580666093246,3554700
2025-10-27,222.76312255859375,223.31996425531776,221.87413751979872,222.68496855345603,2784400
2025-10-28,222.2844696044922,223.12460665807444,219.12907754900445,221.75694862031477,3724200
2025-10-29,219.93988037109375,222.73382277940533,218.8652814039152,222.36259497140676,5469300
2025-10-30,222.92922973632812,224.345735902474,221.18058017520963,221.8057974095394,5020700
2025-10-31,213.00387573242188,218.69922073232811,211.01100061870739,217.84932008320254,10825300
2025-11-03,207.06431579589844,213.9417046750593,206.80054787662974,211.67528311431965,8874300
2025-11-04,210.90353393554688,212.06605059215002,207.4648320844697,207.4648320844697,6184000
2025-11-05,211.76321411132812,212.40795859999662,207.6895314168152,210.75700546743985,4928200
2025-11-06,213.98077392578125,214.6059910957348,210.6690741666541,210.9035361952691,6615300
2025-11-07,214.09800720214844,215.88574099781468,212.07581138355204,214.24453665000928,4647900
2025-11-10,213.65841674804688,214.78184899920225,211.15753307274113,211.98790641062376,4530800
2025-11-11,219.9691925048828,220.21341819468788,213.94170426925564,213.94170426925564,4802400
2025-11-12,227.84303283691406,228.59525215667873,220.08642232316234,220.19388222598585,8583200
2025-11-13,226.92474365234375,233.76306321615613,226.79775642533633,228.3412646299307,7968500
2025-11-14,226.99313354492188,229.57215632181493,225.00025840628555,228.21426203599535,5461500
2025-11-17,228.5952606201172,229.91408539392876,223.93542997985105,227.8723471646892,5023100
2025-11-18,228.46826171875,231.71158629263428,226.74891809192061,229.5721666945914,6232600
2025-11-19,227.53042602539062,232.6493869615893,225.03932099937285,228.14586462953739,7618400
2025-11-20,224.1503448486328,229.52331025749953,222.73383876756597,227.87234213775844,4283600
2025-11-21,230.8225860595703,232.51262368343018,224.82440362836653,225.22493734290398,8017600
2025-11-24,224.20895385742188,232.13163607671763,223.20274517672019,230.54905832772153,10225900
2025-11-25,226.44606018066406,228.67339725569084,224.99046971848787,225.00024828604296,7134100
2025-11-26,222.4016876220703,227.11035121002126,221.4052426254616,226.68051160731343,5920800
2025-11-28,222.44076538085938,222.82175687797908,220.30134585612794,221.61040694167733,2655600
2025-12-01,219.91058349609375,224.18942240544223,218.80667859422815,221.9425430496452,5208300
2025-12-02,219.1876678466797,221.39547762792668,217.95677573337036,219.62728601447526,5096700
2025-12-03,224.92208862304688,225.45937319636306,219.33420384719665,219.64680496768864,4872900
2025-12-04,223.4274444580078,225.6059335137126,222.33330319297798,224.79510240635307,3732900
2025-12-05,220.85818481445312,223.95496487367123,219.85197613206554,223.64234882544994,3985200
2025-12-08,217.966552734375,220.8972611984895,217.25341784855294,220.85819164443043,4006100
2025-12-09,217.8395538330078,219.62728768910102,215.14329265041,218.7187603625964,4267900
2025-12-10,219.9789581298828,220.7604833255062,215.89551171493943,219.80312278670303,8735200
2025-12-11,218.8066864013672,220.74096469059342,217.10688505831573,220.33065239431838,4170600
2025-12-12,218.1619415283203,218.65039293073227,215.99321610910297,218.52339079607194,5467600
2025-12-15,222.19654846191406,223.026921840269,218.3963970022703,219.06069868622512,5971900
2025-12-16,218.50384521484375,221.60062526987542,216.7845016710119,221.18056422529378,6405900
2025-12-17,219.12904357910156,221.18054522406703,217.71253763679317,218.7089825706066,5243400
2025-12-18,217.67347717285156,221.03401010013388,217.6441563766061,218.82621525889815,4760400
2025-12-19,221.5811004638672,224.16988692381207,217.21434375116482,217.80047648791552,18968800
2025-12-22,222.6459197998047,223.3688183287326,219.0704519891459,220.88749178584516,4828100
2025-12-23,223.50558471679688,225.45939031385612,222.64592039041136,222.94875787293896,3612100
2025-12-24,224.5802001953125,225.46918538456643,223.6912150060586,224.16013911624924,1744900
2025-12-26,224.6680908203125,225.28354432434963,223.39811426093806,224.5117977087588,1593900
2025-12-29,225.50823974609375,226.66099280636442,224.43365560527607,224.83417442617286,3803000
2025-12-30,224.43365478515625,225.8697030946043,223.33951351211968,225.4398634773064,2348000
