Price,Close,High,Low,Open,Volume
Ticker,CVX,CVX,CVX,CVX,CVX
Date,,,,,
2000-01-03,15.578797340393066,15.997957806950726,15.380860453407504,15.997957806950726,4387600
2000-01-04,15.578797340393066,15.671944110739213,15.369217107114235,15.450720531167114,3702400
2000-01-05,15.858232498168945,16.126029375891328,15.474002195349874,15.474002195349874,5567600
2000-01-06,16.533552169799805,16.61505559598896,15.893168106885025,15.893168106885025,4353400
2000-01-07,16.82463264465332,16.929422744170193,16.580122412447285,16.7664159226995,4487400
2000-01-10,16.370548248291016,16.77806545219584,16.335618202242028,16.77806545219584,2104800
2000-01-11,16.219186782836914,16.5568439376842,16.195900082502618,16.370550335009835,2791200
2000-01-12,16.160959243774414,16.323966037299517,15.997952450249311,16.219175955747666,2992600
2000-01-13,16.312328338623047,16.626698692044048,16.044531370894045,16.114391449432045,3253400
2000-01-14,16.207538604736328,16.289042031627964,15.939741630663818,15.986315017459036,3673000
2000-01-18,16.63834571838379,16.673275765378296,16.19589845645336,16.30068859743688,4317400
2000-01-19,16.382184982299805,16.580121829989285,16.347254950354603,16.580121829989285,5027000
2000-01-20,16.300689697265625,16.428766544886997,16.172612849644253,16.428766544886997,3419800
2000-01-21,16.498620986938477,16.74313124856565,16.358900837437233,16.370544183229004,3947800
2000-01-24,16.545196533203125,16.836280216053286,16.382189670807037,16.673273353657194,3536600
2000-01-25,16.498620986938477,16.859564706483354,16.32397080006192,16.545194370105555,3854600
2000-01-26,16.34725570678711,16.719842731443226,16.114388816377037,16.626695975279194,2681000
2000-01-27,15.70687484741211,16.32397222837048,15.567154685685686,16.265755494317805,3550800
2000-01-28,15.380863189697266,15.590443460260893,15.25278635768616,15.567156763531601,4066000
2000-01-31,15.578797340393066,15.637014071859408,15.043203410902722,15.287713683061357,3660600
2000-02-01,15.49729061126709,15.73015748746945,15.369213829355791,15.532220642697443,2611600
2000-02-02,15.392502784729004,15.637013040764788,15.357572748152462,15.404146130254517,3418800
2000-02-03,15.171276092529297,15.369212925662834,15.01991263189777,15.299352866909821,3512800
2000-02-04,14.635684967041016,15.136348812373365,14.600754931320154,15.136348812373365,4224200
2000-02-07,14.728829383850098,14.90347953464674,14.61239594998567,14.740472727236542,3135600
2000-02-08,14.589109420776367,15.031556474239656,14.589109420776367,14.92676638262993,3567400
2000-02-09,13.972013473510742,14.65897080262502,13.960370128949483,14.612397424379985,4802400
2000-02-10,14.309669494628906,14.426102932339475,13.948725837726142,14.076802619207768,3832600
2000-02-11,13.785725593566895,14.46103985406257,13.448068463319057,14.414466456787006,5019800
2000-02-14,13.750786781311035,14.053513670654038,13.715856755617612,13.820646832697882,5039800
2000-02-15,14.43775463104248,14.472684682569195,13.867230456106123,13.867230456106123,6143400
2000-02-16,14.618570327758789,14.82992315177458,14.524635739307328,14.606828504202356,4749200
2000-02-17,14.606831550598145,14.689024332635272,14.38373685649737,14.677282506629968,3735800
2000-02-18,14.313288688659668,14.606834395974262,14.242837718904164,14.559867082803928,3570400
2000-02-22,14.219353675842285,14.313288299629848,13.949291632453043,14.101935396107832,3526400
2000-02-23,13.761419296264648,14.101932231069831,13.679226518897881,14.090190405731722,3770000
2000-02-24,13.420905113220215,13.820127137585471,13.409163288974177,13.773159840601323,5415600
2000-02-25,13.350459098815918,13.66748847055561,13.13910618432279,13.526586527560191,6453400
2000-02-28,14.00799560546875,14.07844654732358,13.315228010562919,13.350453481490334,5097800
2000-02-29,14.031484603881836,14.172386541326674,13.796648041473771,14.008000947641028,4296600
2000-03-01,14.137157440185547,14.207608390884145,13.644000785295352,14.007997363904781,4633400
2000-03-02,14.219353675842285,14.548124859098754,14.078451740160942,14.16064453597506,4050400
2000-03-03,14.00799560546875,14.160639312820882,13.820126427189201,14.00799560546875,4637600
2000-03-06,13.902322769165039,14.043224689122793,13.843613635849309,13.984515555807063,2814400
2000-03-07,15.217408180236816,15.405277417029865,13.996258141082011,14.007999968381576,5600000
2000-03-08,15.229146003723145,15.851462686990166,14.982567695258853,15.053018640534365,7262800
2000-03-09,15.640105247497559,15.781007096574115,14.982563285140305,15.08823967194772,4307200
2000-03-10,15.099990844726562,15.933660634754233,14.92386342429818,15.698824074183058,5384600
2000-03-13,14.99431324005127,15.734048348996634,14.982571412925154,15.205666128321374,4170800
2000-03-14,15.569661140441895,15.61662844403297,14.900377064269053,15.029537149144513,4209400
2000-03-15,15.769271850585938,15.7810136762379,15.193922393639763,15.56966081450257,3756200
2000-03-16,15.804512023925781,16.344636506169902,15.34658039767533,15.628384475367914,5194400
2000-03-17,15.65185260772705,15.781012681759305,15.463983409134677,15.769270856847283,4251000
2000-03-20,15.581400871276855,15.792753709018365,15.346564384897402,15.698819114466584,2280400
2000-03-21,16.156761169433594,16.25069582739542,15.593153221662655,15.593153221662655,3546000
2000-03-22,15.781015396118164,16.109786550203957,15.487469722827274,15.874950011571247,2794200
2000-03-23,15.898435592651367,16.121530331396105,15.452246115161891,15.593148055421725,4197800
2000-03-24,16.0862979888916,16.145007105639383,15.921912461997819,15.921912461997819,2815200
2000-03-27,15.886685371398926,16.133263636586936,15.487463418237386,15.816234438488067,3774200
2000-03-28,15.945398330688477,16.10978388048939,15.640110881058213,15.698820005987109,3260800
2000-03-29,16.626428604125977,16.720363229008044,15.91017708940021,15.933660745620728,5306200
2000-03-30,17.31920051574707,17.330942346605205,16.73210897284039,16.75559263455666,7823200
2000-03-31,17.366159439086914,17.70667236926509,17.260483012479895,17.330933963551242,6282000
2000-04-03,17.34267807006836,17.61274008470043,17.19003432266762,17.401387203684028,3577200
2000-04-04,16.873004913330078,17.51880537974146,16.790812126695904,17.389645286459185,7643400
2000-04-05,16.438556671142578,17.037389807019917,16.415073018755233,16.83777876172747,2959200
2000-04-06,16.7086124420166,16.872997947419435,16.40332507483991,16.53248511479928,2299000
2000-04-07,16.23893928527832,16.708612149639226,16.215455642060274,16.708612149639226,2876000
2000-04-10,16.168498992919922,16.426819238267953,15.992371552909901,16.05108069957991,2417600
2000-04-11,16.661645889282227,16.814289579599823,16.262423929990053,16.262423929990053,3443400
2000-04-12,16.720359802246094,16.99042179343406,16.614683370911674,16.779068930765217,2795400
2000-04-13,16.332876205444336,16.70861455093263,16.332876205444336,16.70861455093263,5013200
2000-04-14,16.098037719726562,16.35635779983888,16.051070432433416,16.344615978015593,3769400
2000-04-17,15.581400871276855,16.098041141311658,15.463982628087129,15.968881073802958,3983000
2000-04-18,15.886685371398926,15.957136304309786,15.463979773933767,15.546172528996436,3010400
2000-04-19,15.921914100646973,16.180234240922957,15.769270381392982,15.839721328740977,3027000
2000-04-20,16.215465545654297,16.215465545654297,15.61663227785678,15.61663227785678,2225200
2000-04-24,16.01585578918457,16.40333617118097,15.957146640397237,16.02759761894204,2998400
2000-04-25,15.9336576461792,16.19197781435602,15.792755736264573,16.03933407861517,3206000
2000-04-26,16.215465545654297,16.262432860775668,16.051079942729487,16.191981888093608,2055600
2000-04-27,16.614686965942383,16.720363420142725,16.21546480562999,16.21546480562999,2895600
2000-04-28,15.992368698120117,16.614685541732722,15.992368698120117,16.426816305925144,2810200
2000-05-01,16.215465545654297,16.626429552966318,16.06282177150983,16.06282177150983,2961200
2000-05-02,16.779064178466797,16.896482402248928,16.36810039522933,16.379842217607543,3557800
2000-05-03,16.403335571289062,16.802557768442842,16.403335571289062,16.802557768442842,2793800
2000-05-04,16.60293960571289,16.74384149769914,16.450295889394457,16.450295889394457,1928200
2000-05-05,17.04913330078125,17.04913330078125,16.54423472506941,16.64991117114863,2409600
2000-05-08,17.248743057250977,17.460095933377946,17.049132007575505,17.107841139832995,3292000
2000-05-09,16.93170928955078,17.236996696990673,16.69687282228933,17.2252548736276,1992000
2000-05-10,17.072607040405273,17.260476168772872,16.802545168376856,16.802545168376856,2675600
2000-05-11,17.54228973388672,17.554031561017833,17.072616648642093,17.072616648642093,3395000
2000-05-12,17.712539672851562,17.71841058424462,17.401381369019568,17.471832305736246,3320400
2000-05-15,17.659704208374023,17.800606103653603,17.55402778691434,17.624478734554128,3337600
2000-05-16,17.46009635925293,17.65970741379718,17.29571078492237,17.65970741379718,3079800
2000-05-17,17.275636672973633,17.3465838461686,17.039146095657088,17.169215913181187,3003200
2000-05-18,17.19286346435547,17.4175294931194,17.098267241718023,17.322933270481954,1768400
2000-05-19,17.654020309448242,17.772265589484736,17.157390133294978,17.216512773313223,2767800
2000-05-22,17.795913696289062,17.949632552137405,17.654019367813667,17.748615586797264,3359600
2000-05-23,17.642194747924805,17.724966439101397,17.322932510529384,17.724966439101397,2436200
2000-05-24,17.83139419555664,17.866867791436395,17.547605428518604,17.665850748117784,3430600
2000-05-25,17.630369186401367,17.76043897919172,17.299282441116834,17.76043897919172,2944800
2000-05-26,17.287464141845703,17.784094438670273,17.240166018338602,17.748620846039945,2299800
2000-05-30,17.275636672973633,17.3465838461686,17.133742326583707,17.29928573070529,2054400
2000-05-31,17.48847007751465,17.677662451578364,17.322926750208897,17.370224843724827,2577800
2000-06-01,17.216516494750977,17.488480697621355,16.920903230761432,17.488480697621355,2455200
2000-06-02,17.13373374938965,17.13373374938965,16.802647106889367,17.0273130428717,4548400
2000-06-05,17.11008644104004,17.26380525495401,17.07461286859835,17.169209061776183,2703200
2000-06-06,17.571250915527344,17.630373563291567,17.1100942629664,17.121918792519242,2582000
2000-06-07,17.476642608642578,17.772255643294855,17.346572873395576,17.760431121908763,3026200
2000-06-08,17.51212501525879,17.594896706755623,17.370230686978502,17.488475960545408,2089800
2000-06-09,17.405704498291016,17.63037052102711,17.311108278191607,17.594896938489832,3247800
2000-06-12,17.571250915527344,17.87868868390131,17.547601856421654,17.5594263859745,4403400
2000-06-13,17.358407974243164,17.464828731578443,17.299285331279123,17.405706088614398,3726600
2000-06-14,17.642194747924805,17.866860766832694,17.417528729016915,17.417528729016915,4136000
2000-06-15,17.618541717529297,17.77226053788358,17.405700273961827,17.60671719288666,2941800
2000-06-16,17.547592163085938,17.914152376735306,17.52394311704404,17.52394311704404,4890200
2000-06-19,17.287464141845703,17.677673660779295,17.11009617869407,17.654024599025743,3055400
2000-06-20,17.074621200561523,17.28746273907268,16.968200431305945,17.28746273907268,3538800
2000-06-21,17.266761779785156,17.38205089284998,16.932718965007595,17.050964209176644,3511400
2000-06-22,16.94455337524414,17.512130878392583,16.909079781297365,17.370236502605472,2522800
2000-06-23,16.98001480102539,17.121909075128666,16.920892186815692,16.94454123249957,2062600
2000-06-26,16.787874221801758,17.121917149617147,16.779005825488074,16.968198280179976,2193200
2000-06-27,16.731704711914062,16.814476396001268,16.696231133019545,16.814476396001268,3088800
2000-06-28,16.56911849975586,16.719881219378973,16.471566151764435,16.696232165320446,2898200
2000-06-29,16.39174461364746,16.637103459983393,16.365139437538748,16.436086573828653,2383200
2000-06-30,16.045883178710938,16.483390678793697,15.998585070593883,16.388794462559588,5210600
2000-07-03,16.25576400756836,16.388789899610654,16.057703234972056,16.08135228244624,1704400
2000-07-05,15.608377456665039,16.093183120091755,15.525605758031208,16.093183120091755,4520200
2000-07-06,15.8093900680542,16.152301296157095,15.667495766770243,15.667495766770243,3421600
2000-07-07,15.883292198181152,16.11682655210937,15.84486249437018,15.892160591368299,2845600
2000-07-10,15.89216423034668,16.11683024253164,15.892164230346681,15.903988757303784,1892200
2000-07-11,16.45974349975586,16.566164255142212,15.915815194447834,15.915815194447834,2678800
2000-07-12,16.208463668823242,16.47155928555227,16.208463668823242,16.47155928555227,3279400
2000-07-13,15.883292198181152,16.258720843103728,15.750266300373939,16.235071794604668,3753200
2000-07-14,15.844862937927246,15.844862937927246,15.64384602005802,15.833038413346703,2709000
2000-07-17,15.64089584350586,15.986763319160781,15.632027446694195,15.892167086503026,2861800
2000-07-18,15.407354354858398,15.785739112613939,15.312758165419513,15.525599591657004,3793600
2000-07-19,15.501953125,15.5610757532418,15.442830496758202,15.49012859935164,2491800
2000-07-20,15.135391235351562,15.513776016235353,15.135391235351562,15.513776016235353,2726600
2000-07-21,14.85161018371582,15.182697034945154,14.85161018371582,15.135398913340962,3367000
2000-07-24,14.638760566711426,14.934373663777489,14.626936042828785,14.88707556824692,4472000
2000-07-25,14.62694263458252,14.780661514331568,14.544170930102261,14.757012455908637,4068600
2000-07-26,14.62694263458252,14.94620492329208,14.62694263458252,14.851608689600358,5404200
2000-07-27,15.312761306762695,15.348234885079519,14.745184053693498,14.757008579799107,4901800
2000-07-28,15.244771003723145,15.584726145361337,15.182692238728343,15.371884665379163,2873200
2000-07-31,14.943242073059082,15.478301779334787,14.887075584555001,15.135390586362512,3118600
2000-08-01,14.922547340393066,15.170862311984394,14.851600205652687,14.851600205652687,2891600
2000-08-02,15.099919319152832,15.182690999054218,15.017147639251446,15.017147639251446,3739200
2000-08-03,15.135391235351562,15.324583625793457,14.922549796104432,15.182689332962036,3113800
2000-08-04,15.008280754089355,15.182692525704732,14.686062396359251,14.88707935347528,3283000
2000-08-07,15.268424987792969,15.43101228195146,15.064451836939586,15.07627636742384,2206600
2000-08-08,15.203387260437012,15.277290562305751,15.07627358122278,15.135396222717771,2108200
2000-08-09,15.626112937927246,15.750270475459017,15.336412017019779,15.419183708707626,4060600
2000-08-10,15.868510246276855,15.951281909260416,15.632019780609541,15.632019780609541,2548800
2000-08-11,15.89216423034668,15.998584972960609,15.726620852947237,15.856690649475372,3094600
2000-08-14,15.963114738464355,16.022237385643855,15.750273208618164,15.750273208618164,2507600
2000-08-15,15.797566413879395,16.128653135128364,15.797566413879395,15.986758826021664,2118000
2000-08-16,16.293920516967773,16.32669307606206,15.94533966114674,15.94533966114674,3550000
2000-08-17,16.624637603759766,16.731893330235636,16.23136660668158,16.290953121390395,3080200
2000-08-18,16.404155731201172,16.565039205499186,16.33861061204272,16.33861061204272,3106800
2000-08-21,16.54120635986328,16.624627429401496,16.30286044689695,16.433950699028433,1498800
2000-08-22,16.51737403869629,16.71996809256197,16.44587025497899,16.58887782241359,1903600
2000-08-23,16.946395874023438,17.101320730818305,16.62462886375717,16.708049940492867,4678000
2000-08-24,16.43395233154297,16.576959893528837,16.374365847382187,16.51737340936806,3075600
2000-08-25,16.565044403076172,16.684217384393268,16.338615738573694,16.505457912417626,2516400
2000-08-28,16.57695198059082,16.79146322117359,16.374358031151537,16.422027195725484,1837600
2000-08-29,16.39820671081543,16.66038734136626,16.386289409426755,16.565048930256864,1724400
2000-08-30,16.228370666503906,16.386274768821643,16.195598116966263,16.36244018733972,1886400
2000-08-31,16.115163803100586,16.386282291930712,16.088349886622883,16.326695810869147,2609800
2000-09-01,16.296897888183594,16.50545051198119,16.147931728328167,16.147931728328167,3277000
2000-09-05,16.386276245117188,16.6246220814098,16.290937910600142,16.457779996004973,1721600
2000-09-06,16.803382873535156,16.910638508898145,16.505450553082404,16.505450553082404,2794000
2000-09-07,16.839143753051758,17.065572437629243,16.81530915467518,17.065572437629243,3450000
2000-09-08,16.529294967651367,16.767640965742952,16.445873868319314,16.66038526660174,2740600
2000-09-11,17.02981948852539,17.16090977150214,16.529292953523242,16.529292953523242,3479000
2000-09-12,16.88681411743164,17.06557361761617,16.767641117308624,16.94640061749315,3381400
2000-09-13,16.898723602294922,17.053648430806795,16.80338524628762,16.922558191296748,2504800
2000-09-14,16.699111938476562,16.898726657455676,16.648463427690817,16.898726657455676,1576600
2000-09-15,17.196659088134766,17.435005021442247,16.73188451818518,16.73188451818518,7437600
2000-09-18,17.160907745361328,17.601847736040753,17.160907745361328,17.327749903996786,5081800
2000-09-19,16.791465759277344,17.101315375843143,16.791465759277344,17.089398082898306,3819800
2000-09-20,16.588882446289062,17.280085881551106,16.52929594324923,17.04173986939178,7055000
2000-09-21,16.267105102539062,16.55312013730898,16.136014878269517,16.51736825796274,4706600
2000-09-22,16.064504623413086,16.4816097137836,15.95724902874638,16.231346659561293,4486600
2000-09-25,15.787431716918945,15.957253118667271,15.552065212741441,15.826162913808915,4483400
2000-09-26,15.885751724243164,16.171766759038242,15.838082551777319,15.969172776058395,4283400
2000-09-27,16.290950775146484,16.326702678822738,15.790424123678926,15.909597135933106,3351400
2000-09-28,16.04366111755371,16.386283406972222,16.016847199251394,16.2909450307862,3668200
2000-09-29,16.25519561767578,16.565045387514175,16.147939928116337,16.147939928116337,2704400
2000-10-02,16.529294967651367,16.696137166315477,16.37437006889184,16.433956568414736,2319400
2000-10-03,16.565044403076172,16.731886576920104,16.481623316154206,16.624630893734718,2425200
2000-10-04,16.171772003173828,16.69613307033643,16.112185518268987,16.68421577335546,2891000
2000-10-05,16.302858352661133,16.362444823248346,15.909587646785537,16.17176811736927,2979000
2000-10-06,16.088356018066406,16.624634552001954,15.981100311279297,16.302867431640625,2542400
2000-10-09,16.39820671081543,16.469710519147473,16.171777984430623,16.171777984430623,1701200
2000-10-10,16.624637603759766,16.779562542002687,16.338622333157446,16.49354727140037,3105800
2000-10-11,16.51737403869629,16.958314038286304,16.41011836312034,16.958314038286304,6095200
2000-10-12,16.648454666137695,16.886800473813253,16.50544718153236,16.51736447191614,8978800
2000-10-13,16.064504623413086,16.576948020154006,16.016835470227882,16.529278866968806,4028600
2000-10-16,15.635490417480469,15.647407712005986,14.968121924051424,15.254136992663872,17911000
2000-10-17,15.802326202392578,15.802326202392578,15.397138351049179,15.540145827993909,8662800
2000-10-18,15.73083209991455,15.897674258550008,15.587824535369874,15.897674258550008,4954600
2000-10-19,15.695080757141113,15.861922921605789,15.540155890138204,15.611659674908777,4096400
2000-10-20,15.909595489501953,15.969181989462633,15.683166789651363,15.6950840896435,5374800
2000-10-23,15.742738723754883,15.94533263617262,15.61164854513164,15.921498058241122,4619800
2000-10-24,15.683162689208984,15.909591329858657,15.635493501703788,15.909591329858657,5664000
2000-10-25,15.540149688720703,15.861916591784706,15.44481134707211,15.730826372017889,3913800
2000-10-26,15.635490417480469,15.850001718939804,15.599738533903912,15.826167129888766,5642400
2000-10-27,15.313719749450684,15.718907665000351,15.254133291281615,15.718907665000351,2643200
2000-10-30,15.56399154663086,15.611660739729269,15.13496880874517,15.13496880874517,3440000
2000-10-31,15.659330368041992,15.742751458282704,15.361397902896597,15.563991979195468,3298000
2000-11-01,15.790410995483398,16.040674113147663,15.742741830214014,15.778493704166051,3368200
2000-11-02,15.349475860595703,15.802333067662968,15.349475860595703,15.802333067662968,4447000
2000-11-03,15.45673656463623,15.623578748063299,15.313728978841601,15.480571162268669,4187800
2000-11-06,15.742738723754883,15.790407879617879,15.361385476850904,15.4328892106454,3492800
2000-11-07,15.64741039276123,15.909590917240093,15.54015472365624,15.742748765298998,3348800
2000-11-08,15.826169967651367,15.885756450963306,15.730831594352262,15.730831594352262,2349200
2000-11-09,15.89767074584961,16.04067827879578,15.778497801727797,15.897670745849608,2874400
2000-11-10,16.040681838989258,16.159854809561242,15.909591571360073,15.909591571360073,3871200
2000-11-13,15.84999942779541,16.26710467589529,15.754661085372579,16.219435504683872,2828400
2000-11-14,16.064504623413086,16.17176021807979,15.861910722375976,15.861910722375976,3050400
2000-11-15,16.12937355041504,16.321532877895784,16.05731380260976,16.20143329822032,2583600
2000-11-16,16.117361068725586,16.189420805247458,15.961231639594862,16.08133120046465,1992400
2000-11-17,16.093339920043945,16.10534987520816,15.901180637416555,15.997260278730252,2014400
2000-11-20,16.081327438354492,16.285496644069227,16.069317485077157,16.201426971127866,1881600
2000-11-21,16.33353614807129,16.417605819421656,16.021277368769926,16.093337087070243,2951000
2000-11-22,16.297508239746094,16.34554805769671,16.201428603844864,16.333538103209055,2481000
2000-11-24,16.20142936706543,16.321528917599643,16.141379591798323,16.321528917599643,1067000
2000-11-27,16.30951690673828,16.357556720896568,16.141377557184278,16.357556720896568,2285800
2000-11-28,16.48965835571289,16.525688199170382,16.345538981882914,16.477648407893724,5185400
2000-11-29,15.781083106994629,16.513690465842934,15.769073150292199,16.48967055243807,5351400
2000-11-30,15.733047485351562,15.961236723688724,15.468828367276958,15.889176964213831,4079800
2000-12-01,15.877158164978027,15.949217884334962,15.721028773038,15.84112830529956,3436000
2000-12-04,15.949219703674316,16.10534911342414,15.805100248520633,15.829120157712913,3926200
2000-12-05,15.721034049987793,16.237462212057675,15.697014135472914,16.237462212057675,3139800
2000-12-06,15.468819618225098,15.805098305577816,15.384749946386917,15.757058493098857,3853000
2000-12-07,15.504850387573242,15.721029556416246,15.48083047992402,15.57691011052091,2632600
2000-12-08,15.624946594238281,15.672986399293587,15.25263810505966,15.432787374017057,3028000
2000-12-11,15.660975456237793,15.79308491177354,15.480826198689046,15.636955555231292,4312000
2000-12-12,15.721034049987793,15.841133622562184,15.672994220958037,15.781083836274988,2651000
2000-12-13,15.805100440979004,15.91319003366047,15.672990938812765,15.672990938812765,3157200
2000-12-14,15.192584037780762,15.697001847730794,15.096504454933136,15.660972004162936,4928400
2000-12-15,15.036462783813477,15.444801230019273,15.036462783813477,15.324701687017567,8036200
2000-12-18,15.516858100891113,15.66097752597679,15.120529681905504,15.156559538176923,5606400
2000-12-19,15.57691478729248,15.841133850762361,15.480835127848888,15.480835127848888,4275200
2000-12-20,15.072495460510254,15.396764287150713,15.024455634341296,15.384754330608473,4622200
2000-12-21,15.060481071472168,15.252640319593024,15.024451212449506,15.216610460570363,4231600
2000-12-22,15.492840766906738,15.516860675072484,15.072492374006169,15.168572006669155,3058600
2000-12-26,15.913182258605957,15.949212105229215,15.564893741247788,15.684993229991985,4361200
2000-12-27,15.961230278015137,16.05730991851485,15.793090907140634,15.99726014320253,2612600
2000-12-28,16.477657318115234,16.549717043996203,16.105348734396888,16.309517957726303,5321200
2000-12-29,16.22545051574707,16.705848754555273,16.22545051574707,16.501679503061787,3377200
2001-01-02,16.513681411743164,16.705840613625266,16.32152220986106,16.369562010331588,3957200
2001-01-03,15.877158164978027,16.417606060155038,15.733038726264157,16.333536387571947,5330000
2001-01-04,15.540885925292969,15.75706517309457,15.384756468547366,15.70902534024977,5514600
2001-01-05,15.660975456237793,15.817104812780041,15.480826198689046,15.540875951205294,3438200
2001-01-08,15.624946594238281,15.829115765723332,15.576906789182976,15.66097644802976,3288000
2001-01-09,15.42077922821045,15.64896832893942,15.30067970151099,15.624948423599529,3825200
2001-01-10,15.396756172180176,15.432786022817103,15.312686520694013,15.420776072604795,4376200
2001-01-11,15.648969650268555,15.684999511320592,15.468820345008364,15.58891988184849,5133200
2001-01-12,15.55289363861084,15.660983246910066,15.300684552579312,15.660983246910066,5148400
2001-01-16,15.564899444580078,15.564899444580076,15.276660565976742,15.540879538029799,5990400
2001-01-17,15.42077922821045,15.552888707579854,15.252639890831206,15.44479913355034,5570600
2001-01-18,15.264652252197266,15.480831434368431,15.240632343067137,15.37274184328285,5045000
2001-01-19,15.24063777923584,15.372747326573581,15.072498355351442,15.144558108444755,4766800
2001-01-22,15.300674438476562,15.36072418117074,15.120525210394028,15.132535158932864,4818800
2001-01-23,15.288674354553223,15.408773917432667,15.132544922809945,15.312694267129112,4825600
2001-01-24,15.34872055053711,15.420780271431651,15.180581201783182,15.408770317949227,3268000
2001-01-25,15.985246658325195,16.00926656314612,15.396758990212547,15.396758990212547,8396200
2001-01-26,15.877158164978027,16.04529751014421,15.757058632716468,15.985247744013428,4139800
2001-01-29,15.660975456237793,15.72054434159522,15.547602227195151,15.68403508898506,3165000
2001-01-30,15.730156898498535,15.776274709691439,15.56489982016028,15.632155266912177,2629600
2001-01-31,16.003021240234375,16.003021240234375,15.737842017352316,15.872352898656551,3285200
2001-02-01,16.001102447509766,16.003024450787894,15.672510257779287,16.003024450787894,2901000
2001-02-02,15.837761878967285,16.060667268282625,15.758977364508201,16.001096915726453,2958000
2001-02-05,15.866586685180664,16.06451044656792,15.862744145858896,15.910783950702735,3338200
2001-02-06,16.273962020874023,16.391179242262577,15.87427055994448,15.958821071387566,6619000
2001-02-07,16.01647186279297,16.227846727009023,15.960745508998611,16.20286655436684,4463600
2001-02-08,16.19133949279785,16.275888569414693,15.974198592937022,16.018395867351682,3951400
2001-02-09,16.504547119140625,16.63329338096012,16.352741234554056,16.354663236299093,4152800
2001-02-12,16.627538681030273,16.658284862913575,16.285495470901086,16.525694519144466,4442600
2001-02-13,16.52570343017578,16.52570343017578,16.2855042524116,16.456525949694942,3622400
2001-02-14,16.62251091003418,16.787089933455473,16.523762905091733,16.70770538310015,5079000
2001-02-15,16.535388946533203,16.550879126501446,16.39985208764838,16.457939523916856,4665400
2001-02-16,16.75804328918457,16.940047601095237,16.56442061213899,16.66123195066178,5898200
2001-02-20,16.748371124267578,16.862607859862386,16.665113266526166,16.709647157644675,3801000
2001-02-21,16.63800621032715,16.887779783789814,16.59540896066651,16.74837114025487,5134600
2001-02-22,16.667036056518555,16.821933271504072,16.639929006965502,16.728995237957445,4092400
2001-02-23,16.353374481201172,16.707704407425656,16.291415270923455,16.66704381417066,3910600
2001-02-26,16.37273406982422,16.506334197625144,16.1868564660973,16.264305836956154,4188800
2001-02-27,16.59346580505371,16.678660270930113,16.37854447684665,16.380481117586765,4672200
2001-02-28,16.585718154907227,16.699954817927704,16.51794904053378,16.634123821046146,4308800
2001-03-01,16.814191818237305,16.864534125654274,16.585718487613224,16.585718487613224,5236000
2001-03-02,17.125925064086914,17.135606788755386,16.76772340971023,16.845172775386647,5213800
2001-03-05,17.49962043762207,17.565452928832407,17.18401594419416,17.18401594419416,6764600
2001-03-06,17.513172149658203,17.617728582092525,17.435724253535533,17.501555260684587,6489800
2001-03-07,17.6932373046875,17.766814857441148,17.58480909291193,17.619661229157447,4273400
2001-03-08,17.99723243713379,18.00691416467115,17.598370079961427,17.695181446438152,5803000
2001-03-09,17.964313507080078,18.09404035892812,17.83071337406479,17.99722901088201,3767800
2001-03-12,17.834585189819336,17.96624867143262,17.78037107572395,17.95656694653395,4479600
2001-03-13,17.546091079711914,17.828780068191552,17.445406440008753,17.828780068191552,5286600
2001-03-14,17.335041046142578,17.435725682914452,17.20337754382678,17.26146494790471,4671800
2001-03-15,17.174333572387695,17.379574646945965,16.967157334354823,17.33504077422158,4381200
2001-03-16,16.94199562072754,17.154980413086015,16.88003638154644,16.961357605991985,7003000
2001-03-19,17.244033813476562,17.406677617792745,17.03879426436735,17.058156235132124,5335800
2001-03-20,17.54803466796875,17.66808134148718,17.195641214274108,17.309879439871853,5971200
2001-03-21,17.36408233642578,17.532534603075643,17.195630069775923,17.44346686860065,5890400
2001-03-22,16.94199562072754,17.42605263846261,16.52570629003042,17.329241234915596,9461800
2001-03-23,16.78708267211914,17.038792700631525,16.612823474005154,16.78708267211914,7401600
2001-03-26,16.736745834350586,17.07171226156651,16.732872553296403,17.000072811526984,3789800
2001-03-27,17.005882263183594,17.081394998750106,16.8354933400805,16.893580741542735,5296600
2001-03-28,16.767723083496094,16.876152784223105,16.60314410790043,16.740616027620277,3563000
2001-03-29,16.732868194580078,16.73674147462532,16.521820226043406,16.612823103200874,3887800
2001-03-30,17.00007438659668,17.168525197463335,16.796769951908747,16.86841088580976,3907000
2001-04-02,16.820003509521484,17.058158589523682,16.67478649290711,17.000072669212262,5444400
2001-04-03,16.65155601501465,16.841306954466766,16.378547236398486,16.771602648318993,5366200
2001-04-04,16.980716705322266,17.029122398869053,16.651558580093944,16.651558580093944,5048400
2001-04-05,17.36408233642578,17.40667956320325,17.052349697434845,17.174331456387186,4891800
2001-04-06,17.275022506713867,17.329236641975317,17.00201371200163,17.135613886199057,4428400
2001-04-09,17.716480255126953,17.716480255126953,17.37764046882671,17.37764046882671,4455000
2001-04-10,17.968191146850586,17.997233376530136,17.793930382651794,17.793930382651794,5972000
2001-04-11,17.58094596862793,17.774568715078793,17.46089933402764,17.774568715078793,5068800
2001-04-12,17.77457618713379,17.77457618713379,17.451224941940357,17.580953359287996,3530000
2001-04-16,18.16181182861328,18.16181182861328,17.755202932556585,17.813290339771576,3695000
2001-04-17,18.055313110351562,18.125017386381753,17.865562252886342,18.123080746152116,4591600
2001-04-18,18.095983505249023,18.190858246820188,17.68163090482454,17.900424098267074,6590800
2001-04-19,17.9585018157959,18.041759619152145,17.75326226775552,17.960438456029394,4761400
2001-04-20,18.055313110351562,18.084356804901418,17.881052420276088,17.95850178000115,4349400
2001-04-23,18.3380126953125,18.37092821226355,18.14245328051441,18.18117872153729,4328600
2001-04-24,18.258621215820312,18.39415651504156,18.117275994726185,18.365112814573013,5287200
2001-04-25,18.456125259399414,18.483232333254467,18.15600932814384,18.34769696397921,5224800
2001-04-26,18.94791603088379,18.963406200183673,18.510328350117078,18.5393720482484,10751600
2001-04-27,18.876279830932617,18.955665860548685,18.74268114964405,18.94792077395998,6143800
2001-04-30,18.696199417114258,18.936292525696253,18.626495156845078,18.876268509939084,4541200
2001-05-01,18.674907684326172,18.703951382998344,18.467731467059703,18.531627308693704,5795800
2001-05-02,17.81328773498535,18.48515871525856,17.755200336264313,18.29153602248698,7004800
2001-05-03,17.75520133972168,17.8132887417256,17.55577019125168,17.764883065796997,6340200
2001-05-04,18.074678421020508,18.123084095140662,17.764882402096315,17.83265005041974,4572800
2001-05-07,18.239255905151367,18.25861935497293,17.943013440456834,18.196660156325862,3188600
2001-05-08,18.16181182861328,18.29347533803969,17.958507380584933,18.065000468071045,3768200
2001-05-09,18.4774169921875,18.4774169921875,18.208281518444583,18.274112536897185,3297200
2001-05-10,18.4348201751709,18.568420333243242,18.30896510366173,18.475480771709393,4027400
2001-05-11,18.204404830932617,18.434816306859375,18.12308365491985,18.432879666318907,3083000
2001-05-14,18.27798080444336,18.42513445097745,18.18116946700163,18.204403242564428,4496600
2001-05-15,18.471603393554688,18.49096536550837,18.248937023027896,18.46192166896596,4923400
2001-05-16,18.569080352783203,18.688000566419582,18.43456370419434,18.47160486536702,4281000
2001-05-17,18.649011611938477,18.713344305468052,18.438464194865446,18.569080995558586,3347400
2001-05-18,19.021364212036133,19.056455442678082,18.723089495258407,18.73478607635315,4499200
2001-05-21,18.937541961669922,19.200725541168513,18.7640356728782,19.105199957839623,4344200
2001-05-22,18.533985137939453,18.912190423855186,18.533985137939453,18.910240498065367,3929400
2001-05-23,18.36048698425293,18.61782226921264,18.337092326580873,18.58273102638367,3562600
2001-05-24,18.383874893188477,18.463804008015718,18.247408337902474,18.461854082085974,2863200
2001-05-25,18.36048698425293,18.55543800277872,18.34489054580489,18.510598614080163,5267400
2001-05-29,18.627565383911133,18.869304165130902,18.627565383911133,18.71529272360992,5590800
2001-05-30,18.684101104736328,18.715293975293626,18.51059485249568,18.713344049044313,4140600
2001-05-31,18.725053787231445,18.785488152396958,18.520354536880276,18.520354536880276,4903400
2001-06-01,18.789371490478516,18.87125201753863,18.656804788759363,18.812766139261072,3514600
2001-06-04,19.11104965209961,19.11689794515055,18.900502178115516,18.900502178115516,4290000
2001-06-05,19.04671287536621,19.114946918012286,18.97263202781906,19.06230931296292,5557000
2001-06-06,18.74648094177246,18.861501269172265,18.697743212394755,18.822511680613086,6277600
2001-06-07,18.717241287231445,18.91219223891118,18.68409849505402,18.74453430147799,5264000
2001-06-08,18.80106544494629,18.81081209762157,18.656800706721604,18.81081209762157,3163000
2001-06-11,19.007715225219727,19.085695892845976,18.861502031179572,18.91023976252629,4930800
2001-06-12,19.025266647338867,19.105197268209153,18.910246275676407,19.00772177194278,3928000
2001-06-13,18.939495086669922,19.18318390279445,18.914150497883533,19.105203184162903,4214400
2001-06-14,18.649011611938477,18.90049706930254,18.633415176446114,18.90049706930254,3096400
2001-06-15,18.84980583190918,18.919988285452998,18.52228821115721,18.52228821115721,5008600
2001-06-18,18.656808853149414,18.88100278557719,18.63731405192917,18.849811401096403,3701000
2001-06-19,18.617822647094727,18.70555001226862,18.512548916471093,18.658762183333096,3441000
2001-06-20,18.417024612426758,18.773785365341137,18.40922639250226,18.520348423549223,4553400
2001-06-21,18.220123291015625,18.432620689540972,18.00372752628393,18.417024249998896,7991200
2001-06-22,18.46965217590332,18.498895115224702,18.05050734525064,18.34488368966592,5513600
2001-06-25,18.510587692260742,18.588568351131702,18.348779572748395,18.510587692260742,3957600
2001-06-26,18.46185302734375,18.588571433099183,18.33513610894592,18.46185302734375,4895800
2001-06-27,17.818517684936523,18.321491508638267,17.799022886798156,18.298096858457573,5376400
2001-06-28,17.29994773864746,17.740537323808827,17.143987863380296,17.740537323808827,8469400
2001-06-29,17.643054962158203,17.717135762462316,17.23365840415415,17.44420571536442,5919000
2001-07-02,17.60602569580078,17.641116938009272,17.438367703844463,17.641116938009272,5568800
2001-07-03,17.621623992919922,17.62747228601192,17.52025010882245,17.60602755310235,3177200
2001-07-05,17.802921295166016,18.04076170016785,17.6216168460546,17.6216168460546,5943000
2001-07-06,17.74053955078125,17.925742390708855,17.565083367642586,17.925742390708855,5111000
2001-07-09,17.553386688232422,17.740539453434046,17.401325159465976,17.740539453434046,5091000
2001-07-10,17.428613662719727,17.691797124119407,17.30189525912504,17.54558392474652,5289000
2001-07-11,17.091352462768555,17.35063762925023,16.972432243174943,17.35063762925023,4930600
2001-07-12,17.362337112426758,17.370135331596195,16.970486638830554,17.15568951019046,5330800
2001-07-13,17.428613662719727,17.594321657870818,17.249259161788135,17.362329572244743,4373200
2001-07-16,17.087446212768555,17.58262166363996,16.9977689797165,17.44810507038323,3769600
2001-07-17,16.931488037109375,17.19467149613394,16.83791242327545,17.097196030765023,4823200
2001-07-18,16.92174530029297,16.937340247970404,16.590327748902478,16.775532068391907,5513400
2001-07-19,16.98998260498047,17.077709973759216,16.8691124306255,17.009477410558155,5084200
2001-07-20,17.340896606445312,17.43447377191925,17.019228539645376,17.019228539645376,6321800
2001-07-23,17.08550453186035,17.391577524646188,16.960736018072367,17.370132796899064,4117600
2001-07-24,16.60592269897461,17.01726934026076,16.522093727353315,16.94123858545979,4308800
2001-07-25,17.383773803710938,17.399370234836827,16.814517453833908,16.853507044291085,8738000
2001-07-26,17.555330276489258,17.58457172349651,17.24340762640927,17.383772521473777,5878600
2001-07-27,17.760025024414062,17.77757137719183,17.36427497256215,17.63330665384465,3295000
2001-07-30,17.84385871887207,17.910142809738513,17.604069903404636,17.818515632946493,3749600
2001-07-31,17.816570281982422,18.025167775054456,17.734691225791448,17.85750981007791,5999400
2001-08-01,17.773683547973633,17.96083634249429,17.685956186821453,17.847765885030153,5517400
2001-08-02,17.750289916992188,17.834118910132656,17.670359289583722,17.812674180211268,4629400
2001-08-03,17.67815589904785,17.75808503182169,17.49685141817302,17.701550553384546,3216400
2001-08-06,17.621623992919922,17.75029239037732,17.58848267382636,17.633320579103916,2744000
2001-08-07,17.765880584716797,17.859457700667228,17.67035503004913,17.67035503004913,5191800
2001-08-08,17.547536849975586,17.896499257277462,17.543636997738787,17.818518573477643,4224800
2001-08-09,17.66060447692871,17.689847414632364,17.42861387582361,17.535835997593544,4531600
2001-08-10,17.886749267578125,18.021265896062598,17.779525652502432,17.78927379473029,6367200
2001-08-13,17.87700080871582,18.017365725107815,17.847759357265534,17.896497092826216,5167800
2001-08-14,17.982282638549805,17.98423256531532,17.857514098006742,17.877008903586912,4828800
2001-08-15,18.26106834411621,18.327821340787214,18.086330796462065,18.15112002913891,5107600
2001-08-16,18.268936157226562,18.29838515055247,18.102050539503992,18.265008626173636,5532400
2001-08-17,18.06475067138672,18.26501134538784,18.013703245498423,18.239488381400907,4083800
2001-08-20,17.933197021484375,18.11775197723514,17.856626667058787,18.072595869709147,4832400
2001-08-21,17.760425567626953,18.056891196843196,17.74864597239781,18.056891196843196,4716600
2001-08-22,18.052961349487305,18.28856370922939,17.872333922224662,17.895894607572995,8601400
2001-08-23,18.11775016784668,18.237514350841696,18.033326260127463,18.052959413522114,3254800
2001-08-24,18.219844818115234,18.29837743107295,18.06866639255312,18.11775002460848,2957000
2001-08-27,18.08240509033203,18.378870570972165,18.08240509033203,18.278739567964113,2658800
2001-08-28,17.8900089263916,18.08241599163565,17.886081395639792,18.08241599163565,2805600
2001-08-29,18.015653610229492,18.15112339266916,17.984239372153834,17.98816690086995,5262200
2001-08-30,17.76238441467285,18.121676948818525,17.66225338920806,18.015656127369954,6140600
2001-08-31,17.817354202270508,17.87625514590611,17.707407371924816,17.787903730452708,3368000
2001-09-04,17.935155868530273,18.11774700930444,17.886072244643813,17.886072244643813,5547600
2001-09-05,17.944974899291992,17.98424120297061,17.827174490342678,17.98424120297061,5466800
2001-09-06,18.013687133789062,18.062770749957426,17.876253607682884,17.925337223851248,5801400
2001-09-07,18.14131736755371,18.319981074913837,17.93516543807021,18.015663343193104,9550600
2001-09-10,18.003870010375977,18.141305035914232,17.974421038679953,18.13148771340682,6084400
2001-09-17,17.713308334350586,18.160950994882505,17.71134456888112,18.160950994882505,10121600
2001-09-18,17.230316162109375,17.70937132415924,17.20282945190624,17.689738173716055,8250200
2001-09-19,16.66880226135254,17.232281416118674,16.27613319275961,17.230319149273516,9064200
2001-09-20,16.43319320678711,16.66879545042312,16.336989743706734,16.54117775569274,7111000
2001-09-21,16.494068145751953,16.547077822178814,15.903100652698726,16.433203408623108,9363000
2001-09-24,15.92272663116455,16.60008151155342,15.818669592491634,16.494060708590467,9300400
2001-09-25,15.64786148071289,15.918804091450767,15.512391673257547,15.903096969512479,9790600
2001-09-26,15.4652738571167,15.802969566731667,15.431897338772274,15.72639920209966,9604800
2001-09-27,16.3939266204834,16.3939266204834,15.463301744317102,15.539872060196501,11456000
2001-09-28,16.639345169067383,16.639345169067383,16.22704311047841,16.344843484659112,8121600
2001-10-01,16.43319320678711,16.464607438437113,16.11513234985236,16.462643674480738,6330600
2001-10-02,16.786605834960938,16.81605632021909,16.148518478661252,16.21723527898767,7214200
2001-10-03,16.7689266204834,16.837643380560316,16.492094318285357,16.7885597665178,6913400
2001-10-04,17.102703094482422,17.277440727461144,16.770897219361274,16.770897219361274,6275200
2001-10-05,17.363821029663086,17.428610266436905,17.05164844302521,17.238167088525856,7237800
2001-10-08,17.46396255493164,17.670114489811777,17.232287660593098,17.365795252210464,5462000
2001-10-09,17.844846725463867,17.96461091808419,17.326523645037486,17.621025463366735,11114600
2001-10-10,18.347461700439453,18.41028869173611,17.84484577006621,17.84680953483244,9967800
2001-10-11,18.3140811920166,18.357275019965,18.05491972223951,18.29837407314204,10826600
2001-10-12,17.866439819335938,18.219842524817828,17.699555790935808,18.151124250258903,11492400
2001-10-15,17.365785598754883,17.778089239319947,17.19890157648077,17.768271915339508,7012200
2001-10-16,17.50322151184082,17.552305138347432,17.140002975274566,17.36578645887426,5857600
2001-10-17,17.493408203125,17.69956008094194,17.379533803989666,17.611208634200214,4391600
2001-10-18,16.890657424926758,17.3363375953708,16.821940646948036,17.306887119690373,6331800
2001-10-19,17.030057907104492,17.17730881493122,16.649169910774006,16.796420818600733,6220400
2001-10-22,17.4246883392334,17.4246883392334,16.888694450110822,17.061469783294047,4987800
2001-10-23,17.002559661865234,17.54247929112599,16.908319983589003,17.38541266136138,6375600
2001-10-24,17.063434600830078,17.110554468281602,16.786602196486,17.05165351053201,5152200
2001-10-25,17.25780487060547,17.25780487060547,16.73751808509318,16.7571512378097,6297000
2001-10-26,17.460023880004883,17.47376723251843,17.14588903832874,17.25779962248565,6564600
2001-10-29,17.47572898864746,17.569968681365847,17.326514394278288,17.51303151380507,6144400
2001-10-30,17.473773956298828,17.59157438001699,17.15963899374585,17.475737721103002,7090200
2001-10-31,17.385421752929688,17.6681424335176,17.289216762909188,17.43450538125765,7689000
2001-11-01,17.642620086669922,17.670106799636276,17.291181116127532,17.38542234480754,5410400
2001-11-02,17.16944694519043,17.505180170739184,17.16944694519043,17.503216406835918,5329200
2001-11-05,17.102703094482422,17.34615752168079,17.100739329529354,17.267623400609576,5289600
2001-11-06,17.041833877563477,17.10269708851123,16.857278982543516,17.022199230755465,6992800
2001-11-07,17.13608169555664,17.185165339963213,16.86514051768138,17.04184193712783,6459600
2001-11-08,17.196937561035156,17.297068572103093,17.071283605069368,17.228351798983258,6541600
2001-11-09,17.569976806640625,17.61120687851097,17.365788714106337,17.424689672728892,5561600
2001-11-12,17.518924713134766,17.591567505451007,17.277432665658022,17.45413398113941,4566000
2001-11-13,17.7034854888916,17.7133028152659,17.208723096648963,17.60139218500187,6896000
2001-11-14,17.13954734802246,17.610478707058125,17.07622883328126,17.501649302206463,8151400
2001-11-15,16.581560134887695,16.771515766975067,16.32432770060072,16.76953663788983,12166400
2001-11-16,16.512313842773438,16.65082427656632,16.363910777045813,16.5815698144869,10877600
2001-11-19,16.40544891357422,16.541978573918,16.225385978699165,16.51229768788411,7657600
2001-11-20,17.12174415588379,17.185062692599775,16.68049352772854,16.720067047063658,8325600
2001-11-21,17.03270149230957,17.359188281974248,16.90804204900817,17.313677380051082,6153400
2001-11-23,17.131629943847656,17.18505431988452,16.6705912710141,16.739845650925687,2781600
2001-11-26,16.858570098876953,16.93771862006509,16.64091279783393,16.848677477248735,5234600
2001-11-27,16.941682815551758,17.01687310674157,16.690386285906555,16.75964070011204,5662400
2001-11-28,16.729957580566406,16.997082552661908,16.729957580566406,16.828892867241233,5035000
2001-11-29,16.908042907714844,16.953553811949366,16.69632141681429,16.819001737662745,3293000
2001-11-30,16.82097816467285,17.006975480405373,16.724020495058,16.89814756889189,4459200
2001-12-03,17.105913162231445,17.196934968815967,16.69236432327957,16.822958137294354,5731400
2001-12-04,17.181108474731445,17.194959359501816,16.933770168379674,17.10591666343525,5662000
2001-12-05,17.31368064880371,17.408659218315734,17.244426228135126,17.31368064880371,6313000
2001-12-06,17.012907028198242,17.412604792143373,16.943651142341928,17.412604792143373,4667800
2001-12-07,17.2602596282959,17.33347081181181,16.902112680331154,17.010942155332433,4118400
2001-12-10,17.042587280273438,17.29388368512589,16.99707790623803,17.192969297606986,4436200
2001-12-11,16.83879280090332,17.214747355419608,16.824941915140613,17.042599338397416,4204200
2001-12-12,16.93772315979004,17.016871702191924,16.822957848788946,17.016871702191924,5348000
2001-12-13,16.67059898376465,17.006978418753008,16.577599555014242,16.937724006800458,6186200
2001-12-14,16.62112808227539,16.799211899369162,16.581554571646848,16.70027661316514,6751400
2001-12-17,16.94564437866211,16.953559386767882,16.53803127383225,16.67060426292868,6345000
2001-12-18,17.066335678100586,17.094037435532115,16.868465119513914,16.874400994730305,4466200
2001-12-19,17.31368064880371,17.35127655272372,17.010938817285933,17.016874694824217,6399800
2001-12-20,17.29389190673828,17.471975760659504,17.23453011888688,17.462081626139945,4141800
2001-12-21,17.53133201599121,17.588714661844598,17.392823222298638,17.402715844915175,7552200
2001-12-24,17.521438598632812,17.655990639102253,17.513523595119015,17.53133122080064,2038400
2001-12-26,17.650056838989258,17.940926861258973,17.600589189205508,17.640164214812227,3932200
2001-12-27,17.86969566345215,17.940929209233893,17.61642150495397,17.699526805154985,4841200
2001-12-28,17.895414352416992,18.016115517640213,17.776690805905062,18.00622138555335,4088800
2001-12-31,17.73118782043457,17.94686608914437,17.675784283871803,17.808357247737447,5061000
2002-01-02,17.705463409423828,17.731186046073002,17.394806602241637,17.731186046073002,5018200
2002-01-03,17.70941162109375,17.80241100746077,17.6005822307425,17.669838120765444,3480800
2002-01-04,17.669837951660156,17.828133461090722,17.667858823773003,17.735134075613736,4879000
2002-01-07,17.752946853637695,17.808350368799417,17.669841580895113,17.697543338475974,4656400
2002-01-08,17.8182430267334,17.905305039229063,17.511543080787533,17.808348895716136,4937800
2002-01-09,17.632251739501953,17.907291790990723,17.511550535941204,17.669847641814243,5963400
2002-01-10,17.600597381591797,17.677766830403165,17.45219436316477,17.51551292397496,4527000
2002-01-11,17.295875549316406,17.600595044886933,17.264215518297803,17.590702417418647,5055400
2002-01-14,17.291915893554688,17.36117031877089,17.157363791863244,17.297851771482755,5301000
2002-01-15,17.650056838989258,17.650056838989258,17.4126127238804,17.46208037366415,5563800
2002-01-16,17.30575942993164,17.50758825158144,17.303780301584947,17.47197148950398,4128000
2002-01-17,17.29389190673828,17.43635898987526,17.21474335948074,17.400742219091015,3384800
2002-01-18,17.175167083740234,17.363143532374387,17.175167083740234,17.254314108660257,4183600
2002-01-22,17.16131591796875,17.34137735918936,17.038635615970907,17.29388884310068,3909800
2002-01-23,17.36314582824707,17.523420537425274,17.236508760070944,17.24046550798704,5082000
2002-01-24,17.43241310119629,17.52541259698822,17.367115390155053,17.373052780859386,3894400
2002-01-25,17.523418426513672,17.614438713948687,17.46207902858921,17.51154667456255,3622400
2002-01-28,17.584762573242188,17.64610198246557,17.507593152079533,17.64610198246557,4752400
2002-01-29,16.852645874023438,17.365131733027336,16.749753782093414,17.36315260348055,12283800
2002-01-30,16.44305419921875,16.4885651226063,16.04731281531633,16.32433208597474,14362400
2002-01-31,16.581560134887695,16.61915452970822,16.41534801329051,16.4232630199983,6926400
2002-02-01,16.8922119140625,16.93772130194962,16.502406630936733,16.502406630936733,6272000
2002-02-04,16.605302810668945,16.866491980363875,16.581559301372284,16.789322555883537,4149200
2002-02-05,16.296627044677734,16.581561267080758,16.247159381601282,16.433158277851398,6604400
2002-02-06,16.46283721923828,16.532093153364123,16.284754844723924,16.322349241086638,5351000
2002-02-07,16.175918579101562,16.41534177997272,16.175918579101562,16.34410825628497,6443800
2002-02-08,16.19570541381836,16.26495980951567,16.100728388185647,16.205599545903375,4865800
2002-02-11,16.41335678100586,16.472718532724354,15.987936429007512,16.037404052228908,4952200
2002-02-12,16.30256462097168,16.464818512379384,16.284756985033074,16.387649070711905,5228600
2002-02-13,16.45423126220703,16.50412280820835,16.27462291465761,16.414318634433638,4955800
2002-02-14,16.464204788208008,16.611883289686045,16.382381948730625,16.464204788208008,6171800
2002-02-15,16.434267044067383,16.593920523512054,16.394354435490424,16.524072697218166,5146800
2002-02-19,16.29457664489746,16.424294948446754,16.186810739913536,16.34446818298804,4331400
2002-02-20,16.314533233642578,16.314533233642578,16.1249459946951,16.26264560682484,4703800
2002-02-21,16.386377334594727,16.643817860799505,16.364424935436794,16.384381246697927,5117400
2002-02-22,16.703683853149414,16.71366276830722,16.39435727665031,16.404334669239432,6444600
2002-02-25,16.743595123291016,16.91122990673437,16.56598142639909,16.663768383407714,6014400
2002-02-26,16.799474716186523,16.913227334703024,16.715657317820373,16.84337950273123,4100200
2002-02-27,16.96312141418457,16.983077723099267,16.74359897098535,16.74958571140288,5399400
2002-02-28,16.85137176513672,17.042955149775597,16.81944043974554,16.96312835886705,5236600
2002-03-01,17.062911987304688,17.062911987304688,16.803475289581048,16.851372279128746,5683600
2002-03-04,17.19862174987793,17.210595239231793,16.945173248945377,17.066907276705994,4622600
2002-03-05,17.21258544921875,17.324342038536418,17.062910793138588,17.19861587555404,3876600
2002-03-06,17.541868209838867,17.569807354321675,17.102821683194797,17.102821683194797,5463800
2002-03-07,17.687549591064453,17.731454393296985,17.412148816927324,17.6117149924795,6280000
2002-03-08,17.49197006225586,17.75739335725358,17.464030928315953,17.75739335725358,7562800
2002-03-11,17.781352996826172,17.90109244518321,17.641657227504574,17.701526190398248,5603400
2002-03-12,17.885116577148438,17.919042452804636,17.74142872428843,17.781341340052343,5961400
2002-03-13,17.84520149230957,17.960950203481808,17.793315399082246,17.93101498196228,6301800
2002-03-14,17.86116600036621,17.921036439562442,17.80927838790071,17.845200346904747,4563600
2002-03-15,17.921043395996094,18.040782798299436,17.871151851488943,17.889112076678348,6698800
2002-03-18,18.03279685974121,18.094661877042864,17.901082474115807,17.99887098074152,4389600
2002-03-19,18.10063934326172,18.28024908500863,18.0926580414668,18.11860107872044,4550000
2002-03-20,17.921043395996094,18.11861348592506,17.901085560137947,17.933016879455696,4265400
2002-03-21,18.036785125732422,18.106634484812453,17.86116749070827,17.931015327219658,3883800
2002-03-22,17.783340454101562,18.1605203707658,17.76138805492479,17.960954212845294,4029200
2002-03-25,17.641647338867188,17.859173703819724,17.641647338867188,17.783339117633936,3326000
2002-03-26,17.761384963989258,17.86715476566944,17.691537125386184,17.741428656183906,4113000
2002-03-27,18.060731887817383,18.14854145825079,17.87713144288253,17.891101008854346,4795800
2002-03-28,18.014835357666016,18.198437369425516,17.96095316809204,18.010844704670074,4135400
2002-04-01,17.90108299255371,18.098654576713738,17.90108299255371,17.954966705531497,3871600
2002-04-02,18.132577896118164,18.168499858841034,17.903076552198094,17.903076552198094,4462000
2002-04-03,17.96095085144043,18.04077760418279,17.85518105114849,18.034790864176628,5820800
2002-04-04,17.519912719726562,17.95696308114921,17.420129643425057,17.940997423524426,4851800
2002-04-05,17.390207290649414,17.559838341432478,17.312376555318714,17.54187810523464,4375200
2002-04-08,17.641647338867188,17.751407803933287,17.444077283693137,17.52988926348375,5352200
2002-04-09,17.420124053955078,17.64164253407289,17.3143542706241,17.6017284028179,4007200
2002-04-10,17.48199462890625,17.573794876213658,17.34229893138822,17.352276325457275,3964000
2002-04-11,17.252492904663086,17.571799959871516,17.252492904663086,17.481994279630815,3891000
2002-04-12,16.783510208129883,17.102815692203905,16.673749756844032,17.072881992578722,8008800
2002-04-15,17.023000717163086,17.202609113378497,17.011025707531044,17.042957036457068,4941800
2002-04-16,17.28241729736328,17.39217921910445,17.106799745145338,17.15269907782406,3986200
2002-04-17,17.354272842407227,17.531886600458574,17.18863256656237,17.40216829380213,3767600
2002-04-18,17.4620361328125,17.557828543814168,17.21058238618076,17.52190658000963,3863400
2002-04-19,17.561819076538086,17.561819076538086,17.26246988773346,17.312361419200897,4476400
2002-04-22,17.29241371154785,17.58777087209314,17.186643855843005,17.491979936672305,3913200
2002-04-23,17.35826301574707,17.35826301574707,16.995052712550184,17.062904467318205,5375400
2002-04-24,16.96312141418457,17.202600166298488,16.957134673767037,17.092839705983266,4352400
2002-04-25,17.142728805541992,17.31235969108502,17.02298944648624,17.102814670811036,5362200
2002-04-26,16.883298873901367,17.23253969614991,16.763559467929984,17.144731610474444,7546600
2002-04-29,17.13474464416504,17.32632790824771,16.90324724845987,16.967108336487428,5654600
2002-04-30,17.304378509521484,17.487978979035816,17.300387856953215,17.38220917643666,3991000
2002-05-01,17.559825897216797,17.601734607882115,17.252493829768827,17.30637754531635,5293800
2002-05-02,17.735448837280273,17.735448837280273,17.386207985406504,17.5618256942238,4992800
2002-05-03,17.863162994384766,17.980906268860284,17.769366678748423,17.801296464723517,6363600
2002-05-06,17.362260818481445,17.741436933973656,17.352281898638466,17.741436933973656,4834600
2002-05-07,17.49595832824707,17.64164224040797,17.34029702536483,17.42211985114921,3852000
2002-05-08,17.7713623046875,17.7713623046875,17.330319871650207,17.60172989694921,7141800
2002-05-09,17.615711212158203,17.721482597579847,17.511937438011707,17.61172055731662,5379200
2002-05-10,17.551841735839844,17.741430485965846,17.515919769057884,17.735443745263662,4785000
2002-05-13,17.980905532836914,18.058736191015527,17.37821657314666,17.412142445159176,5028400
2002-05-14,17.94099235534668,18.060731708569353,17.899083657847168,18.040775403460323,5631000
2002-05-15,17.709692001342773,17.910824214716264,17.709692001342773,17.74991783021067,5305200
2002-05-16,17.90077018737793,17.995302590069993,17.739863774133912,17.739863774133912,4338000
2002-05-17,17.93094253540039,17.97921385149926,17.75796865698552,17.80020625038671,3907600
2002-05-20,17.85049057006836,17.951056714125084,17.70969858219598,17.8102647262527,4624400
2002-05-21,17.665443420410156,18.10189997371451,17.665443420410156,17.850484696301805,5500400
2002-05-22,17.90479278564453,17.93094096106194,17.568902285813778,17.669468413991897,4409000
2002-05-23,18.02144432067871,18.071727369304778,17.72175778053208,17.90478727958219,3743800
2002-05-24,17.920888900756836,18.071738136511552,17.745904769372743,18.023466810735023,3217400
2002-05-28,17.715734481811523,17.936979719014236,17.679530604122515,17.930945995152364,3501400
2002-05-29,17.67953109741211,17.78009725663002,17.58298690937508,17.699644022352132,3940000
2002-05-30,17.458274841308594,17.699632857375157,17.397934570033534,17.52464729829095,4474400
2002-05-31,17.548791885375977,17.94099922774641,17.51862173568958,17.51862173568958,4751000
2002-06-03,17.40195655822754,17.689575653863685,17.399946341161797,17.689575653863685,4208400
2002-06-04,17.458274841308594,17.558840937089133,17.281277530644065,17.401956538677343,3868600
2002-06-05,17.528671264648438,17.528671264648438,17.23702865846808,17.458275302645205,5292400
2002-06-06,17.28933334350586,17.73785907414569,17.212903617424736,17.66947329016341,4786000
2002-06-07,17.548791885375977,17.578962035062368,17.26921813168268,17.291342805818196,4861000
2002-06-10,17.367774963378906,17.544772381345773,17.26720880663147,17.518624198500063,4451200
2002-06-11,17.377819061279297,17.510565489926588,17.29133217044977,17.478385142033787,3791000
2002-06-12,17.448219299316406,17.568898318978885,17.305415613688826,17.448219299316406,5183600
2002-06-13,17.47840118408203,17.72981661672269,17.35973230192627,17.44823102526155,3834200
2002-06-14,17.452253341674805,17.498514457382264,17.206873163566446,17.448231369861052,4993000
2002-06-17,17.840431213378906,17.850488440391718,17.448223912157538,17.599073110245357,4808800
2002-06-18,17.78612518310547,17.840430216194065,17.66946810815389,17.729808397823273,4181800
2002-06-19,17.418045043945312,17.830366592731636,17.418045043945312,17.739856198489537,6010200
2002-06-20,17.564878463745117,17.810260036148232,17.558844742213427,17.639296408658826,5780400
2002-06-21,17.62923812866211,17.693600373076784,17.347652733904045,17.347652733904045,7010200
2002-06-24,17.54477310180664,17.749927394808076,17.45828614207162,17.729814469536223,5817000
2002-06-25,17.297380447387695,17.80021127434664,17.25715459503814,17.7901540440003,5806400
2002-06-26,17.3476619720459,17.448228128405585,17.096246581146683,17.19681273750637,7006200
2002-06-27,17.625215530395508,17.653373917865746,17.30742779544326,17.347653624824446,4627400
2002-06-28,17.80020523071289,17.850488296336373,17.619185887564875,17.699639099465923,6140000
2002-07-01,17.820314407348633,17.854506516507232,17.651364078905853,17.80020149222693,5722400
2002-07-02,17.65941047668457,17.886689345044868,17.538729910600168,17.820315340601873,5273400
2002-07-03,17.43816566467285,17.757966743853487,17.327543846592416,17.649355143444062,5273800
2002-07-05,17.67953109741211,17.67953109741211,17.397945544698402,17.619190788074242,3574600
2002-07-08,17.715734481811523,17.719756452880183,17.45225010854016,17.619190296468243,4338800
2002-07-09,17.48844337463379,17.68756534835947,17.367764367068332,17.669462653240394,3996000
2002-07-10,17.070096969604492,17.584995109735704,16.945394404940057,17.5789613869244,7150600
2002-07-11,16.623579025268555,17.18674834547083,16.593408884030527,17.07210303638003,9164600
2002-07-12,16.653751373291016,16.764373193132744,16.43049444686988,16.69397721059395,8075200
2002-07-15,16.241430282592773,16.55318590492009,15.50930896599023,16.52301575848238,10394400
2002-07-16,15.965877532958984,16.26958766165295,15.73055316755832,16.040297018259896,8582800
2002-07-17,16.150922775268555,16.432506741005046,16.040299406930984,16.201205845509715,7063600
2002-07-18,15.829103469848633,16.311821055033754,15.7949113642544,16.1911420423667,5970800
2002-07-19,14.984346389770508,15.780829584198862,14.682648140312041,15.708421881567498,12278400
2002-07-22,13.98271369934082,15.064806213868088,13.878125601876622,14.823446587038099,12821800
2002-07-23,13.467816352844238,14.201949430954413,13.429600731242703,14.028975559360758,13961600
2002-07-24,14.199935913085938,14.270331890559211,13.202320181489373,13.465802926253863,15552600
2002-07-25,14.01891803741455,14.189881687604327,13.747389790815172,14.00886234503228,9921600
2002-07-26,14.24217700958252,14.248210732779079,13.845946151487505,14.069203116865737,6236600
2002-07-29,14.96021842956543,14.972287409833786,14.382969768226737,14.48152415573279,7543600
2002-07-30,14.682658195495605,14.83350742353152,14.386993463022383,14.682658195495605,11315400
2002-07-31,15.084917068481445,15.084917068481445,14.441294554033083,14.582086499532064,13196000
2002-08-01,14.1898775100708,14.903895908733249,14.069196960873157,14.833499944712575,10043000
2002-08-02,14.240166664123535,14.461411874950924,14.053113574115793,14.280392508085757,7381600
2002-08-05,13.68906021118164,14.451351609861488,13.596539561896964,14.240163671662962,6438000
2002-08-06,14.193903923034668,14.431240057840474,13.849967932975959,13.898239247058566,6591200
2002-08-07,14.471463203430176,14.561973626819485,14.109426113424304,14.370897089342357,4804800
2002-08-08,14.996414184570312,15.0225623489012,14.565991461223579,14.642422668324102,6028000
2002-08-09,15.195544242858887,15.26594023337654,14.672599091544885,14.883788597615348,5123200
2002-08-12,15.094977378845215,15.201577235727093,14.825459340854163,15.034637084431827,4231200
2002-08-13,15.145259857177734,15.396675183262907,14.960217010945845,15.092965039687154,5728800
2002-08-14,15.567632675170898,15.597802812245343,15.086926837206677,15.275990062807159,6534400
2002-08-15,15.801054954528809,15.943133451849992,15.628532502838361,15.67927449148394,6047400
2002-08-16,15.612284660339355,15.699560886655588,15.516889535235379,15.608225985206287,4560800
2002-08-19,15.602145195007324,15.730014432279077,15.417443637092392,15.510808698222585,5471400
2002-08-20,15.29362678527832,15.535159015948343,15.025709292270589,15.415407182368787,7337400
2002-08-21,15.598078727722168,15.663028376802462,15.19214303383989,15.344368919045744,6321200
2002-08-22,15.977633476257324,16.036494353597558,15.581845138663784,15.648824917898073,4723000
2002-08-23,15.918768882751465,16.020252809952858,15.721889816217267,15.837581431285981,4398200
2002-08-26,16.048669815063477,16.125797050099184,15.730010313239378,15.841643263903423,5054600
2002-08-27,15.851789474487305,16.237428716201464,15.821343985940052,16.099410510172877,5061600
2002-08-28,15.628531455993652,15.719866410028771,15.447890112397085,15.679273441240385,6217800
2002-08-29,15.439766883850098,15.577785106999576,15.277391957137041,15.476301164934432,5490200
2002-08-30,15.55342960357666,15.721893332049168,15.283483473730444,15.283483473730444,4080200
2002-09-03,14.694865226745605,15.281441893060741,14.644123289877369,15.273322997339301,7946400
2002-09-04,14.914080619812012,14.950614900437206,14.248344667472704,14.816655355304148,7685800
2002-09-05,14.855220794677734,14.907991332669495,14.597450699743048,14.772003214078017,5004000
2002-09-06,15.161697387695312,15.273330321748025,14.936402956077488,15.070362476940742,4463200
2002-09-09,15.01962661743164,15.157644869911097,14.93640902396323,15.141407064084717,4881400
2002-09-10,15.297683715820312,15.324068972477393,15.060210211820866,15.070359221277437,4795000
2002-09-11,15.096753120422363,15.527045662256189,15.039922351382904,15.527045662256189,3897000
2002-09-12,14.841011047363281,15.108928570852683,14.776061391624092,15.060215167656835,6042200
2002-09-13,14.855220794677734,14.895813754444035,14.564976641634438,14.613688503058428,4397800
2002-09-16,15.01962661743164,15.041953213312318,14.735471209559536,14.816658690169051,4201200
2002-09-17,14.485824584960938,14.968887796379303,14.390429391240716,14.968887796379303,6448200
2002-09-18,14.459430694580078,14.672547578511246,14.268641948859738,14.483787396564828,4400000
2002-09-19,14.193536758422852,14.5426415838775,14.17121017899113,14.349821265923651,4080000
2002-09-20,14.319375991821289,14.410710863803148,14.209773216330396,14.34981991680117,7808400
2002-09-23,14.144835472106934,14.370129997251512,14.000728428293067,14.217904050452333,5092200
2002-09-24,13.94389533996582,14.1387459038445,13.907361052803859,14.075824796301923,5894600
2002-09-25,14.242264747619629,14.268651579710474,13.86271556377018,13.945931641805975,5627400
2002-09-26,14.857240676879883,14.867389685151966,14.433038765672231,14.441157662585649,6125800
2002-09-27,14.404626846313477,14.932342883744985,14.30111282155847,14.77808690253461,5372200
2002-09-30,14.055521965026855,14.404626873871125,13.842405128097942,14.404626873871125,8700600
2002-10-01,14.636015892028809,14.741558522278476,14.136715026823303,14.17730798879881,7258600
2002-10-02,14.532496452331543,14.983085286850871,14.382300690332324,14.562941936816678,6481400
2002-10-03,14.682694435119629,14.893781198016443,14.502053161312896,14.603537092598561,7078600
2002-10-04,14.390423774719238,14.847101529250738,14.288939829267793,14.847101529250738,6394800
2002-10-07,14.309237480163574,14.757796369960218,14.309237480163574,14.573096379348538,6688400
2002-10-08,14.126562118530273,14.441162906958592,14.004781717646406,14.359975456862076,7499800
2002-10-09,13.893148422241211,14.167156252822359,13.82819877354179,13.98651499398579,6056600
2002-10-10,14.471609115600586,14.512202068411161,13.83226004344173,13.83226004344173,6133000
2002-10-11,14.609623908996582,14.751700759153865,14.45130771357936,14.57308964059592,4553400
2002-10-14,14.745622634887695,14.774038025465975,14.471616198012772,14.611663037713535,4040400
2002-10-15,15.086606979370117,15.086606979370117,14.818689367125671,14.92017333462012,7015600
2002-10-16,14.938437461853027,15.255068445875713,14.818687141485826,15.086604713491349,4408600
2002-10-17,15.080519676208496,15.263189596894039,15.021658783434615,15.161705619392023,5031600
2002-10-18,15.20229434967041,15.226649503940699,14.85927814082504,15.07036491945896,4855800
2002-10-21,15.106892585754395,15.309860374600472,14.98917089657855,15.141396738213107,4174400
2002-10-22,14.562946319580078,14.895813540145852,14.376216229706035,14.857249144957164,6862200
2002-10-23,14.816656112670898,14.818686225176638,14.325474185786572,14.489877682742552,6799400
2002-10-24,14.887697219848633,15.054130858987948,14.74765040242271,14.918142718775103,5881400
2002-10-25,14.863336563110352,14.954671477591997,14.743584724556062,14.765911312277678,5150400
2002-10-28,14.934372901916504,15.056153286941223,14.786205708646664,14.87754215880641,5653000
2002-10-29,14.238194465637207,14.767940658613526,14.161065694408599,14.765910546601788,7972200
2002-10-30,14.491907119750977,14.652251932743606,14.34982867289219,14.400570643515604,6275800
2002-10-31,13.726712226867676,14.321407963185331,13.456766220494462,14.319379400051249,21791200
2002-11-01,13.97434139251709,14.061617662620007,13.74295808080654,13.751076983667554,12189600
2002-11-04,13.789636611938477,14.136711459366717,13.738894648012911,14.106265971307009,7918600
2002-11-05,14.065674781799316,14.085971260208025,13.696273300081458,13.789638339579152,7200400
2002-11-06,14.037261009216309,14.098150451412659,13.803847609491411,14.014934415854313,7458400
2002-11-07,13.70033073425293,14.092058771262076,13.619143279456681,13.974337039233609,7321200
2002-11-08,13.70033073425293,13.872853107868773,13.619143279456681,13.791665653072522,6481400
2002-11-11,13.635384559631348,13.79978807486827,13.596820160344743,13.649592251707103,4508400
2002-11-12,13.639440536499023,13.801815455382913,13.55825462557907,13.801815455382913,5067600
2002-11-13,13.497366905212402,13.655681637690414,13.276132612011686,13.50751592079068,7424200
2002-11-14,13.784539222717285,13.850179826063732,13.620438496848882,13.7024896422808,7168200
2002-11-15,13.856344223022461,13.887112053772185,13.690190111991557,13.702498809287924,6732600
2002-11-18,13.907621383666992,13.946594477935186,13.764031439796735,13.876851998195084,5967000
2002-11-19,13.852230072021484,14.051203570055085,13.794794745784007,13.897358275492438,5333200
2002-11-20,13.95889663696289,13.989664443036437,13.643000786314298,13.846076131375813,7405400
2002-11-21,13.866583824157715,14.026582621494986,13.720943853120078,14.010173652148756,7622400
2002-11-22,13.626591682434082,13.846077590528571,13.61018114080197,13.79479582167476,7420200
2002-11-25,13.897356986999512,13.98556167697068,13.579409448383764,13.681972968583022,7242400
2002-11-26,13.595823287963867,13.86043742211952,13.581464454249787,13.79479681585579,7815600
2002-11-27,13.718896865844727,13.856333181999368,13.595820945925922,13.595820945925922,5473200
2002-11-29,13.749672889709473,13.759929873413455,13.681980553253569,13.692237536957549,2823800
2002-12-02,13.673775672912598,13.835824733582351,13.612236905952445,13.784542949447507,7815000
2002-12-03,13.774282455444336,13.917870772107605,13.702488297112701,13.753770062348908,5294600
2002-12-04,13.907621383666992,13.944544333234093,13.651212446394341,13.776340132983073,5957800
2002-12-05,13.938382148742676,14.153766173025916,13.846075604047092,14.051202650032975,5756400
2002-12-06,14.020444869995117,14.020444869995117,13.753780428775103,13.940445381129468,4565600
2002-12-09,13.809157371520996,14.149669134909075,13.725056067850106,14.0265916134462,5884600
2002-12-10,14.040947914123535,14.0491531850728,13.725053590051603,13.839924253350487,5646000
2002-12-11,13.917874336242676,13.987618368621744,13.786593108818678,13.846080159525751,5316600
2002-12-12,13.921977043151855,13.975308963131743,13.815310073200884,13.876848830095337,4180800
2002-12-13,13.872742652893066,14.047101907755593,13.858383821139183,13.93838325019586,5667200
2002-12-16,14.040947914123535,14.180434390270214,13.905564855949194,13.95889833462171,7330600
2002-12-17,13.92813491821289,14.1127496810603,13.876853126588392,14.061467889435802,5415200
2002-12-18,13.831724166870117,13.887107810292536,13.702494622220474,13.887107810292536,4921400
2002-12-19,13.58967399597168,13.866595341758318,13.517879804841215,13.72710881399228,8272600
2002-12-20,13.671719551086426,13.76402610674079,13.589668409951798,13.589668409951798,8487400
2002-12-23,13.696330070495605,13.846073479688522,13.68197124207943,13.733252995707906,5073000
2002-12-24,13.671719551086426,13.7701796684517,13.671719551086426,13.712744339156066,2044200
2002-12-26,13.725054740905762,13.84402726715749,13.651208861165767,13.702490635152122,3430800
2002-12-27,13.517877578735352,13.7640294977884,13.483006343785387,13.725056409019036,4042200
2002-12-30,13.671719551086426,13.712744339156066,13.599925389466883,13.599925389466883,3859400
2002-12-31,13.636852264404297,13.690184191303313,13.517878153637321,13.63274884541465,4730000
2003-01-02,13.911725997924805,13.915827853136689,13.69839353199276,13.784546576408703,4365400
2003-01-03,14.01838493347168,14.028641914228945,13.866591321236491,13.911719532575598,4958000
2003-01-06,14.338379859924316,14.440943375996744,13.98966296628103,14.018380625581704,7761200
2003-01-07,14.040947914123535,14.338383117301593,13.948641354686275,14.307613742490702,8403400
2003-01-08,13.95889663696289,14.059408455125327,13.866588523756585,14.042997915222621,6096400
2003-01-09,14.17839241027832,14.19685310679738,13.963008227578063,13.979418778925883,5208400
2003-01-10,14.073772430419922,14.141464758514507,13.958901739104842,14.05120832105506,5611000
2003-01-13,13.985564231872559,14.129152560384384,13.905564796702341,14.108640165596324,6636200
2003-01-14,14.051207542419434,14.057361105542347,13.856337406880513,13.995823909317497,5158800
2003-01-15,13.979413986206055,14.092232966801602,13.928132204572867,14.088131112869087,4651400
2003-01-16,14.014276504516602,14.153762926390971,14.010174653135651,14.081968789763312,4782400
2003-01-17,13.971212387084961,14.112750642408788,13.911725316948806,14.014288907184346,5004200
2003-01-21,13.71274471282959,13.973256975656366,13.706591150950993,13.973256975656366,6352200
2003-01-22,13.476849555969238,13.657362401708415,13.464542431030855,13.620439461897723,8907600
2003-01-23,13.327109336853027,13.439928314702582,13.261468720560057,13.425569478794612,8201400
2003-01-24,13.03377628326416,13.327108102497828,12.978391871678314,13.298390433341714,7238600
2003-01-27,12.687111854553223,13.056341290601534,12.576343806236581,13.01531571076307,9717000
2003-01-28,12.912755012512207,13.005062391969805,12.73839645520385,12.763012278057893,7359800
2003-01-29,13.394806861877441,13.476856490345167,13.056346666960865,13.121987308732852,9937800
2003-01-30,13.16916275024414,13.485058757349167,13.033779641482557,13.431726823744057,7353600
2003-01-31,13.210186004638672,13.3065959953341,12.740444741779344,12.769162411561519,16914200
2003-02-03,13.466595649719238,13.478902776037184,13.179417370666657,13.212238460842137,7417600
2003-02-04,13.429672241210938,13.542491213546157,13.177365205450814,13.292237452095618,7440600
2003-02-05,13.34762191772461,13.528133223738854,13.236853082785496,13.497365407085567,7341200
2003-02-06,13.261470794677734,13.347623823600044,13.039933093166669,13.347623823600044,5751000
2003-02-07,13.070694923400879,13.306591326700458,12.974284966531002,13.251206150841343,5593400
2003-02-10,13.32095718383789,13.32095718383789,13.076855382564661,13.097367783891071,5413200
2003-02-11,13.23685359954834,13.480955387832479,13.128136469807082,13.353776002382727,6424000
2003-02-12,13.081317901611328,13.292841363234933,13.05435871882438,13.236850370562186,4477600
2003-02-13,13.064727783203125,13.17878477230099,12.902974263794484,13.04399043648681,4877000
2003-02-14,13.216111183166504,13.288693470889896,13.021177455693676,13.075095025903954,4650600
2003-02-18,13.272103309631348,13.431782606425827,13.236849664933061,13.338463762893184,5383600
2003-02-19,13.357131958007812,13.379941935923744,13.27418097429731,13.27418097429731,4265800
2003-02-20,13.168413162231445,13.53132218638743,13.168413162231445,13.479478040079432,6267600
2003-02-21,13.282477378845215,13.458747245615449,13.166346149829511,13.292845263856078,6524600
2003-02-24,13.357131958007812,13.41519717195764,13.265885717710418,13.30736041848646,6730000
2003-02-25,13.311508178710938,13.469113299582473,13.197450383987013,13.359203924025785,6954400
2003-02-26,13.288697242736816,13.42556502066351,13.220262562694261,13.25551621647676,5161200
2003-02-27,13.305288314819336,13.425565584668826,13.226484165220363,13.425565584668826,7460200
2003-02-28,13.307353973388672,13.42141171851928,13.286616633044284,13.30528134686459,6425400
2003-03-03,13.384088516235352,13.489851045487741,13.346760657802637,13.382014306834034,5016800
2003-03-04,13.406904220581055,13.464969444514733,13.37165056064399,13.417272106478531,4415000
2003-03-05,13.676492691040039,13.676492691040039,13.40275551114894,13.438010752483583,7056600
2003-03-06,13.558283805847168,13.693078934821255,13.483628090789463,13.678562633679933,7427800
2003-03-07,13.533403396606445,13.628796485304829,13.328099331861292,13.438010307908064,7612600
2003-03-10,13.251364707946777,13.564503808716047,13.22647894702438,13.520953331562389,6945000
2003-03-11,13.218192100524902,13.408979088796348,13.178790018567867,13.38616752368004,5840000
2003-03-12,13.075094223022461,13.218184580590606,12.795136134780416,13.218184580590606,9503600
2003-03-13,13.201592445373535,13.303207312985423,13.133158588474783,13.303207312985423,7102200
2003-03-14,13.311508178710938,13.323950271895969,13.09583626460646,13.234778245700449,6675400
2003-03-17,13.41934585571289,13.510592108566035,13.189157595766922,13.189157595766922,8107800
2003-03-18,13.610132217407227,13.645387458759696,13.284550862507295,13.419346033602135,8186800
2003-03-19,13.651602745056152,13.707593734135884,13.554135484289592,13.624642772920216,8531000
2003-03-20,13.645390510559082,13.778111501337808,13.549995815162802,13.65161155978949,8258200
2003-03-21,13.686860084533691,13.821655235131237,13.616352776867588,13.821655235131237,10628400
2003-03-24,13.475342750549316,13.670275831823842,13.417275927918652,13.593547442126102,6352800
2003-03-25,13.691011428833008,13.738708774312629,13.502299421599059,13.5271851995222,6984200
2003-03-26,13.645390510559082,13.761520981950714,13.603914212091349,13.738709413333213,7280200
2003-03-27,13.52095890045166,13.661975106109999,13.43800949419494,13.520958900451662,6797800
2003-03-28,13.531326293945312,13.635014618036847,13.469112666627085,13.479482131899545,5516600
2003-03-31,13.406904220581055,13.523034668448412,13.334322690663956,13.438011042590865,7507400
2003-04-01,13.581098556518555,13.628795889863152,13.427640253765622,13.440082348482242,5577200
2003-04-02,13.49606704711914,13.676483643644588,13.456664994012383,13.657820512483035,5068000
2003-04-03,13.355058670043945,13.539623790904724,13.313582384246928,13.427640192490568,7024000
2003-04-04,13.46704387664795,13.469116504566411,13.33639553848391,13.427641795975148,5475400
2003-04-07,13.355058670043945,13.647458969659915,13.334321318224701,13.635016875000074,7616800
2003-04-08,13.313583374023438,13.388239111849702,13.249297103956962,13.292846020662509,5433800
2003-04-09,13.313583374023438,13.53547637751854,13.270035248397214,13.40690383738559,5547800
2003-04-10,13.288697242736816,13.328097733722615,13.187082327513414,13.303213546185987,3973200
2003-04-11,13.180862426757812,13.309435750378663,13.116575369407748,13.263812626383181,5350200
2003-04-14,13.25551700592041,13.35920534592071,13.160123922979153,13.182935484351901,4464400
2003-04-15,13.278322219848633,13.305282187942467,13.137306081571914,13.240994372006039,5741600
2003-04-16,13.168413162231445,13.355052405371794,13.124864269191661,13.355052405371794,5730800
2003-04-17,13.282477378845215,13.288698426283444,13.158050892525688,13.158050892525688,4547800
2003-04-21,13.413127899169922,13.413127899169922,13.261742970596138,13.361283713038647,5413200
2003-04-22,13.51266860961914,13.554143323134287,13.261742162807579,13.413127082160326,6737200
2003-04-23,13.454594612121582,13.48570142172913,13.255513245654555,13.458743030553554,7571400
2003-04-24,13.288697242736816,13.438008696590238,13.274180939287644,13.303213546185987,5867600
2003-04-25,13.14767837524414,13.220259877749184,12.965186723272685,13.209891204688327,6911400
2003-04-28,13.230630874633789,13.37579469621945,13.064729703284113,13.153901731211912,4992200
2003-04-29,13.106200218200684,13.232700060542147,13.060577116745366,13.118642306903853,7211200
2003-04-30,13.0253267288208,13.135236092222813,12.983851243605995,13.06472800468137,9707600
2003-05-01,13.064727783203125,13.149752170466522,12.884310335318174,13.095834594356665,9569800
2003-05-02,13.5520601272583,13.60390427585696,13.232700773110537,13.251364698249212,11495000
2003-05-05,13.931561470031738,13.977184579823112,13.637087047761305,13.686856993825504,11924200
2003-05-06,13.931561470031738,14.10161023606264,13.87557047847927,13.935708306304562,9196600
2003-05-07,13.821653366088867,13.929488522689772,13.759439741254136,13.929488522689772,6732600
2003-05-08,13.964749336242676,14.024888782528055,13.761521010880097,13.823734667632976,5285000
2003-05-09,14.008299827575684,14.03525823498308,13.852767268048902,13.964749318608254,5748600
2003-05-12,14.153462409973145,14.223969741663451,13.946085671365479,14.01866721344637,5910200
2003-05-13,14.236407279968262,14.367053999350178,14.10368635109062,14.153456303880168,6031000
2003-05-14,14.064291954040527,14.340103427581262,13.989636193049666,14.340103427581262,11070600
2003-05-15,14.066386222839355,14.171155974056076,13.997239402017566,14.064291978849885,6373200
2003-05-16,14.10200023651123,14.19000638820852,14.032851860752563,14.068473169964536,5445600
2003-05-19,13.894556999206543,14.060093315815823,13.894556999206543,14.00770846620499,4363400
2003-05-20,13.969987869262695,14.022372705969387,13.871504120468778,13.955320178931155,5119200
2003-05-21,14.18581485748291,14.198388306901837,13.852648023064347,13.969989559917394,9603800
2003-05-22,14.133437156677246,14.227730881006487,14.064290343893688,14.133437156677246,6927000
2003-05-23,14.338784217834473,14.454031551505889,14.085241682416443,14.133434859290608,8032400
2003-05-27,14.803955078125,14.961109587237456,14.31572801947097,14.353445165604294,13054800
2003-05-28,14.795577049255371,14.929682136341741,14.508507497923654,14.508507497923654,9311600
2003-05-29,14.70338249206543,14.871014687758153,14.648903387325527,14.845869378806515,6113600
2003-05-30,14.864717483520508,14.961105363391415,14.734802550481694,14.741088473286204,7450200
2003-06-02,15.103601455688477,15.254470090661568,14.883584429909572,14.982068210998055,8439800
2003-06-03,15.28381061553955,15.296382473124533,15.076365373430896,15.103606529744235,6333600
2003-06-04,15.459810256958008,15.489145632884608,15.21674548518645,15.29008392500295,6594400
2003-06-05,15.562499046325684,15.581358433943166,15.359247060032624,15.45982513179378,5519600
2003-06-06,15.560400009155273,15.681931675209718,15.407435507200715,15.56878177899681,8110000
2003-06-09,15.424199104309082,15.516396974250108,15.352954859720342,15.474488124886395,5054400
2003-06-10,15.55411148071289,15.600208809144934,15.47448547986173,15.537347943832767,5235200
2003-06-11,15.843276977539062,15.868422285525003,15.610688074310968,15.65888284828593,5453600
2003-06-12,15.845373153686523,15.97319234099056,15.671455033432302,15.866326778120499,5044200
2003-06-13,15.72593879699707,15.860043937869428,15.568784185162961,15.84537623804462,4871600
2003-06-16,15.702882766723633,15.732218154119451,15.543632378961533,15.62116253059832,7794400
2003-06-17,15.570878982543945,15.702889884319985,15.411630121258362,15.702889884319985,6658800
2003-06-18,15.54572868347168,15.64211661616524,15.434673056643422,15.570872388469015,5370000
2003-06-19,15.449347496032715,15.564593257791094,15.250284018825491,15.545735470809698,4667400
2003-06-20,15.464009284973145,15.652593477332768,15.44724574829176,15.537347759630649,5976000
2003-06-23,15.426290512084961,15.47448367667596,15.250276592671648,15.411622818688741,5670600
2003-06-24,15.466099739074707,15.505912729274632,15.365521740944365,15.426288347533239,5886400
2003-06-25,15.380200386047363,15.610693527799736,15.359246754735256,15.401154017359472,4846400
2003-06-26,15.334094047546387,15.401146594624247,15.264945658749548,15.296376889898912,4273400
2003-06-27,15.166465759277344,15.359243280254647,15.128748591983875,15.254473548734927,5176600
2003-06-30,15.128742218017578,15.264943131341571,15.044927747041484,15.160173443962893,4754600
2003-07-01,15.181131362915039,15.223040208935508,14.891967519339357,15.128746504383711,6531600
2003-07-02,15.223038673400879,15.223038673400879,15.013499260411628,15.181129831607718,5998200
2003-07-03,15.072172164916992,15.191609583211047,15.003023765204887,15.191609583211047,3432400
2003-07-07,15.359237670898438,15.386477215628071,15.118267056676254,15.139220675595869,6024800
2003-07-08,15.394871711730957,15.417921191197921,15.23352535546221,15.306865480307987,4588400
2003-07-09,15.254471778869629,15.394862819139286,15.214658773940393,15.386481049751076,4188400
2003-07-10,15.1015043258667,15.25446878957297,14.986257017686718,15.25446878957297,5520800
2003-07-11,15.29638385772705,15.304765629762214,15.095226124861842,15.153896930448418,3591600
2003-07-14,15.126646995544434,15.390665439603945,15.099405855448921,15.338280599307595,4050600
2003-07-15,14.952741622924805,15.137135841628519,14.910834354611174,15.12875406823383,5802200
2003-07-16,14.973687171936035,15.034453797241312,14.906634619643826,14.956923634198246,5281400
2003-07-17,14.982063293457031,15.065879351893354,14.856340005131718,14.973681527747564,6226600
2003-07-18,15.241897583007812,15.277520500837234,14.99254675015568,15.065885230406307,6720200
2003-07-21,15.107789039611816,15.254467565402548,15.026068808972688,15.233512348390581,5458000
2003-07-22,15.202079772949219,15.285894230113474,15.049115351173686,15.229319311661772,5574000
2003-07-23,15.091021537780762,15.27122548582648,14.99253939754673,15.212554730399166,3897800
2003-07-24,15.044927597045898,15.252371128363103,15.003018763317117,15.139219675283208,4788800
2003-07-25,15.239805221557617,15.2544729194189,14.984166831410263,15.023978240657078,4641400
2003-07-28,15.20837116241455,15.29218724835595,15.107791539553098,15.21256124731513,4955200
2003-07-29,15.044927597045898,15.179032667660914,14.982065145781997,15.139219675283208,4335200
2003-07-30,15.044927597045898,15.14969728338004,14.986255229825604,15.107788449651256,3954000
2003-07-31,15.109892845153809,15.348767737337013,14.992551241599797,15.191613118865986,4655400
2003-08-01,14.887779235839844,15.181133200190827,14.883587551400998,15.147607717976088,5718800
2003-08-04,14.808151245117188,14.940162110145756,14.678237820687794,14.87939548315243,6778200
2003-08-05,14.83538818359375,14.961111487117384,14.745286189647747,14.824910575525722,5414000
2003-08-06,14.852156639099121,14.977881596479813,14.772532218262691,14.8249170842849,6050600
2003-08-07,15.141313552856445,15.185316623570708,14.824908693539605,14.862625839674449,4744000
2003-08-08,15.254471778869629,15.28380717239884,15.078457819035314,15.246090009481417,4419000
2003-08-11,15.338277816772461,15.457715167034527,15.275416979015574,15.304752356367088,4209200
2003-08-12,15.487065315246582,15.499637173759059,15.288001829728373,15.369722107378529,5305600
2003-08-13,15.34666633605957,15.566683361690078,15.302663250665242,15.55830159323513,4291000
2003-08-14,15.556200981140137,15.558296822275901,15.346661629998374,15.447241221956107,5972400
2003-08-15,15.410188674926758,15.490603799832904,15.367865264878175,15.458862049563768,3850400
2003-08-18,15.35939884185791,15.469440666545037,15.342468833587752,15.458860622277026,4823000
2003-08-19,15.257824897766113,15.401726781349698,15.162596398652166,15.35940336275126,5252600
2003-08-20,15.363635063171387,15.4038434410258,15.213384828208751,15.25782490211024,4069200
2003-08-21,15.401721000671387,15.480021071678802,15.302259228307307,15.37844264481876,4073000
2003-08-22,15.196456909179688,15.448285643861,15.139320124727998,15.448285643861,3748800
2003-08-25,15.310720443725586,15.348812142557032,15.194330307792894,15.236653700034978,3327800
2003-08-26,15.27898120880127,15.353049586981598,15.130847681509326,15.27898120880127,4544600
2003-08-27,15.298032760620117,15.384796250186607,15.268406045691572,15.268406045691572,3284400
2003-08-28,15.484251976013184,15.492716979030766,15.211261683199554,15.310723450488346,5356600
2003-08-29,15.420763969421387,15.535039066824332,15.384787309742247,15.484249058289288,3713000
2003-09-02,15.59853744506836,15.611234150752276,15.348825341227704,15.444055477463008,7746200
2003-09-03,15.647195816040039,15.778399287548025,15.587942427032075,15.638730815534078,5783000
2003-09-04,15.596410751342773,15.691640826287493,15.55831904427174,15.647200770460332,4810600
2003-09-05,15.452508926391602,15.583714053978468,15.32553710766504,15.564669007709906,6334000
2003-09-08,15.664132118225098,15.664132118225098,15.444048451988166,15.448280147112708,5088400
2003-09-09,15.537155151367188,15.65777860431712,15.47578509782648,15.65777860431712,4188400
2003-09-10,15.446159362792969,15.628152880649793,15.37844095716258,15.585829482581104,7344000
2003-09-11,15.554089546203613,15.63873797548441,15.49906782499092,15.575251249890188,4241200
2003-09-12,15.437698364257812,15.556206815748446,15.321308182114405,15.51176675188992,5623400
2003-09-15,15.395376205444336,15.480024644944782,15.295914410121412,15.355167833411317,3976600
2003-09-16,15.448284149169922,15.490607569518033,15.331892321410123,15.433470790594583,3945600
2003-09-17,15.293793678283691,15.469438860881965,15.293793678283691,15.452508854587954,5089800
2003-09-18,15.289572715759277,15.331896146666942,15.243015973039606,15.293804413035884,5190200
2003-09-19,15.312849044799805,15.367870789269679,15.22608392411519,15.289570676544674,4094000
2003-09-22,15.27898120880127,15.312841223344776,15.135079376060087,15.236657805156245,4282600
2003-09-23,15.34670352935791,15.405958569890487,15.240893378780461,15.310728465649921,3701000
2003-09-24,15.306492805480957,15.573133153408467,15.293794492817016,15.452509677574303,5154400
2003-09-25,15.185863494873047,15.422877046408974,15.185863494873047,15.321300271331785,4382800
2003-09-26,15.12661361694336,15.217610373603849,15.09275360770499,15.14142696735162,5081800
2003-09-29,15.173169136047363,15.25781754699805,15.054662329436894,15.143542434394746,4338200
2003-09-30,15.120267868041992,15.194336255258852,14.961552663207957,15.130849527511417,4992200
2003-10-01,15.475790977478027,15.482140942284996,15.14566384704053,15.152012197312843,5577000
2003-10-02,15.405961036682129,15.480027831038912,15.268407495999515,15.384797711550167,4880600
2003-10-03,15.465204238891602,15.609106036080435,15.427112539208265,15.532922636713762,5109400
2003-10-06,15.596410751342773,15.63661911284394,15.511763948548717,15.596410751342773,3197000
2003-10-07,15.655671119689941,15.676832827614682,15.458864168373703,15.52234929214792,4397000
2003-10-08,15.524469375610352,15.695881346549369,15.501191007392068,15.691649649843853,3736600
2003-10-09,15.560433387756348,15.672591837882193,15.48001829123107,15.547736692129734,5623600
2003-10-10,15.617578506469727,15.691645287237979,15.566788472913156,15.571021782976903,3767200
2003-10-13,15.755130767822266,15.854592567644255,15.659902278160871,15.691645646226258,3576600
2003-10-14,15.869400978088379,15.871517632508974,15.66412909171578,15.757242511810798,4280200
2003-10-15,15.659897804260254,15.871518044858366,15.617574401954355,15.871518044858366,5587200
2003-10-16,15.708575248718262,15.81650043698133,15.66625022088838,15.67048353093873,4157600
2003-10-17,15.602760314941406,15.79110219104174,15.558318645718424,15.776288839478822,3698400
2003-10-20,15.725505828857422,15.740319187021086,15.535048828048863,15.575255591901696,4055000
2003-10-21,15.717033386230469,15.79745010496008,15.630269933616217,15.727615043284633,5703000
2003-10-22,15.551973342895508,15.71703689679032,15.501184929666614,15.71703689679032,4113200
2003-10-23,15.6196928024292,15.653552823186255,15.41018917123255,15.551974375449745,5432800
2003-10-24,15.473673820495605,15.575250640027633,15.35516537832899,15.554088937169663,4448400
2003-10-27,15.412304878234863,15.518115014790862,15.35728315515607,15.47367495118149,3825800
2003-10-28,15.530813217163086,15.549859883143936,15.414421409876532,15.437699771333843,4341600
2003-10-29,15.469446182250977,15.575256349864917,15.44405277532605,15.528699617789178,5584000
2003-10-30,15.185863494873047,15.448272047445135,15.025031717378146,15.11179676001807,10220200
2003-10-31,15.723395347595215,15.867297274857803,15.418661474677869,15.448288199596453,10454800
2003-11-03,15.645089149475098,15.87152281032095,15.628159137655738,15.776294319272942,8630400
2003-11-04,15.640849113464355,15.70010250870105,15.543502404679577,15.61333745529451,5056600
2003-11-05,15.590071678161621,15.670488449009264,15.532934890827715,15.640861727497574,3871000
2003-11-06,15.69163990020752,15.725498296420053,15.482136330948327,15.568899783051961,3762400
2003-11-07,15.776287078857422,15.844005480521185,15.691638673144206,15.818610474447006,3685000
2003-11-10,15.6196928024292,15.812268037781976,15.606996101912632,15.78264132688688,3618200
2003-11-11,15.69163990020752,15.723383256649015,15.573131477128213,15.61968818463785,2362000
2003-11-12,15.810153007507324,15.86729139477275,15.69164615174914,15.69164615174914,3702400
2003-11-13,16.03023910522461,16.051400814139708,15.8207354422558,15.829200448728821,6320400
2003-11-14,15.869978904724121,16.015281058839044,15.814423397448955,15.91912591680888,7216200
2003-11-17,15.726816177368164,15.869981099387573,15.656301527330273,15.869981099387573,4356200
2003-11-18,15.758862495422363,15.829377118864105,15.70116975003512,15.769547122093588,5721000
2003-11-19,15.855012893676758,15.906297130134663,15.630650472590894,15.630650472590894,4635200
2003-11-20,15.812278747558594,15.972538329459526,15.201155411490127,15.37850974005257,4330000
2003-11-21,15.701171875,15.919124268481994,15.684077122110526,15.827242009507787,4276200
2003-11-24,15.816556930541992,15.927671190910901,15.769548806803948,15.790916432184027,4727600
2003-11-25,15.934076309204102,15.985358920052965,15.78877421992831,15.818689212110549,4382800
2003-11-26,16.079387664794922,16.128534683271194,15.957590374935874,15.961863249033671,5423600
2003-11-28,16.047330856323242,16.12639286181977,16.032373355850417,16.12639286181977,1973000
2003-12-01,16.1755313873291,16.372117692051752,16.07937630075135,16.372117692051752,6428800
2003-12-02,16.162717819213867,16.333662077336655,16.1498975704405,16.154170443283203,5209600
2003-12-03,16.261009216308594,16.470415838366936,16.25459909230852,16.261009216308594,5232800
2003-12-04,16.585805892944336,16.63495127246234,16.263149342528887,16.263149342528887,5345200
2003-12-05,16.66699981689453,16.699052065668347,16.568707449501233,16.581527696912723,5863400
2003-12-08,16.797338485717773,16.80588585771414,16.60502669141078,16.664856665140842,7362400
2003-12-09,16.855043411254883,17.058039975079737,16.84436041120875,16.95547306711356,5398600
2003-12-10,16.812301635742188,16.88708912806743,16.7717020126606,16.880679004474562,6390600
2003-12-11,16.98751449584961,17.03666148151003,16.805887308420903,16.848622541847188,5451600
2003-12-12,17.147777557373047,17.190512799499036,16.95546570731613,17.066579945235677,4521600
2003-12-15,16.869991302490234,17.254614950386223,16.869991302490234,17.149912480220834,6465200
2003-12-16,17.243925094604492,17.29520931892818,16.90417566724248,16.90417566724248,5588800
2003-12-17,17.478984832763672,17.562319712496365,17.297355942338015,17.35077582064078,5529600
2003-12-18,17.852924346923828,17.976857228140826,17.630697452998533,17.681980080751956,8533000
2003-12-19,17.7930850982666,17.880694445505846,17.76958186121509,17.874284323560463,8155400
2003-12-22,17.81018829345703,17.82942029866222,17.677708029746388,17.78241054176667,4186400
2003-12-23,17.77386474609375,17.863609764380033,17.709760230034654,17.810189877745977,3513600
2003-12-24,17.81018829345703,18.000362942537823,17.765315788305482,17.773863165036076,2069600
2003-12-26,17.917020797729492,18.002492900159023,17.910610675340113,17.917020797729492,1484400
2003-12-29,18.269590377807617,18.30164261680006,17.76744406774136,18.01317572635728,5595800
2003-12-30,18.389249801635742,18.532416247647166,18.25463235803705,18.25890522899887,5159400
2003-12-31,18.45976448059082,18.587971803188815,18.384977011595705,18.472584723777253,5382200
2004-01-02,18.352928161621094,18.579427861034407,18.273866176804724,18.478999887125855,4864400
2004-01-05,18.7076416015625,18.726871974789507,18.47259283826393,18.493962093287635,4926400
2004-01-06,18.605070114135742,18.649942604134733,18.419168401072895,18.508915011315747,7413600
2004-01-07,18.367889404296875,18.560201278041745,18.26104965557697,18.558064026598693,8500200
2004-01-08,18.387123107910156,18.387123107910156,18.181989336773867,18.269598721347215,6397400
2004-01-09,18.188398361206055,18.35506809876872,18.019591372323458,18.35506809876872,8581800
2004-01-12,18.098657608032227,18.30592703666759,18.062332475038257,18.231139518666588,6554200
2004-01-13,18.098657608032227,18.190539881646494,18.013187090457155,18.13070986724569,5363400
2004-01-14,18.29096221923828,18.34438208648503,18.017452759774116,18.098650371100987,4140000
2004-01-15,18.040958404541016,18.355067498245518,18.038821153291007,18.3507929957455,6490400
2004-01-16,18.102928161621094,18.147800662629574,17.94694140361947,18.04309816027645,6196000
2004-01-20,18.382848739624023,18.43840587097498,18.16703196918964,18.17344372415907,4270200
2004-01-21,18.543107986450195,18.61789549039135,18.406353227744845,18.41917347692181,5420800
2004-01-22,18.622161865234375,18.793104423878756,18.52600514764259,18.7140440814694,6254600
2004-01-23,18.568744659423828,18.667037011473994,18.513187545571185,18.626437394014964,4802400
2004-01-26,18.71831703186035,18.722591533235214,18.455492255867785,18.558057465439894,5293800
2004-01-27,18.739681243896484,18.914898272811175,18.69694601937849,18.72045088193668,5513600
2004-01-28,18.532426834106445,18.840124256707394,18.464049447945627,18.73969461416749,5539000
2004-01-29,18.656354904174805,18.761059023303073,18.440539802838295,18.62216703505266,5505600
2004-01-30,18.451223373413086,18.656355485270456,18.333700633729183,18.656355485270456,5792200
2004-02-02,18.417034149169922,18.521736633616406,18.28882516222077,18.444811893544912,5396600
2004-02-03,18.34438705444336,18.461911446311717,18.316609302840572,18.376439309520677,3890600
2004-02-04,18.194805145263672,18.312327862367155,18.154205528862487,18.312327862367155,4416000
2004-02-05,18.169170379638672,18.231137639665853,18.006773478541422,18.226864766325733,3663000
2004-02-06,18.252504348754883,18.301651356044154,18.102929335692536,18.130707086619722,5917200
2004-02-09,18.329418182373047,18.38283803094851,18.228988606212077,18.265315342229137,3973000
2004-02-10,18.491817474365234,18.564467695716203,18.21189795172708,18.286685423777968,4509200
2004-02-11,18.71192169189453,18.803803981102938,18.457642457289566,18.49824210120018,5651600
2004-02-12,18.679855346679688,18.765327444579174,18.62216261798822,18.709770336407807,3955400
2004-02-13,18.643226623535156,18.79190753413434,18.610906115990044,18.785443432625318,4212800
2004-02-17,18.81560707092285,18.863012665727485,18.774665576505647,18.80052362202798,3986000
2004-02-18,18.664775848388672,18.832849063765792,18.628143199828006,18.832849063765792,3480600
2004-02-19,18.65614891052246,18.845769601830042,18.64106546512268,18.757424177051963,3801200
2004-02-20,18.66261863708496,18.82207248567595,18.539795789229125,18.778977384101978,4234000
2004-02-23,19.035404205322266,19.078500969370882,18.71434112203397,18.71434112203397,6272600
2004-02-24,19.00092124938965,19.175458556826406,18.944896299309235,19.03755225199218,5530200
2004-02-25,18.92764663696289,19.046160569646567,18.88670680528552,19.003065490837162,3647600
2004-02-26,18.985836029052734,19.026777524600003,18.83715514014753,18.92981108419426,4201400
2004-02-27,19.037561416625977,19.15607547500752,19.007394500669516,19.026788457483594,4430400
2004-03-01,19.451274871826172,19.518074432560567,19.123747746446483,19.123747746446483,6581400
2004-03-02,19.237951278686523,19.401715663413306,19.188392064291367,19.343535453851686,5277000
2004-03-03,19.356464385986328,19.390940145153834,19.132366197491816,19.2401056163465,4035400
2004-03-04,19.248720169067383,19.35861316524589,19.22070687500518,19.356459561066227,2974800
2004-03-05,19.440505981445312,19.47929224792819,19.209943631789727,19.218562984782977,4360600
2004-03-08,19.543926239013672,19.6990712359584,19.451270290503505,19.46850898882464,5735400
2004-03-09,19.39524269104004,19.543921910203608,19.375848748731162,19.543921910203608,5343400
2004-03-10,19.11943817138672,19.50083499433664,19.07849666576921,19.3974044279246,6830000
2004-03-11,18.731584548950195,19.125911408524512,18.697107129021266,19.059111818405682,6864400
2004-03-12,19.059104919433594,19.059104919433594,18.682016906321213,18.77467288387347,4950800
2004-03-15,18.88886833190918,19.18191792438509,18.875938488790407,19.05909510057751,5594800
2004-03-16,18.893169403076172,19.007372832430956,18.79620466146559,18.962122510081233,3775800
2004-03-17,19.160377502441406,19.2616528173393,18.9686014719223,18.979376071198985,3594800
2004-03-18,19.3392276763916,19.382322790783125,19.020318240385333,19.020318240385333,4939000
2004-03-19,19.00523567199707,19.339228578008832,19.00523567199707,19.29182296358411,4519800
2004-03-22,18.811307907104492,19.00523759449803,18.759591789424302,18.822080865307758,4345400
2004-03-23,18.847936630249023,18.981532474729793,18.6626246743822,18.90827044955947,5199400
2004-03-24,18.50532341003418,18.87594730235735,18.427750890991042,18.85655499458316,5385800
2004-03-25,18.24675178527832,18.56997010813235,18.184262712249733,18.552731403026517,7418200
2004-03-26,18.388961791992188,18.53117860293568,18.17348297102782,18.26183007673022,7657200
2004-03-29,18.397584915161133,18.53980175527105,18.354489799719307,18.4557651293782,5664200
2004-03-30,18.76390266418457,18.783294975723436,18.40189805303082,18.451457278501373,6641400
2004-03-31,18.91473960876465,19.013859716124713,18.608759932482652,18.787607833229035,7320200
2004-04-01,18.95351791381836,19.166841497730378,18.940589709936727,18.95136266518041,9258800
2004-04-02,18.968599319458008,19.110816122701586,18.940587666079505,19.048327070728455,5817800
2004-04-05,19.190547943115234,19.209941896591598,18.981533172835945,18.994463023144633,4525400
2004-04-06,19.188385009765625,19.31551669418811,19.121585473569244,19.190538613792334,3974800
2004-04-07,19.3392276763916,19.388788537517765,19.153915725356228,19.214249543093654,5356600
2004-04-08,19.38016700744629,19.51807333076589,19.309058597117197,19.393095211515924,6016600
2004-04-12,19.70985221862793,19.817591652079294,19.40387262217965,19.40387262217965,5520600
2004-04-13,19.556859970092773,19.845600826458433,19.556859970092773,19.71631385131003,11384200
2004-04-14,19.608579635620117,19.748641247526393,19.45989867055323,19.46851802371384,6705200
2004-04-15,19.716310501098633,19.832669252152343,19.543926800876953,19.61719044886165,5003400
2004-04-16,19.765880584716797,19.888703494222,19.630127823071234,19.888703494222,5050400
2004-04-19,19.79604148864746,19.921017965582056,19.735706032918433,19.765874582769484,4925000
2004-04-20,19.397401809692383,19.76371677414951,19.397401809692383,19.6301193197278,6162000
2004-04-21,19.365083694458008,19.449120309463193,19.20131931784426,19.371547796539474,6093600
2004-04-22,19.780963897705078,19.79173685644083,19.304754076709266,19.30690932604584,5308800
2004-04-23,19.75725555419922,19.78311196310317,19.591335925191053,19.78311196310317,5360800
2004-04-26,19.8779296875,20.017991309485787,19.81328535613006,19.81328535613006,5662200
2004-04-27,20.015827178955078,20.289486197160922,19.888695466036246,19.888695466036246,6423800
2004-04-28,19.768024444580078,20.09339788948355,19.748632141890184,20.050302787524167,5644400
2004-04-29,19.468509674072266,19.819741177843788,19.34784206952259,19.737858179922664,6123200
2004-04-30,19.716310501098633,19.951181607578544,19.681833103465177,19.694762949564122,7968400
2004-05-03,20.080469131469727,20.17958917840894,19.69476189691794,19.740012245913704,6451600
2004-05-04,20.05677032470703,20.317499517368876,20.026603419372474,20.114948886717094,6945600
2004-05-05,20.33905601501465,20.395080996972588,19.93610982519685,19.97489609824869,7227000
2004-05-06,20.151578903198242,20.35844002099672,20.00074438394202,20.29810456932127,5419600
2004-05-07,19.748638153076172,20.10417860636689,19.740018801266142,20.013676234348214,5225600
2004-05-10,19.214242935180664,19.554699811297183,18.9664420027168,19.50083011484733,8857600
2004-05-11,19.599950790405273,19.608570139391624,19.21424355412293,19.21424355412293,6580200
2004-05-12,19.787416458129883,19.839130904223506,19.528840939716574,19.543924388326072,8284200
2004-05-13,19.79604148864746,19.9662699683721,19.709849624436206,19.724933077375194,7424600
2004-05-14,19.972734451293945,20.125724232298627,19.813278924072357,19.813278924072357,7829200
2004-05-17,19.88368797302246,20.122595954465773,19.796811891491227,19.99228266068064,6860600
2004-05-18,19.58831024169922,19.88368792396255,19.473200138189313,19.88368792396255,6067800
2004-05-19,19.527496337890625,19.75988888901038,19.440620261663273,19.640434077069852,7408800
2004-05-20,19.43844223022461,19.646943758097127,19.43844223022461,19.50794273951545,4789800
2004-05-21,19.46233367919922,19.642601199345478,19.362426798123952,19.547037375263532,6480000
2004-05-24,19.583969116210938,19.631751052545305,19.286420678713018,19.525328703361133,7448200
2004-05-25,19.909746170043945,20.011825423788057,19.764229711611044,19.785948313955437,7524800
2004-05-26,19.759891510009766,19.981423959601948,19.753374436384025,19.909751062930766,7352200
2004-05-27,19.592655181884766,19.792469028188346,19.551388666465527,19.770750420029014,6381600
2004-05-28,19.63392448425293,19.716455869782788,19.492751025642953,19.547048382260343,4662000
2004-06-01,19.82938003540039,19.924942182709838,19.7229561052952,19.7229561052952,7680200
2004-06-02,19.84459686279297,19.957534626188675,19.840252146687163,19.916268108301935,7268000
2004-06-03,19.751205444335938,19.922785276806774,19.675187825337492,19.853284731997903,5605000
2004-06-04,19.590486526489258,19.77509887329357,19.536189167317144,19.744692484719096,5209600
2004-06-07,20.01616096496582,20.01616096496582,19.662141446610818,19.675172270640736,4714800
2004-06-08,19.796810150146484,20.10087558024822,19.686043114511744,20.087843092099654,8511200
2004-06-09,19.54703712463379,19.688210501938496,19.444957887859264,19.677350374060108,8362000
2004-06-10,19.7186279296875,19.82722264127933,19.58179918961036,19.666502932090086,6607600
2004-06-14,19.54703712463379,19.60784986389788,19.49708285622522,19.568755723367698,6121200
2004-06-15,19.67735481262207,19.803325033525482,19.596995813477985,19.618714417110894,6954200
2004-06-16,19.97925567626953,20.05527164717025,19.829396092786364,19.829396092786364,6133200
2004-06-17,20.15083122253418,20.185582320104498,20.007487087615452,20.024860979377078,5142800
2004-06-18,20.289833068847656,20.346302776030907,20.146488928488452,20.155176703210767,7786200
2004-06-21,20.26376724243164,20.387565107023,20.148655493756113,20.274625715838063,5152800
2004-06-22,20.378870010375977,20.433167328964622,20.137789783280578,20.198602514976233,5413000
2004-06-23,20.6069278717041,20.632991193951227,20.385395432185692,20.411458754432818,5801200
2004-06-24,20.5026798248291,20.62865007533454,20.5026798248291,20.56783565103894,5038200
2004-06-25,20.283313751220703,20.583034464892773,20.283313751220703,20.50484782147581,6817000
2004-06-28,20.159517288208008,20.372363600226542,20.092189113651663,20.337612505601722,5683800
2004-06-29,20.294174194335938,20.339783760791285,20.113906629043395,20.122594402228692,4717400
2004-06-30,20.439678192138672,20.457053727904633,20.207285786591413,20.296332507602944,7178200
2004-07-01,20.30069351196289,20.49833500459138,20.144316878616966,20.426663761827513,6522200
2004-07-02,20.252914428710938,20.530916635101864,20.181241518837815,20.30069636862635,5270000
2004-07-06,20.283313751220703,20.41362703294668,20.229016412416275,20.2854861087394,6902000
2004-07-07,20.294174194335938,20.294174194335938,20.17037632623619,20.276798647965336,5749000
2004-07-08,20.274629592895508,20.4092876136668,20.18992586182079,20.18992586182079,4845400
2004-07-09,20.404945373535156,20.509197024365324,20.33327412417718,20.337617183492537,4112800
2004-07-12,20.37236785888672,20.42014813844879,20.25942843477048,20.394086469055612,3608600
2004-07-13,20.411457061767578,20.478785234043304,20.198610756958818,20.36584583736165,4403000
2004-07-14,20.578691482543945,20.628645763517937,20.37670531516786,20.37670531516786,4920800
2004-07-15,20.587383270263672,20.756790735867906,20.54828911227626,20.602586461868576,5668200
2004-07-16,20.719867706298828,20.884932103231023,20.600412881474835,20.761132562764246,5154200
2004-07-19,20.669910430908203,20.830631745990377,20.589551430390383,20.69162903491239,5044800
2004-07-20,20.583040237426758,20.678604110770987,20.55046315062645,20.61561898125081,4362200
2004-07-21,20.400604248046875,20.695982020204248,20.400604248046875,20.58521494138925,5260400
2004-07-22,20.46791648864746,20.567823354726247,20.34846338349838,20.400588344708478,4636600
2004-07-23,20.350643157958984,20.511364483645153,20.302862888806658,20.46792561574752,3819400
2004-07-26,20.29852294921875,20.437524045147747,20.222506983792545,20.39408682405385,4651000
2004-07-27,20.38321876525879,20.437516099027203,20.194265104239502,20.224671478587965,3656200
2004-07-28,20.483129501342773,20.56349016691679,20.250736935518933,20.348473148842483,8089200
2004-07-29,20.737239837646484,20.737239837646484,20.487471754096468,20.60040948684589,5495400
2004-07-30,20.7741641998291,20.958774838504503,20.635163131389497,20.958774838504503,6558000
2004-08-02,20.95443344116211,20.991355240419363,20.652538659343666,20.774165846637526,5038400
2004-08-03,21.427900314331055,21.469165160681253,20.95442750376336,20.95442750376336,9362000
2004-08-04,20.98048973083496,21.427900894134652,20.98048973083496,21.427900894134652,7662400
2004-08-05,20.806739807128906,21.134694523340713,20.789364261932427,21.06736635698334,6718600
2004-08-06,20.376697540283203,20.880576587701174,20.331087991765248,20.806733030202384,6867200
2004-08-09,20.552629470825195,20.73724176080247,20.41145770605207,20.431003953965863,7117000
2004-08-10,20.47443199157715,20.654699485456003,20.39407302123843,20.606917580377498,5591600
2004-08-11,20.604755401611328,20.61995859069411,20.383221324092677,20.474440458589378,7666600
2004-08-12,20.49616050720215,20.739411529995923,20.47009718746425,20.585207283182495,6031200
2004-08-13,20.7633113861084,20.798062493977863,20.49399692821617,20.49399692821617,4937000
2004-08-16,20.993526458740234,21.013072707748265,20.709007241554445,20.763304587052502,5248600
2004-08-17,20.61683464050293,20.967237276788044,20.557704874413268,20.947527911708676,7963400
2004-08-18,20.623416900634766,20.74167817518279,20.548957026392994,20.66064683775565,8491200
2004-08-19,20.38907814025879,20.673781300723746,20.345278425195886,20.619030821469103,9565800
2004-08-20,20.62559700012207,20.76356758217853,20.450394828844125,20.489815233839074,6694000
2004-08-23,20.39345932006836,20.658451441832646,20.364988001223338,20.619031029537428,6510600
2004-08-24,20.432872772216797,20.44820283450676,20.240150079598422,20.39564118878276,5253200
2004-08-25,20.542381286621094,20.58180170005742,20.432880323837082,20.435069140079257,4795800
2004-08-26,20.697872161865234,20.746052852148193,20.505149400733394,20.516100165198456,4449600
2004-08-27,20.85992431640625,20.95847447160778,20.772323250198575,20.77451373633789,4396800
2004-08-30,20.914682388305664,21.120544718213974,20.908112598347223,21.021992856281454,5669600
2004-08-31,21.35268783569336,21.35268783569336,20.965055160928003,20.97819474184653,6436800
2004-09-01,21.60892677307129,21.659297967859686,21.352694836043405,21.374594701704716,7270000
2004-09-02,21.83668327331543,21.843253064190034,21.545410291625135,21.633011401941673,5704800
2004-09-03,21.849821090698242,21.954942748759986,21.753461380898056,21.82573241638725,5979000
2004-09-07,21.882671356201172,21.91990128144493,21.57825882231013,21.740319774610988,9681000
2004-09-08,21.856399536132812,21.930859411629065,21.801649037967,21.849828072836726,7900600
2004-09-09,22.136714935302734,22.14766402901937,21.856392739205138,21.856392739205138,6432600
2004-09-10,21.911149978637695,22.21775143090529,21.911149978637695,22.19147226119813,8865600
2004-09-13,22.31191062927246,22.31191062927246,22.018448916074732,22.272490224574828,6228700
2004-09-14,22.43455696105957,22.55281819699962,22.285635590340842,22.338195582696855,6138200
2004-09-15,22.355714797973633,22.539675595626285,22.34257354753278,22.469595053065476,6101900
2004-09-16,22.32506561279297,22.4214253617845,22.254985035866056,22.355725760770195,4272600
2004-09-17,22.749919891357422,22.77182142104342,22.42579797057101,22.42579797057101,7043200
2004-09-20,22.789335250854492,22.990818251652094,22.754295818662577,22.77619567263899,5932500
2004-09-21,23.441972732543945,23.494532741234472,22.863807624390496,22.868186928926143,7350200
2004-09-22,23.275531768798828,23.428834167860032,23.19231161217883,23.332472755355997,8423800
2004-09-23,22.916357040405273,23.21419973673339,22.86817635852105,23.21419973673339,6684900
2004-09-24,23.13974952697754,23.301810520964292,23.012727980217868,23.030248539257645,5121600
2004-09-27,23.520809173583984,23.55584861586099,23.10470514486153,23.227345699109403,6119000
2004-09-28,23.682870864868164,23.866833372686486,23.59965072493386,23.652210725373827,7390100
2004-09-29,23.490142822265625,23.739804839297154,23.437581166473453,23.660964026460693,8774700
2004-09-30,23.494529724121094,23.599651398855215,23.29304832430406,23.490150420147828,5828500
2004-10-01,23.617168426513672,23.770470787147826,23.389407879081123,23.481388292950292,5629300
2004-10-04,23.590885162353516,23.665345007061138,23.389403813419097,23.52956489709973,4775300
2004-10-05,23.84930992126465,23.897490612009253,23.630307996681598,23.652207854969486,5256800
2004-10-06,24.269798278808594,24.32235828383541,23.87997503905922,23.89311462260282,6954500
2004-10-07,24.186567306518555,24.558869821011438,24.077066370391037,24.17780703112615,5911800
2004-10-08,24.217226028442383,24.361766386893002,23.99384319603926,24.068304697124166,5792800
2004-10-11,24.05078125,24.287303630809294,23.914999511938802,24.269783083152742,3571000
2004-10-12,23.858076095581055,24.116498497295563,23.818655672578757,23.910636102633283,5115800
2004-10-13,23.34998321533203,23.717906474730604,23.271142397542917,23.652205236289042,7238300
2004-10-14,23.385040283203125,23.678503919772215,23.35000082157209,23.65660237654301,4937400
2004-10-15,23.389406204223633,23.542706883028096,23.332465236016795,23.433205920781454,6291200
2004-10-18,23.174781799316406,23.512044937579667,23.148500968893256,23.36750287653029,4997400
2004-10-19,23.104703903198242,23.14850362140373,22.951403218626886,22.955782522106578,6233500
2004-10-20,23.376264572143555,23.45072609410255,23.043382387506085,23.10032335478625,4727200
2004-10-21,23.385040283203125,23.56024260391779,23.22735852873056,23.498922292923606,4358700
2004-10-22,23.363128662109375,23.63907159367175,23.310568660667318,23.45510908234606,4122300
2004-10-25,23.40692138671875,23.533942883841924,23.192300470333073,23.411302360192966,4153200
2004-10-26,23.63030433654785,23.643443915314958,23.227339988887714,23.406921472396082,4400000
2004-10-27,23.201066970825195,23.71353072857254,23.060905857380504,23.63031058960609,5952700
2004-10-28,22.98206329345703,23.472627153612304,22.833141912767662,23.17040508876571,6476800
2004-10-29,23.240482330322266,23.284282042171508,22.73677728979647,22.77619769880155,6243200
2004-11-01,23.192304611206055,23.45510625761915,23.034622955017348,23.24048530291395,7027600
2004-11-02,22.820003509521484,23.244867845586302,22.79810364774391,23.017105607224355,5869900
2004-11-03,23.288660049438477,23.42882279543281,23.00833789915343,23.12659911958965,6868600
2004-11-04,23.81865882873535,23.836177719505816,23.393794399063037,23.424454546477254,5658100
2004-11-05,23.88435173034668,23.976333817646328,23.696009922848344,23.82303145271508,5833600
2004-11-08,23.371889114379883,23.871213308918126,23.349989252854094,23.871213308918126,5610800
2004-11-09,23.113466262817383,23.341228493874972,23.082806123141584,23.240487796247013,6426700
2004-11-10,23.060901641845703,23.152882042444954,22.688597394748026,22.99520040093083,8433900
2004-11-11,23.179162979125977,23.236103947560697,23.017102022190944,23.06090340977615,4889900
2004-11-12,23.901872634887695,23.901872634887695,23.1090849761867,23.11784525466902,5954600
2004-11-15,23.201066970825195,23.70915142477526,23.069664464975062,23.674110310987956,7492800
2004-11-16,23.187824249267578,23.386426046398356,23.15251651485969,23.355530937008734,5388200
2004-11-17,23.567367553710938,23.589434039919556,23.26284431991106,23.26284431991106,4773200
2004-11-18,23.651235580444336,23.677716390498738,23.426154587463028,23.58503439709135,3951500
2004-11-19,23.788043975830078,23.871897325728977,23.54972180213987,23.73508237041077,5324800
2004-11-22,24.185245513916016,24.21172631618643,23.818937008785745,23.87630955502334,5328400
2004-11-23,24.07931900024414,24.30881417230427,24.052838205310834,24.18523881284724,5750000
2004-11-24,24.08814239501953,24.202889122418767,23.94250056961857,24.16316877763349,4283500
2004-11-26,24.202903747558594,24.366197848765555,24.141116881348708,24.141116881348708,2471300
2004-11-29,24.12346076965332,24.313235660282743,23.96016668361138,24.27351529518436,4142800
2004-11-30,24.09698486328125,24.260280666082153,24.09698486328125,24.16318604642389,5107900
2004-12-01,23.602676391601562,24.22937511228645,23.602676391601562,24.136693165524445,8291200
2004-12-02,23.161344528198242,23.41732056389222,22.975983964611995,23.346706775350004,8949300
2004-12-03,23.209890365600586,23.364357492219874,23.037769372063263,23.09072928925196,6315300
2004-12-06,23.306987762451172,23.33346688245795,23.090732075523995,23.236373969823738,4680400
2004-12-07,23.006881713867188,23.439391460383682,22.998054778195524,23.306990792440402,5132400
2004-12-08,23.254024505615234,23.276092682142806,22.693526829837946,22.86123520676761,5539700
2004-12-09,23.29374122619629,23.306982466756686,22.962738832795324,23.25843517968744,4566600
2004-12-10,23.214298248291016,23.77921008930914,23.178992205232735,23.293738949628484,4800700
2004-12-13,23.677696228027344,23.677696228027344,23.29814669161214,23.302559314414008,5681000
2004-12-14,23.426143646240234,23.686530580780527,23.329049071621654,23.390835915991573,5165700
2004-12-15,23.24961280822754,23.56296139806351,23.245198499319674,23.399667323349288,6973800
2004-12-16,22.936262130737305,23.13044961586943,22.830340612941797,23.015702848192586,5114100
2004-12-17,22.825927734375,22.975982234171514,22.50375224319301,22.508164868084645,8881400
2004-12-20,23.19664764404297,23.223126757243854,22.92301779482248,22.92301779482248,5040800
2004-12-21,23.29374122619629,23.351115445784053,23.130447183516743,23.19664833562303,4801200
2004-12-22,23.08189582824707,23.373177815758652,22.843573742947157,23.35993826109697,4381200
2004-12-23,23.24519920349121,23.293746501555013,23.08190512383029,23.08190512383029,2944600
2004-12-27,22.95391845703125,23.320228685142293,22.95391845703125,23.249614888388635,4774300
2004-12-28,23.143695831298828,23.267271251533003,23.09073589895041,23.09073589895041,4436700
2004-12-29,23.35995101928711,23.35995101928711,23.037775439230007,23.148109611176924,4227700
2004-12-30,23.17900848388672,23.355542190288162,23.17900848388672,23.355542190288162,3207500
2004-12-31,23.17458152770996,23.280503040606586,23.148102412159805,23.209889259863946,2303400
2005-01-03,22.464035034179688,23.156933405317282,22.43314160491105,23.152519096241406,7346800
2005-01-04,22.309566497802734,22.711182767144766,22.243367012884214,22.49934138498733,7157500
2005-01-05,22.455211639404297,22.618505746075073,22.283090596755926,22.362529653422495,5524000
2005-01-06,22.830345153808594,22.9274397574691,22.331634258051103,22.419901926509223,5849700
2005-01-07,22.574371337890625,22.83476004046364,22.419902493292454,22.830345730967977,5095100
2005-01-10,22.67586326599121,22.945078722296195,22.578768725405244,22.614076443278197,5179600
2005-01-11,22.684707641601562,22.808281382064525,22.556719591227235,22.728840639319493,4685000
2005-01-12,23.16575813293457,23.1745833831143,22.65822038576118,22.689113812086642,5454800
2005-01-13,22.975988388061523,23.624752169082072,22.94950758092291,23.201069356259296,6078300
2005-01-14,23.08189582824707,23.14809696868536,22.91860181434821,22.993628202184333,4538500
2005-01-18,23.430564880371094,23.430564880371094,23.117216235316896,23.196656974001883,6670000
2005-01-19,23.254024505615234,23.452626309404902,23.249611880449017,23.43938675034076,4742200
2005-01-20,22.931846618652344,23.254022096504738,22.870059771333434,23.254022096504738,5541800
2005-01-21,22.940673828125,23.165756413002736,22.940673828125,22.949500761214846,4253300
2005-01-24,23.20105743408203,23.439379525167002,23.07306945736251,23.081896388539544,4991100
2005-01-25,23.408489227294922,23.41731615964825,23.126034126249195,23.271674301166122,4603700
2005-01-26,23.629161834716797,23.73066905011613,23.44379958830872,23.57620023084848,5623700
2005-01-27,23.858661651611328,23.920448517763802,23.567379508631202,23.633579000837784,4482800
2005-01-28,23.70859718322754,23.876303840102064,23.48792893448883,23.863064283918582,4808200
2005-01-31,24.008716583251953,24.074916076540262,23.523245214641697,23.713020125820073,6161500
2005-02-01,24.33970832824707,24.34412095242036,24.11021314923817,24.119040081149873,6368900
2005-02-02,24.507421493530273,24.657476008756422,24.35295435295875,24.357366978304125,4834700
2005-02-03,24.820764541625977,24.8251771656868,24.37501375105454,24.507414359225187,5003100
2005-02-04,25.041444778442383,25.04585740461694,24.613347646177452,24.86049680109968,5387600
2005-02-07,24.8295955657959,25.067917726082413,24.728088353132858,25.045851233514874,5098800
2005-02-08,24.97964859008789,25.045849747427944,24.73691381911664,24.825181467714923,4198700
2005-02-09,24.785457611083984,25.045846211729145,24.675123486803237,24.926685155478125,4989800
2005-02-10,25.332719802856445,25.451879195272653,24.847248565498155,25.001717375207097,7157700
2005-02-11,25.668136596679688,25.85791146942424,25.350373705839406,25.37685450793127,6218800
2005-02-14,25.823680877685547,25.93922232689371,25.64147979167172,25.668142290214,5033300
2005-02-15,25.850345611572266,25.925893319499814,25.668144509803053,25.881454687936643,3962900
2005-02-16,26.441381454467773,26.48582007294005,25.82811868724747,25.85033799648361,5273300
2005-02-17,26.045869827270508,26.605804171639665,25.974767026474037,26.472486632049343,6346800
2005-02-18,26.543581008911133,26.77022227998931,25.99697808340488,26.063637679657038,6554000
2005-02-22,26.370283126831055,27.143527764248358,26.370283126831055,26.64136315313956,8365000
2005-02-23,26.734676361083984,26.765783727959764,26.370274324632582,26.392493630226085,4481800
2005-02-24,27.1790714263916,27.214623674362535,26.619137082645302,26.796893236826506,6135400
2005-02-25,27.52569007873535,28.063406667940452,27.179064228933353,27.179064228933353,8809300
2005-02-28,27.58791160583496,27.907873335980785,26.770228615063452,27.712341073379207,9340500
2005-03-01,27.081300735473633,27.6101293327481,26.99242351815204,27.587910028417703,7370500
2005-03-02,27.36127281188965,27.49903523171615,27.041309356924618,27.081304788795247,6955900
2005-03-03,27.192401885986328,27.361271668519436,26.99686961346998,27.361271668519436,7776700
2005-03-04,27.423500061035156,27.521267093588847,26.930223408023757,27.139088724761088,7581700
2005-03-07,27.285730361938477,27.46348654144109,26.992431055295672,27.35238829354268,5755400
2005-03-08,27.330171585083008,27.507929476734482,27.139082444886387,27.187965949851787,7361100
2005-03-09,26.55691909790039,27.59679855718343,26.50803730263155,27.33016349386958,10872000
2005-03-10,25.992549896240234,26.481381566677797,25.672586362004783,26.476938382135604,14702900
2005-03-11,25.908103942871094,26.405823481857457,25.765898360303563,25.88588463844947,9268800
2005-03-14,26.192514419555664,26.205847358037605,25.597027922496935,25.988094111890902,7710000
2005-03-15,25.850345611572266,26.485827875231376,25.788130849293772,26.39250573181364,6797500
2005-03-16,26.045869827270508,26.330281030456398,25.601476898486435,25.850335853661843,7440100
2005-03-17,26.419160842895508,26.552478386965067,26.068090010506847,26.485818767318012,6774200
2005-03-18,26.832447052001953,26.872442485693025,26.379166035244662,26.42360465257937,11699700
2005-03-21,26.672466278076172,26.939101382138755,26.445824913920795,26.930213319306713,5566100
2005-03-22,26.294729232788086,27.04130950154975,26.254735495928067,26.676907429323762,7003400
2005-03-23,25.9614315032959,26.21918019005838,25.734791878060197,26.152520579282065,8926500
2005-03-24,25.86811065673828,26.356943870573687,25.61480683588402,26.072530986686562,7488100
2005-03-28,25.90365982055664,26.076972762073286,25.690351454441988,25.916991063681245,5146300
2005-03-29,25.725902557373047,26.30805781794705,25.68590713191034,25.8903274419534,6172700
2005-03-30,25.890331268310547,25.943659640291767,25.214855508793335,25.823673346170757,10312500
2005-03-31,25.912548065185547,26.33027673989215,25.685906759111546,26.081416130044516,9499900
2005-04-01,26.356950759887695,26.40583256834625,26.072537801659262,26.29917919233233,7304700
2005-04-04,25.321510314941406,26.259179719096913,25.219300138950583,26.254736535455827,25511600
2005-04-05,24.757122039794922,25.445930528470562,24.637135782507066,25.357053326234197,15546800
2005-04-06,25.432605743408203,25.530372724955736,24.761573202923554,24.841564061421643,10756300
2005-04-07,25.75701141357422,25.930324368873293,25.459268991952587,25.66813249681911,11672400
2005-04-08,25.1926326751709,25.79256410217251,25.183744613820018,25.690353939473944,6493500
2005-04-11,25.272628784179688,25.365952600145988,25.134868042672984,25.19708278983404,7066500
2005-04-12,24.770456314086914,25.259287733683102,24.721572833082483,25.108194108407616,9772700
2005-04-13,24.117206573486328,24.859342016236933,24.063879891996525,24.734912527685847,13435900
2005-04-14,23.8950138092041,24.401621600281413,23.8283541755466,24.30385458964372,10756400
2005-04-15,23.20175552368164,23.997219311413886,22.96622780254148,23.997219311413886,13433500
2005-04-18,23.375059127807617,23.517264679221782,22.966218591297874,23.219522335705843,9426300
2005-04-19,23.70391082763672,23.80612096306925,23.410611662196963,23.463938320852215,10049100
2005-04-20,23.130659103393555,23.85946347165033,23.019560835178194,23.708369759068436,9978000
2005-04-21,23.7083683013916,23.76169668741818,23.197317316157232,23.197317316157232,8474600
2005-04-22,23.9394474029541,24.139424566668172,23.508387400308827,23.770579304906263,7996900
2005-04-25,24.161645889282227,24.352735006627192,24.06832377017646,24.152757826240055,6628300
2005-04-26,23.828351974487305,24.254970539083107,23.828351974487305,24.161646721538084,6133700
2005-04-27,23.108427047729492,23.859450316500023,23.046212323067618,23.832787831772993,9074600
2005-04-28,22.730703353881836,23.206203743446594,22.672931787374253,23.112879922095942,10209800
2005-04-29,23.108427047729492,23.108427047729492,22.50849740823385,22.908449936156245,14206500
2005-05-02,23.646146774291992,23.646146774291992,22.828463736866244,23.08621244317057,10505800
2005-05-03,23.401742935180664,23.64615882575285,23.281756582668795,23.570612804852033,11404200
2005-05-04,23.557275772094727,23.66393085423819,23.308416739135012,23.428403070837025,9993500
2005-05-05,23.6861515045166,23.881685550270564,23.463954958141727,23.64171287333167,6997500
2005-05-06,23.43727684020996,25.0326470479237,23.397281420704225,23.997211018066288,7384200
2005-05-09,23.7528076171875,23.801691121362595,23.472839535691428,23.503946911943785,12001100
2005-05-10,23.54393768310547,23.89945169493308,23.446170694143678,23.752802906714923,6518500
2005-05-11,23.7305850982666,23.779466900611606,23.441728991841263,23.543939170748402,6274300
2005-05-12,23.130659103393555,23.726145888836903,22.899574502078597,23.726145888836903,9557500
2005-05-13,22.788467407226562,23.33507047170387,22.650706692942272,23.33507047170387,9853700
2005-05-16,22.446285247802734,22.788467993600484,22.241864915058443,22.788467993600484,12789900
2005-05-17,23.078519821166992,23.105421993546784,22.334196167134813,22.558390059439247,8865200
2005-05-18,23.069543838500977,23.44170468087785,22.952962097180706,23.329607773703856,9875500
2005-05-19,23.387897491455078,23.419284487079526,23.091961739522436,23.18612272639578,7477000
2005-05-20,23.190616607666016,23.437229545410386,23.14577680323563,23.405842537540938,5688800
2005-05-23,23.571733474731445,23.6345074583452,23.208538941799727,23.316152706896712,8444800
2005-05-24,23.607608795166016,23.728671946937943,23.49551189055547,23.585188045873487,5486100
2005-05-25,23.908031463623047,24.024613220734548,23.544836819417164,23.715224620330662,6577000
2005-05-26,24.087379455566406,24.105313657407887,23.91699170960179,24.047024508113278,5208700
2005-05-27,24.472991943359375,24.51783001168867,24.105312599115976,24.105312599115976,5831800
2005-05-31,24.114294052124023,24.58510258541582,24.114294052124023,24.58510258541582,8462600
2005-06-01,24.549224853515625,24.661321770654965,24.12325622629349,24.28915918473001,6038300
2005-06-02,24.647876739501953,24.69719966882716,24.320553866346234,24.54474775566908,4949900
2005-06-03,24.688222885131836,24.76893279328173,24.459544241886125,24.558190065283334,6632700
2005-06-06,24.59406852722168,24.975199158416817,24.48197158459904,24.75548839827246,4945100
2005-06-07,24.56267547607422,24.88103201473799,24.540256435158984,24.719612183407218,6425200
2005-06-08,24.585084915161133,24.9662135667416,24.378825386442543,24.60301911336338,7384600
2005-06-09,25.114200592041016,25.351847295464566,24.540264740154537,24.683748703126156,7969000
2005-06-10,25.24422836303711,25.284583326366153,24.89896961243603,25.114195513369804,8527500
2005-06-13,25.114200592041016,25.289073275472454,25.006588475044182,25.244233468003973,5386800
2005-06-14,25.168001174926758,25.311485096930227,25.011064459291962,25.109710297093073,4848900
2005-06-15,25.486360549926758,25.5267155170669,25.16800564830095,25.21732857596819,7252100
2005-06-16,25.97060775756836,26.00199646172772,25.472898981611394,25.571543085887697,6498200
2005-06-17,26.441429138183594,26.59836418414551,26.22620319923709,26.342783274742555,14068500
2005-06-20,26.60732650756836,26.647681469473977,26.23516389105397,26.445906659945894,6126800
2005-06-21,26.356225967407227,26.670097669832096,26.253097011410787,26.495226757035386,9664900
2005-06-22,26.127540588378906,26.66112111309489,25.87644296532647,26.432444234063073,11979700
2005-06-23,25.706064224243164,26.611805751906836,25.670192392018052,25.93922429185396,17449600
2005-06-24,25.419097900390625,25.916808517210544,25.419097900390625,25.773324591158737,9201800
2005-06-27,25.670202255249023,25.91681520993159,25.49981440763804,25.49981440763804,6894200
2005-06-28,25.558082580566406,26.042341808377962,25.47737270926448,25.773308333884128,7079600
2005-06-29,25.45049285888672,25.683654739230033,25.244234864512812,25.5581066923005,8594300
2005-06-30,25.073841094970703,25.432552648119618,24.81826022515334,25.401165643788605,14126100
2005-07-01,25.544649124145508,25.66571401459921,25.15903540872929,25.26664750437919,5829100
2005-07-05,26.25758171081543,26.25758171081543,25.616387226882754,25.692612307263413,6061600
2005-07-06,25.62984848022461,26.450399036097096,25.56258962105138,26.365204253082492,6743100
2005-07-07,25.916799545288086,25.930252334641867,25.275605224386116,25.41908910076643,6722300
2005-07-08,25.71951675415039,26.12754946113691,25.49980604555925,26.010967710304644,5290100
2005-07-11,25.692617416381836,25.804714352500834,25.459455583998697,25.719521296817256,4582700
2005-07-12,25.786771774291992,26.006482464961795,25.558094836255556,25.773320692778984,5347900
2005-07-13,25.76883888244629,25.907837959733175,25.589483137637412,25.795741046843418,5567700
2005-07-14,25.477373123168945,26.019921492042148,25.24869629107324,25.768825630989962,10175400
2005-07-15,25.410127639770508,25.540160470497476,25.163514771109018,25.477386472343262,6201000
2005-07-18,25.27113151550293,25.49084053472819,25.19938955058767,25.324937561573535,6221600
2005-07-19,25.692617416381836,25.719521296817256,25.199391581643642,25.446004499012737,6033200
2005-07-20,25.827129364013672,25.966130158859286,25.4549684836628,25.580516485159976,8457100
2005-07-21,25.544649124145508,25.782294069963836,25.410131438888,25.750907066193996,6674700
2005-07-22,25.912330627441406,26.0199427384875,25.679168772889977,25.773329797671227,5841200
2005-07-25,26.17238998413086,26.41451975647268,25.85851824707258,25.93922817118652,8304400
2005-07-26,25.93924331665039,26.248632109888234,25.930277062481036,26.22621305353613,7062600
2005-07-27,26.154457092285156,26.176876136675634,25.80919833518877,25.93922947683892,5854900
2005-07-28,26.42796516418457,26.48625603251688,26.073740251612495,26.387610210794968,6822400
2005-07-29,26.010974884033203,26.755298545261574,25.95716882828976,26.53110465078961,8964200
2005-08-01,26.19928741455078,26.320352270927035,25.91231962630911,26.055803520429944,7251100
2005-08-02,26.705978393554688,26.768752412843725,26.18136377006365,26.25759058667444,15027600
2005-08-03,27.060199737548828,27.212651639329252,26.791167774625027,26.791167774625027,17656300
2005-08-04,27.087095260620117,27.35164401707262,27.001902231087712,27.06019138844321,9179400
2005-08-05,27.055709838867188,27.19471062083938,26.961548846464932,27.08261371260915,6788600
2005-08-08,27.468229293823242,27.880746860422388,27.23506919889804,27.23955232321982,10252000
2005-08-09,27.45028305053711,27.75070185181395,27.36957316442578,27.57583100206026,6873400
2005-08-10,28.015275955200195,28.091502788099877,27.522049946420065,27.723824844726156,15038200
2005-08-11,28.024232864379883,28.306717610582595,27.804522126119235,28.01526490460767,10127300
2005-08-12,27.925588607788086,28.091493307327617,27.80004058475366,28.064589426478726,6603000
2005-08-15,27.858320236206055,28.0018041219399,27.77761033667291,27.813480452874952,6899600
2005-08-16,27.324731826782227,27.817959070434227,27.324731826782227,27.67447521676227,8909100
2005-08-17,26.940776824951172,27.57770659693467,26.827846002094613,27.279569293520854,10441800
2005-08-18,26.868507385253906,26.972403559543444,26.516163687820868,26.74202538580369,8742400
2005-08-19,27.067258834838867,27.238914168325195,26.9904667023138,27.013052522280727,8901700
2005-08-22,27.256986618041992,27.51898526123668,27.0537107688121,27.284090639001914,6913300
2005-08-23,27.135019302368164,27.41057079929571,26.909157645632497,27.306674643979825,6602100
2005-08-24,27.026615142822266,27.279579174810273,26.949821259405745,27.22085464316096,8274900
2005-08-25,27.0311222076416,27.13050188457162,26.751054245515107,26.922707857973613,5930000
2005-08-26,26.823331832885742,27.071779319887064,26.818813634598072,26.981434309199013,6095500
2005-08-29,26.882047653198242,27.135013272879977,26.656186046649758,27.008531324632763,6902400
2005-08-30,27.34733772277832,27.37444002658725,26.900130754860935,26.918200106192344,9513500
2005-08-31,27.73581314086914,28.04750161810461,27.23439996904722,27.24343464242636,13775300
2005-09-01,28.32756996154785,28.512776460213967,27.87133015080032,28.45857014243524,10959400
2005-09-02,28.142356872558594,28.327563327853415,28.006840248252907,28.327563327853415,8629800
2005-09-06,28.160438537597656,28.345645073934083,27.857782945132886,28.241748892397855,7457700
2005-09-07,28.173986434936523,28.61667513594747,28.02491861714541,28.160435285097673,8905200
2005-09-08,28.03394889831543,28.309498666589658,27.8803629058541,27.93908569474545,6704400
2005-09-09,28.824474334716797,28.851576639224113,28.19657728368167,28.19657728368167,9141000
2005-09-12,28.59408187866211,28.865116867297814,28.52180622633008,28.82446170516183,10514100
2005-09-13,28.173986434936523,28.725089504222034,28.155918809547366,28.621193334685703,9950400
2005-09-14,28.255300521850586,28.5037480665266,28.16495549018981,28.250784045702215,8956600
2005-09-15,28.210126876831055,28.49019490434577,27.88036899925011,28.41340275292562,8014400
2005-09-16,28.630233764648438,28.66185426942119,28.38630267938297,28.422439660613996,11796800
2005-09-19,29.050331115722656,29.154229015431962,28.72960791126291,28.72960791126291,7488800
2005-09-20,28.928363800048828,29.258119916176724,28.779294267148217,29.050327588364812,6566400
2005-09-21,29.03226661682129,29.357508074666377,28.910302793317708,29.18133619272973,7294500
2005-09-22,28.806381225585938,29.35748221538297,28.368209283414405,29.325861737410467,7655400
2005-09-23,28.58053207397461,28.75670387710457,28.377256253752517,28.70701404069611,7777500
2005-09-26,29.018701553344727,29.18584040194418,28.50825550503424,28.50825550503424,6196600
2005-09-27,28.991607666015625,29.176812466086854,28.72509079369741,29.04581571418028,6161300
2005-09-28,29.352989196777344,29.36202214872528,28.987090884926662,29.226503744873003,6452700
2005-09-29,29.709842681884766,29.804707616499165,29.240053439095142,29.352984274575945,8786500
2005-09-30,29.240049362182617,29.67821804779919,29.235531164408187,29.673703296399875,6603800
2005-10-03,29.113569259643555,29.583361968999515,28.964503169647784,29.47494932726375,6762500
2005-10-04,28.386293411254883,29.118084704933082,28.323052422357566,29.118084704933082,9170500
2005-10-05,28.024906158447266,28.50373162055873,27.821630385292796,28.38628435339568,13492100
2005-10-06,27.1033992767334,27.988776572874972,26.656192430464703,27.871329267545054,18288700
2005-10-07,27.555133819580078,27.555133819580078,27.022099945542962,27.27054752878674,9934900
2005-10-10,27.252471923828125,27.550609281120078,27.013057364338646,27.532539932632584,7101400
2005-10-11,28.074607849121094,28.36371052726946,27.31119425874843,27.31119425874843,11535400
2005-10-12,27.53704833984375,28.295943522084023,27.44218687286057,28.015875595339075,8931400
2005-10-13,26.895620346069336,27.4647912559039,26.398723411488497,27.397033757907817,13801000
2005-10-14,26.868507385253906,26.985956433190257,26.109611942176585,26.705886686996195,13246300
2005-10-17,27.08081817626953,27.293127002514474,26.791715475962192,27.098887525835746,7443900
2005-10-18,25.87923240661621,26.859471297149145,25.87923240661621,26.696850607448884,10332700
2005-10-19,26.353532791137695,26.425808437595077,25.45460282283588,25.937946531617246,12145100
2005-10-20,25.18357276916504,26.326432112022825,24.853814982736953,26.254156456411017,20081500
2005-10-21,25.432024002075195,26.01926400647363,25.070645670382913,25.192611180426773,11869500
2005-10-24,26.123170852661133,26.16382431343222,25.323620050250145,25.4365509253389,8080400
2005-10-25,26.502601623535156,26.656187593830065,25.937947574390254,26.17736206299513,9632600
2005-10-26,26.04637336730957,26.86850988665104,25.974097686153886,26.470992778700694,13043500
2005-10-27,25.522371292114258,26.299336066940363,25.45913029382617,26.195439895011656,10388800
2005-10-28,25.919883728027344,25.969573567296255,24.75443677378887,25.68046920456693,13310800
2005-10-31,25.779848098754883,26.32643286770778,25.48171079539988,26.00119326971262,11141300
2005-11-01,26.037342071533203,26.195446329275782,25.666928942130472,25.779859816294437,7505800
2005-11-02,26.434856414794922,26.475511594090207,25.847616276342748,25.992167642017492,7410300
2005-11-03,26.868507385253906,26.913680758763274,26.41226751353133,26.556818862385295,8820100
2005-11-04,26.2044734954834,26.868507440334326,26.019266971685333,26.868507440334326,9375600
2005-11-07,25.928916931152344,26.204466684154674,25.69853709363495,26.204466684154674,8421300
2005-11-08,26.13671112060547,26.190917435578996,25.77533281546913,25.82050445741579,5248000
2005-11-09,25.64433479309082,26.312885144485772,25.639816594604437,26.13219511516267,10957900
2005-11-10,25.400405883789062,25.73919842456674,24.84478632369623,25.585612403820008,15663000
2005-11-11,25.581085205078125,25.73918763522588,25.319084922904985,25.32360311987335,11539000
2005-11-14,25.567533493041992,25.9334299205922,25.441051543206658,25.72563765352349,10453900
2005-11-15,25.608190536499023,26.24963845042071,25.567535374889992,25.7437088906541,10658800
2005-11-16,26.022563934326172,26.127291451962375,25.571778610001612,25.630973028483428,8745800
2005-11-17,26.163705825805664,26.446016472015668,25.990678737197015,26.227452830764175,10257100
2005-11-18,26.45968246459961,26.514322519674682,25.999790268204332,26.409595023707446,8080400
2005-11-21,26.796621322631836,26.860370055819256,26.509759839677624,26.527972026470085,8741400
2005-11-22,26.9195613861084,26.974203154739662,26.58716510999034,26.864921354452424,8163700
2005-11-23,26.732881546020508,26.99697830105113,26.500660034679655,26.86492992353582,6801400
2005-11-25,26.655475616455078,26.93778457020672,26.650921265682374,26.88769713356229,2346700
2005-11-28,26.03622055053711,26.609945524612975,26.004347037364905,26.5826263630232,6936500
2005-11-29,26.122737884521484,26.441474799105414,26.07265043176132,26.172825337281644,7474900
2005-11-30,26.09541130065918,26.500661685822063,26.045323862137753,26.16826528296963,7812000
2005-12-01,26.732881546020508,26.787523332080813,26.236563279649033,26.27299113702257,6640600
2005-12-02,26.94688606262207,27.074380066753164,26.564402313253257,26.80573074592298,7827100
2005-12-05,27.156347274780273,27.338483097355333,26.978765803106356,27.07894067922023,7668800
2005-12-06,27.31114387512207,27.538812632070712,26.933214641814207,27.179095579217915,7472700
2005-12-07,27.00152587890625,27.54793147877288,26.91501233924278,27.352136124345876,6742100
2005-12-08,27.14723014831543,27.311151979879256,26.974203092309423,27.006076588782914,9596200
2005-12-09,26.7829647064209,27.056166645211555,26.737431628947647,27.056166645211555,8588900
2005-12-12,27.1290340423584,27.224654588455014,26.823956733461557,26.937791213188856,6617000
2005-12-13,26.801177978515625,27.283834841072075,26.7419835896637,27.274729615379954,7918800
2005-12-14,26.992429733276367,27.047071531043187,26.81940258461008,26.84216913185815,8841000
2005-12-15,26.874025344848633,26.99241235651092,26.582609558933687,26.99241235651092,7054900
2005-12-16,26.18647575378418,26.95144338622738,26.159156597824246,26.892250723663633,10021200
2005-12-19,25.840415954589844,26.3503937214374,25.81309506571431,26.26843279178638,9568000
2005-12-20,25.895055770874023,26.09085113034566,25.835863117620228,26.031656740116297,8698800
2005-12-21,25.963359832763672,26.377717133648325,25.895058472528813,26.17281478991949,10767000
2005-12-22,26.004337310791016,26.154597854260434,25.926928995629066,25.977016422444056,7111600
2005-12-23,26.01344108581543,26.177362921858673,25.73113048508525,26.004334124149104,3979100
2005-12-27,25.44883155822754,25.96336380294265,25.243929183166124,25.95425683772036,9578200
2005-12-28,25.81766128540039,25.93604838433857,25.448836932403108,25.558118801172206,6665200
2005-12-29,25.712921142578125,26.086297927316412,25.699259830080024,25.83130818338334,4633700
2005-12-30,25.84952735900879,26.018001860249548,25.471596147684632,25.71292636511153,5904400
2006-01-03,26.90135383605957,26.91045906209191,25.981571415965952,26.068084959077883,13296000
2006-01-04,26.823951721191406,26.901360056169285,26.6053897693922,26.901360056169285,8838700
2006-01-05,26.49610710144043,26.846717431025485,26.34129217327269,26.71922339734944,8634800
2006-01-06,26.978757858276367,27.124465778637294,26.678235055410024,26.842156900059926,9609000
2006-01-09,26.8421630859375,27.129026380183547,26.660027275024746,27.08804590957697,6442300
2006-01-10,26.974210739135742,27.083490833174206,26.75109446359556,26.755647077107255,6969000
2006-01-11,27.247407913208008,27.320261875396714,26.705556677990476,26.965099026848705,6451300
2006-01-12,27.270179748535156,27.588916546398107,27.1426857241803,27.320267182953366,7535200
2006-01-13,27.48419761657715,27.602584713607285,27.206441202534638,27.270188234549046,5867900
2006-01-17,28.16718864440918,28.18540256814812,27.648103976676968,27.73006489652683,8751800
2006-01-18,27.73006248474121,28.230933185171917,27.529712814988756,28.22182622409451,8984000
2006-01-19,28.048816680908203,28.117118067360373,27.415897216093565,27.502412537196502,7877800
2006-01-20,27.83024024963379,28.426733272918515,27.661765783887535,28.23093791935847,11189300
2006-01-23,28.326566696166992,28.403975032431287,27.55704636952466,27.81658880016043,8962800
2006-01-24,28.253704071044922,28.558781234713027,28.139869645507293,28.253704071044922,8400100
2006-01-25,27.893983840942383,28.4813698298165,27.561587562898772,28.367535416638198,12446800
2006-01-26,27.420438766479492,28.003270507386397,27.370351338062378,28.003270507386397,14414400
2006-01-27,27.49329948425293,27.66632661420657,27.229202701203647,27.365803706895058,16687800
2006-01-30,27.661771774291992,27.70730486020006,27.233754861038136,27.70730486020006,12625000
2006-01-31,27.037954330444336,27.593465168327416,26.98786690327176,27.506951626741056,15266500
2006-02-01,26.728334426879883,27.229205409899166,26.68279959580237,27.0379643303022,11121300
2006-02-02,26.641815185546875,26.887698026158937,26.29575920529637,26.73288309728941,9142700
2006-02-03,26.181928634643555,26.72378009759692,26.12273422268146,26.46423763965507,11274800
2006-02-06,26.792078018188477,27.056173056671565,26.409594171059606,26.409594171059606,9908000
2006-02-07,26.291200637817383,26.65547046532422,26.22745189815008,26.65547046532422,9927100
2006-02-08,26.3594913482666,26.491539658932144,25.863173333157285,26.29119175573181,9877700
2006-02-09,25.908720016479492,26.851269069013462,25.831311691728594,26.464230919210504,11167100
2006-02-10,25.776668548583984,26.17736622762726,25.498912262098607,26.099957912175746,12130600
2006-02-13,25.781230926513672,26.222909237034877,25.658289487389947,25.785785278134664,8094000
2006-02-14,25.57468032836914,25.840891088140587,25.432394150164118,25.63434720071112,12426900
2006-02-15,25.68483543395996,25.873019472219724,25.473702464379002,25.634346734518598,11940500
2006-02-16,25.84089469909668,25.974000973028044,25.68483949021993,25.749097208423617,10606900
2006-02-17,26.24020767211914,26.341185071179222,25.840890663577085,26.06120355625171,10893000
2006-02-21,26.575267791748047,26.804760599100305,26.38708375975484,26.6165765671071,9605400
2006-02-22,26.27234649658203,26.575277037644984,26.12088035060467,26.575277037644984,7623200
2006-02-23,26.2264461517334,26.50642774660209,26.065801835444017,26.208086301045544,9232800
2006-02-24,26.460529327392578,26.60740462809577,26.34578288928748,26.419220539639074,8450000
2006-02-27,26.20807647705078,26.492648803366478,26.185127547739146,26.460519952151976,6204800
2006-02-28,25.923498153686523,26.088733196771038,25.80875179053234,26.019884678522306,8858000
2006-03-01,26.27234649658203,26.29529543512327,25.99236489406032,26.033673683791257,7391900
2006-03-02,26.166770935058594,26.432983450441007,25.93268902574931,26.272339174531822,10056900
2006-03-03,26.148418426513672,26.36414053583936,26.010721302439475,26.07956986447657,9471600
2006-03-06,25.634340286254883,26.097916636431027,25.6159821963506,26.047427949689983,9684300
2006-03-07,25.391082763671875,25.675653339950227,25.221258585187016,25.634344566708926,10783000
2006-03-08,25.299283981323242,25.53336760116367,24.854069171612974,25.391081444968684,14190200
2006-03-09,24.99176597595215,25.519598359203354,24.99176597595215,25.45993149254741,11726300
2006-03-10,24.821949005126953,25.060620042849063,24.675071961379466,24.854077866008453,11114000
2006-03-13,25.326826095581055,25.418623567743733,24.904558423989187,25.02848474877513,10585600
2006-03-14,25.86385154724121,25.91893110903187,25.25799037468029,25.336018878437702,10098600
2006-03-15,25.932689666748047,25.978587532173368,25.556321567408144,25.932689666748047,8740200
2006-03-16,26.5018367767334,26.634941307535495,25.831716281364784,25.937282788983087,11252700
2006-03-17,26.244810104370117,26.63953820139456,26.171372441032457,26.611998421058438,9385900
2006-03-20,26.047439575195312,26.359550004449595,26.001541703613267,26.16218600504199,6876200
2006-03-21,25.964815139770508,26.208076946434552,25.77204202903095,25.978584147425877,6231400
2006-03-22,25.928098678588867,26.27233789670088,25.817941358400894,25.895968074078507,6398400
2006-03-23,25.992361068725586,26.10251665786847,25.7949970747121,26.006130079645565,7381200
2006-03-24,26.42380714416504,26.529373647196397,26.001541132039605,26.024490067326155,9533000
2006-03-27,26.717559814453125,26.813946400754848,26.313653619219725,26.552324665997794,7296100
2006-03-28,26.556907653808594,27.020482349151063,26.538547809209188,26.80934938893137,8749800
2006-03-29,26.910335540771484,27.00213304275103,26.41463008061698,26.41463008061698,7322100
2006-03-30,26.85525894165039,27.213269063642866,26.804771973357987,26.96541630631544,6748300
2006-03-31,26.607393264770508,26.813935364437576,26.46510711196589,26.740497745449275,7363200
2006-04-03,26.7772159576416,27.17194379457778,26.726727269071972,26.78180504256118,6919400
2006-04-04,27.038848876953125,27.14900622088603,26.648711712686765,26.781816241704064,5795800
2006-04-05,27.309648513793945,27.314237600294778,26.901151530452935,27.038846887066885,6873800
2006-04-06,27.268352508544922,27.465716587495105,27.06180850140028,27.378509895986156,5212200
2006-04-07,26.919513702392578,27.396857529807328,26.800176432370186,27.392268442910282,6880500
2006-04-10,27.41062355041504,27.456521415011853,27.130642024057106,27.14441103325789,7380200
2006-04-11,27.29129409790039,27.78240874313652,27.208676517310032,27.493248961962067,7476800
2006-04-12,26.928678512573242,27.428972778872225,26.827702892923956,27.176531103412902,7136800
2006-04-13,26.979175567626953,27.057204037494042,26.62116732594259,26.804762283719395,5250200
2006-04-17,27.22702407836914,27.30046170008924,27.080148834928945,27.16276637822543,5121900
2006-04-18,27.938453674316406,27.979762449376054,27.470288140604126,27.470288140604126,9218000
2006-04-19,28.002717971801758,28.19549288442439,27.589631874853097,27.7640469384847,8220700
2006-04-20,27.552907943725586,27.96599572810026,27.2591574085664,27.860429238958133,8970100
2006-04-21,28.21843910217285,28.232208112144082,27.58962921737652,27.754864340596903,10951000
2006-04-24,27.993528366088867,28.3148168377649,27.89255098876734,28.259739064176273,11450400
2006-04-25,27.727310180664062,28.42955733902785,27.566665978061398,28.17711569884202,9434400
2006-04-26,27.640127182006836,28.360734793448305,27.539149739343806,27.73651378588046,11277400
2006-04-27,27.529953002929688,27.98893855166321,26.942452060835876,27.378488682310905,9758600
2006-04-28,28.00730323791504,28.177127430069447,27.722732638730935,27.768630501186326,8885500
2006-05-01,28.076148986816406,28.457107884406376,28.048610970724418,28.282692861962104,7225800
2006-05-02,28.824308395385742,28.893156966950063,28.177138476070375,28.2597560615908,8404900
2006-05-03,28.411209106445312,28.796757077306715,28.190894479474995,28.796757077306715,8684100
2006-05-04,28.457107543945312,28.663651416619917,28.021070868496956,28.27351260136986,9835300
2006-05-05,28.617753982543945,28.870197485511895,28.447929785821998,28.67742260605376,8666800
2006-05-08,28.461706161499023,28.617761389684073,28.126646767344127,28.45711707429875,6501300
2006-05-09,28.851835250854492,28.99871050357079,28.406618656181955,28.43874750828295,15199900
2006-05-10,28.861024856567383,28.897742806620638,28.51219470115706,28.828895993686395,10326500
2006-05-11,28.782989501953125,29.21443713068552,28.686602936301064,29.00330240239696,12982200
2006-05-12,28.172544479370117,28.82889421058583,28.07615614579717,28.801354436580475,12274500
2006-05-15,27.796175003051758,28.273518806912513,27.520782528744746,27.727326446752127,12016800
2006-05-16,28.00730323791504,28.37449139023182,27.74568156995863,27.906325839443717,9440100
2006-05-17,27.285131454467773,28.206364210774165,26.97959730081736,27.78509739640859,11008500
2006-05-18,27.17401885986328,27.61380315821886,27.17401885986328,27.28512118340052,8819400
2006-05-19,27.067548751831055,27.451780174828237,26.586100575068954,27.17865109050549,11406800
2006-05-22,26.951824188232422,27.197176878374716,26.396307030720102,26.84997887567206,10186800
2006-05-23,26.896265029907227,27.59066087507805,26.826826504954116,27.29901589158307,8480700
2006-05-24,26.66480827331543,27.086075150100022,26.215766684045594,26.775912421077972,13293100
2006-05-25,27.539751052856445,27.655483740181385,26.863870816763896,27.058302649758936,11080200
2006-05-26,27.697141647338867,27.743434005979783,27.410123372756292,27.590666043772252,5325600
2006-05-30,27.05829620361328,27.812873639670958,27.039778554227023,27.775838340898442,7821700
2006-05-31,27.678611755371094,27.697129397013295,27.06754370869442,27.06754370869442,12303800
2006-06-01,27.766576766967773,27.86842206256799,27.34068146889426,27.623067647343838,11501600
2006-06-02,28.123035430908203,28.169327786969838,27.69714010413257,27.965638947982384,11399900
2006-06-05,27.47492790222168,28.37301431465878,27.461040550586855,28.359125197084023,8690000
2006-06-06,27.280513763427734,27.64622954040986,27.081453366637007,27.479574160218462,10554600
2006-06-07,26.465755462646484,27.641600228402666,26.46112693122774,27.178669385123005,13807800
2006-06-08,26.78516960144043,26.849979614511195,25.65098907488075,26.280575086323203,15265800
2006-06-09,26.632402420043945,26.998118094317498,26.535187397548075,26.831462760930034,12866100
2006-06-12,26.660173416137695,27.03977636816532,26.525923117851313,26.794423714424077,10809600
2006-06-13,26.285205841064453,26.92405073215529,26.243542005429386,26.660180361780053,14723900
2006-06-14,26.771282196044922,26.780539255660248,26.340756520375674,26.4564891909117,9987700
2006-06-15,27.511964797973633,27.65547391501066,26.951819214149822,26.98885274264774,11799900
2006-06-16,27.178665161132812,27.45642468349704,26.89627710806918,27.35920787940215,12494500
2006-06-19,26.62314224243164,27.183289699196454,26.437971032690037,27.183289699196454,8140200
2006-06-20,26.62314224243164,27.025893199648884,26.58610870685947,26.738874910747782,7998400
2006-06-21,26.97959327697754,27.400860028513776,26.613879465776186,26.62776681788991,7878200
2006-06-22,27.155515670776367,27.29902482816239,26.836094113170677,27.05367034837722,6290400
2006-06-23,27.178665161132812,27.442535559517342,27.155518975754312,27.20181134651131,6558900
2006-06-26,27.62769889831543,27.70639625422812,27.09069946228134,27.183285937309314,5870000
2006-06-27,27.8221378326416,28.41931893392715,27.757327809111203,27.7758454632458,7787700
2006-06-28,28.405418395996094,28.460969566683083,27.93785755872263,27.93785755872263,8304000
2006-06-29,28.91002082824707,29.155373519379637,28.47949516188289,28.507271637949742,9986800
2006-06-30,28.72947883605957,29.025754190766683,28.678556178355457,28.910021519962942,8103100
2006-07-03,29.04889488220215,29.164627531135224,28.822058113279684,28.826688408163452,3133300
2006-07-05,29.5720157623291,29.641454312817647,28.956317038875145,29.053532069123474,9895500
2006-07-06,29.618305206298828,29.90532173839523,29.479426353087046,29.572012843875044,8434200
2006-07-07,29.47942543029785,30.09049377805387,29.31740040094602,29.697003411947776,8958300
2006-07-10,29.752561569213867,29.85903720941496,29.34518372837681,29.44239877453514,6305000
2006-07-11,30.229372024536133,30.340474388547243,29.868283160709193,29.872913456008128,8775700
2006-07-12,30.030311584472656,30.50249927846831,29.859025977928507,30.345104557763246,9700200
2006-07-13,30.06271743774414,30.465464841454565,30.039569492571577,30.11826685514941,10201800
2006-07-14,30.729341506958008,30.919144807249854,30.294189009394604,30.312706662975362,14930500
2006-07-17,30.030311584472656,30.710816651608653,29.872913331887133,30.419171622836082,10740900
2006-07-18,30.3450984954834,30.58582082372969,29.993270294003658,30.275658207682433,8677300
2006-07-19,30.548795700073242,30.710820737615077,30.118270010672987,30.34510859511248,9964200
2006-07-20,30.238636016845703,30.664531453111394,30.183083056161852,30.576577013546896,8366600
2006-07-21,29.835880279541016,30.45157891851512,29.81736616078935,30.45157891851512,10087800
2006-07-24,30.67839813232422,30.849683663404512,29.92845309392049,29.92845309392049,8368400
2006-07-25,30.993206024169922,31.090424570040454,30.460838594970003,30.747853341450526,8346300
2006-07-26,31.247821807861328,31.48391745044738,30.90062378777398,30.99783880957273,8369300
2006-07-27,31.354305267333984,31.696873077282717,31.26634728336645,31.68298571810506,9268500
2006-07-28,30.576570510864258,30.761739943334774,30.058086917057434,30.692303172098597,15358000
2006-07-31,30.451581954956055,30.641385243953458,30.206229240403175,30.414546649998353,9143300
2006-08-01,30.669164657592773,30.76174940229701,30.210864167108053,30.42381190543309,7228700
2006-08-02,30.539541244506836,31.053394644446158,30.451583274391442,30.784893969690593,10020300
2006-08-03,30.321956634521484,30.618231958781642,30.321956634521484,30.43305899814893,10382000
2006-08-04,30.39603614807129,30.571948569741256,30.071982488934204,30.539543557015694,7626500
2006-08-07,30.937658309936523,31.03024303353699,30.465467036684036,30.516389694228536,9229100
2006-08-08,31.10893440246582,31.2154099927654,30.88209940107296,30.9422791066196,8544700
2006-08-09,31.238563537597656,31.590388308032853,31.16449293421292,31.252450892762102,10704900
2006-08-10,31.178369522094727,31.335767733990277,30.94690426427386,31.150594821357675,8830800
2006-08-11,31.409839630126953,31.474649629774195,31.067271984580096,31.178374336563923,5109000
2006-08-14,31.03950309753418,31.29874314471456,30.7478545125755,31.247820488035448,6260600
2006-08-15,30.95153045654297,31.363538278312916,30.784875210447364,31.363538278312916,7278400
2006-08-16,30.517635345458984,31.259462676504825,30.30301500660715,31.259462676504825,9467500
2006-08-17,30.862903594970703,30.872233216330425,30.242378767364816,30.242378767364816,11987700
2006-08-18,31.380773544311523,31.40409936913467,30.867559123866414,30.95620295349725,9074300
2006-08-21,31.208154678344727,31.51608555834666,31.133507033219182,31.45543056464396,7934000
2006-08-22,31.04952049255371,31.156827130088647,30.89088849156703,31.0728463200521,6892000
2006-08-23,30.643611907958984,31.09150836410833,30.522305505387926,30.99819793724728,7566200
2006-08-24,31.133499145507812,31.133499145507812,30.615618112757904,30.6436105276424,5336500
2006-08-25,31.15216827392578,31.488091597461022,31.124175850153037,31.166168045377738,4349400
2006-08-28,30.867565155029297,31.026193609252324,30.727595940484868,30.93754620273652,5449300
2006-08-29,30.671611785888672,30.792918217971135,30.38701028729067,30.778922006493445,7134000
2006-08-30,30.415006637573242,30.736930184149116,29.929784462941825,30.676278747157262,9205200
2006-08-31,30.046419143676758,30.415001411835313,30.023089755229858,30.415001411835313,6609700
2006-09-01,30.247047424316406,30.279706440655065,29.995104915604244,30.195725604417678,6277300
2006-09-05,30.95153045654297,31.329445766008515,30.489637922266873,30.66693266681434,13338500
2006-09-06,30.429000854492188,30.970207840233286,30.373012452009192,30.834905203906686,11065400
2006-09-07,30.512983322143555,31.002868521889617,30.32169227302927,30.33102545372852,7998200
2006-09-08,29.962440490722656,30.54097305839007,29.91578527002717,30.51298063788581,6574500
2006-09-11,28.92667579650879,29.710495541119364,28.637409536882785,29.687167932723828,18665200
2006-09-12,28.642074584960938,29.075974867901365,28.44145394748171,28.926676037188795,11857200
2006-09-13,29.108652114868164,29.20662920020485,28.684082965292294,28.74473620945558,9513200
2006-09-14,28.950014114379883,29.29060230633928,28.693406767537386,29.14130342163881,8014800
2006-09-15,28.828693389892578,28.968660793910644,28.572086185895774,28.954664587443467,10521900
2006-09-18,29.323238372802734,29.486535123721087,28.796027877543438,28.92666385445276,8206300
2006-09-19,28.875354766845703,29.463220481007003,28.702728324336583,29.397900684047148,7752300
2006-09-20,28.404123306274414,29.015314691497682,28.394791909123718,28.880013882267676,9623200
2006-09-21,28.950014114379883,29.108644401847023,28.497452648786677,28.497452648786677,9061000
2006-09-22,28.898681640625,29.127296474711837,28.5860877721485,29.066643268969216,7444100
2006-09-25,29.01066017150879,29.313924457222623,28.32948395596566,28.674736874075947,10800900
2006-09-26,29.66851234436035,29.71983416317261,28.945345629654682,29.01066366094924,10870500
2006-09-27,29.953105926513672,30.209714967827008,29.52387222064864,29.7851460719029,12291600
2006-09-28,30.10707664489746,30.289034520888865,29.897126344773728,29.911122556839892,9956300
2006-09-29,30.261035919189453,30.39167195122612,29.86446123348818,30.046419072334235,6797400
2006-10-02,30.097742080688477,30.489650192444,30.074412691365627,30.279699926798546,7955600
2006-10-03,29.36524200439453,29.86446209794751,29.355910604724315,29.859795508221147,12808700
2006-10-04,29.71982192993164,29.827130334285794,29.029314515099166,29.509869930203017,11281000
2006-10-05,29.80381202697754,30.07908211698376,29.589193371537846,29.920450085675743,9577800
2006-10-06,29.7011775970459,29.80382125622486,29.299936143655323,29.635859552035015,8886400
2006-10-09,29.505212783813477,29.948444502842,29.458555782988967,29.86912671154904,7807100
2006-10-10,29.81313133239746,29.822460949482124,29.393227372308832,29.435217768317695,10930900
2006-10-11,29.43990135192871,29.78049132553253,29.393246117623505,29.687179077139007,9417600
2006-10-12,29.869115829467773,29.93443738660637,29.53786103310264,29.62184182420781,8136600
2006-10-13,29.953105926513672,30.195718758221737,29.831801290442144,30.02775712382846,7704500
2006-10-16,30.349679946899414,30.419660985158046,29.943772127176803,30.051082318447556,7813300
2006-10-17,30.293699264526367,30.410339104054103,30.19105563621149,30.377680091368955,6809000
2006-10-18,30.13973045349121,30.522308942000738,29.981101998053976,30.298362468493465,8085200
2006-10-19,30.624954223632812,30.624954223632812,30.02775884906286,30.233046093908236,7052200
2006-10-20,30.45700454711914,30.736939543998556,30.28904283707817,30.713613704005795,9599500
2006-10-23,30.624954223632812,30.624954223632812,30.10707308109304,30.298364115528997,6606100
2006-10-24,31.208154678344727,31.273472702666584,30.540974664572555,30.624955490067144,9061900
2006-10-25,31.530092239379883,31.847352845536694,30.98888150434969,31.100858348569652,11946400
2006-10-26,31.49275779724121,31.959317172015155,31.390114165260457,31.8566735400344,8884500
2006-10-27,31.57672691345215,31.949975698638,31.455420524332116,31.749355099524344,8888200
2006-10-30,30.97487449645996,31.576736476067207,30.802246258109488,31.357453015330616,8869400
2006-10-31,31.352771759033203,31.42275633965767,30.68092903990379,30.83955743372652,10721500
2006-11-01,31.250141143798828,31.52074281229798,31.03085771966311,31.352781192090394,7874500
2006-11-02,31.628053665161133,31.674708880727177,31.04018798224761,31.236142023363858,9013600
2006-11-03,32.150596618652344,32.346550631026865,31.72602603227662,31.72602603227662,8608400
2006-11-06,32.55182647705078,32.63114422843269,32.080604354202,32.21590691883772,10218800
2006-11-07,32.150596618652344,32.62181885418666,32.024623639579964,32.58915985212424,9893000
2006-11-08,32.430538177490234,32.55650762320538,32.00596750278569,32.00596750278569,9312600
2006-11-09,32.75246810913086,32.845782123881555,32.44454075936782,32.59383962340323,11484500
2006-11-10,32.444541931152344,32.84111671936003,32.25791745447643,32.79912808088,8790400
2006-11-13,32.822444915771484,33.046394938288316,32.22058301229516,32.44453303481199,8858100
2006-11-14,32.83645248413086,32.97175515043788,32.612505943707305,32.87377809405681,8066700
2006-11-15,32.87875747680664,33.1983795796435,32.70014649636261,32.831754964696295,8780000
2006-11-16,32.220703125,33.11846260567525,32.19249875939741,33.04795707075949,9311100
2006-11-17,32.47922134399414,32.563827275729146,31.89638247318673,32.01389051248198,10323100
2006-11-20,32.54501724243164,32.85994143267211,32.3053034854905,32.35700371039282,7456100
2006-11-21,33.005645751953125,33.05264823208985,32.643719124175696,32.704825575806865,7708400
2006-11-22,32.71425247192383,33.13728232520273,32.44163283469271,33.00567383441872,7388400
2006-11-24,32.35700988769531,32.80824388515787,32.310007392227284,32.41811635925823,2883700
2006-11-27,32.314701080322266,32.747129674124615,32.15019059203438,32.56851879913487,9568100
2006-11-28,32.84585189819336,32.93515917203444,32.36171926096075,32.38052098103579,7682000
2006-11-29,33.395782470703125,33.84231153570847,32.85994615827257,32.996252312891606,10238300
2006-11-30,33.99272537231445,34.29354566521505,33.442788610548746,33.48979110892807,11974600
2006-12-01,34.364051818847656,34.4345573607048,33.76241122231357,33.99742730446349,10402900
2006-12-04,34.54735565185547,34.56615736417007,34.171328577683404,34.36404343936307,7489600
2006-12-05,34.75887680053711,34.86228444951565,34.20894003394485,34.62257062985899,8262900
2006-12-06,34.575565338134766,34.97509555218225,34.54736455542492,34.71187509800048,10276400
2006-12-07,34.46276092529297,34.78238296626324,34.335853808553225,34.62257373880866,7181300
2006-12-08,34.23243713378906,34.78237380491503,34.20423277056146,34.603762906087674,7637300
2006-12-11,34.641361236572266,34.801174001026844,34.152531052035926,34.23243564123321,7986000
2006-12-12,34.71186828613281,35.050291956482106,34.48625489660673,34.998588140953174,9241400
2006-12-13,34.970401763916016,35.12081194755614,34.721285233455326,35.03150466831113,7637100
2006-12-14,35.70835494995117,35.81646037240704,34.99390383484857,35.12081456598083,9234800
2006-12-15,35.43100357055664,35.77412843774228,35.24299367813261,35.71772331837977,9534400
2006-12-18,34.46746063232422,35.4545274934634,34.429857197256204,35.29941601335356,9217200
2006-12-19,35.0126953125,35.1537063978168,34.07733229901041,34.302949318305124,9201300
2006-12-20,34.617855072021484,35.210096354285916,34.537950498319745,34.99857981759039,8691800
2006-12-21,34.42045211791992,34.85758211254695,34.096128822727515,34.62256606352297,7539900
2006-12-22,34.18544006347656,34.55206456902454,34.15253795621099,34.45335824722783,4486600
2006-12-26,34.354644775390625,34.50035716621674,34.091427944572416,34.14313176292033,4007500
2006-12-27,34.80119323730469,34.848195751868325,34.43456860322153,34.44396767170946,5114800
2006-12-28,34.91399002075195,35.022099000836604,34.787082909058725,34.904590954947665,4057500
2006-12-29,34.56146240234375,34.82938057654562,34.5473620120269,34.73067425826709,5410000
2007-01-03,33.358177185058594,34.41574936168816,33.16076457274218,34.204232774726144,12719600
2007-01-04,33.03386688232422,33.34878763799817,32.714244799921254,33.325288176476256,10825300
2007-01-05,33.160762786865234,33.42868091374022,32.958648860551826,33.03385212431078,9618000
2007-01-08,33.58379364013672,33.63549746037638,32.902248498520144,33.400481399672664,9435100
2007-01-09,33.19835662841797,33.532078895567466,32.83173226693146,33.36287068616235,10500000
2007-01-10,32.62492752075195,33.04795351257957,32.39931055052516,32.78473670236504,11936700
2007-01-11,32.2864990234375,33.43807598173389,32.18779273438863,32.58261789058412,12407200
2007-01-12,33.06676483154297,33.19367553480705,32.479224576589964,32.479224576589964,9345000
2007-01-16,32.74713897705078,33.23127151700055,32.54032726990548,32.93985387954923,8281700
2007-01-17,33.28767776489258,33.31118080755493,32.667235450851216,32.765941775123615,10545100
2007-01-18,33.334678649902344,33.76710735988671,32.91164900489127,33.29237747843156,10648300
2007-01-19,33.99272537231445,34.02562747978606,33.27827807319072,33.52739454205584,9983800
2007-01-22,33.4756965637207,34.12433976117068,33.34878585126788,34.08203858106066,11969100
2007-01-23,34.10551834106445,34.42984154548238,33.65428808355999,33.65898940732151,9268800
2007-01-24,34.23714828491211,34.42986323387887,33.70131179245749,34.07263771022193,7061700
2007-01-25,33.61669158935547,34.20893299321039,33.50388489826027,34.07732458925597,8441500
2007-01-26,33.6072998046875,34.016229079306854,33.48039269797712,33.90812010346697,7266600
2007-01-29,33.621395111083984,33.98332183166887,33.48508537349256,33.61199604707022,6323100
2007-01-30,34.34524154663086,34.34524154663086,33.77180187525775,33.81880436276737,6398000
2007-01-31,34.25593185424805,34.519152220338995,33.978614687580766,34.30763566261986,9757800
2007-02-01,35.0032958984375,35.2336106551715,34.359350541458625,34.42985608341499,10956200
2007-02-02,34.80119323730469,35.07381284226058,34.45337032625938,34.68838648513956,7377300
2007-02-05,34.67897033691406,34.918687729794556,34.52856019719819,34.80588102152281,8431500
2007-02-06,34.48625183105469,34.866976633324164,34.28413791178796,34.85287624598972,8374800
2007-02-07,34.14312744140625,34.82467247182289,34.09612495414647,34.72126843427534,9573100
2007-02-08,34.664878845214844,34.744783467999895,33.88462357972828,34.058536805255905,10159500
2007-02-09,34.46276092529297,34.78238296626324,34.34055154861169,34.749480855548406,6502300
2007-02-12,33.99272537231445,34.39225198762986,33.79061140182867,34.35934988015826,12468000
2007-02-13,34.23243713378906,34.29354001300523,34.06322529866412,34.18543464315662,7909300
2007-02-14,34.17561721801758,34.57801674018187,33.98151654284987,34.38865119685535,7907900
2007-02-15,33.78269958496094,34.11408672636498,33.688018576516626,34.11408672636498,10225000
2007-02-16,33.5223274230957,33.82057951585018,33.47972204518769,33.617012060418396,9619000
2007-02-20,33.1956787109375,33.44658670445702,33.14833458156781,33.44658670445702,9347500
2007-02-21,33.11046600341797,33.32350014891857,32.76013821004567,33.19568038398824,13256400
2007-02-22,33.4560432434082,33.59333323098279,33.06311020433426,33.14832455483405,8403100
2007-02-23,33.64541244506836,33.744828595912715,33.408706292053424,33.702223222057675,7862500
2007-02-26,33.806373596191406,34.09515177218567,33.67381512012214,33.81110511859272,7451800
2007-02-27,32.46660614013672,33.716413928201035,32.20149287986533,33.47497272018804,13910000
2007-02-28,32.43819808959961,33.0204966082485,32.36245402572013,32.471336794768376,14002600
2007-03-01,32.0026741027832,32.43821259746505,30.767067581680653,31.870119222823472,14150400
2007-03-02,31.619197845458984,32.07367307479445,31.396693557671732,31.99319387635806,10827100
2007-03-05,31.448780059814453,31.874851863379657,31.249947755433794,31.339893638739728,11700900
2007-03-06,32.03581237792969,32.054749305068064,31.60974054694006,31.85118185314244,11528000
2007-03-07,32.34825134277344,33.048899264590204,31.988457116737656,32.097343494615494,12789500
2007-03-08,32.4098014831543,32.693848104488104,32.18729715269071,32.64177246919456,10777500
2007-03-09,32.4145393371582,32.684384191848544,32.19203498802162,32.58496804663095,7668900
2007-03-12,32.584964752197266,32.760124966221845,32.22043531140535,32.41453605995535,9416400
2007-03-13,32.11628723144531,32.94949385270753,31.993202639598465,32.5849679875704,9446000
2007-03-14,32.34353256225586,32.495024374253674,31.756502242245542,32.33406590419024,11393700
2007-03-15,32.60388946533203,32.802721661205794,32.10207023194216,32.28670064408884,9996200
2007-03-16,32.229923248291016,32.90216811854519,32.07843139567246,32.77907985958928,12720300
2007-03-19,32.8453369140625,33.020500727145766,32.43820213586236,32.46660932372759,13988200
2007-03-20,33.162532806396484,33.20513817938338,32.75539794255883,32.85007895709584,8243100
2007-03-21,33.773223876953125,33.84423642777242,33.16252533071294,33.31874860829735,10162300
2007-03-22,34.52595138549805,34.77685926993252,33.749555677801474,33.87264385931875,13192000
2007-03-23,34.89047622680664,35.07510668808813,34.65377013676902,34.74371960677477,10883900
2007-03-26,35.22188186645508,35.292894445970376,34.80054513634076,35.09879363608522,10111300
2007-03-27,35.11298370361328,35.20766831529697,34.852609148142555,35.03723962611496,8548500
2007-03-28,35.070396423339844,35.354443181178944,34.91890457836896,35.25502699652778,10237200
2007-03-29,35.482242584228516,35.49644798403667,35.183994201528634,35.20293112275777,10247800
2007-03-30,35.013572692871094,35.415972418815876,34.73899269658909,35.415972418815876,8510300
2007-04-02,35.425437927246094,35.52958919541702,35.056176966893666,35.056176966893666,8192300
2007-04-03,35.666866302490234,35.785219328891145,35.255000082197625,35.32127748803432,9357500
2007-04-04,35.76629638671875,35.860977390535105,35.340224645847584,35.56272897784968,6622200
2007-04-05,35.79469299316406,35.93198295024967,35.657403036078456,35.77102094089659,6305100
2007-04-09,35.7379035949707,36.168710643160374,35.56747482995613,35.65742434811666,6408600
2007-04-10,36.4716796875,36.55689403583862,35.81363695771518,35.879914382884245,8825600
2007-04-11,36.24443817138672,36.67524502246866,36.197097672064714,36.471677624720336,10747700
2007-04-12,36.533226013183594,36.561633206999254,36.11662449299544,36.33439371571988,8049600
2007-04-13,36.45746994018555,36.68944087764288,36.287041280709296,36.68944087764288,7265500
2007-04-16,36.86459732055664,36.91193780278496,36.30123583005192,36.57108055178538,8308200
2007-04-17,36.90720748901367,37.195989163706564,36.70837527059004,36.92614440674656,8811700
2007-04-18,36.817264556884766,36.98296171344762,36.594763860752984,36.71311690867023,7045400
2007-04-19,36.36278533935547,36.75571828263398,36.324915113137294,36.67523908562937,8013400
2007-04-20,37.139183044433594,37.22439737894004,36.481140421463664,36.59002680905176,15622000
2007-04-23,36.717857360839844,37.3427614613627,36.642113269910936,36.95456351424773,12242700
2007-04-24,36.50008773803711,36.8362100388161,36.410141856773215,36.504822872371804,9003600
2007-04-25,37.07764434814453,37.36642608679233,36.71311853363833,36.727320322121244,10924600
2007-04-26,37.01136779785156,37.10604879786365,36.59476634121029,37.00663266429637,10424500
2007-04-27,36.964027404785156,37.16285967249496,36.613699757659916,37.1249858276411,8119700
2007-04-30,36.826751708984375,37.43271901427027,36.81254991461831,36.968773264495105,11191300
2007-05-01,37.09184265136719,37.224397480550564,36.651569190523446,36.9119473277395,9242100
2007-05-02,37.2291374206543,37.390099456766585,36.96402772805603,37.153393342132794,6413800
2007-05-03,37.6646842956543,37.8067094411914,37.129729656250255,37.2338809480642,7087700
2007-05-04,37.54158401489258,38.03866459303803,37.304877945723895,37.77829008406127,7749200
2007-05-07,37.674137115478516,37.7309442579024,37.167586295061255,37.22439343748514,7298200
2007-05-08,37.89665603637695,37.962933469388155,37.33802937824737,37.59840397597732,7018200
2007-05-09,37.7546272277832,37.858778501479804,37.34749240070497,37.83510644405826,7409000
2007-05-10,37.01611328125,37.7214966805592,36.99717635358302,37.64574896989128,7882900
2007-05-11,37.89192199707031,37.93452737158764,37.16286660102947,37.16286660102947,8427500
2007-05-14,38.28485870361328,38.31799742420959,37.79250941771845,37.87298865175952,12527500
2007-05-15,38.218563079833984,38.52154655595486,38.16175232361834,38.3179791943254,9846800
2007-05-16,38.49512481689453,38.590490940583905,37.96106506547453,38.21855796501715,9402800
2007-05-17,38.84321975708008,39.10071269185291,38.242402909276805,38.50466524228198,7783600
2007-05-18,39.506038665771484,39.53941718962483,39.00536080797136,39.038739331824694,11114500
2007-05-21,39.496498107910156,39.84458786082767,39.37728859072196,39.63001218508322,11359500
2007-05-22,39.18656539916992,39.687246989632804,39.119808338839796,39.49651097240947,9214900
2007-05-23,38.81462478637695,39.534651386447464,38.70495041498095,39.18655794835134,14228400
2007-05-24,38.13273239135742,39.04349100674199,38.02782745767246,38.94335547131133,13263200
2007-05-25,38.685874938964844,38.685874938964844,38.28056326903533,38.33778515247881,6839500
2007-05-29,38.48560333251953,38.623886820657994,38.14704871176098,38.614351659193915,7964700
2007-05-30,39.21993637084961,39.2390103326947,38.22334642085108,38.41407876332944,10776900
2007-05-31,38.85753631591797,39.27238677863089,38.633421823578324,39.17225121273178,11512700
2007-06-01,39.21039581298828,39.34867565085987,38.967207380412596,38.98628133963282,7346300
2007-06-04,39.639549255371094,39.69677113605295,39.1007235213975,39.196089684548,7958100
2007-06-05,39.448822021484375,39.59664068484521,39.18179018181739,39.43928322114641,7402100
2007-06-06,39.00057601928711,39.44880485244537,38.800304955189304,39.44880485244537,7520900
2007-06-07,38.24241638183594,39.12933559029225,38.1947332966688,38.93383384971113,10980300
2007-06-08,38.476078033447266,38.499917762211204,37.72744215610409,38.151827890764345,8551500
2007-06-11,38.79555130004883,38.99582244541521,38.27579583651841,38.46176605777153,6784500
2007-06-12,38.41407775878906,39.010125408412705,38.38546863576269,38.79078030990954,7413800
2007-06-13,38.695411682128906,38.88614764548472,38.49037115816895,38.5332848399814,9948700
2007-06-14,39.25807571411133,39.362980662337655,38.814616202599865,38.81938560151527,8437000
2007-06-15,39.658626556396484,39.86366709862978,39.46312481407333,39.51080789966535,9432300
2007-06-18,39.763526916503906,40.05439843426781,39.7063050376372,39.7063050376372,5996000
2007-06-19,39.7158317565918,39.93517676855345,39.55370496810771,39.57277892192847,7033200
2007-06-20,38.609588623046875,39.9113548376188,38.50945304023262,39.86367174646725,11012500
2007-06-21,39.506038665771484,39.58710027541728,38.79555086490106,38.85753851263262,10058700
2007-06-22,38.886138916015625,39.54894342044637,38.86229556170398,39.50602611028242,13441500
2007-06-25,39.553714752197266,39.8922729687813,38.86230103559262,38.89091015440822,12688600
2007-06-26,39.43451690673828,39.94950302569411,39.2771630687129,39.81121951386412,13487200
2007-06-27,40.00193405151367,40.0543865153702,38.919513540442544,39.219920129633316,10245400
2007-06-28,40.14022445678711,40.47877901263799,39.978097639092326,40.47877901263799,8594200
2007-06-29,40.168846130371094,40.62184457137236,39.82552206838721,40.431108577160586,10730000
2007-07-02,40.60275650024414,40.66474413068037,40.24989739824866,40.38817721706907,8212100
2007-07-03,41.16542053222656,41.33708248291181,39.86365134586086,39.86365134586086,4605600
2007-07-05,41.27988052368164,41.551678136986766,40.77443322405828,41.384785503902314,8746800
2007-07-06,41.80915832519531,41.94267239058924,41.27986782453695,41.27986782453695,11725300
2007-07-09,42.67700958251953,42.82006246648214,41.6994900307423,41.74717675072048,10646500
2007-07-10,42.438594818115234,43.01556853582563,41.871156262571326,42.438594818115234,13871900
2007-07-11,43.273048400878906,43.33027027042252,42.30029844654885,42.66746574297955,12243200
2007-07-12,44.48899459838867,44.52237311867871,43.27305603156361,43.34935187107562,12604300
2007-07-13,44.503292083740234,45.29961068262357,44.28871279771558,44.57481851241512,9575600
2007-07-16,43.92631149291992,44.84660884484035,43.55914424894963,44.58434652771871,10496400
2007-07-17,43.439937591552734,44.38407835661206,43.24920167923939,44.38407835661206,9741600
2007-07-18,44.384090423583984,44.55098302798791,43.201530356119434,43.43518000228493,11378500
2007-07-19,44.34595489501953,44.69404839974845,44.098000618901416,44.56530004181281,8423900
2007-07-20,43.92631149291992,44.49374615671584,43.57344880479541,44.34592756232984,10331400
2007-07-23,44.140892028808594,44.42222833109184,43.463782964714845,43.950156107631244,9655600
2007-07-24,42.843902587890625,43.940631673865454,42.710388501873375,43.69744322405632,10963400
2007-07-25,43.416107177734375,43.72128324762276,42.17632530107887,42.848668717479846,14151400
2007-07-26,41.704261779785156,43.13000674819302,41.136823249548534,42.56257185594256,17050200
2007-07-27,40.62660598754883,42.40998315896291,40.34050384583095,42.10957281787095,17074500
2007-07-30,41.213104248046875,41.48490173458163,40.0019354160193,40.93653736336663,12117700
2007-07-31,40.65522003173828,41.69949306387403,40.6075369462777,41.13205816231654,11880000
2007-08-01,40.6123046875,42.677014766645506,39.36299105281005,40.421568698375815,21528500
2007-08-02,40.00193405151367,41.00806238478377,39.38204328120095,40.297574880706385,15781800
2007-08-03,38.6334114074707,40.5312281621285,38.423605170814234,39.9161067334627,15550400
2007-08-06,39.110252380371094,39.138865135094385,37.37933169600367,38.71447959288321,17120400
2007-08-07,39.66337585449219,40.0019303199943,38.394985320259345,38.781226485171544,15323400
2007-08-08,40.21174240112305,40.831629510238,39.56801194097173,39.56801194097173,14455100
2007-08-09,38.676334381103516,40.40725518641988,38.676334381103516,39.625241078399355,15584400
2007-08-10,39.77783203125,39.92565431088659,37.86571393678407,38.21380370028143,13317300
2007-08-13,39.3153076171875,40.20222694854943,39.153184377555625,40.10209136442621,10532900
2007-08-14,39.3153076171875,39.91135535934005,39.153184377555625,39.60617920639688,15389400
2007-08-15,38.782257080078125,40.24691413102301,38.59977259930682,39.49777811367098,12249800
2007-08-16,39.08478546142578,39.35850847349545,37.57690730177776,38.31644048577039,19400800
2007-08-17,40.511051177978516,40.866410247607114,39.73309937972785,40.189307105966684,16210700
2007-08-20,40.765560150146484,41.082504656925664,39.867554378031656,40.33816794949663,9238500
2007-08-21,40.482215881347656,40.93841967913103,40.13165654066353,40.405379552085115,11327200
2007-08-22,41.00566482543945,41.08730070770361,40.506239491500004,40.7271385243226,10251000
2007-08-23,41.04890060424805,41.52431382736881,40.38139641937281,41.202569709891144,8665500
2007-08-24,41.88445281982422,42.03331865260866,41.250567653964765,41.250567653964765,7682700
2007-08-27,41.77881622314453,41.966100278630286,41.46187172077821,41.60113488117316,6390100
2007-08-28,40.482215881347656,41.64914106977819,40.482215881347656,41.586710636312915,10059100
2007-08-29,41.634735107421875,41.96128220748534,40.6647001810982,40.91441094526054,10047800
2007-08-30,41.87004089355469,42.06692757981785,41.07768363436772,41.63473237810151,7825700
2007-08-31,42.14376449584961,42.672001454722874,41.99969820535783,42.40788114340726,8155000
2007-09-04,42.609580993652344,42.868894492931126,41.855641777764845,41.87004767619605,9560000
2007-09-05,42.43189239501953,42.57115549548483,42.15816938065887,42.484716456015256,9141400
2007-09-06,42.70562744140625,42.89771465698657,42.31185029815809,42.4895316137277,8153100
2007-09-07,42.090938568115234,42.75363541473917,41.870039619240586,42.22539847927738,9780300
2007-09-10,41.80282211303711,42.39828918141715,41.255375932407915,42.04772973969409,10479000
2007-09-11,42.54235076904297,42.80166795285171,41.63474245759177,42.02372006518428,10124500
2007-09-12,42.830467224121094,43.14260470048838,42.39346889519503,42.460698843682515,11089100
2007-09-13,43.262664794921875,43.61322414461632,42.998548149748515,43.05137221153477,8966600
2007-09-14,43.53160095214844,43.8293326628973,42.916924778495186,42.931330678852845,7973300
2007-09-17,43.66604232788086,43.95897438971137,43.21944128802101,43.22424447401621,7733600
2007-09-18,44.82337188720703,44.91461412445547,43.67565562777408,43.795709660465874,9799900
2007-09-19,45.19314193725586,45.59172221900873,44.943427488834935,44.99625155816404,11383700
2007-09-20,45.221954345703125,45.442853336905905,45.020264440312566,45.14992118984692,8196500
2007-09-21,45.54370880126953,45.79342331070499,45.193152979622724,45.274788865347666,12637900
2007-09-24,45.30839157104492,45.86064085863884,45.231558894656,45.62053279131612,9028600
2007-09-25,44.122249603271484,44.94341861374032,44.01660514923362,44.70331058738951,12501200
2007-09-26,44.424800872802734,44.81377481526351,43.925375594314495,44.74654484159766,11794400
2007-09-27,44.90502166748047,44.96264527152495,44.612089467723834,44.78496760737559,7408900
2007-09-28,44.938621520996094,45.33239855895304,44.66009531606711,44.92421562483734,8880700
2007-10-01,45.351627349853516,45.39484505711056,44.78977150919534,44.80418107537387,8942800
2007-10-02,44.44880294799805,45.13551214697029,44.09344404462502,45.101897165080395,9137300
2007-10-03,43.9301643371582,44.17027235380176,43.58920772941769,43.9445702319556,8754800
2007-10-04,44.10304641723633,44.194288651849426,43.4739644765036,44.011807846381444,6764800
2007-10-05,44.33354949951172,44.45360352260006,43.982990140040236,44.2279013729927,6498100
2007-10-08,43.97818374633789,44.16066451397042,43.843723847686825,43.9637778520192,5658400
2007-10-09,44.564083099365234,44.66012491324442,44.02623941586491,44.09827260815447,8702300
2007-10-10,44.21828079223633,44.41036788429665,43.35869389467771,43.37790297025939,11527500
2007-10-11,43.69966506958008,44.57365822442136,43.29628530446476,44.42959192901841,9177800
2007-10-12,43.896568298339844,44.055036873232105,43.642050613342484,43.954191902388246,6009000
2007-10-15,44.33837127685547,44.63130350911477,44.1702963068115,44.30955580787681,8492000
2007-10-16,44.87620544433594,45.06829267001377,44.232717451638166,44.37198059866061,10890700
2007-10-17,44.784969329833984,45.11151653242882,44.2039080962295,45.08270106553917,10719100
2007-10-18,44.38157272338867,45.02026103930154,44.17988283323458,44.69371393267947,10038800
2007-10-19,42.868900299072266,44.51604207836781,42.75364943225457,44.51604207836781,14112700
2007-10-22,42.47030258178711,42.503917553946195,41.64433050729851,42.33584269315077,10815500
2007-10-23,42.700828552246094,43.08019983367547,42.17259140404087,42.70563174065285,9629900
2007-10-24,43.17144775390625,43.421158627402576,42.40310237727169,42.79687961178189,10985100
2007-10-25,43.810123443603516,43.98780108430354,43.01776601873234,43.44035493557625,9233600
2007-10-26,44.011810302734375,44.32395152889019,43.747689958196744,44.11265525326009,7481600
2007-10-29,44.60246276855469,44.93381299587074,43.98778684708998,44.11264403856171,9247200
2007-10-30,43.25786590576172,44.155867641767884,43.07058192532418,44.05982589007201,9627000
2007-10-31,43.944580078125,44.24231174066755,43.30589173144759,43.41153986864335,9891600
2007-11-01,42.75844192504883,43.930170379845514,42.49432160490758,43.24346121123636,10542400
2007-11-02,42.48953628540039,42.868903906589935,41.82683550197307,42.0909559104056,12374800
2007-11-05,42.48953628540039,42.835288914949366,41.999713648627214,42.004516837078526,9089200
2007-11-06,43.52679443359375,43.55560623210449,42.590374344407756,42.590374344407756,9880100
2007-11-07,42.03812026977539,43.661249462883404,41.927668948321134,43.65644993951109,12781100
2007-11-08,42.82566833496094,43.50277107373668,42.114946954810996,42.24460734258701,17597400
2007-11-09,41.90366744995117,42.69122174011337,41.82683109785783,42.69122174011337,10164000
2007-11-12,40.94802474975586,41.77880020496561,40.5350422793067,41.77880020496561,12513300
2007-11-13,41.69715881347656,41.77399147321343,40.14125623653247,41.212139596751285,11950300
2007-11-14,41.64882278442383,42.70273392513324,41.44094111071156,42.228955800720705,9957500
2007-11-15,40.6867561340332,41.80834902503782,40.35801319933902,41.54728813380466,11934600
2007-11-16,41.56663513183594,41.80352233378375,40.94782195110585,41.034842266490124,11368700
2007-11-19,41.10737228393555,41.755191203563164,40.909161537214366,41.56664774442002,8547800
2007-11-20,42.49485397338867,42.838099785586095,41.117035237555086,41.117035237555086,10941300
2007-11-21,41.4554328918457,42.78007193050807,41.378079876370194,42.446497194355615,11438800
2007-11-23,41.90021896362305,42.0887624061889,41.5086293042011,41.798695855195,3428300
2007-11-26,40.50790023803711,42.21929780769829,40.37736788318348,41.98724233706772,10304600
2007-11-27,40.75929641723633,40.894660591976034,39.60386175491181,40.34353291573744,14542300
2007-11-28,41.605316162109375,41.822868837662554,40.64809619254336,40.86080969222679,10885100
2007-11-29,41.8470458984375,42.21930103984799,41.38777409832503,41.38777409832503,8839800
2007-11-30,42.432010650634766,42.432010650634766,41.58598101090962,42.12260582032129,11708800
2007-12-03,42.46585464477539,42.630228047044646,41.934065286180534,42.108105976396565,7934200
2007-12-04,42.13710403442383,42.4368378303865,41.97756616266549,42.12743306064683,6584600
2007-12-05,43.17168426513672,43.374730488227364,42.44168053347682,42.44168053347682,10450000
2007-12-06,44.1772346496582,44.33193701375288,42.95895399346206,43.157164668523066,9627700
2007-12-07,43.97420120239258,44.27877053240135,43.674463671624636,43.84367254335921,6682700
2007-12-10,44.34160232543945,44.48180190131369,43.872659806783005,44.10471516749773,5505300
2007-12-11,43.456912994384766,44.76221428776064,43.41823647157754,44.322280828116206,8014900
2007-12-12,44.37062454223633,44.945925830471815,43.95969663138078,44.43347481376228,10816100
2007-12-13,44.999107360839844,45.06195394708924,44.05638643672048,44.24009808458186,8527400
2007-12-14,44.48664855957031,44.941088461564476,44.43347295354595,44.71870399780454,11090600
2007-12-17,43.50043869018555,44.360971307196635,43.30705970370727,44.331962061766596,8210000
2007-12-18,44.08539581298828,44.29810932240684,43.32155104664947,43.80016105333672,8744300
2007-12-19,43.94518280029297,44.534986714048856,43.664783613688485,44.18206998768179,8325200
2007-12-20,44.50115203857422,44.728368285945976,43.94518907223999,43.95969184458332,6188100
2007-12-21,45.463233947753906,45.77263889984597,44.60270119422297,44.622039464778474,13596000
2007-12-24,45.675933837890625,45.825800767115254,45.26500219980307,45.26500219980307,2917500
2007-12-26,45.8499641418457,46.02400479676997,45.593738646650536,45.593738646650536,7477600
2007-12-27,45.3230094909668,45.965992804160344,45.27466568518896,45.965992804160344,8155100
2007-12-28,45.859642028808594,45.893483067456174,45.10546820272159,45.44871407711751,7895000
2007-12-31,45.119972229003906,45.724279141890825,44.96526980684072,45.62275602313342,5086600
2008-01-02,45.18282699584961,45.777466728623565,44.820242782508686,45.42454980474356,9058000
2008-01-03,45.73876953125,45.84995990760785,45.18280658427369,45.34717993803166,10479200
2008-01-04,45.12961959838867,46.028828182963075,45.05710206316911,45.385845026222064,13103800
2008-01-07,44.53984069824219,45.31818839005731,44.06606608746602,45.31818839005731,12892200
2008-01-08,43.969364166259766,45.14413680977288,43.790491702343,44.675197800578005,10987700
2008-01-09,44.75254821777344,44.83956855225707,43.775989964920555,43.935524171143605,12448200
2008-01-10,44.42863464355469,44.52532225177824,43.57776967528328,44.28359954282353,13786500
2008-01-11,43.833984375,44.75253118077657,43.62127095154911,44.283588650604614,10575000
2008-01-14,43.95003890991211,44.40447524143598,43.70831612287283,44.09990585758941,9968600
2008-01-15,42.673728942871094,43.534264956123984,42.615717848500786,43.490752946950124,13693400
2008-01-16,41.69717025756836,42.72690774306311,41.1943865446087,42.3933328891119,15709400
2008-01-17,40.005104064941406,42.141931698965664,39.69086383913891,41.81802418873029,18910400
2008-01-18,40.34834671020508,41.08318567568569,39.10105687634111,40.00510096926952,18869200
2008-01-22,39.27994918823242,39.82140950794224,37.14795263724688,37.81994531514589,20897900
2008-01-23,39.376617431640625,39.39112388860575,36.93522092791458,38.07615210844371,20405300
2008-01-24,40.44987869262695,40.459549666836196,39.22676233127108,39.570008147779944,13949600
2008-01-25,39.555484771728516,41.09284060300004,39.37177692979578,40.9381382917951,14050100
2008-01-28,40.058284759521484,40.251663650540934,38.786824729131204,39.2219226234305,9749400
2008-01-29,39.932586669921875,40.47404681005069,39.59417638758852,40.22748863955327,9187700
2008-01-30,40.23716735839844,41.20405828079431,39.60868678348266,39.695707114034136,9415400
2008-01-31,40.24684524536133,40.85115223102741,39.275118579659065,39.6908820808691,12634300
2008-02-01,39.8794059753418,41.05901381218965,39.41529888094149,40.95265524481545,16063300
2008-02-04,39.65220642089844,40.11631744188966,39.163929021384334,39.889097420136956,10299100
2008-02-05,38.5499382019043,39.15424499953809,38.48709162277294,39.028551841275366,15682500
2008-02-06,37.471858978271484,38.941533632650184,37.34132663738205,38.738483734421756,15108200
2008-02-07,38.066505432128906,38.308228231626494,36.9884238118721,37.278490433589766,12570900
2008-02-08,38.31789016723633,38.42424876406138,37.897291267536254,38.33239294164041,8281700
2008-02-11,38.88352966308594,38.90286792964763,37.9553149985082,38.78200652993499,17626800
2008-02-12,39.217098236083984,39.802066817872344,38.87385239164931,39.08173040491307,12330400
2008-02-13,39.9864501953125,40.069226901212076,39.09537281309889,39.402135513469474,12149400
2008-02-14,40.3370246887207,40.697353288033966,40.22016326689464,40.40519787599,11190400
2008-02-15,40.70707321166992,40.75089854842219,39.781911696981865,40.1811914603791,26988700
2008-02-19,41.30600357055664,41.62737334416771,41.02358511968607,41.09175457817802,12002500
2008-02-20,42.04127502441406,42.29447914254774,40.755788052997694,40.89699732754183,13217100
2008-02-21,41.28166580200195,42.12405105141899,41.0625501627388,41.66633853434032,12189400
2008-02-22,41.593284606933594,41.749101027751486,40.75090335890319,41.52024484702847,12154700
2008-02-25,42.450286865234375,42.64992496045608,41.539732233973716,41.65172705443276,11813500
2008-02-26,42.908016204833984,43.044355194676676,42.01693874484359,42.24092475886499,12672600
2008-02-27,42.95669174194336,43.307279704577724,42.57201904488385,42.57201904488385,9731900
2008-02-28,43.346229553222656,43.477701892200265,42.737570948586004,42.95669027522958,8990300
2008-02-29,42.19709396362305,43.1417297807479,41.86598346788993,43.07843061059233,12983700
2008-03-03,42.46002197265625,42.8106099167079,41.797801126104744,42.060742084143484,9859700
2008-03-04,42.231170654296875,42.70348661535527,41.41799992751727,42.19708592071622,13698300
2008-03-05,43.2342414855957,43.26832622124998,42.20195508227588,42.37724906991429,16220500
2008-03-06,42.7521858215332,43.33649664993124,42.450289788384886,43.10764039907209,14296500
2008-03-07,41.51539611816406,42.601241223148605,41.21837035770721,42.474642880791144,15910600
2008-03-10,41.2573127746582,41.861101015878205,41.0722781979446,41.656592634732924,11854100
2008-03-11,42.92747497558594,43.010251652538734,41.72963159692585,41.734501905851666,13477100
2008-03-12,42.231170654296875,43.13198465460616,42.14839025992328,42.60610272368407,10956900
2008-03-13,42.38212203979492,42.65967025181909,41.58843245118915,41.87571756760109,10964800
2008-03-14,41.55434799194336,42.67428156701478,40.94568924787371,42.61098239501647,15842000
2008-03-17,40.9943962097168,41.38393568423035,40.142273733334484,40.64380808218318,15926800
2008-03-18,41.93412780761719,41.93412780761719,41.159912440079935,41.442330811380614,13429600
2008-03-19,39.87443923950195,42.284725648337286,39.830617606411906,41.94387834111349,14797100
2008-03-20,40.51719665527344,40.93595418726062,39.37778921820947,39.577427363482435,18373200
2008-03-24,40.90674591064453,41.28654844681837,40.375993450252686,40.59997946607422,9971900
2008-03-25,41.16480255126953,41.310878399319364,40.760652313245544,41.03333020157132,12123000
2008-03-26,41.36931228637695,41.72477058638309,41.13558943606304,41.203758910317745,11674800
2008-03-27,41.09662628173828,42.33828750209826,41.033323414591905,41.54459808559466,9148200
2008-03-28,41.145320892333984,41.67120280834645,40.862902413554266,41.335222076178944,7522200
2008-03-31,41.564090728759766,41.84163898159057,41.05768618211161,41.3644488673588,10192000
2008-04-01,42.23604202270508,42.30908180719345,41.17941144730764,41.427745228584996,11069000
2008-04-02,42.610992431640625,42.942103015002864,41.59331284007293,42.19223481988958,10681700
2008-04-03,42.71321487426758,43.2390966530238,42.2457656425808,42.318805397678545,9823600
2008-04-04,42.87391662597656,43.170942343223096,42.703489232670385,42.86417600723803,9750500
2008-04-07,42.98104476928711,43.51666744267267,42.90800869106017,43.16607940735056,8328300
2008-04-08,43.47284698486328,43.516672351701494,42.73271949399178,42.80088898466579,7393100
2008-04-09,43.799076080322266,44.08149459268428,43.54587571007342,43.58483075625252,10708500
2008-04-10,43.628662109375,44.01820522796882,43.30242188365382,43.91595099520361,9119700
2008-04-11,43.23910903930664,43.71142499899839,43.14659174201656,43.35110014290874,7441800
2008-04-14,43.48255920410156,43.531251134926805,43.11736415047795,43.23909583501915,7182100
2008-04-15,43.906192779541016,43.959755029757694,43.40952903157188,43.67733656769828,8401300
2008-04-16,44.763206481933594,44.83624628671149,43.911084094428574,43.98412389920647,11915100
2008-04-17,44.79241943359375,45.099185860503994,44.393139390991955,44.40774660847174,9127200
2008-04-18,45.371864318847656,45.44003381113191,44.65121062403864,44.68042877427383,10182100
2008-04-21,45.138126373291016,45.50332158250845,44.85084125855304,45.35724572779614,8558800
2008-04-22,45.785728454589844,46.014584655204594,45.02612380144885,45.0358607033028,11475600
2008-04-23,46.00486755371094,46.077903636442215,45.517940522390774,45.89287270192559,13022700
2008-04-24,44.9920539855957,45.76626610561649,44.75346080404288,45.71270384027389,12930400
2008-04-25,45.133262634277344,45.40107024234019,44.42234969448145,45.11865541937766,12739600
2008-04-28,45.040748596191406,45.49359086581091,44.9287537488841,45.18682818572994,7163400
2008-04-29,46.13145446777344,46.41387296749726,45.094301485631455,45.094301485631455,19505100
2008-04-30,46.81803512573242,47.368261337515314,46.28728272617256,46.28728272617256,19536000
2008-05-01,46.22882843017578,46.47715840648267,45.49356797209776,46.189873397241065,15253100
2008-05-02,46.41386413574219,46.67193475484785,46.08275375095684,46.516118321711026,10309200
2008-05-05,46.5599479675293,47.16860654614968,46.37004678819631,46.418738731494514,9059300
2008-05-06,47.168601989746094,47.22216423668724,46.30186913695153,46.30186913695153,10892600
2008-05-07,46.3943977355957,47.134528756584764,46.326228261946405,47.115051233405296,14912600
2008-05-08,47.4461669921875,47.64580512587926,46.404143533028666,46.50152744483566,15074600
2008-05-09,47.42179870605469,47.67013240351387,46.84235465030209,47.47536094893719,11310200
2008-05-12,47.40719223022461,47.519183310742484,46.968957379388954,47.329282161206464,9374300
2008-05-13,47.58737564086914,47.70910738651093,46.895936502255665,47.43642575010185,10634000
2008-05-14,47.58250427246094,48.205770201890076,47.48025005419128,47.7091063253006,13401400
2008-05-15,48.278564453125,48.332485375776315,47.749164810473246,48.27366527094486,13434500
2008-05-16,49.20500946044922,49.24912827079909,48.47463128761726,48.53835430275258,16302200
2008-05-19,50.09716033935547,50.39617500957472,49.219728017051395,49.322666941905496,12910200
2008-05-20,50.533416748046875,50.61184852635527,50.10695610795232,50.37165774999361,16271500
2008-05-21,50.49911117553711,51.288313296136266,50.337352153794406,50.611855938408524,21994300
2008-05-22,49.95500564575195,50.69518601473853,49.86186883197432,50.41577931323914,17384100
2008-05-23,49.37659454345703,50.28833996402412,49.263849759177596,50.057954952382296,11484000
2008-05-27,48.812889099121094,49.15601897234844,48.31289558117823,48.99425614361192,12823600
2008-05-28,49.224609375,49.30304114067931,48.31776358836944,48.45991835878887,10504000
2008-05-29,48.45992660522461,49.263833641076424,48.445221581615485,49.03834788612609,13167300
2008-05-30,48.60209655761719,48.76875853027569,48.209945019850714,48.5922907122642,11884200
2008-06-02,48.70991897583008,48.87167796124897,47.95012707710227,48.44031443374402,11651400
2008-06-03,47.9697380065918,49.12658053947429,47.85699326201866,48.54815927303304,12689500
2008-06-04,47.07761001586914,47.90112520162149,46.827613332738785,47.63642349121888,13750600
2008-06-05,49.01384353637695,49.136390402522395,47.25407233364854,47.25407233364854,13919900
2008-06-06,48.77363586425781,50.07263294428742,48.21482264700968,49.317744061025564,18575700
2008-06-09,49.60698318481445,49.65600493624806,48.77366576812702,48.99424869024,11535600
2008-06-10,48.420711517333984,49.6020649645986,47.87170401439479,49.29814742559074,15472800
2008-06-11,48.73444747924805,49.00895506247838,48.170731023844745,48.79817425706095,11541400
2008-06-12,48.06778335571289,48.4648377597777,47.82759253634884,48.4648377597777,13285400
2008-06-13,48.72463607788086,48.88639884323643,47.55308830424568,47.76876825155277,9358000
2008-06-16,48.768760681152344,49.459926955485955,48.58249074940692,48.7785665269378,7555400
2008-06-17,49.20009994506836,49.454995691903825,48.55795204814827,48.920693337649844,9164800
2008-06-18,48.65602111816406,49.17071584257447,47.95505271648984,48.98444590514516,13018400
2008-06-19,47.47956466674805,49.03836116869372,47.47956466674805,48.803069507717325,15344100
2008-06-20,47.361915588378906,48.07758885925708,47.1021130829331,47.705045327898006,15029800
2008-06-23,48.55796432495117,48.59718021586603,47.07269705000786,47.07269705000786,12180900
2008-06-24,48.35209274291992,48.78835930106772,48.0481751588861,48.32268269085763,10485900
2008-06-25,48.70501708984375,49.10206766041239,47.71973943490855,48.43541254202997,14182900
2008-06-26,47.74915313720703,49.12657843949827,47.74915313720703,48.5922722656211,14626300
2008-06-27,47.94032669067383,48.685409853899976,47.70993802643627,47.70993802643627,17074300
2008-06-30,48.592262268066406,48.78343500236736,47.798161291687656,48.18540968009607,12341600
2008-07-01,48.567771911621094,48.827570653553096,47.90601962296097,48.16581836489297,13429300
2008-07-02,47.754058837890625,49.01874331292406,47.63151197960831,48.577573875141084,17580000
2008-07-03,48.3471794128418,48.73933080847428,47.54817533854424,47.935423813277275,9401200
2008-07-07,47.4599494934082,48.70012316271501,46.95995993220223,48.09229176246784,15276600
2008-07-08,46.95505142211914,47.56778567117097,46.34722009421299,47.08740037438779,19460800
2008-07-09,46.03350830078125,47.44524690477978,45.94527440429174,47.20015316340154,14296700
2008-07-10,47.180545806884766,47.180545806884766,45.357047749793324,45.95017416258554,18101500
2008-07-11,45.21978759765625,46.857011716641225,44.6854851273946,46.5481950013386,17382000
2008-07-14,45.489402770996094,45.73939571032301,44.85215750720065,45.39626594663865,11684600
2008-07-15,43.83255386352539,45.508993776554995,43.69530199787378,45.214882101611124,15262400
2008-07-16,42.3473014831543,43.920803045270304,42.190441619200385,43.79335323710958,20202600
2008-07-17,41.99435043334961,42.52375368222712,41.16103341331977,42.224739092018496,20537500
2008-07-18,42.18064498901367,42.68553762478159,41.76398253207777,42.121821129957695,16142900
2008-07-21,42.60218811035156,42.62179231501373,41.90121998893933,42.435522452059075,16626000
2008-07-22,41.97475814819336,42.896313126642546,41.729664375598865,42.411024764224834,15075700
2008-07-23,40.51398468017578,42.06297474061443,40.35712487988032,42.03356469675673,19102700
2008-07-24,40.195377349853516,40.92085653779249,39.96498861301139,40.51890291388732,18960900
2008-07-25,40.4698600769043,41.16102592720596,40.14633842131891,40.21986726026217,14425200
2008-07-28,40.43556594848633,40.915951345446445,40.25909814877313,40.61693667036763,10965700
2008-07-29,40.607120513916016,41.023782776215455,39.930663280023246,40.49928243244001,14088100
2008-07-30,42.773746490478516,42.85217451678251,40.40123792250533,40.739468369261964,17320700
2008-07-31,41.45024490356445,42.641400422407486,41.27868006336752,42.234547727035626,15131400
2008-08-01,41.32770919799805,41.89142560192449,40.91105054808165,41.165950156387844,13089300
2008-08-04,40.5875358581543,41.54830313099191,40.23460017837013,41.205169557941886,16513000
2008-08-05,40.43556594848633,40.83262036775795,39.63165874527457,40.46497974166109,21963900
2008-08-06,41.45024490356445,41.57769467335347,40.200269290844204,40.38163623340966,19538800
2008-08-07,40.89635467529297,41.81790608585419,40.84243373607469,41.57771519104951,12616200
2008-08-08,41.371826171875,41.39143412085597,40.13165238254122,40.62183988756383,14089800
2008-08-11,41.2149543762207,41.72474968249121,40.710061990733095,41.46985015943957,11412900
2008-08-12,40.96006393432617,41.587503299664775,40.744383989887034,41.587503299664775,12681100
2008-08-13,42.27376174926758,42.31788056146319,40.7884944757351,40.89143338441393,15342400
2008-08-14,42.44043731689453,42.8816068426091,41.72476397066159,42.087501696322875,14385200
2008-08-15,41.61069107055664,42.33671797462808,41.3143545583969,42.198427853495076,15663700
2008-08-18,41.08717346191406,42.14410967480582,40.899490734683845,41.82801681308814,10383200
2008-08-19,41.83787155151367,42.14408800238647,40.86983718929536,40.86983718929536,10872800
2008-08-20,42.70218276977539,42.96888665636884,41.734148534059386,42.13914248745202,11681800
2008-08-21,43.71961212158203,44.006072311879656,43.03803793567736,43.092366722393194,11225000
2008-08-22,43.512184143066406,43.848033167000736,43.09237380517921,43.304748978668904,8574200
2008-08-25,42.23299026489258,43.74924876080717,42.00085885941302,43.74924876080717,11343900
2008-08-26,42.371273040771484,42.5540156358753,41.9070103099314,42.3762130482396,9351000
2008-08-27,42.781211853027344,42.96889070879469,42.381154101346596,42.835540636982486,8227700
2008-08-28,43.057804107666016,43.21091048648065,42.15891456807627,43.1269491670096,8859100
2008-08-29,42.63304138183594,43.32943555106406,42.534263830853604,43.27510676758717,8090400
2008-09-02,41.13655090332031,41.7884927215654,41.09703836448774,41.72922391331654,13432900
2008-09-03,41.576114654541016,41.70452851278709,40.96368541756585,41.042706721632236,10758500
2008-09-04,40.11418533325195,41.67489285114784,39.91662641794132,41.55635900921062,16527700
2008-09-05,39.62028121948242,40.36606417097944,39.072057139867525,40.00551894718542,15548100
2008-09-08,40.03022003173828,40.67228173239267,39.34864203021026,40.17344636874669,15451800
2008-09-09,38.91402053833008,40.17345159665536,38.89426426938357,39.610411120110314,21150200
2008-09-10,40.084556579589844,40.36113682612775,39.18072700063787,39.33877339410571,17746500
2008-09-11,40.89454650878906,40.99332409574632,39.32889500184039,39.748709166717234,16350800
2008-09-12,41.60573959350586,41.72427718019649,40.731546558364855,40.94392169103288,13390100
2008-09-15,39.55608367919922,41.38843906357189,39.55608367919922,40.08455541336671,17357200
2008-09-16,40.43027114868164,40.68215881665702,38.276887254586725,38.93870517390283,20753300
2008-09-17,39.53630447387695,41.4377998654311,39.26466066017468,40.005503314140235,23254500
2008-09-18,40.934059143066406,41.240275720509715,38.95847707262283,40.1833396142723,23377400
2008-09-19,43.36400604248047,43.51711236977853,41.34397243671202,42.25767792898946,23962500
2008-09-22,43.131874084472656,44.32709971276854,42.84541392849773,43.57144056568992,14625700
2008-09-23,42.20829391479492,43.655407364083125,41.926773730987016,43.04791822602926,14616700
2008-09-24,42.09468460083008,42.76637852712243,41.90700203531641,42.34656841014437,11233800
2008-09-25,43.201019287109375,43.54674446419752,42.03048615647351,42.03048615647351,13789200
2008-09-26,42.94418716430664,43.02815221409577,41.936644248051394,42.47498822028463,11869600
2008-09-29,38.276885986328125,42.23298841882797,38.276885986328125,41.99097700728584,23971900
2008-09-30,40.73649215698242,40.840209733478794,38.820175691841804,38.94364953549787,20128900
2008-10-01,40.59819030761719,41.0377568031897,38.75596303249235,40.25740512842845,14632000
2008-10-02,39.29431915283203,40.49448519686357,38.953533868908174,40.25247749155933,18821200
2008-10-03,39.205421447753906,41.33904974896248,39.052315056308174,39.4918817275946,18840900
2008-10-06,37.950923919677734,38.44975937071345,35.88644459141468,38.346041780163624,26033800
2008-10-07,36.22722625732422,38.79548455714723,35.832112204513386,38.53371683410809,24464700
2008-10-08,36.1037483215332,38.108965948769416,34.77023242108139,35.62466924253372,28049100
2008-10-09,31.609304428100586,36.48898944266443,31.609304428100586,36.424784399569035,26965700
2008-10-10,28.56197166442871,31.984666910559973,27.41119448702053,29.880671467833192,48207200
2008-10-13,34.518341064453125,34.814677480946656,29.35219685090528,29.717678305643233,31001300
2008-10-14,33.851585388183594,36.548253359566104,32.17728056951271,35.89631169360684,27089600
2008-10-15,29.62385368347168,32.834176514718244,28.853375977885076,32.834176514718244,25129900
2008-10-16,31.164796829223633,31.801922303298092,27.470459719024078,29.95969281490013,31798100
2008-10-17,30.794376373291016,33.293489573340096,29.38183716066634,30.399260443743508,21723500
2008-10-20,34.38006591796875,34.572684860742996,31.609311872679314,31.65870066885565,18288900
2008-10-21,32.992218017578125,34.26646543219736,32.1032046881942,33.40708839254176,17534200
2008-10-22,30.493101119995117,32.024174136700665,29.692989260208357,31.55497504018462,22243900
2008-10-23,32.97739028930664,33.140376656327916,29.836217500423313,31.05613959665498,26944100
2008-10-24,31.56485366821289,32.33039113058919,29.915243023244088,30.132556312235533,19774700
2008-10-27,30.478282928466797,32.834165961086065,30.068350749761372,30.90797325827175,18276000
2008-10-28,34.58256530761719,35.00237954634885,30.19677410980802,31.471025553592625,25094800
2008-10-29,35.06657028198242,36.70630271345726,34.28127847450726,34.681332507136304,25863100
2008-10-30,36.63716506958008,36.98783039109613,34.97767603629747,35.61480162658662,21848900
2008-10-31,36.8446044921875,37.52618271128294,35.65925450813448,36.47912286788009,20506400
2008-11-03,36.395137786865234,36.987810508104715,35.89136258250254,36.27166398926357,10465700
2008-11-04,38.61769485473633,38.97823650163665,36.9433892159139,37.249602050028024,20119000
2008-11-05,36.98289108276367,38.696708950144306,36.548264429852004,37.89660070800866,16408800
2008-11-06,34.62699890136719,36.97300151653774,34.09359108662123,36.48898247690782,21394000
2008-11-07,36.28155517578125,36.543319131591325,34.86901404808647,34.972731628608045,15931900
2008-11-10,36.71617126464844,37.57555171710453,35.96051213117153,37.15080149847591,13283400
2008-11-11,36.32106018066406,37.04214685391224,35.34314584574709,35.87161365680468,15789400
2008-11-12,33.229278564453125,35.990155531984755,33.155193508285485,35.55058897167854,22447700
2008-11-13,37.392822265625,37.59038118973066,32.53782932170379,33.41696634556781,28513000
2008-11-14,36.20718002319336,38.5336448512204,34.867094686789066,36.83487848197908,26612200
2008-11-17,35.26063537597656,36.650536572327326,35.17096420844577,35.91822267095136,20960500
2008-11-18,36.56585693359375,36.889669771574766,34.8720699201772,35.36028057139144,23618700
2008-11-19,35.17594909667969,37.36292535683978,35.046423224565046,36.43632450392989,21997100
2008-11-20,32.082298278808594,35.49477792242825,32.01753344450317,34.438651232114324,34193700
2008-11-21,35.11616897583008,35.39016529712486,32.01753625465723,32.61036258577492,34759400
2008-11-24,37.01420211791992,38.73289497260914,34.95176917199171,35.69902759590057,27518000
2008-11-25,38.1251335144043,38.648216059515065,37.00922839235565,37.457584316628626,22015200
2008-11-26,39.81890869140625,39.85378059739887,37.49742414724647,37.79134775554369,19665100
2008-11-28,39.360595703125,39.48015599460757,38.32439637493436,38.981983679218196,8647200
2008-12-01,35.87836456298828,38.18490456377784,35.873385576920505,38.11017796448126,22692700
2008-12-02,37.63194274902344,38.334363841641775,36.38651177560098,36.735230927857785,21058800
2008-12-03,37.233394622802734,37.477501773134385,36.366575931923826,36.71529500275074,22581800
2008-12-04,35.74885559082031,37.338023100230075,35.12614003677542,36.58578544748681,21416300
2008-12-05,37.07398223876953,37.49742794030002,33.98531545033801,35.29550725173902,22882300
2008-12-08,38.90227508544922,39.49510136921074,37.8013147018587,37.876041310856465,21955800
2008-12-09,37.641902923583984,39.1513645910546,37.47252614276383,38.498760004977434,19682700
2008-12-10,39.07664108276367,39.554886091638345,38.07531357628204,38.25963871750859,17651800
2008-12-11,39.58477020263672,40.810273595281174,39.206158193288296,39.360594189632764,20550500
2008-12-12,39.355628967285156,40.14772144745434,38.21979623305894,38.41906600063917,17806400
2008-12-15,38.962066650390625,40.15768128415806,38.39415036448307,39.94844976845615,16509100
2008-12-16,39.360595703125,39.88367435383196,38.8375132516649,39.3307027796895,23253700
2008-12-17,38.26960754394531,39.35562363944367,38.11019251161318,39.08162727101929,20739500
2008-12-18,36.38151931762695,38.229737934856125,35.98298379251102,38.11017765739662,21474100
2008-12-19,35.29550552368164,37.18856172116787,35.290522736636134,36.650534742839845,31349800
2008-12-22,34.56816482543945,35.86839442749634,34.15468103305315,35.66912480941544,16863100
2008-12-23,34.47352600097656,35.265622034576936,34.29916643406877,34.92188188784908,14150500
2008-12-24,34.682777404785156,34.86709883230623,34.06504065092915,34.26929323908039,3717800
2008-12-26,35.04643249511719,35.165992823674486,34.603059300994325,34.832218181043444,6761900
2008-12-29,35.64424133300781,35.73391252859196,35.07632502789296,35.49478807344947,8994900
2008-12-30,36.55589294433594,36.61069221779375,35.494786996092664,35.619330108359655,10002700
2008-12-31,36.84981155395508,37.17860334833852,36.31676725942523,36.31676725942523,9964300
2009-01-02,38.120140075683594,38.508717635323904,36.655516199934574,36.97932893259179,13695900
2009-01-05,38.18989562988281,39.04176992473735,37.73157416185435,37.94080944539598,16954500
2009-01-06,38.53363037109375,39.081619193934266,38.02549624828795,38.638246108119844,15894500
2009-01-07,36.844825744628906,38.39414202332732,36.53097853925958,38.06535025590516,12804300
2009-01-08,36.98432540893555,37.2832281493758,36.47619113026257,36.67047810158646,11397200
2009-01-09,36.27690124511719,36.86474462220405,35.968033097579195,36.80496258697825,14182600
2009-01-12,35.280555725097656,36.17228443620147,35.091251653756686,35.9829803648605,14195500
2009-01-13,35.77873992919922,36.21713025226017,35.161007246532975,35.161007246532975,14378800
2009-01-14,34.7176399230957,35.459915823631434,34.28921130381231,35.27559064532208,15142400
2009-01-15,35.25566864013672,35.49479312934018,34.00027552389428,34.722624179557876,19293100
2009-01-16,35.73888397216797,36.3366930834488,35.061369259835104,35.90826455062792,15594800
2009-01-20,34.03014373779297,35.968033404032745,33.87571156308441,35.33535634570035,16084200
2009-01-21,35.48482131958008,35.61434340555998,34.079975319634364,34.08993709518907,15889900
2009-01-22,34.847164154052734,35.35530222225854,34.015217007961155,34.83221958747394,14320100
2009-01-23,35.280555725097656,35.42502612194432,33.965381396065254,34.07497989027667,13422100
2009-01-26,35.51470947265625,36.06269833122094,34.93682768674006,35.58445330188701,14023100
2009-01-27,35.91324234008789,36.182255861080534,35.28056513755668,35.5097239589756,13632700
2009-01-28,36.76013946533203,36.874716981470634,35.84848312034305,36.36160005090684,14649100
2009-01-29,35.18093490600586,36.21215158239699,35.17595211798604,36.122480401808474,15780500
2009-01-30,35.13111877441406,36.21713484496246,34.96174196928236,36.017868909690826,17880000
2009-02-02,35.01653289794922,35.295508181458395,34.433672194580474,34.63293808237093,12445000
2009-02-03,35.68906021118164,35.76378680993193,34.842168894018855,35.15601604786684,12509600
2009-02-04,35.66914749145508,36.33171777758353,35.3752275634645,36.01288770621052,12058000
2009-02-05,36.491127014160156,36.575815406995076,35.35529459030415,35.60936356956257,14933800
2009-02-06,37.313106536865234,37.362923007391146,36.01287651214778,36.15734693720006,13345400
2009-02-09,37.07398223876953,37.641898365669824,36.66049831106489,37.06900325223315,14894400
2009-02-10,35.43002700805664,37.482495127259995,35.151047843702905,37.04410472721023,20150600
2009-02-11,35.49977111816406,35.91823416673661,35.011560427408455,35.604386880307196,15533700
2009-02-12,35.1226921081543,35.22324222516417,34.15739717619156,35.167938510086415,17237200
2009-02-13,35.057334899902344,35.565117977037225,31.673770147240855,35.047277586761226,10852400
2009-02-17,33.27255630493164,34.152383643479965,33.237363364819416,33.80045424235775,18834600
2009-02-18,33.24238586425781,33.78536200599132,32.98094935551383,33.42840401220887,12564000
2009-02-19,33.5239143371582,34.04175462939716,33.17700997854593,33.17700997854593,10164600
2009-02-20,32.7144889831543,33.28763325314609,32.04079264943895,32.92062176861667,19885500
2009-02-23,31.64361000061035,33.614423738749935,31.457589947279185,33.17702259141945,18809700
2009-02-24,32.8200569152832,33.096575478393156,31.462611217221962,31.809513708391094,19231300
2009-02-25,31.92515754699707,32.99100670738601,31.80449469035776,32.83012417711429,26680400
2009-02-26,31.75924301147461,32.825092059524636,31.638582085423824,32.357526655868455,15711000
2009-02-27,30.522457122802734,31.553111294414514,30.45207126491766,31.12576748990037,20502100
2009-03-02,28.968931198120117,30.261019808301512,28.95887580250007,29.848758177232696,19315900
2009-03-03,29.024234771728516,29.748205991960212,28.84324148720294,29.401303475199928,19266800
2009-03-04,29.803512573242188,30.38671214728435,29.58732634237674,29.69290704707834,19092400
2009-03-05,28.385744094848633,29.290708999960987,28.21480613027074,29.190158835515188,22266000
2009-03-06,29.29572868347168,29.84373535044096,28.39076405561649,28.923686668243093,22099300
2009-03-09,29.300748825073242,29.959362792185,28.913624760545304,28.973957128588662,17666400
2009-03-10,31.060407638549805,31.060407638549805,29.803511869196115,30.110194743777733,21943900
2009-03-11,30.77886962890625,31.573226897604734,30.336441703248884,30.71853724049542,15360800
2009-03-12,31.874881744384766,31.930183554627003,30.738646742797286,31.02521886313771,15602800
2009-03-13,31.628536224365234,32.16648765005101,31.22130116095624,32.11621256868411,14355400
2009-03-16,31.64361000061035,32.27708468059073,31.00007992344032,31.00007992344032,13272000
2009-03-17,32.83514404296875,32.85022617857046,31.38720148908191,31.72907729377288,14726900
2009-03-18,33.47867965698242,33.6747589597693,32.15642645998348,32.52846659799884,17843100
2009-03-19,33.75016784667969,34.7908775145076,33.59934263779767,34.31325859943495,17221600
2009-03-20,32.53349685668945,34.17751903602211,32.31228192473219,33.95630410406485,23811700
2009-03-23,34.76573181152344,34.7808139444619,33.05635308991575,33.13679624657532,20321200
2009-03-24,34.675228118896484,35.18803971310912,34.29313087403332,34.30821300390132,15391900
2009-03-25,35.042236328125,35.283561892090965,34.10710600083394,34.86627176884759,16723400
2009-03-26,35.2785530090332,35.655621776985434,34.770769829924994,35.48971059850841,15904600
2009-03-27,34.64004898071289,34.98694961286377,34.43894488576449,34.73054563165259,12842400
2009-03-30,33.58424758911133,34.13225215813178,33.16192872796873,33.95628756421422,14304800
2009-03-31,33.80546188354492,34.4540204523294,33.574193560959436,33.906015829717425,18691400
2009-04-01,34.338401794433594,34.53950209485954,33.09658787701734,33.18205588827261,14299000
2009-04-02,35.34893798828125,35.8416428538117,34.946733613967886,35.193084128862225,18069100
2009-04-03,35.43441390991211,35.65562499879472,34.90148739474707,35.14281311576889,11574700
2009-04-06,35.13777160644531,35.21821476261204,34.524405965766825,35.06235710647421,10430600
2009-04-07,34.3886604309082,34.775782543490784,34.14733481571739,34.72047883658748,11086000
2009-04-08,34.428890228271484,34.73556926378382,33.89093899825512,34.05182150155699,11238900
2009-04-09,34.80595397949219,35.12269028378815,34.44899226044416,34.9718612803667,11057900
2009-04-13,34.17749786376953,34.267994476623784,33.44346765076285,33.911032844553155,12614700
2009-04-14,33.4736442565918,33.87082372312059,33.202154348999684,33.62446942587125,12971500
2009-04-15,33.53398132324219,33.6596709141625,32.975919232696654,33.39823825277469,11219200
2009-04-16,33.1468620300293,33.76525656028914,32.734600288436816,33.76022790219567,11959400
2009-04-17,33.18706512451172,33.55407641017197,33.046293462300106,33.39319396253869,12660500
2009-04-20,32.111175537109375,32.88039712298061,32.04581833194803,32.83012205472251,11753300
2009-04-21,32.618953704833984,32.659175285196916,31.703935766023545,31.95028623319968,12569800
2009-04-22,32.050846099853516,32.613936855337656,31.950294042240564,32.34244687514398,11932800
2009-04-23,32.945762634277344,33.046316631886604,32.176542772344824,32.397757731342395,12370800
2009-04-24,33.48371124267578,33.85575141322149,33.187085605066464,33.30271789792544,12615100
2009-04-27,32.88542556762695,33.202161947770094,32.59382480357922,32.84017532146833,12303400
2009-04-28,33.17701721191406,33.654639870558746,32.48824083587901,32.57873747804129,9261500
2009-04-29,33.96635055541992,34.041765069865875,33.2272952181844,33.48370303300401,11666100
2009-04-30,33.232322692871094,34.18756422513339,32.83011835637319,34.18756422513339,14107700
2009-05-01,33.61943817138672,33.719988264997085,32.86530096208837,33.212201470062276,12003200
2009-05-04,33.5239143371582,34.293133709959015,33.32281030556065,33.85573272891486,15224400
2009-05-05,33.05635452270508,33.66469153728267,32.875361248116924,33.564141422840805,12678800
2009-05-06,34.242862701416016,34.36352360031556,33.38314660474276,33.42839300342729,14107200
2009-05-07,34.17749786376953,34.69030944611698,33.92611880981216,34.49926274597576,12338700
2009-05-08,35.384124755859375,35.66567198815546,34.48418701530986,34.48418701530986,13931400
2009-05-11,34.18756103515625,34.84114829512477,34.051817995242715,34.836119638612104,13520700
2009-05-12,34.785850524902344,34.971868654506075,34.197620356117696,34.59982855955691,11313500
2009-05-13,34.23784255981445,34.69032583789183,33.97640990789295,34.28309280549308,12437000
2009-05-14,34.11213684082031,34.403737463868374,33.835622183025045,34.01661540865902,10051900
2009-05-15,33.44208908081055,34.01062631796117,33.2491943854695,33.970015685412605,12322900
2009-05-18,33.51823043823242,33.84818502451727,33.34056377572297,33.827879709824366,13480100
2009-05-19,33.43194580078125,33.629917837468646,33.33042306965477,33.4928617631635,14223600
2009-05-20,33.10199737548828,33.94972434652977,33.020779949796335,33.706068196609245,17617900
2009-05-21,32.72633743286133,32.94461469076367,32.41161091339868,32.756793463736294,12463000
2009-05-22,32.71112060546875,33.386254048777324,32.67050996851746,32.86848198260062,8779000
2009-05-26,33.33041763305664,33.33041763305664,32.26948706346913,32.391317031939714,12018200
2009-05-27,32.7771110534668,33.624837795007956,32.68573905377206,33.34564837077222,12209300
2009-05-28,33.40656280517578,33.680678823541456,32.61975196570094,33.02077333296681,12182800
2009-05-29,33.84310531616211,33.9801652123624,33.45223868649231,33.78219324926643,12171400
2009-06-01,35.13248062133789,35.36598602712968,34.23399234529463,34.41673637988722,14222500
2009-06-02,35.20354461669922,35.401516660189564,34.93450588440947,35.07663926200827,10311000
2009-06-03,34.65023422241211,35.020795636841996,34.13753557766731,34.88881687510058,14907700
2009-06-04,35.4268913269043,35.45734736588262,34.76190865692291,35.010642011880016,11298900
2009-06-05,35.21369552612305,35.83299033897036,34.96495826853,35.503039549603166,11204400
2009-06-08,35.32028579711914,35.52333506187241,34.83804330922481,35.02586455686903,9557700
2009-06-09,35.62993621826172,35.84821350725363,35.27459902512644,35.56394297817687,10021900
2009-06-10,35.64516067504883,36.29491518030012,35.25429018893081,36.04110458463369,14356300
2009-06-11,36.497982025146484,36.802554112195814,35.629949834276,35.71624454891854,14600000
2009-06-12,36.88883590698242,36.929446537124086,35.88374798445475,36.13755861357588,13931600
2009-06-15,36.081729888916016,36.52843532480337,35.7162418628064,36.52843532480337,13317100
2009-06-16,35.47258758544922,36.406613121403346,35.447208835186515,36.39645852302263,11267000
2009-06-17,34.939579010009766,35.47257911234681,34.75175771327561,35.249228348300456,15484700
2009-06-18,34.736541748046875,35.16294197790537,34.51826433337789,34.797457726388785,10478700
2009-06-19,34.5486946105957,34.985249114236154,34.19843864676665,34.9344877732449,16452900
2009-06-22,33.38117599487305,34.162913219987296,33.32026004789323,34.05123592027912,16404600
2009-06-23,33.482696533203125,33.88371777763461,33.29487528013743,33.57914580813453,13029800
2009-06-24,33.360870361328125,34.056309020050286,33.223810450140284,33.675593068950846,11633300
2009-06-25,33.94462203979492,34.1628992528452,33.107046507260534,33.24917978592744,12828800
2009-06-26,33.47762680053711,33.81265875367618,33.39133209970199,33.81265875367618,11011600
2009-06-29,33.949703216552734,34.05630319990172,33.54360859515312,33.71112451449107,10288800
2009-06-30,33.62990951538086,34.25428538854752,33.25934428006613,33.98016943492628,12772700
2009-07-01,33.7669563293457,34.452247962572415,33.70096697575849,33.97508285448079,10397100
2009-07-02,32.70096206665039,33.39132732020246,32.70096206665039,33.30503263171921,10747800
2009-07-06,32.55881881713867,32.629885465181225,31.761853801654212,32.33038892241553,10673300
2009-07-07,31.827857971191406,32.53344937791879,31.80755265312713,32.452231978505104,9519400
2009-07-08,31.868471145629883,32.06644318350006,31.421765704023024,31.812632481323533,11905600
2009-07-09,32.020751953125,32.310095933967084,31.868464016747865,32.294865978476444,8580300
2009-07-10,31.167951583862305,31.370998961483465,30.903988250175196,31.350693642794816,16790000
2009-07-13,31.695859909057617,31.71616521723625,30.919200267222212,31.19839147720572,15929100
2009-07-14,31.980133056640625,32.1527243283714,31.660331183876327,31.980133056640625,12881000
2009-07-15,32.7771110534668,32.85833233001484,32.48776703324074,32.56391101179363,13601500
2009-07-16,32.93953323364258,33.04105590562925,32.49282805492286,32.61973333132704,10292100
2009-07-17,33.05630111694336,33.167974552007465,32.599441163160215,32.85325181827938,11911100
2009-07-20,33.32027053833008,33.563930530119414,33.05123179860789,33.345653159107115,9632300
2009-07-21,33.62990951538086,33.782197447229215,33.19843220560118,33.67559357122958,9759500
2009-07-22,33.4725456237793,33.94970695326418,33.1984296909215,33.26949635430952,9911400
2009-07-23,34.4624137878418,34.563936510607924,33.46239908993658,33.487781707049926,11272000
2009-07-24,34.736541748046875,34.82283647939752,34.233997513472225,34.34567487067658,8897100
2009-07-27,34.949729919433594,35.020796600124044,34.629929856326555,34.83297917523226,7844300
2009-07-28,34.69083786010742,34.78728714663151,34.284743142911104,34.62484848518435,10773100
2009-07-29,34.071529388427734,34.4268626068111,33.73649760580203,34.26442401085848,10749700
2009-07-30,34.36595916748047,34.77205774133399,34.01570311719591,34.482713766137344,11541900
2009-07-31,35.26444625854492,35.376123544970355,34.015698540305316,34.08676520024105,16302600
2009-08-03,35.736541748046875,35.80760842310985,35.43704315498721,35.6654750729839,13222100
2009-08-04,35.741615295410156,35.76191673800371,35.35074475073312,35.51826069845185,9692400
2009-08-05,35.4268913269043,35.78222469112873,35.2289193278588,35.746691354706286,9231300
2009-08-06,35.15277099609375,35.4725709842175,34.87865506076936,35.46242026343188,8660700
2009-08-07,35.2796745300293,35.609629095166426,35.10200787890701,35.37104650386969,9086500
2009-08-10,35.14263153076172,35.42689827791645,34.94465562002872,35.168010277275414,7914600
2009-08-11,34.48779296875,35.076631673242886,34.35581034402928,34.93957562387988,9080700
2009-08-12,34.88373947143555,35.14262744195525,34.52840220599128,34.57409014095053,8962200
2009-08-13,34.78728485107422,35.056323503263606,34.55377953270527,35.056323503263606,8299700
2009-08-14,34.838043212890625,34.858348526594064,34.310116675128995,34.80758717875676,8835100
2009-08-17,34.14077377319336,34.386872090067996,34.017726570556064,34.17153850755272,13435800
2009-08-18,34.32020950317383,34.39711153131533,34.09461978969588,34.125380600952475,7872300
2009-08-19,34.945716857910156,35.12003339426998,33.8690411720176,33.96645565504214,11183300
2009-08-20,35.18156433105469,35.2635945043623,34.86881622764347,35.027752377652284,7957000
2009-08-21,35.75065612792969,35.86344710533668,35.40714335370027,35.61222461447612,15265900
2009-08-24,36.278743743896484,36.37103013095344,35.84294843730543,35.94035902082086,9749000
2009-08-25,36.22234344482422,36.65813871718402,36.07365961560028,36.468437849912085,11391400
2009-08-26,36.44791793823242,36.50431537002006,35.771152668379656,35.940344963742554,7233600
2009-08-27,36.401790618896484,36.51458552554349,35.653247224857694,36.25310677937093,8321900
2009-08-28,36.23773956298828,36.606885242221715,36.09931188907661,36.55048776836095,7307000
2009-08-31,35.858314514160156,36.08390032775708,35.596835870101394,35.8839472210059,8048200
2009-09-01,35.109779357910156,36.02751104960845,35.0072367725251,35.73014733099097,11748200
2009-09-02,34.884193420410156,35.453292119223384,34.86368490107634,35.06876618281445,8070700
2009-09-03,35.03287124633789,35.1969354612835,34.84317040871976,35.07901247322911,7238400
2009-09-04,35.35586929321289,35.43790335120418,34.940582631529765,34.950834932979085,6137600
2009-09-08,36.135196685791016,36.24286351127094,35.74041441409667,35.750670632676446,9683100
2009-09-09,36.05828094482422,36.41717026606822,35.858327764188246,36.23772560544622,8028300
2009-09-10,36.632511138916016,36.78119500486561,36.083920832219725,36.34539962486218,9772300
2009-09-11,36.27361297607422,36.89398101129069,36.08391210781131,36.80682273868344,9905800
2009-09-14,36.42229461669922,36.46843584827063,35.79679851139906,35.8583240650941,7194400
2009-09-15,36.72477722167969,36.76066614107906,36.07877667249103,36.57096924351046,10419000
2009-09-16,37.145198822021484,37.222104781125374,36.67864278356379,36.84270700423896,11082100
2009-09-17,36.899112701416016,37.29901908429882,36.81707861692701,37.006779503607504,8641400
2009-09-18,37.24261474609375,37.61688834210245,37.170836891231765,37.34002922552062,16088900
2009-09-21,36.94013214111328,37.114448714565086,36.642764432941824,36.704286088700954,9375200
2009-09-22,37.23748779296875,37.41180823989327,36.99139340055747,37.28363293629577,7084700
2009-09-23,36.59149169921875,37.36566781434296,36.52996613754781,37.17084273645216,9853100
2009-09-24,36.25311279296875,36.70941669165856,35.971129391176696,36.55560863020862,10006100
2009-09-25,36.227474212646484,36.601743955416744,36.07366226447219,36.186457171586625,7253000
2009-09-28,36.76066970825195,36.89910120479606,36.17106653399123,36.2941137107866,6022900
2009-09-29,36.355655670166016,36.81195957209355,36.2941300981889,36.65814759795126,7859100
2009-09-30,36.10955047607422,36.47356790710706,35.77116576149144,36.46331560284709,13851300
2009-10-01,35.27897262573242,36.094169667250895,35.222575173921705,36.094169667250895,9249900
2009-10-02,34.93547439575195,35.26873110059413,34.87907692670475,34.97649144807745,8963500
2009-10-05,35.57633972167969,35.78654911350326,34.79703553627556,35.00211290870813,9777800
2009-10-06,36.17620086669922,36.324884706475885,35.64811917705125,35.96086726906418,8461400
2009-10-07,36.15056610107422,36.24285248220208,35.62760863748296,36.048023504487645,6933700
2009-10-08,36.632511138916016,36.822212053045014,36.24798511333634,36.34539962486218,10122200
2009-10-09,37.304141998291016,37.39642837469108,36.63250073775731,36.88372715282407,8812300
2009-10-12,37.770713806152344,37.99117557983268,37.49898267125364,37.52461930766359,6790200
2009-10-13,37.97578048706055,38.15010094175947,37.54511332533382,37.801463943961636,9040600
2009-10-14,38.688446044921875,38.83200180687391,38.22188981857777,38.39107830282059,9284200
2009-10-15,39.31904983520508,39.40620808613565,38.46283599872522,38.549998161254884,10286700
2009-10-16,39.38057327270508,39.47285963427769,38.95503429974177,39.15498743121589,9872000
2009-10-19,39.81638717651367,40.01634038234159,39.24216027857668,39.44724159295423,8213600
2009-10-20,39.493385314941406,39.842022397794416,39.12936781707445,39.842022397794416,8161100
2009-10-21,39.46261215209961,40.17526651010159,38.821735649464756,39.27291129914378,8670700
2009-10-22,39.62668991088867,39.852279768555974,38.965304664946785,39.27805281794879,12671400
2009-10-23,39.313934326171875,39.672823657707994,39.06783599054686,39.549776445695656,8329200
2009-10-26,38.68330764770508,40.21628719758812,38.626910197423086,39.45748762844868,11143100
2009-10-27,39.26778793334961,39.60617264516769,38.69869312896503,38.87300968116207,9573800
2009-10-28,38.908912658691406,39.498520107467954,38.775609186678935,39.165263383237594,11992600
2009-10-29,39.965065002441406,40.103496544741574,38.801234765787136,39.04733311232047,14869300
2009-10-30,39.242149353027344,40.2470432109404,38.7448285753929,40.118867914090266,19335400
2009-11-02,39.293418884277344,39.78561155723034,38.82686283546135,39.406213771920676,11207900
2009-11-03,39.32419204711914,39.647196401592055,38.73971282005496,38.86788815777256,8714500
2009-11-04,39.10883712768555,39.73433306108356,38.96528145344969,39.52925185006145,10695700
2009-11-05,39.601036071777344,39.86251475577689,39.24727493511848,39.28316385946356,9346100
2009-11-06,39.749732971191406,39.77536960199771,39.057586967028705,39.257540170195696,7746600
2009-11-09,39.81638717651367,40.185528848472394,39.73435308612236,40.13938760632783,13749300
2009-11-10,40.1650276184082,40.216300890012526,39.65745430465715,39.68821904994003,10638200
2009-11-11,40.252174377441406,40.57517474187761,39.99069565674548,40.43674713186208,7912700
2009-11-12,39.693321228027344,40.29830872828926,39.51387661176306,40.154753035277835,8604200
2009-11-13,39.959957122802734,40.25219682836741,39.60619182758156,39.631828467838965,7898700
2009-11-16,40.658172607421875,40.787476043027205,40.33232937026642,40.399565736211215,8952600
2009-11-17,40.761619567871094,40.88058048177913,40.451292067540386,40.575422278467016,6740900
2009-11-18,40.818504333496094,40.85470913472289,40.394389256541885,40.76678375260458,7309200
2009-11-19,40.00131607055664,40.69438466079799,39.7944336935565,40.611628553175215,8863500
2009-11-20,39.70649337768555,39.94441514838433,39.515126837203766,39.74787142007032,10630700
2009-11-23,40.725399017333984,40.984005825323706,40.42024487799894,40.502997004621754,8986100
2009-11-24,40.875396728515625,40.97884183271272,40.306462466527,40.72023499126086,8528300
2009-11-25,41.1909065246582,41.284005166066144,40.67886596992859,40.91678384329819,7543700
2009-11-27,40.430599212646484,40.72024160541747,39.95993673668894,40.1513033049894,5649700
2009-11-30,40.36336135864258,40.68920459924155,40.104754484698965,40.26508948381513,9299800
2009-12-01,40.89091491699219,41.077112169490725,40.77195797269047,40.911603939050636,7209500
2009-12-02,40.72024154663086,40.865060769793345,40.404740833586374,40.85471428469438,6316200
2009-12-03,40.32198715209961,40.76679133332875,40.203030188531415,40.658176909451136,7624200
2009-12-04,40.37887954711914,40.98919196385424,40.094410390409905,40.72541183181731,9971300
2009-12-07,40.430599212646484,40.81850953783223,40.18750811083228,40.301295770917896,7518800
2009-12-08,39.701332092285156,40.332333554871965,39.54099313220005,40.2857822612898,9061700
2009-12-09,39.85649108886719,39.98579452888664,39.406517643057306,39.77891218167778,7164500
2009-12-10,40.04268264770508,40.518518292071235,39.98061953080435,40.16681677356107,10864100
2009-12-11,40.218544006347656,40.430599600884314,39.97545290219916,40.171992714943855,6707000
2009-12-14,39.95994567871094,40.70990423014726,39.861673778277535,40.57542751576925,8525900
2009-12-15,40.01683044433594,40.32715791432979,39.83063317313405,39.835802469647305,10296900
2009-12-16,40.28578567504883,40.69955832538966,40.10993486357247,40.29095891833592,12169800
2009-12-17,39.71167755126953,40.10993441330681,39.67547274072327,40.07889889996116,8997500
2009-12-18,39.77375411987305,40.172007130884296,39.59789932239258,40.042703641512816,16605200
2009-12-21,40.084083557128906,40.34269054782006,39.96512260515799,40.135804166061234,6742500
2009-12-22,40.078895568847656,40.363364732373796,39.97545438903528,40.25475030976238,6770300
2009-12-23,39.84614181518555,40.30646166817004,39.83579533195716,40.27543011053918,7342600
2009-12-24,40.047874450683594,40.08407926766483,39.835814846915525,39.835814846915525,2565500
2009-12-28,40.22372817993164,40.2909685206033,39.985810230394286,40.22890142445163,4192800
2009-12-29,39.934059143066406,40.31162678425404,39.923716607949906,40.24438649490445,4810600
2009-12-30,40.161643981933594,40.17198651952388,39.825454292853394,39.87717487285943,4300800
2009-12-31,39.820289611816406,40.228888989953326,39.78925804634692,40.19785742448384,4246600
2010-01-04,40.89091491699219,40.96332452118301,40.42542573177333,40.446110807804295,10173800
2010-01-05,41.1805419921875,41.1805419921875,40.71504903374773,40.973655794433604,10593700
2010-01-06,41.185733795166016,41.3771043232311,40.9581624046874,41.087465855697495,11014600
2010-01-07,41.03057098388672,41.22193756108388,40.84437370345895,41.04608676625102,9626900
2010-01-08,41.103004455566406,41.103004455566406,40.803019335648386,40.921980312867724,5624300
2010-01-11,41.8322639465332,41.94087840534266,41.40814865431225,41.465042505978545,11916800
2010-01-12,41.58916091918945,41.609845997375174,41.10297871523941,41.128837035985505,12175200
2010-01-13,41.27366638183594,41.58916714275743,40.90644107962623,41.51675357415961,10842200
2010-01-14,41.14435958862305,41.273663039315096,40.93747327831012,41.1857336938631,6721000
2010-01-15,40.978851318359375,41.21676919404424,40.48749583824719,41.13918633444462,13482300
2010-01-19,41.21160125732422,41.2478060703285,40.637493546807264,40.839206640120935,8722200
2010-01-20,40.42025375366211,40.82367983134793,40.16164688888632,40.70989217948217,8703800
2010-01-21,39.43238067626953,40.435776753471906,39.339282030487574,40.420260970179626,12573200
2010-01-22,38.57897186279297,39.61339936666443,38.49621971441769,39.29790260832918,13825000
2010-01-25,38.55827331542969,38.93066377207072,38.320351600149415,38.86860066897708,9129700
2010-01-26,38.35140609741211,38.72896998170219,38.118657507425674,38.31520128732911,10558200
2010-01-27,38.118656158447266,38.46001916660222,37.82384444505353,38.24279031379172,13373200
2010-01-28,37.8807373046875,38.366919535535025,37.40490155953314,38.25830511192553,12828800
2010-01-29,37.30146408081055,38.31002950444391,37.11009353677538,38.030733553431176,15265600
2010-02-01,38.05659866333008,38.13935083312119,37.31180940506611,37.60144791837819,11828500
2010-02-02,38.506553649902344,38.573793948088635,37.75659545556556,38.13933244159746,12947600
2010-02-03,37.865211486816406,38.46000798363541,37.78245935334337,38.36690936721133,14540300
2010-02-04,36.91354751586914,37.66867913284793,36.75320856677867,37.529029207705506,15248400
2010-02-05,36.815277099609375,36.84630866374901,35.97222005691614,36.72217846116249,17307000
2010-02-08,36.27220153808594,36.954923580521815,36.27220153808594,36.84630915854656,11595600
2010-02-09,36.882511138916016,37.25490566916118,36.62907750706552,36.66528231161559,13051900
2010-02-10,36.5928840637207,36.84114847630682,36.20497363194981,36.73253008290548,11618700
2010-02-11,37.099754333496094,37.29629419254306,36.365307605417755,36.57736719594085,11273800
2010-02-12,37.078857421875,37.23028542181257,36.64023770071203,36.83343976624495,13809100
2010-02-16,38.11274719238281,38.285062259215465,37.559254656999684,37.59058322049837,14230800
2010-02-17,38.03441619873047,38.34249496834667,37.835995352800865,38.23284102845444,8728000
2010-02-18,38.44169616699219,38.4939117444971,37.77332323003243,37.95608372698943,9848000
2010-02-19,38.666236877441406,38.83854793002374,38.227617147009575,38.34771659218563,13113200
2010-02-22,38.09708023071289,38.75500790446827,38.00831331784759,38.728898114192745,8683400
2010-02-23,37.6166877746582,38.08141332622085,37.47570129095595,37.90909828338228,11907600
2010-02-24,37.773338317871094,37.83077667120711,37.392160864417306,37.65846559499386,8921000
2010-02-25,37.65324783325195,37.69502191099872,36.958768729944445,37.17285789055013,11761100
2010-02-26,37.75246047973633,37.95610413012848,37.50181999567156,37.69502211846722,8978800
2010-03-01,38.01875305175781,38.211955132824414,37.799445165440794,37.92476338850845,7428100
2010-03-02,38.28505325317383,38.59313199568766,38.123183734781655,38.211950633010005,9257200
2010-03-03,38.18584442138672,38.56180306530275,38.14929310788346,38.44692637035125,8194200
2010-03-04,38.15973663330078,38.379044502921154,37.9665345669433,38.15451387913053,9419900
2010-03-05,38.79677200317383,38.88553889322273,38.38426212237796,38.4051491524707,8750200
2010-03-08,38.974308013916016,39.09962621785122,38.71844885227509,38.8959826425338,6474000
2010-03-09,38.79677200317383,39.11529224044919,38.640121269375115,38.79677200317383,8480100
2010-03-10,38.61924362182617,38.8124457092772,38.24850771114551,38.713233288181456,14652900
2010-03-11,38.634910583496094,38.68712618314063,38.40516114830116,38.67668465672968,7024700
2010-03-12,38.49393081665039,38.76545434448055,38.384276854423106,38.72890302373812,7681900
2010-03-15,38.415584564208984,38.446913112467314,38.03962604993703,38.38425601595066,8807600
2010-03-16,38.62968444824219,38.70278707056802,38.33205120483155,38.58791038297196,9828300
2010-03-17,38.98997116088867,39.19361473030128,38.72367048322219,38.734112006666585,10292000
2010-03-18,39.0369758605957,39.19884540133777,38.76544839067303,39.08396870127776,9916100
2010-03-19,39.15187072753906,39.24586043630997,38.582709717816236,39.151870727539055,16610700
2010-03-22,38.88032150268555,39.099629373218924,38.640126599178394,38.728893501471305,9317900
2010-03-23,39.04219436645508,39.05263987573212,38.655794182889856,38.86466054669076,8006700
2010-03-24,38.603580474853516,38.90121376308506,38.52525508662527,38.78111430329579,8997600
2010-03-25,38.53568649291992,38.963860610228224,38.478248161493774,38.84898394737593,10510300
2010-03-26,38.864662170410156,39.099634349631444,38.546141848660156,38.64013151710761,10411500
2010-03-29,39.28239440917969,39.39204835698934,38.89599023065653,38.95865133674547,8818000
2010-03-30,39.31893539428711,39.423366559868654,39.14139763224615,39.30326713403563,6378100
2010-03-31,39.59568786621094,39.75755739374586,39.20406495730186,39.40770855123104,9875500
2010-04-01,40.04475402832031,40.27450345405815,39.861993461395016,39.893326006927914,7859300
2010-04-05,40.55125427246094,40.59824711574319,40.06564163957035,40.19095987211782,8108600
2010-04-06,40.66611862182617,40.72877971709523,40.31104704955615,40.504249105456914,6490000
2010-04-07,40.39982604980469,40.640020987584826,40.18573691912111,40.556472843768375,9431400
2010-04-08,40.55125427246094,40.72878810325362,40.013422057530356,40.17007283606078,6880500
2010-04-09,41.512027740478516,41.57468883915835,40.728781934054396,40.749668966947674,9804100
2010-04-12,41.99763488769531,42.190836929215095,41.44414253063009,41.51202239094012,10000000
2010-04-13,41.882774353027344,42.070753713486226,41.39193891362969,41.992428315995824,7978500
2010-04-14,42.07596969604492,42.09163397626249,41.78877794607433,42.013308591380095,7290400
2010-04-15,42.60334777832031,42.69211866293965,42.03941383252935,42.09162942220335,9702500
2010-04-16,42.16473388671875,42.76522315369095,41.91931622235491,42.53546976853428,12861900
2010-04-19,42.46235275268555,42.55634237987011,41.79920659362273,41.90363774214204,9335900
2010-04-20,42.84355926513672,43.00542883588227,42.63991561684545,42.7234597881416,11470000
2010-04-21,42.775665283203125,43.16728820409528,42.420593675575795,42.974090112750204,9416400
2010-04-22,42.399715423583984,42.5302564242524,42.10730485690119,42.352722575565046,9421100
2010-04-23,43.16728210449219,43.21949768980746,42.26915969541182,42.31615651085123,9918100
2010-04-26,43.12552261352539,43.41271440548346,42.99498161423447,43.08897129307574,9792600
2010-04-27,41.89322280883789,43.08375618623314,41.80967464996325,42.85922548900189,13042800
2010-04-28,42.096866607666016,42.25351343038859,41.694798063374186,42.096866607666016,12115700
2010-04-29,42.9688606262207,43.334373701602416,42.394481228994984,42.394481228994984,12274500
2010-04-30,42.52503967285156,43.40749417031327,42.446714271970365,43.01065237776053,13910300
2010-05-03,43.25082778930664,43.55368374436982,42.467582102359955,42.79654385671188,11650700
2010-05-04,42.16994094848633,42.942740982952095,41.579893425959995,42.82264556452497,16274300
2010-05-05,41.872314453125,42.1542833700914,41.48591039073023,41.61123256524427,13028600
2010-05-06,40.31105422973633,41.882768791157325,37.334721390708225,41.46504003300662,21059200
2010-05-07,40.258846282958984,41.04731509090386,39.89855580795796,40.3215074012961,21866100
2010-05-10,41.71566390991211,42.06551268509686,41.005520853057206,41.444140498193924,14661800
2010-05-11,41.616455078125,42.164728685509836,41.5068011534068,41.58512652357518,12018600
2010-05-12,41.8044319152832,42.013298228854794,41.4389188543781,41.653003937538635,9257800
2010-05-13,41.20915985107422,41.80442617352879,41.12039297473116,41.66866647457812,10839600
2010-05-14,40.640018463134766,40.98464457548344,40.196179932115555,40.94809326078291,13602800
2010-05-17,40.96678161621094,41.0827269271962,40.02864793975314,40.78758609742966,14694000
2010-05-18,40.50297546386719,41.462186972616074,40.26053783209454,41.27245247453463,15321500
2010-05-19,40.37123489379883,40.58205155020635,39.81257417216319,40.23947498616829,10773200
2010-05-20,38.79010772705078,39.73878046800547,38.75321512162434,39.54904591981453,17879100
2010-05-21,39.253929138183594,39.34352494614053,37.94686856289072,38.13133170309469,15919100
2010-05-24,38.705780029296875,39.201194397664224,38.63726232464552,39.116870173236784,10540700
2010-05-25,38.24726104736328,38.31050724268125,37.31440278713173,37.80981724364776,22304600
2010-05-26,37.70966720581055,38.73739233277338,37.651692555469964,38.574011420535996,16888700
2010-05-27,39.19064712524414,39.19064712524414,38.10494733052852,38.54238694330783,15252900
2010-05-28,38.932411193847656,39.21174149898668,38.49496742267137,39.000924884601154,14445500
2010-06-01,38.09968185424805,39.27497756153198,38.09968185424805,38.76902017827621,13966400
2010-06-02,39.0694465637207,39.0694465637207,38.010099796045246,38.2947016805082,15674100
2010-06-03,38.95349884033203,39.39621017509929,38.54767609580233,39.34877854108554,14278800
2010-06-04,37.56737518310547,38.32104183429089,37.31439847306679,38.025900998915,18133300
2010-06-07,37.60426712036133,38.20509182228388,37.519942892175266,37.767652097896224,12324200
2010-06-08,37.43035125732422,37.80455291814198,36.797905334999506,37.77819932929798,16572400
2010-06-09,37.30912399291992,38.15238632781802,37.208985208434775,37.50939754089822,14074500
2010-06-10,39.09053039550781,39.09053039550781,38.31051395488708,38.40538125398889,13937400
2010-06-11,39.03255081176758,39.032550811767585,38.363212300622685,38.726870905028186,8346000
2010-06-14,39.095794677734375,39.812568800208844,39.085255655783016,39.12214826410188,11948000
2010-06-15,39.6491813659668,39.66499190681519,39.09578831032064,39.30133338333388,11760200
2010-06-16,39.501617431640625,39.733516148346645,39.23809762483584,39.32242589309008,10424400
2010-06-17,39.69661331176758,39.786209057966104,39.106327649004356,39.53849986001197,11113500
2010-06-18,39.802024841308594,39.923245706419635,39.47526289543062,39.775675276540206,13680200
2010-06-21,39.907432556152344,40.71380236744985,39.68080540478833,40.4819036950795,9347000
2010-06-22,39.00092697143555,39.90743564710342,38.93768077743801,39.765132715857135,10576400
2010-06-23,38.08388900756836,38.94823377481734,38.025914320168056,38.91660865923935,14876400
2010-06-24,37.330204010009766,38.01535286041715,37.26168631027479,37.84143290345489,14188300
2010-06-25,36.924381256103516,37.488313286540155,36.82951399766596,37.488313286540155,20472800
2010-06-28,36.87168502807617,37.193179462984034,36.69776101817667,37.1879079418073,10873900
2010-06-29,36.02841567993164,36.5712656483196,35.838681163855426,36.471126870115,16421100
2010-06-30,35.764892578125,36.39733822448434,35.73327150210444,35.95462707623107,12871000
2010-07-01,35.564632415771484,35.99680470795724,35.2220558866137,35.93883003282317,16335700
2010-07-02,35.47502517700195,35.9177404194484,35.24313054618907,35.72800588997021,9143600
2010-07-06,35.60678482055664,36.00733593816809,35.23785880498819,35.986253877136754,15039500
2010-07-07,36.60289001464844,36.629243596855964,35.56989312378853,35.74381711597717,15691100
2010-07-08,37.108863830566406,37.25643428978006,36.476413835516325,36.987642941358935,13478900
2010-07-09,37.862510681152344,37.94683891993935,36.919113640921026,37.1351977160772,11390300
2010-07-12,37.8677864074707,38.01535682074754,37.60426666347857,37.699133932155426,7352000
2010-07-13,38.59510040283203,38.779563404748075,38.21035983798555,38.46860804066801,13751300
2010-07-14,38.500244140625,38.53713675154785,38.131314010403464,38.47916207424151,11750500
2010-07-15,38.49496841430664,38.59510721344266,38.03117506750508,38.59510721344266,10507600
2010-07-16,37.68332290649414,38.389553881238925,37.55156303619171,38.28941911408373,12060700
2010-07-19,37.94684600830078,38.1049594750657,37.67805472319742,37.862517753761495,8350600
2010-07-20,38.52658462524414,38.584559288883,37.398720476075255,37.419802537488664,8922500
2010-07-21,38.03644561767578,38.76376281331084,37.720222673091925,38.64781346206508,9045400
2010-07-22,38.705780029296875,39.000920846281005,38.25252576264722,38.368475089603,9552500
2010-07-23,38.7479248046875,38.76373936019242,38.29994223581929,38.6214365075814,8426300
2010-07-26,39.32767868041992,39.32767868041992,38.68996153426339,38.90604558199006,6467000
2010-07-27,39.68606185913086,39.75457552223279,39.26442880052752,39.45416327479994,8163500
2010-07-28,39.82310485839844,39.875812027210806,39.533235534892604,39.59647770387955,7392400
2010-07-29,40.0655403137207,40.25000735225921,39.67553221648107,39.997026627486996,13346400
2010-07-30,40.165679931640625,40.2500081819671,39.4699879504164,39.607019346700774,16955000
2010-08-02,41.0036735534668,41.28300383724028,40.75069283135578,40.908806285299185,11863000
2010-08-03,41.45692825317383,41.69936593628692,41.008941469451095,41.06691613508598,11788000
2010-08-04,41.64665222167969,41.688816339328056,41.23029462812464,41.52016388972615,8067500
2010-08-05,41.67301940917969,41.73626560630589,41.235575592957424,41.37787853124317,9304600
2010-08-06,41.49382019042969,41.64665810174888,41.00894081099671,41.23030044940852,8986800
2010-08-09,41.788970947265625,41.86275617061158,41.567615277227745,41.79424246921693,7015200
2010-08-10,41.657196044921875,41.88909467535703,41.18813128499014,41.393676336151614,8406900
2010-08-11,40.65054702758789,41.09853372945657,40.59257237254586,41.09326220963689,10589700
2010-08-12,40.61893844604492,40.99313604852499,40.16041258447444,40.27109442977878,8993100
2010-08-13,40.7928581237793,40.98786016543784,40.53460989453317,40.60312358200884,7087800
2010-08-16,40.95625305175781,41.01949926091781,40.2500218106093,40.64003004794514,7284800
2010-08-17,41.37118148803711,41.536094455095075,41.004126044733496,41.26478942940354,7360500
2010-08-18,40.98284149169922,41.34990094586569,40.71685732110818,41.28606328382916,8308800
2010-08-19,40.3444709777832,40.86580165949612,40.16360371711685,40.81260564509988,8870600
2010-08-20,39.92422103881836,40.1955219394387,39.658236898809164,40.14232592315604,9303600
2010-08-23,39.92422103881836,40.42426846219044,39.92422103881836,40.07848826845931,9991400
2010-08-24,39.248626708984375,39.84443275995941,39.16351387804319,39.509290080649905,11261600
2010-08-25,39.40290451049805,39.52525904469121,38.60495180347411,39.00392815698608,9711900
2010-08-26,39.00925064086914,39.5678151244362,38.886896101460636,39.562498361686174,8176900
2010-08-27,39.860382080078125,39.91889891365342,38.796445554848326,39.30713459992714,8789500
2010-08-30,39.248626708984375,39.79123673329658,39.24862670898438,39.700799023513426,7558900
2010-08-31,39.40822982788086,39.64761404386152,38.956057387363046,39.10500792695971,9227500
2010-09-01,40.83920669555664,40.91368599527719,40.0252958042723,40.08913346463438,10549900
2010-09-02,41.20094680786133,41.216909267475316,40.67962010117016,40.82857058879621,5995000
2010-09-03,41.49353790283203,41.49353790283203,41.169036833006736,41.169036833006736,7189100
2010-09-07,40.988162994384766,41.445656100110945,40.945604552318045,41.32330159381823,5880200
2010-09-08,41.09455490112305,41.429693499416146,40.998800436096964,41.04667969790821,6940700
2010-09-09,41.1530876159668,41.642497711034316,41.105208335689554,41.43503029989487,6646200
2010-09-10,41.92974853515625,41.92974853515625,41.46161781084382,41.66908515923429,8223500
2010-09-13,42.158477783203125,42.29679064482909,41.84993526826639,42.22231542516782,8586400
2010-09-14,42.29680252075195,42.546828282071026,42.121252000005,42.15848962029106,8447300
2010-09-15,42.137203216552734,42.20104086555812,41.77014383731393,42.05740716994488,7240700
2010-09-16,42.05209732055664,42.09465170162467,41.70099628122114,42.02017646151039,6905600
2010-09-17,41.73824691772461,42.413849167649055,41.62121320144809,42.24893617716967,12326500
2010-09-20,42.5042610168457,42.626611432983225,41.74354631015482,41.78078392270911,7730700
2010-09-21,42.42447280883789,42.67981938393984,42.07869259491497,42.578744106083384,8598700
2010-09-22,42.158477783203125,42.77024199493077,42.1531569650573,42.5202163038129,6776600
2010-09-23,41.780799865722656,42.2223346249185,41.57865332880503,41.77015822459193,6802000
2010-09-24,42.62131118774414,42.71174484490317,41.87123376889151,42.16381802275536,8256000
2010-09-27,42.60002517700195,42.88196774475389,42.594704357252965,42.71705885990192,8380700
2010-09-28,43.02560806274414,43.19583780949556,42.33405149220283,42.79686146005343,7826200
2010-09-29,43.23838424682617,43.46180996637043,42.81812878848559,42.95112086801377,8851100
2010-09-30,43.11603546142578,43.72247904266411,42.733017608307605,43.456494873398306,10120300
2010-10-01,43.59480285644531,43.812911819052935,43.34478115150454,43.56288605551591,9570600
2010-10-04,43.25433349609375,43.69586808077919,42.919194987679376,43.56287602938686,7602500
2010-10-05,44.36085510253906,44.41937196514504,43.594819125586476,43.717173672471084,11597600
2010-10-06,44.626834869384766,44.844943891412676,44.26509614544868,44.30765459734642,8650300
2010-10-07,44.42999267578125,44.951323419565654,44.12145413210908,44.90876497954321,7714000
2010-10-08,44.653411865234375,44.73852466649509,44.126760426714846,44.403386162651515,6879000
2010-10-11,44.531063079833984,44.685334364074784,44.339554179300286,44.60553831241978,4790700
2010-10-12,44.6002311706543,44.78110254711218,43.956549858142466,44.344888597368744,8528900
2010-10-13,44.509788513183594,44.74385587353816,44.07889547125469,44.39275483300631,11647800
2010-10-14,44.63214111328125,44.64277869348268,44.13208961329728,44.49914903848518,6718600
2010-10-15,44.477867126464844,44.972597777095395,44.217203812053924,44.89280172532999,9502500
2010-10-18,44.940677642822266,45.094944857225826,44.36615098308696,44.408709415347836,7800200
2010-10-19,44.04166030883789,44.51511181699723,43.6958800686348,44.35551968810459,9455500
2010-10-20,44.69595718383789,44.961941229122466,44.116113913242856,44.22782672523105,8835000
2010-10-21,44.81834030151367,45.21731662467255,44.3608471262704,44.956653229949254,9521400
2010-10-22,44.9779167175293,45.10558795986388,44.77576618702095,45.10558795986388,5555000
2010-10-25,45.148162841796875,45.637572831210015,45.07900434728175,45.28647171363291,6757400
2010-10-26,45.29711151123047,45.34498672062545,44.946010407946254,45.031127302777676,5968600
2010-10-27,44.85025405883789,45.02580460315381,44.307648082021245,45.02580460315381,9557300
2010-10-28,44.91940689086914,45.56308808037079,44.738535548976536,45.3609375183381,8519800
2010-10-29,43.94058609008789,44.27572875717973,43.6107683016439,44.09485740280379,12463000
2010-11-01,43.328826904296875,44.727906469606765,43.13731794523238,44.233175668456326,12781900
2010-11-02,43.70119857788086,43.86078663973893,43.472452036481016,43.81291143876037,9528800
2010-11-03,43.99378204345703,44.217211840688044,43.57353060780495,43.97250688047934,10036500
2010-11-04,45.29177474975586,45.38220837473752,44.621493643959894,44.770448157488836,16295400
2010-11-05,45.2066650390625,45.387532301410936,44.711934389244554,45.06303133440154,14513200
2010-11-08,45.11090087890625,45.21729288578779,44.5736119093862,45.01514644927491,11799200
2010-11-09,44.45126724243164,44.82896422625031,44.206562325813735,44.63745938338934,13597200
2010-11-10,45.3077392578125,45.334339296321886,44.28636109315064,44.568303643527464,11795500
2010-11-11,45.797142028808594,45.85034209758867,45.21729861818357,45.21729861818357,11297200
2010-11-12,45.4514045715332,45.541838271584325,44.98326954331776,45.46204215917498,10571300
2010-11-15,45.14282989501953,45.73331502789798,45.126871495524874,45.610960534112245,9252400
2010-11-16,44.252201080322266,44.84237265747658,43.95711324508236,44.826277701613584,12360200
2010-11-17,44.24147415161133,44.60094185719129,44.04832646941068,44.214650586116036,7847300
2010-11-18,44.97114562988281,45.05699086987605,44.50437134740385,44.55266031823163,7590000
2010-11-19,45.035518646240234,45.04624725197631,44.43461439188613,44.90138856124984,8130900
2010-11-22,44.77262496948242,44.84237524000641,44.0214996971144,44.78335766955953,6791900
2010-11-23,43.860538482666016,44.26292874397488,43.53862709228401,44.246833788454595,9507700
2010-11-24,44.49363708496094,44.53655969950309,43.99467294755442,44.0751518264895,8042600
2010-11-26,44.02151107788086,44.30049995212586,43.88201459409497,44.23075375689631,2789700
2010-11-29,43.82836151123047,44.02150922114845,43.14161591744504,43.619118841040425,9070100
2010-11-30,43.44206237792969,43.78543514547061,43.173802147455454,43.26500964341839,10366000
2010-12-01,44.3702507019043,44.64924369811436,43.86055778394771,44.075166836418404,10629600
2010-12-02,45.335968017578125,45.427175491546784,44.27902230945521,44.370229783423866,10799500
2010-12-03,45.54521560668945,45.60423317709057,45.26086045475265,45.33060663189682,6724000
2010-12-06,45.57740020751953,45.716896638873216,45.330601347940096,45.49155908360398,5184200
2010-12-07,46.301700592041016,46.47874916889002,45.98515150657958,46.09782027123795,12560600
2010-12-08,46.21586990356445,46.569975355155485,45.9422433358192,46.414383937940585,6918300
2010-12-09,46.48951721191406,46.666570016699055,46.054932682593844,46.56462977879353,8076700
2010-12-10,46.693382263183594,46.7202099276993,46.26953054246223,46.65582598885774,7406700
2010-12-13,47.41230773925781,47.72348645060124,46.950899882217605,47.06356867149593,9910500
2010-12-14,47.417686462402344,47.723503023307416,47.28355632001719,47.52499303230673,7331300
2010-12-15,47.21915817260742,47.5517981770856,47.17623556127942,47.22452042902928,7608700
2010-12-16,47.782501220703125,47.86834644178601,47.13331208623425,47.25671356820953,7796700
2010-12-17,47.4766845703125,47.72884978945214,47.25671335559681,47.66983222355455,10832800
2010-12-20,47.64302444458008,48.07223841027094,47.5196229222813,47.72886560038754,8029800
2010-12-21,47.87373352050781,48.19027870033108,47.72350431856432,47.93274701889803,5962500
2010-12-22,48.243919372558594,48.26538068242098,47.9220079112753,48.0829656885801,4262400
2010-12-23,48.65167999267578,48.76434880853523,48.190272026779006,48.227828298732156,5095600
2010-12-27,48.35121154785156,48.608739002989,48.30828894088696,48.54972144174394,3138200
2010-12-28,48.92530059814453,49.05406435857301,48.35658614404369,48.45852633826789,5058100
2010-12-29,49.021881103515625,49.569130229698416,49.0111484009145,49.11308860899164,5301000
2010-12-30,49.14528274536133,49.32770186528625,48.90385012937542,48.99505764267436,4156500
2010-12-31,48.95748519897461,49.25257304846309,48.82335510253906,49.1345379086677,5152900
2011-01-03,49.32770538330078,49.563771664361916,48.984332526005176,49.17748026989987,7802300
2011-01-04,49.14528274536133,49.61742346046557,48.94140640504717,49.51011689188413,8513900
2011-01-05,49.05942916870117,49.397435564209964,48.55509865731337,48.780436254319234,6659500
2011-01-06,48.65703582763672,49.268668749153576,48.43169415129439,49.23111248531748,6220800
2011-01-07,48.92530059814453,48.98431817445053,48.431698678737476,48.81263179610386,6346300
2011-01-10,48.506805419921875,48.91455792705678,48.35121403167621,48.79652279850314,6848700
2011-01-11,49.2686882019043,49.354529370282705,48.721434891848354,48.75362891165171,7838900
2011-01-12,49.601322174072266,49.8159312082548,49.46719203937405,49.5530372903778,7845400
2011-01-13,49.45646286010742,49.68180050140694,49.241853828396394,49.36525535196145,5721900
2011-01-14,49.805198669433594,49.83202223826102,49.26331182187045,49.42426960814118,5557900
2011-01-18,50.08419418334961,50.29880322912596,49.858856527281624,49.86422287909098,7733200
2011-01-19,49.88032913208008,50.27735329597394,49.671086390749,50.2344306584373,6069900
2011-01-20,49.740814208984375,49.821293101266626,49.13454752800089,49.43499769297302,6513500
2011-01-21,50.31489181518555,50.400737059948376,49.95005771159665,50.094920538802285,7427500
2011-01-24,50.4865608215332,50.71726472071026,50.2504946664004,50.37389204658513,7282800
2011-01-25,50.475860595703125,50.66900834515901,50.08419874449329,50.31490277338074,7423200
2011-01-26,50.77631378173828,50.95336657791585,50.20760320491932,50.63681726717464,8832600
2011-01-27,50.835296630859375,50.94796539868393,50.59386414171032,50.73335646759316,6301100
2011-01-28,50.09490966796875,50.88895754307993,49.8588393894259,50.69580987760409,12444700
2011-01-31,50.931884765625,51.07138122405474,50.09491420169863,50.35244171675626,11167900
2011-02-01,51.623992919921875,51.76885162511033,51.06064486939017,51.307443759212646,9948200
2011-02-02,51.76348876953125,51.96199869311056,51.167950812141896,51.167950812141896,6607800
2011-02-03,52.20880126953125,52.278551544540136,51.37719706641614,51.811777300990315,10500300
2011-02-04,52.10151672363281,52.21955191267246,51.78496743545125,52.00494285017558,10529700
2011-02-07,52.396575927734375,52.702392343551594,52.18196698306919,52.19269558830613,10256500
2011-02-08,52.43949508666992,52.57362516706894,52.101488757661464,52.50924534820554,5710500
2011-02-09,51.63473129272461,52.24636432955916,51.345009734225115,52.17661813880663,8242700
2011-02-10,51.881526947021484,52.03175611451192,51.36646779560453,51.441580332686605,7286200
2011-02-11,51.74739074707031,52.13905243865323,51.446940634070245,51.55424307633433,7324900
2011-02-14,52.4068717956543,52.52039211825667,51.62306770527164,51.62306770527164,6994000
2011-02-15,52.07712173461914,52.35280623060188,51.70954790545778,52.206858041029676,7626700
2011-02-16,52.25012969970703,52.44472600876306,51.93660632136523,52.28256173053074,6786600
2011-02-17,52.525779724121094,52.61767317419609,52.1149604917465,52.19604052174715,6616600
2011-02-18,53.36365509033203,53.41230311986205,52.4501147107751,52.655528499757054,8860500
2011-02-22,54.2285270690918,55.20152860929946,53.63932355937964,53.63932355937964,15723400
2011-02-23,55.282630920410156,56.18536209489901,54.33665842323323,54.34206513511154,17174700
2011-02-24,55.15288162231445,55.904253500287325,54.893417270095426,55.72586918056704,16467900
2011-02-25,55.19072723388672,55.47722104877038,54.78531052434674,54.979910874854895,8516400
2011-02-28,56.082672119140625,56.18537905526808,55.233999559025186,55.28805432178709,10219700
2011-03-01,55.62318420410156,56.75294367508807,55.59074805662654,56.25563340434127,12266900
2011-03-02,55.93128967285156,56.20156747807526,55.23937915133679,55.70425730625053,8335000
2011-03-03,56.32047653198242,56.52588612879455,55.85019178178108,56.13127881552984,7537800
2011-03-04,56.082672119140625,56.63944401140493,55.40697727433171,56.288081867281484,9850500
2011-03-07,55.682655334472656,56.634030593984875,55.68265533447265,56.282672615566575,8222500
2011-03-08,56.09346389770508,56.239416248090215,54.83937482249834,55.89886763737948,8913900
2011-03-09,55.212364196777344,56.04482055001366,55.08263197100806,55.77454267392835,7102000
2011-03-10,53.5582275390625,54.85556126374589,53.13118829796491,54.85556126374589,12553000
2011-03-11,54.01771926879883,54.460974679388684,52.75822377774177,53.028501567713924,6872700
2011-03-14,54.48801803588867,54.59612752986703,53.531232105317514,53.601506988105,7353600
2011-03-15,54.72047805786133,55.1367043051625,52.963671303039966,53.07178083830629,12650100
2011-03-16,53.79072570800781,55.17454767093941,53.315033815164,54.94751515341746,14795200
2011-03-17,55.26640319824219,55.44478753541254,54.27178287725343,54.53124725485401,9981500
2011-03-18,55.56911849975586,56.20156757528638,55.33127271103175,55.87723503327934,11366300
2011-03-21,56.86106872558594,56.866471314490646,55.785359661180074,56.14212848634712,8785300
2011-03-22,56.8827018737793,57.266496086117435,56.82324039202549,56.952972659436334,8008500
2011-03-23,57.017818450927734,57.25566016037233,56.46104260199904,56.61240166597098,6811800
2011-03-24,56.96376037597656,57.25566096011622,56.720511951249954,57.22863564854263,6996800
2011-03-25,57.72054672241211,57.84487636899356,56.96376778993652,57.147558903476906,8982900
2011-03-28,57.320518493652344,57.893506131675856,57.32051849365234,57.51511884696449,6023500
2011-03-29,58.039466857910156,58.098928314700075,57.03943551595935,57.32052678880491,6963200
2011-03-30,58.38541030883789,58.78001357921196,58.136755232850106,58.16918724846664,7907300
2011-03-31,58.104339599609375,59.2719420632234,58.02866212038772,59.08815095360416,8418500
2011-04-01,58.55298614501953,58.801641241915135,58.11513740093293,58.53677013584775,6494000
2011-04-04,58.50434494018555,58.68813189771482,58.29893113575557,58.6611024632016,4764600
2011-04-05,59.098960876464844,59.353022737701686,58.50435037891167,58.515159679254204,6541400
2011-04-06,58.73677062988281,59.428681104503084,58.6178477437865,59.36921966145493,6893000
2011-04-07,58.88813018798828,58.97461694209994,58.115135491340034,58.93137150298808,7011700
2011-04-08,59.27732849121094,59.42868339786095,58.99623727247928,59.10975345246679,6732900
2011-04-11,58.26108932495117,59.407068827518046,58.14757312939365,59.320577940933774,6599000
2011-04-12,56.31509017944336,57.67728866082625,55.93670285797937,57.55296316553629,12803700
2011-04-13,56.115089416503906,56.83402953237879,55.861027561712554,56.66105186249513,7241100
2011-04-14,56.693477630615234,56.915107436631565,55.747505200678475,55.85021209850189,7084900
2011-04-15,57.42863082885742,57.56917645194225,56.40698098513222,57.03943010284548,8869500
2011-04-18,56.48805236816406,56.75292342068944,55.69884179647829,56.73130070479391,7194800
2011-04-19,56.97456741333008,57.21781581078975,56.36373687783539,56.48265978294453,4993300
2011-04-20,58.27730178833008,58.563795615507324,57.84485975406504,58.22324704956098,6667800
2011-04-21,58.450279235839844,58.515147396618104,58.10432395991353,58.515147396618104,4915500
2011-04-25,58.066497802734375,58.26109820309078,57.66648770160756,58.03947248964287,3995200
2011-04-26,58.78540802001953,58.82865344788986,57.92592679267942,58.29890726675579,5300000
2011-04-27,58.90435028076172,59.01245976192508,58.13676224180973,58.98002774239854,5982600
2011-04-28,58.81785583496094,58.97461746003412,58.423252540907846,58.963808162217255,5941200
2011-04-29,59.15839767456055,59.24488441358236,58.261073528055064,58.63946486809562,6755500
2011-05-02,58.47731018066406,59.23408891288141,58.169193626189205,59.180034172889954,6550800
2011-05-03,57.39082336425781,58.29355079748299,56.86108085067668,58.1530092219453,7955600
2011-05-04,56.58537292480469,57.30971560990558,56.0556265046864,57.30971560990558,8892900
2011-05-05,55.471839904785156,56.282673637294955,54.6555994593068,55.87185005807151,11988500
2011-05-06,55.61238098144531,56.4610534493717,55.136693347053594,55.86103616243056,9536300
2011-05-09,56.26643371582031,56.68266386167103,55.677230056927634,55.8123689648328,7117900
2011-05-10,56.412410736083984,56.731336718751805,55.81239339244432,56.390788006461996,6430500
2011-05-11,55.2772331237793,55.92589838556405,54.73127065190735,55.82319147153809,10161700
2011-05-12,55.5474853515625,55.85019511738811,54.277180728131476,54.93665498594994,10425800
2011-05-13,55.347496032714844,55.942106458980405,54.7420721832901,55.92048373677461,8968000
2011-05-16,54.947505950927734,55.834017262974136,54.81777369465887,55.15291570036295,6759400
2011-05-17,54.6968994140625,55.12179248465594,54.26110930493961,54.642422533420266,8768800
2011-05-18,56.031517028808594,56.358357632741004,54.566176598040386,54.97472839195684,8193700
2011-05-19,56.58171081542969,56.94123429357488,56.075106339312555,56.483658202116544,7452400
2011-05-20,55.87352752685547,56.54899847333794,55.43773740628463,56.40737021675462,8760900
2011-05-23,55.21986389160156,55.514021692221384,54.85488778438569,55.08912432065681,7487000
2011-05-24,55.710121154785156,56.32022666719213,55.48133314613397,55.48133314613397,6800500
2011-05-25,56.24397277832031,56.576261957239176,55.45955187647849,55.5630530110283,7949500
2011-05-26,56.30386734008789,56.54355231439091,55.61749937658535,56.102313688423756,6614300
2011-05-27,56.222164154052734,56.77234830677826,55.85174375756471,56.45640064236138,5796300
2011-05-31,57.14822769165039,57.31164591779866,56.49454231904589,56.98480530949831,8188400
2011-06-01,55.829952239990234,57.17000135950612,55.6066127980724,57.05016301477136,8196100
2011-06-02,55.08366012573242,55.88441789048025,54.66965994545291,55.7536825226034,8129200
2011-06-03,55.01828384399414,55.394152657601445,54.23931193620048,54.32647160845802,7692200
2011-06-06,54.299259185791016,55.187176953292,54.09226109901272,54.96383745913699,6982200
2011-06-07,54.18486022949219,54.969280959965495,54.13583185583583,54.59886052124238,6835400
2011-06-08,54.44632339477539,54.93113776265421,54.20119402890514,54.20664254876978,6936200
2011-06-09,55.143585205078125,55.492215647673675,54.64787382688598,54.75137491815746,5734900
2011-06-10,54.29380416870117,55.01830361974858,53.917939375995104,54.98562080890546,9113900
2011-06-13,53.890708923339844,54.75139242190502,53.42223583708306,54.49536594964793,7999300
2011-06-14,54.80040740966797,55.17627635078386,54.41364558382558,54.48445972455616,7353400
2011-06-15,53.60743713378906,54.42454060608214,53.226119686450396,54.03777463858062,9665600
2011-06-16,54.1630859375,54.28837701211805,53.280612360985884,53.41679632400323,7786300
2011-06-17,54.021427154541016,54.93113458720836,53.781746322390816,54.598849702727335,12029500
2011-06-20,54.42454528808594,54.58251498236953,53.738177148632374,53.863464031133645,6427200
2011-06-21,55.339691162109375,55.552141883272,54.64787873433397,54.767721238988706,8499500
2011-06-22,55.05641555786133,55.813597553040225,55.01828423997469,55.16536099296545,6592500
2011-06-23,54.124935150146484,54.22843625477924,52.839358668615375,53.874357246933236,13058800
2011-06-24,53.32963180541992,54.33194361025773,53.28060342583327,54.222998120515896,8032400
2011-06-27,53.874359130859375,54.277462366993866,53.35141338117055,53.35141338117055,7130200
2011-06-28,54.66423416137695,54.80041810505552,54.092264091529444,54.217550992351406,6113800
2011-06-29,55.17082595825195,55.40506245395477,54.424540777712856,54.84943391968467,7637700
2011-06-30,56.02061080932617,56.075087697726666,55.17082454711799,55.44864088514877,7697700
2011-07-01,56.70153045654297,56.756007345041695,55.568483490223365,55.949796773695866,6579700
2011-07-05,57.262611389160156,57.611241862725564,56.71242723468849,56.71242723468849,7392200
2011-07-06,57.24081039428711,57.327965917820435,56.96299411077024,57.09917799304291,6196300
2011-07-07,58.06338882446289,58.24315264177809,57.6330511856845,57.7855765497079,7878100
2011-07-08,57.682071685791016,57.74199295435606,57.23538851030881,57.442386611530836,6334900
2011-07-11,56.87582778930664,57.0011146098504,56.516300413482334,56.88672066917943,6975400
2011-07-12,56.86496353149414,57.71474995545546,56.647068404426044,56.647068404426044,9158300
2011-07-13,57.246273040771484,58.07427363680029,57.04472349047779,57.055616375897614,6871100
2011-07-14,57.01747512817383,57.998000885598444,56.963002398539764,57.57855213981013,7279600
2011-07-15,57.84547424316406,57.90539549117735,57.27350020522,57.567657925648135,10160500
2011-07-18,57.86726379394531,58.0143405752131,57.25715843445814,57.51318482777867,6951000
2011-07-19,58.54819869995117,58.722513969129885,58.00890732930131,58.00890732930131,6987600
2011-07-20,58.3411750793457,58.640781286572036,58.22133259645518,58.56451864400576,5044900
2011-07-21,59.61043167114258,59.78474694017218,58.70072399076949,58.76608961915319,8319200
2011-07-22,59.35984420776367,59.73571313467959,59.27813302939024,59.58863218240677,5413700
2011-07-25,58.885929107666016,59.37619207526804,58.53729858759428,58.58632696235629,6284400
2011-07-26,58.59721374511719,59.087476661659665,58.47192271688843,58.78242602736799,4864800
2011-07-27,57.54041290283203,58.286702079828046,57.45325737860021,58.27036067878472,7412700
2011-07-28,57.21358108520508,57.66026412409812,56.886740546796034,57.27895085528806,6655300
2011-07-29,56.663387298583984,57.32252093898401,56.14589021390869,56.499969135213895,9697600
2011-08-01,57.40424346923828,57.812795222171,56.60892988891633,57.78556093224416,9309400
2011-08-02,56.3529052734375,57.57856057170369,56.34201238831666,57.0447219247097,10396300
2011-08-03,55.977046966552734,56.51088567545768,54.947496729089224,56.396491666406625,12027400
2011-08-04,52.752201080322266,55.0074106115214,52.572441465084594,54.89846098228284,20541200
2011-08-05,53.17164611816406,54.11403644738702,51.10709754519165,53.40043408937394,17596200
2011-08-08,49.162384033203125,52.18021951855994,48.89001625462583,51.35766766357579,23079600
2011-08-09,50.8783073425293,51.04717405349178,47.555420917636674,49.89778157177275,21012700
2011-08-10,49.33671951293945,51.12345220944184,48.88458781732334,50.502453751657576,18069500
2011-08-11,51.243289947509766,51.82615701228601,49.45110889734637,50.15381848766603,30717300
2011-08-12,52.218379974365234,52.866616978956536,51.7063269350407,52.09853741996972,13364100
2011-08-15,53.983299255371094,54.054117546002644,52.7249612997221,52.839355281508105,11857000
2011-08-16,53.46036911010742,54.081367566750274,52.92108185165529,53.37865791191669,9842900
2011-08-17,53.636051177978516,54.41027946560305,53.32306456139879,54.0368957448321,8594800
2011-08-18,51.19804382324219,52.37311659290283,50.37988661953582,52.24133386630185,15083800
2011-08-19,51.22551727294922,52.36215361212379,50.561107063991976,50.56659504531403,13452700
2011-08-22,51.23101043701172,53.01558469718535,51.03882216524629,53.01558469718535,10071000
2011-08-23,53.44389724731445,53.471349730262695,51.31887900788026,51.57146447322412,12301000
2011-08-24,53.5866584777832,53.68000864682449,52.75202845364259,53.169345560362835,7642500
2011-08-25,52.691619873046875,54.097314115651095,52.323723987568314,53.839240711188054,9812400
2011-08-26,53.180320739746094,53.45487067045134,51.26396339642734,51.98877504591721,9216600
2011-08-29,54.21812057495117,54.22910491847726,53.032067021408196,53.96553513474572,9724900
2011-08-30,54.03144073486328,54.34991973968832,53.119932725736575,53.795327567741346,9202500
2011-08-31,54.273033142089844,54.75624374447404,53.8557202264124,54.27852531419872,11242000
2011-09-01,54.097320556640625,55.173560052236496,54.08634040188139,54.366382525189486,10121400
2011-09-02,52.93870544433594,53.29561690704264,52.20290964904721,52.883792121490266,8976700
2011-09-06,52.49942398071289,52.603754266928554,50.928998463827284,51.38475223179233,10276800
2011-09-07,54.520118713378906,54.6024845198317,53.734905845220304,53.960034580939066,10572800
2011-09-08,54.03691482543945,55.228460419008066,53.811781890340775,54.30048039073157,9603600
2011-09-09,52.268802642822266,53.47682032696157,52.04366975125815,53.26816394567884,13346600
2011-09-12,52.664154052734375,52.675134203404546,51.15412988304252,51.58242697724922,13616300
2011-09-13,52.67512512207031,53.17480358273279,51.96129396192675,53.13087879832663,11453800
2011-09-14,53.43290328979492,54.360883346076434,52.24684983158887,52.883803458016374,11325600
2011-09-15,54.503631591796875,54.63541433276196,53.84470950837584,54.20711728265208,9241200
2011-09-16,54.70680618286133,54.997832567236344,53.97101453412461,54.909974597017786,13862000
2011-09-19,54.20166015625,54.54759164592523,53.043058828395814,53.36703000479369,8522500
2011-09-20,53.696449279785156,54.76719180199324,53.668992624632175,54.514606493915885,8660500
2011-09-21,51.763648986816406,53.690990930093896,51.69226750347281,53.37800413497191,9267200
2011-09-22,49.51232147216797,50.248117286180225,48.64474289642906,49.91865828721437,16685800
2011-09-23,49.424461364746094,49.880210896790636,48.62826434746745,49.4903506425223,12228200
2011-09-26,50.23712921142578,50.324987172245265,48.738089411302106,49.775887485017925,11899200
2011-09-27,51.36278533935547,52.35665443446873,51.09372766512832,51.703228654202796,11079800
2011-09-28,50.374427795410156,52.34569877694854,50.26460948209943,51.609902672006314,10338300
2011-09-29,51.82954788208008,51.87896905976995,50.692911066818596,51.71972955945886,10104100
2011-09-30,50.84113693237305,52.05465090154041,50.80270012266852,51.04430532041016,11918800
2011-10-03,49.35309600830078,50.93999433606888,49.336623682087904,50.47875244490982,11384300
2011-10-04,50.23163986206055,50.42931188992162,47.59595975947105,48.71612359360668,15398100
2011-10-05,51.97779846191406,52.021723269976135,49.98456314694315,50.594064370114445,13057500
2011-10-06,51.95033645629883,52.06015474912609,50.9125380886737,51.27494180644312,10169500
2011-10-07,51.83502960205078,52.565333449181566,51.42869686313199,52.53238460759922,10534600
2011-10-10,53.921600341796875,53.943564837187935,52.762999393038285,52.78496388842934,7490300
2011-10-11,53.592140197753906,54.16320449839027,53.34504696091179,53.377991608677654,7613500
2011-10-12,53.690975189208984,54.22360263985792,53.09245844688309,53.872179119918194,8868800
2011-10-13,53.696449279785156,53.86666881170096,52.85083541050145,53.05400376646031,6507900
2011-10-14,55.16807556152344,55.217492548770245,54.27853208737748,54.34442559300693,7365100
2011-10-17,54.146759033203125,55.047282826086786,54.03144851952546,54.86059081040899,6576400
2011-10-18,56.52981948852539,57.188741724271665,53.7953049875396,54.377349401544855,12165700
2011-10-19,56.13995361328125,57.15029926596096,55.84893143500941,56.387050998278774,8651800
2011-10-20,56.771453857421875,56.91971321699062,55.85445777898152,56.38159332447958,8710100
2011-10-21,57.94649887084961,58.11671846136232,57.221687331851854,57.380926770101965,10884100
2011-10-24,58.352848052978516,58.682311364310905,57.80374811982456,57.93004294774198,7911500
2011-10-25,57.38093948364258,58.704272251976114,57.28759350618247,58.545032778444295,8452200
2011-10-26,58.62738800048828,58.66582482166844,57.35896871224387,58.248511960083704,9959400
2011-10-27,59.83540725708008,60.406471564974126,59.09412334783364,59.21492178761007,14393600
2011-10-28,60.20329284667969,60.3954769104402,58.896437023809774,59.76950356602115,10341300
2011-10-31,57.682945251464844,59.30278825493057,57.682945251464844,59.1490409556687,11457800
2011-11-01,56.0521125793457,56.93067148402367,55.34377328420865,55.717161342359205,15213300
2011-11-02,57.40290451049805,57.617053138076805,56.634163806453905,57.08442556050408,8393400
2011-11-03,58.275962829589844,58.39676546119216,57.49074991347397,58.11672337786853,9276200
2011-11-04,58.44069290161133,58.53403886380885,57.3699499486419,58.06730486352215,8402700
2011-11-07,59.149024963378906,59.59379441446139,57.95198735652977,58.561488406168,7821800
2011-11-08,59.77499771118164,59.85187133922575,58.47912199658296,59.4510266878827,7761400
2011-11-09,57.26013946533203,58.473649795946685,57.04049865763843,58.09477369670769,12062000
2011-11-10,57.93002700805664,58.21006906991444,56.83182744392287,57.83118887971265,10025200
2011-11-11,58.781150817871094,59.03922427314027,58.53954550137215,58.583474502426526,6352600
2011-11-14,58.29793930053711,58.61092609702654,57.8641498476307,58.314411628357604,5531200
2011-11-15,56.705535888671875,58.93488397988362,56.32665986613494,58.33087502298059,24328000
2011-11-16,55.92517852783203,57.236830146198756,55.753609057676556,56.73320135795291,12581000
2011-11-17,55.38835144042969,56.522902447900755,54.65227422732943,55.75915573066774,11794300
2011-11-18,54.170780181884766,56.17423725734016,53.971541170075156,55.63186345354333,13668700
2011-11-21,52.942142486572266,53.650545948436395,52.272475484660575,53.639474769234816,15021100
2011-11-22,53.36274337768555,53.82210010403576,52.57685871345396,52.95319850261536,8939500
2011-11-23,51.88508224487305,52.89788006367348,51.885082244873054,52.80932749654788,11665200
2011-11-25,51.07704162597656,52.27247131695578,51.07704162597656,52.04002724126779,5257300
2011-11-28,53.00301742553711,53.324014065777256,52.57686991670759,53.146913199165056,8403100
2011-11-29,53.89957809448242,54.26485090638768,52.991935875248,53.10815789110425,8845100
2011-11-30,56.904781341552734,56.904781341552734,55.40495732097858,55.620798889322806,13373200
2011-12-01,56.35689163208008,57.004416515035295,55.875396496785065,56.90479697747147,7007200
2011-12-02,56.279396057128906,57.109557253499574,56.1742409544148,57.026540289378865,6638100
2011-12-05,56.904781341552734,57.557841636712155,56.47309820486429,57.32539752040578,6121800
2011-12-06,57.757076263427734,57.96185085835904,56.91584396971544,57.05973974513792,7445000
2011-12-07,57.84562301635742,58.520821379913535,57.541233149494,57.67959333145492,10323300
2011-12-08,56.58929443359375,58.00056948007282,56.42326058491991,57.557815365220044,7720100
2011-12-09,57.69618606567383,57.8345462241047,56.84388698304962,56.860489526474616,6624100
2011-12-12,57.04313278198242,57.68512602076395,56.1742310518505,57.568899758032764,7595800
2011-12-13,57.34754180908203,58.60385066783682,57.05975020547836,57.67960547119363,8990000
2011-12-14,55.637393951416016,57.56890084879931,55.07288628456529,56.866033004322496,15512100
2011-12-15,55.16144561767578,56.22958657114097,54.96774217480248,56.02481616971136,9667000
2011-12-16,55.82002258300781,55.82002258300781,55.11715061453382,55.52116413449331,14709700
2011-12-19,55.189109802246094,56.080149707768356,55.06735216709384,55.986065797848035,5977400
2011-12-20,57.37519073486328,57.474810220000755,56.32918825212823,56.41774078221356,7278600
2011-12-21,58.34925842285156,58.404601653350404,57.30879133325267,57.38073711065939,8156600
2011-12-22,58.83628845214844,58.98571982852552,58.14448747148667,58.393538357975764,7483800
2011-12-23,59.494876861572266,59.55575567801473,58.720059016100834,59.013381919459455,3779400
2011-12-27,59.76054382324219,60.042795611794524,59.36206574244063,59.36206574244063,4136200
2011-12-28,58.642578125,59.86015024121498,58.59830185406471,59.69411633641643,5307900
2011-12-29,59.4782600402832,59.528067665917625,58.84180252631631,58.87500761007259,4468500
2011-12-30,58.8861083984375,59.4948925004702,58.764350733547225,59.101949996227106,5009400
2012-01-03,61.08325958251953,61.42639015913113,60.175617053388834,60.181148420973024,11518700
2012-01-04,60.978092193603516,61.083247270359635,60.435718487997974,60.78438880675052,8019100
2012-01-05,60.3803825378418,60.62389780916415,59.75499603571209,60.540880855539015,7184900
2012-01-06,59.94315719604492,60.66263175096493,59.82139957391225,60.55194530670825,8214900
2012-01-09,60.59623336791992,60.69585288304951,59.788210288499165,59.90443235241397,7118800
2012-01-10,60.35823440551758,61.243742800970914,60.26968609942242,60.94488435086796,7641800
2012-01-11,59.644309997558594,60.131340578098296,59.290108242121356,60.05385920799752,7802500
2012-01-12,58.094688415527344,58.68686997361675,57.845637492222124,57.845637492222124,11897200
2012-01-13,58.71452331542969,58.74773262951019,57.28664948249464,57.90096901276454,8266900
2012-01-17,59.063194274902344,59.760530763917814,58.681318827181414,59.367584137250354,6925300
2012-01-18,59.124088287353516,59.18496711995312,58.22197698015134,58.664731358617814,6581400
2012-01-19,59.17940139770508,59.494862359458565,58.56508201601409,59.33436408454307,5666100
2012-01-20,59.15727233886719,59.328837593828645,58.80307065109164,59.19047742759078,7284600
2012-01-23,59.22366714477539,59.49485179860424,58.974616394494554,59.2125959705856,6506700
2012-01-24,59.063194274902344,59.26796463881957,58.76433577960999,58.91376291604737,5041400
2012-01-25,59.62215042114258,59.77157750704708,58.16106353079188,58.869470959186465,8020700
2012-01-26,58.991249084472656,60.0870636564771,58.85842448321748,59.78820513683952,7000400
2012-01-27,57.53569030761719,57.928632668166046,57.0708021815877,57.77366995948955,10581500
2012-01-30,57.231300354003906,57.28110798636226,56.49522326698261,57.22576476515838,7615700
2012-01-31,57.0708122253418,57.9895216837841,56.67233420580812,57.8954377687325,8320100
2012-02-01,56.888179779052734,57.7902867541077,56.82730095385817,57.7902867541077,7824500
2012-02-02,57.386268615722656,57.535695749675206,56.93797876902995,57.02099572007805,5897200
2012-02-03,58.38798904418945,58.443332265150765,57.82348143451674,58.06146108482576,6818600
2012-02-06,59.03550720214844,59.08531905131028,57.76259636824383,57.90095651686933,6443600
2012-02-07,59.124088287353516,59.25137732103001,58.35480582714249,58.67579831799107,6034700
2012-02-08,59.0853157043457,59.494860538801326,58.71450731799764,59.36756735141323,5383700
2012-02-09,58.86948013305664,59.44505888321292,58.70344625847465,59.31776568304448,4751400
2012-02-10,58.26624298095703,58.399067582091575,57.878836134973774,58.2164353389383,6136800
2012-02-13,58.8750114440918,58.95802838130522,58.36031150026872,58.75325805491783,4695500
2012-02-14,58.935890197753906,58.958028329152356,58.426725842839936,58.80306563178,5974800
2012-02-15,58.556678771972656,59.24820407279823,58.328026841139604,59.24820407279823,6553800
2012-02-16,59.40434265136719,59.43222848044949,58.4451322507264,58.84666010796248,5733900
2012-02-17,59.48243713378906,59.80588985696263,59.1366723378945,59.68319898568453,5666500
2012-02-21,60.45839309692383,60.50858250555472,59.91744011173116,59.956477736704755,7149000
2012-02-22,59.950897216796875,60.54203958596254,59.783590685441915,60.318969883865044,7150000
2012-02-23,60.42491149902344,60.50856474363438,59.8504990766921,59.97318993481739,5504800
2012-02-24,60.832027435302734,61.01048572177201,60.508570461458056,60.67587696648976,5833300
2012-02-27,61.13877868652344,61.46781383095234,60.3859075745627,60.391485595256924,7723400
2012-02-28,61.12759017944336,61.56815994439946,60.887786491043975,61.166627791286025,9132500
2012-02-29,60.85432815551758,61.85815430428805,60.74278908024486,61.56816121814032,10572800
2012-03-01,61.21126174926758,61.42317966918617,60.84318908043955,60.88222670397145,5980100
2012-03-02,61.12759017944336,61.27258884690779,60.787403452765616,61.06624475300766,5377100
2012-03-05,60.96585464477539,61.038351842710114,60.30778908232604,60.865471618138024,5941500
2012-03-06,60.703758239746094,60.804141291300006,60.22972881760084,60.30780405161153,7480800
2012-03-07,61.043941497802734,61.31720480111149,60.335686414391645,60.787407992993174,6867900
2012-03-08,61.361820220947266,61.66296935723146,61.09970869928617,61.233555596377506,5505400
2012-03-09,61.105281829833984,61.57373742262489,60.99374701262596,61.28374009023515,5704200
2012-03-12,61.3450927734375,61.3450927734375,60.87664138000797,61.149904692841865,5324700
2012-03-13,62.00872039794922,62.075639576898965,61.027197977146876,61.46776767594577,7331000
2012-03-14,61.72990036010742,62.616613824251395,61.64624710288331,61.93066647553274,8819400
2012-03-15,61.361820220947266,61.86373544808759,61.04394128622189,61.629509760349066,8899400
2012-03-16,61.50123596191406,61.80796309140584,61.400852924514986,61.58488920221005,11092500
2012-03-19,61.7354621887207,61.93622826533284,61.51239255228994,61.635079150414626,5695000
2012-03-20,60.832027435302734,61.30605685985101,60.748374182786876,61.30605685985101,6158300
2012-03-21,60.179527282714844,60.79855101187982,59.867222154873986,60.75951340274725,7549900
2012-03-22,58.75187683105469,59.666476200197515,58.57341852133856,59.58840095562057,8282100
2012-03-23,59.31513977050781,59.61628897694725,58.47303759628538,58.935915316633896,6600300
2012-03-26,60.14052200317383,60.21302350336683,59.577265336592234,59.80033934795485,5311100
2012-03-27,59.6943473815918,60.22972217927837,59.67761758397357,60.16279873402479,4327700
2012-03-28,59.05300521850586,59.649725380244114,58.66820289526467,59.43222952487654,6816400
2012-03-29,59.58837890625,59.683183917472675,58.51205142738862,58.601282676619476,5793900
2012-03-30,59.78916931152344,59.81147713291607,59.3430256480165,59.69436426169117,6121000
2012-04-02,60.397037506103516,60.67030083502378,59.448974372744196,59.588395046345745,5188400
2012-04-03,59.7501106262207,60.35798684424689,59.24262169646636,60.19068037016766,4690300
2012-04-04,58.89126968383789,59.25934216697462,58.57339083693787,59.25376415077505,5430600
2012-04-05,58.417236328125,59.0585719931844,58.18301072151251,58.65146193473748,5982700
2012-04-09,57.71458053588867,58.0436155362681,57.35766395381078,57.60862371778451,4983400
2012-04-10,56.576908111572266,57.65323589083228,56.549026529491094,57.58073867168364,8907500
2012-04-11,56.29806137084961,57.13458533924132,56.20325634224597,57.05651010924057,8570100
2012-04-12,57.21265411376953,57.36323079376734,56.052677575450105,56.264595425143554,6451900
2012-04-13,56.2032585144043,57.0843981496455,56.16979891590537,57.04536053313639,6847100
2012-04-16,56.610347747802734,57.01745356122727,56.42073349877717,56.67169315883046,6065100
2012-04-17,57.787078857421875,58.04918613404351,57.073241477413745,57.14016492844667,5500900
2012-04-18,57.6588249206543,57.982281968994215,57.3576756951084,57.67555472405427,4836200
2012-04-19,57.168052673339844,57.798232569524785,56.984016367936576,57.59188844636526,6768400
2012-04-20,57.173614501953125,57.909755315118865,57.11784709659427,57.50264942669691,5814700
2012-04-23,57.129005432128906,57.28515587533678,56.264595722510464,56.431902200107736,5590600
2012-04-24,57.45803451538086,57.53610973481072,56.961697368385146,57.31303585581953,4104400
2012-04-25,57.91535186767578,57.937659687914916,57.22940447814438,57.753623362028286,5308500
2012-04-26,59.237064361572266,59.50474970782294,57.99342991548783,57.99900793451276,8535300
2012-04-27,59.22588348388672,59.5604964085345,58.93031242125724,59.54934037516353,5433500
2012-04-30,59.42664337158203,59.45452919733638,59.008381513944705,59.203573784665835,4727100
2012-05-01,60.38031005859375,60.67030747409654,59.33186801010172,59.527056123546814,6179900
2012-05-02,59.68876266479492,60.034527377626205,59.44338098118691,59.956452160983694,4834400
2012-05-03,59.10881042480469,59.7055309681644,58.78535757072048,59.694379182071685,4882800
2012-05-04,57.84284973144531,58.829946228216436,57.58073818436889,58.707255354709915,6241300
2012-05-07,57.61418914794922,57.89860847073524,57.21265698749382,57.485924530169704,6126900
2012-05-08,57.352073669433594,57.55841775282061,56.6326668956694,57.30188428024183,8167200
2012-05-09,56.760948181152344,57.162480431779656,56.53230047191167,56.666143137193565,6115600
2012-05-10,57.642086029052734,58.13284528879841,57.24613181014745,57.346514869502414,21105400
2012-05-11,57.268428802490234,57.97110583034827,57.145737947053874,57.41342321820532,4944700
2012-05-14,56.850154876708984,57.05092091520265,56.47650437159146,56.73861582489041,7021400
2012-05-15,56.27016830444336,57.25169075166025,56.16420726188141,56.90592605025496,8421000
2012-05-16,56.32645797729492,57.271797318291924,56.27581686818824,56.703467210893656,6423800
2012-05-17,56.348960876464844,57.0635946042262,56.208285419055436,56.382721612459335,6527500
2012-05-18,55.40362548828125,56.69221328303482,55.27983039025019,56.54028566740777,11137700
2012-05-21,56.095733642578125,56.123866151631745,55.341711134924886,55.60055340081383,6169400
2012-05-22,55.88752746582031,56.65280204997354,55.5555355544237,56.23077581428931,6089700
2012-05-23,55.707462310791016,55.70746231079101,54.413246822705126,55.33045324266151,8013000
2012-05-24,56.303916931152344,56.33768194416818,55.454240663375096,55.85375825730601,6322300
2012-05-25,55.628692626953125,56.405219458457005,55.38110249528228,56.292680831192136,5561500
2012-05-29,56.40523910522461,56.74848761893641,55.98884088761888,56.163277108560145,5223200
2012-05-30,54.93657302856445,55.769373548774,54.863423342947115,55.769373548774,7284800
2012-05-31,55.319217681884766,55.79751769041936,54.40201520887117,55.17854221892152,9371100
2012-06-01,54.25007629394531,54.74525227489126,54.0306186678217,54.38512350818993,9243000
2012-06-04,54.345726013183594,54.660837561230814,53.86743047259109,54.289456707185565,6794500
2012-06-05,54.29509353637695,54.50892296029004,53.89557578784709,54.238824217006,5891600
2012-06-06,56.15761947631836,56.15761947631836,54.90842128015646,55.082857396406546,7145800
2012-06-07,56.4896240234375,57.39557411517186,56.37145718013388,56.8216202629724,7971600
2012-06-08,56.74285888671875,56.83289325353892,56.09575512076709,56.208293786217396,5769900
2012-06-11,56.219547271728516,57.581284800201,56.02822639883566,57.389963927308145,7037100
2012-06-12,56.68657684326172,56.77661118989364,56.022588562610025,56.382717362989865,5933400
2012-06-13,56.34333419799805,57.05796794531606,56.10700045342057,56.65282192999788,5189900
2012-06-14,57.3505744934082,57.49124996319761,56.213918586462626,56.365846204882345,6540000
2012-06-15,58.7066764831543,58.80233475337232,57.75570912149318,57.958282101410035,11091100
2012-06-18,58.217132568359375,58.50411171235524,57.95829023393983,58.03706814906428,6630300
2012-06-19,58.55475616455078,58.886752505614,58.39157210444509,58.515367204737316,6115500
2012-06-20,58.312782287597656,58.83047117347813,57.7275719375699,58.5434920716309,7609200
2012-06-21,56.281410217285156,58.3802890024204,56.19700841463111,58.217105028835306,8492000
2012-06-22,56.517765045166016,56.900402406221296,56.03384119756452,56.63593189729099,11708600
2012-06-25,55.75248718261719,56.02258160281072,55.240426559178786,55.8987865381081,7091000
2012-06-26,56.80472946166992,56.99605025375901,55.61180471939737,55.69058260641262,7616000
2012-06-27,57.716312408447266,57.90200499724693,56.973546346321854,57.09171318653803,5740300
2012-06-28,58.217132568359375,58.324047293060154,57.07484850598042,57.31118225135378,7010200
2012-06-29,59.365028381347656,59.37065660031634,58.71792057829179,59.263741905277406,10651500
2012-07-02,59.5676155090332,59.69703452459881,58.909255404440565,59.41568361223538,5695600
2012-07-03,60.417293548583984,60.44542606261714,59.77018562278525,59.809574576890874,4079900
2012-07-05,59.663272857666016,60.23723111405058,59.49446488872727,59.798320091431854,5045600
2012-07-06,59.12307357788086,59.280629383326456,58.740436210481406,59.07805640687535,4609000
2012-07-09,58.779815673828125,59.106183671326455,58.267759388784135,59.066794726323074,5233300
2012-07-10,58.45347213745117,59.30315321303222,58.121480075360964,59.01055011242855,6424200
2012-07-11,58.999267578125,59.43817418146373,58.532224174850036,58.695408169719826,5931000
2012-07-12,59.10056686401367,59.69140544621941,58.67291231206545,58.69542089828102,7871500
2012-07-13,59.65201950073242,59.75330599727154,59.01053978700934,59.2750060289582,6771800
2012-07-16,60.08527374267578,60.34974417092245,59.36501641055774,59.48318322663283,5185100
2012-07-17,60.4510498046875,60.49043875587535,59.41005241494531,60.20345965832173,6668200
2012-07-18,60.70426940917969,60.760543024353346,60.01777681064633,60.09092650006837,5519300
2012-07-19,61.24444580078125,61.32322798176264,60.276602564609455,60.72676131079037,6829400
2012-07-20,61.44140625,61.475166981652556,60.49043890643158,60.86182412690459,9368100
2012-07-23,60.74367141723633,60.929364083835324,59.66328474569221,60.349781784821815,5953200
2012-07-24,59.8151969909668,60.86182257626735,58.864229671627115,60.86182257626735,6654900
2012-07-25,59.6801643371582,60.07968218569625,59.24125752589316,59.93900670551771,5476400
2012-07-26,60.923728942871094,61.12630195741206,60.35540315109042,60.54109150352421,6808200
2012-07-27,61.480796813964844,61.61584403719117,60.28223929197552,61.54831827904109,8338800
2012-07-30,61.7958984375,61.85779596585765,61.199436029405994,61.26133355776365,5789900
2012-07-31,61.660884857177734,62.35863412003066,61.63274804055586,61.644004484434795,10012500
2012-08-01,62.178558349609375,62.589332614989516,61.41328344186051,61.7396515657982,8363800
2012-08-02,61.47514724731445,61.85778449114877,61.036240704431144,61.593314063239006,6662200
2012-08-03,62.52743911743164,62.955089487132774,62.40364400770106,62.538691266918526,5967600
2012-08-06,62.63432693481445,63.07886180775698,62.29107854296103,62.31921534612544,5201900
2012-08-07,62.99446105957031,63.24205121068123,62.746875201533186,62.79751629985653,5453300
2012-08-08,63.101383209228516,63.38273412572875,62.66247646638002,62.74125437955414,5443400
2012-08-09,63.37710189819336,63.74285892513281,62.87067371497229,63.168904980714395,4846700
2012-08-10,63.894805908203125,63.9454470212584,62.617470122191996,63.00010760655138,5107600
2012-08-13,63.742862701416016,63.91729889516735,63.42212282960672,63.76537128981526,4336100
2012-08-14,63.765384674072266,64.0748724631801,63.56281162903355,63.979209869135296,6286100
2012-08-15,63.850433349609375,64.09433230937104,63.527125828757136,63.600861113357816,4539900
2012-08-16,64.27584838867188,64.42899225861471,63.58385568034953,63.93552531189902,5394600
2012-08-17,63.90149688720703,64.41765263691127,63.81641503271167,64.27017771094883,5642600
2012-08-20,63.82207107543945,64.03193903042505,63.606534171425444,63.918499465668624,3908100
2012-08-21,63.51580047607422,64.34959058902017,63.40235655335006,63.98657869118919,4647100
2012-08-22,63.61225128173828,63.72569092466353,63.11877974737893,63.47044956435921,4445400
2012-08-23,63.124454498291016,63.62359499721299,62.93160190789144,63.57254845494096,4191500
2012-08-24,63.5328254699707,63.64059180334742,62.82381707498045,62.82948602638082,3453300
2012-08-27,63.373992919921875,63.74834701146188,63.22084472035882,63.629234149269934,3388800
2012-08-28,63.72564697265625,63.98656143338587,63.39666617665028,63.43637045703431,3340900
2012-08-29,63.413692474365234,63.77670431131625,63.30024857066652,63.714311246142564,3296300
2012-08-30,62.920249938964844,63.351328314825416,62.91457665933071,63.23788435936504,3523200
2012-08-31,63.61788558959961,64.06597493386492,63.339951278039685,63.339951278039685,5557000
2012-09-04,63.084720611572266,63.68028496273402,62.891868111593894,63.54415658638891,4632400
2012-09-05,62.829490661621094,63.37401295729626,62.72739327211252,63.30027330921309,4441200
2012-09-06,64.11134338378906,64.34390010195227,63.283222498576876,63.283222498576876,5531500
2012-09-07,64.66154479980469,64.66154479980469,63.94686335612297,64.07732276286391,5057300
2012-09-10,64.63885498046875,64.96783580310074,64.43466028555527,64.77498333459695,5212400
2012-09-11,64.76364135742188,65.08694890437204,64.66154400957222,64.70124829332251,4758800
2012-09-12,64.93379974365234,65.08127031271493,64.67855423115105,64.7919981236323,4420700
2012-09-13,66.11358642578125,66.34614316151838,64.72960554673823,65.0756018483595,7737700
2012-09-14,66.50495910644531,67.05515007886378,66.06821202534313,66.32345320778127,8978300
2012-09-17,66.44256591796875,67.21396706764082,66.30076429968258,66.45958141977238,7409700
2012-09-18,66.3461685180664,66.73186924790058,66.1306272020909,66.35751074801284,5100100
2012-09-19,66.13627624511719,66.46525704977662,65.6995291494047,66.41420621511604,5978000
2012-09-20,66.84527587890625,67.02678176060881,65.51234165445543,65.87535341786054,7286200
2012-09-21,66.81693267822266,67.23099103237173,66.62975347993704,67.23099103237173,10280700
2012-09-24,66.80558013916016,67.2082962304156,66.62407423426416,66.67512506896979,6808800
2012-09-25,66.32345581054688,67.21396983697707,66.09657234645262,67.0324639311901,7565400
2012-09-26,65.96610260009766,66.36314532835064,65.88102077906025,66.26104800859399,5586700
2012-09-27,66.47660064697266,66.59004454442425,66.09090005052168,66.23837495348764,5482200
2012-09-28,66.11358642578125,66.30076560418792,65.88103401748616,66.2950923276611,5626800
2012-10-01,66.50495910644531,67.07216558070071,66.28942220410738,66.31777993135496,4914900
2012-10-02,66.90766906738281,66.97573539595015,66.31777386879054,66.73183646121913,6012400
2012-10-03,65.8753890991211,66.78291899919549,65.82434257073125,66.73187247080563,7362500
2012-10-04,66.44825744628906,66.62976339445345,66.06255676550936,66.15898085384349,5425700
2012-10-05,66.64678192138672,67.0721869123743,66.43124495049929,66.60140435042831,4507900
2012-10-08,66.71484375,66.85664540403869,66.3348120283196,66.47094473195574,3434900
2012-10-09,66.56735229492188,67.14590099571875,66.56167901848447,66.65810308071029,5983500
2012-10-10,63.782379150390625,65.25711974254993,63.53281119409399,65.02456296407581,15959000
2012-10-11,64.12836456298828,64.78632617049318,64.12836456298828,64.30420151806541,7279900
2012-10-12,63.56684494018555,64.25883770037518,63.30593041752181,64.13972483094888,5915800
2012-10-15,63.99225616455078,64.11704232400682,63.01666000237827,63.61790201362613,5775100
2012-10-16,64.71261596679688,64.894126280965,64.27586867380104,64.36662383088509,4793300
2012-10-17,65.33085632324219,65.43295368428075,64.86574708460941,64.86574708460941,5218200
2012-10-18,65.03024291992188,65.24577988782235,64.87142575121169,64.97352312073156,6166900
2012-10-19,64.30988311767578,65.22308609509051,64.15673923887539,65.17203957797136,7160000
2012-10-22,63.94686508178711,64.49138284918668,63.37398958342115,64.44033633698166,4811900
2012-10-23,62.04104232788086,63.28889916231158,61.88222520816686,63.28889916231158,8011000
2012-10-24,62.22822952270508,62.670649935343526,61.842528899069066,62.06373910538829,5087900
2012-10-25,62.93720245361328,62.94287572756876,62.194163680729126,62.75002336004335,4888600
2012-10-26,63.061988830566406,63.35126521957748,62.721665958021674,62.772712441555335,4777600
2012-10-31,62.528846740722656,63.493100439502065,61.96731348694134,63.487427162510464,5958500
2012-11-01,63.22085952758789,63.351318975273266,62.33034516386882,62.40408047846434,6480500
2012-11-02,61.468170166015625,63.07903455416688,61.01440323353918,62.78975802652709,8375300
2012-11-05,61.93328857421875,62.01836610025254,61.110836427201875,61.110836427201875,4058300
2012-11-06,62.5969352722168,62.784114532311015,61.967335453677286,62.194219011902646,5379400
2012-11-07,60.98037338256836,61.995673559436376,60.56631072428721,61.961638226018934,7627300
2012-11-08,60.050148010253906,61.07111701683291,60.0501480102539,60.82154912319364,6208900
2012-11-09,60.033164978027344,60.51529421470812,59.602090930503564,59.704188326484335,5835100
2012-11-12,60.08420944213867,60.41885933767146,59.8346370946607,60.37915503943123,4001800
2012-11-13,59.71552658081055,60.379157446760864,59.6701490017428,59.76657743912279,4834200
2012-11-14,58.63996887207031,60.075934209996014,58.47978233839044,60.064489820587056,8609400
2012-11-15,58.13651657104492,59.194895473231746,57.58730380609536,58.34818973262925,9774300
2012-11-16,58.58274459838867,58.634231242908925,57.78180777606654,58.10218075909358,8242400
2012-11-19,59.69832229614258,59.69832229614257,59.006085435776924,59.30929615360816,6850900
2012-11-20,59.24638366699219,59.56676106178971,58.880241814156605,59.503830021637796,5283800
2012-11-21,59.55531311035156,59.56675749774271,59.16056904045523,59.4694976639376,3656400
2012-11-23,60.3390998840332,60.339099884033196,59.76128041806419,59.99584239430868,2776400
2012-11-26,60.064476013183594,60.0644760131836,59.64112536224002,59.92717392512846,4354100
2012-11-27,59.14339828491211,60.16173481785732,59.040420629434706,60.0701971842087,6612400
2012-11-28,60.402042388916016,60.424926807872026,58.78872795294864,58.91459007482838,7024200
2012-11-29,60.52218246459961,61.0370709804921,60.28762044328767,60.57939132975286,5756200
2012-11-30,60.46495056152344,60.85397680700081,60.22466643582053,60.699508128709304,6676400
2012-12-03,59.875694274902344,60.68234904682669,59.71550339457382,60.64230241793335,5736400
2012-12-04,59.47521209716797,60.12168022825791,59.463772076024455,59.726936209868704,6665100
2012-12-05,60.167449951171875,60.53359173985571,59.49809740292997,59.715492725975245,6430800
2012-12-06,60.89973449707031,60.928341097947666,60.236104131309595,60.35052180531005,7392300
2012-12-07,61.208675384521484,61.2143975783892,60.72239365988716,61.05993326200137,4947300
2012-12-10,61.19151306152344,61.60914591804094,60.91118666906253,61.27160631651226,5512100
2012-12-11,61.63775634765625,61.91808714211988,61.300221066034155,61.38031433166501,5922700
2012-12-12,61.8322868347168,62.46159308950318,61.74647135343759,61.88377350463031,5968200
2012-12-13,61.735008239746094,62.09542788862831,61.47756189218304,62.09542788862831,4909800
2012-12-14,61.683536529541016,62.00963184670883,61.44325668841872,61.563396608979865,5889300
2012-12-17,62.175506591796875,62.26703984868673,61.75215600357897,61.76931821644869,6097100
2012-12-18,62.987884521484375,63.15951538290219,61.969552467782414,62.0954145175216,7102700
2012-12-19,62.87919616699219,63.56571096086191,62.867751780400084,63.19956915549744,7623200
2012-12-20,63.1480827331543,63.313991432756524,62.73045425204779,62.93068738441084,5873900
2012-12-21,62.76477813720703,63.10231772717833,62.10686553825,62.684684884960596,15611700
2012-12-24,62.14692306518555,62.581718199898724,62.061111968980555,62.53023154217573,2284400
2012-12-26,62.04966735839844,62.51306473527572,61.906643045559214,62.4158092500864,4094300
2012-12-27,62.08399200439453,62.27850734017935,61.36887043780673,62.049667565920124,5525700
2012-12-28,60.89973449707031,61.66062468696134,60.81392342394721,61.60341584996111,5277100
2012-12-31,61.8665885925293,61.918079608315814,60.49927668379694,60.49927668379694,6554000
2013-01-02,63.15381622314453,63.17097844259474,62.20985487058169,63.08516298058799,6144100
2013-01-03,62.88493728637695,63.4570346147423,62.65037965142041,63.01079939697833,6817000
2013-01-04,63.21674346923828,63.28539670766615,62.87348600660979,62.92497266186411,4414500
2013-01-07,62.78767013549805,62.9821810959605,62.46729708779264,62.942134464997324,4861000
2013-01-08,62.50735855102539,62.7533605895313,62.41582087867135,62.633220668133966,6325400
2013-01-09,62.66752243041992,62.97645541566202,62.473007129450494,62.77050009216729,4558600
2013-01-10,63.19956970214844,63.36547839113216,62.98217000256407,63.03938320651026,5276400
2013-01-11,63.920433044433594,64.12066622584004,63.38838238255019,63.61721781001127,5456300
2013-01-14,64.5611572265625,64.6183660639346,63.7030115717174,63.72017378645357,6373900
2013-01-15,64.8987045288086,64.91586674559203,64.16069865383565,64.22362969187827,5637600
2013-01-16,65.20191955566406,65.40787489991888,64.74424004292993,64.8243333029451,6148500
2013-01-17,65.64241027832031,66.28316050642536,65.55659485312039,65.63669245079312,6966000
2013-01-18,65.92849731445312,65.92849731445312,65.25342226765557,65.92277948358445,8538000
2013-01-22,66.3117904663086,66.32895268444447,65.52229351401525,65.85411094716012,5398000
2013-01-23,65.79692077636719,66.30608709446142,65.75115193850877,65.99143179013055,5031800
2013-01-24,66.07723236083984,66.57495853954522,65.95137026750592,66.07151016620949,4895800
2013-01-25,66.47772216796875,66.58069988390582,65.87702246230012,66.08869572606837,4745400
2013-01-28,66.38616943359375,66.69510249107098,66.0257497155816,66.68365810111484,4520500
2013-01-29,67.05550384521484,67.16420369625003,66.5062911261373,66.52345334161555,4370100
2013-01-30,66.62071990966797,67.22142374005574,66.51202440527092,66.97542175943808,5168200
2013-01-31,65.87700653076172,66.87817682951264,65.87700653076172,66.48915048169346,7777900
2013-02-01,66.64933013916016,66.75803001422051,65.819790866163,66.27174385616459,6415900
2013-02-04,65.90558624267578,66.30033465078718,65.38498013500786,65.80260858685345,6397600
2013-02-05,66.25457763671875,66.5806728774559,66.08295108961023,66.21453100591789,5067800
2013-02-06,66.3117904663086,66.3175082958503,65.70536444872356,66.03718188186843,4459800
2013-02-07,65.80260467529297,66.36326173805466,65.4078606554013,66.35753954508395,5423900
2013-02-08,66.15735626220703,66.23744956509832,65.7340053233877,65.75116755047047,4457200
2013-02-11,66.15735626220703,66.27177401926383,65.79693639919624,66.18024068656992,3766300
2013-02-12,66.64933013916016,66.84384111057798,66.08295507942248,66.20309497907861,4530600
2013-02-13,66.60897064208984,66.78770013657324,66.25151165312306,66.5513163921343,4111000
2013-02-14,66.71273803710938,67.02984295286296,66.34374562536148,66.3956375200923,5226400
2013-02-15,66.28031921386719,66.70696583024534,65.74412647215752,66.59165736054405,6353200
2013-02-19,66.8338394165039,67.02986918625419,66.41295934404243,66.41295934404243,5023300
2013-02-20,66.2976303100586,66.9376025813531,66.21114673850096,66.83958991966513,5447000
2013-02-21,66.2976303100586,66.47636419760764,65.77873327944992,66.18232181380652,4795100
2013-02-22,66.85688018798828,67.01255148357889,66.19961213685123,66.597433893653,5207200
2013-02-25,65.46163940429688,67.65253184811317,65.43857682294248,67.16823083588369,7522800
2013-02-26,66.28031921386719,66.40139442667439,65.58269285508126,65.99781038398373,6113100
2013-02-27,67.25469970703125,67.42766243125419,66.1361889490289,66.1361889490289,4540600
2013-02-28,67.54297637939453,67.9696230510324,67.08173364337642,67.20857561571825,5953600
2013-03-01,67.39883422851562,67.5948595195052,66.85110796496812,67.30082158302083,5570300
2013-03-04,67.7389907836914,67.92348696866551,66.92605598071474,67.3296400107406,5046700
2013-03-05,67.99268341064453,68.17717961928848,67.84277886651613,68.0157459865671,6356000
2013-03-06,68.30402374267578,68.48275321329436,68.05033979825969,68.20601109096474,5362200
2013-03-07,68.35591888427734,68.5461818638636,68.1541268144452,68.39051495248944,4378700
2013-03-08,68.36167907714844,68.67301726879607,68.02727830848208,68.58076696072116,4992000
2013-03-11,68.45392608642578,68.49428449457947,68.09069601430588,68.39626744728913,4528400
2013-03-12,68.17716979980469,68.78255023405421,68.12528231050466,68.54039542111283,4625000
2013-03-13,68.24061584472656,68.43664118574519,68.06764868604391,68.25214493589455,5393300
2013-03-14,69.1861572265625,69.33606179886654,68.37898451250513,68.45393899802585,7476700
2013-03-15,69.00167083740234,69.14004193996983,68.5577282005767,68.94977892472825,10215600
2013-03-18,68.68455505371094,69.12850201973774,68.43663781779317,68.48276297767028,4828700
2013-03-19,68.87480926513672,69.07660131547094,68.40780417740085,68.83445085506987,5244200
2013-03-20,69.387939453125,69.69351090035678,69.10543058287593,69.17461831382411,5945300
2013-03-21,69.38219451904297,69.75695381502614,69.07662297575672,69.18616915117563,6168500
2013-03-22,69.86646270751953,69.9933046537413,69.46287869566463,69.56665806996101,5190700
2013-03-25,69.2899398803711,70.0855791421584,68.93247646776297,70.05098746952258,6345300
2013-03-26,69.75119018554688,69.83766937640526,69.3706641508176,69.61281468269728,4256400
2013-03-27,69.29570007324219,69.59550480479287,69.01318677763682,69.47442956327795,4329600
2013-03-28,68.50582122802734,69.60703625712519,68.47122955967438,69.43983586219079,8280100
2013-04-01,68.96129608154297,69.10543389554189,68.47122839369403,68.60383271928032,4322200
2013-04-02,68.60961151123047,69.15733354111073,68.41358616116393,69.0939125399156,4813900
2013-04-03,67.90619659423828,68.75372752411958,67.65827941338004,68.71336911787459,7175000
2013-04-04,68.07340240478516,68.42509900106664,67.55450542676847,67.9926855858422,5409700
2013-04-05,67.75630187988281,67.82548961436278,66.97795856161548,67.24893835657409,5029900
2013-04-08,67.92350006103516,67.95809612651726,67.25470291111823,67.71594126308996,4117400
2013-04-09,68.40204620361328,68.5346549386849,67.8197281562127,68.02728697709337,4849700
2013-04-10,68.97859954833984,69.08814570669684,68.32709814051732,68.54618605849382,5452000
2013-04-11,69.73389434814453,69.84920727446095,68.90942561962017,69.16310965877793,6092300
2013-04-12,69.15155029296875,69.70503890077119,68.89786636486646,69.4513549726689,6391700
2013-04-15,67.20857238769531,68.55193772299482,67.1682139801374,68.50004582828521,9766800
2013-04-16,67.46227264404297,67.7447815653071,67.00102981857138,67.65253124071775,6511400
2013-04-17,66.19383239746094,67.11055096169623,65.79601511749703,67.11055096169623,8291200
2013-04-18,66.64356231689453,66.94913819928082,66.07277776444197,66.23421142382351,6451600
2013-04-19,66.82228088378906,67.427656967621,66.78192247820027,67.08749389176349,7573200
2013-04-22,67.20857238769531,67.51414381616762,66.81651740053131,67.1047929970126,5435700
2013-04-23,67.73326110839844,68.08495341919895,66.82230883127409,67.45074775238335,6745200
2013-04-24,68.19446563720703,68.42508696450581,68.02150294078491,68.05609460032214,4559000
2013-04-25,68.32708740234375,69.18614750218288,68.20601217206334,68.6499546830915,5602800
2013-04-26,69.209228515625,69.42255411079577,68.42511828315801,68.60961454969508,6012200
2013-04-29,69.94719696044922,70.10863060546595,69.20921206966594,69.43983344771995,5158500
2013-04-30,70.34501647949219,70.34501647949219,69.2553350117171,69.79152782909347,6907400
2013-05-01,69.341796875,70.09131504302157,69.21495933157182,69.90681887225658,6082100
2013-05-02,70.36231231689453,70.52951270068218,69.54937297489981,69.7626985125744,5066100
2013-05-03,71.19832611083984,71.44048102472715,70.60447891470461,70.7370876627557,6384300
2013-05-06,71.0599594116211,71.36553094707784,70.74862113056949,71.100317833309,4668700
2013-05-07,70.93885040283203,71.33090534076935,70.65057484254682,71.11757984261335,4412600
2013-05-08,71.1233901977539,71.26176131989278,70.82934771431245,70.90430222113912,4479800
2013-05-09,71.28478240966797,71.46351185500096,70.89272745955267,71.18100302879226,9237500
2013-05-10,71.04841613769531,71.32515828867726,70.40267712084211,71.13489531066644,10581700
2013-05-13,70.82933807373047,70.97347592263864,70.4372829487507,70.85816740300733,16870100
2013-05-14,72.06893157958984,72.06893157958984,70.86394115497357,70.86970350240823,6965800
2013-05-15,71.49351501464844,71.91198031981847,71.25522054701145,71.91198031981847,7950400
2013-05-16,71.34822082519531,71.70275371452003,71.19710735575917,71.3365943245098,5549800
2013-05-17,71.73179626464844,71.73179626464844,71.063414508189,71.33657957307146,6850200
2013-05-20,72.52223205566406,72.55710268324601,71.59231170172853,71.73761189560003,5298200
2013-05-21,73.19644165039062,73.34755068945779,72.50481117097452,72.5571171227568,6699300
2013-05-22,72.60940551757812,73.80086875726235,72.41760821737752,73.17898416945003,9350100
2013-05-23,72.88259887695312,73.13251545891286,72.19096833832263,72.19096833832263,8096100
2013-05-24,72.91162872314453,72.97556115723285,72.2606867530957,72.3594898115196,5593200
2013-05-28,73.48123168945312,74.04499728516214,73.14994734604414,73.45798312080201,6598500
2013-05-29,72.93492126464844,73.65561378637302,72.53970435842318,73.27201895053133,6422400
2013-05-30,72.71403503417969,73.21386809472996,72.36531542859377,72.78378072898101,4353400
2013-05-31,71.3424072265625,72.824471227764,71.3424072265625,72.44087652280896,7905000
2013-06-03,72.1212158203125,72.13865557163084,71.10992752018151,71.10992752018151,7256900
2013-06-04,71.46443939208984,71.86546930443065,70.98785498310625,71.38307164671774,7675500
2013-06-05,70.65658569335938,71.54582226596362,70.505472233911,71.10410838753552,7745600
2013-06-06,70.08702850341797,70.61011030549922,68.96531479758244,70.48224537230027,10141500
2013-06-07,70.73214721679688,70.88907394175804,69.82547523866015,70.45317327008293,6089800
2013-06-10,71.30752563476562,71.47607439429432,70.79025729154759,71.45282583082034,5585600
2013-06-11,70.58683776855469,71.34821385751334,70.47641262809088,70.83094548279284,4548000
2013-06-12,69.72667694091797,71.33079276446581,69.51744424940253,71.0924982524911,5489200
2013-06-13,70.70887756347656,70.8076806158532,69.63365274736954,69.68596311488086,4656700
2013-06-14,69.90685272216797,70.7205349758568,69.8022363690621,70.40087266519676,4415300
2013-06-17,70.45317077636719,70.77864184741694,69.90684053492444,70.005643619463,4046900
2013-06-18,70.62754821777344,70.74379108595178,70.24395783831496,70.34276095060754,4544800
2013-06-19,70.03470611572266,71.12736217498816,69.9824001648873,70.79026903422391,4634300
2013-06-20,68.5526351928711,69.5464925007652,68.33178047678928,69.4767468057976,7624100
2013-06-21,69.1222152709961,69.47674813399084,68.15161094374643,69.30238611034375,10692100
2013-06-24,67.8958740234375,68.5991264256156,67.43091163204554,68.41314235590082,6785700
2013-06-25,68.26203155517578,68.50613925891857,67.95399584349747,68.43639356724775,5983100
2013-06-26,68.66886901855469,68.89553695473089,68.00048727389242,68.77929414501887,4820700
2013-06-27,68.99435424804688,69.47675203087867,68.86648934809524,68.8839246645958,4459400
2013-06-28,68.779296875,69.48836252265319,68.66305849488405,69.04083988157583,6504400
2013-07-01,69.20938873291016,69.7499056261997,68.58169083730746,68.78511021989816,5053000
2013-07-02,69.25010681152344,69.93592423598486,68.92463120441845,69.21523173284766,4912000
2013-07-03,69.20938873291016,69.33725361174145,68.93622366162694,69.3023785502902,3034800
2013-07-05,70.04051971435547,70.24393913674467,69.22102434017363,69.563935167239,4386200
2013-07-08,70.46479797363281,71.0866827777909,70.31368892776302,70.49385979318298,4964400
2013-07-09,71.64462280273438,71.91778789635892,70.93556153031344,71.13316767978885,6252900
2013-07-10,71.42960357666016,72.3827728591185,71.31917396803733,71.74926146519252,5549600
2013-07-11,71.93521881103516,72.13282938263282,71.20290901861162,72.03983512912566,7235100
2013-07-12,72.10379028320312,72.15610067583167,71.51096725008566,71.7899412300663,5615000
2013-07-15,72.46412658691406,72.7314784621587,72.10378044156127,72.13284225952279,4062000
2013-07-16,72.13863372802734,72.78957568539201,71.80734950066582,72.48154001853773,4002900
2013-07-17,72.2723159790039,72.65009737218125,72.23744535121247,72.44667798638116,3634600
2013-07-18,72.92326354980469,73.02787986897,72.4408658317529,72.46411439536854,4324100
2013-07-19,73.76020812988281,73.76020812988281,72.74891537423349,73.10926152748668,5929900
2013-07-22,73.82997131347656,74.16706899874798,73.6091165028913,73.643987148191,4056100
2013-07-23,73.96363067626953,74.19029868142208,73.63815514424164,73.85320108199122,3763300
2013-07-24,73.44635772705078,74.17866765244322,73.17319260053625,73.95781291157721,4527800
2013-07-25,74.25421142578125,74.2948953022082,73.10924520235275,73.31266458448752,4466400
2013-07-26,74.13793182373047,74.17280686779827,73.28356640849731,73.82989627874605,4829900
2013-07-29,73.33012390136719,74.0275677123949,73.16738834239082,74.0275677123949,4028900
2013-07-30,73.10346221923828,73.78927958738335,72.76055575227164,73.34756557886318,4589500
2013-07-31,73.1673812866211,73.76020869053693,72.9174647210901,73.24293580765661,5394300
2013-08-01,73.4870376586914,73.61490255649747,73.0220752001622,73.51609504096784,5757100
2013-08-02,72.62105560302734,72.70823663077802,71.66207760040376,72.57456289787676,7472700
2013-08-05,72.06311798095703,72.50483202686847,71.92944422069958,72.48739670459247,3733700
2013-08-06,71.56905364990234,72.16188084545797,71.49349915542187,72.0514512938093,4677700
2013-08-07,71.67951202392578,72.02241844546168,71.37147623937015,71.505149970602,3898500
2013-08-08,71.52838897705078,72.19095759636153,70.85419829170415,71.99916025018983,5639200
2013-08-09,71.1971206665039,71.55746687354035,70.72053603614556,71.55746687354035,5739400
2013-08-12,70.79026794433594,70.94719022863687,70.2729995232774,70.90650634498769,6014800
2013-08-13,71.1971206665039,71.62139933663087,70.55780046981027,70.86583628240373,4461000
2013-08-14,70.9355697631836,71.46446026255941,70.63915607035797,71.34822185928431,6884900
2013-08-15,70.46675872802734,70.90626034171565,70.32025819013123,70.7187398320423,4247800
2013-08-16,70.24992370605469,70.43158738059266,69.7635454054293,70.25578497835355,5652500
2013-08-19,69.5350112915039,70.32025195904278,69.45296688437777,70.13859273881776,4308900
2013-08-20,69.31820678710938,69.91007031228291,69.31820678710938,69.49400477985277,4490700
2013-08-21,68.97244262695312,69.44124607656593,68.69116413385827,69.3709242178717,5648600
2013-08-22,69.31820678710938,69.8456097070243,68.81424449372871,69.11310689348755,4028600
2013-08-23,70.04486083984375,70.16206399345344,69.2185998434005,69.55262100721257,4675900
2013-08-26,69.6404800415039,70.27336331546924,69.45295956820019,70.16788276980834,3783400
2013-08-27,69.62293243408203,70.12689477410521,69.18929198017004,69.2889112990288,5185600
2013-08-28,71.38092041015625,71.70322338076409,70.0038162528022,70.0038162528022,7615400
2013-08-29,70.53707885742188,71.23441836044998,70.35541515473528,70.99415980905887,5488800
2013-08-30,70.57222747802734,70.83592661375175,70.36126638111146,70.62496551683589,4696100
2013-09-03,70.64254760742188,71.18752968266155,70.32024469755511,71.10548528400759,4154300
2013-09-04,70.82421112060547,71.06446964644499,70.28509028477146,70.52534881061098,3671200
2013-09-05,71.12307739257812,71.29887534231298,70.85351695964499,70.9531362449122,3337300
2013-09-06,71.02932739257812,71.9317713331777,69.74012431791706,71.2168479210896,5690200
2013-09-09,71.62120819091797,71.7677087789469,71.02934456344501,71.02934456344501,4482000
2013-09-10,72.08412170410156,72.08412170410156,71.0293161045783,71.97277987114039,6000800
2013-09-11,72.61739349365234,72.66427474390858,71.95521259944084,72.10757442735257,4995800
2013-09-12,72.59980773925781,73.02759128614207,72.4533071982599,72.6935702315005,4529700
2013-09-13,72.7463150024414,73.15065796362865,72.55293319745253,72.65255697237663,3094000
2013-09-16,72.71114349365234,73.36160619889316,72.6525441763275,73.23854629125859,4277800
2013-09-17,72.86349487304688,73.36160020672618,72.71113755461508,72.72285562878638,5458200
2013-09-18,73.7308120727539,74.08827384731427,72.55880742720332,72.87524921800313,6296900
2013-09-19,73.50812530517578,73.90660702287,73.39678344453046,73.75424518264627,4440800
2013-09-20,73.20338439941406,73.97105022351884,73.0979038380553,73.63702919102305,10264700
2013-09-23,73.55499267578125,73.6135964712589,72.99829238547872,73.02759428321754,5450600
2013-09-24,72.95142364501953,73.74252584034217,72.90454685977899,73.44952469608619,6097900
2013-09-25,72.70528411865234,73.26784562717101,72.70528411865234,73.11548382147592,4498900
2013-09-26,72.36540985107422,72.92211461915527,72.08998810392829,72.72287154790082,5022600
2013-09-27,71.86731719970703,72.23064021238686,71.79113851499588,72.21306085982602,4518800
2013-09-30,71.19927215576172,71.50399135337297,70.61326991579661,71.25787148558977,6421800
2013-10-01,71.0937728881836,71.33989269127922,70.81248991975923,71.06447099554983,4702300
2013-10-02,70.80664825439453,71.01174813415219,70.17962606722566,70.92970818224913,5899800
2013-10-03,69.29474639892578,70.70701356667506,69.10722591097164,70.68357294682565,10203700
2013-10-04,69.22444152832031,69.46470458761084,68.86697981186117,69.44126396200868,6538500
2013-10-07,69.07211303710938,69.44129298524861,68.68534925928765,68.81427051856156,5677400
2013-10-08,68.4040298461914,69.20098862101072,68.39230730004974,69.08378998464237,6744200
2013-10-09,68.05243682861328,68.44506171748526,67.57777645669194,68.29856116113007,8861700
2013-10-10,68.19894409179688,68.19894409179688,67.06210270285384,67.53090184678786,11133000
2013-10-11,68.95489501953125,68.97833564988558,67.93525218875486,68.31029333273797,6535800
2013-10-14,69.48812866210938,69.587747944059,68.16376269150693,68.75562605217192,4789800
2013-10-15,69.23616027832031,69.77528122506789,69.01347658273706,69.47641885358833,6414700
2013-10-16,69.82801055908203,70.15617029584595,69.34748455761903,69.98036788209893,5614200
2013-10-17,70.03897857666016,70.09172109769055,69.540877617898,69.79285873409653,5254800
2013-10-18,70.11515045166016,70.23234908046955,69.81042686340999,70.09170983173006,6231100
2013-10-21,70.21476745605469,70.43158983024537,69.9159051501899,70.103425632708,4360700
2013-10-22,70.69528198242188,70.78318317790806,70.15029993541616,70.40228097802827,6444900
2013-10-23,70.39643096923828,70.69529329337182,70.22648982299926,70.49019345164929,4961900
2013-10-24,70.64842987060547,70.90627229142567,70.26753198455683,70.71289047581053,4188100
2013-10-25,70.666015625,71.03519993750227,70.4784950667351,70.666015625,4273300
2013-10-28,70.8535385131836,70.994177809922,70.37301234687902,70.64843413650524,5497700
2013-10-29,71.19927215576172,71.49813454997977,71.00003354017788,71.0996528479698,4241700
2013-10-30,70.49605560302734,71.46881678053724,70.267515137854,71.22269696740307,4999100
2013-10-31,70.29683685302734,71.09966163045051,70.22065816192524,70.40817872304359,7752500
2013-11-01,69.15413665771484,69.99212017381157,68.56227304879096,69.75771834614282,9344200
2013-11-04,69.20685577392578,69.49985686058156,68.74977479407745,69.49399558701275,6670300
2013-11-05,69.4119644165039,69.6756681103405,68.60328292459154,68.91386340038015,6623300
2013-11-06,70.98832702636719,71.14655017056849,69.62880170139573,69.9100848072851,8373200
2013-11-07,70.26753234863281,71.42195303228105,69.98038802547077,71.25787311666983,10131200
2013-11-08,71.0176010131836,71.02931908885225,70.07413720698216,70.12687525375343,11331000
2013-11-11,70.95314025878906,71.19926008484582,70.73631785725819,71.01173957868235,3427600
2013-11-12,70.32025909423828,71.0527617931366,70.10343668586138,70.92384060279583,6914200
2013-11-13,70.3730239868164,70.40818716994909,69.84562541910323,70.07416599067051,6212000
2013-11-14,70.6507339477539,70.86937702355267,70.50891372721651,70.66255492935574,5470900
2013-11-15,70.94619750976562,71.07029077002574,70.39663906668018,70.7807398294188,6008000
2013-11-18,71.24165344238281,71.43665905418969,70.9521025241256,71.3302927666935,4788700
2013-11-19,72.12806701660156,72.31716221482564,71.0703142017782,71.23577644506128,5891800
2013-11-20,72.09258270263672,72.53577480941522,71.85621267734487,72.18713251610676,4571300
2013-11-21,72.955322265625,73.03805109005827,72.30530814148514,72.30530814148514,4884300
2013-11-22,73.29217529296875,73.38672513225161,72.34078895001113,73.00262429983779,3887400
2013-11-25,73.12078857421875,73.33352115035058,72.81351069113019,73.13851553749917,3925300
2013-11-26,72.55352020263672,73.09716824303902,72.47670184096609,72.92580455226486,4597500
2013-11-27,72.34075927734375,72.52985436996217,71.87984027086029,72.4589465279694,3906700
2013-11-29,72.35258483886719,72.8607787777861,72.09257737940646,72.58304435670449,3721000
2013-12-02,72.29349517822266,72.71896032727706,72.12213152888219,72.60668805788676,5384000
2013-12-03,72.3998794555664,72.6244330669112,72.01578313625765,72.27578617432113,5410200
2013-12-04,71.95667266845703,72.58305394826043,71.61394084560254,72.15167828882177,4391800
2013-12-05,71.56074523925781,72.09257662422786,71.33028572383459,71.66120102631247,4706800
2013-12-06,72.26395416259766,72.3053185807864,71.8857639081909,72.12213394429098,4179100
2013-12-09,72.88440704345703,73.20350585730257,72.18712255307702,72.25211990538789,7706500
2013-12-10,73.0735092163086,73.2389668644857,72.5062194105831,73.15032755056717,5602700
2013-12-11,72.15168762207031,73.20944018975543,71.97441345112105,73.16807576569552,7309900
2013-12-12,71.4957504272461,72.15167511534422,71.24756392590716,71.96257999407884,7221200
2013-12-13,70.85164642333984,71.58438945162524,70.54436403483149,71.17074528446008,5268100
2013-12-16,71.04074096679688,71.32438139101107,70.79846045057997,71.18256117890398,7304500
2013-12-17,70.16616821289062,71.04664638328296,69.87661731890582,70.98164451812961,6824000
2013-12-18,71.85621643066406,71.95667223143573,70.44391120396389,70.51482356777045,8206400
2013-12-19,72.81350708007812,72.919873362869,71.53711168658765,71.83848357255897,6540600
2013-12-20,72.55352020263672,73.15035365372206,72.32897110117952,72.57715766200869,9455200
2013-12-23,72.56532287597656,73.03214792852904,72.46486257189889,72.9257861507702,4062400
2013-12-24,72.9848861694336,73.0085236256391,72.50623557094386,72.54759999220754,1587800
2013-12-26,73.75309753417969,73.85946385357312,73.0085378068103,73.03808125151784,3415200
2013-12-27,74.00126647949219,74.24945298103236,73.68216761677627,73.86535224766783,3455300
2013-12-30,73.41034698486328,73.9894488480068,73.21534136408935,73.741262335231,4688500
2013-12-31,73.81217956542969,73.9658162691521,73.23307315572707,73.67626531849268,3475600
2014-01-02,73.35717010498047,73.79445179852614,73.10307307189636,73.54626525692325,4540300
2014-01-03,73.48123931884766,73.80033812860373,73.19168844844,73.62896999882459,3506000
2014-01-06,73.28623962402344,73.74716316960416,72.99077824034454,73.62306542108205,4252300
2014-01-07,73.90670776367188,74.05443845037533,73.06759854520809,73.52260707656632,4563300
2014-01-08,72.85486602783203,73.54624455989743,72.53576720340581,73.53442808864436,8282500
2014-01-09,72.85486602783203,72.93168436193393,72.10439161435295,72.93168436193393,5643500
2014-01-10,71.50758361816406,72.58896913246767,71.12939331105756,72.38805750423538,8127500
2014-01-13,70.46754455566406,71.44256808641279,70.32572434469179,71.38938268955867,6504200
2014-01-14,70.6566390991211,70.76300538358205,70.20163052627225,70.5561833050144,6904600
2014-01-15,70.4261474609375,70.952068153126,70.34932915488541,70.72751921424836,5829300
2014-01-16,70.2193832397461,70.49120728674427,69.84119286928039,70.38484096327674,5041100
2014-01-17,70.49120330810547,71.1353071966933,70.16619386352517,70.33756206990527,7199700
2014-01-21,71.12347412109375,71.43666250820223,70.62119060355842,71.34802317960576,5602300
2014-01-22,71.16484832763672,71.35985397569235,70.89302432203684,71.21212324384126,4977500
2014-01-23,69.95935821533203,70.82210506448531,69.88253986525379,70.81619457343815,6205800
2014-01-24,68.7184066772461,69.81161285573158,68.70067971620632,69.65206569799095,7094900
2014-01-27,68.8011474609375,69.28570401658166,68.47613809076856,68.70069165866111,6179500
2014-01-28,69.0434341430664,69.15571094434529,68.58842546297201,68.9725262756349,4303700
2014-01-29,68.54704284667969,69.07296376302236,68.37567469855702,68.62977167565158,5522100
2014-01-30,68.81298065185547,69.11435264028438,68.06251043530328,68.730251793602,5538700
2014-01-31,65.96473693847656,67.30613475596616,65.65745894319993,67.30613475596616,15523500
2014-02-03,65.6751708984375,66.45518894792059,65.32061805928771,66.39018706809834,11275300
2014-02-04,65.49198913574219,66.20700533699913,65.29107299603578,66.10063902971554,9717200
2014-02-05,64.71784973144531,65.59241727885153,64.57011906189835,65.59241727885153,10562900
2014-02-06,65.751953125,65.79922801314703,64.94830256840777,65.06648528039388,7983300
2014-02-07,66.21289825439453,66.25426266800453,65.23196429109603,66.13016942717454,7071800
2014-02-10,66.00016784667969,66.46108690146086,65.63970458416968,66.46108690146086,9251300
2014-02-11,67.11700439453125,67.28837252631574,66.15379746444542,66.20107236460306,6874700
2014-02-12,66.78910064697266,67.30180856402248,66.65794217306295,67.30180856402248,6422100
2014-02-13,67.07528686523438,67.21240382470063,66.28237732247868,66.61027361412341,5061600
2014-02-14,67.6535873413086,67.86224659084878,66.52681829693054,67.11703173646917,6776400
2014-02-18,67.19451904296875,68.02916042310353,67.12893978498768,67.88011748195196,6106600
2014-02-19,67.72511291503906,68.58956472020472,67.05144044488625,67.09913527863947,7989900
2014-02-20,68.3212661743164,68.75647345460679,67.42700875175093,67.67144129716449,8406900
2014-02-21,67.17662811279297,68.40474037346145,67.12893328461985,68.39281894063275,9221100
2014-02-24,68.05302429199219,68.55976950473233,67.39723610206784,67.58801093092639,7337900
2014-02-25,68.5418930053711,68.82209456264503,68.10668546033114,68.18419072842975,5976100
2014-02-26,68.86380004882812,69.07245925143852,68.20204904309983,68.4524400862323,6113800
2014-02-27,68.97111511230469,69.0486158067516,68.29743808572323,68.9532306865423,4922600
2014-02-28,68.75648498535156,69.59708473835234,68.44647314641867,69.07841825727608,6944600
2014-03-03,68.46436309814453,69.26919861715534,68.11858693231774,68.43455723904424,6046200
2014-03-04,68.75054168701172,69.3169031591371,68.71477282936227,69.09035947997305,5611500
2014-03-05,68.21992492675781,68.7147485084463,67.96953391497408,68.60743742504914,6703700
2014-03-06,68.47032928466797,68.64918264133468,68.17224338917666,68.38686559780479,5179600
2014-03-07,68.60745239257812,69.12611895179354,68.34513534295108,68.60148940096936,5055600
2014-03-10,69.0605239868164,69.12014479248808,68.03511253632516,68.82801739966926,6203000
2014-03-11,68.26761627197266,69.29303222806173,68.1066473808689,69.09629449379213,6274300
2014-03-12,68.94725799560547,69.37053935667683,68.04107446473594,68.04703745529444,6812900
2014-03-13,68.2318344116211,69.0068592724977,68.03510125019817,68.91743262725377,5405100
2014-03-14,68.023193359375,68.50013256187775,67.77280232485425,68.1781992824528,6280000
2014-03-17,68.60147857666016,68.73263708077879,68.04107571303662,68.11858094643173,5894500
2014-03-18,69.29900360107422,69.4897783809392,68.67898442940566,68.92938002357744,6329600
2014-03-19,68.67900085449219,69.59710612354823,68.3570720320774,69.08439792721263,5569600
2014-03-20,68.86380004882812,69.20361776405917,68.15435421152333,68.47032451096612,5280600
2014-03-21,68.93534851074219,70.34827741490005,68.90554264767535,69.32882411003813,14893600
2014-03-24,69.06649017333984,69.56727676389838,68.94725765333638,69.15591683755699,5386900
2014-03-25,69.80574035644531,69.86536116363986,69.28111091150782,69.29303689231833,5573000
2014-03-26,70.17536926269531,70.51518694492303,69.96671008035004,70.22902708011497,5971600
2014-03-27,70.15152740478516,70.34230217924171,69.65074532749772,70.19922223550665,5224600
2014-03-28,70.6463394165039,70.67614981790764,70.16940028461596,70.42575427203072,5875100
2014-03-31,70.89079284667969,71.31407429036467,70.6403972270721,70.81925059130181,5482700
2014-04-01,70.9444351196289,71.30810023495681,70.84904546059175,71.03386178786891,5391400
2014-04-02,71.15311431884766,71.26638843369543,70.65829055743225,70.65829055743225,4505600
2014-04-03,70.9682846069336,71.41541341276223,70.87885793608199,71.40945042179095,4446400
2014-04-04,70.82521057128906,71.39157195321614,70.70001049259422,71.39157195321614,5301300
2014-04-07,69.95479583740234,70.83713209020762,69.95479583740234,70.53904619443189,5241300
2014-04-08,70.22901916503906,70.53306341857706,69.85939112052232,70.14555550150762,4706100
2014-04-09,71.00404357910156,71.09347023751376,70.10382310169541,70.24690757452643,5376500
2014-04-10,69.56727600097656,70.38402830574431,69.48381232820364,69.87132028817976,8769200
2014-04-11,69.76998901367188,70.1873120265802,69.45401866936265,69.45401866936265,7028800
2014-04-14,70.76558685302734,70.84309209365507,69.95479288684074,70.25287877004376,6817700
2014-04-15,71.7194595336914,71.72541797600559,70.55095896315957,70.7715441363738,7681900
2014-04-16,72.631591796875,72.80448211782,72.07715199123363,72.07715199123363,7277000
2014-04-17,73.73451232910156,73.83586042138079,72.56601640168823,72.56601640168823,8604900
2014-04-21,74.06840515136719,74.16379485093734,73.35896359164697,73.35896359164697,6351100
2014-04-22,73.92528533935547,74.1339445092566,73.69277875740437,73.8477846615147,5849200
2014-04-23,74.33665466308594,74.49761902929687,74.03856879730846,74.03856879730846,5596300
2014-04-24,74.10417175292969,74.47379543371841,74.00878206212563,74.42610058831639,5185300
2014-04-25,73.91934204101562,74.34262348369785,73.6749139621394,74.06242655143242,5776300
2014-04-28,74.9566650390625,75.15339823064966,74.07432897829406,74.08029196847211,7687800
2014-04-29,75.09976196289062,75.8747825695927,74.97456643138713,75.06995155368176,6666800
2014-04-30,74.83147430419922,75.10571730538729,74.70627878544607,74.9745587957137,6123500
2014-05-01,74.48570251464844,74.97456318486832,74.09222696259286,74.91494691746193,6379600
2014-05-02,74.35456085205078,74.99842760222327,73.67492524301228,73.86570007101554,5406100
2014-05-05,74.73607635498047,75.02819918189623,74.12797874156395,74.41414312701207,4224400
2014-05-06,74.50360107421875,74.93284555846486,74.23532099734969,74.52148550299059,5600000
2014-05-07,75.2547607421875,75.5826524701328,74.90301705040103,75.08782883430528,5436000
2014-05-08,74.57514953613281,75.1951689306787,74.44399552342892,74.93881480166868,5009800
2014-05-09,74.53935241699219,75.15937157650069,74.30684580073019,74.75397460868473,4826100
2014-05-12,74.66455078125,74.86128855586647,74.30088563972126,74.86128855586647,4914700
2014-05-13,75.02821350097656,75.11167718173861,74.50358400069656,74.86128613945245,4415200
2014-05-14,75.36802673339844,75.58264891357564,74.97455576869304,75.20109938180043,4961400
2014-05-15,74.44207763671875,75.45820957622443,74.28575317468295,75.25979246603907,5939500
2014-05-16,74.06329345703125,74.76676737744124,73.88892730297785,74.5322760706379,6435100
2014-05-19,73.92501831054688,74.20761163880115,73.8648931441059,73.92501831054688,4042300
2014-05-20,73.65445709228516,74.01521269936751,73.49812798055545,73.92502265078282,4044400
2014-05-21,74.65253448486328,74.77278479603554,73.91899565984866,73.95506983574927,4758700
2014-05-22,74.3338623046875,74.80284952679017,74.29177423713082,74.61645558139175,3262700
2014-05-23,74.17755126953125,74.77279821499283,74.15350028552946,74.61646911260934,3808100
2014-05-27,73.8588638305664,74.5503145684124,73.80475256824407,74.41202717319632,4283300
2014-05-28,73.66645050048828,74.14144694950532,73.66645050048828,73.89493247613838,4702900
2014-05-29,73.5462417602539,73.89497422423823,73.14339801078434,73.88896033009858,6255000
2014-05-30,73.82881927490234,73.88293054875193,73.35983655251464,73.49812397718989,5174700
2014-06-02,73.48008728027344,73.97913488231563,73.35983694623599,73.91299582241817,3689800
2014-06-03,73.68453216552734,73.846870605635,73.18548446993515,73.58832821045831,3563800
2014-06-04,73.56424713134766,73.7626642670752,73.35380679978292,73.54621004396427,3285500
2014-06-05,74.26774597167969,74.4240750935259,73.63041087168185,73.67249895211081,4220600
2014-06-06,74.67058563232422,74.97722535972639,74.27976516654492,74.37596451614476,4295400
2014-06-09,74.77877807617188,74.94111641023393,74.48415709667344,74.56232390591974,3657700
2014-06-10,75.36204528808594,75.38008696988588,74.6465478767596,75.14559556631365,5869400
2014-06-11,75.26583099365234,75.44019718507967,74.92912639627879,75.23576611720566,4570900
2014-06-12,75.82501983642578,75.89717280285168,75.41014830717677,75.5965423236294,6815800
2014-06-13,76.51644897460938,76.51644897460938,75.6987339379869,75.72278491991766,5573600
2014-06-16,77.2860336303711,77.44837656153423,76.44427245861539,76.45028634905775,7065300
2014-06-17,77.46043395996094,77.58669359674622,76.70284402845662,76.90126120363139,6720700
2014-06-18,78.33223724365234,78.46451532145002,77.17781788928939,77.53857795137571,7697700
2014-06-19,79.36041259765625,79.36642190255208,78.1097890909777,78.33826194566586,7419900
2014-06-20,79.57085418701172,79.60692836804957,78.69301853338445,79.33636283575382,11348300
2014-06-23,79.95563507080078,80.31038581096712,79.61893058987118,79.67906032196962,11006900
2014-06-24,79.22811889648438,80.24425086902515,79.19204472518864,79.81134246445737,8581100
2014-06-25,78.90345001220703,79.58287763308164,78.77117190593921,78.96958906534094,6714200
2014-06-26,78.71707153320312,78.89745162803726,77.88131929583395,78.89144232219745,6111400
2014-06-27,78.38035583496094,78.73509749412536,77.74302087456074,78.60281938824855,8674700
2014-06-30,78.49461364746094,78.54271562120994,77.78512100280498,78.25410377871594,5698900
2014-07-01,78.48856353759766,79.01767586110321,78.44047075774233,78.72907330942277,4000500
2014-07-02,78.30216979980469,78.71704110520125,78.15787311932533,78.4825498249131,5136800
2014-07-03,78.87938690185547,79.11988749437025,78.5967936596704,79.02970206580459,3514000
2014-07-07,78.44649505615234,78.5487082882743,78.17592953882817,78.42845796663148,3660000
2014-07-08,78.10379028320312,78.3924021320973,77.87531737097059,77.9835399334207,4687600
2014-07-09,78.99967193603516,79.18005204699317,78.15791031758255,78.32626264127308,5200800
2014-07-10,78.31421661376953,78.68098605663789,78.10377167091453,78.45250402433948,4404800
2014-07-11,77.24397277832031,78.09776198097505,76.97941656843915,77.64080709314207,5242700
2014-07-14,77.7189712524414,77.86327715385207,77.18986796295994,77.44239640954449,4135800
2014-07-15,77.7189712524414,77.86327715385207,77.3281553844084,77.60473940181745,4845000
2014-07-16,78.69902038574219,78.72908525859717,77.97750930977828,78.0977596266871,4491800
2014-07-17,78.21200561523438,79.06579484647544,78.09175529067439,78.548710193807,4953600
2014-07-18,78.39839172363281,78.60281818430711,77.91137196605115,78.54870691668944,4339400
2014-07-21,78.93952178955078,78.969586662699,78.16990874441417,78.23003849071064,3714000
2014-07-22,79.71515655517578,80.08793530873943,79.09585867608902,79.09585867608902,4391700
2014-07-23,80.49679565429688,80.52685135349809,79.65502506290171,79.78730316762794,4589500
2014-07-24,81.08000183105469,81.23031699264395,80.38253727939824,80.58696369727738,5337900
2014-07-25,80.31041717529297,80.9357244305819,80.0037682661453,80.91768733880998,3702000
2014-07-28,80.11199951171875,80.44870412212893,79.9015545429561,80.3043982143049,4625000
2014-07-29,79.61894989013672,80.40059072434724,79.61894989013672,79.90755249024893,4189100
2014-07-30,79.6850814819336,80.38254611021341,79.06578368211059,79.94963766331631,4601800
2014-07-31,77.7069320678711,79.3483711233397,77.62275594129603,79.20406526013542,7973700
2014-08-01,76.9012451171875,77.53858458407159,75.97530308065282,76.81706898543482,7377800
2014-08-04,77.0635986328125,77.17783965717831,75.77690083774075,76.77499600644921,7360000
2014-08-05,75.133544921875,76.84713719101306,74.9050674817418,76.84713719101306,8066700
2014-08-06,75.59651184082031,76.34207384422636,75.03733919145196,75.09746434560071,5134900
2014-08-07,75.54840850830078,76.19777117070734,75.0553749136414,75.87308983950406,4650700
2014-08-08,76.87721252441406,76.93733769186618,75.70475570370108,75.80095505417322,4730700
2014-08-11,76.7870101928711,77.3642199651129,76.68479696583208,77.05758028399585,3466500
2014-08-12,76.41423034667969,76.52847136282897,75.91518738547411,76.4442952205892,4944100
2014-08-13,76.72088623046875,77.10569740822636,76.28196836345474,76.74493721578213,3518200
2014-08-14,76.33606719970703,76.78099888735431,76.0775248837926,76.7689756902852,4524000
2014-08-15,76.46337890625,76.88177635876315,76.20870420743478,76.65741743290589,5754300
2014-08-18,76.58467864990234,76.76052221357992,76.17840646051529,76.56648362922505,4630000
2014-08-19,77.39115905761719,77.43360485901738,76.73628163976355,76.83936363941469,3887800
2014-08-20,77.30624389648438,77.37294508210748,76.87572100598143,77.16071613978124,3230300
2014-08-21,77.57305908203125,77.724647238748,77.11828073314722,77.4214662990699,2668100
2014-08-22,77.07584381103516,77.3123282095766,76.68776661208277,77.02126799723975,3236900
2014-08-25,77.51848602294922,77.65795805001088,77.23955584756017,77.35476784709392,2645700
2014-08-26,77.76708984375,78.04602460746179,77.57911629216713,77.65187785987965,2832400
2014-08-27,78.00359344482422,78.11274507582301,77.73072824606302,77.86413065478904,2767000
2014-08-28,78.07030487060547,78.16125686460364,77.76711922062253,77.78530961942216,2409000
2014-08-29,78.49474334716797,78.54325414936174,77.91869260641222,78.22187818075624,3519000
2014-09-02,77.33658599853516,78.45231144962592,77.04552577721944,78.34315981866791,4744500
2014-09-03,77.53060913085938,78.1491102428762,77.41539714158785,77.88836585886875,3846300
2014-09-04,76.88787078857422,77.89444921135807,76.52404436389634,77.74285640982401,5191200
2014-09-05,77.25166320800781,77.27591860217831,76.49976449369646,77.10007046412485,5035500
2014-09-08,76.53011322021484,76.85755424314574,76.21480221271402,76.8151084416313,4200800
2014-09-09,75.9055404663086,76.2754272365645,75.34768012063387,75.48714289393018,6721600
2014-09-10,75.35980987548828,75.63874006449092,74.58972050870325,75.46895687346714,10941800
2014-09-11,75.08692932128906,75.23245708005231,74.22588352809407,74.75342338845239,6569600
2014-09-12,74.37751007080078,74.9838814049782,74.10464019467325,74.9111151794283,4915600
2014-09-15,75.33555603027344,75.66299703097852,74.0136666390915,74.18951484092821,5437600
2014-09-16,75.77215576171875,76.2087438302483,74.95355544634873,75.2264206760568,6587200
2014-09-17,75.62662506103516,76.09352890046338,75.46290222846281,75.87523487453066,4583500
2014-09-18,75.27491760253906,75.82065258752202,75.09906940591983,75.70544058340202,4683200
2014-09-19,75.67512512207031,76.22085548312894,75.58416851981222,75.76001671717921,10090000
2014-09-22,74.88076782226562,75.74787870322753,74.86864243549275,75.55384013115011,5850500
2014-09-23,74.62004089355469,75.17790593220576,74.49876849998657,74.90503610730958,5620700
2014-09-24,74.21983337402344,74.62610095441647,73.27995619431303,74.62610095441647,8005900
2014-09-25,73.1768798828125,74.34717653634658,73.1768798828125,74.09856211259931,6466300
2014-09-26,73.65594482421875,74.00157638468536,72.77670339759504,73.09808416982477,5500500
2014-09-29,73.0980453491211,73.21325272392777,72.24305979104486,73.20112733624885,6791500
2014-09-30,72.35220336914062,73.07378649745615,71.95200082720346,73.07378649745615,8385700
2014-10-01,71.33956146240234,72.37039049089448,71.17583867327768,72.03688915873262,8027900
2014-10-02,71.01213073730469,71.49116453462037,70.41788493299363,71.18191393103783,8171200
2014-10-03,71.37593841552734,71.6488081740009,70.5815937906533,71.6488081740009,6298300
2014-10-06,71.60636901855469,72.18848941101173,71.11520985280423,71.49722664949448,5409500
2014-10-07,70.35118103027344,71.81253776895949,70.33905564243456,71.23042200155079,7303800
2014-10-08,71.521484375,71.70339759360029,69.82364771512707,70.23598033454176,9517400
2014-10-09,69.43553924560547,70.99391241250893,69.27181649731105,70.9575270094195,11489200
2014-10-10,69.05963134765625,70.17535701575638,68.44719500063525,69.55079065127173,9253100
2014-10-13,67.9317398071289,69.48404802771431,67.82259284622877,68.85342628278406,7799100
2014-10-14,66.56742095947266,68.5502571169206,66.15508841191809,68.27738733657513,11541500
2014-10-15,66.25818634033203,66.39765376735491,64.66949658085096,65.83372830373304,15278400
2014-10-16,67.34356689453125,67.501224661854,65.00297428665732,65.46381757700783,11908400
2014-10-17,67.79230499267578,68.36229079990272,67.14348796518418,67.78017497744491,10895500
2014-10-20,67.60431671142578,68.08335046439872,67.28900575600093,67.62857211203456,8823800
2014-10-21,69.78723907470703,69.83574986702504,68.46535468086968,68.62907282213823,8899700
2014-10-22,69.12632751464844,70.48459791783304,69.07175631878751,69.85397121693588,7211600
2014-10-23,70.45426177978516,71.13945947863964,69.70235826151293,70.33904978680509,7195500
2014-10-24,70.28446960449219,70.4966985436586,69.44767460685911,70.45425275582531,5507900
2014-10-27,69.74482727050781,69.95706093374703,68.79888949062618,69.35674999536427,6714600
2014-10-28,71.0242691040039,71.10916071638287,69.82972152231528,70.4421532078713,7272600
2014-10-29,71.03033447265625,72.11573966643077,70.39970775875254,71.55181416634112,6873700
2014-10-30,71.06668853759766,71.09700894201518,70.07830534525893,70.44819207318045,5174400
2014-10-31,72.73422241210938,72.86762481414912,70.57554245545167,71.7640294330635,10669500
2014-11-03,70.81201934814453,72.74634472032062,70.61798077289058,72.6614531327873,10343300
2014-11-04,69.95704650878906,70.35118408497226,69.61141511231244,70.33299368930166,9585800
2014-11-05,70.97575378417969,71.12734659053099,69.64779932014375,71.10915156772278,6603300
2014-11-06,71.87317657470703,71.88530658923196,70.55735219969962,70.88479319819712,6383800
2014-11-07,72.03689575195312,72.6008211165345,71.77009096080864,72.00657534341586,7366600
2014-11-10,71.50328063964844,72.5644300889565,71.13339389007578,72.50985890930372,6114600
2014-11-11,71.8185806274414,71.95804336268073,71.12731807768586,71.52145551520492,3957000
2014-11-12,71.33956146240234,71.9823133536096,71.17583867327768,71.46689883936354,4923900
2014-11-13,70.6119384765625,71.2304398146506,70.1207791869748,71.00001575188419,11019900
2014-11-14,71.18721008300781,71.20556917353088,70.63641402157505,70.80777175865454,4891700
2014-11-17,70.83837127685547,71.0831700379917,70.54461182966239,70.96688957589369,5713700
2014-11-18,70.66699981689453,71.37691095021806,70.53236029096755,70.9729970415842,5672800
2014-11-19,71.27898406982422,71.4075023255117,70.42219102942788,70.97298688890741,4270300
2014-11-20,71.7930679321289,71.89098928599707,71.08927804507687,71.08927804507687,5272800
2014-11-21,72.5702896118164,72.77224886364867,72.05009535912569,72.69880786230614,7361600
2014-11-24,71.96440124511719,72.57027891127689,71.69512695152511,72.29487869871005,5807600
2014-11-25,71.08316802978516,72.10519780932093,70.7649282485544,72.09295997272645,6671400
2014-11-26,70.44669342041016,71.20556535931865,70.39161148264334,71.03420763141814,6715100
2014-11-28,66.62783813476562,68.35366231467486,66.3585590798807,68.29245913373036,11935600
2014-12-01,68.37812805175781,68.84324037741528,66.5115434910727,66.939937651322,13400100
2014-12-02,69.77961730957031,70.11009493052897,67.86407602774382,68.09663227842677,8548700
2014-12-03,69.58987426757812,70.2691883431496,69.2471589390542,70.22022767646155,8049800
2014-12-04,68.71473693847656,69.20433437211719,67.93750603190527,69.20433437211719,8100700
2014-12-05,67.85183715820312,68.72086829500621,67.75391578941795,68.41487102127432,7663400
2014-12-08,65.36100769042969,67.28266984764231,65.12233023370975,67.25206825815637,13809000
2014-12-09,65.48950958251953,66.18718269215468,64.95095162480409,64.97543195644077,11053000
2014-12-10,64.17374420166016,65.02441619052676,63.07827347683499,65.0060571024307,15073400
2014-12-11,64.20433044433594,65.64863283597148,63.83101351181157,64.24104861174933,10293600
2014-12-12,62.655982971191406,63.86161264738756,62.64986638917424,63.50053820421838,12013600
2014-12-15,61.725772857666016,63.59235816848019,61.45649375206711,63.114998480605394,13144200
2014-12-16,62.23984909057617,63.935076751064315,61.29126025995829,61.50545743660438,12722200
2014-12-17,64.88363647460938,65.23247305412866,62.42954258586241,62.53358050082605,13354000
2014-12-18,66.72575378417969,66.72575378417969,64.55929288231916,66.10152150289986,13533000
2014-12-19,69.11253356933594,69.13089265581067,66.40139796341849,67.03175150116897,15723300
2014-12-22,68.56173706054688,69.14925116859973,67.97422295249403,68.76369634838767,9433500
2014-12-23,69.73676300048828,70.04276021359993,68.73921376663716,69.00849280830244,8092000
2014-12-24,69.4430160522461,69.85305124304995,68.58622282594057,69.55929650035216,4536500
2014-12-26,69.3083724975586,69.9815654687827,69.04521469336268,69.72452891653941,4380400
2014-12-29,69.35121154785156,69.99992417690392,69.0207339814059,69.4246525634441,6043000
2014-12-30,69.22270202636719,69.55317963460526,68.635187834771,69.11254282362117,5659500
2014-12-31,68.65355682373047,69.34510906510278,68.25575938594262,68.32920042141295,6411800
2015-01-02,68.8983383178711,69.15537487379784,67.8395858339625,68.31694077186852,5898800
2015-01-05,66.14437866210938,68.05379885973086,65.75270248469224,67.90692146048652,11758100
2015-01-06,66.11377716064453,66.71965051891875,65.16518831391593,66.01586045072114,11591600
2015-01-07,66.0586929321289,67.15416373213411,65.79553509001427,66.8604042949942,10353800
2015-01-08,67.5703125,67.5886715872609,66.46259932073706,66.82367849040816,8650800
2015-01-09,66.22393035888672,67.45404072407607,65.89345273827698,67.40508003898991,9584500
2015-01-12,64.79795837402344,65.77103179260392,64.60212037399694,65.77103179260392,8912300
2015-01-13,63.76982116699219,65.88732611749137,63.15171012124461,65.43444685315605,13277700
2015-01-14,63.58618927001953,63.89830757498787,62.319361642965156,63.15779058946319,14116900
2015-01-15,62.833465576171875,64.22269551534781,62.74778673145538,63.89833922190009,9664600
2015-01-16,64.33285522460938,64.34509305860631,62.71106907492337,62.71106907492337,12604600
2015-01-20,65.1590576171875,65.22637738825584,63.53114994465888,63.99014583695335,10406800
2015-01-21,66.19331359863281,66.26062868402133,65.08560060892225,65.3548796270624,8271000
2015-01-22,66.658447265625,66.78084898078663,65.47729756191632,66.5605305626437,7471100
2015-01-23,65.39159393310547,66.5543841064965,65.31815760096569,66.23002785515583,7984400
2015-01-26,66.63394927978516,66.92158739782144,65.06724509371983,65.61804099324179,7670500
2015-01-27,66.25456237792969,66.59115673687575,65.86900264226503,66.1627622185262,6388700
2015-01-28,63.469940185546875,66.19943471469547,63.29246124499378,66.19331813233445,10526500
2015-01-29,63.035430908203125,64.0329802212943,62.215360553112355,63.79430274963967,13994400
2015-01-30,62.74779510498047,63.20679097827641,60.51401425444405,62.1786400353276,20584700
2015-02-02,64.90813446044922,64.95097388821114,63.01707371748346,63.63518946303183,11537600
2015-02-03,67.03174591064453,67.38670378337588,65.89343595267623,65.9117950376198,14266700
2015-02-04,66.30960083007812,66.87875588200723,65.72208669085249,66.39527968356015,10176000
2015-02-05,66.89712524414062,67.38672276993371,66.44425056772823,67.05624514039559,7533300
2015-02-06,67.0807113647461,67.60090570819551,66.77471414281737,67.11131295459779,7655500
2015-02-09,67.5825424194336,68.23737624687541,67.10518752997186,67.22146329205434,6403000
2015-02-10,67.42953491210938,67.69881390922353,66.15046434496324,67.63761074140947,7033700
2015-02-11,67.30713653564453,67.42953353047243,66.2728646535085,66.695142223213,8662000
2015-02-12,68.51225280761719,68.62967564027117,67.86952499548953,68.15380763479271,6618000
2015-02-13,69.69884490966797,69.73592382948218,68.66059271968713,68.81509450560677,7494400
2015-02-17,69.46398162841797,69.79152455518285,68.92013249867813,69.40835855150421,7097300
2015-02-18,68.25269317626953,69.00048106499125,68.2094328757656,68.75327732710345,6920300
2015-02-19,66.96106719970703,67.72121799434841,66.27507895320771,66.86836519328443,9721100
2015-02-20,67.11558532714844,67.28244992237552,66.43577830609033,67.01052522794386,7610600
2015-02-23,66.6582260131836,67.05375006030094,66.34304116734934,66.61496571787447,6724000
2015-02-24,66.72003173828125,66.89307293501885,66.33686572049157,66.67677143909685,5708400
2015-02-25,67.10322570800781,67.22682526715766,66.59645997145991,66.8189429499464,4806500
2015-02-26,66.16383361816406,66.69532006120903,65.87955093944552,66.67678060401298,5903100
2015-02-27,65.92900085449219,66.57791022736929,65.86101969295191,66.44812458077769,6396500
2015-03-02,65.44694519042969,65.71886507646262,64.84747761902939,65.70650701051453,7343700
2015-03-03,64.98963165283203,65.64471769778174,64.7733253866511,65.43459282306833,6901200
2015-03-04,64.98963165283203,65.28627243298956,64.54466576757555,65.28627243298956,5784900
2015-03-05,64.72388458251953,65.0823251111505,64.47668080362169,64.89692581324205,5156900
2015-03-06,63.99461364746094,64.59407635423922,63.75976801788062,64.40867712116967,7213300
2015-03-09,64.24181365966797,65.28006541264325,63.96371244807498,64.02551219342693,7506200
2015-03-10,63.599090576171875,64.6126214868264,63.240645452520845,64.1429349356636,10679000
2015-03-11,63.98844528198242,64.20474678876285,63.314815200844286,63.97608250158399,8440700
2015-03-12,63.29627990722656,64.58791707267817,63.222122080036684,64.40869446527007,5900600
2015-03-13,62.8018913269043,62.93784894588244,62.208604999926635,62.93784894588244,8345200
2015-03-16,63.735076904296875,63.8215975297544,62.4187233469614,62.69064800698243,6780200
2015-03-17,63.75978088378906,63.994626560758235,63.09851358420071,63.222117812873755,7097500
2015-03-18,65.94136047363281,66.05260194831362,63.265393119679516,63.41371351424715,11059700
2015-03-19,64.73623657226562,65.137942085885,64.6744368120979,64.95253809036238,7841900
2015-03-20,66.145263671875,66.28740730322419,64.95869180807179,65.06993321499193,14064900
2015-03-23,65.45929718017578,66.5531721583116,65.45929718017578,66.44193071502693,6807700
2015-03-24,64.3963394165039,65.62617696863123,64.37162328115248,65.45931240737852,6677800
2015-03-25,65.3048095703125,65.63235258114082,64.47668231388012,64.68062578987437,9169400
2015-03-26,65.04524993896484,65.83011691350072,64.37162443558573,65.68179652363177,7276900
2015-03-27,64.44580078125,64.88458540043317,64.06881594934221,64.88458540043317,5830300
2015-03-30,66.06494903564453,66.25652969623705,64.87219534078747,64.87219534078747,7172400
2015-03-31,64.87838745117188,65.55201292715502,64.8165829691382,65.27391161808345,7254100
2015-04-01,64.76097106933594,65.64472149956337,64.58174842656025,65.3666154476616,7347200
2015-04-02,65.06378936767578,65.31099316068772,64.32218270366016,64.55084232230455,5123900
2015-04-06,66.07733154296875,66.65825984483662,65.02672114365376,65.52730548844231,6724000
2015-04-07,67.07848358154297,67.41838461892762,65.89191121590954,66.10821273333968,8536000
2015-04-08,65.9166488647461,67.31334171331649,65.83012352069969,67.27626279088278,7894800
2015-04-09,66.09587097167969,66.2750936331225,65.6200074820026,66.00317365974458,5760500
2015-04-10,66.07112121582031,66.53462639975501,66.00931675261417,66.41720357768561,5012200
2015-04-13,65.8177490234375,66.6829598127589,65.7806701102587,66.34305405855494,4307200
2015-04-14,67.26387786865234,67.41837961463696,66.2874304174441,66.55935028416403,7262700
2015-04-15,68.23416900634766,68.40721024712674,67.59761770631007,67.72739863689438,6704000
2015-04-16,68.07965850830078,68.56170325018643,67.36276807112347,67.91897535599904,5904200
2015-04-17,67.43074798583984,67.78919319784971,66.9054429489396,67.58524974463519,6548700
2015-04-20,68.16000366210938,69.03757261298492,67.70267972806467,67.71503779546264,7148800
2015-04-21,67.81390380859375,68.43808742509277,67.55433730958417,68.01166584139895,5674900
2015-04-22,67.6717758178711,68.25270398666648,67.49255319739123,68.01168160068113,5643100
2015-04-23,67.96223449707031,68.38247947011243,67.73357019636433,67.98077395374548,6940000
2015-04-24,67.90044403076172,68.0055041096481,67.3813155977005,67.77683977764231,4995000
2015-04-27,67.79536437988281,68.43809221019309,67.69648571407613,68.19088847314774,4858700
2015-04-28,68.67295837402344,68.74711621675223,67.76448708043166,68.01169089124217,5321600
2015-04-29,69.04991912841797,69.21059754183842,68.40100993992675,68.48753053638973,5665800
2015-04-30,68.63587951660156,69.34040736170283,68.2527180624361,69.24152865950624,6666800
2015-05-01,67.3874740600586,68.47516754231341,66.95486639386864,68.15380130857018,10362700
2015-05-04,66.9425277709961,67.61615795061257,66.73858429978029,67.59761377730395,7660100
2015-05-05,66.74476623535156,67.93752011686189,66.74476623535156,67.51109371266298,6463300
2015-05-06,66.71387481689453,67.69032731663833,66.31217391214513,67.51110466427872,5820400
2015-05-07,66.47904205322266,66.86838493713272,65.93519735132935,66.55320462326227,5798300
2015-05-08,67.14645385742188,67.23915583988408,66.37394519526796,66.92397098552004,7078900
2015-05-11,66.3492431640625,67.17119374524373,66.31216424657222,67.14647289524353,6003600
2015-05-12,66.47282409667969,66.7447486555639,66.18854147376379,66.39866628245214,5026500
2015-05-13,66.55935668945312,67.03522475329125,66.31215764410402,66.7324026222249,5517600
2015-05-14,67.0228500366211,67.54815970199,66.7571068666766,66.7571068666766,9751700
2015-05-15,67.4285659790039,67.61581744431847,66.7482281948993,66.91675070408034,5641600
2015-05-18,66.56723022460938,67.10401276378904,66.52353884407165,67.09776977742557,6390600
2015-05-19,65.54983520507812,66.35500898274077,65.53735399483668,66.1927294395863,7927600
2015-05-20,65.69339752197266,66.09910591750189,65.38755785974435,65.7995044796024,6521200
2015-05-21,65.84319305419922,66.33004120328732,65.7246048909618,66.14279447933203,6549300
2015-05-22,65.46869659423828,65.8806479695568,65.44997239754257,65.5935277468785,4717200
2015-05-26,64.47001647949219,65.18780732727703,64.24531665302037,65.05049023754404,8010200
2015-05-27,64.35768127441406,64.77587086180792,64.12050018648988,64.41385386286856,5857500
2015-05-28,64.4388198852539,64.55116982214385,63.90203738255782,64.26405437498133,5099900
2015-05-29,64.28901672363281,64.64479070337087,64.08304106115219,64.37639947219986,6673400
2015-06-01,64.0580825805664,64.757149426041,63.970699820132495,64.58238390517317,5412400
2015-06-02,64.02687072753906,64.35767753902346,63.73351230618413,64.0705621033577,5040000
2015-06-03,63.77096939086914,64.526208854134,63.73976398217431,63.91452950927646,5175700
2015-06-04,63.28410720825195,63.8957911798268,63.02820196073763,63.59618979819776,6896400
2015-06-05,63.40895080566406,64.35144174595534,63.034452576503014,63.15304550783863,6080900
2015-06-08,62.678672790527344,63.2841138403925,62.385314363314095,63.221698268262706,8213900
2015-06-09,62.678672790527344,63.1967310870102,62.55384164626775,62.853438297291945,7157000
2015-06-10,63.55874252319336,64.02686641630183,63.36524807588017,63.98941326669145,7588400
2015-06-11,63.11559295654297,63.78968781983364,63.00324301899403,63.58371690266309,5582900
2015-06-12,62.33537673950195,62.8471919842942,62.18557367126839,62.74108028712819,6475500
2015-06-15,61.97333526611328,62.45394015758805,61.87346659349492,62.073199176731244,6178100
2015-06-16,62.44148635864258,62.69739161103735,61.67376107745325,61.917185121293215,8763700
2015-06-17,62.26675033569336,63.14682119639243,62.11694719012372,62.93460721650923,8231100
2015-06-18,62.572566986083984,62.97827535535196,62.510151412812675,62.57880997201201,7168000
2015-06-19,62.08570861816406,62.52262232107777,62.07946563326466,62.24174990663356,10512000
2015-06-22,62.59754180908203,62.64747617859577,62.0233108456848,62.31042632738341,6416100
2015-06-23,62.47267532348633,62.684893909099976,62.12938741552486,62.39153558422298,5697900
2015-06-24,61.96088409423828,62.84095940837916,61.96088409423829,62.40404562533247,7451900
2015-06-25,61.38040542602539,62.2043080876391,61.349200022238726,62.07322920092585,6062800
2015-06-26,61.54269027709961,61.59886762363167,61.04959917755274,61.31799041497692,10015500
2015-06-29,60.35054016113281,61.14322794142664,60.294362811819,60.85611249494214,8764600
2015-06-30,60.21323013305664,60.95598839942553,60.057188800592826,60.8249094895928,9925400
2015-07-01,59.976036071777344,60.30684765151943,59.638991030233846,60.10711496371448,7295300
2015-07-02,59.83871841430664,60.33804770856013,59.74509268350834,60.14455802371212,6419100
2015-07-06,59.15214157104492,59.64523271435823,58.97113783016069,59.33315007393232,8341600
2015-07-07,59.46422576904297,59.59530467201805,58.35945528827892,58.92744799449328,11774900
2015-07-08,58.39689636230469,59.35186838539711,58.209649653817515,59.03978577591578,7719100
2015-07-09,58.534217834472656,59.426774354584275,58.52173662444447,59.23328464612752,7909000
2015-07-10,58.92744827270508,59.2644933442219,58.71522959441313,59.002345061040664,5631900
2015-07-13,59.0460205078125,59.22702896745002,58.765148103341694,58.86501204817499,5038800
2015-07-14,59.63899612426758,59.78879446241552,58.91496209287982,58.92120507922028,5218600
2015-07-15,58.82135009765625,59.732631074276895,58.602893144700005,59.32068435756003,6490400
2015-07-16,58.97114944458008,59.12719079552551,58.60913236750568,58.84631350662126,6422700
2015-07-17,58.1409912109375,58.91495475058356,57.984949905895796,58.81509079159829,8214200
2015-07-20,58.00991439819336,58.353202396176854,57.79145277165545,58.23461424800192,6018100
2015-07-21,58.609127044677734,58.758925394619645,58.04737727989095,58.04737727989095,7043100
2015-07-22,58.365699768066406,58.87751513438723,58.22838263724803,58.3656997680664,9327500
2015-07-23,58.00991439819336,58.71521934997982,57.860111323652646,58.40313675435709,7360700
2015-07-24,56.54938888549805,57.910069758611996,56.393347522810686,57.910069758611996,11158400
2015-07-27,55.638084411621094,56.231039434719506,55.388417384315595,56.087484108370504,10342700
2015-07-28,57.672889709472656,57.853898265107475,55.81911752321747,55.83159873719024,11536900
2015-07-29,58.203407287597656,58.29703302383885,57.073669753094826,57.410719546361456,9821500
2015-07-30,58.066104888916016,58.5529531263252,57.89133934338493,58.32825320721266,6435700
2015-07-31,55.22615432739258,57.26717300289525,54.93279584000753,57.12361287174797,19063400
2015-08-03,53.42853546142578,54.50834325759364,53.25376998274015,54.47713309554171,14142200
2015-08-04,53.18513870239258,54.23997986210751,52.854331767855946,53.5159456369292,8537200
2015-08-05,52.4486083984375,53.67821477794585,52.34874442858068,53.32868374044212,11254600
2015-08-06,53.17264175415039,53.41606583251424,51.73705970461721,52.15524929954965,9805000
2015-08-07,52.273826599121094,53.216317224000065,52.07409395961049,52.873024517652894,7422000
2015-08-10,53.60955047607422,53.740624601105864,52.354977047910346,52.55470972824467,8342000
2015-08-11,53.54090881347656,53.66574475432423,52.18022801126445,52.667076275559786,9797400
2015-08-12,54.17128372192383,54.37101634176933,53.00409339726341,53.054027742725104,11316300
2015-08-13,53.5845832824707,53.89042290746855,53.334916241614145,53.696933212756015,9562400
2015-08-14,53.67196273803711,53.94035395713333,53.23504901485833,53.540888621083475,7748900
2015-08-17,52.60385513305664,53.412852701732255,52.5280098027411,53.38124927526598,12602500
2015-08-18,52.736568450927734,52.94513462176984,52.344708236064406,52.50903733545932,9093400
2015-08-19,51.13754653930664,52.40160646328992,50.98585587658437,52.376324686169546,13129000
2015-08-20,50.082027435302734,51.377690128998125,50.082027435302734,50.97951319083001,11857200
2015-08-21,47.88258743286133,50.30325832854815,47.85098400849238,49.84820084287198,18383600
2015-08-24,45.582008361816406,47.64242282674949,43.97665147660641,44.58972138882515,24191900
2015-08-25,44.254722595214844,47.41487146103153,44.140957043165265,47.35799109600899,21128000
2015-08-26,46.195045471191406,46.20136711794371,44.842502386415205,45.32916792426672,17400400
2015-08-27,49.070804595947266,49.37418109155073,47.12415120600667,47.40224592514271,21539600
2015-08-28,50.83415603637695,51.32081685140377,49.03287210516721,49.12135588971754,23735400
2015-08-31,51.18809127807617,51.24497646654761,49.24776001807713,50.568704784971516,16880400
2015-09-01,49.41843032836914,50.17686444691776,48.994966537206416,49.778687257980714,17954200
2015-09-02,49.33626174926758,50.404394024618135,48.81168049812492,50.404394024618135,14255900
2015-09-03,49.462646484375,50.195798440971856,49.10238974233947,49.74073627797877,12282600
2015-09-04,48.45772171020508,49.064469715792875,48.31867438813203,48.85590355468781,11210000
2015-09-08,48.565189361572266,49.02025179377553,48.18597227540517,49.0012916627682,9316500
2015-09-09,47.35167694091797,49.42473415340798,47.24423301975964,48.93807327274629,11297400
2015-09-10,47.819366455078125,47.907850221837954,46.96612255531691,47.863608338458036,11475200
2015-09-11,47.901527404785156,48.19226046303649,47.459103759791226,47.996332815998386,11032100
2015-09-14,47.88890075683594,48.034269747490896,47.376958109147765,47.7308932905613,10235500
2015-09-15,48.77373123168945,49.10238937897637,48.16698329285667,48.3060305996316,11678100
2015-09-16,49.942996978759766,50.06308419415124,49.15295966066874,49.18456308219443,12593500
2015-09-17,50.18948745727539,50.85943748521083,49.67754005332049,50.006198241292104,12324300
2015-09-18,49.13398742675781,49.7407353588691,48.64732668044073,49.24143614025975,18635900
2015-09-21,49.3552131652832,49.759716742354264,49.19720568839805,49.487943689231585,8523500
2015-09-22,48.82429885864258,49.10239349550667,48.34395489187852,48.56516434301842,9692300
2015-09-23,48.110103607177734,49.00126299724576,47.88257252418078,48.91910087027621,9043000
2015-09-24,48.596771240234375,48.86222260061376,47.465437312516805,47.68664677949963,10302600
2015-09-25,49.10870361328125,49.39944150592842,48.61572124036395,49.21615232230465,10862600
2015-09-28,47.88890075683594,48.62205771491277,47.876262281216256,48.45141177301844,10567000
2015-09-29,48.1922607421875,48.45139521287113,47.5791912110614,48.05953509452157,8797800
2015-09-30,49.854515075683594,49.94299887290523,48.66630064013215,48.7611060862997,14108800
2015-10-01,49.513206481933594,51.12488421404216,49.178231498257134,50.38541059098234,11111900
2015-10-02,51.54203796386719,51.54203796386719,48.86222783612303,49.134000873823325,13051900
2015-10-05,53.109466552734375,53.210593641447446,52.047656231272136,52.08558130054204,14196800
2015-10-06,54.980281829833984,55.38478059610477,53.134755605972835,53.20427928348865,18897100
2015-10-07,55.6944694519043,56.57299051559029,54.531532076129864,55.77663159254948,17670500
2015-10-08,56.8257942199707,56.971158354686175,55.49221113016842,55.549091490186456,11299100
2015-10-09,56.610897064208984,57.13548284495067,56.042069399670034,57.00907401838441,10011100
2015-10-12,56.08633041381836,56.87005093983546,55.5364675022157,56.794205618025806,7917500
2015-10-13,55.858787536621094,56.212727475378365,55.16987742408347,55.49221394655738,8012500
2015-10-14,56.730995178222656,56.86372085519588,55.435332182714866,55.76399037312871,9734500
2015-10-15,57.3377571105957,57.43256256629824,55.89672961433565,56.66148526552609,8960400
2015-10-16,57.69801330566406,57.931866117377545,56.89533258843518,57.86234243881424,7821200
2015-10-19,56.90163803100586,57.22397455598979,56.38969547285824,57.11020900728983,8900400
2015-10-20,56.87636947631836,57.19238442701555,56.49715249988283,56.56667617479665,8221100
2015-10-21,56.4592170715332,57.28085282927134,56.33912987950823,56.52874072775774,7423400
2015-10-22,57.90657424926758,58.02665663694403,56.71835509327516,56.71835509327516,8971700
2015-10-23,57.66638946533203,58.10249150884121,56.93955433348475,57.356696257189874,8134800
2015-10-26,56.10526657104492,57.43884943896867,55.98518422365119,57.43253261468702,8606600
2015-10-27,55.42899703979492,55.593326094993905,54.82224916906415,55.44796197932066,9328800
2015-10-28,56.74995803833008,56.958529035924165,55.568060540635095,55.751349766823395,8236500
2015-10-29,56.81315994262695,57.47047153185295,56.339137579224015,56.45290313932092,6686000
2015-10-30,57.43887710571289,58.13411387183187,56.50979717845548,57.603206234250614,11559300
2015-11-02,60.017547607421875,60.21979694507602,57.18605688026381,57.26821901612174,14277300
2015-11-03,62.02739715576172,62.343412019943095,60.30827552309432,60.30827552309432,17669200
2015-11-04,61.1614990234375,62.002099504093295,60.72540190155075,61.9515359814968,11931300
2015-11-05,59.75841522216797,61.022474731282,59.619367904644726,60.7064598540035,11184800
2015-11-06,59.42977523803711,59.455057014597436,57.99506937778097,59.22752584756035,9634200
2015-11-09,58.348995208740234,59.695217045234486,58.20994787105439,59.08215214490015,7659100
2015-11-10,58.92414855957031,59.094794507589015,58.04562257930881,58.20995170029356,6823100
2015-11-11,58.26683044433594,59.22751364568198,58.05825944718681,59.02526429687204,6085300
2015-11-12,56.79419708251953,57.60951608692037,56.40865852643841,57.35670320755502,8951300
2015-11-13,56.04839324951172,56.86371213039683,55.73870005075817,56.610899289331044,7676600
2015-11-16,58.505035400390625,58.51783311179075,56.16355694653719,56.16355694653719,10101100
2015-11-17,58.236351013183594,59.17678282936138,58.02523267059316,58.38988940738684,7575800
2015-11-18,58.99125289916992,59.33671793430645,58.23634890703396,58.498648331838446,6886900
2015-11-19,58.10838317871094,59.0935968910422,57.852482689123,58.8760797665789,6096700
2015-11-20,56.944061279296875,58.41548108751916,56.8161085475617,57.98685041822599,8561400
2015-11-23,57.583805084228516,57.85889733144261,56.368281087680266,56.713746110755906,6889600
2015-11-24,58.44105911254883,59.04882347605441,57.44945127877121,57.698952951075654,8549000
2015-11-25,58.13398742675781,58.4218724948825,57.67976626903593,58.03162525442199,5419300
2015-11-27,57.81410598754883,58.11478385050719,57.60938654846205,57.73733436755512,2547800
2015-11-30,58.421897888183594,58.831336993697086,57.85892033832734,57.98686822846312,12179400
2015-12-01,59.16397476196289,59.27273089314772,58.19795264868891,58.19795264868891,6975500
2015-12-02,57.737342834472656,59.2983318369815,57.59659728429273,59.240751893318276,11830700
2015-12-03,56.841678619384766,58.48583280299642,56.52820308111917,58.09558565334305,10996800
2015-12-04,57.39187240600586,57.4622451744632,55.33188019675654,56.233928475584236,13170200
2015-12-07,55.8372802734375,56.25951686805393,54.31467972866489,55.96523297524392,15378900
2015-12-08,55.29991912841797,56.29792625930902,53.898866901668015,54.896874032559076,13397500
2015-12-09,56.0419921875,57.666954675442035,55.21032170150802,55.44702562648538,14675800
2015-12-10,57.12958526611328,57.871691537049536,56.048407939385775,56.297909648492535,14534800
2015-12-11,55.29991912841797,56.240351177557045,55.0760030169858,56.20196290882363,13186900
2015-12-14,57.14876174926758,57.31509292381951,54.640947612665364,55.21032365692209,12430700
2015-12-15,59.343116760253906,59.75255571704285,57.92927209995187,57.94846378841114,19158500
2015-12-16,59.77813720703125,60.02124002552014,58.095594520471344,59.227952777017315,16917900
2015-12-17,57.92287826538086,60.13640934271342,57.83331379087417,59.816534824933036,14082500
2015-12-18,57.45584487915039,58.38987765057358,57.1295764672749,57.61578209783717,20167200
2015-12-21,57.0911979675293,58.02523089849466,56.432257294929556,57.83330913182631,12852300
2015-12-22,57.75013732910156,58.082809526543656,56.489835959141786,57.014429918895274,9661700
2015-12-23,60.01483917236328,60.040429712546604,58.58180308837235,58.984843114242665,11172800
2015-12-24,58.88889694213867,60.104416127921304,58.86330639663097,60.104416127921304,4998700
2015-12-28,57.807716369628906,58.03802638551566,57.37908573818861,57.775726969295725,6800000
2015-12-29,58.37708282470703,59.22794997044392,58.26192783595394,58.78652170007436,6471200
2015-12-30,57.634986877441406,58.20436799575097,57.50703902578167,57.6413857342937,5600200
2015-12-31,57.55181884765625,58.12759391776669,56.95045323210786,57.180763260152034,6988700
2016-01-04,56.841678619384766,57.647763455820765,56.022800954832086,57.27670798879037,11397300
2016-01-05,57.32790756225586,57.353498107642956,56.19554911313966,56.96964968863139,7883400
2016-01-06,55.06318283081055,56.15715276879927,54.481013920593824,55.93964050457879,14511400
2016-01-07,53.1119384765625,54.85845469189862,52.888027392774674,54.090758152941646,15368800
2016-01-08,52.542564392089844,53.63653419619306,51.96039555312186,53.34864920386433,11891600
2016-01-11,51.672508239746094,53.079958523144995,51.032759442081854,53.00318691030274,14366400
2016-01-12,52.55538558959961,52.71532285257411,50.9816035076383,52.58737011365576,13477500
2016-01-13,52.030784606933594,53.89885041734185,51.1863161665506,53.201526386820575,15550100
2016-01-14,54.67934036254883,55.12716264918767,51.787672543147885,52.427421456001575,16433400
2016-01-15,53.52778625488281,53.61735070532996,51.73649236504333,52.229096842502656,17870300
2016-01-19,52.145931243896484,54.21871619551654,51.685311281115034,53.84766068317632,13155600
2016-01-20,50.52737045288086,51.37823278348579,48.192285983231066,51.16711935520152,26151100
2016-01-21,51.8516731262207,52.23552165903928,49.91322900582393,50.41223746747687,16107800
2016-01-22,53.444618225097656,54.50020477830581,52.280275541428914,54.033185981480486,15724600
2016-01-25,51.74928283691406,53.92442985059006,51.69170778463406,52.644932181474324,12370300
2016-01-26,53.8156852722168,54.05878812441064,52.043577886788654,52.44022400648132,12191400
2016-01-27,53.28468322753906,55.08237596537061,52.68971659147113,53.706914937805344,12380600
2016-01-28,54.96723175048828,55.45984120341218,53.54698821946758,54.858475594195056,13017400
2016-01-29,55.3190803527832,55.4726187004522,53.06716180945624,53.770889404805956,20248900
2016-02-01,54.5641975402832,55.07599385624743,53.89245907951384,54.474633062967015,10958300
2016-02-02,51.97321319580078,53.124763476722464,51.79408423674587,52.91364511173715,13326200
2016-02-03,54.13556671142578,54.14196068771984,51.083960990271095,52.7089241732836,13964100
2016-02-04,54.24431610107422,55.139965641017255,53.63015767162973,54.11636337771245,12825000
2016-02-05,53.02239227294922,53.92444065321235,52.62575103983826,53.70052949244048,15090100
2016-02-08,55.01200485229492,55.46622597161642,51.883633217988816,52.30586982183215,17712800
2016-02-09,53.0479850769043,54.884066435241536,52.56817333442673,54.42984523807046,12605600
2016-02-10,53.124755859375,53.674940372382366,52.13954184494083,52.9520209015555,12110300
2016-02-11,53.09275817871094,53.52139363774523,51.58934928705557,52.203507626080444,12741400
2016-02-12,54.65375518798828,54.749718510520474,53.227112824616356,53.6109661147451,9835100
2016-02-16,54.945281982421875,55.321043862801645,53.97348708387006,55.21738831054777,10631500
2016-02-17,57.21280288696289,57.439558982119465,55.08133216924373,55.3340033879269,12710500
2016-02-18,56.18919372558594,57.821807285882365,56.111448339741195,57.49787559240403,9517800
2016-02-19,56.04017639160156,56.066091517173554,54.93881074021802,55.930040815024164,9783300
2016-02-22,57.54322814941406,58.2040466558909,56.04018522884963,56.04018522884963,10299900
2016-02-23,55.01007843017578,57.32295035030291,54.874022779458,57.26464007959457,10655800
2016-02-24,55.243316650390625,55.38584740654451,53.707883369365454,53.98646486290093,9775200
2016-02-25,55.26274871826172,55.52837013585601,54.25207847654238,55.502455007319064,9452600
2016-02-26,54.64727020263672,56.42889433750089,54.6019199678251,56.34467388508071,9369900
2016-02-29,54.057716369628906,55.19795224066034,53.81800516462552,55.02951133825184,11549600
2016-03-01,55.80046844482422,56.0596147728685,54.01236916120935,54.49826667274047,11614700
2016-03-02,56.45482635498047,56.4807414887417,54.679681706190145,55.32754522180186,9637600
2016-03-03,56.70746994018555,56.73338506353162,55.74863509040288,56.36410320575779,8526100
2016-03-04,56.96664047241211,57.413667890452075,56.16976615453301,56.636228687651844,9328600
2016-03-07,58.74176025390625,58.80007051722305,56.72043005793898,56.973096332434885,12784300
2016-03-08,57.491397857666016,59.007400813607404,57.22577642872413,58.55389345904468,10508400
2016-03-09,60.134666442871094,61.313777355758596,57.96432555203147,58.113331331004964,19323100
2016-03-10,60.860286712646484,60.866761787543,59.61638528258434,60.11524284671061,12090900
2016-03-11,61.2749137878418,62.28557898197896,60.49747484074757,61.51462005204852,14098800
2016-03-14,61.06761169433594,61.43689367227509,60.309607682518966,60.62058432106003,6898900
2016-03-15,61.07408905029297,61.1583144674204,59.76540697483854,60.34848510461771,7006300
2016-03-16,61.806156158447266,62.28557358814877,60.71774568101382,61.365608942752665,9969200
2016-03-17,62.771484375,63.32216727595135,61.73490392447884,62.356852194791536,10679400
2016-03-18,63.28976821899414,63.43229893778031,62.10417717760529,63.39342377814467,14436300
2016-03-21,62.47993469238281,63.19258329342949,62.13656795369333,62.855691628553615,8040100
2016-03-22,61.87092971801758,62.784419115719324,61.754314155391896,62.032895502619716,7567100
2016-03-23,60.63352584838867,61.42391989096884,60.27720398747138,61.36561456461696,10302800
2016-03-24,61.44984817504883,61.50815845669141,59.765404168086704,59.95328516457025,8159100
2016-03-28,61.339698791503906,61.59884510576742,60.89915154009739,61.48222951148908,5054000
2016-03-29,61.754329681396484,61.7996799147747,60.212416803732346,60.7630996212692,6616600
2016-03-30,61.70896911621094,62.64189369557058,61.65066380140291,62.42161763975338,6182900
2016-03-31,61.806156158447266,62.324443802155685,61.514614724982124,61.67010546661863,5943900
2016-04-01,61.06761169433594,61.40449852184994,60.45861845454627,60.69832971639679,7555900
2016-04-04,60.52987289428711,61.21013138785358,60.27720658360358,61.18421626075718,6552000
2016-04-05,60.037479400634766,60.478026558518465,59.88199362220634,60.25127543522621,6662000
2016-04-06,61.4433479309082,61.547008422903374,60.13466634769721,60.34846240533402,6836400
2016-04-07,61.41095733642578,61.56644313060695,60.95097502748681,61.13885596090768,6817700
2016-04-08,62.408695220947266,62.75854212134786,62.0394132054366,62.356864952116105,7108500
2016-04-11,61.70249938964844,63.03710115052136,61.64419406511757,62.7585197334406,6644200
2016-04-12,63.17316436767578,63.45174583995459,61.82560724861526,61.994053124199255,8783400
2016-04-13,63.231468200683594,63.43230922007691,62.86218625251601,63.361043849131796,6406800
2016-04-14,63.47765350341797,63.665529526124324,63.07597644513772,63.2638574106492,6162200
2016-04-15,62.99175262451172,63.36103451829717,62.816826760568425,63.302724249381114,6551600
2016-04-18,63.94411087036133,63.982986032591896,61.88390521312534,62.99175589480191,7770200
2016-04-19,65.11029052734375,65.12972564411474,63.59429210552307,64.13849514633863,10584800
2016-04-20,65.88124084472656,66.4319238307309,64.68268941642707,64.8381802151249,10150500
2016-04-21,65.6933364868164,66.6003460522763,65.50545554560793,65.8488222874424,8278600
2016-04-22,66.08854675292969,66.40599843463166,65.7581350352694,65.91362086713082,5754000
2016-04-25,65.76461029052734,65.93305120334297,65.32406301315353,65.73869516329299,6612100
2016-04-26,66.26993560791016,66.71696285350629,65.89417371864978,66.11444980445243,5650700
2016-04-27,67.28062438964844,67.33893467569047,66.32826424101447,66.66515603350857,8383600
2016-04-28,66.34123992919922,67.546266735069,66.11448863622533,66.81417763414369,7598000
2016-04-29,66.19867706298828,66.49021359231932,65.18153180485312,65.52489858827126,8826900
2016-05-02,66.93075561523438,67.28060238866658,65.95248559581962,65.9719207038762,6844500
2016-05-03,65.6415023803711,66.30880071758624,65.46658148279987,66.25049539933056,7033600
2016-05-04,65.16857147216797,66.27642214129622,65.03900078034732,65.47306803503204,7444100
2016-05-05,65.70628356933594,66.47076233154837,65.34348176449068,65.98486493885751,6474300
2016-05-06,65.9913558959961,66.53555869349186,65.33053256440301,65.33053256440301,5966800
2016-05-09,65.01306915283203,65.95247372992458,64.19028508870637,65.8358581597615,9342100
2016-05-10,65.60911560058594,65.62207563483004,65.05195769820966,65.2009634923832,6698100
2016-05-11,65.52487182617188,65.91358868745264,64.88348875791844,65.58965714591815,6850700
2016-05-12,66.15980529785156,66.35416133192898,65.48602683887889,66.1792404069788,6532400
2016-05-13,65.2657699584961,66.10799451597629,65.01958359903264,65.84236809885488,5665200
2016-05-16,66.26993560791016,66.47077164332659,65.69333768323335,65.99783421615798,6779400
2016-05-17,65.96222686767578,66.89846512624501,65.69379257907393,66.17173448522001,7028000
2016-05-18,65.51049041748047,66.30269145048658,65.10457211671685,66.06045117294876,5927500
2016-05-19,65.37295532226562,65.52354119514061,64.50218765467669,64.98667785780256,6241100
2016-05-20,65.33367919921875,65.73305372394466,65.1372636970391,65.66758355490268,4707100
2016-05-23,65.06526947021484,65.55630341518693,64.8623103713775,64.93432908291119,4231200
2016-05-24,65.5955810546875,65.96876660486109,65.22239550451391,65.4319030941718,4383300
2016-05-25,66.63005065917969,66.76754460086482,66.00807613942563,66.00807613942563,5428200
2016-05-26,66.45325469970703,67.02285582392437,66.10625820836566,66.68240285483293,4147200
2016-05-27,66.79370880126953,66.85263547231067,66.04079407893569,66.3746935662982,5008900
2016-05-31,66.12590026855469,66.9639306806701,65.84437395869824,66.87881993398987,8141800
2016-06-01,66.2110366821289,66.37471471654092,65.39919503006132,65.6283432792267,4815200
2016-06-02,65.81816101074219,65.84435007600355,65.28784617559658,65.73305029493285,6714100
2016-06-03,65.9032974243164,66.21755631606644,65.47118520434134,65.89674890718057,4957800
2016-06-06,66.23719787597656,66.80679899410414,66.07351991048583,66.34849769369703,5948200
2016-06-07,67.64484405517578,67.8936328184818,66.52528712771442,66.67586809140674,9807000
2016-06-08,67.49425506591797,68.14242351723176,67.21927723539112,67.79542696989228,6318100
2016-06-09,67.31092834472656,67.52043595138097,66.80025386569739,66.80680238326465,4247500
2016-06-10,66.76752471923828,67.41568813035207,66.2961313311353,67.08833216584229,8108400
2016-06-13,66.8460922241211,67.50080420475902,66.37469879885282,66.45326603474953,6360100
2016-06-14,66.30921173095703,66.81334262503037,65.81162935363983,66.6234755995402,6924000
2016-06-15,65.8836441040039,66.54490439520829,65.63485542778402,65.8836441040039,5627000
2016-06-16,66.17170715332031,66.29610396690607,64.6658683400997,65.45152532767055,8043000
2016-06-17,66.49908447265625,66.6103842918042,65.73307278314837,66.41397372772931,8762200
2016-06-20,67.17996978759766,67.69719264425504,67.17342127180214,67.35673975364446,6627000
2016-06-21,67.59245300292969,67.7299418981407,66.95738168096321,67.23236446644044,4938700
2016-06-22,66.97047424316406,67.79541255439194,66.90500405863436,67.76267496459965,4866400
2016-06-23,68.37811279296875,68.38465631556319,67.48115568704549,67.72994441213011,5593600
2016-06-24,66.71515655517578,67.44188730480329,66.23721457760614,66.42708166485674,11481400
2016-06-27,65.7068862915039,66.38778726284734,65.15692570135695,66.2895794794223,8248700
2016-06-28,66.53836059570312,66.78060576778638,65.89019729127818,66.26993134641796,7171100
2016-06-29,67.7103042602539,68.53524266214177,66.97703012084732,67.12106254461972,8887500
2016-06-30,68.6334457397461,68.74474555754985,67.61864035492212,67.80195887720011,7649700
2016-07-01,68.18826293945312,68.66619995226961,67.9460176758658,68.60072974442502,6117800
2016-07-05,67.80848693847656,68.00490243598128,67.33709374050811,67.7626573217326,7766600
2016-07-06,68.46976470947266,68.48285674831148,67.0817738249783,67.60554528951897,6166900
2016-07-07,67.46807098388672,68.74475733639744,66.87228068934442,68.6727386195834,7707400
2016-07-08,68.59414672851562,68.72509207340788,67.4353091477805,68.01145368014399,9043600
2016-07-11,69.00009155273438,69.39946623918698,68.61381390242603,68.62035742544242,7206100
2016-07-12,69.9101333618164,70.25058633477062,69.51730723499287,69.59587445837967,8377200
2016-07-13,69.82501220703125,70.18510068833342,69.30778930238013,69.91012294005442,5959900
2016-07-14,69.85775756835938,70.43390723584538,69.68098755359777,70.18511351759265,4750900
2016-07-15,70.07379913330078,70.40770353075352,69.65478400495216,70.27021466005047,6164300
2016-07-18,69.4583740234375,69.89048621876292,69.412544396211,69.83810807477413,4931500
2016-07-19,69.42565155029297,69.57623249239333,69.17031430494413,69.38637043410252,4630800
2016-07-20,69.13103485107422,69.48457991600132,68.74475718452138,69.35363951938652,6802000
2016-07-21,69.00009155273438,69.30125844832793,68.6596435388195,69.00664007080651,5701000
2016-07-22,69.17686462402344,69.39946428163974,68.87569274186929,69.18995666474268,5255400
2016-07-25,67.48116302490234,68.81677605254616,67.29129595285409,68.65309805888965,7784000
2016-07-26,67.22582244873047,67.5400863789224,66.83299628228235,67.15380373545848,6101100
2016-07-27,66.95085144042969,67.64484457156698,66.64968451568981,67.22582928540226,5412200
2016-07-28,66.64314270019531,66.92466909219071,66.11282751797059,66.83955332562161,8226200
2016-07-29,67.09486389160156,67.21271220913285,65.37296875239133,65.8181729525035,10157600
2016-08-01,64.88851928710938,66.84610714763615,64.5677117435916,66.34198100782251,11550600
2016-08-02,65.20272827148438,65.51699204899627,64.10281753782594,65.15689865758193,9752700
2016-08-03,65.87055969238281,65.89020024869318,65.00634024934169,65.24203691517609,6611700
2016-08-04,65.72653198242188,66.1782848244257,65.47119472260816,65.65451326862254,6088100
2016-08-05,65.8050765991211,66.17171356514797,65.28785373915944,66.11933542855726,6710500
2016-08-08,66.25682830810547,66.57109215165013,65.94256945961513,66.11933943750915,5447500
2016-08-09,66.33539581298828,66.78060001287629,65.97530234430887,66.6823922491406,4957300
2016-08-10,65.5628662109375,66.65623416770214,65.43192579511847,66.55148283405825,5081300
2016-08-11,66.38778686523438,66.68895373622676,65.72652645552533,65.8967529461055,4836600
2016-08-12,66.88536071777344,66.99666052634505,66.29611909143152,66.61037796211075,5199000
2016-08-15,67.28472900390625,67.47459602394628,67.05558087456643,67.1799777140886,4886300
2016-08-16,67.1865463256836,67.38950544450901,66.99667924885566,67.28474912830487,5384300
2016-08-17,67.62980651855469,67.68273655466061,66.83587112002415,67.15344628897357,5311600
2016-08-18,68.50975799560547,68.5428354865379,67.52395487884681,67.90107259974593,6944400
2016-08-19,67.69596862792969,68.23187137889535,67.56364858126955,68.19217637443455,5057200
2016-08-22,67.44457244873047,67.74891265704956,66.9814420944027,67.31886484506208,5494900
2016-08-23,67.27255249023438,67.5967402057301,67.15346240426022,67.5041151441599,4929700
2016-08-24,67.61658477783203,67.67613234207865,67.0079043860171,67.08729945578355,5178300
2016-08-25,67.41148376464844,67.67612893619763,67.17330361502285,67.67612893619763,4490100
2016-08-26,67.03434753417969,67.80181781508153,66.73000743758651,67.55702021561758,4776200
2016-08-29,67.517333984375,67.63642404178223,66.82264114155177,66.98142620219939,4026900
2016-08-30,67.28578186035156,67.90107979094998,67.06745424447773,67.51734955983665,3712800
2016-08-31,66.54476928710938,67.04097704269446,66.10810403930506,66.95496446787381,6249100
2016-09-01,66.29995727539062,66.54475486559404,65.81036714266901,66.39258229921133,6045000
2016-09-02,66.77635192871094,67.12700470688496,66.33307407885653,66.74988690141828,4676600
2016-09-06,67.76876831054688,67.88785841052679,66.80281752079335,66.96160263820394,5429000
2016-09-07,68.06647491455078,68.17895251677625,67.6430446699569,67.98046738125994,5284300
2016-09-08,68.8868637084961,69.03903124517088,67.79520574428457,68.37080345350303,5788800
2016-09-09,67.00127410888672,68.41712482114856,66.9748141383572,68.37742476998208,7808700
2016-09-12,67.649658203125,67.848143326952,66.53815261460386,66.95496531741689,8149100
2016-09-13,65.78392791748047,67.25270393911597,65.61190778537065,67.25270393911597,9300400
2016-09-14,65.11567687988281,66.12793971256743,64.95027432427591,65.5788070641934,8201400
2016-09-15,65.83023834228516,66.41907122615495,65.12231537809973,65.1686279066843,6701600
2016-09-16,64.73196411132812,65.37372705651113,64.52686648675147,65.05615686669483,12725600
2016-09-19,64.8642807006836,65.40018348033333,64.83119816340472,65.05614831199082,6182000
2016-09-20,64.63934326171875,65.15540368723191,64.62611327281776,64.9503010016105,5771900
2016-09-21,65.916259765625,65.95595983255022,65.00323898935446,65.06939903731237,6361600
2016-09-22,66.14781951904297,66.65725737927178,66.05518940585932,66.50508474442097,5416700
2016-09-23,65.64500427246094,66.52494757832484,65.41344157294104,65.72439431361731,7396800
2016-09-26,65.35384368896484,66.34625882102489,65.27445370891805,65.82358624575114,5781800
2016-09-27,65.4861831665039,65.93607832742279,64.69886537297447,64.99658795912845,6476100
2016-09-28,67.58351135253906,67.66951889753109,65.33403471729228,65.8434725644852,10190900
2016-09-29,67.00127410888672,67.66288442121879,66.47860640410816,67.48425185787102,8148400
2016-09-30,68.09294891357422,68.54284423873291,66.97483064262732,67.37179591831149,9431500
2016-10-03,67.78199768066406,68.03341291592707,67.42473243167903,67.84816277269401,4334700
2016-10-04,67.00127410888672,68.09293213377185,66.66385648393135,67.95399457390445,6505400
2016-10-05,67.63642883300781,68.05985905652047,67.31885364153013,67.47763871342576,5912800
2016-10-06,67.60335540771484,67.94739061780534,67.04760000964609,67.69598046611179,4362900
2016-10-07,67.66287231445312,68.45680757580621,67.60994733517774,67.81504488004349,5844500
2016-10-10,68.79425811767578,69.0853632887736,68.28481523480191,68.28481523480191,5982700
2016-10-11,68.1723403930664,68.87364584471827,67.93416023067765,68.66193070567127,5337300
2016-10-12,67.58351135253906,68.03340667958842,67.21962357048173,67.9738591117575,4935100
2016-10-13,66.68372344970703,67.29902142168008,65.90302285137228,67.14684878444478,7883000
2016-10-14,66.8755874633789,67.45780285932685,66.56462973510777,67.14023266069609,5114700
2016-10-17,67.06079864501953,67.146806138936,66.57120859528422,66.78292362065768,4540800
2016-10-18,67.3453369140625,67.64967715421713,66.90205906738214,67.47765700189049,4720900
2016-10-19,67.66287231445312,68.60897509371138,67.6430248162642,67.79519738185456,5905700
2016-10-20,67.39824676513672,67.62980937326698,66.61754636652167,67.2460741668304,4820900
2016-10-21,67.02114868164062,67.19316378503758,66.57786579047276,66.86235852016806,5622400
2016-10-24,66.59770202636719,67.2063823531223,66.20073176765284,67.19314731906567,6077300
2016-10-25,66.67047119140625,67.26592150203658,66.50506860776929,66.65724120569725,4730700
2016-10-26,66.9483413696289,67.17328642689093,66.07501606036163,66.37273864736972,6353700
2016-10-27,66.10810089111328,67.47102156064219,66.10810089111328,67.1600639076541,9897800
2016-10-28,68.68838500976562,69.48893291209687,66.7895615247359,66.90203911830733,17435400
2016-10-31,69.30370330810547,69.77344618065267,68.66194028368437,68.68840531071787,12340800
2016-11-01,70.44828033447266,70.62029541078331,69.76681735609016,69.8065174140508,12755600
2016-11-02,69.72711944580078,70.16378473139795,68.97288399584816,69.89913956264391,8405200
2016-11-03,69.72711944580078,70.25640978330885,69.43600925540267,69.81974449771168,5703200
2016-11-04,69.32353973388672,69.79328253133737,69.05889455354757,69.63449744220868,7085400
2016-11-07,70.69307708740234,70.77908967826474,69.98515409264417,70.13070920239231,7333800
2016-11-08,70.98419189453125,71.57964236030818,70.40858893633227,70.5078315219097,8050000
2016-11-09,71.21571350097656,71.62591359592984,69.92557577539841,70.15713830977339,9161800
2016-11-10,71.31498718261719,71.78472997117619,70.95109943557794,71.14958457899696,8739500
2016-11-11,70.55410766601562,71.22233534672046,70.09098256910235,71.10986282999653,7939500
2016-11-14,70.52105712890625,70.61368723799339,69.85944666308585,70.22995195637262,7656000
2016-11-15,72.08907318115234,72.15523321583929,71.05696250651202,71.11650502342415,12156500
2016-11-16,72.40315246582031,72.83750558297764,71.99552932029644,72.30291634675004,7723700
2016-11-17,72.24945831298828,73.57255871201458,71.89529002814167,72.83750236830879,6638100
2016-11-18,72.97113800048828,73.2852087412831,72.2694954821147,72.55015248946414,6815500
2016-11-21,73.6259994506836,74.17395095652374,73.55249332566194,73.74628173724457,8476800
2016-11-22,73.92005920410156,74.17398633095584,73.04466905178333,74.03365777941362,6440500
2016-11-23,74.17396545410156,74.48803621363147,73.53246149979847,73.77302611993966,4472700
2016-11-25,74.17396545410156,74.32097773287899,73.58592143721212,73.86657846130343,3238600
2016-11-28,73.83984375,74.55485379776805,73.75965384902997,74.14054695675276,6406700
2016-11-29,73.06468200683594,73.3186141163445,72.43654569507432,72.90430732066481,7461900
2016-11-30,74.54818725585938,75.49708345947792,74.37445007761212,74.87562560347683,17301900
2016-12-01,75.70420837402344,76.78674897339356,75.1963492547637,75.37009147155086,11792300
2016-12-02,75.51042938232422,76.05169720044854,75.02930016700483,75.64407412070406,6167400
2016-12-05,75.6775131225586,76.49944332286881,75.53050080232248,75.7710654903049,6909800
2016-12-06,75.35003662109375,75.83784438768865,74.98250603128766,75.10278830629522,6033600
2016-12-07,76.47267150878906,76.49940147041013,75.39013100512092,75.53714324492734,6434100
2016-12-08,76.96048736572266,77.11418338662035,76.31229974848272,76.66646795346968,5519700
2016-12-09,77.38817596435547,77.50845828526246,76.82686186560329,76.84022430205043,5771600
2016-12-12,78.2835922241211,79.51313999307683,77.89601538895137,78.69789392538168,10044700
2016-12-13,78.4640121459961,79.05873982448598,77.53516756506382,78.78476661555729,8644200
2016-12-14,77.4884033203125,78.77141119944432,77.35475857806883,77.9895787510565,7878400
2016-12-15,78.21678161621094,78.44397869966033,77.08746467094025,77.26788558437241,7458300
2016-12-16,78.90507507324219,79.23919208649451,78.46403816860303,78.74469523616193,13752300
2016-12-19,78.61771392822266,79.15229795239209,78.46401789861437,79.09884311872895,5772500
2016-12-20,78.81817626953125,79.27257546667747,78.63107161745093,78.75135390781962,4319100
2016-12-21,78.79145812988281,79.51983060169398,78.75804439706475,79.07879379995083,5024600
2016-12-22,79.36612701416016,79.51313926741523,78.69789320716026,78.81149682899695,4992500
2016-12-23,79.13225555419922,79.31936022655847,78.88501227924732,79.12557688605779,2682900
2016-12-27,78.99860382080078,79.4530030269581,78.92509769199448,79.18570847659153,2986900
2016-12-28,78.79145812988281,79.42627826766721,78.68453826344088,79.05874759954793,4086700
2016-12-29,78.7313232421875,79.13226258977878,78.50412614789994,78.85828932324256,3214500
2016-12-30,78.65113067626953,79.01197760637712,78.39051985422853,78.47739352705568,5020500
2017-01-03,78.75135040283203,79.51982027386192,77.90937440772507,79.10551349253836,7404800
2017-01-04,78.7313232421875,79.28595864043598,78.58431095848594,79.12558392104356,6679900
2017-01-05,78.39051055908203,79.17234803071898,77.99625503851453,78.85159354258336,5928600
2017-01-06,78.07643127441406,78.57092793515194,77.76904435186351,78.48405428215307,4762500
2017-01-09,77.408203125,77.75568756578946,76.92039529226406,77.70891140240082,6891800
2017-01-10,76.8201675415039,77.77574221010917,76.77339137303596,77.22110685668919,6184400
2017-01-11,77.46834564208984,77.81582497937745,76.7533356707505,76.94712408704873,6158200
2017-01-12,77.62206268310547,78.17669301985445,77.12088719087949,77.84925979243529,4940000
2017-01-13,77.76905822753906,78.10317517230146,77.25452037582174,77.42157884820294,4953000
2017-01-17,77.70222473144531,78.02965786292319,77.58862621006595,77.78241462206448,4669700
2017-01-18,77.47502136230469,77.54184371658783,77.11417453131304,77.30127916259342,4855300
2017-01-19,77.23446655273438,77.48839357033506,77.04067813211037,77.44161740661336,3427800
2017-01-20,77.24784851074219,78.01631862173534,77.07410624519625,77.72897780104122,6730900
2017-01-23,77.10748291015625,77.48837589880286,76.84018842203866,76.92706206215242,5104100
2017-01-24,77.76239013671875,78.25688185472703,77.25453088409851,77.4149056118973,5024400
2017-01-25,78.34373474121094,78.4707008034844,77.74232325967822,78.11653768053172,5276800
2017-01-26,77.88262939453125,78.73128383721124,77.84921567469702,78.51744928563863,6937300
2017-01-27,76.03832244873047,76.64641253754243,75.41018106401158,75.86458023840456,11698900
2017-01-30,74.72191619873047,76.0450215941318,73.98685991160536,75.61066852957873,8252900
2017-01-31,74.40784454345703,74.97584234490539,74.01358898537387,74.7686914651139,7951000
2017-02-01,74.17396545410156,74.69518709833407,74.06704557927426,74.30761019941545,5889300
2017-02-02,74.98253631591797,75.00258252014589,73.9801853187559,74.2875723460991,6289000
2017-02-03,75.89132690429688,76.36577238079819,74.9357521845209,75.11617819985902,6623500
2017-02-06,75.4970703125,75.8445497067059,75.14290205339103,75.6975374290041,5637300
2017-02-07,74.43455505371094,75.57723412447503,74.24745042432998,75.49704933943677,6038400
2017-02-08,74.56153869628906,74.70186720145257,73.71956256708803,74.26083038675013,5188800
2017-02-09,75.01593017578125,75.26317342670009,74.56153097355539,74.56153097355539,4607800
2017-02-10,75.54383850097656,75.81112796140725,75.08943928073687,75.34336630743388,6194300
2017-02-13,76.11853790283203,76.17199274854636,75.54385625108102,75.75100716105376,4858500
2017-02-14,75.90939331054688,76.28044200609851,75.41016836773039,76.01733662089656,5811200
2017-02-15,75.94313049316406,76.39513154595197,75.70026318034834,75.70026318034834,7048100
2017-02-16,74.6680679321289,76.2264619884403,74.49941038847547,76.2264619884403,9478200
2017-02-17,74.43194580078125,74.59385559586809,73.7168343406935,74.49266004380648,8111000
2017-02-21,75.36966705322266,75.76769629654132,74.61407957393305,74.70178477108495,6619100
2017-02-22,74.46568298339844,75.41016633542301,74.41845907314821,75.0121369700312,5732000
2017-02-23,74.89742279052734,75.4438766084132,74.71527494924446,75.11330419172343,8659700
2017-02-24,74.29027557373047,74.89743860421427,73.85176493736573,74.81648627856026,6189400
2017-02-27,75.38992309570312,75.74072852685123,74.45893529429406,74.64783092237533,7275800
2017-02-28,75.89588165283203,76.07128690937274,75.2145038519391,75.32919487372662,7030200
2017-03-01,76.8268814086914,77.17094423432675,76.15225124306427,76.17923706733171,7353800
2017-03-02,76.47607421875,77.08998497882381,76.44234065244085,76.6852079182119,5892500
2017-03-03,76.60426330566406,76.83363510919332,76.3748863551147,76.47608191720941,4905600
2017-03-06,76.34789276123047,76.57052194578485,76.01057768657942,76.40186440845933,4731900
2017-03-07,75.4303970336914,76.82688126810332,75.3494447080569,76.59750948277929,6660300
2017-03-08,73.94621276855469,75.50460680205023,73.80454105160233,75.34269700367894,9071600
2017-03-09,74.23629760742188,74.32399766842326,73.20411436701944,73.74381536452059,7247400
2017-03-10,74.62084197998047,75.16054816368276,73.83152593260705,75.15380042095609,6560300
2017-03-13,73.77080535888672,74.75576475337886,73.74381953543248,74.5533787980013,6369300
2017-03-14,72.42829895019531,73.24460087755575,72.2663891427653,73.17713888671159,9935700
2017-03-15,73.45372009277344,73.5211872173189,72.54971827047665,72.9140191255425,9472100
2017-03-16,72.76560974121094,73.45373024229308,72.48226630823709,73.40650633679743,8894700
2017-03-17,72.64418029785156,73.14340520575784,72.64418029785156,72.86006175643428,14353400
2017-03-20,72.63068389892578,72.75886012653366,72.19891587076285,72.36757340705385,5301900
2017-03-21,72.88703918457031,73.0152205551237,72.45527631714977,72.90052952235624,7406300
2017-03-22,73.12317657470703,73.43350588984227,72.53624637065656,72.62395160227389,8106800
2017-03-23,72.77237701416016,73.44025961313164,72.6914195200038,73.05572052317581,5451200
2017-03-24,72.85331726074219,73.14340846617685,72.65767387595879,72.81284109389742,6339900
2017-03-27,71.69969177246094,72.4215458296372,71.389362520004,72.1854263057047,6479400
2017-03-28,72.30008697509766,72.68462582193615,71.59172865040452,71.69966676068347,6331500
2017-03-29,72.90727233886719,72.91402008081393,72.10446089883276,72.1516847984219,4919900
2017-03-30,72.71161651611328,73.31878451161148,72.3203299026791,72.96123145510091,6797700
2017-03-31,72.43504333496094,72.95450630209834,72.21916188605687,72.65766737972284,6159000
2017-04-03,72.72511291503906,72.83979877479699,71.76713444471665,72.33382629666922,5800900
2017-04-04,73.3052978515625,73.34577400428525,72.19215732852143,72.77908213107483,4687400
2017-04-05,73.29182434082031,74.66132282001934,73.2378526896647,73.97320228235509,6398800
2017-04-06,73.73033905029297,73.97320634681763,73.36603810550595,73.61565314555082,3934500
2017-04-07,73.44024658203125,73.92598116673943,73.3120651924499,73.79105203375374,4889400
2017-04-10,73.82478332519531,74.34424631685188,73.5144540494366,73.61564960929748,4812100
2017-04-11,73.51445770263672,73.89899673160123,72.90054171678763,73.89224898806987,3956500
2017-04-12,73.51445770263672,73.7775630831377,73.1636470972886,73.7775630831377,5053300
2017-04-13,71.57826232910156,73.3592856239041,71.46357643176667,73.29182363412005,6894800
2017-04-17,71.62548065185547,71.8346194950049,71.27467524411952,71.62548065185547,5278800
2017-04-18,71.2949447631836,71.96957519994838,71.05207739418653,71.38264486703518,4252700
2017-04-19,70.31669616699219,71.6052369555082,70.04684310304053,71.4365794339158,6667900
2017-04-20,70.75520324707031,71.30165712968066,70.40439785870767,70.43138368043083,4988100
2017-04-21,70.76195526123047,71.12625615595753,70.35717820498469,70.70124101895239,5432600
2017-04-24,71.46359252929688,71.78741735903135,71.08580118379086,71.36914469292037,4538200
2017-04-25,72.0032730102539,72.16518279347656,71.63222439555696,71.71318186067789,4619000
2017-04-26,71.56476593017578,72.50924914823774,71.49055620359108,71.78064736741685,6687400
2017-04-27,71.15323638916016,71.49729917609658,70.61353025855475,71.48380369197093,5781800
2017-04-28,71.98303985595703,72.59020806177422,71.504053034429,72.2191645421781,6848400
2017-05-01,71.45682525634766,72.00327918549608,71.34888710728181,71.6862021870195,4955500
2017-05-02,71.07904815673828,71.8683643650906,70.8968950951058,71.5850208770186,5112200
2017-05-03,71.99651336669922,72.36081417899392,70.92384900599508,71.07901616840552,5663000
2017-05-04,70.70797729492188,71.7334179025821,70.2559763749625,71.67269851871137,8039900
2017-05-05,71.36913299560547,71.43659498952874,70.63378336488726,70.78220283973059,5060000
2017-05-08,71.96953582763672,71.99652164798681,71.38935355765707,71.46356327686509,5175100
2017-05-09,70.89014434814453,72.01677557382732,70.71473905078035,71.85486576311736,5024000
2017-05-10,71.84810638427734,72.0707355548372,71.20046209930082,71.38935770570824,5582800
2017-05-11,71.6524887084961,72.2394189647166,71.26120187101576,72.2394189647166,4632100
2017-05-12,71.48381042480469,71.7064396106746,71.1599908335572,71.55127241072962,4488200
2017-05-15,72.084228515625,72.6644108404303,71.96954262856381,72.28661961386665,6647500
2017-05-16,72.35408782958984,72.63068867787624,72.14495411787469,72.5699692843661,5001400
2017-05-17,71.35228729248047,72.42223067872128,71.29777182519341,72.35408244507974,6384300
2017-05-18,71.67257690429688,72.02013959296038,70.76619048061364,71.2500548115844,5618100
2017-05-19,72.59262084960938,72.59262084960938,71.67260648171742,71.91112795496672,8383500
2017-05-22,72.32000732421875,72.98105087691638,72.06785315299531,72.98105087691638,4491100
2017-05-23,72.42223358154297,72.61986710658884,72.22460525587425,72.28593710879686,3457100
2017-05-24,72.38817596435547,72.4835845534753,72.05424590243608,72.30639494537641,3457200
2017-05-25,71.63169860839844,72.72208589606488,71.36591686951026,72.30637493023943,5293800
2017-05-26,71.36593627929688,71.75438701865765,71.28415526071319,71.59083018086842,3752500
2017-05-30,70.9161376953125,71.3591090463875,70.7048765953104,71.11377122731143,4288000
2017-05-31,70.52088165283203,70.80029101467254,70.24146709161377,70.56858594384762,8037900
2017-06-01,71.05925750732422,71.06607389168124,70.48680600640294,70.66399560404051,4769400
2017-06-02,70.26870727539062,70.83434742047045,70.03699707164503,70.75256643102325,5864000
2017-06-05,70.3232421875,70.58902395784928,69.94160269210879,70.05746041715071,4523300
2017-06-06,70.9910888671875,71.1819059793423,70.03018692401476,70.26870831420825,4683900
2017-06-07,70.71849822998047,71.16828592700823,69.8870814677317,70.85479989546323,7197100
2017-06-08,70.875244140625,71.3795473065693,70.49360987443764,70.71849852451123,6493600
2017-06-09,72.51082611083984,72.5721579596539,70.88205893356063,70.88205893356063,6595600
2017-06-12,73.62846374511719,73.89424545261457,72.51081625733944,72.51081625733944,8690600
2017-06-13,73.68980407714844,73.93514186609046,73.02876052295228,73.83291692080184,6099700
2017-06-14,72.6471176147461,73.59439201052135,72.0610335023328,73.53987654842297,6202300
2017-06-15,72.463134765625,72.78343723162074,72.14964868384003,72.57898730031945,5441400
2017-06-16,73.83973693847656,73.84655332166514,72.38134289873985,72.87883488396636,11633900
2017-06-19,73.23321533203125,73.86018745733794,73.01513784499512,73.81248316952933,4577800
2017-06-20,72.56534576416016,72.64712156143858,71.81569962659644,72.40860015374864,5171200
2017-06-21,71.20918273925781,72.85158291808806,70.82073204292439,72.16327371954021,6989400
2017-06-22,71.18192291259766,71.65215462182425,70.90251356029638,71.20237206465856,4197400
2017-06-23,71.55673217773438,71.84295785859494,71.03879627947963,71.04561266217914,5773300
2017-06-26,70.97065734863281,71.6862268439091,70.89569272724664,71.57718550393747,3602500
2017-06-27,70.9229507446289,71.48177459527913,70.89569041052681,71.37273845824784,4170300
2017-06-28,71.06603240966797,71.48855960374604,70.90247567621428,71.16825731784208,4162300
2017-06-29,70.95702362060547,71.65896028775718,70.90931933835371,71.13420798361098,4288600
2017-06-30,71.10013580322266,71.3659175446251,70.80027734651148,71.23643226570405,5497000
2017-07-03,72.44268798828125,72.89247054048103,71.03880926012152,71.03880926012152,4419100
2017-07-05,71.29777526855469,72.44268332690818,71.0592486402241,72.23141703322615,4482700
2017-07-06,70.75257873535156,71.64533259472326,70.67761411516554,71.33184654638951,5084800
2017-07-07,70.52767944335938,70.71168538760077,70.06426419034183,70.5958276748138,6457000
2017-07-10,70.22101593017578,70.58902265139702,69.92115744635615,70.49361407915934,4629000
2017-07-11,70.2755126953125,70.53447798910118,69.88706215494175,70.29595663964115,4322400
2017-07-12,70.8002700805664,71.38635416796711,70.51404441910361,70.87523468705088,3978100
2017-07-13,70.96382904052734,71.0183497013517,70.5072302047203,70.73894041353559,4439100
2017-07-14,71.17510986328125,71.31140634385099,70.69125059806798,71.13421675960836,3644300
2017-07-17,71.01834869384766,71.53628456557848,70.9297565207972,71.09331330157356,5572400
2017-07-18,70.68443298339844,71.28414476659094,70.541320121479,71.28414476659094,4339400
2017-07-19,71.18873596191406,71.20236872931606,70.54131989350736,70.57539141325766,4932000
2017-07-20,71.30458068847656,71.8088890396412,70.75257325475438,71.55673486405888,5367800
2017-07-21,70.36412811279297,71.13421306685211,70.29597987604585,70.99791659335786,5304100
2017-07-24,70.33003997802734,70.58219413237431,70.13922286635994,70.31641241264096,4080400
2017-07-25,71.1410140991211,71.65894994551498,71.0933098237543,71.1819019924709,7093800
2017-07-26,71.63851928710938,72.2927516989406,71.01154200964956,71.30458409822388,5881400
2017-07-27,72.31317138671875,72.45628419134768,71.29093261133326,71.47493330317754,5888400
2017-07-28,73.68299865722656,74.37130259729793,72.48356995073141,72.72209137547777,7812600
2017-07-31,74.41219329833984,74.96420074914657,73.70344023096814,73.86699703132255,7561200
2017-08-01,75.49576568603516,75.62525097177486,74.56893513410023,74.65071613552168,8162900
2017-08-02,75.2777099609375,75.78201328360869,74.861998849199,75.23000566283858,6212300
2017-08-03,74.57575225830078,75.27087257946943,74.31678688362561,75.12094854110617,5605400
2017-08-04,75.03916931152344,75.1005011651149,74.57575402000471,74.57575402000471,4643500
2017-08-07,74.81426239013672,75.16182509795006,74.67796593969588,74.83470633776521,4762800
2017-08-08,75.20272827148438,75.44806609162205,74.80746120577619,74.96420683506645,4107300
2017-08-09,75.57073974609375,75.92511893048638,75.14140113358721,75.46851478138905,3966800
2017-08-10,75.03916931152344,75.94555594336373,74.98464864207953,75.8024430856064,4950700
2017-08-11,74.43943786621094,75.2981147857464,74.37128444773518,75.10048131079355,3383000
2017-08-14,74.08509063720703,74.84154815277881,73.81930882896593,74.45991380235631,4286100
2017-08-15,73.98966217041016,74.21455600907632,73.28090913906559,74.11233106428473,5310700
2017-08-16,73.54222869873047,74.28563701375214,73.43898192021337,74.0860178225917,4186600
2017-08-17,72.90896606445312,73.56289216631646,72.9020864461343,73.38392230930347,5870300
2017-08-18,73.29444885253906,73.88641644804152,72.61987331107042,72.85390640096469,5467400
2017-08-21,72.81260681152344,73.2944479787187,72.4822065413038,73.2944479787187,3560400
2017-08-22,73.21185302734375,73.59732180056832,72.8332638739138,72.95716530125286,5630900
2017-08-23,73.38392639160156,73.69367728492483,73.03975639830135,73.10858934663793,4185800
2017-08-24,73.95526885986328,74.11358415658945,73.19121085811545,73.3082274255424,5059700
2017-08-25,74.4990463256836,74.829446610567,74.01032026611307,74.21682438287858,4384200
2017-08-28,74.17552185058594,74.74684007460816,73.83823146041733,74.71242622465994,3681600
2017-08-29,74.24434661865234,74.37513288824562,73.67990807586342,73.94836023331078,3230600
2017-08-30,74.15487670898438,74.23058928382481,73.72121911170173,74.05162465003052,3126000
2017-08-31,74.07917022705078,74.49905814657858,73.99656751691428,74.34073759838832,5508200
2017-09-01,74.86384582519531,75.13918282386264,74.00342098662021,74.12043750427847,3660300
2017-09-05,75.33194732666016,75.8963860368242,74.82257183699568,75.27687885454208,5198500
2017-09-06,76.94950866699219,77.25237986657355,75.57971390349505,75.71737976605965,8577300
2017-09-07,76.95641326904297,77.69293685101928,76.65354199179828,77.21798057563416,5937800
2017-09-08,76.2542953491211,76.92198591048195,76.0822103694556,76.81184900271997,4033100
2017-09-11,77.45203399658203,77.4864531058979,76.76369382321468,76.97708284805931,5973400
2017-09-12,77.4313735961914,77.7480094006195,76.99772123935647,77.65852708141742,5110100
2017-09-13,78.59467315673828,78.69104035101182,77.28682591094538,77.43137670235569,5889400
2017-09-14,78.78050994873047,79.39313212120874,78.59466046168474,78.64972892140842,5819100
2017-09-15,78.90441131591797,79.09715092484979,78.21607132458497,79.04208246515498,8387600
2017-09-18,79.28988647460938,79.31053583440114,78.69102878256118,78.75986173240618,4954600
2017-09-19,80.08148193359375,80.13655040007069,79.2898950473643,79.331193771413,6188000
2017-09-20,80.10212707519531,80.63903143081174,79.98510528486509,80.1916093839256,5378200
2017-09-21,80.17097473144531,80.20538858652357,79.73043747414403,79.99888970119892,4334500
2017-09-22,80.73538970947266,81.10709389583353,80.03328005136318,80.1296524714865,5307100
2017-09-25,81.21723175048828,81.45127007159213,80.54954113800889,80.69409715341794,5980300
2017-09-26,80.8936996459961,81.24475445203346,80.70785019080954,81.07955435279914,4874700
2017-09-27,80.84552764892578,80.94877969509798,80.37745625768008,80.85241251910186,3926800
2017-09-28,80.96255493164062,81.3136045601932,80.54954671891454,80.65279877209606,4949000
2017-09-29,80.87995147705078,80.89371596659048,80.34993197808309,80.65279801251425,4874800
2017-10-02,80.831787109375,81.07958999296147,79.52393972413947,80.13656206088969,4285600
2017-10-03,81.1002197265625,81.39620614077548,80.5426659992659,80.59084958987651,3892200
2017-10-04,80.93502044677734,81.13463968187068,80.62526428820453,81.10022058037896,3443400
2017-10-05,81.62334442138672,81.69906222849285,80.76291956937754,80.84551699413585,5470900
2017-10-06,80.55643463134766,81.32737737238037,80.39811936189328,81.18970621240072,3533300
2017-10-09,81.02448272705078,81.27917036091851,80.54264693499428,80.76979509318305,2951900
2017-10-10,81.77478790283203,82.47689233890698,81.42373305898604,81.49945087337669,5683100
2017-10-11,82.13960266113281,82.2703836728386,81.62334772900712,82.05699998141067,3926100
2017-10-12,82.00882720947266,82.35988208005226,81.43750374887824,81.56140515898767,3929700
2017-10-13,82.02259063720703,82.60079367213581,81.96063731111207,82.45624291340361,4640100
2017-10-16,82.6902847290039,83.21342461476429,82.20844881555196,82.4906654929688,5500700
2017-10-17,82.75223541259766,83.11016990090127,82.4837832334656,82.7591202830316,4844300
2017-10-18,81.32738494873047,82.61457759184222,81.21724801048654,82.18781008519267,5505100
2017-10-19,81.36178588867188,81.73349011881717,81.18970088869446,81.26541870881393,4576600
2017-10-20,81.6646499633789,81.7610171347338,81.27229640811487,81.64400060546242,4924300
2017-10-23,81.8642578125,82.11894544522345,81.53385237684839,81.7197070755325,3872400
2017-10-24,82.07080078125,82.54575192745759,81.96066383327108,82.24288582375301,4472400
2017-10-25,81.52698516845703,82.21532511685234,81.32736595322835,81.91245385904095,4553100
2017-10-26,81.52698516845703,81.91245385904095,81.32048108329163,81.76101823013526,4092900
2017-10-27,78.15412902832031,80.12278196931146,77.4864383470699,79.9369272169955,14534100
2017-10-30,78.73921966552734,79.22794048179544,77.6722904634485,77.89944394543194,7517800
2017-10-31,79.7717056274414,80.10899068700272,78.34684233316166,78.78049455259764,7154800
2017-11-01,79.77860260009766,80.51512614894806,79.40001352056922,80.05393963506224,5030300
2017-11-02,79.38623809814453,80.17094512616437,78.95946549014816,79.99197529034443,4329600
2017-11-03,79.15220642089844,79.67534623379335,78.9732418217534,79.48949676495293,4101800
2017-11-06,80.56332397460938,80.64592667518274,79.15222470328501,79.41379729595829,5950300
2017-11-07,80.70096588134766,81.22410565943734,80.17783135487448,80.79733304420411,5219500
2017-11-08,80.30863952636719,80.63904509050893,79.7786199513691,80.38435735874096,5092800
2017-11-09,80.70096588134766,80.87993572020243,79.58585863926113,79.77859296497404,5103300
2017-11-10,80.65968322753906,80.74916553897306,79.91627475039994,80.3361625799905,5156900
2017-11-13,80.69410705566406,81.06580606438855,80.31551792431041,80.68722218465277,4279200
2017-11-14,80.48072814941406,80.71476652855652,80.01954151462147,80.41189518553165,6996500
2017-11-15,80.15717315673828,80.69408264925319,79.8956059052179,79.99197306375784,5372600
2017-11-16,79.60135650634766,80.46983600270772,79.46934592665191,80.07380956439866,5888700
2017-11-17,79.69863891601562,79.89317750712549,79.13586580590795,79.67084693146006,4337500
2017-11-20,79.70558166503906,79.92096290161106,79.51104308997033,79.74031766728498,4634200
2017-11-21,80.01822662353516,80.49762900788048,79.844530722051,79.99738396348158,4596000
2017-11-22,80.53238677978516,81.1368452480819,80.12246161203583,80.24057357701572,3951000
2017-11-24,80.94924926757812,81.18547317798361,80.81028934900529,80.97704125129269,1744200
2017-11-27,80.31004333496094,80.61574985158309,80.06687010618369,80.4906885766721,4490300
2017-11-28,80.90753936767578,81.15766186074336,80.4142437010085,80.53930494754229,4004700
2017-11-29,81.41474914550781,81.46338378947038,80.47679226864193,80.73385882925322,3661000
2017-11-30,82.67230224609375,82.78347017072497,81.44948687982078,81.47032954049453,7896600
2017-12-01,83.03361511230469,83.69365761542747,82.34577531974283,83.24204707607933,6831800
2017-12-04,83.95764923095703,84.97203797038526,82.9363217727391,83.24202295785854,7366400
2017-12-05,83.64498138427734,84.34671417197882,83.47823483598394,83.74919996475217,4380700
2017-12-06,83.10305786132812,83.98543060586356,83.04052458766472,83.36707369258636,4852500
2017-12-07,83.1169662475586,83.44351541160096,82.6514624736499,83.02664628122334,4908500
2017-12-08,83.3184585571289,83.54078912516263,82.74873614524378,83.34625054073048,4122200
2017-12-11,83.66585540771484,84.14525787716741,83.45742346939835,83.57553543118895,5929700
2017-12-12,83.15172576904297,83.8881949040972,83.06834980438825,83.24204575516744,4300200
2017-12-13,83.32540893554688,83.49215553849332,82.4569293148982,82.97801708728741,4399800
2017-12-14,83.04747772216797,83.56856538993104,83.0266350635819,83.24201627000839,3736900
2017-12-15,83.18643951416016,83.70057787387906,83.03358628000043,83.6797352148169,11226900
2017-12-18,83.16559600830078,84.27030470475972,83.11001734808451,83.31844925064665,4654100
2017-12-19,83.26287841796875,83.89513414722032,83.03360381907778,83.5963769357415,4599300
2017-12-20,83.99237823486328,84.27724201879444,83.130848165296,83.56855986901975,6286700
2017-12-21,86.7228775024414,87.09111191460117,84.1174393400534,84.33976985121274,10109000
2017-12-22,86.83406829833984,87.29957210054255,86.54920443978723,86.74374302573588,4735100
2017-12-26,87.52884674072266,87.64000936854815,86.88269773285255,87.00775900214285,3348500
2017-12-27,87.2300796508789,87.68168473239804,86.93826652182695,87.51493815920978,3452300
2017-12-28,87.25092315673828,87.46630437006259,87.04943528265703,87.32734977452007,2191800
2017-12-29,86.97997283935547,87.5288525968089,86.97997283935547,87.09808479581561,3829000
2018-01-02,88.64051055908203,88.75167320074786,87.22315109758277,87.34126306084623,5626000
2018-01-03,89.2866439819336,89.5854064673786,88.16804717041109,88.557124322245,5805500
2018-01-04,89.00873565673828,89.17548755272945,88.39037861957911,88.89756772607751,4598300
2018-01-05,88.86283111572266,89.00179102809848,88.3070020677767,88.91146575985954,4189200
2018-01-08,89.300537109375,89.37001971143661,88.67523079626866,88.83503335992074,4826100
2018-01-09,88.8211441040039,89.58541040120721,88.78640810008122,89.23106393543216,4422300
2018-01-10,89.39088439941406,89.46035641703833,88.79336991973742,89.14770583383107,5292200
2018-01-11,92.10747528076172,92.62856302794442,89.46034061976542,89.57150855020483,11641300
2018-01-12,92.82308959960938,92.99678549287096,91.78785825921022,91.84344221724065,7232900
2018-01-16,91.71836853027344,93.01762091991256,91.43351534465404,92.87171171623248,6254200
2018-01-17,91.96155548095703,92.26726195376263,90.98886270526299,91.84344354401962,5632700
2018-01-18,91.42658233642578,92.05883803257048,91.03750517004678,91.95462472070385,5890000
2018-01-19,91.2250747680664,91.71142109294532,90.46776330492962,91.59330917130006,6048900
2018-01-22,92.10052490234375,92.10052490234375,91.21120262097081,91.2251012633054,5248800
2018-01-23,91.03054809570312,92.10051014980938,90.82905491957884,91.97545419350284,5747300
2018-01-24,91.28763580322266,92.1769581484226,91.06531051770196,91.2806917823359,6868200
2018-01-25,90.77347564697266,91.62111251088645,90.55809442117692,91.54468588867925,4597200
2018-01-26,91.1486587524414,91.53773585756045,90.57893113311995,90.8151656054188,6310500
2018-01-29,89.26578521728516,91.41961840697122,89.15462790935425,90.36354446996245,6350700
2018-01-30,87.00775146484375,88.93924369962197,86.9799594851003,88.66133450374363,8084000
2018-01-31,87.09113311767578,87.4176822949873,86.1879175152856,87.1397677631831,9626800
2018-02-01,87.24398040771484,87.28566572936161,86.19485563978408,87.26482306853822,7844500
2018-02-02,82.38744354248047,86.1184282170381,81.73434523859032,86.1184282170381,13182600
2018-02-05,78.24652862548828,82.19289956877266,75.05051991941426,81.28272947516933,15414700
2018-02-06,81.41474914550781,81.72739967087024,76.9542393394141,77.25994054398797,18416300
2018-02-07,80.10159301757812,82.8668284711941,80.05990770243926,81.56758667544148,11535700
2018-02-08,78.02420806884766,80.5184788936212,77.96167478229697,80.01823380433056,9927500
2018-02-09,78.8579330444336,79.63609252989217,76.07879884022448,78.74676513189188,10922400
2018-02-12,79.19145202636719,80.49069421140688,78.44803364590312,79.76117447400526,8358200
2018-02-13,78.71205139160156,78.93438197877389,77.71851042062983,78.74678739850953,7065900
2018-02-14,78.94824981689453,79.24006292517022,77.3988855289088,78.16314634411799,7031900
2018-02-15,78.9623031616211,79.30613467577051,77.77642840315846,79.19386545532322,5405000
2018-02-16,78.68864440917969,79.25000659937638,78.03606313833333,78.83600077955833,5950400
2018-02-20,77.87464904785156,79.12367388160949,77.59396804673247,78.78685560955762,6810900
2018-02-21,76.52739715576172,78.63249706963197,76.52739715576172,77.98693438089612,6892300
2018-02-22,77.10981750488281,78.1974547158838,76.41513595943289,76.87124205932189,8176700
2018-02-23,79.00438690185547,79.10964295454102,77.36241175272386,77.50976808506552,6460200
2018-02-26,80.4148178100586,80.45692344988393,79.18684282714983,79.41840510877797,7405800
2018-02-27,79.72014617919922,81.43229608027744,79.72014617919922,80.60428977524498,6059700
2018-02-28,78.53426361083984,81.01828228159586,78.50619496809418,80.70953256493976,7441000
2018-03-01,78.61846160888672,79.92362392040509,77.86764289019997,78.26059314191022,7516700
2018-03-02,78.3377914428711,78.71671010402135,77.06771609324358,78.23955386630026,6607300
2018-03-05,79.39735412597656,79.52366033702471,77.90272973631588,78.16937915605418,7814900
2018-03-06,79.74820709228516,81.06038268282461,79.30613266035265,79.88854495266443,7957900
2018-03-07,79.88153076171875,80.75164267434464,79.0324743474769,79.25701814832148,6660000
2018-03-08,79.53768920898438,80.52007022139244,79.0114142402171,80.41481415692984,6095100
2018-03-09,82.25328826904297,82.37257600364332,80.16221957250653,80.21133836637415,8833300
2018-03-12,81.95154571533203,83.04619602988568,81.7901523556894,82.44975208550828,6877000
2018-03-13,81.71998596191406,82.92691088648307,81.39720458615317,82.26029799034264,6793100
2018-03-14,80.78671264648438,82.41465630284654,80.59725601711514,82.08486182605905,5051000
2018-03-15,81.10249328613281,81.54456239156767,80.5200809581854,80.94811841814226,4519700
2018-03-16,80.9761962890625,81.53054003566926,80.38676539444315,80.9761962890625,14909400
2018-03-19,79.9166259765625,80.85690691812489,79.44648818255483,80.74463232959032,4803500
2018-03-20,80.34464263916016,81.18668042059772,80.30254235615197,80.37972977736408,4587200
2018-03-21,82.12696838378906,82.87778716728272,80.55516188773196,80.68146810147603,6829600
2018-03-22,79.78329467773438,81.21476344250888,79.62892516151902,81.08144407152533,6297200
2018-03-23,79.27808380126953,81.23582247157417,79.08160326601057,80.25344656301527,6227200
2018-03-26,80.94110107421875,81.1095075900916,79.46753201485136,80.16221357718018,6868700
2018-03-27,80.4569320678711,82.00067007032102,79.97977580926076,81.22178256944905,5530800
2018-03-28,78.66058349609375,80.87795847642168,78.6325148484703,80.64639614868861,6985300
2018-03-29,80.02186584472656,80.29552840687516,78.78687238891109,78.79389088765863,6627800
2018-04-02,78.75879669189453,80.26745257470634,77.56590898188267,79.91660261840337,6228600
2018-04-03,80.57621002197266,80.6814660897259,78.6535482214149,78.95527942708301,6717300
2018-04-04,80.33060455322266,80.5481298027129,78.89211765896383,79.3271735114895,5727200
2018-04-05,82.3023910522461,82.72340996828677,80.48498532559857,80.61129153576537,7204900
2018-04-06,80.527099609375,82.10592472917597,79.56576860915276,81.6638502693619,7094500
2018-04-09,81.38316345214844,82.21818276142636,80.61128921581766,80.9060072667557,6933800
2018-04-10,83.39704132080078,84.0847096548522,82.51991634823545,82.51991634823545,7612800
2018-04-11,83.677734375,83.7689534579433,82.62518425707547,83.2847840441098,6246800
2018-04-12,83.66371154785156,84.67415612715673,83.25672417450295,84.00052462310418,6702000
2018-04-13,84.14787292480469,84.75835392615092,83.65668500662736,83.86719182004045,5508100
2018-04-16,84.69519805908203,85.40391664343143,84.04261676634475,84.62502912134026,4598000
2018-04-17,85.22846984863281,85.60738843989056,84.59693886320322,84.8635882534654,6488300
2018-04-18,86.88449096679688,87.6353097282939,85.88807828397765,85.9301785694769,9132500
2018-04-19,86.80731964111328,87.71251342205453,86.45646958742506,86.98976316802431,7159400
2018-04-20,85.82492065429688,86.63187668144907,85.22847675720033,86.57573939962812,7561200
2018-04-23,86.71610260009766,86.73715274724802,85.46707723607012,85.60741511943725,6113100
2018-04-24,85.98633575439453,87.74058610350438,85.43199200165014,87.26342979440462,7980500
2018-04-25,86.11260986328125,86.2389160554316,84.9898911294699,85.84596048343872,5331100
2018-04-26,87.1651840209961,87.22132131174936,85.81792116419778,86.07754676522494,6268400
2018-04-27,88.84927368164062,89.15100495607612,87.4879736964832,88.06336759731981,8836600
2018-04-30,87.78968048095703,89.74742396845453,87.74758019742345,89.12992459105145,7631600
2018-05-01,87.6142578125,87.65635809714726,86.36523273486979,87.03184555833217,7093700
2018-05-02,88.05632019042969,88.743988457661,87.07393924590443,87.15112666427362,5909100
2018-05-03,88.42121887207031,88.49840630067969,86.89151265147414,87.42480079917104,6727700
2018-05-04,88.08438873291016,89.00361390069823,87.50899502158897,87.85984497613958,5403100
2018-05-07,87.67040252685547,90.09827860880479,87.31955251559518,88.82820328117737,6999700
2018-05-08,88.81416320800781,88.94046941421716,86.75116362443687,87.66337570856511,8937000
2018-05-09,90.32280731201172,91.51569493888341,89.88073297161195,90.11229521148371,11442700
2018-05-10,90.39298248291016,91.06660836281108,90.09124597082241,91.0034579441498,5446000
2018-05-11,91.10872650146484,91.75428922420367,90.18248805826303,90.79296363917088,8092300
2018-05-14,91.49465942382812,91.97883412030478,91.08065900777402,91.3964218554917,6212400
2018-05-15,91.03856658935547,91.41046675213015,90.69472971691972,91.38941660760274,5201700
2018-05-16,90.91226959228516,91.02454418582906,90.02813125908966,90.72280755406663,5405100
2018-05-17,91.63422393798828,91.71208443574454,90.86977836014249,91.13874215201712,5241600
2018-05-18,90.5017318725586,91.41481357083555,90.45926446340061,91.25201823557659,6385800
2018-05-21,91.5705337524414,91.5988525585899,90.79193939071813,91.1599974669684,5081200
2018-05-22,90.76361083984375,92.29250219391426,90.67160173088963,91.37233550116115,5444200
2018-05-23,91.09628295898438,91.15998406276182,89.5744767663005,89.9566941894236,6017200
2018-05-24,89.616943359375,90.17612088847518,89.07899953134219,90.17612088847518,5906200
2018-05-25,86.48837280273438,88.30746673241539,85.80178776697821,88.15174574695791,8936600
2018-05-29,85.92214965820312,86.65828208062595,84.98074907373858,85.71688149616142,7385700
2018-05-30,88.59062194824219,88.95160572284126,86.5945673346167,86.81399488021829,7125300
2018-05-31,87.98190307617188,88.34996657679105,87.3873323133497,87.82618203352249,7460700
2018-06-01,87.66336822509766,88.866663575197,87.36608558810342,88.82419076974813,5749900
2018-06-04,86.53792572021484,88.76755596152081,86.47421922177418,88.14467197778427,5760500
2018-06-05,86.87059783935547,87.5642571924294,86.03537149569505,86.36096747370118,5672600
2018-06-06,87.3307113647461,87.55013893968898,86.39639044631168,87.14668230218847,6213400
2018-06-07,89.86468505859375,90.58666334596073,88.05975014063534,88.15176465167133,8607200
2018-06-08,89.49662017822266,90.16196624778713,88.95867632178864,89.97793722866794,5108800
2018-06-11,90.28938293457031,90.73531232625737,89.08609288764997,89.73020531975462,6085100
2018-06-12,89.94963073730469,90.86979750452305,89.41876654088561,90.34600760922406,4543000
2018-06-13,89.9425277709961,90.47339183009937,89.24886302433394,89.75849338510965,6317900
2018-06-14,89.5461654663086,90.5725006529377,89.45414555838686,90.16196441819433,5056800
2018-06-15,87.7978515625,89.9779349354381,87.65628455113624,89.96377553418706,13223800
2018-06-18,89.1639404296875,89.87883897248365,87.84031725048736,88.01727196106458,7696800
2018-06-19,88.85955810546875,89.10729356445536,87.68457649966365,87.99601844823425,5947800
2018-06-20,88.6826400756836,89.51078698084437,87.98190080210371,89.27013112131945,7980700
2018-06-21,86.77152252197266,88.18716042252055,86.46716555757568,88.12345930910631,7290800
2018-06-22,88.5481185913086,89.58861294788619,88.34993021867061,88.7675460612105,8535200
2018-06-25,86.7856674194336,88.22253878428897,86.30435039768719,88.0738974776035,5801900
2018-06-26,87.88279724121094,88.20131358621005,86.75736238177008,87.08295842783552,4592800
2018-06-27,89.18517303466797,90.19027448233702,88.51982160300268,88.5835281061466,6339500
2018-06-28,88.94453430175781,89.79391490508749,88.47737118976536,89.5674130508509,3814800
2018-06-29,89.48951721191406,90.40968366920275,89.00112058763628,89.00112058763628,5669700
2018-07-02,87.94649505615234,88.6826273328189,87.45809830523189,88.67554763201774,5073500
2018-07-03,88.28623962402344,89.6735637976582,88.15883202643306,88.80294431408583,3919600
2018-07-05,87.75538635253906,89.3621328200138,87.64213274061743,89.26303860969709,5926900
2018-07-06,87.8686294555664,88.1375986678983,87.1962037246221,87.42977983522887,4020000
2018-07-09,89.1781005859375,89.38336871240318,88.25793926755948,88.47736139574747,4602200
2018-07-10,90.31060028076172,90.96179229643214,89.71603506651368,90.12657127648248,5092100
2018-07-11,87.4297866821289,89.66649696063811,87.04048953381111,89.3479806210845,6631800
2018-07-12,87.95358276367188,88.44197415882286,87.47933997095232,88.08099038854385,3745200
2018-07-13,87.7978515625,88.39241680953987,87.50764323937628,87.9110997713617,3352800
2018-07-16,87.04755401611328,87.68458658384722,86.26894905514317,87.06878771500728,4317800
2018-07-17,86.2901840209961,87.03339044782923,86.21232352862857,86.60870028960625,4135200
2018-07-18,86.02122497558594,86.12031918371856,84.70468146727616,85.81595685867427,6061300
2018-07-19,86.12030792236328,86.45298360626225,85.65315034514349,85.71685144194358,4471400
2018-07-20,86.54501342773438,86.6016402350703,85.65316551322663,85.82304053500484,5394700
2018-07-23,85.8796615600586,87.11126483542841,85.75933365274362,86.60163440417767,5359400
2018-07-24,87.66336822509766,87.88279575259969,86.25481014961865,86.26188985056505,4423500
2018-07-25,88.40655517578125,88.64013663878228,87.25280725865815,87.50054811954118,4278800
2018-07-26,87.73412322998047,88.74630415843656,87.62795474815792,88.26498724000511,5544100
2018-07-27,89.1639404296875,89.92130637494884,86.41052556512425,86.91307629513605,7580900
2018-07-30,90.4804916381836,90.89102789785002,89.34090277269243,89.72312562822017,5729300
2018-07-31,89.37630462646484,90.99013651647057,89.27721039640711,90.60083389822194,5894400
2018-08-01,88.75341033935547,89.12855348767083,88.30040668098641,88.69678353200194,4661000
2018-08-02,87.59967041015625,88.34287703057913,87.27407435736674,88.08098748824287,4639600
2018-08-03,87.804931640625,87.94649325236807,87.29530119798304,87.87571244649654,5299400
2018-08-06,87.98190307617188,88.43490680011718,87.44395912890046,88.06683789926764,4455900
2018-08-07,88.60475158691406,88.972814961835,88.30038930756022,88.85956676963953,4542000
2018-08-08,87.68460083007812,88.32871860239885,87.28822398571428,88.13760448084523,5957200
2018-08-09,86.72904205322266,88.0314315337303,86.53793334152738,87.74122321570763,5218300
2018-08-10,87.30238342285156,87.42979104507684,85.99999919586402,86.4742365785021,6128000
2018-08-13,86.66534423828125,87.54303812569968,86.53793662557298,87.2811431995134,4360000
2018-08-14,86.76444244384766,87.52180845420605,86.35390618396713,87.0050982788075,3622200
2018-08-15,83.48015594482422,86.16279000375121,83.1191668233778,86.1415509023009,9476700
2018-08-16,84.08043670654297,84.54492564902117,83.73742386772406,84.10901611210744,5455200
2018-08-17,84.18045806884766,84.73784900970786,83.67308380011325,84.43056868948972,6112900
2018-08-20,84.14472961425781,84.55205420195372,83.8445968553246,84.32338084486133,5403600
2018-08-21,84.28050994873047,84.98796732603638,84.17331811531973,84.5949324208647,4875800
2018-08-22,84.98082733154297,85.36671469504688,84.62352482296566,84.70927938774553,3636900
2018-08-23,84.39482879638672,84.90934514303804,84.10898577580242,84.6020648500103,3962500
2018-08-24,85.04513549804688,85.42387524420288,84.83789941105522,84.96652851842924,4415400
2018-08-27,86.0027084350586,86.09561057193783,85.1594743387895,85.29525102991862,3901900
2018-08-28,85.65257263183594,86.71018518733679,85.57396563016978,86.18137890958637,4685700
2018-08-29,85.90982055664062,86.34573007620997,85.66685200297717,85.75260657227084,4101700
2018-08-30,85.61682891845703,86.05988601022541,85.4310355317188,85.80977533422869,3353000
2018-08-31,84.65209197998047,85.32382230031067,84.38768621619035,85.32382230031067,5287000
2018-09-04,84.9450912475586,85.48818707694502,84.57349362534364,84.98796579935147,4590900
2018-09-05,84.98082733154297,84.99512248500808,83.79458583810822,84.36626658062973,4619400
2018-09-06,82.34395599365234,84.68786007482326,82.2796386934226,84.24480290747812,8191100
2018-09-07,81.89370727539062,82.42966086417198,81.02903613973027,81.83653758410684,6637800
2018-09-10,81.8079605102539,82.69406894227215,81.73649566812176,82.48683289449333,5870900
2018-09-11,82.19383239746094,82.70834866756734,81.2934343767761,81.70790097036061,5605300
2018-09-12,82.7441177368164,83.95894411668836,82.72268045806629,83.19431694657992,5067800
2018-09-13,83.10855865478516,83.265767165595,82.23673973518812,82.9013225630774,6297700
2018-09-14,83.88033294677734,84.04469449567749,83.14429066901455,83.20146037750186,4947800
2018-09-17,83.97322845458984,84.8093149301768,83.80886691866955,84.044687858554,5560200
2018-09-18,84.41629028320312,84.9665392097643,84.30910389024002,84.6806961071874,4966300
2018-09-19,85.40245819091797,85.7811980267565,84.40915752454751,84.55922394335121,4855300
2018-09-20,85.338134765625,86.69588546698543,85.11660894216232,85.88838371371506,5846700
2018-09-21,86.56010437011719,86.65300651227881,85.33098831170496,85.68829082277917,13703600
2018-09-24,87.62486267089844,87.88212089416474,86.8745252777045,87.11749380056855,6534100
2018-09-25,88.16083526611328,88.78253822875519,87.85355484765653,88.25373196862184,5396400
2018-09-26,87.14605712890625,88.19652710483685,86.99599076834505,87.88924680882995,4231400
2018-09-27,87.51766967773438,87.89640943141917,86.97456838558098,87.29614388641001,4533400
2018-09-28,87.38189697265625,88.04647982890967,87.01030477815054,87.17466087210376,5202900
2018-10-01,88.88973236083984,89.23988735064268,87.97503865980129,87.97503865980129,5348200
2018-10-02,89.13981628417969,89.86871635643674,88.83968352595754,89.37563721649832,5445400
2018-10-03,89.54715728759766,89.92589709269375,89.16841748250158,89.41852816020618,4479500
2018-10-04,89.28990173339844,89.7472485441776,88.74680580310071,89.17556775670566,4824300
2018-10-05,89.5614242553711,89.9687487885854,89.13980457249892,89.27558123423775,4318000
2018-10-08,89.21126556396484,89.65432252726379,88.4895186013679,88.64673253840954,6267700
2018-10-09,90.62620544433594,91.06926250491792,89.37564670037419,89.69007464349711,6797900
2018-10-10,87.61055755615234,91.18358197077521,87.51051330870311,90.91918165337478,6504400
2018-10-11,84.63066101074219,87.48908069469599,83.9946630672227,87.48908069469599,8589900
2018-10-12,84.1590347290039,85.52393299778085,83.02281531120872,85.41674114938412,7450700
2018-10-15,83.56591033935547,84.93795062914599,83.54447306170303,84.10900621322871,6047300
2018-10-16,83.97322845458984,84.0947099865292,83.13713652699984,83.67309023473554,4846100
2018-10-17,83.8160171508789,84.1018602277972,82.90846579056355,83.7588474450946,6978700
2018-10-18,83.94463348388672,84.42341742993709,82.9298958947047,83.90890106021033,7391600
2018-10-19,84.42344665527344,85.22380633546922,83.87320312339179,83.87320312339179,7944400
2018-10-22,83.75885009765625,84.67354361115969,83.23719150886292,84.39484810163921,5644900
2018-10-23,81.03621673583984,82.69410029463286,80.07150097331876,82.69410029463286,8095300
2018-10-24,78.75662994384766,81.59361315419949,78.65658566279784,81.26489545189233,8035200
2018-10-25,79.73561096191406,81.03619157883351,78.91381428895893,79.5783970216267,5734000
2018-10-26,79.69987487792969,80.37160515485078,78.36356735086595,79.05672944811184,8035500
2018-10-29,77.84191131591797,80.08577024675685,76.84861094948941,80.06433297225881,8598300
2018-10-30,79.21395874023438,79.42834240907526,77.28452752867918,78.33499769239376,7523800
2018-10-31,79.78563690185547,80.39304996675935,79.35687505909995,79.82851145053023,7429800
2018-11-01,79.442626953125,80.02860276432003,78.67799991349244,79.87138881097454,10572000
2018-11-02,81.98662567138672,83.68738343487993,80.83611130278742,82.07237477334255,9890400
2018-11-05,84.9951171875,85.51677576438732,83.3229387165386,83.33723386911274,8758700
2018-11-06,84.96654510498047,85.34528492507131,84.21620759015606,84.86650082993776,5273200
2018-11-07,86.37432098388672,86.55297226009498,85.05229717834224,85.75261257996047,4848800
2018-11-08,85.29524993896484,87.08890994618962,85.00940685961376,86.21709100757033,9532400
2018-11-09,85.40245819091797,86.01701902144988,83.87320369224672,84.48061694512009,6565700
2018-11-12,83.88749694824219,86.7316278043175,83.73028294512183,86.39576251619755,10550800
2018-11-13,82.42967224121094,84.2376217245817,82.20814647191332,83.82315503557368,6846200
2018-11-14,82.694091796875,84.1733239346005,82.13670076700794,83.52303076508659,6783500
2018-11-15,84.38983917236328,84.48364927444497,81.33752050231845,82.01581598690072,7218100
2018-11-16,85.91236114501953,86.06389413305324,84.62071652669155,84.78668437374884,6706900
2018-11-19,86.17213439941406,86.21543347162367,85.0753218301518,85.24850160313305,5328300
2018-11-20,83.77647399902344,86.22987747165936,83.0115914919289,86.04226280764661,7983500
2018-11-21,84.83721923828125,86.00619541022256,84.19500546318956,84.19500546318956,5624400
2018-11-23,81.97250366210938,83.1414797436282,80.89733766752349,82.76625040647001,5577800
2018-11-26,82.9682846069336,83.3002148021431,82.27555449791245,82.69407733307105,6953000
2018-11-27,83.13424682617188,83.45896509652555,82.41987543985103,82.65800107038656,6339200
2018-11-28,85.24850463867188,85.34952663528196,82.54976393370015,82.96828677981958,6841700
2018-11-29,85.76084899902344,86.39585082352679,84.95988479241547,85.11141781727548,6656900
2018-11-30,85.82579803466797,86.02062464373309,84.93102370447065,85.18358426050419,6712500
2018-12-03,87.0741195678711,88.34411740308512,86.63394995746089,87.14627734713976,8237600
2018-12-04,84.59906768798828,87.37718341167916,84.4763989156965,87.02360644819117,8288100
2018-12-06,83.6393814086914,83.8053437913179,81.56120162056332,83.22807040455187,10715700
2018-12-07,83.33629608154297,86.3741845281294,83.11982272624284,84.85163158978827,9114400
2018-12-10,82.9394302368164,83.67544849523361,80.57983144206153,83.19920268220753,7674300
2018-12-11,83.32189178466797,84.1517203260944,82.22507330226271,83.89194781738199,5929400
2018-12-12,83.43013763427734,84.94547371424362,83.39405597547102,84.50530390218981,7891400
2018-12-13,83.66102600097656,83.93522782458413,82.48483246974378,83.09097006046431,7030500
2018-12-14,82.13846588134766,83.56720882165843,81.76323657005344,82.98994100431668,6195400
2018-12-17,81.14265441894531,82.96106118963363,80.71691969014903,81.85703126007269,7132400
2018-12-18,79.18716430664062,81.71272545543253,78.61710841527895,81.27255578622017,9658600
2018-12-19,77.80892181396484,80.81072836649605,77.2821595663617,79.30982784287328,10472400
2018-12-20,75.75239562988281,77.98210240829587,75.18233980984702,77.07289896701093,11612800
2018-12-21,75.19678497314453,77.16672525920953,74.25872262691725,74.77105012864712,19912800
2018-12-24,72.87327575683594,75.1534997704273,72.81555281753663,74.5401501862331,5619500
2018-12-26,77.49140167236328,77.49140167236328,72.31761257414482,73.49380004604488,10779400
2018-12-27,78.88409423828125,78.89131166838727,75.68023792668384,76.10597821836156,10655100
2018-12-28,78.40062713623047,79.63454336947694,78.01818593885585,79.12221596306134,6445400
2018-12-31,78.50165557861328,79.54795726133256,77.83057769433601,78.7614280180294,6309600
2019-01-02,79.8726577758789,80.58702907254205,77.28215138895564,77.45533114157108,6384800
2019-01-03,78.34290313720703,80.3056257379771,77.98210870339743,80.13965787609875,6496200
2019-01-04,79.96649169921875,80.08916050632291,78.99234766319594,79.57683298375221,7952500
2019-01-07,81.00556182861328,81.48902501288879,79.3170411405316,80.13965194834793,5712700
2019-01-08,80.6519775390625,82.1095899941438,80.57981976031164,81.8281708033155,5674900
2019-01-09,81.734375,82.26113733685155,81.14267230252534,81.31585760809348,7097000
2019-01-10,81.86426544189453,81.99415167511545,80.60870219095021,81.18597556199583,6078300
2019-01-11,81.20761108398438,81.57562294460352,80.57982679296181,81.53954129943624,4491700
2019-01-14,80.61592864990234,81.06331033254068,80.15411210346359,80.34172129056918,6121700
2019-01-15,80.904541015625,81.59004819704649,80.46437139208966,80.80351902057943,4226100
2019-01-16,80.38500213623047,81.04886258293627,80.25511591793705,80.40664892173166,5624100
2019-01-17,80.78909301757812,81.02721867712671,79.49744821900163,79.91597110451978,4442700
2019-01-18,82.52813720703125,82.73018124935601,81.58285185860144,82.25392985934428,9382000
2019-01-22,81.06329345703125,81.86425756730036,80.78187422967036,81.62613741703937,7242000
2019-01-23,80.37777709960938,81.30140989549623,79.67783507311476,81.09214847997723,6082300
2019-01-24,81.90756225585938,82.13125306593625,80.03143210982496,80.11801925938416,8470700
2019-01-25,81.69829559326172,82.82397250805276,81.53232772504404,82.30442762267647,6261800
2019-01-28,80.94063568115234,81.2292723781888,80.14688889326742,80.75302650757268,6886600
2019-01-29,80.69530487060547,81.79211780547281,80.65200578396279,81.56120952943297,5359900
2019-01-30,81.54676055908203,82.00857700009675,80.80352489636417,81.20039547567788,7941700
2019-01-31,82.73017120361328,83.27858032710785,81.8137501875499,82.11682171952299,11225600
2019-02-01,85.41447448730469,86.04947069586173,84.13725913489648,84.17334077965067,10934300
2019-02-04,86.4030532836914,86.41027071416651,83.92800313822241,84.78669569030953,7987900
2019-02-05,86.21544647216797,86.48964827950937,85.64539056547252,86.31646848041409,6887400
2019-02-06,85.782470703125,86.2947980674434,85.64537258088667,85.86906333713242,4990400
2019-02-07,85.31344604492188,85.5154900275992,84.07231243100618,85.15469562845094,7281900
2019-02-08,84.84442901611328,85.06811982616334,83.64658873134533,84.95988038394061,5671000
2019-02-11,84.38983917236328,84.6856933323322,83.98575105658882,84.37540981335177,4859600
2019-02-12,85.66703796386719,85.77527740355703,84.86607381756357,85.38561872384555,5400700
2019-02-13,86.28038024902344,86.87208289729716,85.65259595543493,85.98453167752963,5935900
2019-02-14,86.12003326416016,87.11854393957712,85.75561201079582,86.27308952329793,5406500
2019-02-15,86.98736572265625,87.35907701642083,86.43344377360306,87.18415634431958,6209800
2019-02-19,86.95821380615234,87.35907948335851,86.33869867280214,86.65939121456708,4277800
2019-02-20,87.6651840209961,87.98587653335922,86.73226641480615,86.95820583362877,5940600
2019-02-21,86.83428955078125,87.69432386918453,86.28765771011713,87.51211325562983,5139400
2019-02-22,87.01652526855469,87.79638669713334,86.62294956245495,87.6651947951001,4517600
2019-02-25,87.18413543701172,87.7672060577345,87.00192482541837,87.0310791905485,5196600
2019-02-26,87.41737365722656,88.16808056337548,87.22787304498804,87.32262057079373,5445600
2019-02-27,87.5194320678711,88.40133106071657,87.38095017655017,87.67248836640178,5289800
2019-02-28,87.15497589111328,87.57770581943183,86.36053478026456,87.46108836584344,6406500
2019-03-01,88.94066619873047,88.94795618208413,87.58501844760733,87.74536471761967,7743600
2019-03-04,89.00626373291016,89.53102575414104,87.86198102937882,89.40712384193213,7499500
2019-03-05,89.85900115966797,89.90272993448522,88.61996545378,88.82404604439137,7345200
2019-03-06,90.03390502929688,90.88664934297145,89.13743194895994,89.77152130806985,7599900
2019-03-07,88.87507629394531,90.01206907123354,88.70015005080232,89.95376032351922,7201100
2019-03-08,88.641845703125,88.8677851467745,86.87804225194364,87.53400175357075,7014100
2019-03-11,90.09952545166016,90.52224993939068,89.46543037912264,89.55289349415024,6088600
2019-03-12,90.30359649658203,91.07616784960673,89.92459524219541,90.25986216068968,6184300
2019-03-13,90.86479949951172,91.05430011974924,90.30359318191225,90.81378074336632,4707000
2019-03-14,90.81378173828125,91.44058678386459,90.72632419000377,90.93039921682114,5146400
2019-03-15,91.33126068115234,91.4114338087147,90.63157248112151,90.80649314097234,10449700
2019-03-18,91.7467041015625,91.92891475079865,91.22922652500715,91.25838089616026,5586900
2019-03-19,91.30939483642578,92.50469618747954,90.91581918757235,92.24231242157725,5096800
2019-03-20,90.87938690185547,92.0819727609324,90.87209691877312,91.13448070345882,6708500
2019-03-21,91.73213195800781,91.8050151073737,90.7481955399986,91.0105793262181,5050400
2019-03-22,89.71322631835938,91.03243510785067,89.42897817026855,90.99599075629962,5786800
2019-03-25,89.5674819946289,89.90274898071956,89.14475187974685,89.59663637089271,3837500
2019-03-26,90.47123718261719,91.0397391270796,89.9246051888338,90.2088533807509,4079800
2019-03-27,89.49456787109375,90.72631342909561,88.93335605328299,90.36189219282303,3727800
2019-03-28,89.6622314453125,89.76427454471057,89.18119812834726,89.35611882900473,4057700
2019-03-29,89.77882385253906,90.71903139173224,89.27592072304273,90.58054953042112,5318600
2019-04-01,91.06159210205078,91.30210592308829,89.97561267354907,90.28173077777157,5506300
2019-04-02,91.05430603027344,91.4260173123913,90.4566553220779,91.25109108514305,4362700
2019-04-03,90.29630279541016,91.36041224784414,90.0412090158245,91.26566471846299,3595400
2019-04-04,90.95956420898438,90.98142859860714,90.04851090384884,90.38377785286335,3715400
2019-04-05,92.1402816772461,92.30062794159134,91.25109280087904,91.28753715573126,5551400
2019-04-08,92.32976531982422,92.81079846369678,92.0017884290305,92.39535847373223,5483100
2019-04-09,91.49891662597656,92.045548671293,91.19280401515024,92.045548671293,4143400
2019-04-10,91.46245574951172,92.2496070871782,91.20007197028956,91.93620454869772,3970000
2019-04-11,91.82687377929688,92.02366438702393,90.92311055004369,91.35312499697075,3248300
2019-04-12,87.28620147705078,88.91880753381037,86.73227947970028,88.61269494078577,42693700
2019-04-15,87.5631332397461,88.2045126066773,86.97277262290457,87.4756701421809,13369100
2019-04-16,88.3138427734375,88.42317025856113,87.50482716840028,87.77450089028831,11942900
2019-04-17,87.65789794921875,89.31237378204187,87.49755724651098,89.0645644039884,11898100
2019-04-18,87.35906982421875,88.05875801564689,86.80514792076951,87.84010302305109,9546500
2019-04-22,88.84590911865234,88.92608224505068,87.78908407095952,88.02960345015451,7946200
2019-04-23,88.933349609375,89.12285019548146,88.44502652270296,88.7219902010031,9079200
2019-04-24,86.20751190185547,88.50336747199097,86.06903001228872,88.44505872263356,22115000
2019-04-25,85.93054962158203,86.51362040571037,85.56612829626627,86.03987713130239,10636400
2019-04-26,85.34745025634766,86.36783080413363,84.2906309222355,86.29494767085463,11626700
2019-04-29,85.79935455322266,86.08360273162059,85.05593196308351,85.28187695766161,9404000
2019-04-30,87.50483703613281,88.86048465903475,87.20601447443266,88.26283397500694,21431500
2019-05-01,85.86493682861328,87.56314126100501,85.82849803842649,87.31533746947689,10097000
2019-05-02,84.82268524169922,86.35325888775525,84.74980210632198,85.47864458134798,9495600
2019-05-03,85.47136688232422,86.40429005535015,85.35475496108822,85.77748499190234,7364900
2019-05-06,86.29495239257812,87.34448180260055,85.6171286508049,85.63899303592227,11035000
2019-05-07,86.2002182006836,86.2002182006836,84.91016915039687,85.4932454975693,9165200
2019-05-08,85.6390151977539,86.35328347331378,85.56613204162618,86.27311033338476,6229000
2019-05-09,88.32841491699219,89.15200485217039,87.35905316101272,88.27739616986834,16496300
2019-05-10,88.91150665283203,89.11558168983662,87.33720953834823,88.31385594704956,8787900
2019-05-13,87.78179168701172,89.10828480261264,87.46838919241566,88.85319104204072,7701200
2019-05-14,88.65640258789062,89.10099696442421,87.8328125523356,87.94942446256255,6858500
2019-05-15,89.02082824707031,89.27592202639867,88.0952006590424,88.33571447347924,6945000
2019-05-16,88.91043853759766,89.46244869669201,88.71171173573457,89.05027729280525,8543300
2019-05-17,88.70435333251953,89.13860426049334,88.23330509510458,88.36578776283616,6870900
2019-05-20,88.93988037109375,89.21220742352071,88.71907966118425,88.84420062500011,4569700
2019-05-21,89.30786895751953,89.74948151795896,88.9840268592908,89.07970658587294,4859400
2019-05-22,88.74114227294922,89.38147600196727,88.57185670711557,88.98402806140473,5763300
2019-05-23,86.75389862060547,87.48991199635064,86.01052353880864,87.44574737537717,11000200
2019-05-24,87.37214660644531,87.53407044653558,86.39324747523513,87.07038404427958,4890800
2019-05-28,87.0777587890625,87.82113402539075,86.97471734426503,87.49728627583436,8145100
2019-05-29,85.94428253173828,86.37853335915075,85.24507204555844,86.1430092949846,7451300
2019-05-30,84.92123413085938,85.92221292266946,84.53114788110081,85.77501247136567,5807900
2019-05-31,83.79515838623047,84.78877575536781,83.6994786270216,84.06748547598646,6899800
2019-06-03,85.37019348144531,85.4511554054193,84.25145557387044,84.42073551284395,6100800
2019-06-04,86.33439636230469,86.61407950501268,85.59102106403107,85.81918348004713,5235600
2019-06-05,86.59199523925781,86.8716783666028,85.5762929469262,86.7539191186346,5105700
2019-06-06,88.82211303710938,89.17540200230603,86.93055848936528,87.0041587193078,7370100
2019-06-07,89.41093444824219,89.88198270222222,88.71171816021631,88.86628034211556,5343100
2019-06-10,90.0071029663086,90.35303025348998,89.58021373466612,89.94085882295948,5708800
2019-06-11,89.18275451660156,90.89766732061479,89.16803671733858,90.8019875870619,5625100
2019-06-12,88.46146392822266,88.74850874258841,87.99777183168,88.60130267410767,4000100
2019-06-13,88.99140167236328,89.71269181201413,88.66019220325447,89.23428187797106,3993300
2019-06-14,88.91779327392578,89.17540250317786,88.59395113729232,89.05763764233832,3366800
2019-06-17,89.34468078613281,89.67588462415557,88.6013055582842,88.85155307517891,4219100
2019-06-18,90.47813415527344,91.16998859917405,89.69059998384196,89.75683849936247,4884300
2019-06-19,90.44871520996094,90.88296617484635,89.95558742189753,90.16903205001566,3847100
2019-06-20,91.47177124023438,91.78089561107788,90.97128175705704,91.4938507502463,7771700
2019-06-21,91.9501724243164,92.88490715595013,91.43496518882344,91.8544926849642,14287900
2019-06-24,91.9354476928711,92.28136931614331,91.57479703987885,91.66312068016339,5542600
2019-06-25,91.00071716308594,92.08265800727034,90.89031400473975,91.88393119917963,4713300
2019-06-26,91.21416473388672,91.91337540055558,91.17736180813023,91.6852129838119,5054800
2019-06-27,90.6106185913086,91.41287057692207,90.44869472972202,91.20678770411631,3551700
2019-06-28,91.58952331542969,91.61896452977759,90.61798570329898,90.83143029581812,7048300
2019-07-01,91.8839111328125,92.61992454059985,91.53062784166309,92.26664124945046,5526900
2019-07-02,90.47813415527344,91.79559891221712,90.08068621613927,91.67047797267591,5747700
2019-07-03,90.78726196289062,90.80198537713265,90.03653068132708,90.47813764785488,2725800
2019-07-05,90.92709350585938,91.07429393550919,90.26468034176231,90.6326870312233,3458900
2019-07-08,90.97126007080078,91.33190508414556,90.83877742697292,91.01542469563466,3505200
2019-07-09,90.78726196289062,91.36871328803151,90.58117908620012,91.19207162448784,3955600
2019-07-10,92.32552337646484,92.45800601405918,91.34662419953652,91.34662419953652,4743500
2019-07-11,92.31818389892578,92.5021872945933,91.70729127762846,92.5021872945933,3548000
2019-07-12,92.72298431396484,92.92170549060222,92.09736833918392,92.28137171639302,3974400
2019-07-15,92.53163146972656,93.03212094655505,92.20042197773435,92.78187340047172,3739200
2019-07-16,91.82505798339844,92.57578938199342,91.45705118470053,92.36970647317669,4697600
2019-07-17,91.36871337890625,92.20776830074477,91.30983095255405,91.75144353485832,3874200
2019-07-18,91.76615142822266,92.03847840920275,90.7946139596314,91.35398571892232,5770700
2019-07-19,92.03114318847656,92.30347024782955,91.7072954006339,91.76617783757588,4880900
2019-07-22,92.22984313964844,92.55369085286051,91.61159454024754,92.27400776484633,3275800
2019-07-23,92.60523223876953,92.89963880600625,91.83977741008935,92.1783429970432,4295300
2019-07-24,93.1351547241211,93.4295612653972,92.48746482558381,92.64202699630279,4796900
2019-07-25,92.46537780761719,93.47371836584111,92.24457711768784,93.47371836584111,4586800
2019-07-26,91.05958557128906,92.18568525923537,90.75046126780126,92.17832355238937,6971700
2019-07-29,91.4349594116211,91.73672202610399,90.80934344547418,90.88294928761196,4377500
2019-07-30,91.51590728759766,91.81767548957839,90.80933506789101,91.3392656365052,3871700
2019-07-31,90.6106185913086,91.7735212196693,90.14693212749562,91.05222554951197,7199500
2019-08-01,88.86625671386719,91.08165862938942,88.54977072593545,89.79363517402432,7928400
2019-08-02,88.85890197753906,90.1910844604896,86.7244619530413,89.63171269333769,9026200
2019-08-05,87.39425659179688,88.72644507653153,86.44479833810384,87.72546609350655,8620300
2019-08-06,87.86530303955078,87.97570620449446,86.59200263450327,87.37953697527212,6788000
2019-08-07,87.65921020507812,88.17442304472318,86.07677999422293,86.51839260401515,6853700
2019-08-08,90.69894409179688,90.77254431711947,87.89472889970695,87.94624961896649,8868100
2019-08-09,90.1027603149414,91.18470092622043,89.71267410605016,90.6106113648079,5051700
2019-08-12,89.46244812011719,90.63270695449292,88.99139990328621,90.53702721572145,3936500
2019-08-13,90.08070373535156,90.30886615363431,88.54243801216847,89.0650069924749,5806400
2019-08-14,86.6582260131836,88.75586331901552,86.61406700106205,88.33633585784914,7175600
2019-08-15,86.07678985595703,86.73184152276984,84.98013114409511,86.29023447772072,6272600
2019-08-16,86.11396026611328,86.73857014252377,85.77935168190021,86.55267522394702,6239100
2019-08-19,87.22931671142578,87.60854387697518,86.96906499901418,87.0954721631767,6443700
2019-08-20,86.35191345214844,87.1401118368625,86.00243573855494,87.09549319463058,5150900
2019-08-21,87.65316772460938,87.90598775740433,87.24420231803121,87.58624827870229,4578400
2019-08-22,87.5416488647461,88.29266034823934,87.33344176366222,88.23317827813595,4362100
2019-08-23,85.64551544189453,87.78702306983936,85.02834289066993,86.6121713817177,7653400
2019-08-26,86.06190490722656,86.41882562626954,85.65293951399619,86.19574946773488,3966400
2019-08-27,86.12882232666016,87.02111553492959,85.54139378987573,86.45599347739262,4237100
2019-08-28,86.87242889404297,87.14754978769403,86.16602468428268,86.5601267413811,4153500
2019-08-29,87.38546752929688,87.62341276193993,86.68650659950515,87.1400905856469,4467300
2019-08-30,87.5342025756836,88.47111457954786,87.16985011370528,87.72753488478067,4881100
2019-09-03,86.45601654052734,86.50063518398666,85.17706411364908,86.08422665905888,5672500
2019-09-04,87.1847152709961,88.14393371465985,87.12522753656827,87.35574108921041,4595600
2019-09-05,87.4747085571289,88.53802767121302,87.19215033571012,87.74983506673894,5394300
2019-09-06,87.93572235107422,88.0695669018363,87.28880607688052,87.370600284183,4578200
2019-09-09,88.77597045898438,88.95442797948982,88.17367278161456,88.29264257093077,5048000
2019-09-10,90.60517120361328,91.67592762028197,89.16263066789243,89.40057590792303,8728800
2019-09-11,90.18133544921875,91.44542420766318,89.50468094468617,90.87286472307333,5509500
2019-09-12,90.28543090820312,90.85055297537073,88.90237244067251,89.25929313389993,5818300
2019-09-13,90.34491729736328,90.95465231475224,90.15158502168526,90.90260197203837,4885400
2019-09-16,92.29308319091797,93.14819501825157,91.4379656905234,92.84333039435565,10683900
2019-09-17,92.12208557128906,92.66490123071334,91.13312324104444,92.29311139285261,7246500
2019-09-18,92.33772277832031,92.3600292605203,91.47516764616972,91.86926963293256,4801500
2019-09-19,91.95104217529297,92.9251294888347,91.77257901363456,92.77641018745268,4034500
2019-09-20,92.44181060791016,92.81360038765128,91.95848275963432,92.2038653757983,10420700
2019-09-23,92.87307739257812,92.94743420533015,91.86924623777278,91.86924623777278,4705500
2019-09-24,92.01053619384766,92.73924668277544,91.6238773060706,92.70206543432714,6232100
2019-09-25,91.83953094482422,92.31542150213679,91.39338425647657,91.81722446136628,3762500
2019-09-26,89.3485336303711,91.83208694284023,89.2667394148766,91.65362941497158,7834400
2019-09-27,88.18856048583984,89.41546825345209,88.07702238459083,88.86522080650401,6850700
2019-09-30,88.18856048583984,88.79829567652921,88.04728418578368,88.14394751456564,6108300
2019-10-01,86.26268768310547,88.82803553047819,86.16601868563262,88.68675356374908,7116600
2019-10-02,83.49658203125,85.59347698117632,82.99838489332127,85.55629571945337,9702400
2019-10-03,84.13603210449219,84.16577596898739,82.10605731892576,83.32552739791865,5315300
2019-10-04,84.65654754638672,84.76808563578322,83.6898973420971,84.47065262174684,4757300
2019-10-07,84.21783447265625,85.32576658539469,84.19552799038931,84.73833796909373,4694000
2019-10-08,83.06529235839844,83.83861597140783,82.99093551875707,83.36272539002717,5323900
2019-10-09,84.12860107421875,85.14730723613808,83.50399689183027,83.7196299978483,4601700
2019-10-10,85.20677185058594,85.35549115384443,84.24755929161005,84.41857939903063,3555500
2019-10-11,86.36678314208984,87.02113123466951,85.77935449932569,86.02473716144165,5134200
2019-10-14,86.38907623291016,86.5452272646686,85.84626064083956,85.9429296174486,2571300
2019-10-15,86.48573303222656,87.4598260709794,86.10651155778801,86.14368713032782,3742700
2019-10-16,85.59344482421875,86.74599542785477,85.57113834479102,86.42625598557949,3608900
2019-10-17,85.77190399169922,86.29984481626062,85.45216454323956,85.96523627224884,3722400
2019-10-18,85.31832122802734,85.94293103845058,85.31832122802734,85.61575420094022,5679900
2019-10-21,86.70882415771484,86.8129248557311,85.92063153757388,85.92063153757388,3926300
2019-10-22,87.59366607666016,88.15878240371691,86.61957308835251,86.72367376297144,4095000
2019-10-23,87.72752380371094,87.75726199545001,86.83522487886097,87.29624627368656,4148500
2019-10-24,87.43009948730469,88.34469931000427,87.22932979827902,88.09188494374997,3873900
2019-10-25,88.24059295654297,88.37443751629814,87.51188809914663,87.5713701577671,3369100
2019-10-28,88.09930419921875,88.86519019863697,87.47469445119687,88.54545077748493,5076300
2019-10-29,87.83905029296875,88.53801688609468,87.51187914830147,87.72008051483385,4548400
2019-10-30,86.5229263305664,87.87624103227603,85.89831649043607,87.87624103227603,4690900
2019-10-31,86.35934448242188,86.52293292141877,85.74960936538245,86.15114307753954,7177700
2019-11-01,86.41138458251953,86.71625494140338,84.78294344413304,85.87600636315618,7684700
2019-11-04,90.39698028564453,90.62005645594527,87.01369051677169,87.1698472398198,10348800
2019-11-05,90.67210388183594,91.05132541682987,89.76493580569363,90.14416301375005,6971200
2019-11-06,89.15520477294922,90.82082166781002,89.08084793955648,90.67210800102455,6104700
2019-11-07,90.6349105834961,90.71670478755932,89.46749092093933,90.06978853898516,5440700
2019-11-08,89.92106628417969,90.12183024660764,89.34851258365012,89.95081014399516,4249800
2019-11-11,89.83185577392578,90.26313333281033,89.23699545728118,89.37827173321317,3870800
2019-11-12,89.9433822631836,90.75388692786576,89.58646725381267,90.18876487778972,4503600
2019-11-13,90.92493438720703,91.02160338915131,89.50469996057873,89.57161941755848,5076400
2019-11-14,90.68697357177734,91.41568412603812,90.27057078252119,90.60517935630737,4882800
2019-11-15,90.58935546875,91.15253531743451,90.19137595898015,91.02488259335016,5589600
2019-11-18,89.01996612548828,90.10877823760796,88.7120917166081,89.97361484109308,4885300
2019-11-19,87.44304656982422,89.20768116436544,87.16521487286664,88.9824069564356,8723000
2019-11-20,88.11137390136719,88.66704888630146,87.1952727011292,87.41303629323114,5903100
2019-11-21,89.18515014648438,89.3203135269445,88.00622733373369,88.31410170604444,5810900
2019-11-22,89.08003234863281,89.88350204124652,89.0575060711983,89.40292235943804,4786800
2019-11-25,88.8923110961914,89.52307554723376,88.59195307365529,88.92985871348944,7390000
2019-11-26,88.44927215576172,89.0274676062435,88.0062343675813,88.86226726925968,10053100
2019-11-27,88.65953063964844,89.06502083901644,88.32162500465608,88.59945674441718,4106100
2019-11-29,87.95365905761719,88.47178627441431,87.7659324693818,88.06629615635059,3271000
2019-12-02,87.70587921142578,88.65952792088977,87.64580531803671,88.5919490875484,5195200
2019-12-03,87.02253723144531,87.63076954718731,86.87986319038549,87.2553163687864,6135800
2019-12-04,87.81098937988281,88.08131612105225,87.42802554173264,87.58571518592136,5706700
2019-12-05,87.35295104980469,88.41172619368402,87.24782460229785,88.32162108379914,5517500
2019-12-06,88.61446380615234,89.57562305915349,87.84103114878303,87.92362558021686,6735300
2019-12-09,88.08132934570312,88.52436140366115,87.43554933694679,87.49561749925593,4736100
2019-12-10,88.52436065673828,88.67453965468637,87.89360199060243,88.62948710109424,4886800
2019-12-11,87.27783966064453,88.3516358728543,87.20274444929089,87.9236137923956,7039600
2019-12-12,89.2151870727539,89.27526095938275,87.54817395705129,87.54817395705129,6462000
2019-12-13,88.57691955566406,89.76335306001592,88.53186700427086,89.39541052272851,4863400
2019-12-16,89.6281967163086,89.71079688632442,89.06501686381618,89.25274348131364,5619300
2019-12-17,89.05748748779297,90.02615731807872,88.85474530422641,89.80088313281766,6755500
2019-12-18,89.01996612548828,89.8384514445782,88.99743411860094,89.11758190615275,7496700
2019-12-19,88.70457458496094,89.162627965947,88.50183236944056,89.03497524769486,6220300
2019-12-20,89.86847686767578,90.0637141329314,88.67453273006619,89.65822399538254,12171100
2019-12-23,90.35657501220703,90.40913823484453,89.47050516705951,89.59064722067598,5875000
2019-12-24,90.36408233642578,90.69448301827244,90.17635571791504,90.43166689814976,1640100
2019-12-26,90.55931854248047,91.17506161468505,90.36408125745122,90.61188176587738,3648600
2019-12-27,90.33404541015625,91.07744116836948,90.28898712886722,90.77707745194188,4138300
2019-12-30,89.99613952636719,91.11498856557469,89.96610258001078,90.43917732392185,4580200
2019-12-31,90.49172973632812,90.58183483567029,89.54558609050801,89.7333126860856,4215700
2020-01-02,91.18258666992188,91.33276569504731,90.68698557487527,90.71702252569287,5205000
2020-01-03,90.8671875,92.15123679088985,90.66443955835557,91.44538292273141,6360900
2020-01-06,90.55931854248047,91.36278823095428,90.35657631765285,91.03989822181275,9953000
2020-01-07,89.40291595458984,89.9060276067515,88.43424599156992,89.37287901050846,7856900
2020-01-08,88.38169860839844,89.42545825416792,88.3441567182907,89.01997375881541,7295900
2020-01-09,88.239013671875,88.54688232031735,87.24030677356349,88.2990818305478,7345300
2020-01-10,87.43553924560547,88.3741722047726,87.4055023034368,88.24651376831557,6393800
2020-01-13,87.60073852539062,87.78846511500036,87.16521146254543,87.45806448401974,6846700
2020-01-14,87.33041381835938,87.76593516241891,86.88737607746992,87.4805928019715,7189100
2020-01-15,87.20277404785156,87.41303269046381,86.84234211844074,87.3304325131067,5808800
2020-01-16,87.7734603881836,88.06631346507183,87.44305969468427,87.5256598680591,7022000
2020-01-17,86.78977966308594,88.0738291648535,86.74472137478656,87.86357624933072,7885900
2020-01-21,85.08519744873047,86.46686812418828,84.980071017104,86.42932051476703,8470300
2020-01-22,84.7773208618164,85.25038975971925,84.44692026260535,84.92749982747944,5589900
2020-01-23,84.9275131225586,85.22036616171877,83.9963907859714,84.40188093149193,8007800
2020-01-24,83.9888916015625,84.83741962039599,83.60592767915944,84.69474555090109,6920000
2020-01-27,82.892578125,83.22297885831931,82.58470940174007,82.78745166057342,7609800
2020-01-28,83.44071960449219,83.81617279717608,83.17789778644462,83.33559316885759,5771900
2020-01-29,82.87754821777344,83.98137590384522,82.73487415682142,83.6885228421786,4772800
2020-01-30,83.65098571777344,83.78614911769455,81.89386151879907,82.45704139697668,8382700
2020-01-31,80.45211029052734,82.5997030275608,79.89644116517832,82.45702897997292,13699600
2020-02-03,79.80633544921875,80.53471561194665,79.14553984508532,80.3094413885804,8785500
2020-02-04,80.23434448242188,81.35319336952514,80.04661788993658,80.85759814442368,9909000
2020-02-05,82.80995178222656,83.08778919556448,81.18048636939581,81.30062840694679,6914100
2020-02-06,82.21673583984375,83.10280557474576,81.9313934851658,83.07276863283846,6274000
2020-02-07,81.80374908447266,82.17920230299296,81.45082214242973,81.79623841599303,4830100
2020-02-10,82.4420166015625,82.44952726987735,81.33818324669471,81.50338357585333,6011800
2020-02-11,83.50830078125,83.62844855619407,82.64475726796351,83.18541079728936,6072700
2020-02-12,84.13155364990234,84.55205940016707,83.80866366910301,84.48448057414359,5725700
2020-02-13,83.84620666503906,84.3493125498336,83.52331670201434,83.62844313379347,5991900
2020-02-14,83.62591552734375,84.30203301044803,83.24607398421001,84.20327049984319,5148700
2020-02-18,83.74746704101562,83.77025660768035,82.67631683631704,82.80546157803205,4975800
2020-02-19,84.12728881835938,84.40077514584775,83.4815594657589,83.96015764090305,5887500
2020-02-20,83.42079162597656,84.37799386613399,83.33722602904655,84.15768509203862,4466600
2020-02-21,82.81304931640625,82.9497924946227,81.7798799245312,82.79785240998132,6443900
2020-02-24,79.54639434814453,81.2556808427317,79.32608561555395,80.30607723462772,9539800
2020-02-25,76.50765991210938,79.70592404787766,75.9682857785918,79.6147658143323,12871900
2020-02-26,74.47932434082031,77.1913925036566,74.44893632436101,76.62163023586812,11990400
2020-02-27,71.50895690917969,74.60086640976125,71.47097623768549,72.89157970265033,15783700
2020-02-28,70.90880584716797,70.98477878112921,68.45503309253722,68.85006568789856,20835100
2020-03-02,73.3777847290039,73.44615921897804,70.05037497892346,71.42539947680113,15050800
2020-03-03,71.70648193359375,74.81358859197798,70.9316077802797,73.52972239517709,16525500
2020-03-04,74.8515625,75.22380553439774,72.67886873071164,73.21065029005811,14753000
2020-03-05,73.8335952758789,73.98552956296597,72.12430846450259,72.70926184530146,12814400
2020-03-06,72.4129867553711,72.97515057911957,70.96958782787273,71.34942934585011,16861900
2020-03-09,61.283634185791016,66.85971114455462,60.77464790064441,62.46874376108059,30595500
2020-03-10,64.557861328125,65.5606426164912,61.56470857221816,65.5150576970738,22642900
2020-03-11,63.076473236083984,64.45149749527359,62.104080005546315,62.46873036495836,18412800
2020-03-12,57.93341064453125,59.354013739109746,55.35048802358898,58.6703038712624,25768200
2020-03-13,63.37275314331055,63.433529173060315,56.300106415955135,60.7594476192037,23497500
2020-03-16,52.94990921020508,59.627524286435445,52.94231655234662,55.130201771443,17535300
2020-03-17,53.701995849609375,55.44167070339347,49.75164057161001,53.48168707292004,22684200
2020-03-18,41.820552825927734,50.31381275997103,41.4559052965777,50.2986158527087,24947300
2020-03-19,43.59820556640625,44.43385857950021,39.19964043607845,41.98008001470773,29871000
2020-03-20,45.1175651550293,46.07476719343785,42.81572698783757,45.223920293083545,26960400
2020-03-23,41.19001770019531,45.12517630317478,40.24041384615511,44.2591351540029,23764000
2020-03-24,50.556907653808594,51.3925578224828,45.82407985582264,46.70531204928228,29198800
2020-03-25,52.62324523925781,55.56322089219979,50.62528079357827,51.87875905472044,22560100
2020-03-26,58.02458190917969,58.57155456311663,51.5748752560021,53.40571395621207,24129100
2020-03-27,52.2509880065918,55.86708016922199,52.038277725717165,54.788331861403215,20411500
2020-03-30,54.65919494628906,55.403686910245426,50.91395715344089,51.66604757100794,18486800
2020-03-31,55.04663848876953,57.00662234039594,53.793160174546955,55.66197996472948,18514200
2020-04-01,52.083866119384766,54.91748634087548,51.362169567050685,52.80556846764034,14362000
2020-04-02,57.827064514160156,59.78704199395945,52.85873764580823,54.50724815005732,23220600
2020-04-03,57.059783935546875,60.0073515450728,55.47964208890754,59.25526708568914,14905400
2020-04-06,61.07090759277344,61.496328160166314,57.36365714397131,58.495583037024815,17334900
2020-04-07,61.47355270385742,65.09724419762817,61.420375120733326,64.01089717444582,16394800
2020-04-08,65.31755065917969,65.56064900137018,61.92935918326241,62.51431837273186,12284800
2020-04-09,64.04886627197266,68.30309533652733,61.92935019188854,67.41426189938696,17023800
2020-04-13,64.50468444824219,66.3659054260955,63.35756152852922,66.2291622582097,13854700
2020-04-14,64.27677917480469,66.15319711452054,64.06406886188361,64.92250856643547,14797600
2020-04-15,62.666255950927734,63.342373431740214,60.25806196664411,61.12410021837968,13982300
2020-04-16,60.76702880859375,62.43833453579193,59.87060282467402,61.76980992654462,12291900
2020-04-17,66.2215576171875,66.47225436753745,61.777413770084834,61.78501222201318,16130100
2020-04-20,63.48670959472656,66.0924225788084,62.36237617766323,62.79540106209175,15749000
2020-04-21,62.02051544189453,63.65383494009111,60.20487365894513,60.987346168426974,19620600
2020-04-22,64.14764404296875,64.76298551101763,63.03090893730805,64.53507825829912,10320700
2020-04-23,65.94048309326172,67.44465210485343,64.86932734010674,65.56064161414366,14226500
2020-04-24,66.10002899169922,67.45226399949173,65.158017762695,67.21676409020176,9175500
2020-04-27,68.15116882324219,68.8424832122635,65.23398856045127,65.90250758836036,12037100
2020-04-28,68.30308532714844,69.10074881291936,67.48262648813838,68.02959904747841,10645200
2020-04-29,71.88121795654297,72.27625062354717,70.11115491917705,70.25549656477578,12342800
2020-04-30,69.89081573486328,72.73202770818392,68.81206757867197,71.19747104334047,12222000
2020-05-01,67.946044921875,69.92881788560838,66.12280468217614,69.51858839698207,13250100
2020-05-04,69.46540832519531,69.60215148315517,66.6165973642988,67.42945785997111,11192400
2020-05-05,70.56694793701172,72.3977866071542,70.40741521488691,71.79003793588943,13608700
2020-05-06,68.40945434570312,70.99997028144335,68.19673824372954,70.53656320214863,11145900
2020-05-07,70.37702178955078,71.4557700919623,69.82245653089603,70.63531698354703,9749600
2020-05-08,72.52693939208984,72.59530808236161,71.46338199690848,72.16988744265767,8585900
2020-05-11,70.93161010742188,71.86601703484149,70.78726846988475,71.56974110215509,7101000
2020-05-12,69.2071304321289,71.43300218495973,69.13116328001662,70.7492862241048,8749100
2020-05-13,67.38388061523438,68.37147084582034,66.33552014879683,68.29550370406483,12215100
2020-05-14,68.40945434570312,69.07797327842809,65.34792708212483,66.31272770790413,10678200
2020-05-15,67.73336029052734,69.93643704426219,67.48266343093469,68.86528669242931,10113000
2020-05-18,71.34085845947266,71.99606773914311,70.50064434616932,71.22523190870477,12304300
2020-05-19,69.08230590820312,71.40251741155728,69.01292762868525,71.3254350084344,7749300
2020-05-20,71.68772888183594,72.05002264617892,69.51397217678843,70.14605729297925,9160000
2020-05-21,70.94770812988281,71.97292087198699,70.36187143710775,71.51041481500157,8830900
2020-05-22,69.59105682373047,70.60855986994102,68.96668169203622,70.49293332084675,8563100
2020-05-26,71.91897583007812,72.72063981252555,70.9400111614002,71.29459489083152,9430000
2020-05-27,72.38146209716797,72.99042291074379,71.00166570402914,72.98271290826571,7822600
2020-05-28,70.04584503173828,72.38147635699394,69.98417676178191,72.15793328915956,9633300
2020-05-29,70.68563842773438,70.83209910734824,68.80480313016336,69.5216806383103,17010000
2020-06-01,71.52586364746094,72.34294781703261,69.46002320655326,70.09981841303468,7344000
2020-06-02,72.99042510986328,73.39896703837918,71.91125408975911,72.28896188844244,7880300
2020-06-03,74.90982055664062,75.3337825836359,73.80752516746317,73.97710997826128,8440200
2020-06-04,74.216064453125,74.68627472720357,73.35273218413616,74.60148232492645,6371700
2020-06-05,77.70793914794922,78.66377957786203,76.35127265305678,76.37439678134336,12760100
2020-06-08,79.58106994628906,79.85086124449191,77.75419324059465,79.11085973470301,11090700
2020-06-09,78.262939453125,79.34211049588568,76.95252125327859,77.62314447793722,10745400
2020-06-10,75.21813201904297,78.23980586873846,75.20271201516229,77.85438810583827,10486300
2020-06-11,68.88959503173828,72.60502321597029,68.6968860888196,71.14814407798578,14944800
2020-06-12,71.21751403808594,72.18876872385083,69.38292708142782,72.16564459245333,9532400
2020-06-15,70.32334899902344,70.97855821906906,67.99542170957793,68.67375506147064,12289500
2020-06-16,72.481689453125,73.6764872975087,70.52376581215988,73.22169111662977,8726700
2020-06-17,70.56231689453125,72.4585724464511,70.53148275372634,72.32753175878847,6019900
2020-06-18,70.87065124511719,71.86503021577781,69.45231019669048,70.1460636507573,7064100
2020-06-19,69.8608169555664,72.77457999000696,69.79915458715585,72.77457999000696,14838800
2020-06-22,70.60086059570312,70.67794889415636,69.05918872282206,69.62190154406869,5939200
2020-06-23,70.4852066040039,71.757080593329,70.28478770854915,71.30229042861443,6317700
2020-06-24,67.55604553222656,69.47542492783882,66.95479458042105,69.36750839192553,8974500
2020-06-25,68.7662582397461,68.99751132282657,67.1860484420636,67.30166910259362,7398000
2020-06-26,66.6464614868164,68.47334442050007,66.43062840726094,68.43480027871787,13766000
2020-06-29,67.57916259765625,68.27291588527812,66.75436865598623,66.99333171567291,7022200
2020-06-30,68.78166198730469,69.36749279885689,66.56936173636333,66.75436063048463,8263600
2020-07-01,67.54063415527344,69.96876219321845,67.48667588511934,68.82021851078947,6379400
2020-07-02,68.07249450683594,69.65270994492595,67.95687386391025,68.88958429656981,5832800
2020-07-06,68.2729263305664,69.56793070525083,67.69479948260033,68.98980385728476,6747500
2020-07-07,66.53083038330078,67.89521292715234,66.4074997238679,67.69479398943773,5898000
2020-07-08,66.56168365478516,67.6793993201024,66.20709982058467,66.59251779876062,6736400
2020-07-09,63.77895736694336,66.53855115533524,63.74041910257574,66.26875978071836,8833600
2020-07-10,65.6983413696289,65.84479618045097,63.59395693433878,63.59395693433878,6218100
2020-07-13,65.82935333251953,67.00873071473346,65.37455732624272,66.32268758545858,7074000
2020-07-14,68.10334777832031,68.29605674536764,65.55188293653731,65.82167431420137,7440500
2020-07-15,68.51957702636719,69.5216656735835,67.99540857537863,69.51395567078704,5935200
2020-07-16,68.11105346679688,68.97439170161431,67.33250764258698,68.1727217437861,4795700
2020-07-17,67.20915985107422,68.68916283578723,66.99332681759638,68.14958025209262,5964000
2020-07-20,65.72915649414062,67.44041266157761,65.36686866101594,66.93166416588556,14974800
2020-07-21,70.44667053222656,70.70875771488278,66.56936810144478,66.65416049456803,15115000
2020-07-22,70.1768798828125,70.33875466728458,68.52729202465775,69.33666594701812,10317500
2020-07-23,70.15373992919922,70.43894529802661,69.39060855610082,69.76061218072502,6586300
2020-07-24,69.47543334960938,71.48731539745935,69.35981267640832,70.51606645650553,6620500
2020-07-27,70.1768798828125,70.21541813758617,68.45020963410097,69.19021116926305,7599700
2020-07-28,68.68917846679688,70.27709832959816,68.42709123721205,69.73751562311533,6787300
2020-07-29,69.42918395996094,69.43689396505354,68.28064020361464,68.97439363668012,6386900
2020-07-30,66.5,68.21896637309075,66.06062384165101,68.16500810385527,10112800
2020-07-31,64.7039566040039,64.82728726943748,62.83082544221292,64.17207803923294,19119800
2020-08-03,65.37457275390625,65.62894994214166,64.59603294410879,64.7347836030545,11220100
2020-08-04,66.66958618164062,66.84688100191919,64.96603978248737,65.12021046990579,9077900
2020-08-05,67.21688079833984,68.16501143960163,66.6079256790295,67.94146834725518,7324200
2020-08-06,67.42499542236328,67.75645498796838,66.36894846194487,66.62332563855072,7035600
2020-08-07,66.9085464477539,67.14750365188549,66.09145654151182,66.97020883910356,7185000
2020-08-10,69.16709899902344,69.19022313208764,67.52521497933994,67.78730220975856,8150200
2020-08-11,69.08230590820312,71.69543877683883,68.73542627263453,70.87834883690707,9074300
2020-08-12,69.93023681640625,70.65482447569893,68.95127188765828,69.9919051025187,9057400
2020-08-13,69.23646545410156,70.36188492101942,69.19021719194369,69.27500959323976,7314600
2020-08-14,69.64501953125,69.83001849297632,68.4887657286913,68.60439228514936,6343000
2020-08-17,69.96875762939453,70.59313857874905,69.15938362987569,69.64500802958699,10473800
2020-08-18,68.52215576171875,69.88275066261821,68.27975359737445,69.56997001991277,7981500
2020-08-19,67.55255889892578,68.73330330181827,67.40398671227551,68.26413519730747,9120300
2020-08-20,66.31705474853516,67.94350916756527,66.254503398414,66.79404384224874,7872300
2020-08-21,66.52819061279297,66.53600580369039,65.30053150711147,66.2075888121616,9003600
2020-08-24,68.18592071533203,68.2953930503876,66.37962122112019,66.93480405341485,8738700
2020-08-25,67.34922790527344,68.8427525313201,67.05991075368941,68.81929502884509,6835800
2020-08-26,66.29359436035156,67.12245787986292,66.19976435635782,67.02080672027178,7486500
2020-08-27,66.39525604248047,66.95825400246302,65.66022247651708,66.59074318527549,7438200
2020-08-28,66.95825958251953,67.03645921878973,65.93390877796213,66.50473390744348,7307900
2020-08-31,65.62895965576172,67.16939966726204,65.58204463922323,67.11466349270194,9437500
2020-09-01,64.96430969238281,65.39437796585806,64.47167811543639,65.10506071925379,8990600
2020-09-02,65.05030059814453,65.65239834572317,64.66714152025516,64.94864347038887,10821900
2020-09-03,64.3387222290039,66.06682771431922,63.89301181845466,64.94082592049638,16179900
2020-09-04,64.06505584716797,65.4021873794185,63.259649658075105,64.4794876946977,10516600
2020-09-08,61.75048065185547,63.009418349743285,61.02326822988173,62.946861031213565,14942500
2020-09-09,62.57936096191406,63.39258842269397,62.305680077467905,62.53244594337925,9269800
2020-09-10,61.10929489135742,63.25183275686642,61.03110121094235,63.048524415150915,11845900
2020-09-11,60.74959182739258,61.53154046838033,60.264781522294086,61.17966000045903,13732400
2020-09-14,60.43681716918945,60.976363694012775,60.1474939956561,60.585389334759995,8182800
2020-09-15,59.701786041259766,61.36734070166507,59.396826505145235,60.64794331558888,11732000
2020-09-16,61.42987060546875,62.14926774020193,59.39680575308571,59.70176518265349,13019000
2020-09-17,61.60973358154297,61.65664859052319,59.7174193192752,60.62447663239581,10515100
2020-09-18,61.15621566772461,61.89124945762068,60.60103272894208,60.898171128829695,14517800
2020-09-21,59.66269302368164,59.936373897666385,58.39593387950074,59.61577204114453,16199100
2020-09-22,59.060577392578125,60.624474608177366,58.91982640454242,59.54538767709989,9155000
2020-09-23,56.26119613647461,59.357717663652814,56.183002474146555,59.10748839893261,16649200
2020-09-24,56.1439094543457,57.1057028501817,55.127373931698855,55.71383535650416,15203500
2020-09-25,56.1673698425293,56.67563762996606,55.33850026281285,55.52617222376436,11070500
2020-09-28,57.809471130371094,58.45849002246424,57.19955206196375,57.58270527774353,12863800
2020-09-29,56.222103118896484,57.97366623725928,55.604363035527854,57.86419391522374,10553000
2020-09-30,56.300296783447266,56.99623053031246,55.995337319800456,56.49578392505646,10466500
2020-10-01,55.06482696533203,56.20647137099013,54.759867444372446,55.917154165143735,14930700
2020-10-02,55.66693115234375,56.0422631961982,53.81371054270218,53.89190422135559,9854800
2020-10-05,56.847660064697266,56.87112353364715,55.291584042168914,55.92496049054696,12049800
2020-10-06,56.534889221191406,58.11442285359228,56.495789402760884,57.7390848803613,15294500
2020-10-07,57.69218063354492,57.80165298661916,55.95625336937378,56.433242607395435,15410300
2020-10-08,58.818172454833984,59.07621691500934,57.8563730877232,58.16915370922719,11590900
2020-10-09,57.864200592041016,59.49847042085634,57.848564243857744,59.31862557067211,12260900
2020-10-12,58.26300811767578,58.6070615409612,57.238651109036724,57.574889339512865,9056900
2020-10-13,57.39502716064453,58.44283539783211,56.910216891707364,58.44283539783211,10440300
2020-10-14,57.043155670166016,58.200442379058266,57.01188297185111,57.30120017472779,7057500
2020-10-15,57.48103713989258,57.64524561252391,55.82330413660519,56.15954223745803,10052100
2020-10-16,56.9962272644043,57.88764810179988,56.51141703330745,57.48885268534593,9305600
2020-10-19,55.737300872802734,57.348113242147605,55.66692835528921,57.16826838686084,8357100
2020-10-20,56.050086975097656,56.52707619272464,55.54964024935714,56.22993781362732,7753200
2020-10-21,55.41669464111328,55.971877383244454,55.30722232383636,55.61999696417392,9800600
2020-10-22,57.39502716064453,57.46539966950299,55.18211123991679,55.42451339148826,9810100
2020-10-23,56.746002197265625,58.14569072300316,56.16736197982006,57.809452630610416,8727200
2020-10-26,55.47144317626953,56.21429206150283,54.92407550196509,56.089183370612936,9710900
2020-10-27,54.35325622558594,55.205577451561545,54.33761391062031,55.06482644584688,14251700
2020-10-28,52.296722412109375,53.235064350912616,51.86665424356151,52.93010486139509,15961900
2020-10-29,53.79805374145508,54.063913340966685,50.95176196678971,51.71024692375737,12292200
2020-10-30,54.34542465209961,54.82241374861177,53.235059134163826,54.658205267716546,17191600
2020-11-02,56.4176025390625,57.144815102735066,54.26724351340437,55.28377329151096,11475500
2020-11-03,56.096981048583984,57.316824707242176,55.55744066601324,57.20735239971806,8608000
2020-11-04,56.12045669555664,57.543603119364874,54.650395257865306,55.34632913750918,10925700
2020-11-05,56.40977478027344,57.05879358749743,56.11263644282141,56.22210877587188,10627700
2020-11-06,55.63564682006836,57.29337411550929,55.385423494390785,56.691276288839546,8366900
2020-11-09,62.08672332763672,65.89480939359495,61.195302353599224,62.555891319373075,24015200
2020-11-10,64.95645904541016,65.0190163546861,62.32911171375424,63.4472982624399,15039700
2020-11-11,64.47947692871094,66.06683153589321,63.96339398623015,65.76187207765592,11640600
2020-11-12,63.07979965209961,64.30745886185888,62.485522940607595,63.322207803745506,8920700
2020-11-13,64.9251937866211,65.17541710955943,63.36129652680782,63.45513251008267,10890300
2020-11-16,69.5621337890625,69.73416340356121,66.88787150674592,67.43523303852069,18980200
2020-11-17,69.06227111816406,69.45106207587344,67.30873763542812,68.55446079074626,14329000
2020-11-18,66.87235260009766,69.74466042626034,66.84854993071264,69.32413045758325,10583700
2020-11-19,68.02283477783203,68.20532586334919,65.90430735260668,66.2931042894615,8820200
2020-11-20,68.0704574584961,68.4830511056889,67.34841100893742,68.01491588957443,8294600
2020-11-23,72.22815704345703,72.66455940893502,68.84010923233723,69.38758868207317,13379300
2020-11-24,75.8701400756836,76.0288285931694,73.79128659657762,74.10073344318018,17257400
2020-11-25,73.10888671875,75.12426158774171,73.10888671875,75.12426158774171,10556600
2020-11-27,72.45033264160156,73.46595349167764,71.83937530489504,72.4662051225215,4627700
2020-11-30,69.17333221435547,72.08530745727663,68.95116602357643,71.4188088849395,14288400
2020-12-01,69.38758850097656,71.18079723411009,69.08607799243678,70.83961158205695,9913600
2020-12-02,71.30777740478516,72.45034807776628,69.10990445458698,69.23686011468436,10509600
2020-12-03,71.25220489501953,72.2916281832693,70.67298054095905,71.87109833546066,8249800
2020-12-04,74.013427734375,74.14831353365528,72.1408748086335,72.37891355736788,10791100
2020-12-07,72.01393127441406,73.29932367512068,71.3156874482748,72.85499109745196,9398400
2020-12-08,72.6328353881836,73.36281217313139,71.56167288037872,71.68068622846286,7627300
2020-12-09,71.76004791259766,73.80715652081895,70.91105159134261,73.15652388260087,11129400
2020-12-10,74.06897735595703,75.02905658738176,72.0297995057986,72.64076286898184,11992100
2020-12-11,73.35486602783203,74.01343471501066,72.2281620918539,73.41834384062507,9584500
2020-12-14,70.96656799316406,74.34667959387575,70.80787347091047,74.10864689086091,12198400
2020-12-15,70.91101837158203,71.7917531959537,70.43494091245847,70.95068745745809,11775300
2020-12-16,70.3714828491211,70.89515968098684,69.70497790888216,70.77614029306086,9892900
2020-12-17,70.14932250976562,71.05386024908096,69.46695108486767,71.04592400825803,11748900
2020-12-18,69.1812973022461,70.38734543526525,68.44338440166116,69.8081270611152,27427600
2020-12-21,68.3084945678711,68.90358543911272,66.27725299784446,66.9278854415922,11430500
2020-12-22,66.93582153320312,68.07839794059967,66.88821620075406,67.79275383875053,8585800
2020-12-23,67.99111938476562,68.76077123353633,67.44363383180965,67.44363383180965,7223100
2020-12-24,67.70547485351562,68.18154634923859,67.29287511793221,68.18154634923859,3335600
2020-12-28,67.36428833007812,68.73696122648816,67.14212203842176,67.9276402992289,8051900
2020-12-29,67.13418579101562,68.01492077111165,66.68985320775184,67.64993242720533,7670800
2020-12-30,67.70547485351562,68.69729299192909,67.07864506360902,67.13418663721707,7901800
2020-12-31,67.0072250366211,67.60231586662155,66.61843405602235,67.36428316676755,8350700
2021-01-04,67.2135009765625,68.19738243717138,66.56286880935059,67.56262274311638,9234900
2021-01-05,69.03053283691406,70.79200257442828,67.69752920205818,67.83241499727191,13414800
2021-01-06,71.25220489501953,72.02978678813606,69.68116257779661,70.617438977165,13916800
2021-01-07,71.58546447753906,72.06153595697413,70.86341799176033,71.72035028688983,9286600
2021-01-08,72.26782989501953,73.33899214935596,71.76794973703954,73.06128431357642,11152100
2021-01-11,72.680419921875,73.07714711146338,70.27625412154168,70.71265645151949,10635000
2021-01-12,74.06102752685547,74.52123251143537,72.76769909113233,73.5214843700635,10923900
2021-01-13,73.98961639404297,74.20384639992139,72.95019315717987,73.94994125604734,9723300
2021-01-14,75.7669677734375,76.42553645489387,74.41809755798137,74.53711694253983,13950200
2021-01-15,73.06922149658203,74.83069144303589,72.76771096794424,74.75928344424432,10244600
2021-01-19,74.98937225341797,75.40196585151382,74.02135697862136,74.1879816655587,9574800
2021-01-20,75.67967987060547,75.82250190734888,74.82275370372176,75.37816937240349,8735400
2021-01-21,73.0057601928711,75.1084161152415,72.37893032598615,74.47365000727291,10393100
2021-01-22,72.78358459472656,73.0216173146933,71.27601982062734,71.72828864749935,7810600
2021-01-25,72.12500762939453,72.22815452419302,70.8792844383437,71.90284136147363,7689400
2021-01-26,70.9030990600586,73.71986513350396,70.83168500271046,73.15650707595265,7827800
2021-01-27,69.98268127441406,71.68860958202367,68.83217472352094,69.45106823661253,10178500
2021-01-28,70.63331604003906,71.52992348807697,70.02235874628012,70.35560817923954,8155500
2021-01-29,67.6023178100586,69.30030987618777,67.38015152904389,68.89565245872974,14699800
2021-02-01,68.5624008178711,69.26857478262808,67.10244150569719,68.22914535355923,8073600
2021-02-02,69.07813262939453,70.11756192710551,68.65760279943392,69.83191788155186,9233100
2021-02-03,70.58570098876953,70.92688661465287,68.94325066267449,69.07020626931784,9256500
2021-02-04,70.61743927001953,71.13318582371811,69.78430975607748,71.02210269566936,7917600
2021-02-05,70.82373809814453,71.78381715042703,70.33179421406263,71.36328730683628,8017300
2021-02-08,72.58521270751953,73.02954524375285,71.41883374633028,71.64100001444694,9886600
2021-02-09,72.172607421875,72.41857633484024,71.26013370268844,72.28369054731584,7605500
2021-02-10,73.41038513183594,73.46592668763583,71.8869544125455,72.50584776390878,8778800
2021-02-11,73.01366424560547,73.34691966247038,71.4743669731673,73.29137810192223,8572400
2021-02-12,73.4342269897461,73.57704906249211,72.48207782024657,72.62489989299259,7858300
2021-02-16,74.9389419555664,75.52635396894546,74.52051610566751,74.87457299806843,14006000
2021-02-17,77.18397521972656,77.8277139280387,75.79994129425855,76.7816400618183,14342300
2021-02-18,76.44367218017578,77.07131398002323,75.88040547240158,77.04717485528244,9030600
2021-02-19,77.08741760253906,77.55412171325054,76.16204552482536,76.54828383294156,8913900
2021-02-22,79.1715087890625,80.17734664453808,77.61849489464231,78.04496916310043,13178700
2021-02-23,80.16930389404297,80.59578433181808,77.89209149390422,80.4428950024431,14874000
2021-02-24,83.13048553466797,83.71789754645714,80.31413952511242,80.73257151302592,16116000
2021-02-25,82.3580093383789,84.45819944922546,81.74645815160792,84.40992119260981,13219200
2021-02-26,80.46702575683594,81.31997426533141,78.54386433237931,80.70842928976519,14454100
2021-03-01,82.11661529541016,83.52478847002617,81.59357831700892,82.44652696110617,10439900
2021-03-02,82.430419921875,83.13047908949133,81.84300795562838,81.98784884188463,10643500
2021-03-03,83.35580444335938,85.09389546779039,83.2029212407802,83.21096966380479,14958200
2021-03-04,84.08804321289062,86.56642911782373,82.98564273292537,84.10413391706557,22994200
2021-03-05,87.70906829833984,87.81367323392364,85.41575902479075,86.06754004486586,23638200
2021-03-08,88.31257629394531,88.85975241085413,86.95268135505107,88.40109052897085,18033600
2021-03-09,88.11140441894531,89.0689641118611,86.80783622566777,87.76539591858355,19010700
2021-03-10,89.61612701416016,90.1311154776356,88.27232304498048,88.67465816576735,17389900
2021-03-11,89.4712905883789,90.56564266264259,89.2298870482057,89.84143818127001,10989500
2021-03-12,89.76900482177734,90.68632835122996,89.09308480603178,89.83337991065207,10930300
2021-03-15,88.71490478515625,90.05066049333804,87.62055263408963,89.74488183577246,10488000
2021-03-16,86.61470794677734,87.61249736924137,86.16409455711236,87.33086400070076,11698400
2021-03-17,86.92852783203125,87.35500209064135,85.77784910637243,86.26869845964173,9168600
2021-03-18,83.78227996826172,86.52620269941008,83.4523621743632,86.10777681405948,13246600
2021-03-19,83.18682098388672,84.40187496656361,82.67183243609276,83.63744056756725,18491000
2021-03-22,82.51089477539062,84.08804785491918,82.32581790185355,82.92932063765441,12508500
2021-03-23,82.0522232055664,83.92710628904588,81.02224630761188,81.63379125380577,14781700
2021-03-24,84.24897766113281,85.1019323507844,82.80862323159515,82.87299218961927,11026800
2021-03-25,84.54669952392578,84.699588829808,82.13268887094705,82.76033065845807,11138200
2021-03-26,86.48597717285156,86.53425543225703,84.78007371713262,85.72958503337699,9820200
2021-03-29,86.03534698486328,86.52619635889384,85.05364823680218,85.61692113017433,7542300
2021-03-30,85.23872375488281,85.96292824107516,84.96513266492255,85.34332868210895,6284600
2021-03-31,84.32140350341797,85.47208230568212,84.16851417821064,84.93295466509997,8954400
2021-04-01,85.09388732910156,85.18240155646221,83.85469428519994,84.69960058667976,8515800
2021-04-05,84.09608459472656,85.15824901661846,83.82249353347977,85.0777832241858,8692700
2021-04-06,83.34774017333984,84.5547454644184,83.24312911905935,83.8868677299598,8125100
2021-04-07,83.83858489990234,84.14435734683485,83.09024141477514,83.25922140959146,7699300
2021-04-08,82.8971176147461,83.37992462458352,82.13268341441376,83.29945269684652,8283000
2021-04-09,82.8166732788086,83.42822448097706,82.15684381880894,82.97761103682542,7163700
2021-04-12,81.89934539794922,83.57306116168498,81.6820871095626,83.42017183409786,7845900
2021-04-13,82.26949310302734,82.55917491395488,81.50505874255869,81.72231703118062,6829900
2021-04-14,83.90296173095703,84.7559163448029,82.55916392745816,82.59939989440106,10194800
2021-04-15,83.21900177001953,83.90297030390833,82.82471503810788,83.69376044403936,7860500
2021-04-16,82.84884643554688,83.97538598933913,82.4223721944101,83.5247726234809,7459700
2021-04-19,83.09025573730469,83.54891755633744,82.24534947843782,83.09829802000647,7068700
2021-04-20,81.5372543334961,82.873004025258,80.87742484112377,82.74425995167582,9783800
2021-04-21,82.66376495361328,82.87297476671571,80.57966612966308,80.73255541851522,8264400
2021-04-22,81.23146057128906,82.77643214156512,81.16709161601885,82.77643214156512,9899400
2021-04-23,81.7142562866211,82.21314785116877,81.04637858792127,81.35215103519714,6756000
2021-04-26,81.69010925292969,82.61548113429785,81.4808994384016,81.48894171955166,5639700
2021-04-27,82.63965606689453,82.96152548760664,81.68210236769045,81.9234998288631,6898900
2021-04-28,84.66739654541016,85.1823849647557,83.17875795389116,83.31555040984159,8718400
2021-04-29,86.01924133300781,86.62274395301608,85.09386942116592,85.63299695497824,9740300
2021-04-30,82.93736267089844,84.8041974109365,82.85689687348625,84.47428579980249,13730000
2021-05-03,84.91685485839844,85.0697441782721,83.05806845002749,83.66961959037505,7938100
2021-05-04,85.3835678100586,85.70543716462042,84.3696814918904,85.26286603470449,8704300
2021-05-05,87.67686462402344,88.14357481538131,85.95487087991339,86.17212913360262,12872400
2021-05-06,87.72515106201172,87.81366528377966,86.43767984422401,87.66882438808186,9654900
2021-05-07,88.52982330322266,89.05286022367972,86.66298846125612,86.97680938570092,10273000
2021-05-10,88.167724609375,91.01625821078463,88.12748863867782,89.67246028190058,13586500
2021-05-11,85.8582992553711,88.17575312751498,85.46401261595886,87.75732122764643,12754800
2021-05-12,86.39744567871094,88.6344279584644,85.87440879609346,86.09971548050795,11661900
2021-05-13,85.84223175048828,86.7997914155297,84.84444225210702,85.35138235405087,9706300
2021-05-14,88.08724975585938,88.36888310435927,86.74345196505517,86.74345196505517,9124100
2021-05-17,89.16551208496094,89.2218387591989,87.6849217111933,87.78147821608863,12692900
2021-05-18,86.4857406616211,88.83155620927037,86.31469219386182,88.73381777871933,12759900
2021-05-19,84.05845642089844,84.94628639853494,83.05660036160913,84.5634610274445,14762700
2021-05-20,84.35169219970703,84.76709915442586,83.05660833668813,83.95257912557031,9706300
2021-05-21,84.8078384399414,85.68751546024839,84.44944759303773,84.79154455728464,10352800
2021-05-24,86.01331329345703,86.2087963592189,84.71008249788693,85.48387403498631,6785600
2021-05-25,84.60420227050781,86.02961239911455,84.39242531139793,85.87485159657714,7884000
2021-05-26,84.8078384399414,85.45131009038418,84.4331599246764,85.13364152153154,9232400
2021-05-27,83.9037094116211,85.45129870006856,83.54531861248947,84.80782713539797,11703400
2021-05-28,84.5390396118164,84.80783272889336,83.8548395151019,84.40057269003556,7278200
2021-06-01,86.86856842041016,87.50389309324427,85.76896754709763,85.76896754709763,10260600
2021-06-02,88.03333282470703,88.42429898792875,86.51017801915566,87.32469810921188,9141800
2021-06-03,87.63422393798828,88.04148403149534,86.79526913965107,87.6097893266652,8809300
2021-06-04,88.33470153808594,88.51389695270728,87.32469836347799,88.1636530643915,6699300
2021-06-07,87.76453399658203,88.53832554610084,87.61792014133381,88.2695386567247,6748600
2021-06-08,88.56278228759766,88.76641233347576,86.58349799309059,87.68309899797322,10559500
2021-06-09,87.78897094726562,89.214381050232,87.68308557676285,88.831555628291,10146900
2021-06-10,88.30211639404297,89.80083021476594,87.35727020892196,88.83154942387361,13526200
2021-06-11,87.89486694335938,88.75825626048528,87.85413845265542,88.6523646703731,7731700
2021-06-14,87.94374084472656,88.7501140463922,87.01518837873692,88.11478932906198,9051900
2021-06-15,89.84158325195312,89.98819714094131,88.28584664022871,88.30214052472526,10540200
2021-06-16,89.32842254638672,90.01262269759577,88.70124477088264,89.62165029486266,9283300
2021-06-17,87.21066284179688,89.5809192064925,78.44642522944568,88.97816988596057,14337800
2021-06-18,83.92000579833984,86.5590492103134,83.82226736245265,85.72824143379599,22284500
2021-06-21,86.3798599243164,86.69752226923835,84.653075058506,84.79154198541141,13591500
2021-06-22,86.6649398803711,87.12106914778353,84.96258963998646,85.79340362196791,10230100
2021-06-23,86.55904388427734,88.07405169026195,86.52646855051617,87.44687397949386,7792800
2021-06-24,87.26768493652344,87.78897731484693,86.63236023883515,87.26768493652344,8724600
2021-06-25,87.39800262451172,88.01703337953437,86.97444872444915,87.63420796711829,8102300
2021-06-28,84.70195007324219,87.1536575056949,84.43316314211738,87.1129290117964,11348400
2021-06-29,84.51460266113281,85.50017118213455,84.39242341000313,85.19064958403335,7225500
2021-06-30,85.31283569335938,85.42686801310204,84.4820279046206,84.57976634194554,7927500
2021-07-01,86.51017761230469,87.23509999190185,86.12735217749145,87.11292073610899,10873200
2021-07-02,86.39613342285156,86.66492650579316,85.55717884363467,86.09475879522363,7107700
2021-07-06,84.70195007324219,86.31470273146944,84.21323921793855,86.31470273146944,10162800
2021-07-07,83.83853912353516,85.44314442738869,83.17877994929259,84.6774936819656,8245000
2021-07-08,83.56976318359375,83.96887630293766,82.44572765360066,82.67379229322574,8695500
2021-07-09,84.76710510253906,84.89743129916239,83.37427650117655,84.27024735292906,8567900
2021-07-12,84.93816375732422,85.54090695322657,84.09106202060684,84.35170823080482,9898600
2021-07-13,84.65306854248047,85.18250781469611,84.0747600561293,84.71008469707017,6738000
2021-07-14,83.05661010742188,85.7852510194026,82.85298009586668,85.10105716343863,9216600
2021-07-15,82.51089477539062,83.28468644243829,82.14435697445042,82.30726473518907,9665700
2021-07-16,80.32798767089844,82.8285645393578,80.0917760574503,82.77968909962274,12199100
2021-07-19,78.16134643554688,78.96771957788533,76.98843552720362,78.04731412104628,17385500
2021-07-20,78.62561798095703,79.85554497375783,77.42013180921275,78.10432565572252,12114600
2021-07-21,81.30538940429688,81.83482866833758,79.57860469806562,79.80667552719761,11478100
2021-07-22,80.49087524414062,80.9714453298617,79.73337130999684,80.96329838893892,7694300
2021-07-23,80.52345275878906,80.73522971210366,79.7740958031157,80.4745835442914,7570800
2021-07-26,82.22579956054688,82.47830501097619,80.99587871448408,81.01216638178838,10227500
2021-07-27,81.94886016845703,82.03845786830257,80.58861321886704,81.49273094327586,8332100
2021-07-28,82.41314697265625,82.92629241722736,81.68007761305793,82.18508233062464,8546100
2021-07-29,83.5453109741211,83.79781016989949,83.03216564306673,83.39055019513741,8681300
2021-07-30,82.92628479003906,84.75081418707072,82.07918318733755,83.944434858532,12295300
2021-08-02,82.77967071533203,84.69379781053375,82.72265456021718,83.14620846760877,8911800
2021-08-03,83.56976318359375,83.82226864686041,81.99773910126898,82.74709612126438,8437300
2021-08-04,81.69635772705078,82.99958847208954,81.53344999998696,81.81039002884827,10389800
2021-08-05,82.45386505126953,83.43128659775928,81.99772961051896,82.21765349777067,7986100
2021-08-06,83.04032135009766,83.55347298802698,82.75524055918979,83.09733750827924,6475600
2021-08-09,81.65564727783203,82.57605283543818,81.39500107125268,82.19323357444331,9243100
2021-08-10,83.1462173461914,83.34170043970299,81.92443713672687,82.05475712763608,9762600
2021-08-11,83.77339172363281,83.87113637357423,82.75524159035021,83.11363242584017,7079800
2021-08-12,83.60233306884766,84.09919077054357,82.90184536528601,83.78152846477661,7377600
2021-08-13,83.04845428466797,83.52087735237967,82.78780814632601,83.26837815363113,6572600
2021-08-16,82.20136260986328,82.4294272313942,81.37870182709744,82.12805878764043,9476600
2021-08-17,82.04660034179688,82.82039183728766,81.15062339212004,81.61489953227336,10937500
2021-08-18,79.82601165771484,82.07137728341452,79.70219144150784,81.46876457094665,12893600
2021-08-19,77.8365478515625,78.67855672573356,76.65608029295805,78.26580591920161,17423400
2021-08-20,77.84481811523438,78.32360434720665,76.94501792613337,77.20092145512534,9707600
2021-08-23,79.85077667236328,80.073659344746,79.29768578519555,79.322449826785,10277800
2021-08-24,80.76708221435547,81.40272204169644,80.39560897360259,80.48641466322273,8924900
2021-08-25,81.32017517089844,81.49352977413383,79.84252635504062,80.25527720981393,9342300
2021-08-26,80.2552719116211,81.50178117420788,80.23875835159653,80.98996788076907,8124800
2021-08-27,81.42747497558594,82.10438601617231,80.94043206868666,81.0147241874704,10281200
2021-08-30,81.22110748291016,81.98056749538628,80.87439829870296,81.79895612325551,8127200
2021-08-31,79.8837890625,81.23761751465418,79.77647611911891,81.0147285501459,15676900
2021-09-01,79.00874328613281,80.13142576570753,78.81062470093617,79.95807121640094,10557300
2021-09-02,80.65975952148438,81.22110085403926,79.70218095305387,79.77647307300155,12340100
2021-09-03,80.4781494140625,81.25412293531323,80.38734373399795,80.403857292961,9097000
2021-09-07,80.1231689453125,80.88263506797081,79.85900873249804,80.09014813145116,9237800
2021-09-08,79.57008361816406,81.28712813181649,79.53706280466196,80.48639072409992,10775900
2021-09-09,79.2481689453125,80.58548406357295,78.71159154179622,79.15736324788304,10219400
2021-09-10,79.3059310913086,80.65149630697657,79.1573405651919,80.56894741426213,11006000
2021-09-13,80.87439727783203,81.48526673249727,80.12318775678771,80.24701426332089,11500900
2021-09-14,79.41327667236328,81.51005215938699,79.2316715529563,81.21287098496917,15294100
2021-09-15,81.09728240966797,81.3366786500689,80.06540532073869,80.06540532073869,11623400
2021-09-16,80.33781433105469,81.38619857716724,79.99936195481135,81.16331591945355,10616700
2021-09-17,79.87554931640625,81.2128580908838,79.5536041449151,80.1644736628626,16006100
2021-09-20,78.24103546142578,78.62902219543679,77.02754718205586,78.12546574892168,15796100
2021-09-21,78.298828125,79.15735057354738,77.6219170422327,78.89319030461569,10958400
2021-09-22,80.60197448730469,81.54304579306432,79.4462710053663,79.4462710053663,13292800
2021-09-23,82.59968566894531,82.77304024411458,80.69277904400619,81.09727305273448,10094900
2021-09-24,83.04544830322266,83.35088612061222,82.26122441008054,82.26122441008054,8225300
2021-09-27,85.00190734863281,85.67056168107892,84.68821268554717,84.68821268554717,12697500
2021-09-28,85.3238525390625,86.58686907794397,84.92760896898308,85.77788097372873,15560800
2021-09-29,85.2990951538086,86.05029845206309,84.48184390762876,85.20003267903815,10268100
2021-09-30,83.74713134765625,85.39813447958107,83.74713134765625,85.37337044029455,15319800
2021-10-01,86.12458038330078,86.29793495737978,84.10209775622465,84.38277156526483,10854900
2021-10-04,86.44651794433594,87.38758914892921,85.94296152632486,86.67765735626037,13305400
2021-10-05,87.3875961303711,88.96430084372035,87.02437342657086,87.53618666391873,13017300
2021-10-06,86.61986541748047,86.96657450700513,85.50543974510767,86.00073934415379,10630100
2021-10-07,87.23899841308594,87.7508116082883,86.85926848041706,87.18121356024668,8830900
2021-10-08,89.1954574584961,89.50914582401472,87.99847626491605,88.1718308588667,10586700
2021-10-11,88.43597412109375,90.49972788727506,88.26261956050372,90.44194303374505,9794800
2021-10-12,88.45248413085938,88.80745001633012,87.64348991580637,88.32040087204402,9085000
2021-10-13,88.9808120727539,89.4348341425425,87.89940706684482,88.13879697199907,9220700
2021-10-14,89.82283782958984,90.11176846262768,89.24498915967045,89.88062269658178,7648600
2021-10-15,90.48323822021484,90.82994740880272,90.33464766823748,90.61531521192923,9968100
2021-10-18,90.44195556640625,91.14363698260216,89.94665585350374,90.9867896592533,10677400
2021-10-19,92.20852661132812,92.20852661132812,90.64007860280651,90.9372596839759,10362800
2021-10-20,93.41378021240234,93.42203069521155,91.44908203431334,91.7049855591252,10811400
2021-10-21,92.2415542602539,93.12484078965687,91.52337184265582,93.04229188279338,9372600
2021-10-22,93.11658477783203,93.18262012055455,92.00215255808358,92.63779232914814,8673800
2021-10-25,93.98334503173828,94.39609578400598,93.52932298308981,93.71918480221002,9579800
2021-10-26,94.18971252441406,94.60246324213549,93.70266970057932,94.09065638292965,7463000
2021-10-27,92.51395416259766,93.76046320870326,92.16724503922843,93.46328216065058,9096100
2021-10-28,93.38074493408203,93.50456513784083,92.1094716915126,92.1094716915126,7538200
2021-10-29,94.51167297363281,95.1720767487784,93.40550389305271,94.79234678239669,15294200
2021-11-01,94.54469299316406,95.00697185301277,94.14845576988719,94.95744377462243,11213800
2021-11-02,93.96685028076172,94.26403136579846,93.45503701251454,94.25577458619259,9189700
2021-11-03,93.28993225097656,93.50455812010195,92.4314098802439,92.67905656725252,10416000
2021-11-04,93.70269012451172,94.32181633604186,93.2073904149031,94.28879551565763,9673000
2021-11-05,94.71804809570312,94.97395786433198,94.04939384138306,94.33006135126853,8102100
2021-11-08,95.0565185546875,95.74993693437051,94.67678854227854,95.00698417179734,7695900
2021-11-09,95.75818634033203,95.85724880040577,94.48691311073419,95.15556739651898,10945900
2021-11-10,94.23101806640625,95.93154951244914,93.82652400651875,95.56007627554318,10305100
2021-11-11,94.2392807006836,94.66028204917488,93.75223140404839,93.77699544830337,7317500
2021-11-12,94.29705810546875,94.36309345222855,93.76873124484506,93.9420921370635,8682800
2021-11-15,96.43508911132812,96.54240204362002,94.33005767687487,94.89139897285727,11050400
2021-11-16,96.81482696533203,97.47523076678009,96.46811780370665,96.67449320439948,10566300
2021-11-17,96.38060760498047,97.3075053260408,95.74597986708987,95.92133803447035,11108000
2021-11-18,95.57061004638672,96.3471998137868,94.7021714666565,95.9046283152122,8368600
2021-11-19,93.44961547851562,94.48506646387447,92.77322667611998,93.95063973782673,13532600
2021-11-22,95.11969757080078,96.18855098896823,93.39950562824794,93.54146132922072,9947100
2021-11-23,97.11544036865234,97.56635768939881,96.07998313418794,96.18854273103328,10366800
2021-11-24,97.85862731933594,98.53500966906437,97.4327538835333,97.54130710914762,8500900
2021-11-26,95.62071990966797,95.88793325888757,94.05083590849263,94.65206753695392,11861800
2021-11-29,95.90463256835938,97.84193096841949,95.78772712471626,97.14884414477186,12003800
2021-11-30,94.25125885009766,96.74803439507667,93.89219028375999,94.73557870747342,24451200
2021-12-01,93.60826873779297,96.91503647683363,93.59991652843563,95.98813873510984,12302700
2021-12-02,96.14679718017578,96.6144189621188,93.46631140147697,94.56856729524908,11392400
2021-12-03,95.5372314453125,97.69998882364756,94.8524903648725,97.48287595352926,10445100
2021-12-06,97.03193664550781,98.07573977797183,96.07164286033588,96.83152822791796,9833900
2021-12-07,98.46820831298828,99.08614433898141,97.90037916829128,97.90037916829128,11419600
2021-12-08,98.9107894897461,99.58717830104948,98.25111146833476,98.86068897441591,8827900
2021-12-09,98.65193176269531,99.03605059227671,98.18430994770395,98.4097686453978,8334700
2021-12-10,98.81893157958984,99.53706867695873,97.59142439168022,99.31160999330524,9090700
2021-12-13,96.76471710205078,98.4097517528124,96.53925844305816,98.08408570600731,8533000
2021-12-14,97.04864501953125,97.63317224919204,96.42236311452227,96.64782179714314,12245300
2021-12-15,96.49752044677734,97.13215460418382,95.15310135627027,97.13215460418382,11069500
2021-12-16,97.39934539794922,98.69366367123475,96.7981138483164,97.02357886486269,11344700
2021-12-17,94.86084747314453,97.2490700551498,94.8023947401949,96.79814624202257,22727900
2021-12-20,94.90259552001953,94.95269603879616,92.46427258622253,93.4078684581103,13464400
2021-12-21,96.42236328125,96.92338753194973,95.4370128274973,95.5539182736316,11368200
2021-12-22,96.9734878540039,97.43276379924407,95.53722003706982,96.38060841524687,8345200
2021-12-23,97.2072982788086,98.46820783819159,97.19894607015475,97.2908012527414,7416600
2021-12-27,99.1947021484375,99.21975240480786,96.3722607120261,96.9233854647808,7745500
2021-12-28,99.00263214111328,99.65396424137822,98.56841286455943,99.08614148391105,6516000
2021-12-29,98.49327087402344,99.07780450914073,97.94214607785673,98.60183048800474,6957400
2021-12-30,98.05904388427734,99.1111992487482,97.98388674423784,98.64357110294512,6016000
2021-12-31,97.99224090576172,98.61017060221795,97.8085305274147,98.01729116265105,5706600
2022-01-03,99.5871810913086,99.94624965993013,97.94214616927196,98.05069941248523,10717700
2022-01-04,101.39921569824219,101.85849164273466,99.92119320837642,100.16334993816085,16413100
2022-01-05,102.05891418457031,103.41167920660547,101.9336565123045,102.07561223446649,15487100
2022-01-06,102.92735290527344,103.81249602470584,101.57458159653476,103.2279687516598,13318500
2022-01-07,104.40536499023438,104.83123845819252,102.66847502405149,103.16950563146992,14164600
2022-01-10,104.47218322753906,104.95650947860328,103.42837994724702,104.50558569701276,12626100
2022-01-11,106.86038208007812,106.88543233394248,104.23834932780555,105.09844202177884,14609000
2022-01-12,106.32596588134766,107.24450501073034,105.607828802582,106.87709063315104,12469200
2022-01-13,105.88337707519531,106.96893472515839,105.59110714345061,106.16728842837063,9691300
2022-01-14,107.68708801269531,107.88749006097272,105.84999066277076,105.84999066277076,13281000
2022-01-18,108.03781127929688,108.55553359292223,106.77689522064341,108.29667243610955,12905500
2022-01-19,107.64533233642578,108.68077688751808,107.33635794531241,108.5137709349294,12064300
2022-01-20,107.2612075805664,109.27366308241899,106.78523360594626,107.11090604519359,11370400
2022-01-21,105.97525787353516,107.2194631746188,105.40742865900808,106.6850427989767,13055700
2022-01-24,106.20071411132812,106.65999007232773,102.57662605136825,103.92104509625524,19513700
2022-01-25,110.7182846069336,110.84354862990622,104.6057736187829,106.150607376615,19984500
2022-01-26,110.80181121826172,112.48860093820414,109.88325920697137,110.9771630393101,17266500
2022-01-27,113.03968811035156,114.40081132980627,111.55331362482144,112.27145061437142,20654100
2022-01-28,109.06490325927734,110.27571235618618,106.94390088015835,108.55552681608621,24817800
2022-01-31,109.66613006591797,110.10870155952017,107.99604511142304,108.71418215152534,16401800
2022-02-01,112.55538940429688,113.34869008852682,108.98140800175284,109.24862775680697,16169700
2022-02-02,113.07310485839844,113.39877091472961,110.89364348395533,112.18796187153612,10906700
2022-02-03,112.06270599365234,113.02301255690152,111.2193176177315,112.60549128811613,9447700
2022-02-04,113.46558380126953,114.40082736367484,112.73908813100165,112.73908813100165,13034700
2022-02-07,115.69513702392578,116.4299657347775,112.5887780092844,113.0146450829054,18422500
2022-02-08,113.9332275390625,115.59495435023672,112.73910985746812,115.38619367613018,11021600
2022-02-09,115.0605239868164,115.51980000403913,113.64931257642651,114.16703495489215,10140800
2022-02-10,113.59918975830078,115.89555690952712,113.05641716470647,114.8684580786655,11012700
2022-02-11,115.9122543334961,116.43833521738259,113.7995977012135,114.28392390924995,12821200
2022-02-14,114.12525177001953,115.27761444511188,112.772487058728,115.18575926460834,15945000
2022-02-15,113.28986358642578,113.77927466201403,111.53473820775088,112.2941745149099,11746800
2022-02-16,113.32364654541016,114.89313311988548,112.8679820920546,113.87211770630418,11348800
2022-02-17,112.74140167236328,113.55989801804401,111.76257944188757,113.21393299038252,10073900
2022-02-18,112.58108520507812,112.9945565806886,111.42507007139987,112.07480712578379,10691800
2022-02-22,111.72041320800781,115.6019434673364,110.13405952745646,115.6019434673364,19428700
2022-02-23,114.37840270996094,114.8256208025423,111.85540717545305,112.16761263145908,16134200
2022-02-24,113.78775024414062,116.63981845147116,111.14662159936317,116.38667295068643,22108900
2022-02-25,118.45401763916016,118.55527068969116,114.27714904754546,114.72438006359253,28028000
2022-02-28,121.50859069824219,121.50859069824219,116.994203879734,117.51737462281177,24394300
2022-03-01,126.3351821899414,126.53770114170638,122.09925412966338,122.36083306183053,31159900
2022-03-02,130.06480407714844,131.42333797346768,126.6136260930403,126.74019237587575,31329500
2022-03-03,131.81996154785156,132.57938518055443,128.04813089602945,128.47846923782572,22492900
2022-03-04,133.87039184570312,134.967346933221,130.86643164101727,131.45709580336904,29034400
2022-03-07,136.73089599609375,136.7815353853309,131.3980262503607,134.92514404533281,34824700
2022-03-08,143.89486694335938,146.82288762899015,138.4691767589257,138.64636958543136,57231000
2022-03-09,140.3002471923828,143.2535812427547,136.03057202535607,137.34691314201092,43430000
2022-03-10,144.1395721435547,147.46417138488147,142.0047218606207,142.38444650761565,34913600
2022-03-11,144.20704650878906,145.96217191254394,139.97113185096484,139.97956531125504,28423600
2022-03-14,140.67994689941406,142.05536075906423,138.6379290766501,140.24960860997453,25156200
2022-03-15,133.55819702148438,135.16987662334907,131.00988814646675,134.2585606109153,28534400
2022-03-16,133.07723999023438,135.43146350366976,131.81152537805056,133.98854318055368,22299700
2022-03-17,135.38079833984375,135.84489614028797,133.25439479313368,134.96732704935505,15750700
2022-03-18,136.4693145751953,136.4693145751953,133.98007898402057,135.76051764509012,23214700
2022-03-21,138.9248504638672,139.71803376739095,137.30473712870887,137.55788265384655,13180600
2022-03-22,138.4607391357422,139.44799500066432,137.18659104522183,138.123220385099,11063900
2022-03-23,139.9542999267578,141.21158121769847,139.1779964226289,140.07243278878795,10755000
2022-03-24,140.32554626464844,141.25372914702834,139.22859115318732,140.4352327629352,9024800
2022-03-25,142.86541748046875,143.18606928491306,139.36361239446103,139.41423891610717,10254700
2022-03-28,140.36773681640625,140.60400248228666,139.33828803985023,139.98801218326483,9992000
2022-03-29,138.6548309326172,138.78983071368333,135.43147135318486,137.97133418699042,15102600
2022-03-30,139.63360595703125,140.36772904836647,138.09787921379663,139.43109989777665,9906000
2022-03-31,137.39755249023438,140.2074406940657,137.30473289639554,137.93759025197423,10395900
2022-04-01,138.57044982910156,140.0302372142285,136.9756497824962,137.35536162682774,8795300
2022-04-04,138.697021484375,139.60833767111677,137.54100610537245,139.22862581218683,8718600
2022-04-05,137.84475708007812,141.5237679931377,137.62537118693996,139.2539177746322,9538200
2022-04-06,139.06825256347656,140.92463103425624,138.66322757679114,139.0851323599462,9269000
2022-04-07,141.00059509277344,141.50687314822878,137.89536894215857,139.31297582356257,8018400
2022-04-08,143.38856506347656,144.37583366665905,140.93308881156165,140.95840207056497,10801200
2022-04-11,139.7011260986328,142.41819425038847,139.1526549665046,142.2410014309991,10206100
2022-04-12,142.61228942871094,145.70906984456556,141.88661248688152,142.57854270199326,9528400
2022-04-13,144.85679626464844,145.20276129979388,142.00471562210515,144.23237250917956,7330700
2022-04-14,144.789306640625,145.92845491185483,143.92018365981082,144.02988304348148,9421100
2022-04-18,146.73008728027344,147.27855850632184,145.0255878596911,145.97909706472984,7639000
2022-04-19,144.99180603027344,146.56129241122244,144.31675577090056,146.0465680369458,6970200
2022-04-20,145.5824737548828,146.46847643735325,144.6796041502605,144.81460390504088,7495000
2022-04-21,138.87417602539062,145.5065195432996,138.24131886862645,144.9158554387554,14594800
2022-04-22,135.81117248535156,139.62519604248854,135.73523270032476,138.7054465335695,12160100
2022-04-25,132.89157104492188,133.62568123535854,127.71901436845802,131.40645799234494,15449800
2022-04-26,132.08155822753906,135.3217850457336,131.96342536048562,134.01389004461225,9810600
2022-04-27,131.83689880371094,133.25449363602576,130.38554435604345,132.54569621986835,10396600
2022-04-28,136.51995849609375,137.54097384445956,130.7314237444291,132.85782768140132,9366400
2022-04-29,132.19964599609375,137.0684309015019,131.87899423397127,136.0896086938214,14713200
2022-05-02,134.79859924316406,135.00955166764476,130.9170694825136,131.8958918222274,11559000
2022-05-03,137.11061096191406,137.90378108037058,134.38509699319323,134.6466887549042,8827200
2022-05-04,141.41409301757812,141.66723855367147,137.93760047348113,139.203315278431,9183200
2022-05-05,140.2917938232422,143.02574184231574,137.24564034037053,142.8232228823982,9807600
2022-05-06,144.02987670898438,144.26614238994972,139.58299607882603,141.9878588232045,10418100
2022-05-09,134.37669372558594,141.549076122242,133.72695665627433,141.549076122242,14110700
2022-05-10,135.667724609375,138.54511882047376,133.21223525472422,136.87437919408376,11636000
2022-05-11,137.6759796142578,141.3043635270276,137.12749564023295,138.0303781068289,9105500
2022-05-12,138.98390197753906,139.10203482104998,134.04761006012413,137.72662088369722,8936400
2022-05-13,141.6503448486328,142.42664830774856,139.12736182538558,140.4943295604029,9229900
2022-05-16,145.98751831054688,147.6413910642286,142.48571304387062,142.6038458923111,13296300
2022-05-17,146.8481903076172,148.21515780135286,145.6499821664208,147.53167405448502,12827600
2022-05-18,142.97727966308594,148.14134694476743,141.0460703306159,148.13283112256156,13107500
2022-05-19,141.9563751220703,144.32146290889298,138.5278481152218,140.0592031883462,10958700
2022-05-20,142.7731170654297,145.51252483938615,139.59980475483303,143.67491154116104,9615000
2022-05-23,146.09103393554688,147.14597036283743,143.87057222445821,144.14280592674962,10216400
2022-05-24,146.8737030029297,147.6734112970054,144.46607528107165,145.2147405744931,9782700
2022-05-25,149.23031616210938,149.72375356485648,147.1544805303584,147.29910672025096,10174500
2022-05-26,150.2341766357422,151.3741803205076,148.8899879552165,150.1491092902519,11213900
2022-05-27,151.67196655273438,151.7315253849649,149.46852342606846,150.17464868308215,10512300
2022-05-31,148.59225463867188,153.95199148776877,147.57985831388902,153.10124001906885,20547600
2022-06-01,150.0044708251953,151.54432855372013,148.83042991331044,150.35326898155793,8824100
2022-06-02,149.73226928710938,150.16614789411224,148.1158465726079,148.66032703257622,7441900
2022-06-03,151.0934600830078,151.64644332330917,149.73225259412294,149.73225259412294,8435300
2022-06-06,150.43838500976562,151.43376267858835,149.31538683072213,151.3486823384412,6734200
2022-06-07,153.305419921875,153.69677132937,150.51495600001505,150.9828719280728,9668300
2022-06-08,154.09661865234375,155.17706367777768,153.34795320110229,153.94347663666377,8715200
2022-06-09,151.02540588378906,153.6797463388821,150.91480403768108,153.1607874184761,9764600
2022-06-10,149.22181701660156,151.91871085989737,147.73300180071755,150.04704706049236,9529700
2022-06-13,142.35623168945312,146.32923912418036,139.57427100851112,145.9974466012376,14614900
2022-06-14,142.5434112548828,146.57596491060508,141.0886205307783,144.09177217841577,10269300
2022-06-15,139.7444305419922,142.79863815793286,137.7706938995505,141.88832786206538,11565300
2022-06-16,132.2748260498047,136.5796261222739,130.80302974021293,136.06918306336905,18125900
2022-06-17,126.2345199584961,132.2663453714146,124.03106356386922,131.76440506921742,35575100
2022-06-21,131.5176544189453,132.7342356584202,128.8377927298738,129.35675159764045,13772000
2022-06-22,125.80060577392578,128.29331413439633,124.49045432548789,125.97076643962926,13735800
2022-06-23,121.17251586914062,126.95762799489191,119.23280371248228,126.58329530124973,15713700
2022-06-24,123.16329956054688,125.13703631056342,121.31717034427186,123.52911647823113,11108300
2022-06-27,125.5453872680664,126.60882649213785,123.86940601241497,124.09059669770492,9242400
2022-06-28,127.56168365478516,129.4758745548115,126.00480683165786,128.36139215227067,9183300
2022-06-29,125.04344177246094,129.4078007703039,124.28627351765074,128.99944371796855,9082900
2022-06-30,123.17176818847656,125.84312666474864,122.0062430992631,122.97609903061198,10685000
2022-07-01,124.64358520507812,125.02643372718225,121.20655519846964,124.7201626983608,7684600
2022-07-05,121.36820220947266,122.96760607168348,118.60326005991942,122.21043781767867,11513100
2022-07-06,119.768798828125,121.87865897844286,116.38281138841973,120.51746432529247,12421200
2022-07-07,122.09984588623047,123.61418235612932,121.72551318914333,122.59328326135113,12741800
2022-07-08,121.4617691040039,123.74177640136975,120.0325001417907,123.256854901261,7915500
2022-07-11,120.38983154296875,121.5298483379104,119.04564271064521,120.73013990766654,7056800
2022-07-12,118.18638610839844,118.78190950812554,116.77413563087669,117.82907206856218,8653900
2022-07-13,117.39518737792969,119.72623784661081,116.67204351372031,117.07189770008044,9414600
2022-07-14,115.65115356445312,115.83831992095566,112.75859086123732,114.26442455439435,10150200
2022-07-15,117.10592651367188,118.220421766318,116.06800875389564,118.220421766318,7051900
2022-07-18,118.74791717529297,120.92583932795773,118.32254134918063,119.58165015966995,7943900
2022-07-19,123.02713775634766,123.36743306093781,118.61173672861983,118.84144319900676,9152100
2022-07-20,124.652099609375,125.28164734153142,121.92969770717308,122.93357813490155,7856600
2022-07-21,123.69924926757812,123.75880809710088,120.38132397600823,121.75953709997783,6724200
2022-07-22,122.66986083984375,124.46494702377659,122.01477855015968,123.83538624057289,5889500
2022-07-25,126.31957244873047,126.43017429197982,122.661338594636,123.9544844415004,6210900
2022-07-26,125.33271026611328,128.19122268553627,124.66060934875085,127.18734220225373,6112800
2022-07-27,126.98311614990234,127.78282433421971,124.77117087605019,126.20042662394549,6223000
2022-07-28,127.94452667236328,128.86333991553354,125.93675247019979,128.19975473681703,6574300
2022-07-29,139.33607482910156,140.08474027735798,132.63214908610027,133.1766295080766,17143700
2022-08-01,136.55409240722656,137.70261190457126,135.39707006982985,137.1240942451553,8017800
2022-08-02,135.3885498046875,137.37080172223577,134.67392188923924,136.8773644525881,5928300
2022-08-03,132.1727294921875,136.08619087216815,131.31347530696496,135.5331947089995,8751400
2022-08-04,128.58258056640625,132.24081459493112,128.23376933755486,132.13872856948686,10640000
2022-08-05,130.70947265625,131.87499817057306,126.7790044979514,127.3064663252032,7170200
2022-08-08,130.5137481689453,131.84942083802395,130.2925445429615,130.6668771579186,5966900
2022-08-09,132.21530151367188,134.24859719910853,131.5261948351362,132.66619879669986,5842200
2022-08-10,132.56407165527344,133.11705479876514,130.10538797582072,132.71720065571074,6145800
2022-08-11,135.7969512939453,137.1071158833721,134.09544828118993,134.5123211926326,7888600
2022-08-12,135.9926300048828,136.04367301692844,133.68708776980134,134.63142243695788,7244700
2022-08-15,133.40631103515625,134.24004368534872,130.53928327040876,132.01958224381082,8975200
2022-08-16,133.06605529785156,134.35068548672456,132.5641149904216,133.91680686221642,7218400
2022-08-17,134.1634979248047,135.55872975085217,132.30035021593469,133.25320064498325,6741100
2022-08-18,136.51573181152344,137.06515944760304,134.85885570467542,134.91036249877848,6477500
2022-08-19,135.3739776611328,137.13386771780927,135.31387765607113,136.0350122198572,6834200
2022-08-22,134.6957550048828,135.41688948945313,132.566724348896,134.51548120828227,9147000
2022-08-23,139.06541442871094,139.36587507577357,136.24959632820577,136.5844035688333,10354800
2022-08-24,140.09561157226562,140.2329717693467,137.9322343161013,138.7821357987275,9468100
2022-08-25,141.3232421875,141.56361599671197,139.59769882150178,140.72230766447004,8050700
2022-08-26,140.28448486328125,142.61955592088208,139.46892994302428,140.9455062800404,7765800
2022-08-29,141.33180236816406,143.22045889903677,140.48190103454715,140.69652139258696,8462600
2022-08-30,137.8892822265625,139.55473828617772,136.2925062528413,139.3487111278827,8814300
2022-08-31,135.69155883789062,138.567476573711,134.05185633060933,135.30524485381858,13582700
2022-09-01,133.52822875976562,134.67860411495175,131.54513826373494,134.3352035987058,8244400
2022-09-02,135.51132202148438,136.61017739089536,134.5412336487273,135.84612931217384,7526600
2022-09-06,134.88461303710938,137.34846392182558,133.67416404220697,137.26261052955687,8550000
2022-09-07,133.15907287597656,133.76860053623219,131.02144911463873,132.257664634478,9442100
2022-09-08,133.88018798828125,134.24934184684676,131.6738973337049,133.5711341227287,9232500
2022-09-09,137.3312530517578,137.91501404143375,135.23655660760787,135.9920243348449,8261100
2022-09-12,139.50323486328125,141.24595114931464,138.43013305664064,139.76936201542617,8920800
2022-09-13,136.85055541992188,139.6406206284861,136.2753743180831,138.56751862519215,10308300
2022-09-14,140.16429138183594,140.42183847598466,137.65752673752635,138.1640277264056,11160800
2022-09-15,137.8892822265625,138.81644373705097,136.9964673087145,137.94078901613625,9665000
2022-09-16,134.30943298339844,138.33571346203863,133.58831164079115,137.8034591043126,43741600
2022-09-19,134.6957550048828,134.73868170386987,131.17598837756285,131.28758207566196,6813800
2022-09-20,134.1634979248047,134.6528387045416,132.49804159287,133.95745763343297,8955200
2022-09-21,133.07321166992188,136.30969057014906,133.02170487618366,135.9062032200157,6877000
2022-09-22,132.97021484375,135.88046695129736,132.841447843173,135.2967057494954,6981100
2022-09-23,124.28239440917969,128.9267702650036,123.32947923629268,128.55762943646616,13919700
2022-09-26,121.01156616210938,124.52275258997399,120.95146616535123,123.25220355214458,9444000
2022-09-27,121.06309509277344,123.42391980854848,120.58234742837278,122.15335743904228,10121000
2022-09-28,125.14942932128906,125.71603024291481,121.38927624063002,121.97305045971383,8279800
2022-09-29,124.28239440917969,124.83182215124305,122.1361902449649,124.05918079249133,8197600
2022-09-30,123.33804321289062,124.60001214441995,122.32504126752092,123.64709709610982,9402700
2022-10-03,130.2574005126953,130.78107477653853,127.3128151155723,127.8879961759593,9597400
2022-10-04,135.32244873046875,135.53706911449885,131.888522585987,132.57529733537243,9520200
2022-10-05,136.09510803222656,137.12528349155224,132.89297483719704,133.78579007544155,10633100
2022-10-06,138.57608032226562,139.02249436418035,134.95328739230808,135.07347427674034,9498300
2022-10-07,137.3827667236328,140.73083868383594,136.55003878235925,139.51179676244442,9972500
2022-10-10,134.9017791748047,138.6190055532459,134.30084475898704,138.21551820989953,5904500
2022-10-11,134.92752075195312,137.29692471221838,132.30056975050135,132.8499973253188,7533300
2022-10-12,135.3310089111328,136.33543058862963,133.51103251423808,134.04328679648765,4942000
2022-10-13,141.88983154296875,142.49935921582116,134.22359748074257,134.22359748074257,10227500
2022-10-14,137.47723388671875,142.04436198699494,137.2969469988073,140.82530666745598,7327900
2022-10-17,138.4816436767578,141.57218220509745,138.30136990391415,140.18143331765077,5890400
2022-10-18,139.69207763671875,140.19857845788215,136.46419267714234,139.38302384595403,5631200
2022-10-19,144.2248992919922,145.26366772324295,140.43899254172408,140.43899254172408,9766800
2022-10-20,145.0490264892578,147.5042838744727,144.17337177301542,145.34090702820964,8871500
2022-10-21,148.68038940429688,149.23839705068173,144.95458343146592,145.21211736094443,7971300
2022-10-24,148.62892150878906,149.950977390458,147.32402582731814,147.72751322159277,7007700
2022-10-25,150.1741485595703,150.2342485466947,147.80474455541315,148.56879249547515,7280600
2022-10-26,152.0284881591797,153.22177693957602,150.380205224348,150.5089853110715,6865300
2022-10-27,152.72384643554688,155.72853154439204,152.36328579441195,154.43222925606977,9177400
2022-10-28,154.50949096679688,156.98192178682473,151.54773252161462,155.788633070095,10773900
2022-10-31,155.29928588867188,157.8232233959479,152.86120176439468,152.86120176439468,13281000
2022-11-01,156.43251037597656,158.38984727812917,156.1577899900097,157.84899970537498,9185600
2022-11-02,153.2389373779297,157.01625048250472,153.04149031412268,155.32504099402422,8087500
2022-11-03,155.49676513671875,156.40675347090328,152.30321276808593,152.78396033336162,6607800
2022-11-04,157.46267700195312,159.1624667240289,155.0417659552862,158.68171917430146,7491900
2022-11-07,159.34275817871094,160.0037926282549,156.3380728072785,156.672880081834,7578000
2022-11-08,159.11094665527344,159.89216790810016,157.8403977942214,159.09378645806356,6308200
2022-11-09,152.74960327148438,157.79747855983229,152.14008875704866,157.62578488390903,8021700
2022-11-10,155.64268493652344,156.5269197561188,152.8440271080605,156.44106637388379,6981500
2022-11-11,160.0724639892578,160.6218916175098,157.8661602777631,158.00352045967307,8428300
2022-11-14,160.14974975585938,162.83678833439382,159.83210264703956,159.94370945008896,9722400
2022-11-15,161.43748474121094,161.7722920769924,159.05090668627838,160.6390899562607,7747300
2022-11-16,158.8105010986328,161.24000537212964,157.68587930396032,160.14113697510575,7941100
2022-11-17,159.2603759765625,159.3814925818938,155.95561534496812,157.0283586491255,6550500
2022-11-18,158.30874633789062,158.67209614713704,155.419227605983,156.55254899283977,7661500
2022-11-21,156.79476928710938,157.19271814987155,152.10580803860407,155.488426174957,8432900
2022-11-22,160.81756591796875,161.39719621036244,158.38657463768342,158.96620493007708,9018000
2022-11-23,159.39013671875,160.17738797631188,157.95403053785293,158.49906180908079,5831200
2022-11-25,158.92295837402344,160.3071592864428,158.58556121671995,159.9524559875366,2796400
2022-11-28,154.30319213867188,156.99372263927904,153.9571485478874,155.96422513572756,9365500
2022-11-29,156.61305236816406,157.322458824973,155.4191796485176,155.94690465640468,6985400
2022-11-30,158.5855255126953,158.61147811889734,155.39322294269232,158.18757675045393,10936700
2022-12-01,157.87615966796875,159.65830934020576,156.96777869114106,159.40741650243402,5217400
2022-12-02,156.61305236816406,158.8623751035847,155.66141277993637,157.04561341722837,6852300
2022-12-05,152.7459716796875,158.274101943059,151.0762921901471,158.03186878603466,8162200
2022-12-06,148.80966186523438,154.04365370970208,148.03970365080872,151.8375895040997,8765000
2022-12-07,149.2509002685547,151.03305006311172,147.8061476370379,147.98781592444192,6936300
2022-12-08,150.13331604003906,152.6075663115638,148.8269861375149,152.47780324866088,8076600
2022-12-09,145.34056091308594,149.83054821055183,145.27999600969324,149.06058981469585,10754300
2022-12-12,146.85450744628906,147.52065529997856,145.08966379840234,146.1451008383333,9364900
2022-12-13,150.12464904785156,150.9292195300231,149.2162681295482,150.15926132703996,7838800
2022-12-14,149.08653259277344,151.32719625749414,148.16950503582794,150.95519999223927,7045500
2022-12-15,147.97048950195312,148.25598140089173,145.3924291428182,147.5898468374183,7272900
2022-12-16,145.96347045898438,147.20058930783338,144.56197622166522,145.79909507051423,23876000
2022-12-19,146.96697998046875,147.78019705144212,145.55682641268646,147.16595441249885,7131600
2022-12-20,149.3806610107422,149.9170325947523,146.72474250205653,146.90641078663882,6199100
2022-12-21,151.1368408203125,152.22690320557817,149.80455848364159,151.56075543688434,5479400
2022-12-22,148.87025451660156,151.57809167713333,145.62604572710288,151.53483291979614,5755000
2022-12-23,153.47265625,153.62838509337698,150.26306063069075,150.61776386215124,6079100
2022-12-27,155.4019317626953,155.9209972516222,153.4726994200613,154.30322268335158,5168000
2022-12-28,153.1093292236328,155.11641914215616,152.2009482381066,154.7357632472143,4494400
2022-12-29,154.2686309814453,155.02992970845324,152.82386497294692,152.82386497294692,4142100
2022-12-30,155.2808380126953,155.67878695936204,153.73226138782056,154.01775338906654,5005100
2023-01-03,150.5226287841797,154.85688661252877,148.3771160461482,154.0263634234975,7565400
2023-01-04,148.92213439941406,150.78214184187615,147.80613257408024,147.8926368733127,7684500
2023-01-05,151.60401916503906,152.42588261535525,148.14353036310388,148.36845738297149,6088200
2023-01-06,152.7459716796875,155.19426906027783,152.00196606862218,153.14393369520863,7191200
2023-01-09,151.5521240234375,154.277267293985,150.86003671731675,154.21670239430387,8385600
2023-01-10,152.2960968017578,152.87574025631565,150.28902028703823,152.6075413024042,8307000
2023-01-11,151.5694122314453,154.11287370270665,150.79080750383037,153.8965931449561,6962600
2023-01-12,153.19586181640625,154.31186379948187,152.17501061572034,152.25288165696853,6891400
2023-01-13,153.61111450195312,153.98312395781173,151.98468034285915,153.20450596217964,5726300
2023-01-17,156.1459197998047,156.86397285205786,154.14747631184525,154.37241654551366,10697700
2023-01-18,153.3256072998047,157.78099465164874,153.07472766440972,156.4314061010441,8899200
2023-01-19,154.85687255859375,155.67873600186186,152.3999286984619,152.78923104519762,5907200
2023-01-20,156.5006103515625,156.89857239642154,153.57650611171212,154.69250801022366,10477900
2023-01-23,156.29298400878906,157.92806448258017,155.74795278395285,156.76880387168436,8381300
2023-01-24,156.44009399414062,157.45228567510839,154.5973789540419,156.66502107855982,5989000
2023-01-25,154.92611694335938,155.74798056182223,152.5643365490382,155.10778525022724,6727500
2023-01-26,162.46131896972656,162.4786251127865,158.7326437838313,160.0389869701097,14307800
2023-01-27,155.2462158203125,159.38149993695467,153.92257957213778,159.38149993695467,19654700
2023-01-30,150.7042999267578,154.28590567098496,150.24578617018352,153.99176726124264,11476000
2023-01-31,150.54859924316406,151.07632441941516,148.29927579012528,149.44989013181112,14481300
2023-02-01,148.24734497070312,150.23712872789935,146.67281618521267,149.9343306689304,11526400
2023-02-02,146.21432495117188,148.30791947312838,144.3197180760433,148.04839332634336,10463400
2023-02-03,146.59495544433594,148.41171736066536,145.76444551740389,146.9496587176402,8404900
2023-02-06,146.75933837890625,147.17459336388495,144.7955071696261,146.69012701462347,7659500
2023-02-07,150.609130859375,150.86867017714664,146.73338683633077,147.13134888367637,10256500
2023-02-08,147.07078552246094,150.59183948866695,146.61227177659543,149.2162850503522,9784700
2023-02-09,145.72120666503906,147.64177928430897,145.34055072958463,147.26976981985337,10123400
2023-02-10,148.77508544921875,149.43257365584117,147.74558778306604,147.76289392555367,11602400
2023-02-13,147.94456481933594,148.71452316458195,146.87182157918863,148.2127638300919,9442900
2023-02-14,149.077880859375,150.10736530630058,147.0534846477208,147.48604579710286,8077300
2023-02-15,147.50689697265625,147.9520183287785,146.1890186732157,147.84727684164645,8885700
2023-02-16,145.37733459472656,147.20142106621165,145.2289519454947,146.79121801813773,6727500
2023-02-17,142.13063049316406,143.86743464475353,141.25786030485457,143.77142939134285,9612100
2023-02-21,140.51600646972656,142.91612459265667,140.2541727382872,141.54586894466016,7259700
2023-02-22,139.94871520996094,141.09204210908825,138.69192391652055,139.88761489997168,6205900
2023-02-23,141.3276824951172,142.12190663175068,140.1319914946896,141.60697537203254,6445500
2023-02-24,141.74658203125,141.91241046570383,138.9013432451761,140.31523973228892,5330200
2023-02-27,142.1044464111328,142.58445935387317,141.31894526249076,142.27026155789954,6386800
2023-02-28,140.3152618408203,143.41359856101428,139.88759966970886,143.41359856101428,10854200
2023-03-01,141.43240356445312,142.77646371767213,140.15815330296735,140.44616904667473,7470400
2023-03-02,141.87753295898438,142.68921623513327,141.0309447316995,141.3713246042994,5582000
2023-03-03,143.97218322753906,144.51329650941912,140.00979891933608,140.40254285997216,6007500
2023-03-06,145.02822875976562,145.57807827093555,142.96849046667575,143.4310576271334,7703600
2023-03-07,143.16049194335938,145.40351770432542,142.7677480247909,144.61801654977236,7393000
2023-03-08,142.2528076171875,144.26016825286024,140.84764718176743,142.46226392426138,5435800
2023-03-09,140.08834838867188,144.43475383324022,139.80906883302018,142.9510337505419,6214700
2023-03-10,139.35520935058594,143.71906013497485,138.48243919370816,140.46363117869714,7385800
2023-03-13,138.51739501953125,140.47239217792847,134.23208919103413,136.53620249730182,10106100
2023-03-14,140.30653381347656,143.151773214088,137.7929646708232,138.12460829394828,10035200
2023-03-15,134.2320556640625,137.8540465656553,132.66978959206352,135.79430841864547,14063100
2023-03-16,134.6597137451172,135.68958954783062,130.83698917033695,131.05518172916248,12849600
2023-03-17,132.9578094482422,135.611038321507,131.43919781908926,134.07495424201167,33161800
2023-03-20,134.91281127929688,135.9601327949925,132.0413900302958,132.43414725142028,8469200
2023-03-21,139.041015625,139.26794439556647,136.5623515032059,137.16456505983825,9753500
2023-03-22,136.21324157714844,139.69558589815782,136.09104097333648,139.5297574414592,6315000
2023-03-23,134.86045837402344,138.56099559055718,133.6560312066107,137.0423839280803,7859400
2023-03-24,136.20449829101562,136.719429448603,132.51268453441037,132.7483361878917,6600100
2023-03-27,137.59219360351562,138.31659434599035,135.88157175645472,137.37400109014663,7006800
2023-03-28,139.19808959960938,139.80902592517774,136.74559475693493,137.2692620745153,5605400
2023-03-29,140.39378356933594,140.79526363139033,139.0584465267714,140.18431397381886,7569700
2023-03-30,141.7291717529297,142.27028508983537,141.02222992441273,141.60698444080847,6322400
2023-03-31,142.4011688232422,142.8899179351082,141.51966252317038,141.99968872854396,7041400
2023-04-03,148.32730102539062,149.3309948013202,147.42834873509386,148.19639081512105,12868200
2023-04-04,147.53306579589844,149.36588850618645,146.38101608000983,149.36588850618645,7521400
2023-04-05,148.26620483398438,148.75495401188948,146.39847715132336,147.72507825780403,6478100
2023-04-06,146.31991577148438,147.8559998158551,145.86608486511676,147.80363573569085,5803200
2023-04-10,146.8784942626953,148.09164433413483,146.02318317714503,147.05305896038925,5923500
2023-04-11,147.69015502929688,148.6676532641169,146.6864747572881,147.55924484335299,5469600
2023-04-12,148.2138671875,149.34845798824463,147.9083922381188,148.76370345200002,6157900
2023-04-13,150.1950225830078,150.52667952513252,148.21384379035908,148.5891285891494,6856600
2023-04-14,150.50048828125,150.88450928182428,149.43570762235427,150.55285235998,4930700
2023-04-17,149.1738739013672,150.587757296646,148.56293745386498,150.45684709982973,7006000
2023-04-18,148.82476806640625,150.45684396734316,148.48438824435482,149.08660177200323,8045600
2023-04-19,148.96441650390625,149.0167939043504,147.58545125946404,147.89964907504478,5506800
2023-04-20,148.24002075195312,148.4232950324353,146.64284972067082,147.28869113225804,5851100
2023-04-21,147.60287475585938,148.88584786569217,147.35850019374027,148.22254738528525,7179000
2023-04-24,149.66261291503906,150.44811399494168,147.13158495376524,147.58542913432578,7177600
2023-04-25,147.48944091796875,148.7200367789467,147.00067841925383,148.65022688226097,5807200
2023-04-26,144.8623809814453,147.45450930668704,144.20780339057447,146.80866794017354,5927400
2023-04-27,145.708984375,146.09300539944903,144.06818543064952,145.25514013543147,6417200
2023-04-28,147.13160705566406,147.4458048713405,143.17795897689552,143.57070291713686,10036300
2023-05-01,145.96209716796875,147.26251627957933,145.19405510868637,146.37230023895668,6099800
2023-05-02,139.6781463623047,144.3387496656545,138.29044484695692,144.28638558091188,10701700
2023-05-03,136.87652587890625,139.26792056369004,136.79797977211246,138.02857539745673,7538100
2023-05-04,136.3441619873047,138.07224325795045,135.64594316239823,137.12092693419132,7500400
2023-05-05,139.8264923095703,140.62070291531552,138.57842424211847,139.03226838641132,5802000
2023-05-08,139.27667236328125,141.65060841101146,139.22430828122225,141.01348988359916,5028200
2023-05-09,138.8751983642578,140.00980235638366,137.8191538161212,137.99370520319812,5019800
2023-05-10,137.10345458984375,140.0272398110308,136.04741020520595,140.0272398110308,6161200
2023-05-11,136.3441619873047,136.43144433444914,134.3106058190697,135.6110382139903,6666100
2023-05-12,136.69326782226562,137.8365946815813,135.768133518313,137.0249247679908,4898900
2023-05-15,137.19944763183594,138.03731272994276,136.35285962759767,137.22562966764423,5096700
2023-05-16,133.97891235351562,137.04234344970862,133.82182015238408,136.57104021148842,7007700
2023-05-17,135.89903259277344,136.51869188076998,134.3716849800129,135.09607241416902,6169600
2023-05-18,135.73158264160156,135.93429516879334,133.54592095048096,134.72688212289222,7477700
2023-05-19,136.8068084716797,137.87320775860633,135.7139842033685,136.5071639753897,8100900
2023-05-22,134.34793090820312,136.45427745588543,134.03946465879696,135.5377004819982,11661000
2023-05-23,138.23452758789062,138.96600860323537,135.58175575623696,135.84615345162052,10436200
2023-05-24,138.60467529296875,139.75038964391769,137.74097528118375,139.2039641685828,7064000
2023-05-25,136.21629333496094,137.1593085643128,135.28209987833247,136.3220470250474,7037700
2023-05-26,135.7932586669922,137.15930203953033,135.24684669710638,136.85964418549986,7736200
2023-05-30,134.9472198486328,135.07060365882103,133.2639150341705,133.66931321857754,7814800
2023-05-31,132.74391174316406,134.33028442930086,132.51477425154295,133.55472146100618,13346400
2023-06-01,134.1011505126953,135.49363249388077,131.9683657408519,133.3432176228811,9887700
2023-06-02,137.7145538330078,138.14640389213386,135.37906976834805,136.2339481122786,9464300
2023-06-05,137.0535430908203,139.6446161119995,136.8155972852361,139.6446161119995,6443800
2023-06-06,137.30029296875,137.62638922147755,135.0176864387706,135.13226188820104,6176400
2023-06-07,140.8608856201172,141.1957903546458,137.92609864855228,137.97016718433167,9900000
2023-06-08,140.3408966064453,141.44254264203016,138.44605735654278,141.15170647489646,7142200
2023-06-09,140.00596618652344,141.35437961052352,139.79444534533366,140.3761175727367,6669500
2023-06-12,138.65757751464844,140.42021116240676,137.68812362925036,138.41961820680936,7159600
2023-06-13,139.697509765625,141.52184184821488,139.4860023574356,139.70633153951692,7660800
2023-06-14,138.44606018066406,141.68931316845445,137.6176201933527,140.9930653289788,7721100
2023-06-15,139.49481201171875,140.82559544294378,138.6487554752532,138.6487554752532,7705400
2023-06-16,138.5958709716797,140.34088786579966,138.5958709716797,139.7504072412415,22908100
2023-06-20,135.4407501220703,137.9877684100913,134.1716653128896,137.61760354527576,10438700
2023-06-21,136.49835205078125,137.4501758208175,134.40081373637764,134.550635980574,7328200
2023-06-22,134.52420043945312,135.36144873867494,133.9337197768898,135.149941306012,7088600
2023-06-23,133.38729858398438,133.69575138493948,132.31209104823142,133.08764066168925,15172700
2023-06-26,135.73158264160156,136.57765260632695,133.554729276427,133.62523622747293,7371800
2023-06-27,135.30856323242188,136.34852401858126,134.68283585368323,135.2821248050288,6581700
2023-06-28,136.53358459472656,136.6217216458221,134.12759371546824,135.22923961503307,5773800
2023-06-29,137.69696044921875,137.72339888099765,136.11058730333957,136.98308244770138,5633500
2023-06-30,138.67518615722656,139.17752967623224,138.0141986416017,138.77213153076457,6346600
2023-07-03,138.55181884765625,139.3361902549645,138.10233867693137,138.52536697188387,3272600
2023-07-05,137.75863647460938,138.98366637422745,136.70986725773233,138.98366637422745,6318700
2023-07-06,134.7357177734375,137.33559966483028,133.63407176455692,136.78036577304974,9203000
2023-07-07,135.9166717529297,137.47660618294617,133.92490071728136,134.08353127906616,6602200
2023-07-10,136.82440185546875,137.3003069014017,135.65224916625306,135.66105749101743,5167900
2023-07-11,139.35379028320312,139.60937965328517,137.18575876337312,137.48540320955686,5060500
2023-07-12,140.6934051513672,141.31032418557098,139.53888236282296,140.3232537308449,6464000
2023-07-13,138.81617736816406,141.53945597164184,137.98775103322234,140.86964672711193,8143900
2023-07-14,135.3526153564453,138.38434684313387,135.10584776546602,138.37552506985415,7065700
2023-07-17,135.22923278808594,135.84615177113236,134.5241767583935,135.14991751479965,4351700
2023-07-18,135.50244140625,137.547102586816,134.28622006788487,134.55061776507193,6798300
2023-07-19,136.3308868408203,137.29151884710762,135.08822702654442,135.57295391663354,5653100
2023-07-20,137.8379364013672,138.53418417515897,137.22983913086284,137.62642898478362,5866600
2023-07-21,139.85617065429688,139.9795544732454,138.4196199103889,138.83383989853624,8760100
2023-07-24,142.61468505859375,144.57119590065875,141.0194904212219,141.42490204928816,9722100
2023-07-25,143.26683044433594,144.1040785604193,141.5923342121692,142.69398000907486,6767600
2023-07-26,142.191650390625,142.8526379957668,141.49541603025298,141.78625219025463,6056400
2023-07-27,140.7110137939453,143.18751132719743,140.32323233220168,142.8526067106326,6470100
2023-07-28,140.01478576660156,140.12936124576726,137.93487772843687,139.60938759818265,6542300
2023-07-31,144.23631286621094,144.51832725354598,141.55710222347756,142.0065824047892,13056300
2023-08-01,143.03768920898438,144.21865024482153,141.49538513375958,144.21865024482153,7531400
2023-08-02,140.772705078125,142.08587173100437,139.30090788281953,142.04180320883327,7067100
2023-08-03,140.71983337402344,142.50890516739736,139.99716068573798,140.93135421948097,6680700
2023-08-04,140.40257263183594,143.67226376918438,140.16461333828212,141.5923556517783,10185400
2023-08-07,140.9137420654297,142.22690893353456,140.19987761186152,141.9008125742818,13927400
2023-08-08,140.7021942138672,140.82557800381528,137.67928463622678,139.19515031148873,6451300
2023-08-09,140.88731384277344,142.27979609595783,140.4025868799833,141.76863070318169,10531500
2023-08-10,141.74217224121094,143.19633947624033,140.67577307378355,141.3015138732837,8647100
2023-08-11,144.66815185546875,144.6857819574105,141.16932297445607,141.4513508142142,6682600
2023-08-14,144.5623779296875,144.75626868045848,143.31090982332765,144.33324042778804,6060100
2023-08-15,140.3408966064453,144.0159861674171,140.21751278837291,144.00716439252278,7876500
2023-08-16,139.80328369140625,142.6234946691291,139.66226978056343,141.46897185073527,7920500
2023-08-17,142.14341735839844,144.27000690912843,141.44938485746172,141.63623245083178,8270500
2023-08-18,143.1666717529297,143.54039410731932,140.72866493272204,140.92441908899573,5999200
2023-08-21,142.68617248535156,144.2077134681234,141.87646346190536,143.43358993296405,6802300
2023-08-22,141.51165771484375,143.47809211400534,141.44937971167494,142.80185917225066,6080800
2023-08-23,141.69851684570312,141.84088596099843,139.42955828754864,140.7108531710743,4975600
2023-08-24,140.5329132080078,142.2679945531209,140.19478991821794,140.34605202757984,5989600
2023-08-25,141.5828399658203,142.28577898555147,140.27485257286514,141.53836149731026,5291800
2023-08-28,142.55271911621094,143.9674765711303,141.67182548237835,141.9476571598331,4386100
2023-08-29,142.3302764892578,143.21115657094165,141.5650594380281,143.17557107935573,5374800
2023-08-30,142.52601623535156,143.47809444884123,142.30356957729134,142.89083201306627,5534900
2023-08-31,143.3446044921875,143.46917405381376,142.30354238359038,143.26451339202038,7003700
2023-09-01,146.19198608398438,146.53900242169124,144.71493661494688,144.71493661494688,6663000
2023-09-05,148.11386108398438,149.09261805021194,146.99272144765695,147.0639059941749,9755800
2023-09-06,148.26515197753906,148.98587698268324,147.33087329132502,147.95372122311218,7195500
2023-09-07,148.27403259277344,149.39515877650837,147.95370888641125,148.71892587510618,7925900
2023-09-08,148.7812042236328,149.92012983897862,148.33631098085507,148.96805178244344,7434400
2023-09-11,145.71148681640625,150.0091588470411,144.91957707848823,149.5553724501677,7155100
2023-09-12,148.42530822753906,148.76343149763625,146.9037806662352,147.0817352799986,7521100
2023-09-13,147.88250732421875,149.26167905624663,147.33084406223318,148.959154917549,5759500
2023-09-14,148.7989959716797,149.92902865391343,148.70111891137495,149.21719672233945,8822800
2023-09-15,148.14944458007812,149.81334090427504,147.59778132329922,147.89141248234523,17439700
2023-09-18,148.7901153564453,149.80447153066993,148.06048383226775,149.3684712118029,7027600
2023-09-19,148.7722930908203,150.33832594652262,148.08715371645056,150.09807980123847,6615100
2023-09-20,148.31851196289062,149.93791631213278,148.23843443740893,148.6566351732325,5939100
2023-09-21,146.98385620117188,149.3684778626247,146.8592866155298,148.70113788731368,7150000
2023-09-22,147.95370483398438,148.96806094683737,147.65118066877992,147.90921279155663,5963000
2023-09-25,150.11590576171875,150.17818376468233,147.69568508321842,147.99820927376442,5510000
2023-09-26,149.30618286132812,149.84895318920815,148.57655138772398,148.9858591665618,5659200
2023-09-27,152.18910217285156,152.35816380816098,150.20488175104813,150.70316010118114,9124400
2023-09-28,151.7886962890625,152.7763599806169,150.75654055108262,151.7531107981619,7151800
2023-09-29,150.0358123779297,151.70861553316175,149.32399395848853,151.69972255489188,7396100
2023-10-02,148.18505859375,149.9913379338906,147.01944028701473,149.78667723459733,6839600
2023-10-03,148.5320587158203,148.91467398322715,147.2685634743403,147.63337920959532,6168600
2023-10-04,145.07081604003906,146.79700439187832,143.69165753146717,146.5478652047126,9664700
2023-10-05,145.83599853515625,146.59232247343212,143.60263935972293,143.6293318679384,8073000
2023-10-06,144.3500518798828,146.25419433845425,141.4671524732415,146.2008093238222,10190400
2023-10-09,148.34521484375,149.6532021596636,146.77028884716856,148.04269067495693,8183500
2023-10-10,148.18505859375,148.95027563454002,147.41984155295995,148.38971929304327,6512900
2023-10-11,143.3446044921875,146.88595081018886,142.7929276532164,146.8770578333098,12570700
2023-10-12,143.4602813720703,145.2665469788438,143.16665018190142,145.2665469788438,7397000
2023-10-13,145.9783935546875,146.67242604567124,144.41237396065927,145.40003767122326,8042800
2023-10-16,147.1707000732422,147.53551584235882,145.79154168742656,147.1173150488966,5446000
2023-10-17,149.11932373046875,149.66209406568257,146.50334911737482,146.66351775545465,7538300
2023-10-18,150.302734375,150.99676676079383,149.11042372013003,149.9023331642827,6893500
2023-10-19,150.46292114257812,151.41498575495535,149.04815011447687,150.10699835243125,6580200
2023-10-20,148.44309997558594,150.46291935737295,147.79355955974054,149.84896443158692,7458300
2023-10-23,142.9709014892578,146.30760117200262,142.5882997759613,145.30215156667356,16232400
2023-10-24,139.38507080078125,143.32683264991442,139.22491572363538,143.15777101710495,17689900
2023-10-25,138.69102478027344,140.06130366624512,138.06817691258868,139.6431029028571,10502400
2023-10-26,137.69447326660156,138.07707497904224,136.69791664157862,137.9258128896774,10830400
2023-10-27,128.44068908691406,134.58021061990533,128.0936728885635,134.108624852328,24524300
2023-10-30,129.98892211914062,130.30035286232365,128.41400960071067,129.60632039523713,13857100
2023-10-31,129.66859436035156,130.37153336094144,128.33391449180772,129.99782462699707,14261300
2023-11-01,128.11146545410156,129.91773108962704,127.96910992268583,129.89103857892,10819600
2023-11-02,132.36465454101562,132.57820822052417,127.97801296050969,128.6097538663227,11099100
2023-11-03,131.34140014648438,132.18669469835137,130.04230574075524,131.95535507083952,13160000
2023-11-06,130.7986297607422,132.87183416102772,130.52279808799906,132.33795677199421,10634200
2023-11-07,128.49411010742188,129.56185151096605,127.45306122068614,129.16145018177056,15054600
2023-11-08,126.7055892944336,128.70760887401107,126.57212675328745,128.0224830600419,12654100
2023-11-09,126.29629516601562,128.04917561809285,126.15392607069487,127.28395870207403,10359500
2023-11-10,127.19498443603516,127.63098473269233,126.10944376032977,127.49750860413266,11988200
2023-11-13,128.1292724609375,128.39621116064436,127.10602328530513,127.37294840794574,8747700
2023-11-14,129.0635528564453,129.46395412285528,128.00470459884872,128.55636796247728,11224400
2023-11-15,129.51731872558594,130.47828975968216,128.4940696975452,128.89447090081921,10052100
2023-11-16,127.46734619140625,129.03179516432505,126.54126022808047,128.5912382555769,14031300
2023-11-17,129.885986328125,130.542335564454,128.0338003652355,128.52831570194417,11075600
2023-11-20,129.81405639648438,130.9918932935573,129.7151533285186,130.03883484918953,8062400
2023-11-21,129.5083465576172,129.74212492754558,128.30353735043582,129.31954034124664,6783300
2023-11-22,129.7690887451172,129.8230333748329,126.52328756981477,127.4403874331427,7216100
2023-11-24,130.28158569335938,131.21667173942134,129.65220876969536,129.7421256385279,3861000
2023-11-27,129.79605102539062,130.20964935354723,128.43839431142078,130.05678795532117,9850800
2023-11-28,130.8300323486328,131.73814598547958,129.52632019960217,130.17368317501084,9746500
2023-11-29,129.3914794921875,131.71119490819518,128.62722721984713,131.62127803401793,16417100
2023-11-30,129.11273193359375,131.27958550918945,127.7011168488457,130.3534995020104,16276000
2023-12-01,130.20065307617188,131.7291436266884,128.2136194763163,129.0138301228411,11906500
2023-12-04,130.25462341308594,131.00088957985668,128.79806331760443,129.47239872764425,11842800
2023-12-05,128.44737243652344,130.4344195753343,128.24058014513463,130.15568282855884,9597600
2023-12-06,128.1506805419922,129.49935115491098,127.0897329118018,127.58423449436248,18079700
2023-12-07,128.05177307128906,129.48136057909275,126.76604704989472,129.0318037236033,14786700
2023-12-08,129.75108337402344,130.07476482367116,128.68113597881612,129.03178973931907,10821700
2023-12-11,129.78707885742188,130.73113734528673,129.31054965441226,130.22763582658882,9849600
2023-12-12,128.12371826171875,129.10374902454123,127.44938290244656,128.72612286967535,9863900
2023-12-13,130.0208282470703,130.08375906983142,127.35944574980512,127.82698869920019,10641300
2023-12-14,134.8041229248047,134.8041229248047,131.1357507625476,131.1357507625476,14960500
2023-12-15,134.28262329101562,134.7052077857377,132.45742375823082,132.45742375823082,30850900
2023-12-18,134.57933044433594,136.7731700415778,134.25566268676204,135.61331941877953,11561700
2023-12-19,136.34161376953125,136.51244758373429,134.40852462009056,134.8311091964704,8738100
2023-12-20,135.0918426513672,137.61835012581827,134.92100884159794,136.80015331028517,9370000
2023-12-21,135.5054473876953,135.58636433737257,134.1657628812468,135.56837821987054,7264700
2023-12-22,135.8111572265625,137.01596655891268,135.5414203129077,136.43154801215172,6396100
2023-12-26,137.033935546875,137.57339558735407,136.57537873517205,136.7282401519981,5165600
2023-12-27,136.58438110351562,137.53743953957357,136.07187965051023,136.90806262136434,5337200
2023-12-28,134.66026306152344,136.68326889209843,134.32758166242397,135.9280029552835,8148000
2023-12-29,134.11181640625,135.073861028883,133.67124570952262,134.8940410144961,7658600
2024-01-02,134.39952087402344,136.1977483922928,134.18374235223894,134.85807767158994,8879700
2024-01-03,136.96200561523438,137.7352440253193,133.68023204199793,134.31860887100487,10255300
2024-01-04,135.46046447753906,138.7781960087102,135.39751993734927,138.1578054011728,8220300
2024-01-05,135.22671508789062,136.6922750268868,134.7142273368122,136.6473165913284,7455400
2024-01-08,134.41751098632812,134.59733099962295,131.7921003779384,133.44646645127096,10038200
2024-01-09,131.00086975097656,134.82210316280313,130.90196669036558,134.82210316280313,11784700
2024-01-10,129.92196655273438,131.28862360634463,129.5713126589109,131.28862360634463,8490400
2024-01-11,130.6232452392578,131.4234559324961,130.02982686825763,130.8749959931269,8612500
2024-01-12,132.4125213623047,133.51842773035906,131.42349048395315,132.9160230024143,9386900
2024-01-16,129.1936492919922,131.79208732704313,129.09474623656592,131.72914278295994,9380400
2024-01-17,128.68115234375,129.49036293047257,127.71010787131495,128.0517754781125,8167000
2024-01-18,127.51229095458984,128.74407213472907,125.53423015809521,128.5732383641787,11187800
2024-01-19,127.88993072509766,127.89891692263363,126.78401105582309,127.43137398243752,11192500
2024-01-22,128.11473083496094,128.26757853527147,126.70311557777117,127.59324318246084,9184600
2024-01-23,127.75506591796875,128.86997187616936,127.58423211508295,127.6651627770829,6767200
2024-01-24,130.29957580566406,130.3535204408622,127.87197118602826,128.3035419870019,8100000
2024-01-25,133.5813446044922,133.6892338708964,130.57829406882502,131.46842167482353,9773600
2024-01-26,134.0938262939453,134.20171555548558,132.15173726989718,133.0958094665362,9151900
2024-01-29,134.03988647460938,134.16576185738714,132.26863119734466,134.04887267359788,10494800
2024-01-30,134.9749298095703,135.1457635893905,132.80807645118784,133.2306472231314,9902900
2024-01-31,132.55633544921875,135.2087320246868,132.4754185032289,135.19973210665202,10428000
2024-02-01,132.96994018554688,133.98594317626345,131.73815866185538,133.2396770711534,8641100
2024-02-02,136.88108825683594,137.90607742812318,134.46246996790157,135.64030683708222,12839100
2024-02-05,136.96200561523438,138.02295330474817,135.57736269235812,136.32362878622743,8277800
2024-02-06,136.97998046875,138.04991426922658,136.49445137801862,137.11484203873837,6198200
2024-02-07,136.7821807861328,138.26571300332293,135.9190255394526,137.58239148426705,6252000
2024-02-08,138.51747131347656,138.73326356676273,136.35060373966238,136.6203406264231,9237000
2024-02-09,135.80213928222656,139.65035888211048,135.74819465053352,138.84114824855212,9194500
2024-02-12,136.73721313476562,137.21374229818838,136.11682248669814,136.32361479625854,6713000
2024-02-13,135.40652465820312,137.62733652833705,134.50741098509258,137.22272439992858,6987100
2024-02-14,135.77516174316406,136.84510929520758,134.93899254531377,136.01792629583127,5995100
2024-02-15,140.39248657226562,140.96509958525883,136.038730382356,136.25687725864563,8950300
2024-02-16,140.5469970703125,141.5831704248856,140.05617008341176,141.21959231068374,7570200
2024-02-20,139.97438049316406,141.43774957126521,139.81986498418294,141.31050068921675,6977900
2024-02-21,141.2832489013672,141.40141354321165,140.06529320682526,140.49248889908972,6628900
2024-02-22,141.27413940429688,142.3648599846975,139.81986841224324,140.71970873034724,8874900
2024-02-23,140.5742950439453,140.81061046906072,139.29270791012212,140.7651614610143,6561600
2024-02-26,140.38340759277344,141.38323024240498,139.81987875521168,140.46520748162803,6900800
2024-02-27,138.30198669433594,139.86533829932253,136.24780798106102,139.2472622868651,15093800
2024-02-28,138.465576171875,139.84714550645208,137.95658059310696,138.4837585479994,6715900
2024-02-29,138.16563415527344,139.2836214856153,137.68390518948638,138.98367468009113,9334400
2024-03-01,138.8927764892578,140.2925282465953,138.38378089353137,139.11092340275047,7459100
2024-03-04,135.3207244873047,138.6928276245799,134.22091941083457,138.61102772368554,12503200
2024-03-05,135.96603393554688,136.90222520774344,134.79352724918542,135.2752562001569,6985500
2024-03-06,134.82078552246094,138.52919949809342,134.64808763204528,137.09309698774393,14692100
2024-03-07,135.7660675048828,137.0203879320208,134.92985850982055,134.97530751512497,8739300
2024-03-08,136.22962951660156,136.32961178179104,134.87532680977853,135.7660690738643,7528400
2024-03-11,138.15652465820312,138.22924028284,135.9660132741862,136.7931379017077,7577100
2024-03-12,138.0565643310547,138.67464030407382,137.05674166988672,138.00203107118907,6432900
2024-03-13,139.87440490722656,140.77424524617274,139.20179571627895,139.28360947006578,8065600
2024-03-14,141.51956176757812,141.54682839688363,138.84732114292524,139.7653438931745,9047200
2024-03-15,141.38323974609375,142.7375286717962,140.35615039780376,141.05602629959103,20387200
2024-03-18,141.25599670410156,142.40123687983547,140.82880096818928,141.81952560292592,7242700
2024-03-19,142.3557586669922,142.55572317763736,140.89238958586415,141.15598547220912,7736700
2024-03-20,140.4742889404297,142.18305762652048,140.1834264335535,141.57407985547206,8449100
2024-03-21,140.75607299804688,141.51048212797062,140.3470596760397,140.8378728886304,7899100
2024-03-22,140.5742950439453,141.13782391026896,140.11983270166107,140.9560417471733,5974700
2024-03-25,142.21945190429688,142.98294533974408,141.1287450152165,141.31961143953302,6058700
2024-03-26,141.1287384033203,142.5739253103719,140.56519567290988,142.26489424894385,6677900
2024-03-27,142.1103973388672,142.1921972418887,140.74701014547514,140.765178655641,7416900
2024-03-28,143.37379455566406,143.78280791791317,142.12855822154395,142.83751841453335,8331600
2024-04-01,144.59173583984375,145.05528242120795,142.64663763212505,143.85550908805197,6285700
2024-04-02,145.2279815673828,146.53683530136237,144.5372038162668,145.47339510977642,8815400
2024-04-03,145.82789611816406,146.2914427700713,145.17346915718224,145.51886501689256,7819700
2024-04-04,146.05511474609375,147.200354894699,145.26435468175376,146.15509701955781,9269700
2024-04-05,146.88221740722656,147.40029720495386,145.30068364804478,146.63680388773028,7432800
2024-04-08,146.58229064941406,147.7002641500972,145.7278992100452,146.92767260536826,7253200
2024-04-09,147.24578857421875,147.72751751373073,145.84605076054203,147.1094554287301,6576200
2024-04-10,147.8547821044922,147.94568012386185,146.34596374513538,147.43668450120907,7525800
2024-04-11,147.1457977294922,148.71823334847477,145.2461487113312,148.71823334847477,7682500
2024-04-12,144.482666015625,148.94547543091696,143.6464431470106,147.509372843986,11071000
2024-04-15,143.23744201660156,145.87333200250808,143.02839321621445,145.37342063715596,7236900
2024-04-16,142.0467529296875,143.43740662998877,141.26507712234053,142.97386001958517,5541900
2024-04-17,142.15582275390625,143.34652580467792,141.46504494940572,141.78317415372706,6733900
2024-04-18,143.21923828125,143.64642003119886,142.14670017311084,142.8283935393485,4979200
2024-04-19,145.42794799804688,146.1096415042877,143.74643180168349,144.29179215431213,7734700
2024-04-22,147.17308044433594,147.88204057520358,144.01002648591958,145.38249774047824,6779200
2024-04-23,148.01840209960938,148.01840209960938,145.97332139809302,146.61865020832494,5597600
2024-04-24,148.67282104492188,148.91822073017207,146.74589123427393,147.13673607037856,7610300
2024-04-25,150.22705078125,150.51791329880106,147.85475711519092,148.7909483062901,9702600
2024-04-26,150.781494140625,151.7722185787445,148.4273828675963,150.1816006046838,9736400
2024-04-29,151.1814422607422,151.89040239491868,149.69080635438524,150.79969556303868,6364000
2024-04-30,146.58229064941406,150.99056713490123,146.29142808746283,150.85423397716804,8457300
2024-05-01,145.0916748046875,146.74591078055113,144.42814969416753,146.13693280977606,7713700
2024-05-02,146.09144592285156,147.0458195191449,145.32795259345232,145.8005972650708,8597100
2024-05-03,145.6551971435547,146.02785963487526,142.73754247434746,146.02785963487526,11664500
2024-05-06,147.5184783935547,149.08182995327255,146.09145998825232,146.09145998825232,8430300
2024-05-07,147.8547821044922,148.29106208546733,147.26398658586106,147.5275686514882,6869900
2024-05-08,147.73658752441406,148.2274145390328,146.8276629912111,147.20032537840535,6706400
2024-05-09,150.381591796875,150.43612506089238,147.90931545475613,148.17291138962756,6683300
2024-05-10,150.7178955078125,151.26324198861641,149.9907529976508,150.9178461757444,5490900
2024-05-13,149.54534912109375,151.70859390168565,148.13651335112078,151.31774914889124,6848300
2024-05-14,148.70916748046875,150.1543543933875,148.1729052477389,149.37267861366146,4924000
2024-05-15,148.20016479492188,148.88185827247986,145.58245740299066,148.2728804301521,7603100
2024-05-16,147.89720153808594,148.7326785886477,147.3371581756273,148.30116907941863,6409400
2024-05-17,149.34780883789062,149.6232425314361,147.9890203613097,148.50315578438685,5497900
2024-05-20,147.94308471679688,149.65075648614535,147.8788248055111,149.39368882272834,4913800
2024-05-21,146.86891174316406,148.2368900116047,146.65775201351804,147.4289550332894,4783300
2024-05-22,144.6654510498047,146.45574853632286,143.70144040040702,146.45574853632286,6260500
2024-05-23,144.08706665039062,145.61112077668992,143.52702333935957,144.98680354037657,6718400
2024-05-24,144.83071899414062,145.9508055486139,144.41757552942374,145.13369460403624,4477700
2024-05-28,146.01507568359375,146.36395926046976,145.01434690787255,145.17042271617547,6928300
2024-05-29,144.05032348632812,145.51011758294123,143.62800404411917,145.0786081468993,5909600
2024-05-30,145.2989501953125,145.48258197034477,143.96770388115382,144.0044358398153,6369600
2024-05-31,149.0081024169922,149.2651701064413,145.528484605507,145.6386664789412,10334200
2024-06-03,144.56446838378906,148.43884918627273,143.64636561343616,148.26442142758037,9009900
2024-06-04,143.34339904785156,143.54538279078383,141.48882741235417,142.96697352610167,6360500
2024-06-05,142.28756713867188,144.16050468416864,141.87442368306247,143.37093572070174,7058500
2024-06-06,143.1597900390625,143.24242995368456,140.82781464867386,141.84690951037612,5215100
2024-06-07,143.29750061035156,144.7756468221529,142.4253056675432,142.9578070243123,5887700
2024-06-10,143.90347290039062,145.24389546915083,143.51787131174152,143.60049722163623,7074700
2024-06-11,143.67393493652344,143.91263665898347,141.82853905083667,143.3801352696749,5132000
2024-06-12,141.58982849121094,144.72056270111088,139.91887451086376,144.59202885717175,10017400
2024-06-13,140.32284545898438,141.47047409694875,139.76280212329223,141.17668845038196,6163000
2024-06-14,140.074951171875,140.7359723006558,139.5240838872312,140.58908649933616,6159100
2024-06-17,140.64418029785156,141.32356745291017,139.48736172072935,140.0106870787871,6321400
2024-06-18,140.77272033691406,143.17814546905683,140.32284486943223,140.97470409707827,6942900
2024-06-20,143.81163024902344,144.5185733679765,140.69926213954838,141.12159561570076,8336000
2024-06-21,142.56301879882812,144.7572841942054,142.50793486566914,143.95853914512298,21289800
2024-06-24,146.26296997070312,146.4741297140084,143.39849342103716,143.47194333373864,7971600
2024-06-25,145.4825897216797,146.3088767167994,144.75728059541527,146.08852698050293,5985400
2024-06-26,143.17813110351562,145.48257813350202,143.03123129101905,145.48257813350202,8637800
2024-06-27,143.51785278320312,144.08707210117737,142.893535523272,143.86672236076546,5568700
2024-06-28,143.6096649169922,145.59277069480947,143.38013917444314,144.61958378786383,11283400
2024-07-01,143.7014617919922,145.7029192776455,143.20567840860843,144.2890470547575,5584100
2024-07-02,143.91262817382812,144.80318909888845,142.719091613621,144.76645713812854,7216800
2024-07-03,143.8759002685547,144.82154506019478,143.73817643894054,144.0870599963315,3264200
2024-07-05,141.67245483398438,143.72901035260955,141.09404552987203,143.72901035260955,6183100
2024-07-08,141.69082641601562,142.5630213949056,140.76354750296358,140.76354750296358,4990700
2024-07-09,140.45140075683594,142.08562306615647,139.87300536117942,140.46976674040718,5301600
2024-07-10,142.42529296875,142.70990259752983,139.82706034318835,140.01067810280722,5416600
2024-07-11,142.5446319580078,143.8483362188272,141.58981123499103,142.30593027953776,8322500
2024-07-12,142.8476104736328,143.62800345282875,141.9019657157668,143.37093579102847,6446300
2024-07-15,145.09698486328125,146.45578732344046,143.5637546093261,144.09625600439296,5661200
2024-07-16,144.8490753173828,145.34484464016774,143.36173933075554,144.1513082589954,6924200
2024-07-17,148.0257110595703,148.25523676040473,145.3264865762957,145.5192943290169,7296600
2024-07-18,148.70513916015625,150.82595477923027,147.11682494473789,148.02573791911843,6577700
2024-07-19,146.11607360839844,149.37534176494054,145.43668641579973,149.17335800250885,6427700
2024-07-22,144.13299560546875,145.96001161712553,144.00446174530626,145.2622583775492,5577300
2024-07-23,141.47048950195312,143.77493702377018,141.24096374936673,143.5454112711838,6238700
2024-07-24,142.37022399902344,142.9486193021316,140.8553458024579,142.0213404126983,5971700
2024-07-25,144.63792419433594,145.29895940074695,141.95706541684171,142.64564258942497,5432100
2024-07-26,144.91336059570312,146.01508129076765,144.19724144345423,144.81236871478913,5232500
2024-07-29,143.77490234375,145.28976634176297,142.17739844779302,145.28976634176297,5072000
2024-07-30,146.50167846679688,146.97908186211316,143.62801206400223,143.64637804355678,5740900
2024-07-31,147.3279571533203,148.4480436878966,146.94235565915852,148.4480436878966,6209200
2024-08-01,140.12086486816406,146.43741751735436,139.57918750098287,145.7121223657723,16689900
2024-08-02,136.38417053222656,139.58834026297347,134.97947440201497,138.75287738157897,13278600
2024-08-05,132.81277465820312,133.831869481935,131.66514598324108,133.60234374694258,13037200
2024-08-06,131.4998779296875,133.20754992931282,131.39888604764528,132.6566965801962,9692700
2024-08-07,130.74703979492188,133.7951341951403,130.6276819327667,132.739321444062,8867900
2024-08-08,132.6566925048828,132.9596681417018,131.02247047050534,131.3529880734771,7531100
2024-08-09,133.11573791503906,134.14400862913794,131.4631499751389,132.39961880927197,7653100
2024-08-12,133.14328002929688,134.72241806151314,128.24979012830713,133.89611708606725,8442200
2024-08-13,132.34449768066406,132.71174716359047,131.33459312317092,132.28023777686153,7794800
2024-08-14,132.8219451904297,133.34527056911057,131.68349254832395,132.56487749852494,5874200
2024-08-15,134.7775115966797,135.4385468204918,133.56560901664452,133.66660089831413,6304200
2024-08-16,135.20901489257812,135.53034249469695,133.71250271710872,134.0889282596353,6874400
2024-08-19,136.3137969970703,137.14933185897908,135.4411190676507,135.55251993832397,5967400
2024-08-20,134.32705688476562,136.01669800424656,134.20636317411396,135.8495967118936,7497600
2024-08-21,134.91195678710938,136.1374089169958,134.19710144788297,135.01406481249717,5985000
2024-08-22,135.2925567626953,135.84958937230041,134.73553831901793,134.93978266481128,4027000
2024-08-23,137.0471954345703,137.48353435394944,135.8403150185121,136.03526652193705,4824100
2024-08-26,137.8641815185547,139.3402996582233,136.98222494135243,138.3005204653894,5780300
2024-08-27,136.42518615722656,138.83897536476888,136.23023465028268,138.02199794081392,5100000
2024-08-28,135.54322814941406,136.60157881627234,135.06046747995623,135.95171685696081,5614400
2024-08-29,136.86151123046875,137.56707355596288,135.02332637857154,135.97027609994217,4466700
2024-08-30,137.3535614013672,137.47425510885074,135.26471030621516,135.7474709702213,6414800
2024-09-03,134.29920959472656,135.32971008446853,133.94642130417003,135.12546572319147,7944700
2024-09-04,131.89471435546875,135.10689540082086,131.5233545289435,134.28063926495446,9820700
2024-09-05,130.83633422851562,132.9159065169465,130.5299818854825,132.9159065169465,9371100
2024-09-06,128.63609313964844,131.9318388906459,127.99550985527168,130.96633170547858,7836400
2024-09-09,130.25148010253906,131.84829193362725,128.61752520602343,128.7103687036632,9892300
2024-09-10,128.32972717285156,130.97561096804478,127.27137648795998,130.8084955094153,8202500
2024-09-11,128.00482177734375,128.56184033280823,125.67458286430269,128.31118835751798,9534000
2024-09-12,129.2395477294922,129.48092098468277,127.57774266074361,128.32972680761472,6591500
2024-09-13,130.53927612304688,131.39338247741247,129.70374130153874,129.85227106661134,5900700
2024-09-16,131.91326904296875,132.91591930532803,130.96633337790328,131.54192338991507,6864300
2024-09-17,133.1387176513672,133.81642975354745,131.58832779699293,131.64402822101778,7338800
2024-09-18,133.64935302734375,135.17189294933334,132.9344977339063,133.0551914520778,6180300
2024-09-19,134.60556030273438,136.26735104754127,134.5498457113618,135.36682306036744,7247400
2024-09-20,135.2461395263672,135.45967672786037,133.16658126849293,134.82837213819982,23162900
2024-09-23,136.97291564941406,137.78989301195728,135.4967976869413,135.7753139847108,6960600
2024-09-24,136.88938903808594,138.42122186173742,136.38807094684626,138.21697748525057,6014200
2024-09-25,133.6586151123047,136.8522384949736,133.2222762102582,136.42517827550748,7888400
2024-09-26,131.82044982910156,132.96235125750792,130.55785467952234,130.80850663990174,8046200
2024-09-27,135.06976318359375,135.3297079728123,132.60955220330098,132.73952459791025,8049200
2024-09-30,136.72227478027344,136.91722628831837,133.94641859251513,134.95834752912916,7491700
2024-10-01,138.97824096679688,139.7395180397631,135.03263284288286,135.86818188632847,9489100
2024-10-02,140.13868713378906,141.37343184566504,138.56972570166147,140.81639925660332,8105400
2024-10-03,140.41722106933594,141.27132742485446,139.27531970081895,140.47292150205448,6553300
2024-10-04,139.94374084472656,141.57768144561078,139.3867082349629,141.55910991437125,7892400
2024-10-07,140.2965087890625,141.8097697853349,139.89731296345255,140.64929703750076,5895900
2024-10-08,138.09625244140625,138.88537955029923,137.14930274392,138.51401978367392,5892700
2024-10-09,138.9318084716797,139.60024198837795,136.80582837407601,136.94507945425116,4973500
2024-10-10,139.8323211669922,140.69572026678307,139.1174801462429,139.88802159292825,4420900
2024-10-11,140.5750274658203,141.419855040394,139.48882665533728,139.60952035625562,5051300
2024-10-14,140.9092559814453,141.02065684335258,139.4238450483487,139.73950443363347,4214700
2024-10-15,137.14932250976562,139.2196163215133,136.9914998984271,138.14269409198474,6704600
2024-10-16,138.07766723632812,138.35618349223108,137.59492083641655,137.72489320038125,4303700
2024-10-17,140.37078857421875,140.49148227982204,138.30050904306935,138.56973250257528,6593100
2024-10-18,139.95303344726562,140.25939999651442,138.6811596664475,140.01802673010437,5208200
2024-10-21,140.07371520996094,141.55911191376435,139.711648258279,141.11349431921613,5074000
2024-10-22,140.11083984375,140.81640219414322,139.4609779202395,140.41720635753228,4416400
2024-10-23,139.7023468017578,140.18510742956423,138.59757448328114,139.59094595146675,5248600
2024-10-24,139.67449951171875,140.6028777260418,138.6811421886753,140.30580406374065,5474300
2024-10-25,140.00872802734375,141.22490132398727,139.68380412452132,140.54718913691275,6839900
2024-10-28,139.75804138183594,139.90658528662956,137.5485110032183,137.6320616374423,8892000
2024-10-29,137.8827362060547,139.64664914495734,137.27928186785206,139.29386089080586,6014700
2024-10-30,137.44639587402344,138.93179250020398,137.08432894126216,138.40262429044236,5784000
2024-10-31,138.16127014160156,138.8575538904691,137.29787092672268,138.1055555423117,8400900
2024-11-01,142.10687255859375,144.7620208856797,140.83498466032975,141.55911859788569,11728000
2024-11-04,142.94241333007812,143.36018074751618,141.68909691183475,143.36018074751618,6130000
2024-11-05,142.4225311279297,143.59228279070985,141.62412515195692,143.46231038373426,5978900
2024-11-06,146.42381286621094,147.25006890902296,144.93840205925733,145.8482229073319,12118900
2024-11-07,145.5418701171875,146.69305014346557,145.19836051321505,146.62807102872182,8143200
2024-11-08,145.69041442871094,146.29386888378056,144.5206627531464,145.38406202500815,6041500
2024-11-11,145.29119873046875,146.6280657009909,144.73416610410848,145.88536025448659,7771700
2024-11-12,144.16786193847656,146.1917340263375,144.01003932523747,146.0339114130984,5681900
2024-11-13,147.35220336914062,147.6307196894153,143.46229606624956,144.8920065662262,8824000
2024-11-14,150.2116241455078,150.23947436352742,148.243452354566,148.39199629462385,10111200
2024-11-15,149.8588104248047,150.75005974813445,149.24607740038596,149.95165391308416,9022800
2024-11-18,150.76853942871094,151.4813135406183,149.18358727716307,150.58097256626377,6075400
2024-11-19,149.6806182861328,150.4590199061511,148.88344137976924,150.03699096590108,4657400
2024-11-20,151.30311584472656,151.40627976279583,149.84944765754472,149.9713725544722,6391300
2024-11-21,151.58445739746094,152.54105256245475,151.2655780320306,151.9502177394721,7945200
2024-11-22,152.2690887451172,152.50355087891353,151.13428572095236,151.4719117660364,7005900
2024-11-25,150.3933868408203,153.0287388503168,149.8963282779831,152.0721293682537,10702400
2024-11-26,152.4285125732422,152.81303388521107,151.36873920967068,152.2221847624507,7369500
2024-11-27,152.03460693359375,154.4448699156365,151.56568272669358,152.64420267839154,7674500
2024-11-29,151.86581420898438,152.63485691621867,150.67475681182938,152.1659326246174,5077000
2024-12-02,152.12841796875,152.8224167296672,150.15893031059284,152.2034332587683,6229600
2024-12-03,151.8564453125,153.05689038924436,151.35938669371217,152.85056255007572,5900100
2024-12-04,148.48019409179688,151.78141079071148,148.048777448298,151.77203745666526,7862700
2024-12-05,149.4274139404297,150.68412758606786,148.82719142979403,149.38989198389615,6358400
2024-12-06,145.59161376953125,148.95848662295447,145.5259575021515,148.88345702184895,9701700
2024-12-09,147.31724548339844,150.1307910098718,147.0734100228598,147.24221588544057,9404500
2024-12-10,147.24220275878906,149.60558479725216,146.96084536913824,149.1741682250634,9126200
2024-12-11,146.50132751464844,147.40165410402807,146.116806176685,147.1109233447402,13764700
2024-12-12,145.0945587158203,146.80143567361276,144.68190305491146,146.18245218224948,7621500
2024-12-13,144.3067626953125,145.32902856785898,143.5564952470607,145.2446113160615,5816200
2024-12-16,140.07708740234375,144.325541020093,139.97392346924545,144.325541020093,11961200
2024-12-17,138.90475463867188,139.41118657849842,137.7793391976089,138.80159072179913,11909300
2024-12-18,135.12521362304688,139.42993480436485,135.031423048856,138.57648923469813,10174500
2024-12-19,132.37730407714844,135.7629375817851,132.1897372476991,135.5847583955889,16544300
2024-12-20,133.9716796875,133.9716796875,131.81462502201344,132.06784815368192,32209200
2024-12-23,134.084228515625,134.44061559759353,132.74309744588336,133.6246775052148,8156500
2024-12-24,134.90011596679688,135.08768279242094,133.41831371663315,134.20611728094465,3556100
2024-12-26,135.03143310546875,135.34092485082945,134.0185549325883,134.74070233842997,4492600
2024-12-27,135.05018615722656,136.65391341443402,134.47809799067102,135.32215592998062,5296500
2024-12-30,134.17799377441406,135.0314250462725,133.50274169946206,134.8532315389334,6194800
2024-12-31,135.8379669189453,136.30689114689838,134.41244756947881,134.60001439857368,6137800
2025-01-02,137.59178161621094,138.8672563514985,136.43821747421978,136.43821747421978,7170300
2025-01-03,138.66090393066406,139.27049972041894,138.14508440294645,138.37015888018163,5809000
2025-01-06,138.1075439453125,140.98674527125232,137.7417836583799,139.17669050022556,5888700
2025-01-07,140.2927703857422,141.14621605686932,138.45459512070516,139.27989216788265,7736000
2025-01-08,140.95863342285156,141.78393037767543,138.82971330566474,138.83908663897628,7640900
2025-01-10,143.6221160888672,144.74753140618222,141.49319602591171,143.87533918615352,11074700
2025-01-13,145.69476318359375,147.57046009327408,144.4286620453868,144.52245261504353,11774100
2025-01-14,147.14842224121094,147.15780988478022,144.86008394817202,145.56347031511936,6830200
2025-01-15,148.48956298828125,148.8271890394933,146.66076117356306,147.12968544966688,7900000
2025-01-16,149.47430419921875,149.96197513427106,148.20820295185044,148.20820295185044,5578900
2025-01-17,151.43441772460938,151.71577517252598,148.93036362797656,149.2398553896414,9260400
2025-01-21,148.40516662597656,151.36875730628125,147.70178018066775,151.13429515784497,10131400
2025-01-22,146.68890380859375,148.59273533276613,146.557605576252,147.87996123396746,7232200
2025-01-23,146.3137664794922,148.12382186174472,145.94800606904832,147.83309106247333,5979800
2025-01-24,145.97613525390625,147.68302664961004,145.61976250140606,146.73580467391477,8003800
2025-01-27,147.4579315185547,148.0769150296779,145.8542184247938,146.61387350188411,7141000
2025-01-28,146.50132751464844,149.04288905781848,145.53533034767617,147.90810033218307,6425400
2025-01-29,146.01364135742188,146.84832598489086,145.18833006358898,146.0417756687632,5630600
2025-01-30,146.6044921875,147.66425131777885,145.85421048550296,146.82956668079586,6931900
2025-01-31,139.91763305664062,144.77568187080763,139.4111868055555,144.2035936600241,16726800
2025-02-03,140.0583038330078,141.4838376848912,138.61402331299246,139.7394387495599,7605000
2025-02-04,143.69717407226562,143.8566066285917,139.47685506578188,139.47685506578188,8458100
2025-02-05,143.4814453125,144.24110029801355,142.8249399226383,143.4814453125,6533700
2025-02-06,142.45919799804688,145.6103698970387,141.67140860090745,144.6350136401662,6420500
2025-02-07,143.13442993164062,144.25047190855955,142.4779388600507,143.00313171732265,4724900
2025-02-10,146.08865356445312,146.11678787244475,144.48492645677405,144.7006275881869,5653800
2025-02-11,147.65487670898438,148.8459483639781,146.41690976481456,146.63262523293793,6011800
2025-02-12,145.27273559570312,147.68301325355606,144.96325816541406,147.00776114842242,6693500
2025-02-13,146.19183349609375,146.69826540591237,143.7909435479718,145.1601943884947,7836400
2025-02-14,147.30128479003906,149.30209467892624,146.86509749814508,147.05474477588854,5828800
2025-02-18,148.078857421875,149.16934012064593,146.770266608022,147.30128477330734,5981500
2025-02-19,149.09347534179688,150.16500341983402,147.92713086137,148.42022534893923,4945800
2025-02-20,150.57272338867188,150.7244469743802,148.94174548435893,149.3494863431478,6256200
2025-02-21,148.79953002929688,150.72447820571867,148.70471362045058,149.94691998887288,6689800
2025-02-24,149.71932983398438,150.13656253337837,148.63832441699086,148.96072624137346,5925000
2025-02-25,148.3253936767578,150.76240526465705,147.4150809791001,149.8141544309206,6810900
2025-02-26,147.11163330078125,148.58142498224558,146.4099224771432,148.51504047889793,6005200
2025-02-27,148.5624542236328,150.09861592180394,146.79870711977884,147.63317247145662,7517200
2025-02-28,150.41152954101562,150.45894497241224,146.90300465503867,148.59088983481934,8828500
2025-03-03,145.167724609375,151.8054808088251,143.90654919518028,151.20809258990354,9059800
2025-03-04,144.13412475585938,146.17285823283447,142.28503854920487,143.38501297388729,8826300
2025-03-05,143.00572204589844,143.53674025760236,140.09459918203538,142.37987295246404,9288300
2025-03-06,145.03497314453125,145.39531311885733,141.73506404379745,142.72123861937334,7314700
2025-03-07,148.24954223632812,149.30210131411533,145.75565220830802,145.9832231640498,8562600
2025-03-10,149.4158935546875,152.0709843624693,148.0883336816369,149.0555536011344,11750300
2025-03-11,146.10650634765625,150.62017560624307,145.83150547274735,150.23138924884006,10466300
2025-03-12,144.7694549560547,146.77974211990926,144.34274496908776,145.6892594344205,9710200
2025-03-13,145.6608123779297,146.43837054419075,144.05826614032927,144.3806679539214,9022800
2025-03-14,148.89434814453125,149.10296448293585,145.09185308746893,146.02114931096543,6671500
2025-03-17,150.50637817382812,151.19859725264163,148.64780011541225,149.08400187894125,7615200
2025-03-18,152.4882049560547,152.75371401577164,150.601195172292,151.47358414981318,9289500
2025-03-19,155.56056213378906,156.02519581182315,152.573563134671,152.6399476424818,11503900
2025-03-20,156.24327087402344,156.75531988226336,154.00539865781417,154.68814031490564,9545900
2025-03-21,156.22433471679688,156.35708926313123,154.66920383009716,155.97779469336461,21625500
2025-03-24,156.48037719726562,157.8174000519678,155.8166044202572,156.1674526447128,8068000
2025-03-25,157.3527374267578,159.1354535309755,156.56568753966508,157.48549195776388,7869200
2025-03-26,159.27769470214844,160.2164682423501,158.5949529400308,158.7087384106639,10076100
2025-03-27,158.02598571777344,159.5147463783223,157.26739667381224,158.59494196990286,6862700
2025-03-28,157.49497985839844,158.48116884296442,156.74586805497205,158.07341345439588,4923000
2025-03-31,158.63287353515625,160.1785270040677,157.53291357896555,157.5898063131803,10675300
2025-04-01,159.7897491455078,159.87510272050335,157.56136827900755,158.63288192475994,6378600
2025-04-02,157.85531616210938,159.28716970047526,157.26740528011902,158.73718248509488,7044900
2025-04-03,148.04092407226562,153.00028663657355,147.73749131192992,151.83392762600369,15501000
2025-04-04,135.86537170410156,144.57032145914872,135.36279994415335,143.90653433243182,20374700
2025-04-07,132.89736938476562,138.62481342072115,130.1853709965582,131.55085472616776,17817000
2025-04-08,129.84397888183594,137.01276729279363,127.89058449198879,136.69035101483917,12904400
2025-04-09,138.4730682373047,139.83855175437367,126.95182638306424,128.03283175588393,16846800
2025-04-10,127.99490356445312,136.19728260360858,126.54408083213413,135.8084962585661,20991200
2025-04-11,128.61126708984375,130.02415159250256,125.2070355504057,128.02334172530445,17224400
2025-04-14,128.3173065185547,131.37066081427545,127.1604393731451,131.3137680807568,9628200
2025-04-15,127.5776596069336,129.5595148274008,127.3026732341614,127.36905773709637,9334800
2025-04-16,128.35523986816406,130.43191161322216,127.82422168971564,128.3931635369846,8637200
2025-04-17,130.7353515625,132.98271611376953,129.38883697332216,129.61642240624442,8434400
2025-04-21,126.8095703125,129.23708994741966,125.4820250337653,128.9810726595512,9967500
2025-04-22,130.19483947753906,131.08619755654252,127.95696698080074,128.260399716902,7984700
2025-04-23,129.60691833496094,131.38015725120556,128.15609570204418,130.10950459360623,10002000
2025-04-24,131.87326049804688,132.18617056429713,130.1189905335453,130.78276327419218,7745800
2025-04-25,131.5508270263672,131.85427422201295,130.14741991940218,131.17153250096865,6878500
2025-04-28,132.84994506835938,133.19131594078064,131.50341617719388,131.77841701647836,6715500
2025-04-29,132.0913543701172,132.7646044120259,131.39913525868468,131.5129207375063,7343800
2025-04-30,129.0189971923828,131.00083782511012,127.19835745393317,130.85860599755875,13858000
2025-05-01,129.2086639404297,130.8112102952896,128.12765848051833,128.4121366476867,10199800
2025-05-02,131.33274841308594,132.5465083961217,128.28885668632321,130.74483749075432,12393200
2025-05-05,128.4879913330078,129.9103676208271,128.1845441130763,129.69227397472622,9665000
2025-05-06,128.58282470703125,130.20432560394846,128.05179206182433,129.2940128647711,9916200
2025-05-07,128.7629852294922,129.24660245583442,127.65353339655051,129.02850879700674,8422100
2025-05-08,129.9482879638672,131.70255779495662,129.40779251228815,129.61640885336342,8669300
2025-05-09,131.32327270507812,132.1577236603059,130.57414638932215,131.71204457856766,5965700
2025-05-12,134.29129028320312,136.27314569700061,133.29563839532736,135.07834028089252,8028200
2025-05-13,134.9835205078125,135.81797145525152,133.62751420583848,134.20594782977028,8536800
2025-05-14,134.33868408203125,134.86970219513182,133.44732604825884,134.42402317824562,6453600
2025-05-15,134.89817810058594,135.08783987036125,132.29048792695258,132.7551361122436,7545400
2025-05-16,134.7464599609375,135.59987999140097,133.41890000679805,135.3154018248596,8200100
2025-05-19,132.92283630371094,133.9114300917317,131.60789906840765,133.86343711606662,7713600
2025-05-20,131.7518768310547,133.17237809670763,131.52151933713807,132.7308632280507,6503900
2025-05-21,130.11061096191406,131.6175054429389,130.04343251281733,131.12799759846337,9073200
2025-05-22,129.85145568847656,130.52332802636977,128.392568883461,129.56352713840724,8877600
2025-05-23,131.0511932373047,131.29114343446537,128.67089138218208,128.9876273998819,7025900
2025-05-27,132.28936767578125,132.4237392239605,130.92645207413452,131.85746017416227,8348900
2025-05-28,130.55210876464844,133.21074643286522,130.20657989123498,133.20115369721967,6876300
2025-05-29,132.3661346435547,132.39492749653206,130.62889750206116,131.01281197202502,7554300
2025-05-30,131.20477294921875,131.9246235849812,129.7746790592259,131.37754471740905,12858900
2025-06-02,132.2989501953125,133.11478680400668,130.94562743541238,132.92282955649017,9076600
2025-06-03,133.94021606445312,134.93840253814705,131.10880639052795,132.11658560070188,9001300
2025-06-04,131.84783935546875,134.97679952984095,131.80945376507225,133.81543404611284,8735600
2025-06-05,131.396728515625,132.73085109109147,131.2047712776137,132.5964795599437,6342600
2025-06-06,134.5736846923828,134.95759917727557,132.53889691533442,132.53889691533442,6563500
2025-06-09,135.1015625,136.42609236076626,134.07458320514692,134.90001252273478,7159500
2025-06-10,137.58746337890625,139.11354327843654,136.20534775465265,136.50288368715738,9841500
2025-06-11,138.95997619628906,139.28630499459308,136.87720995478423,138.39369716769093,9256700
2025-06-12,139.142333984375,139.36308408485613,137.664232435834,138.6912264016098,6999400
2025-06-13,140.04452514648438,141.66659069005888,138.7295882145815,141.16749022002136,14148000
2025-06-16,140.1597137451172,140.96594292576407,137.96177629291117,139.87177056762948,10105100
2025-06-17,142.8663787841797,143.95094391033533,140.61084066954558,141.40747722396102,11330300
2025-06-18,142.23289489746094,144.13329654111322,141.76258719343116,143.43264599870088,9841900
2025-06-20,143.5382080078125,143.87412948989905,141.95452795089892,142.54961438685925,23705900
2025-06-23,140.9563446044922,146.03368433959108,140.43805862186989,146.00489148752305,10540600
2025-06-24,137.7794189453125,140.50524992352783,137.4050971887646,138.72961244133452,10778400
2025-06-25,137.4722900390625,138.40329815976654,136.78123216296464,137.64506183078728,7386100
2025-06-26,138.63363647460938,139.24790842994588,137.6354353938134,137.92337857655832,7415700
2025-06-27,138.00975036621094,138.85437975538076,136.83880686585903,138.73920834609322,9213500
2025-06-30,137.4338836669922,138.30730594021307,136.67563280724275,137.28990475475445,6980300
2025-07-01,139.7182159423828,140.3900736043508,136.78121305652516,137.5778495147867,8508200
2025-07-02,142.0313262939453,142.0601191479374,139.6222314224141,141.10031829380404,8228700
2025-07-03,142.40565490722656,142.99113404229232,141.4362612701568,141.8969616016415,5173300
2025-07-07,141.47463989257812,142.2136906501966,139.72780995549658,141.47463989257812,9460900
2025-07-08,147.0799102783203,147.0799102783203,141.3402897627641,141.3978901248093,14082100
2025-07-09,146.8687286376953,147.7709437705602,146.35042798267148,146.7919428130474,9495900
2025-07-10,147.9724884033203,149.03786788307443,145.5825791256562,146.6479586054103,8395100
2025-07-11,149.06666564941406,149.62335189231518,147.3966215661092,148.08766469497425,8333200
2025-07-14,145.5537872314453,148.67313986936958,145.06429408983743,148.67313986936958,10706300
2025-07-15,144.63238525390625,146.18725786723448,144.21007055759537,145.50580749896756,7346300
2025-07-16,143.89334106445312,145.3906280408409,143.2214834013815,144.69957026013907,7923400
2025-07-17,145.29466247558594,145.7361626807086,142.62641719026462,143.16390334192658,8359600
2025-07-18,144.00851440429688,149.64255540408624,140.6396186623947,148.78833322560627,45782600
2025-07-21,143.66297912597656,145.57298802238444,143.13510039343305,145.12188046717955,17982200
2025-07-22,144.00851440429688,144.8723439644197,142.51122740789592,143.25987090609638,26196500
2025-07-23,146.96470642089844,146.98390653925748,144.4212399407961,144.84355467229972,13162800
2025-07-24,149.56578063964844,149.72894504025712,146.08169857814525,146.55200630606438,15701000
2025-07-25,148.6155548095703,149.92088450492687,147.77094005050301,149.56576288959397,7875500
2025-07-28,149.99766540527344,150.256815717757,148.72112860465137,149.15303602852555,8755400
2025-07-29,150.717529296875,150.89030106891332,149.20104216631216,150.38159313454437,6446000
2025-07-30,147.38702392578125,150.0264764019461,146.56159456560098,149.86331200632202,9191700
2025-07-31,145.54420471191406,147.7421422809416,145.0643042723937,145.88973361418468,10237100
2025-08-01,145.31385803222656,148.43321112102282,144.30607875062796,146.40803052986524,10706500
2025-08-04,144.9683074951172,145.9665085361631,143.79736398394107,145.1698721086316,10116600
2025-08-05,146.88792419433594,146.94552455082533,143.8741499356387,144.95872964582898,8604100
2025-08-06,146.63836669921875,148.9226973154007,146.10088058844607,148.27002514846382,7840900
2025-08-07,147.0030975341797,148.91309179848685,146.68636150520953,147.6077620936697,6510400
2025-08-08,148.77871704101562,149.48897490681665,147.3294231023843,147.79973076769284,6332800
2025-08-11,147.2814483642578,149.66175054707455,146.83994814212394,149.09547151871166,6169700
2025-08-12,148.2316436767578,149.77692361084445,147.19505701487995,147.89570752549608,6641600
2025-08-13,149.60414123535156,149.73851275724763,148.00127570794947,148.35641195148708,6581900
2025-08-14,148.92269897460938,149.44098497422942,147.90531244711198,149.44098497422942,7337300
2025-08-15,150.2568359375,152.16683038230914,149.04747741343425,149.22984193026318,11617000
2025-08-18,149.07626342773438,150.19922857722455,148.52916995610198,149.85369971235085,8174300
2025-08-19,147.51377868652344,149.39652270489788,147.36821180198183,148.93069386593294,8567500
2025-08-20,148.69778442382812,148.95981964625366,147.44584987879844,147.9213930886177,8076300
2025-08-21,150.9590301513672,151.07548367858118,148.22225379436406,148.30960874820883,7533600
2025-08-22,153.51138305664062,154.10337977997085,150.73580885529404,150.73580885529404,9084300
2025-08-25,153.53079223632812,153.6472605577927,152.53119342698278,153.23964364531543,7030000
2025-08-26,152.71559143066406,155.27767243347915,151.92950058331883,152.86115832519732,10270000
2025-08-27,154.5401153564453,155.26797947676093,152.5700309887991,152.75441079352828,7483000
2025-08-28,154.6177520751953,154.81184620736653,153.1911372506656,154.3168891406319,6502000
2025-08-29,155.85997009277344,156.34521282057355,154.74390293377343,154.9865242976735,6934800
2025-09-02,157.0536651611328,157.08277854051627,154.67597872474062,155.74350385514472,8947300
2025-09-03,153.3949432373047,157.07309175430484,152.38564478382102,155.27768756842127,9556100
2025-09-04,153.03585815429688,154.93800140788977,152.85146354321287,153.39493304423942,7243000
2025-09-05,149.1248016357422,152.09448481975784,148.95982088201168,151.453960852263,11011700
2025-09-08,149.4547576904297,150.45435650848978,148.3678187368341,149.36741755489416,9462000
2025-09-09,150.27967834472656,152.3565166221451,150.03705698143733,150.33790510256674,7769200
2025-09-10,153.1328887939453,153.25905663797516,150.42524097215676,150.47376820512457,7440800
2025-09-11,153.57933044433594,154.22955395261747,151.4054375923184,151.88098081856918,6417400
2025-09-12,152.4729766845703,155.06417117874577,152.4632771606581,154.16162677660492,5546300
2025-09-15,152.6670684814453,153.64726829359117,151.88097761203585,152.73500957308968,5030500
2025-09-16,154.8312225341797,155.37470675631252,153.45313514702664,153.5793029782185,8011000
2025-09-17,155.36500549316406,155.92788880710745,153.92869123494114,154.501274071934,5736800
2025-09-18,154.15191650390625,155.55911754677751,153.42405236361762,155.30679664251363,6244200
2025-09-19,151.5995330810547,154.3071808711976,150.95900915360335,154.3071808711976,16734000
2025-09-22,151.4442596435547,152.48267138981868,150.57081384075263,151.02694319358156,5244000
2025-09-23,152.7738037109375,155.1126769843484,152.35650211386567,152.48265514102874,7181400
2025-09-24,154.4818572998047,155.753205600015,153.57931299499043,153.64725408034988,6285200
2025-09-25,155.97640991210938,156.25784415380963,154.6468496933872,154.7341898226978,6311000
2025-09-26,155.4329376220703,156.53929033166597,154.80211325783927,155.83084017064863,7015200
2025-09-29,151.49278259277344,154.43335228131014,150.96871216423136,154.43335228131014,8315100
2025-09-30,150.7066650390625,151.13368096681256,149.38680435712197,150.31847681843408,7755700
2025-10-01,150.01763916015625,150.51258139714622,148.6686650082668,150.26026051703155,6768400
2025-10-02,148.8433380126953,151.97801645260404,148.7948255904339,149.41593564138338,7562400
2025-10-03,149.01803588867188,149.7264860831556,147.7369880547136,149.04714926594983,7249300
2025-10-06,149.4741668701172,150.0855626081743,148.4066269966331,149.42563963797116,4778900
2025-10-07,150.337890625,150.38641785467124,146.8150240305945,149.11506959438313,5479600
2025-10-08,149.20242309570312,150.11466688596124,148.3289773953185,149.80411927422963,5678000
2025-10-09,147.16441345214844,150.39613178658678,147.08677283892206,149.58092756035893,6178600
2025-10-10,144.50526428222656,146.8829652626434,144.49556475965505,146.25214089314105,7796600
2025-10-13,147.45556640625,147.49437930979354,145.0196383706546,145.57282220307425,5978800
2025-10-14,147.89227294921875,148.9306994593889,145.24285189203334,145.38841878204207,6419400
2025-10-15,147.62054443359375,149.65856983015502,146.58211787968344,148.38722143398735,5824900
2025-10-16,147.23236083984375,148.2222453818493,145.79603164636492,147.649662494299,5276800
2025-10-17,148.56192016601562,149.63915964920605,147.70788819853252,147.76611495841848,7735500
2025-10-20,149.92059326171875,150.15351510866577,148.65895917218057,148.90158054292124,5676500
2025-10-21,149.25094604492188,150.70667417315485,148.68807753342554,150.1729190395486,6304900
2025-10-22,150.97842407226562,151.3763118405178,149.0762661311529,150.08556445341137,6036700
2025-10-23,151.93919372558594,153.90927792717042,151.51217777497868,153.5307892088471,9810900
2025-10-24,150.96871948242188,152.97763154182732,150.84255163083603,152.77382307452967,4979900
2025-10-27,150.6969757080078,151.88096911195774,150.29907312947347,151.20163227569935,4884400
2025-10-28,149.58091735839844,151.61892778496832,149.3479955346054,150.32818044392482,5066500
2025-10-29,150.5222930908203,151.5412909250921,149.31888585077357,149.31888585077357,7344400
2025-10-30,148.9889373779297,150.64845928209323,148.71720262393293,150.64845928209323,8971200
2025-10-31,153.06495666503906,154.48185703958413,150.5319892086151,151.13368541081107,11136100
2025-11-03,149.4935760498047,153.0649702981067,149.03746150032381,152.764122170213,8512200
2025-11-04,148.86276245117188,149.221837328655,147.6593551632031,148.90157535342703,6976800
2025-11-05,148.15432739257812,149.84296276962198,148.15432739257812,148.99864508110005,5894700
2025-11-06,148.42605590820312,150.22144521228168,148.17372019881853,148.39694252764855,6466300
2025-11-07,150.4446563720703,151.56070869962986,148.90157327506788,148.90157327506788,9835900
2025-11-10,151.05606079101562,151.37632278014294,147.87286956436233,150.83285327438753,8436800
2025-11-11,151.628662109375,153.32701175967,151.29868578005087,152.12360439071054,6361400
2025-11-12,148.7948455810547,151.19193116828137,147.5914382169731,150.98813750379495,11670900
2025-11-13,150.98812866210938,151.5898249046987,149.3868187784611,149.45475986826716,7998700
2025-11-14,152.9678955078125,153.28815744902516,150.2408340547234,151.61892146912166,8484800
2025-11-17,150.2505645751953,153.22994720825648,149.88177536525592,153.06496645866065,8745000
2025-11-18,150.75103759765625,151.39871524408073,148.92577375925504,149.65195914832074,10813400
2025-11-19,148.8668975830078,149.1220514915678,147.4439803019792,148.33698903429723,7539900
2025-11-20,147.50283813476562,150.18184900861533,147.24769923329103,149.69118690852028,7623400
2025-11-21,147.17901611328125,148.18977895668198,145.9719914022551,147.6304318852584,9248400
2025-11-24,146.95330810546875,147.31639329046757,144.9808517311558,147.022007991182,14181100
2025-11-25,145.75608825683594,147.10049767482113,145.50094934485776,146.11917343423175,11447900
2025-11-26,146.71778869628906,147.6500587475981,145.43225627667798,145.49113333806164,7578900
2025-11-28,148.3075408935547,148.69025675777766,146.47245433664253,146.66873116860916,3848600
2025-12-01,149.69119262695312,151.0748633957961,148.6706220082484,148.91595306766794,8209000
2025-12-02,147.4439697265625,149.61270292466523,146.47245332081732,149.18091785544516,9196300
2025-12-03,148.75894165039062,149.6519503247337,148.1603332501389,148.21921031019318,8060200
2025-12-04,149.4164276123047,150.08373590073995,148.39585696235784,148.91595762634324,7254700
2025-12-05,147.19863891601562,149.77952650996545,147.03181558876918,149.16128743489583,12659800
2025-12-08,145.9327392578125,147.26734086833338,144.90234577617605,146.46264777686605,10237200
2025-12-09,145.7168426513672,147.2967752860791,145.45188091232814,146.2663818332114,8916700
2025-12-10,148.58230590820312,148.9650217606251,145.92291064478525,146.39394208457702,10976300
2025-12-11,147.90518188476562,149.10239858451538,147.29676568364707,148.01312814372073,8414200
2025-12-12,147.1888427734375,148.71970634413898,146.83556541298168,148.32716762484304,5848100
2025-12-15,147.00238037109375,147.2967806503231,145.65795592317124,147.0416267538749,7503000
2025-12-16,144.00933837890625,146.04068683001518,143.7541994561697,145.7659022551493,11290500
2025-12-17,146.72760009765625,147.07105458692513,144.5981283584403,144.7453210004385,8805300
2025-12-18,144.93179321289062,146.4822874567055,144.3331847704926,146.07013303348702,6998800
2025-12-19,144.99066162109375,146.2271248169319,144.44112242294347,145.19674630731018,21701400
2025-12-22,147.00238037109375,147.67949652117514,145.92291767185964,146.03086394178305,8143600
2025-12-23,147.6990966796875,148.25845864872997,147.05143410213654,147.23787311799873,4663700
2025-12-24,147.68930053710938,148.17015481315417,147.29677682421308,147.57154641800446,2227600
2025-12-26,147.21827697753906,148.3173554116134,146.8551768011376,147.57155432760877,3706900
2025-12-29,148.17015075683594,148.8080055162854,147.28694996626814,148.1799586085529,5589100
2025-12-30,149.4654998779297,149.81877722048796,148.6411910699005,148.67062960062867,5150500
