Price,Close,High,Low,Open,Volume
Ticker,GE,GE,GE,GE,GE
Date,,,,,
2000-01-03,129.27674865722656,132.45480041185377,128.57649605873917,131.8622821485815,4605131
2000-01-04,124.10569763183594,127.55308178034959,124.10569763183594,126.90670033956552,4615898
2000-01-05,123.89022064208984,126.69122297656072,122.86678143918938,123.89022064208984,5694973
2000-01-06,125.546630859375,126.63740136676084,122.92069271325933,123.35162201756742,4146783
2000-01-07,130.4079132080078,130.8926971028896,126.69120649598005,127.55304819006494,4202747
2000-01-10,130.35411071777344,132.7780561678253,130.24638456524607,131.5930190970153,3177193
2000-01-11,130.56956481933594,131.59301261091005,129.8154570923092,130.1386437661299,3155597
2000-01-12,131.0004425048828,132.0777447135589,129.76153467469967,130.1924637903346,3827343
2000-01-13,132.50865173339844,133.5320907826052,131.86227047582,131.97000480149822,3120229
2000-01-14,130.1386260986328,133.2628156584914,128.8997261808153,132.18551317172978,3856138
2000-01-18,127.55310821533203,128.95360574336257,126.47580559075766,128.95360574336257,3817828
2000-01-19,128.17263793945312,130.08485637061096,126.04495062417344,126.26041127612274,3098569
2000-01-20,125.77555084228516,129.06133820472067,122.92068452327814,128.4688197119646,6418237
2000-01-21,124.21342468261719,127.76853474608988,124.05182727388379,127.49921121964456,5009017
2000-01-24,119.04236602783203,125.7755287892967,117.58799747105469,125.23687346337302,5658102
2000-01-25,119.36556243896484,120.98152854942568,118.07279942919637,118.98850450307401,5297409
2000-01-26,121.8971939086914,122.54357520298194,119.68871831240898,121.08921523278721,3308713
2000-01-27,122.16656494140625,122.16656494140625,118.12666202947852,122.00496750778245,4015389
2000-01-28,115.48722076416016,121.08920811644765,115.1640260199268,120.92761074433096,6227875
2000-01-31,115.48722076416016,117.15704106765075,114.67923390357674,115.48722076416016,4545224
2000-02-01,117.2109603881836,118.07281070919899,115.48727621048799,115.70273673269993,5704613
2000-02-02,115.5411605834961,118.61147976516828,115.5411605834961,118.18055864130227,4553049
2000-02-03,120.01192474365234,120.49670870346175,116.56454104127347,117.15705934335438,4221651
2000-02-04,122.00492858886719,123.35156246327412,121.08921557855106,121.52013644264188,3790785
2000-02-07,117.64186096191406,122.16654728874416,117.10320567172424,122.11267599720928,3815386
2000-02-08,118.12662506103516,119.31166156052292,117.64184114404662,117.6957041943422,3900959
2000-02-09,115.5411605834961,118.66535107977838,115.5411605834961,118.07283247642032,3343580
2000-02-10,116.7261962890625,118.01895964403506,114.7331799426864,115.97208021591068,3999551
2000-02-11,115.27177429199219,118.34210025646162,115.11018512094871,116.40294788228779,4288507
2000-02-14,115.81050872802734,117.15714369912128,115.11026381164785,115.27185309315561,3034343
2000-02-15,118.50370788574219,119.79647899080392,115.43338165632429,115.48725295015272,3927751
2000-02-16,116.9146957397461,118.01893395213018,115.81045752736202,117.74961036984969,3032027
2000-02-17,112.90171813964844,116.88775783940513,112.03987616789914,116.24136812842669,6034320
2000-02-18,107.83837890625,113.70969145646131,107.6767814864492,112.90171258962337,7371489
2000-02-22,111.7166976928711,112.03989259574875,107.78452871391929,108.8079764956427,5682077
2000-02-23,112.47081756591797,114.57156804352672,110.6393989274863,112.03989650183615,4581406
2000-02-24,112.90171813964844,114.57154725012079,108.64636311392817,112.30919972602918,5762955
2000-02-25,108.7002182006836,112.84784679158854,108.32316030767716,111.60894699009074,5564893
2000-02-28,111.55506896972656,113.97901359748083,108.59247729772945,108.59247729772945,5642828
2000-02-29,114.08675384521484,115.48725938378774,112.14760119567771,112.57853040948204,4710547
2000-03-01,113.22489166259766,115.37950441818987,112.68623641565837,115.05630962359331,5568962
2000-03-02,116.56459045410156,117.31870647318414,112.79401859085714,113.22493967828477,4149225
2000-03-03,120.11965942382812,121.08923564478735,118.12664392301345,118.28824133186757,4958625
2000-03-06,118.79927062988281,120.58206952330099,116.36817522507567,120.58206952330099,3859957
2000-03-07,112.31639099121094,118.74526968074181,112.04626462607672,118.74526968074181,6182553
2000-03-08,112.6406021118164,114.47743282997267,111.56012073918738,112.58658010729944,4990175
2000-03-09,111.50605010986328,114.09921252982208,109.93934661040525,112.64055299228288,3944778
2000-03-10,113.8291015625,115.88202793860609,112.3704500834278,113.12679094533765,4319243
2000-03-13,111.88420867919922,112.80262360860908,110.31751348595928,111.50604656804069,4019020
2000-03-14,109.7772445678711,112.15431020463406,109.61517040964593,112.04625801366652,3979270
2000-03-15,115.44976806640625,116.4222045697815,109.12893492269235,109.66917100288364,5406643
2000-03-16,120.14982604980469,120.5279878447069,115.39568944090446,115.55776349954668,6260864
2000-03-17,120.90625762939453,122.25686489024098,118.58322172745085,119.39358443266791,6648600
2000-03-20,121.82466888427734,122.52698761111776,118.96138025636753,120.90625399297538,3254377
2000-03-21,130.0903778076172,130.900740486412,119.33955030646244,119.93381682134219,7750586
2000-03-22,130.4145050048828,131.3329114882765,128.46963158900425,130.09035668341892,4530388
2000-03-23,138.3020477294922,138.3020477294922,130.4685318076067,130.95474605136724,6535547
2000-03-24,137.49168395996094,138.08595039521092,134.79046988829657,136.24912086338185,4815274
2000-03-27,136.51927185058594,137.221582351776,135.06061235592625,136.35719765601775,3423644
2000-03-28,134.84451293945312,137.11353509593775,134.84451293945312,135.49280144568277,4551358
2000-03-29,140.89527893066406,142.51600488232916,136.03309281921204,136.03309281921204,8165177
2000-03-30,137.22152709960938,140.46298491643995,136.19506862258584,140.03079274258275,5209646
2000-03-31,134.52037048339844,138.19401354482466,133.76402977767722,137.65376900410183,4889203
2000-04-03,139.1664581298828,139.1664581298828,133.98012542076344,134.19622158492,4002619
2000-04-04,133.11575317382812,137.329649670221,127.17308709579206,137.05952323074797,6892109
2000-04-05,132.5214385986328,133.98009772573755,130.25242521578951,131.49497996695484,4469292
2000-04-06,135.60084533691406,136.303164034571,133.16975739540018,133.27780134491454,2877721
2000-04-07,137.27561950683594,138.1400042461626,135.00659718142168,136.24915230831738,2780756
2000-04-10,137.81588745117188,139.1665033649526,136.4652797938476,137.7618654566867,2970180
2000-04-11,139.70675659179688,141.6516311912717,136.24919991351774,136.8434666935541,4382405
2000-04-12,135.4928436279297,141.11136227734374,134.84455491987188,140.57112581552383,4057017
2000-04-13,130.0903778076172,136.08706493328012,129.65818547978714,136.0330429564148,5320257
2000-04-14,125.98457336425781,129.766269793641,123.66152855908679,127.92944770084488,6603216
2000-04-17,131.38694763183594,132.4674283246375,124.3637942310411,124.79598650816172,6667067
2000-04-18,135.27674865722656,136.51931234653037,131.33297786418777,132.08931882555794,5307925
2000-04-19,134.41229248046875,135.54680332135075,133.2237596728168,134.89850669430263,2952652
2000-04-20,137.00546264648438,137.00546264648438,134.41230074814365,134.89851499188447,3559108
2000-04-24,140.08485412597656,141.70557945783057,135.11463417839948,135.70890068384287,5010957
2000-04-25,143.4884796142578,143.75859790911912,139.0584768294484,140.2470105371716,4768889
2000-04-26,141.111328125,145.16315014674984,139.4365888935203,143.59645487890228,4451451
2000-04-27,139.59864807128906,139.97681015975684,136.73535949637773,138.73424691653503,4220650
2000-04-28,135.925048828125,140.0308939604794,135.33078209540753,139.4906409679731,2949209
2000-05-01,137.76181030273438,140.0308322401691,136.3571812132785,137.43766195268566,2605480
2000-05-02,139.22052001953125,139.8688169927603,136.7354091436753,137.4377198560646,2655246
2000-05-03,134.8985595703125,138.3020934270371,133.60198232090303,137.8699010105673,3462706
2000-05-04,133.11575317382812,136.14111645461378,132.03527218530112,136.08708621284615,3215691
2000-05-05,136.57333374023438,138.30211189339886,132.6835849597284,133.11577743390538,4316363
2000-05-08,135.97898864746094,137.11349943059946,133.87204122969678,135.16862616134821,2436443
2000-05-09,135.1686248779297,136.62727568779243,131.92716670780447,135.81691320937406,2804293
2000-05-10,131.2789306640625,135.0066045033708,129.82027927322662,133.54795311253494,3142326
2000-05-11,132.0894012451172,135.81707812606652,131.60318647025767,133.5480620826192,2803855
2000-05-12,135.4928436279297,136.46528081824468,131.44102888199774,131.76516910779839,2235564
2000-05-15,140.03085327148438,141.16535615414026,135.49280871504334,135.6548829144097,2828686
2000-05-16,140.67913818359375,143.11023474115004,140.0308578777122,142.1378060258731,3533046
2000-05-17,139.0583953857422,141.00326908775372,137.7618184220369,139.3825437548953,2356817
2000-05-18,137.76181030273438,141.003260777409,137.11352185909007,138.73423883997424,2684834
2000-05-19,134.52037048339844,136.6273101562461,132.2513483662348,135.16865897839358,2690280
2000-05-22,129.6581573486328,134.5203406229365,126.41669908027971,134.5203406229365,3496050
2000-05-23,129.6581573486328,129.6581573486328,126.90292153593606,127.55120988702589,2523142
2000-05-24,131.60304260253906,132.89961942239498,127.0650072201379,127.0650072201379,3117954
2000-05-25,131.60304260253906,134.3582786652988,129.0098807063745,131.60304260253906,2386781
2000-05-26,128.52366638183594,132.08926524792255,127.87537793067108,130.79268834559284,1850061
2000-05-30,132.89964294433594,133.54793972545883,128.03746662463936,129.17196947869607,2701235
2000-05-31,136.46524047851562,138.24804009101354,133.54793802639472,134.1962265428156,3018214
2000-06-01,135.8169708251953,138.41013350748727,131.60308249852775,135.0066080030075,2674547
2000-06-02,136.7893829345703,140.03084188905214,134.19622072485708,138.24803409739224,2507012
2000-06-05,133.7100067138672,135.4928063630412,132.41342965435206,134.84451783328362,2001549
2000-06-06,132.737548828125,134.35828228124228,131.11682363146065,133.5479196829101,1661952
2000-06-07,133.22381591796875,135.9790529767875,132.25137882330003,132.57552727367485,2081738
2000-06-08,131.9272003173828,133.87207406364078,130.95476344425384,133.547933943567,1813649
2000-06-09,129.33399963378906,132.89959769000805,127.7132747457716,132.41338352618334,2287521
2000-06-12,129.33399963378906,129.9822879377058,125.60632743747809,129.6581479139731,2555318
2000-06-13,132.737548828125,133.70998559741417,129.00988417837817,129.65817260575332,2797407
2000-06-14,132.2512969970703,134.35824410798952,130.46849813596967,132.89958524025678,2149240
2000-06-15,134.52037048339844,134.84451060266912,129.65818612980047,130.95476311979073,2500669
2000-06-16,132.57559204101562,135.33083044585487,132.37299503232853,134.8446075327575,3963557
2000-06-19,130.30645751953125,134.19620449180448,129.65816910963662,131.76510850590736,2046433
2000-06-20,132.2512969970703,134.68238410135743,129.98227576124188,134.68238410135743,2329003
2000-06-21,128.19956970214844,130.63066682272583,127.55128098967418,129.8203038680189,2888968
2000-06-22,126.41669464111328,129.65815279564146,124.30975550994422,127.55120540802072,3274785
2000-06-23,129.33399963378906,129.33399963378906,125.93047571766212,126.25462399784615,2127456
2000-06-26,129.4961700439453,129.8203185651079,127.22714690872223,128.03751821162868,1899514
2000-06-27,127.71336364746094,130.46860117760102,127.22714088872364,129.65823816949595,2047622
2000-06-28,131.07635498046875,131.7651580628429,128.52370653780562,129.0099292204347,2764105
2000-06-29,129.00991821289062,130.95478400809725,127.87540697334543,130.95478400809725,2690280
2000-06-30,137.43768310546875,137.72131708364154,127.22709932842633,127.71332192833303,3980501
2000-07-03,134.84451293945312,136.14109820836634,133.2237875456521,136.14109820836634,1378130
2000-07-05,129.83824157714844,135.85077202236238,128.70073313239962,135.85077202236238,2829041
2000-07-06,130.48817443847656,132.60068783135745,129.5131688939364,130.16317810913856,2006599
2000-07-07,133.4132080078125,133.90071498109913,130.81319565174277,131.95070364448083,2073642
2000-07-10,136.33819580078125,136.82569439135182,132.92568083200013,133.41317942257072,2555422
2000-07-11,135.85073852539062,138.77575597140307,135.36323975685454,136.01324087432442,2694370
2000-07-12,139.75079345703125,140.07579822855138,135.85076931185878,140.07579822855138,2250024
2000-07-13,136.50071716308594,140.40073954563434,135.03820463049854,138.45072835436014,3359564
2000-07-14,133.90069580078125,136.5007077844178,133.90069580078125,136.01320088096307,2321136
2000-07-17,139.5882568359375,141.53826843026505,134.06322674476453,134.06322674476453,3833039
2000-07-18,135.85073852539062,139.75076178674058,135.85073852539062,139.42575708887296,2501337
2000-07-19,137.15077209472656,138.61327692445875,136.66327324423807,137.6382792234818,1988821
2000-07-20,141.21328735351562,142.350803965076,137.31327179092716,138.28827775114092,2341293
2000-07-21,140.72573852539062,142.35074502684802,139.42572007900364,142.02574041525128,2716718
2000-07-24,140.40078735351562,142.02579447348757,139.4257731476129,140.888294456467,1969770
2000-07-25,139.2632293701172,140.888252563422,139.1007270507867,140.40074560543056,1766909
2000-07-26,135.5256805419922,140.23820512903788,135.5256805419922,140.23820512903788,3498283
2000-07-27,136.50071716308594,137.96322141740984,135.85070791381887,136.82571350945597,2876741
2000-07-28,132.4383087158203,136.82583360820132,130.97580317778358,136.5008369765658,2797470
2000-07-31,134.38821411132812,137.47573345068318,133.73821308977173,134.22571178637298,3587778
2000-08-01,137.15077209472656,137.47577684723004,134.71326128575063,135.03825775998737,2713212
2000-08-02,135.20071411132812,137.31322772692724,133.90071210039324,136.3382220795941,3222932
2000-08-03,137.47573852539062,140.0757509858558,134.8757260649255,140.0757509858558,2699128
2000-08-04,138.77577209472656,139.10076855208774,133.08823889084331,134.87575665852822,1896425
2000-08-07,136.8257293701172,139.42574183378503,135.52572727741548,135.52572727741548,1612895
2000-08-08,139.75079345703125,139.9132958427913,135.20076804708577,137.9632837702051,1837937
2000-08-09,145.43826293945312,146.0882721948949,139.4257269961981,140.07573625163988,4473235
2000-08-10,148.20079040527344,148.6882808057441,144.3007678623423,145.27576521981126,3806351
2000-08-11,147.06333923339844,149.1758537584442,144.9508247083527,145.92583905369764,2527127
2000-08-14,148.20079040527344,148.6882808057441,145.1132629008118,146.5757672152791,1626521
2000-08-15,148.85084533691406,149.1758501107486,146.08833787238973,147.55084279811052,2251923
2000-08-16,147.7132110595703,148.85071017859306,146.08820522245801,148.85071017859306,1554887
2000-08-17,147.3882598876953,148.8507640143976,145.60075116472015,146.41324609887675,2155479
2000-08-18,146.08834838867188,146.90084382521172,144.950831598366,146.08834838867188,1736027
2000-08-21,147.06333923339844,148.36334180399007,145.92583905369764,147.3883440151801,1630527
2000-08-22,146.25076293945312,148.03827169398832,145.76325603643647,147.22576018896058,1687555
2000-08-23,150.63829040527344,150.96329503966507,145.92577287617704,146.25077751056867,2360552
2000-08-24,153.2383575439453,154.8633646537558,150.15082913442615,150.96334096759765,2500043
2000-08-25,154.05084228515625,154.86335406276066,153.07584470856239,153.563351775125,1689829
2000-08-28,156.00086975097656,157.3008887264456,154.53836496010692,154.70086733204056,2619961
2000-08-29,155.67581176757812,155.83831408393763,153.88830284415096,154.863316742308,1717435
2000-08-30,149.50083923339844,154.21335829104362,148.52582501396873,153.7258677378616,2187279
2000-08-31,152.42578125,154.21328997050838,148.68826151107106,148.85076380898323,2483204
2000-09-01,152.100830078125,155.18835826639526,150.3133207297712,154.05084178146834,1615253
2000-09-05,150.3133087158203,153.23833431531523,150.3133087158203,151.93831557930417,1942268
2000-09-06,153.40078735351562,154.0507799560802,152.10076903533712,153.23828506374332,3048449
2000-09-07,153.40078735351562,153.88827766630789,151.28827414300022,153.07578277397099,1675870
2000-09-08,155.67581176757812,156.00081640029714,151.45080121181317,152.91330550252133,2270118
2000-09-11,155.18838500976562,156.16338275119148,152.58836343840642,154.70087786078562,2457518
2000-09-12,153.5632781982422,155.35078669599022,153.2382736429201,154.70077758534606,2124180
2000-09-13,153.5632781982422,155.02578214066813,152.2632599769538,152.913269087598,1586833
2000-09-14,153.40078735351562,154.37578453562483,151.61327872254486,153.88827766630789,1653605
2000-09-15,147.55081176757812,152.42583268025572,146.57579765112393,152.100827974771,4224197
2000-09-18,149.50083923339844,151.77585585553499,147.22582261126192,147.38832498116687,2675319
2000-09-19,148.20079040527344,150.63829207720968,147.22577649127683,149.66329471974072,2480658
2000-09-20,147.225830078125,148.3633301686175,143.00080135938074,147.225830078125,2965485
2000-09-21,146.25076293945312,150.47577309601988,144.4632541849179,144.62573992939764,2237212
2000-09-22,149.01333618164062,150.80084574274005,143.32580274968183,150.47584099407956,2973414
2000-09-25,150.96328735351562,151.6132965892043,147.87577659704758,148.20078121489195,2295951
2000-09-26,150.80078125,152.91329465630454,148.3632632340292,148.3632632340292,2930617
2000-09-27,154.538330078125,154.70083241337903,150.3133024745787,151.28831648610293,3063619
2000-09-28,153.40078735351562,155.3507982742587,152.42577361488173,153.88827766630789,2329650
2000-09-29,150.66317749023438,153.43213078798613,150.33743292144027,152.12910272760897,2234667
2000-10-02,152.45480346679688,153.4320866774184,150.50025364061602,151.15177578103035,2482056
2000-10-03,153.92076110839844,156.03817532618774,152.45483597983795,152.78059711951806,2551833
2000-10-04,153.4321746826172,155.71248688694033,152.78065216850436,153.4321746826172,2382754
2000-10-05,155.71240234375,156.20102736896666,153.10633029732287,154.08361353788155,2457747
2000-10-06,154.89801025390625,156.20103806884677,150.66314911151974,155.0608908051568,2922417
2000-10-09,152.45480346679688,155.87527810891004,152.2919229316933,154.08360881783275,2021435
2000-10-10,151.31468200683594,154.24649894634962,150.01165409983707,153.10635160210873,2296911
2000-10-11,147.5684356689453,150.3373881419367,144.14797765735628,147.89419673577513,3862586
2000-10-12,142.03054809570312,148.87146415633816,140.72752041631122,147.40555594263952,3632598
2000-10-13,148.5457305908203,150.17451945843118,142.03055852531352,142.35631961784836,3245301
2000-10-16,150.5002899169922,150.82605106572038,147.56847276857093,148.54575621475544,2711397
2000-10-17,144.96241760253906,150.3374440126572,143.17074766418907,150.3374440126572,3517208
2000-10-18,144.63662719726562,145.45101331398297,137.7957025010317,140.07600520142205,3842533
2000-10-19,144.96241760253906,145.77682057227457,142.6821224774159,144.636673009713,2752044
2000-10-20,135.84115600585938,143.98510865079706,134.5381199317554,142.68208087422477,3755938
2000-10-23,129.6517333984375,135.51537408695205,127.69718373642253,134.53809925594456,14877461
2000-10-24,139.0987548828125,139.0987548828125,130.46616758420137,131.60631498758048,9597475
2000-10-25,137.95855712890625,140.40173991271905,135.8411270710839,139.09870411616762,6103867
2000-10-26,135.84115600585938,139.0987337448218,133.88660604346927,138.12145876362672,3895805
2000-10-27,136.16697692871094,138.61016975285006,135.0268291281509,137.3071330268068,3226751
2000-10-30,140.72755432128906,140.72755432128906,136.16693145205002,136.65557317269693,3804911
2000-10-31,142.844970703125,143.17071522213834,140.23889838556758,141.0533011707619,3583166
2000-11-01,141.8676300048828,143.17065733932523,140.40172217925286,142.68203246082038,3317769
2000-11-02,139.9131622314453,143.33362134932906,139.42452047315697,141.37907091124302,2991839
2000-11-03,138.93588256835938,140.40179949880152,137.95861567810917,140.23891891791533,2516986
2000-11-06,142.03054809570312,142.19342863000986,138.93584283646805,139.587356676164,2492406
2000-11-07,143.17080688476562,143.49656820740637,141.37913620531643,142.03065885059794,2019891
2000-11-08,142.19349670410156,143.9851668441626,141.05334901317906,143.00789976552477,1978659
2000-11-09,142.19349670410156,143.00789976552477,138.4472758116948,140.89046840089443,2565521
2000-11-10,140.40179443359375,143.17073101863141,138.77300527855988,140.07603328357374,2556674
2000-11-13,134.04954528808594,138.77304171595065,131.60635261649728,135.5154542530109,3851589
2000-11-14,137.46995544433594,138.44723050066605,133.56085521901542,134.04949689594662,3068898
2000-11-15,136.81845092773438,138.28435946441076,134.37525896989655,136.49268978734722,2532386
2000-11-16,137.1441650390625,139.5873480093767,135.6782569163801,136.16689019143072,2151974
2000-11-17,135.1896514892578,139.26163224277238,133.3979736515869,137.30707384735572,2501379
2000-11-20,130.46607971191406,135.35244377181627,129.97743832740744,133.56077529034667,3087135
2000-11-21,132.25779724121094,134.3752191334039,130.46612809530052,130.46612809530052,2544426
2000-11-22,126.5571060180664,130.4662077400612,126.06846415404931,130.3033271187222,4637202
2000-11-24,128.67449951171875,129.8146469294143,127.86009664546046,129.00025236068905,1315197
2000-11-27,128.02293395996094,132.42066646410356,128.02293395996094,130.6289973588036,3356538
2000-11-28,129.81463623046875,131.52486551359297,127.04569160599803,128.02296666743078,3090765
2000-11-29,129.4888458251953,132.7464228861293,127.69717678217562,128.34869053485642,2658355
2000-11-30,129.1631622314453,130.46619881548753,124.9283078539942,128.3487674779945,4204353
2000-12-01,132.9093780517578,134.04953398250407,131.11770800238565,132.58361684367756,3798255
2000-12-04,134.53814697265625,135.1896692894239,132.420716038228,132.90935777580376,2502589
2000-12-05,141.0533447265625,142.03061177550114,134.53817021838324,134.86393143305264,4171364
2000-12-06,140.56466674804688,141.0533084443609,137.79572202819853,139.58738335541878,3313283
2000-12-07,139.42449951171875,141.05330512780108,138.44723273713421,138.44723273713421,2161572
2000-12-08,143.82220458984375,144.7994877087876,141.5418939073687,142.03053546684063,3517730
2000-12-11,144.14794921875,146.42825964161966,141.7047582945997,143.82218821618878,3431448
2000-12-12,137.63287353515625,143.496517174593,136.32983700553999,140.40181890024806,5283303
2000-12-13,138.12147521972656,139.7502642832653,137.4699612538176,137.632841819678,3664816
2000-12-14,134.04954528808594,137.63288568904497,134.04954528808594,137.47000507126768,3286470
2000-12-15,129.81463623046875,133.56085591637222,128.3487277870858,131.28055297138403,7490886
2000-12-18,132.9093780517578,134.04953398250407,131.60634151697144,131.76922212101155,2909021
2000-12-19,130.62901306152344,134.0494794626082,130.62901306152344,132.90932399557994,3208764
2000-12-20,123.62519836425781,128.83732503160073,123.62519836425783,126.55702272621195,4228412
2000-12-21,124.76541137695312,126.39420067671601,122.97374148770719,123.95101672707169,4105573
2000-12-22,127.37141418457031,128.67444997137486,124.76535090849102,125.41686465312837,2441326
2000-12-26,128.5115509033203,128.83730357983427,125.25396605548035,126.71988214114336,1901705
2000-12-27,125.988525390625,130.0737598462931,125.988525390625,128.6030717794552,2552292
2000-12-28,126.64224243164062,128.60315558220438,124.51791846443906,127.94952064019809,2621213
2000-12-29,125.33495330810547,127.62267941622287,124.51789935033823,126.80563378299925,2291798
2001-01-02,114.386474609375,122.5569442167934,111.44511487418941,122.2301227686438,7686631
2001-01-03,125.00810241699219,125.33492392347617,114.5499057794636,115.69377272761582,8180764
2001-01-04,125.6617431640625,127.45924488730557,123.21060672087889,123.70083067969877,5618519
2001-01-05,123.70084381103516,125.00812171423108,120.59607231832715,124.84471093576371,4755492
2001-01-08,119.12543487548828,123.53749449367221,116.67429711781121,123.53749449367221,4843235
2001-01-09,116.67423248291016,120.92287057414312,114.38649851679413,120.10582510754223,4187013
2001-01-10,116.83766174316406,117.9815289073611,112.91583622279899,115.36697301075553,5175926
2001-01-11,121.73986053466797,122.88371859343661,118.30826138474929,119.2887170955064,4924238
2001-01-12,119.4521713256836,122.72035267024134,117.65466992126873,122.39353953050993,3506128
2001-01-16,123.86425018310547,124.35448250106784,119.28879017150345,119.45220094415757,4122850
2001-01-17,122.0667495727539,126.8056204051399,121.41311480004153,125.49834253517237,5093859
2001-01-18,124.51788330078125,125.66175036967462,121.90333594655534,123.8642485433604,4025154
2001-01-19,122.88377380371094,125.82514225750548,121.90331765244609,125.00809685220833,4039719
2001-01-22,119.61560821533203,123.86424655725642,118.79856270052129,122.5569770633762,4317615
2001-01-23,122.0667495727539,123.21061666840765,120.59606925301534,121.5765255743553,4407277
2001-01-24,121.08627319335938,123.37400700570161,119.779003864485,121.57650543509331,3994857
2001-01-25,120.10578918457031,123.37397839801861,119.7789760904031,121.24965582550419,4342696
2001-01-26,116.67423248291016,122.39355907365825,116.51082172468159,121.4131028488288,5604351
2001-01-29,116.03363037109375,120.92283208359171,115.04010493166864,117.31476031836308,4804904
2001-01-30,120.9228515625,120.97514632672805,116.1382302663383,117.0271746618904,4140503
2001-01-31,120.21694946289062,122.75305446319686,119.11883416190852,122.23014836121153,4454122
2001-02-01,120.87052917480469,122.17779799722503,120.00772409343216,121.57645833468999,3669719
2001-02-02,121.00130462646484,122.62232592022652,119.87705033952926,120.92286247304513,3347044
2001-02-05,125.10616302490234,125.75979778728843,120.39997442172869,121.26277164211493,4558641
2001-02-06,124.45252227783203,125.73364435261183,123.40670171358022,125.10615700878608,3330789
2001-02-07,122.75308227539062,124.97545244257053,121.89028493049517,124.63556131813537,2719097
2001-02-08,123.24983978271484,125.89053471960244,122.96224346510489,124.84471403598383,3695093
2001-02-09,119.3802719116211,123.2759487910287,118.67434254562794,123.24980140905696,3855804
2001-02-12,124.21724700927734,125.02775796400363,119.38032867532412,119.38032867532412,3746152
2001-02-13,123.30207061767578,125.47214470529318,123.22362848801836,124.6093395508334,2988479
2001-02-14,120.94900512695312,123.38053697249339,120.5829667322684,123.30210314668275,2762623
2001-02-15,125.44607543945312,125.75981917982311,120.66145218177063,121.05362977609711,5010311
2001-02-16,122.88377380371094,123.74657921260383,120.94900888544433,121.57650448505201,3529937
2001-02-20,124.6878662109375,126.30887978805242,123.32829327843206,123.4067354612683,4179982
2001-02-21,123.66820526123047,126.67493967158724,123.45904272085791,124.71402628763917,3859727
2001-02-22,123.14518737792969,124.19100745714107,120.42606016670312,123.79882180573492,4778633
2001-02-23,120.73986053466797,122.88378812786725,117.70698004469043,121.70724726883701,4876120
2001-02-26,125.44607543945312,125.52450929340961,120.79218082139414,122.88381408173811,4397261
2001-02-27,125.49832153320312,125.49832153320311,122.88377455535161,124.13875743770198,4711360
2001-02-28,121.57649993896484,126.12581164897904,119.22340193410163,125.4983160728352,5540688
2001-03-01,120.03392028808594,120.45224514947584,117.41937325531592,118.9619607496389,4999085
2001-03-02,116.53044128417969,119.38029843884365,116.39971266981273,118.56978768940245,4586622
2001-03-05,118.28849792480469,119.02321236120501,117.02899342992848,117.42259223968595,3478793
2001-03-06,119.1806411743164,122.27692330103467,118.91825033121181,121.35853446383405,3274242
2001-03-07,120.65007019042969,121.38477624864497,119.31184096396053,119.31184096396053,2898212
2001-03-08,120.36137390136719,121.64711935353621,118.07852365270358,121.09608797532947,3457969
2001-03-09,114.95606231689453,119.04944998753011,114.01143182227572,118.73457594083531,4150560
2001-03-12,103.90914916992188,113.61783618133947,101.28518219115696,112.83064692316339,9537589
2001-03-13,111.07261657714844,111.51869033594787,106.9267447547345,108.89472262590256,8959888
2001-03-14,107.66144561767578,110.862686315706,105.22115270122255,106.92673107685053,7394379
2001-03-15,107.7926025390625,109.81306270528468,106.79549742668054,108.89467399914713,5184773
2001-03-16,106.53308868408203,109.55065369126314,105.22110971019939,106.00829876543536,9358703
2001-03-19,107.84512329101562,109.20958603219944,105.35235546420176,106.79553463905835,4346807
2001-03-20,105.08993530273438,110.4690687635056,104.95873570302768,108.89469027609302,4658256
2001-03-21,102.33476257324219,106.53310773685895,101.9936469764825,105.08992893657819,5600657
2001-03-22,98.92361450195312,101.83621392426339,95.5649330902421,101.67878108521279,11672849
2001-03-23,104.93254852294922,104.93254852294922,100.1044441937977,101.67883185211281,9543495
2001-03-26,105.56224822998047,107.5827002998473,105.0899330230955,106.2707210403079,6498551
2001-03-27,109.97051239013672,110.83642640980949,106.40192336577395,106.92671341214087,7627079
2001-03-28,109.0259017944336,109.15710140848294,107.05792429276303,108.23871246467233,5605478
2001-03-29,108.63225555419922,108.8421715032744,106.79547846799484,108.36985644058971,5626511
2001-03-30,109.83931732177734,109.99675015294144,108.15997252278062,109.55067654042051,6140529
2001-04-02,109.68185424804688,111.9122302200929,107.26780389145216,108.94714000078817,5059722
2001-04-03,104.11902618408203,109.13080900561263,103.01696330642196,109.02585103414648,4924279
2001-04-04,103.90914916992188,107.32031376139687,102.4397286643576,103.77794956780352,5598675
2001-04-05,110.46907806396484,110.86267689622224,106.53312315952907,107.58271169101424,4965052
2001-04-06,108.02874755859375,109.41945124965292,105.8770964168461,109.0258609096364,5144188
2001-04-09,110.2066879272461,111.25627654525314,108.15999388167323,108.73726720385034,3710283
2001-04-10,115.00855255126953,119.46929772706616,111.7810703998532,112.17466089371281,5448397
2001-04-11,113.53903198242188,116.76651153137132,112.17457044213889,116.50412086522101,4204103
2001-04-12,117.29132843017578,117.29132843017577,113.4078590596957,114.27376427081066,3602614
2001-04-16,117.16019439697266,117.42259360653208,115.21845862620818,116.84532035822187,2948437
2001-04-17,119.28565216064453,119.36437696762029,115.42842067310833,115.71705323507354,4279117
2001-04-18,125.66181945800781,125.84549384452335,119.44301493811447,120.38764516483893,7603542
2001-04-19,127.28868865966797,127.39364665197293,124.19240700034001,124.63848055626927,4603503
2001-04-20,126.21284484863281,127.28867459404334,124.63846678349731,127.28867459404334,4855775
2001-04-23,123.8512954711914,125.32071576586013,123.01162315086665,125.29447417829591,3382809
2001-04-24,120.67630004882812,125.42568529897977,120.41390921264828,123.32650848233959,3884140
2001-04-25,125.45191192626953,127.20996457257864,121.75211552571383,122.53930464943221,3726246
2001-04-26,129.36166381835938,129.59782146304843,127.23624501615787,128.44327483446529,4391148
2001-04-27,131.06716918945312,131.06716918945312,126.71138433993025,129.3615917910894,3272093
2001-04-30,127.3411636352539,131.22464277344676,125.97670137907772,131.17215959996344,3807874
2001-05-01,128.3383331298828,128.44329116814342,125.42572459317674,126.08171442093952,2726671
2001-05-02,128.83677673339844,129.72893186339712,126.26529435972049,128.65310240475335,3780874
2001-05-03,127.26251220703125,128.8631328520594,125.97676570007332,128.83689125191935,3853467
2001-05-04,131.0147247314453,131.1459243169274,124.6647282885631,124.90088587152424,3821166
2001-05-07,131.093505859375,131.198463901981,129.8340009935665,131.0147810615181,3073572
2001-05-08,129.83389282226562,131.1983545938768,127.81343338774172,131.09339663871668,3158247
2001-05-09,129.7027587890625,132.24800928472843,127.94469753188972,128.5744539354045,4819927
2001-05-10,130.75234985351562,131.723213537177,129.65027821384516,131.5920139357019,2831106
2001-05-11,128.60069274902344,131.19842653870307,127.28871341281156,130.7785861333066,2477528
2001-05-14,130.4899444580078,131.17217566967506,128.023410447303,128.60068365367786,2289482
2001-05-15,131.592041015625,132.1430811261241,129.36167239516948,130.48997750369824,3721363
2001-05-16,136.99732971191406,137.1022876767188,130.27997819176068,131.1721250698659,5108173
2001-05-17,136.73495483398438,138.0994168892093,135.65912512681177,136.4463141314007,4059396
2001-05-18,139.04408264160156,139.04408264160156,136.2889162427582,136.73498984776714,3610271
2001-05-21,140.11988830566406,140.51347868663737,138.2831109157019,139.04406680010666,3806956
2001-05-22,138.2306365966797,139.83125642203058,135.65914489962455,139.46389927180377,3626318
2001-05-23,134.74072265625,138.6241924671726,134.32089079167366,137.62708761153854,3338385
2001-05-24,134.87196350097656,136.2626674213887,133.1663855857163,134.47836474151666,2728173
2001-05-25,131.06716918945312,134.3471244394556,130.0175811701838,134.3471244394556,3262766
2001-05-29,130.3324737548828,132.64156605741513,130.279998941388,132.22173413132987,2716280
2001-05-30,128.6269073486328,131.3295985838715,128.57443253055388,130.33248514051527,3255003
2001-05-31,128.57447814941406,130.28005654644417,127.91848003168295,128.96806866551734,2793485
2001-06-01,128.57447814941406,129.6503000243294,125.9505023875604,128.54823655379772,2808467
2001-06-04,129.7552947998047,130.20136863347162,128.33835684419728,128.8369055294227,2879683
2001-06-05,129.0467529296875,129.49283488036167,127.57733255042344,129.09923610783738,3178508
2001-06-06,127.91845703125,129.3354026853322,127.02630977699107,128.5744550310291,2924963
2001-06-07,128.3383331298828,128.52200760820483,126.3965968902575,127.91849262230424,2326290
2001-06-08,126.31784057617188,128.15461831921422,125.3994517046507,128.15461831921422,3506733
2001-06-11,124.37605285644531,128.44320545443043,123.90373782219345,125.55684044207496,3730774
2001-06-12,127.97093963623047,129.2829189208073,121.38477655896506,124.3761006899663,7840019
2001-06-13,125.55687713623047,129.33539015998994,125.16327837448065,126.21286671794712,6907800
2001-06-14,128.2071075439453,131.74946359323218,125.55689881656848,127.97094991702389,12546455
2001-06-15,128.07594299316406,129.4928891425632,125.95052376906538,126.73772164397832,9130406
2001-06-18,128.57447814941406,130.46373100668765,127.36744829641712,128.57447814941406,4194734
2001-06-19,128.23330688476562,131.14590551773426,127.91842458293245,130.67359041951627,4713301
2001-06-20,133.21896362304688,133.42887978225124,127.44622747222948,127.78734331957145,6260405
2001-06-21,134.47833251953125,137.54838038592695,132.19548198343716,132.24796514726967,6670781
2001-06-22,136.07901000976562,137.5746722070996,134.05855772325066,134.08479931634335,5136092
2001-06-25,131.85433959960938,138.04690052462976,131.59194054300684,135.65909250222882,5653428
2001-06-26,128.02340698242188,131.11968894108182,127.99717374770894,128.57444693846023,6427710
2001-06-27,126.63277435302734,128.8369018554602,125.26830293335047,127.78731295430586,5636172
2001-06-28,128.23330688476562,129.75520180732167,124.34982811658783,125.29445831302382,4919209
2001-06-29,128.57447814941406,134.05857061552675,127.21000707725459,128.57447814941406,10994468
2001-07-02,131.7231903076172,131.7231903076172,128.25955151581414,128.36450950757794,4837392
2001-07-03,129.91262817382812,130.93597465199693,129.2566387696373,129.8863865925731,3666235
2001-07-05,127.59606170654297,130.04426527894267,127.41178345262713,128.46477450682974,4061128
2001-07-06,123.43669128417969,126.96420249016519,122.67326873771023,126.8852309232116,4891352
2001-07-09,123.33146667480469,124.06855463004895,121.8836006663131,123.4630916193602,3370686
2001-07-10,120.4621353149414,124.35819891667019,120.27785693954803,123.0682838154107,3969379
2001-07-11,117.43473815917969,120.93592531309521,116.61867008985647,120.56738547282426,5662588
2001-07-12,123.72632598876953,124.25282573661646,118.19812892608769,120.83060252046687,4471107
2001-07-13,124.91095733642578,125.70069867328955,121.46241541586954,122.67334989729547,3676584
2001-07-16,121.67301177978516,125.04258207537046,120.51472225260332,124.12121578700398,2869479
2001-07-17,121.38343048095703,122.4627398909026,119.51437143916336,120.4357376280342,3809356
2001-07-18,121.4887924194336,121.75203405304445,119.51443406842569,120.0409257172704,3537365
2001-07-19,122.35740661621094,124.91090790322058,121.17279088891448,121.88356032529236,2687776
2001-07-20,122.7523193359375,123.59470555257896,121.56770324176192,122.9365892254231,2503736
2001-07-23,119.25115203857422,122.72602113294171,118.98790209401344,122.41012622844124,3172331
2001-07-24,115.82891845703125,119.90925006156255,113.85456093996599,119.51438358712117,5490171
2001-07-25,115.3023910522461,118.22444081919255,113.59128384876122,116.88188171683153,5232306
2001-07-26,115.17076873779297,116.09213482064237,113.85453626607534,115.69726843177415,4927263
2001-07-27,117.5400390625,118.06653054715808,115.43405636062688,116.2237977784242,3436080
2001-07-30,114.77593231201172,118.19814768981283,114.24943248058398,117.27678136643408,3483071
2001-07-31,114.5126724243164,116.48702985700004,113.17011305800395,114.11780596675115,5166703
2001-08-01,112.66991424560547,114.59161790887231,111.61692329618262,113.1964139111255,4866981
2001-08-02,111.09049987792969,113.67032131750304,110.82724988434914,113.45972467528753,5106984
2001-08-03,112.53829956054688,112.66992448889346,110.30070092350901,111.35369196866364,3187272
2001-08-06,108.9581527709961,111.90652989901773,108.66858458234027,111.61695332874247,4441644
2001-08-07,112.59098815917969,112.80158475786673,108.61594592788457,109.11611913598173,4867899
2001-08-08,109.64259338378906,111.88020075146609,109.24772691877617,111.48532590483394,3044922
2001-08-09,110.30072021484375,111.22208649279659,108.7212291800536,109.64259545800644,3099675
2001-08-10,112.06444549560547,112.69624343207218,108.95812589688607,110.56393482581655,2786390
2001-08-13,111.16947937011719,113.4860593612453,110.6166610498759,111.88024937398006,2962104
2001-08-14,110.16908264160156,112.53830634991994,109.77420783273926,112.14343992267611,2620754
2001-08-15,109.98480987548828,111.38002253560569,109.80053998444664,110.5639545951291,3118664
2001-08-16,109.51097106933594,110.30071233953494,107.9314801473191,109.32669279793092,3564470
2001-08-17,107.40499877929688,108.98448146702167,106.2203825726935,108.72123155852766,3270903
2001-08-20,109.32669067382812,110.30071019650798,106.37832220481972,107.93147805032385,2666263
2001-08-21,106.53630065917969,110.11646834503193,106.35203071203419,109.30040015609066,2904305
2001-08-22,107.53666687011719,108.7212751702872,106.06247349649794,106.74692520946286,3304394
2001-08-23,108.03675079345703,108.74752026933777,106.90478831629139,107.6682111081411,2192454
2001-08-24,110.53764343261719,111.24840475929234,107.95781450213009,108.19473773822828,2837095
2001-08-27,111.01148223876953,112.0381551895592,109.64259614654262,110.56396243028146,2988104
2001-08-28,108.53692626953125,111.35367757997149,108.32632976403639,111.22205266863298,2657082
2001-08-29,106.90489196777344,109.64266589381447,106.90489196777344,109.64266589381447,2482995
2001-08-30,105.82555389404297,109.24777040045346,104.87786059023004,107.14178714345196,4603440
2001-08-31,107.66825866699219,108.45800008405155,105.48329595824683,105.69390093353364,3601445
2001-09-04,107.48397064208984,111.01148422107856,106.22038281273063,107.66824893109991,3857369
2001-09-05,109.77422332763672,110.53764638953915,106.6152579373166,107.87884576976859,4207567
2001-09-06,106.6152572631836,109.30037615165364,106.3783340222457,108.72123138287428,3843577
2001-09-07,104.40400695800781,106.08878842199316,103.56161203520412,105.29904684882435,5046075
2001-09-10,103.58792114257812,105.72022219035547,102.5349297630555,102.69288140355111,5027713
2001-09-17,92.53147888183594,97.92804972319902,90.82037187180535,93.45284483966907,14907738
2001-09-18,89.10929107666016,95.29561375366447,88.34587638551892,92.66313976374806,9621555
2001-09-19,85.5553970336914,91.21521632879778,81.60668433820055,90.55710034008747,11822961
2001-09-20,79.94828033447266,83.00194744544056,79.94828033447266,82.3964843856924,9739595
2001-09-21,82.396484375,85.58177644077537,75.02554555492918,76.34178672534675,17921757
2001-09-24,92.66312408447266,93.3738853200045,86.21356096692358,88.8460345114063,14809667
2001-09-25,93.45286560058594,95.11131966414767,91.26791179751761,92.68944265462504,9191043
2001-09-26,93.82311248779297,95.19819648160407,92.55380353815433,95.19819648160407,5527125
2001-09-27,95.06595611572266,95.19817699877073,92.60667631755663,94.14041835395322,4381883
2001-09-28,98.37145233154297,98.63589409602172,95.25106813722206,95.99150170993569,6775467
2001-10-01,99.5350112915039,99.85233643779559,97.97481458799025,98.63591916722618,5159045
2001-10-02,100.61917877197266,100.77783707652823,97.02280318826493,99.29697852313473,4666582
2001-10-03,100.88362121582031,101.72982978843915,98.90032487286278,99.56142926689324,5351807
2001-10-04,98.87390899658203,102.33806478245965,98.1070294161681,101.67696024424613,5556734
2001-10-05,99.03257751464844,99.66723625256006,95.75353403074217,98.87391914484775,4768409
2001-10-08,97.31368255615234,98.50366194055262,95.85926985710347,97.18146168904497,3284279
2001-10-09,97.36666107177734,98.29219954706689,96.28245573059652,97.31376930995569,2957639
2001-10-10,100.24899291992188,100.8572057269788,96.54684118585686,97.34015821178954,3754687
2001-10-11,102.9991226196289,104.42709778795498,101.28026829825436,101.54471001525525,5154350
2001-10-12,103.13136291503906,103.50157970470102,99.19121595131175,102.97269617102188,4614854
2001-10-15,102.76118469238281,103.34295174603088,100.64566660283165,101.941421643171,2686211
2001-10-16,101.72984313964844,103.7924689127656,100.75141355981263,102.76115602620702,3463206
2001-10-17,98.2392578125,102.4967309492084,97.89548679425111,102.47029350131955,4525776
2001-10-18,98.50369262695312,99.1647887488721,97.4459337801415,98.10702990206048,3161606
2001-10-19,98.50369262695312,98.900346932277,96.62617088435172,97.84259650503417,3416362
2001-10-22,99.45573425292969,99.95816389308197,97.8690908504801,98.23930792503747,3395350
2001-10-23,98.55654907226562,100.61918289204237,97.63101138605077,100.4869620197879,3173709
2001-10-24,98.0541000366211,100.222500012315,97.57810836056747,98.58297499914468,3340513
2001-10-25,100.14319610595703,100.38119200395178,95.30394898658602,97.4459120685388,4697005
2001-10-26,102.81401824951172,103.07845154638127,99.42919290566476,101.12160136780544,3885100
2001-10-29,98.97964477539062,102.47024504205406,98.76809477490777,102.20580333166778,2951150
2001-10-30,96.09732818603516,97.78973786183293,96.04443643699227,97.18152484569794,3187564
2001-10-31,96.2823486328125,98.23919851079758,95.8592486871609,96.78478613294699,3324071
2001-11-01,100.24899291992188,101.09519325714675,95.33041557174299,95.85929920207728,3879696
2001-11-02,100.3812026977539,101.54473645200021,98.05413518926132,99.42921900435825,2914884
2001-11-05,102.52314758300781,103.39580202331338,101.65050156226924,102.07360164267983,3163484
2001-11-06,105.24688720703125,105.72287063158993,101.67694837608282,102.52315703448183,3505607
2001-11-07,104.0569076538086,105.6699873844254,103.36936574959708,104.85022458793203,3189150
2001-11-08,106.7013168334961,107.01864197257805,104.32136566102777,104.58579906714486,4183153
2001-11-09,106.85993957519531,107.04504372515166,105.35263526126386,106.5426061473193,2462108
2001-11-12,104.2684555053711,106.1724228425982,102.10005480874837,105.51131839519012,4150539
2001-11-13,107.25660705566406,107.33594463227234,105.24687333378759,105.7757484133428,3681237
2001-11-14,108.10284423828125,109.47792822894257,107.12441455746593,108.28794846026686,2972058
2001-11-15,109.87457275390625,110.00679364180434,107.89127627457007,108.10282632738,3535383
2001-11-16,108.02351379394531,109.87458967037809,106.46331718001855,109.87458967037809,3608665
2001-11-19,109.08129119873047,109.95393755428317,107.626869380049,108.81684933723017,2960873
2001-11-20,108.6845932006836,110.45633962750806,107.8912762927291,108.94903497652426,2991985
2001-11-21,106.96570587158203,108.94900174633321,106.19882663946102,108.42011835596493,2508515
2001-11-23,108.47307586669922,108.81684691115714,107.23021261666977,107.49464605270431,1094641
2001-11-26,109.26637268066406,110.32413148667494,108.42016395194166,109.61014366114996,2630666
2001-11-27,108.6052474975586,110.48276024533428,107.44171396452134,108.94901838597569,2928510
2001-11-28,104.0569076538086,108.42015500127141,103.50158664187894,106.43685845617892,4960858
2001-11-29,105.06178283691406,105.22044960393332,103.50159470942648,104.05691576464125,3211435
2001-11-30,101.80912780761719,105.45839431993946,101.67690696925338,105.06173180484804,4923382
2001-12-03,97.6310043334961,101.5447132429886,96.8112417203886,101.5447132429886,7034771
2001-12-04,98.76809692382812,101.04227210784674,97.84255933690442,99.82584694925613,6088113
2001-12-05,99.29698181152344,101.17450302761549,98.13344824827483,99.42920268274257,7343549
2001-12-06,99.82586669921875,101.5182839138696,99.2969915818699,100.22252935190583,4041284
2001-12-07,98.2392578125,99.85233785348088,97.97481597705644,99.85233785348088,3416633
2001-12-10,97.31368255615234,100.88361228978701,96.91702837439637,98.37144107344524,4329112
2001-12-11,97.28726196289062,99.16478360816114,96.36172407235651,98.76812932339988,4323207
2001-12-12,97.97478485107422,99.0589892962923,95.75350108165837,99.03254343723576,4721877
2001-12-13,97.97478485107422,100.22252289911332,96.65259293304733,97.44590976777681,5446727
2001-12-14,99.56139373779297,100.4604852893477,96.38811903755028,97.97475217788967,5450087
2001-12-17,101.2802963256836,102.73470933253887,99.6936624237382,99.95809579435047,5574596
2001-12-18,105.03533935546875,106.04021487010807,104.0569181254293,105.11467695056255,6889250
2001-12-19,107.83837890625,108.3672624301553,104.45355297978415,104.98243650368944,5697602
2001-12-20,107.9970703125,108.84327909227162,107.44174922122478,107.89129526747467,3892863
2001-12-21,109.34567260742188,109.45144761777385,108.28791408433591,108.68457668783049,6400814
2001-12-24,108.92255401611328,109.45142897780384,108.42011648783364,109.34565398546573,1162206
2001-12-26,107.23014831542969,109.16055249679584,107.2301483154297,108.1556858354712,3120583
2001-12-27,108.7707748413086,108.7707748413086,107.09738350966352,107.57549773502194,2687922
2001-12-28,108.18638610839844,109.22229717771516,107.36296831630966,108.2926327470124,2842353
2001-12-31,106.45989227294922,108.3723491243733,106.3270818296993,107.70830536523293,2927696
2002-01-02,108.7707748413086,108.7707748413086,106.38021217162586,107.0442559481306,3691921
2002-01-03,107.86769104003906,108.6911091744753,106.64584995942738,107.44270430888905,3651065
2002-01-04,108.7707748413086,109.8066861772154,106.99113684370712,108.37235195824952,4142589
2002-01-07,104.5474624633789,108.50517885590611,103.85685480140174,107.9739369884709,5743820
2002-01-08,103.4583969116211,106.27395440823,102.52873233874898,105.31772605736529,5034620
2002-01-09,102.39588928222656,105.18488211226058,101.43966123601929,102.79432045384823,4213368
2002-01-10,102.5552749633789,103.32556516652164,101.99747802613024,102.39590078540493,3075262
2002-01-11,101.54597473144531,103.9896655382404,101.36004513650572,103.85686351734722,3505982
2002-01-14,100.66938018798828,102.13027770132433,100.35064029624151,101.46623414590856,4346953
2002-01-15,102.82090759277344,103.564642627169,99.79285681390486,100.4037814166506,5435084
2002-01-16,100.1912612915039,102.23652786009818,100.16469752086233,101.99747083853659,4777298
2002-01-17,102.92717742919922,103.35216410559315,101.7318918304542,103.3256003240411,4707500
2002-01-18,102.74121856689453,103.32557935691081,101.59906076302362,102.10373868166295,3763680
2002-01-22,101.7318344116211,104.78644768118872,101.54589650281237,104.78644768118872,3583062
2002-01-23,100.00534057617188,101.75842273556995,99.58034557997699,101.73185896260021,4695273
2002-01-24,99.73974609375,102.50217624136589,99.18194899965205,101.20064405039788,4044852
2002-01-25,101.62564086914062,101.9443808629739,99.89912199782367,100.93503332061384,3287805
2002-01-28,101.33341217041016,102.58182473711075,100.2975012977115,102.52869719933385,2913486
2002-01-29,96.84446716308594,101.51935230497014,96.20697898141727,100.93499166223462,7580548
2002-01-30,97.9600830078125,99.07568546311786,91.61180581405422,96.68511481396907,13009184
2002-01-31,98.67720794677734,98.8897011366253,94.29450842057585,98.27878533008837,6471237
2002-02-01,97.8803939819336,98.27882521743327,96.65854495875374,98.01320439376683,4286921
2002-02-04,92.96649169921875,95.35706324379348,92.22276490754844,95.35706324379348,8292398
2002-02-05,96.1804428100586,97.13666258720146,93.20551146540264,93.23207524015571,9259589
2002-02-06,98.17257690429688,98.51788061607483,95.46327476131954,96.55230499079198,6929480
2002-02-07,98.80998229980469,100.50993565625416,97.0834651900277,98.30530481498498,4998313
2002-02-08,98.94293212890625,100.27102018281161,96.23361998241258,99.3413551622328,4739530
2002-02-11,100.40379333496094,100.66941422979077,98.41165353795618,98.94289532761584,3290330
2002-02-12,99.60691833496094,99.87253917439662,98.14602063228016,99.60691833496094,3407348
2002-02-13,101.20063781738281,101.91780909009877,99.60692951608647,100.13817125459104,3914355
2002-02-14,100.93505859375,103.19281135344127,99.7132089591194,101.2006710932298,4251511
2002-02-15,98.57103729248047,100.93504487928998,98.33198015545231,100.93504487928998,4613394
2002-02-19,96.68509674072266,98.27881302794601,96.47260349098785,98.01319223722442,3536468
2002-02-20,99.7928695678711,100.27098380007212,96.02109172966568,97.03043929925144,4592256
2002-02-21,99.66001892089844,102.15682707329319,99.28815153772537,100.881859228918,5766794
2002-02-22,101.17403411865234,101.94432412263082,98.4912883018934,99.660009419236,4081222
2002-02-25,104.1224365234375,104.33492982480328,100.93502008873416,101.06783051636484,5097761
2002-02-26,102.92717742919922,104.25526502148507,102.26312517594661,104.12245457083455,3919509
2002-02-27,103.40750122070312,105.35556216991856,102.74035007652581,104.74178651590582,4818655
2002-02-28,102.74034881591797,105.80921855175116,102.6336063334745,104.74178523074067,4882171
2002-03-01,105.2754898071289,105.2754898071289,103.27405370280836,104.34148685821762,4197843
2002-03-04,107.27691650390625,107.41033820212941,105.32884755507415,106.20948344210449,6735946
2002-03-05,108.0775146484375,108.87808750932895,106.20950847416552,106.60979065632334,4964801
2002-03-06,110.8795394897461,111.1997669797833,107.8106693446361,108.07752983462227,5140662
2002-03-07,109.2782974243164,111.54659277726857,107.8105828993969,111.41316263926313,5098491
2002-03-08,108.34435272216797,111.65339472000186,107.3836705101361,110.7460794936844,5863718
2002-03-11,109.81212615966797,110.39921424732988,109.03823229613542,109.41183535129818,4891436
2002-03-12,109.67869567871094,110.82618409861493,107.62389162414597,108.07754944147646,4124749
2002-03-13,106.74321746826172,108.7713415484704,106.52973251172934,108.74465380475998,4919167
2002-03-14,107.83732604980469,108.21092892892082,106.74320515308771,107.41034768942575,3080624
2002-03-15,107.25022888183594,109.1449223561726,106.50302318879297,108.2109194881558,6906340
2002-03-18,106.47633361816406,108.21091762597992,106.02267606111407,107.41033647010784,4172908
2002-03-19,106.47633361816406,107.01005438874544,105.64907322102184,106.74319400345476,3728875
2002-03-20,103.54093933105469,107.11684284043794,102.74036632798335,106.04940933748371,5737477
2002-03-21,99.93832397460938,103.00719323263574,98.28380300947211,102.2066204906668,10496392
2002-03-22,101.05914306640625,101.37937049701029,98.81753405902715,100.12514002137958,6385415
2002-03-25,98.84423828125,102.01984236650262,98.73749578658636,101.72630263032183,5132941
2002-03-26,99.56474304199219,100.92572465024395,98.73749087365522,99.00434284874801,4175433
2002-03-27,99.93832397460938,101.59284493974661,98.8708908197926,99.4579786301131,4095369
2002-03-28,99.80489349365234,101.2459295231773,99.37792363152992,100.60547472999366,3903943
2002-04-01,99.5380630493164,99.93834525725683,97.67005675472426,98.87091187512183,4493684
2002-04-02,99.00430297851562,99.2711633427169,97.93687001828344,99.2711633427169,3632953
2002-04-03,98.07038116455078,99.32461231723828,96.06894377385628,99.00438471376955,3989098
2002-04-04,99.5380630493164,99.67149328415533,97.77679924328012,98.07033896266466,4283749
2002-04-05,99.00430297851562,100.87230853477868,98.12367567185353,100.33859630294909,3093249
2002-04-08,98.3638687133789,98.44392344062354,97.08295059459108,97.40317800014435,3581351
2002-04-09,97.26972961425781,98.60402296626206,96.76269661111303,98.20373241168885,3580871
2002-04-10,99.27116394042969,99.69813372846416,97.13629800711128,97.48321308403254,4732435
2002-04-11,90.06458282470703,98.12369428150971,89.39743178767523,97.93688859251097,16666655
2002-04-12,89.53089141845703,91.93261894792454,88.06317564778706,91.93261894792454,10375555
2002-04-15,84.99431610107422,88.73032962215095,84.43391577222839,88.33004731436613,14304099
2002-04-16,88.3300552368164,89.02388589601398,85.90163943304563,86.72890037233186,9313570
2002-04-17,89.79778289794922,90.67841096482047,88.62360647773401,89.397492006093,6186601
2002-04-18,90.1980209350586,90.78510880114112,88.06315442265387,89.82441802090146,5684101
2002-04-19,89.9311752319336,91.13203890399262,89.45082976310997,91.13203890399262,4106720
2002-04-22,87.68952178955078,89.5308394965837,87.52940388158478,89.5308394965837,4132782
2002-04-23,87.52943420410156,90.6783585101057,87.12915204037691,89.39744029235106,4065823
2002-04-24,86.72883605957031,88.49009915685365,86.40860872276596,87.6628388310127,4537086
2002-04-25,85.52798461914062,88.57016597613837,84.91421759716188,86.0617054166906,5774139
2002-04-26,84.06031036376953,87.52946325132969,84.00694335596458,87.52946325132969,4837497
2002-04-29,82.32568359375,85.07431647134892,81.87202607012972,84.72740139466441,4720709
2002-04-30,84.1937255859375,85.12772877314661,80.45771283710107,82.19228897097845,8409040
2002-05-01,84.593994140625,85.02097254067145,82.05884546975842,84.72742435960356,5382543
2002-05-02,84.3271255493164,84.99426801591025,82.886089664763,84.4605557419499,4087043
2002-05-03,84.593994140625,84.593994140625,82.03215772664765,83.52656938194721,4133033
2002-05-06,82.64592742919922,85.52799106481922,82.43244249271991,84.19370596353623,4865916
2002-05-07,81.7920150756836,83.6867095873036,81.41842052120509,82.72601845503672,4304073
2002-05-08,87.66291046142578,88.11656835006447,83.52661394897663,83.6600357425693,7068700
2002-05-09,84.03358459472656,86.78222640567387,83.63330247925349,86.72885092543778,6868968
2002-05-10,81.7920150756836,84.72745548173322,81.6852725606071,84.72745548173322,5478903
2002-05-13,82.32568359375,82.85939582842886,81.12482044500629,81.5251109934452,4701887
2002-05-14,84.27376556396484,84.48725051278959,82.45913500237941,84.19371083229937,6191442
2002-05-15,82.53924560546875,84.59405024953823,82.48587008384469,83.9269072087231,6182804
2002-05-16,85.39460754394531,85.39460754394531,83.09962220894383,83.66002254197984,4902933
2002-05-17,89.26399993896484,89.26399993896484,86.06170081462705,86.46198289481075,6817846
2002-05-20,86.99571228027344,88.08983316785132,86.67548488509496,88.06314542744283,4237593
2002-05-21,85.79488372802734,88.59689368969168,85.3946014458341,87.79632062872729,4144905
2002-05-22,85.1811294555664,85.90164794146375,84.06032858633503,85.39462302280197,3946656
2002-05-23,87.9297103881836,87.9297103881836,84.91421679873218,85.6614140130727,3768124
2002-05-24,86.99571228027344,88.06314542744283,86.67548488509496,87.92971522197485,2959580
2002-05-28,85.52798461914062,87.63616307700002,85.02096005735706,87.39599891399143,2978902
2002-05-29,83.79338073730469,86.16841879228774,83.55320815878795,84.99424362988839,3496613
2002-05-30,83.2597427368164,83.79345533277449,82.05887877518728,82.45916959458991,4346077
2002-05-31,83.09960174560547,84.54063810133768,82.72599878338863,83.25971972843453,4156841
2002-06-03,80.35094451904297,83.12626544125357,79.92396618722859,83.09957770240754,6034591
2002-06-04,80.19084930419922,81.15154020227087,79.49701887705335,80.05741906873634,6951619
2002-06-05,80.45771026611328,81.28497093377035,79.55039485532052,80.72457073866755,4981390
2002-06-06,78.18940734863281,80.85798638328849,77.68238268489098,80.85798638328849,4461029
2002-06-07,80.59112548828125,80.72455569970037,75.78768036006748,75.78768036006748,6589340
2002-06-10,79.9239730834961,81.12483646944412,79.39026074339402,80.45769392017286,4348831
2002-06-11,78.45626831054688,81.25827758961728,78.32283808346126,80.32427449659382,4653999
2002-06-12,80.99144744873047,81.15156548047698,78.32286739795596,78.45629767498154,5870186
2002-06-13,79.65717315673828,81.2583197187432,79.3636248056419,80.05745554894938,4346744
2002-06-14,79.2568588256836,79.52371933928028,77.06862470529295,78.72314629506798,7125456
2002-06-17,81.41841888427734,81.79201343124467,79.73720943661125,80.05743697540251,4442791
2002-06-18,83.12631225585938,83.79345512328375,80.6979050813085,81.12487515700751,4548416
2002-06-19,80.99144744873047,83.6867152542259,80.85801717170489,81.9254508913305,4365440
2002-06-20,79.2568588256836,81.49846844742467,78.98999831208691,80.7245831538876,4332221
2002-06-21,77.2553939819336,79.25683011575464,76.7216816446495,77.78911481579236,8182016
2002-06-24,78.98997497558594,80.05740821803646,74.98711093711555,76.18796590036905,7759204
2002-06-25,77.12193298339844,80.56440379838051,76.58822085919294,79.92394075276265,6211745
2002-06-26,79.21658325195312,80.31755396679924,73.63113893944966,73.84596207650088,9389878
2002-06-27,80.29061889648438,80.55914324659854,77.17566119670113,79.75355309660628,6935615
2002-06-28,78.00814819335938,81.23051907176257,77.92759170009388,80.29066196762366,6774298
2002-07-01,76.39693450927734,79.32391608339971,75.85986864990763,78.03496999066853,5626865
2002-07-02,75.45710754394531,76.558077599875,73.60423985866875,75.59136551187493,6582851
2002-07-03,74.92005920410156,75.05432575363699,72.23475386288669,73.17461115980346,6358915
2002-07-05,79.72672271728516,79.88784421696994,76.53120758063395,77.20254003779766,4018415
2002-07-08,79.02852630615234,80.34432737110467,78.08866962401864,79.75356006948275,4251740
2002-07-09,75.99413299560547,79.834116163785,75.83301153232236,78.94796949029188,5150573
2002-07-10,72.63751220703125,77.20252954623656,72.63751220703125,76.26267278375822,6988928
2002-07-11,73.443115234375,74.7857630994564,70.89207317594413,71.96619232299204,10745931
2002-07-12,76.79971313476562,80.37117146192986,72.90602047314414,75.45706579961478,10040903
2002-07-15,75.85990905761719,76.58494322406915,67.80398954950665,76.47753170494632,7826268
2002-07-16,73.98014068603516,75.59132084748998,73.36251848920861,73.36251848920861,7477385
2002-07-17,75.85990905761719,76.50438672218462,73.7116615754996,76.26270866670063,7988983
2002-07-18,74.38294982910156,76.90713184556482,73.87273900563919,75.32280647243209,5836759
2002-07-19,71.21430206298828,74.38296633722669,70.4892724435956,72.77177705549256,7534621
2002-07-22,68.90496063232422,72.20788371454985,68.04566002523056,71.16061510738699,9277388
2002-07-23,66.59559631347656,70.22075820214572,65.70944496459293,69.76425715800059,10140998
2002-07-24,71.24114990234375,71.83191297633442,61.81572732433878,64.9575362753115,13019367
2002-07-25,71.56340789794922,73.04032675709021,69.41516500505342,71.429145656147,8317187
2002-07-26,74.6514892578125,74.86632076092927,71.13374416058188,72.63751765835073,7467808
2002-07-29,81.76753234863281,81.76753234863281,77.44419371981024,77.57846016912644,9425642
2002-07-30,84.85565185546875,85.285297738595,79.59245558786583,80.55915882489992,9077260
2002-07-31,86.466796875,86.466796875,81.20360277386688,84.8556169266542,9428167
2002-08-01,84.3185806274414,86.7085049385293,83.91578977490137,86.1982940721642,6877064
2002-08-02,79.21658325195312,83.8890164072374,78.11560398727269,82.84174720173694,8029463
2002-08-05,75.99413299560547,79.72670470487147,75.91357653887671,78.81370302919355,5721598
2002-08-06,79.61933135986328,82.17037824227066,78.41094973117525,78.54520770671749,7547558
2002-08-07,82.57312774658203,82.86851566383012,79.35076695734149,81.82124755234442,5940318
2002-08-08,85.79549407958984,86.46681779552257,82.19718049456829,82.7073913065792,6923888
2002-08-09,87.00389862060547,87.40669808914586,83.88894855323716,84.58712745884527,5664654
2002-08-12,86.60113525390625,87.00392630076658,84.45288783788408,85.2853334978469,4343218
2002-08-13,83.11021423339844,86.54739878952222,82.70741475972287,85.39271893474411,5482951
2002-08-14,85.6612548828125,86.33257881235235,80.02211335509088,82.57315112720461,7783743
2002-08-15,86.70852661132812,87.03076108386786,83.72783422830815,85.66125816320286,6028039
2002-08-16,84.72135925292969,86.73533867120399,83.7815027610566,85.92974861385905,4556930
2002-08-19,88.31973266601562,88.31973266601562,84.58715878451008,84.72142532374727,5021933
2002-08-20,86.60113525390625,87.91693700996558,85.6612780781253,87.67525896191734,4249550
2002-08-21,86.73539733886719,88.31972352832199,85.55386217562001,87.6752544664579,4462844
2002-08-22,87.80953216552734,88.56141283337858,86.2789072615417,87.00393291094058,4293285
2002-08-23,86.60113525390625,87.03078131717864,85.90295612617356,86.60113525390625,3452752
2002-08-26,86.1177749633789,87.00392206317527,84.02323768219685,86.86966408731438,3840405
2002-08-27,85.79549407958984,87.94374023036465,85.07046036246648,87.27240796460686,4233378
2002-08-28,84.05007934570312,85.3927272896662,83.27133533036933,84.85566982204664,3630846
2002-08-29,81.49903869628906,82.35833925581855,80.69344816228032,81.9018382382079,5338056
2002-08-30,80.96196746826172,82.385180305399,80.50546652802184,81.09623395947831,4203414
2002-09-03,76.42377471923828,79.27019960185775,76.37007326758375,79.21649815020322,6293165
2002-09-04,77.06826782226562,77.84700315494341,75.94044305772167,76.79973485934491,5545007
2002-09-05,75.18854522705078,77.4442030373327,75.0274237585214,75.99413547004592,5221289
2002-09-06,75.99413299560547,77.6053134291342,75.85986653450715,77.47105551786147,3777243
2002-09-09,77.2830810546875,78.22293775690052,75.02742325941105,75.59133557077371,3623334
2002-09-10,78.08867645263672,79.48503409679113,76.88029529124242,78.4109194088465,4248569
2002-09-11,77.87388610839844,79.75360042377709,77.60535304910721,78.84059828198288,3113572
2002-09-12,75.18854522705078,77.39049303121428,74.78574583064027,77.20252510945157,4225574
2002-09-13,72.63751220703125,74.51722573198792,72.36897926065848,74.24869278561515,7573119
2002-09-16,74.92005920410156,75.13488226342575,72.63755351149298,72.77181151119719,3914751
2002-09-17,74.38294982910156,77.71272203273023,73.87273900563919,77.71272203273023,5227069
2002-09-18,73.443115234375,74.92002959593012,72.23472531593946,73.04031574495387,5406956
2002-09-19,71.29487609863281,73.17459015283792,71.29487609863281,71.8319335927648,4671381
2002-09-20,71.8319320678711,72.23473159229077,69.87166156861724,71.3217295967338,8543022
2002-09-23,70.89209747314453,71.75139394027659,69.63000137853784,70.75783093065299,4468144
2002-09-24,69.54944610595703,70.89209872992907,68.60958884168507,68.87811765651328,6113340
2002-09-25,73.01068115234375,73.49741994505696,70.65811175584072,73.01068115234375,6802009
2002-09-26,71.36114501953125,75.74178788669481,69.7386888437519,74.36269238858746,11807812
2002-09-27,66.1692886352539,68.4136898501691,65.81775612230724,68.27848371293389,11484010
2002-09-30,66.6560287475586,67.19684900353141,63.57335630189536,64.89836183943909,10398967
2002-10-01,70.84738159179688,70.84738159179688,66.52082377302946,66.926437895909,8371252
2002-10-02,67.06167602539062,70.225474580642,65.41217579665133,69.63057243537537,6267395
2002-10-03,66.57492065429688,69.9820878174468,66.41267582886088,67.19686560905004,6200624
2002-10-04,64.92539978027344,68.41368607257945,64.89835683238715,68.2784799428099,6427168
2002-10-07,62.05903244018555,66.14221912334514,61.76158164062215,64.95242022992097,8048744
2002-10-08,63.140689849853516,64.62794425648039,60.81516438632507,62.87028191448073,8823381
2002-10-09,59.49016571044922,61.004458927844674,59.21975343995147,60.97742028369356,10067529
2002-10-10,61.11262893676758,61.11262893676758,57.86771146234741,58.54373790923275,12641730
2002-10-11,65.46623229980469,67.35910125304585,63.384075590273056,64.84428742982627,12513424
2002-10-14,65.84481811523438,66.92645898700054,64.60093240415308,65.43920386453023,5200318
2002-10-15,70.84738159179688,71.03666933042902,68.41369254968825,68.95451281513809,9192045
2002-10-16,69.22492218017578,70.46880752414286,68.11624298148357,69.9009486017187,5741483
2002-10-17,72.71318817138672,72.87543722145753,71.38818296134308,72.74023111467525,5389700
2002-10-18,72.06424713134766,72.71323079758977,70.54995334506029,71.92904525013707,4477012
2002-10-21,73.41627502441406,73.57852412307254,70.84738405524314,70.84738405524314,4804653
2002-10-22,73.19995880126953,73.19995880126953,71.65862228371851,73.03771828973626,4467810
2002-10-23,72.74026489257812,73.01067723171222,70.57698770366635,72.87547106214518,5556734
2002-10-24,70.30657196044922,73.55148973912152,69.36013742896846,73.28107741308017,6780099
2002-10-25,70.95556640625,71.52342979519176,69.68464205426001,69.76576232065695,4940325
2002-10-28,70.98261260986328,72.74027585991594,70.414749194962,72.60506966996331,4801273
2002-10-29,69.90095520019531,71.00963450354409,68.14329236502871,70.8473896967976,4722253
2002-10-30,68.00806427001953,69.7657265382271,67.33203800272332,69.36011249978154,6988552
2002-10-31,68.27848815917969,69.36012871783484,67.71062923354302,68.14328631797137,5595107
2002-11-01,70.30657196044922,70.30657196044922,67.49431132054389,68.35962129324584,4744809
2002-11-04,71.65864562988281,72.98365615729769,70.87445994288232,71.65864562988281,5241195
2002-11-05,71.65864562988281,71.92905805009,70.44180265345092,71.38823751450911,3862481
2002-11-06,71.92899322509766,72.95654744228246,70.17132699232332,72.74022114494451,5655389
2002-11-07,70.60404205322266,71.95609113501956,69.63056860845548,71.95609113501956,4784434
2002-11-08,67.8729019165039,70.30659202112422,66.6019773969373,69.9009777211597,6428691
2002-11-11,65.46623229980469,67.4672644552599,65.00653653797909,66.92644413935788,5268760
2002-11-12,64.49272918701172,66.38559738644825,64.22232128916222,65.7095754894095,6741142
2002-11-13,65.1417007446289,65.709563685347,63.4381205321331,64.62792367859474,5809257
2002-11-14,66.25041198730469,67.30500950718184,65.87183653178573,66.52081995208174,5498684
2002-11-15,64.519775390625,64.95243235388462,63.51925966076172,63.54629829949843,7488841
2002-11-18,63.81675720214844,66.574937136753,63.81675720214844,64.95247987104445,5865011
2002-11-19,64.6279525756836,64.89836054586452,62.73508386992359,63.00549184010452,6385769
2002-11-20,67.06167602539062,67.06167602539062,64.24941016463013,64.35757771317866,6948093
2002-11-21,72.60505676269531,72.7132199734957,67.06165561810293,67.06165561810293,13397254
2002-11-22,71.52339935302734,72.33462319588256,71.22594845823168,71.92901342687036,5732469
2002-11-25,72.46985626220703,72.84843183443611,70.73923614444317,70.84739936369937,5313079
2002-11-26,71.25299835205078,72.44280642394533,71.03667195979622,71.65861248994382,5223772
2002-11-27,73.41627502441406,74.09230576077192,71.92902462375274,72.06422646619282,4848389
2002-11-29,73.33514404296875,74.06525196554286,73.03769745025062,73.82188265801815,2560993
2002-12-02,73.55147552490234,75.66067059721803,72.79433321183797,75.66067059721803,4614750
2002-12-03,72.33465576171875,73.52445987656391,71.76680096848119,73.52445987656391,4096225
2002-12-04,71.71269226074219,73.55147946254745,71.46932722807259,71.65861066405657,5145837
2002-12-05,69.76575469970703,72.76730754449868,69.63055283553688,72.33464608175834,3800300
2002-12-06,70.44175720214844,70.57696332501267,68.17031327928453,68.27847645564363,3675750
2002-12-09,68.95450592041016,70.79329291714765,68.84634273910163,69.36012000273254,3715542
2002-12-10,70.11729431152344,70.30658210610132,68.98157615372132,69.54943523262239,3568936
2002-12-11,70.68511199951172,72.25348634461011,69.08969471345637,69.63051478912713,4218688
2002-12-12,70.03617858886719,71.06373358923078,69.44127651293758,70.57699904924254,3232238
2002-12-13,68.95450592041016,70.0631849860688,68.27847957998556,70.0631849860688,4247985
2002-12-16,71.46930694580078,71.46930694580078,69.3060264729677,69.36010805430551,4396135
2002-12-17,70.30657196044922,71.46933721372945,69.7657516131985,71.46933721372945,4008607
2002-12-18,69.3871841430664,72.03720011383022,68.87340241768273,70.03616773396433,3877505
2002-12-19,68.68408966064453,69.90093614154686,67.87286154326341,68.81929578181827,4373537
2002-12-20,70.17135620117188,70.30656234570249,69.08971995942117,69.90094821694206,6661767
2002-12-23,69.5764389038086,70.30654240658559,68.87336973454049,69.36010827294527,4252909
2002-12-24,68.49481201171875,69.30604019725911,68.41368747123231,68.68409543146876,1565633
2002-12-26,68.41370391845703,70.25249140461774,68.14329589321224,69.14381204386603,3146207
2002-12-27,67.29661560058594,68.93135294069342,66.86068911314743,68.65889888604435,3881157
2002-12-30,66.75169372558594,67.43283089044498,65.93432305539025,66.83342775642309,4601959
2002-12-31,66.34304809570312,66.99694244213781,65.66191050092868,66.34304809570312,4420068
2003-01-02,69.42179870605469,69.74874368527291,66.88795559878703,67.16041408554142,4551671
2003-01-03,69.20381164550781,69.4217792412778,68.14123425486979,69.06758677773179,3135294
2003-01-06,70.97476196289062,71.38344514695277,69.06757087899815,69.20379571541645,3932237
2003-01-07,70.56610107421875,71.5469401583837,70.15741776103292,70.81131192961124,4550023
2003-01-08,69.47628784179688,70.70233799007771,69.0948477046042,70.42988384737278,4503721
2003-01-09,70.56610107421875,70.70232595367733,69.83046850804125,70.15741776103292,4042077
2003-01-10,69.88497924804688,70.78408452830801,69.47629581836568,69.6125250740615,3879153
2003-01-13,69.85769653320312,70.78404453881879,69.50350413842021,70.15739812397356,4079678
2003-01-14,70.0484390258789,70.40263155641253,69.25831989616883,70.02119578213312,3829617
2003-01-15,68.63165283203125,70.67507346807517,68.6044095946651,70.64782589330456,4290927
2003-01-16,68.19573974609375,70.5661102092731,67.43286384022933,69.47628500809218,5106566
2003-01-17,67.78704833984375,69.63974922714198,66.20680588922751,67.56908506042222,5277669
2003-01-21,65.55286407470703,68.1956820980111,65.36214417511141,67.81424663622178,4486256
2003-01-22,64.16338348388672,65.58015344226082,64.05440184668947,65.5256626236622,5185086
2003-01-23,65.25318908691406,66.01606465738264,64.35408434183921,64.43581837668003,4586330
2003-01-24,62.828346252441406,65.2532071469836,62.69212137753596,64.84452384745752,4969538
2003-01-27,62.80112075805664,64.73555616741172,61.92925875779551,62.80112075805664,5938502
2003-01-28,63.073524475097656,64.2995780769092,62.74657973954967,64.2995780769092,4709712
2003-01-29,62.746639251708984,63.29155199851504,61.329864375050526,62.11998807478965,5315312
2003-01-30,61.4388313293457,63.07356472508547,61.35709292459655,62.77386302421246,4517409
2003-01-31,63.04629898071289,63.346000574623176,61.16635104167419,61.30258022183447,5475126
2003-02-03,64.4358139038086,64.70827223410822,63.34599359482023,63.618447587716474,4450262
2003-02-04,62.80112075805664,63.29154259102777,62.31069892508552,63.07357492225943,5106650
2003-02-05,62.664886474609375,64.35411516922233,62.25620309242366,63.2097990966589,4173012
2003-02-06,62.36516571044922,62.85558735431794,61.57504243281679,62.39241328506612,4088525
2003-02-07,61.847496032714844,62.93731652218431,61.19360200407153,62.66486248416796,4762107
2003-02-10,61.65678787231445,61.84750790423632,60.56696283625089,61.60229705425177,4916183
2003-02-11,61.302608489990234,62.17446610276272,61.0301500040323,61.71129188152127,4569345
2003-02-12,60.6214599609375,61.793023514678666,60.59421671777442,61.30260176368959,3801635
2003-02-13,60.40351104736328,60.75770365464988,58.03314446976737,60.703212817944745,4728346
2003-02-14,61.24808883666992,61.248088836669915,59.4498792902537,60.15826408052606,5502732
2003-02-18,62.41967010498047,62.82835345133361,61.41158336066796,61.41158336066796,4390751
2003-02-19,63.61847686767578,63.61847686767578,61.87475749839501,62.44691765291491,3972509
2003-02-20,63.61847686767578,63.99991697068904,63.046321050561254,63.48224763982742,4956246
2003-02-21,64.84453582763672,65.41669168519938,63.01907792511647,63.89093984009517,5222603
2003-02-24,63.80916213989258,65.93431611646253,63.80916213989258,65.25317902328636,4921358
2003-02-25,65.33492279052734,65.52564276652852,62.39240212829425,63.07353932306517,5186776
2003-02-26,64.18148040771484,65.82927366878315,64.09909358649087,65.49971326775137,3933948
2003-02-27,65.63700103759766,66.04894807515755,64.07159967164405,64.45608590512306,5177136
2003-02-28,66.0489730834961,66.43345946255444,65.19761350989903,65.63702588995929,4665267
2003-03-03,65.63700103759766,67.28479355988055,65.36237113657216,66.46089511271745,4386766
2003-03-04,64.26387023925781,65.36239905669261,63.9343098452093,65.17015585783474,3480505
2003-03-05,65.36241149902344,65.63704156963789,63.8244699874445,63.851935180528955,4417022
2003-03-06,65.77433776855469,66.07643293569967,64.53849191566854,64.81312627055196,4301298
2003-03-07,66.73558044433594,67.01021055547746,64.2638919558756,64.53852206701711,5972139
2003-03-10,64.81312561035156,66.13135825863922,64.81312561035156,65.63701992252021,4202893
2003-03-11,64.12659454345703,65.8293148751883,64.09913370987479,65.00541991495292,4487487
2003-03-12,65.36241149902344,65.36241149902344,63.60476593095295,63.76954397332162,4786729
2003-03-13,69.23472595214844,69.28965197135753,66.4609423078802,66.4609423078802,8041941
2003-03-14,70.443115234375,70.49804125991194,68.52069122444085,69.34458597954207,6244192
2003-03-17,72.14581298828125,72.50283423066408,67.97140572498333,68.65798739143638,7210840
2003-03-18,72.50283813476562,72.64015534985955,71.26699194301193,72.22820370457778,5244930
2003-03-19,74.09569549560547,74.20554751038128,71.7338640617891,72.47536734754856,5198378
2003-03-20,73.73867797851562,74.01331240134415,72.58522739318201,73.76614316961675,5193641
2003-03-21,76.89696502685547,76.89696502685547,74.42527214971332,74.80975867994582,8326765
2003-03-24,73.40912628173828,76.75963496070464,72.8049357620513,73.73868236226974,5805438
2003-03-25,74.09569549560547,74.64496431357549,72.50283253726525,73.40911821723391,4616878
2003-03-26,73.0521011352539,74.37033413157903,72.83239272116923,74.09569970698462,4507685
2003-03-27,72.61267852783203,72.8598477265943,71.23951971296563,71.54161491455895,4368904
2003-03-28,71.4866943359375,72.58522322000195,71.45922914641544,72.09088478496841,3392136
2003-03-31,70.03113555908203,72.77745305753999,69.53679718518703,69.89381837254567,5106253
2003-04-01,71.76134490966797,72.28314868356848,70.03116426390287,70.16848150672371,4463616
2003-04-02,74.28793334960938,74.89212372378749,73.38164341629728,74.01329897659483,5733158
2003-04-03,75.66110229492188,76.6223140414627,73.05210148119434,74.91959459146041,5900526
2003-04-04,75.88081359863281,76.3202304709285,75.05691898620536,75.71603992260272,3607517
2003-04-07,76.23780822753906,78.79188675373669,76.15542141833569,77.83067525136988,5713669
2003-04-08,77.06175231933594,77.58354738085116,76.34770086445785,76.75965261795359,3746632
2003-04-09,74.97452545166016,77.03426617080424,74.5625738101947,76.56739289026501,5327957
2003-04-10,75.19424438476562,75.22170958178647,73.87601111279129,74.94707509976462,3480233
2003-04-11,75.93575286865234,76.70472592704472,75.11185815985672,76.0181397163039,3747488
2003-04-14,76.23780822753906,76.32020378083173,74.89211911949695,75.22167510039976,3353596
2003-04-15,77.7208251953125,77.77575556554369,76.18288850200277,76.62229648749427,4256185
2003-04-16,76.4300765991211,78.35250012765121,76.3202245755558,77.72084443408204,3454756
2003-04-17,78.24263000488281,78.27008644635413,76.29274173548954,76.45752410476561,3359314
2003-04-21,77.33633422851562,78.35247606453817,75.4413764738671,78.1876937077513,2671104
2003-04-22,79.61579895019531,79.61579895019531,77.03426340415291,77.17158061304303,4310583
2003-04-23,80.7143325805664,81.01643220654672,79.1763954907434,79.61580358952376,4292805
2003-04-24,79.91788482666016,80.43967963787561,78.98413845955801,79.64325045606903,3711598
2003-04-25,79.94535064697266,80.19251983364822,79.06652590056065,79.83549864668237,4019270
2003-04-28,81.07137298583984,81.78541568697203,78.95671008112389,78.95671008112389,4186262
2003-04-29,80.7417984008789,81.62062334936803,80.05522105517056,81.51077132381837,4352232
2003-04-30,80.87906646728516,81.29100912672904,80.0551724043109,80.41219345640263,4621031
2003-05-01,79.91788482666016,80.87909637963938,77.91306616307055,80.87909637963938,4252659
2003-05-02,79.86298370361328,80.35732225408604,79.01162383825387,79.09401942606128,4257625
2003-05-05,79.17640686035156,80.19254916481228,78.87431593508322,79.75313225884058,3609917
2003-05-06,79.9728012084961,80.57699153771077,79.06652008671865,79.06652008671865,3849398
2003-05-07,79.23133087158203,80.24746435011343,78.90176603262216,80.24746435011343,3908992
2003-05-08,78.18771362304688,79.53341177131871,77.94054439695427,78.81936928351588,3152759
2003-05-09,79.64328002929688,79.8904493057901,77.11666561630663,78.54475088311507,3124047
2003-05-12,79.56087493896484,79.83550934854989,78.95668448433233,79.31370571915649,3346397
2003-05-13,78.40739440917969,79.69817053784973,77.77574768009876,78.95666307944488,3962055
2003-05-14,78.57221984863281,79.31372771368578,77.99549442384499,79.31372771368578,3325615
2003-05-15,78.21517944335938,79.45102558377421,77.858158196583,78.81936991821871,3354264
2003-05-16,76.48497772216797,78.32501392546708,76.48497772216797,77.99545794317284,5495179
2003-05-19,75.66110229492188,76.26529278543586,75.41393306043472,75.93573672081682,3920197
2003-05-20,76.15545654296875,76.8694992029689,75.111857750067,76.18292174006721,3558982
2003-05-21,75.79841613769531,76.21036775822141,75.2491560544183,75.33154288088706,3460431
2003-05-22,76.15545654296875,76.5948647201709,75.77097001587022,76.07306969576668,3662959
2003-05-23,75.90826416015625,76.6497717916314,75.79841214928112,76.15543337064797,2602121
2003-05-27,77.74832916259766,78.32505461725795,75.30410134987804,75.52380545221588,4694167
2003-05-28,77.63844299316406,78.46233738691694,77.25395661098871,78.40740701342474,3846289
2003-05-29,77.58354187011719,79.50596576169367,76.43009103280863,77.63847226431918,4029557
2003-05-30,78.81938171386719,79.0390857841336,77.61100058330925,77.99548707832179,4930518
2003-06-02,79.64328002929688,80.7967395676296,79.14894147631041,80.7967395676296,4381403
2003-06-03,79.78057861328125,80.0002826423333,78.95668413229056,79.64326140910097,3087343
2003-06-04,80.63196563720703,80.93405659361106,79.56090157416635,79.86299253057038,3604533
2003-06-05,81.785400390625,81.97764800133912,79.64327268787122,80.54956286616994,4097602
2003-06-06,83.21347045898438,83.81766088709011,82.00508960277293,82.96630125002793,5959055
2003-06-09,82.77406311035156,83.32333190999906,82.49942871052782,82.52689389932833,3433681
2003-06-10,84.0099105834961,84.0099105834961,82.91138170974939,83.21347255938205,3225478
2003-06-11,85.08099365234375,85.4654801573679,83.62544321881192,84.00992972383608,3528163
2003-06-12,85.32817840576172,85.68519978004207,84.20218388191084,85.38310006267709,3535445
2003-06-13,84.17469787597656,85.3556225089485,82.85646476260747,85.13590970331012,3468006
2003-06-16,86.06964874267578,86.09710518708789,84.4767814826971,84.72395069104019,3911016
2003-06-17,85.68515014648438,86.94845245289663,85.60276333678709,86.28934048713963,4016891
2003-06-18,84.39440155029297,86.01472538694884,84.31200597805905,85.43800010176778,4020418
2003-06-19,82.0051040649414,83.4057327440688,81.31852669413105,83.10363310469327,7284122
2003-06-20,82.41708374023438,83.24097861399498,81.86782340575901,82.93888761605731,7882252
2003-06-23,82.03258514404297,83.10364919779286,81.7030289915262,82.27975444445401,3528852
2003-06-24,82.19733428955078,82.60927712727191,81.89523471407102,82.03255190800816,3325636
2003-06-25,80.35729217529297,82.58181481975225,80.30237054807219,81.9501592701304,4016578
2003-06-26,80.57844543457031,81.62886479419835,80.0532313541356,80.30201604473716,3539869
2003-06-27,79.11339569091797,82.81751319094124,78.86461095723227,80.71667410786539,3712954
2003-06-30,79.27926635742188,80.136190789976,78.91991151804403,79.38984520145674,3246386
2003-07-01,79.14102935791016,79.61095405572665,77.62067646380576,78.72638525917941,4347516
2003-07-02,79.08576965332031,79.83212403053757,78.56055535796483,79.66626456851874,4552902
2003-07-03,78.91985321044922,79.61092646886236,78.53286274722424,79.11335724330036,2565438
2003-07-07,80.91015625,81.54594033262899,79.80444748058831,79.97030687643458,4090966
2003-07-08,79.63858795166016,80.91015611479325,79.19630796513115,80.91015611479325,4770036
2003-07-09,78.44995880126953,79.99794765233311,78.25646349535235,79.7491717452576,5883311
2003-07-10,77.92475891113281,79.19631844122644,77.39954475672316,78.44996426429985,4414393
2003-07-11,77.73126220703125,79.7491849078291,77.37190743584365,78.36704643336112,6005358
2003-07-14,77.51011657714844,79.4451050212001,77.42719126707969,78.78167613692158,4751632
2003-07-15,76.48731994628906,78.31173806638738,76.07268466518207,78.06295337722665,5160255
2003-07-16,75.68565368652344,76.81900666415824,74.99458930567273,76.62550265267842,4599497
2003-07-17,74.91165924072266,76.21087161163837,74.35880946678692,75.04987388451612,4898927
2003-07-18,76.79141998291016,77.01256004772694,75.18814131112198,76.2385698208682,4205146
2003-07-21,75.07756805419922,76.98491203288067,74.69056855676897,76.76377197756166,3549363
2003-07-22,75.76861572265625,75.9068304261573,74.63527099618308,75.18812100894536,3630616
2003-07-23,75.79625701904297,75.85154641845672,74.63526764376968,75.74097642087077,3945487
2003-07-24,75.8515853881836,77.34428552310861,75.65808119206174,76.432080374057,4016912
2003-07-25,78.58816528320312,78.754024671808,76.23854195187404,76.51496253122734,4919125
2003-07-28,78.42229461669922,79.61093726182017,77.98001471234527,78.91986390971732,3874166
2003-07-29,77.12313079833984,78.50526941818231,76.84670131412247,78.44998000084108,3834291
2003-07-30,77.31661987304688,77.92475933892833,76.57026569202291,77.81418052582016,2854184
2003-07-31,78.61580657958984,80.10851460871673,77.51009790630039,78.36702190806871,5724665
2003-08-01,78.67109680175781,79.27923620644003,77.95238739633717,77.95238739633717,3514037
2003-08-04,78.72639465332031,79.05810469114166,76.84668683651377,78.67110524639537,3139676
2003-08-05,76.84666442871094,78.7263716974116,76.73609444834504,78.11823240477905,3388568
2003-08-06,76.51496887207031,77.67596708603477,76.10033356805874,76.84667887552796,3590553
2003-08-07,77.62065887451172,77.73122884886912,75.13282124961083,76.5149503296981,2742237
2003-08-08,77.62065887451172,78.0629387719413,77.233659563641,77.233659563641,2210420
2003-08-11,78.17353057861328,78.67109114554216,77.39953182785071,77.53774651914696,2432541
2003-08-12,78.31171417236328,78.50521820558154,77.344220409988,78.28407828296524,2939485
2003-08-13,77.45480346679688,78.72637143868612,76.98487885147611,78.61580145868359,3200397
2003-08-14,78.91985321044922,79.44506712659548,77.48243491493174,77.9523594499095,4075567
2003-08-15,79.5556640625,80.1085228566874,79.08573936818567,79.33452406532167,2975000
2003-08-18,82.375244140625,82.51345887794903,80.08090062403173,80.16382594592851,5415449
2003-08-19,82.51344299316406,82.92807832407004,81.07602408370423,82.65165770388019,4419380
2003-08-20,81.4076919555664,82.4857555794372,80.8548333989735,82.4857555794372,3422434
2003-08-21,83.37036895751953,83.7020789896502,81.87766061106763,82.09880063248808,5111512
2003-08-22,82.59636688232422,84.00614106521056,82.23701216112326,83.7573563504374,4157217
2003-08-25,82.51344299316406,82.51344299316406,81.68416353010973,82.31993887766454,2401471
2003-08-26,82.59636688232422,82.78986219326234,81.26951800394819,81.9605827444326,2933852
2003-08-27,82.23703002929688,82.40288947559708,81.82238581416844,81.90531993794063,2542610
2003-08-28,82.04353332519531,82.6516728832888,81.26953432353304,82.37524341108885,2860194
2003-08-29,81.73945617675781,82.09881095706841,80.99310190967185,81.76710088322255,2739650
2003-09-02,84.14433288574219,84.28254755649222,81.76706519231328,82.23698979211946,5105899
2003-09-03,86.02406311035156,86.41106253178319,84.33785951812439,84.44842952407025,7137725
2003-09-04,86.57689666748047,86.65982195585148,85.71997268351149,85.99640204640227,3942065
2003-09-05,85.80292510986328,86.27284984645978,85.19478566228383,85.52649568789742,3869409
2003-09-08,86.74278259277344,87.12978205901219,84.5866540253274,85.77528832779817,3174209
2003-09-09,86.1346435546875,86.43870890757681,85.41593402832011,85.85821410570212,3373795
2003-09-10,85.77521514892578,86.3557094524153,85.41586069426698,85.83049571051559,3786591
2003-09-11,87.01919555664062,87.48912024761383,85.83055267808547,85.83055267808547,4185928
2003-09-12,87.15740966796875,87.3509137832939,86.05170958572106,86.88098904802803,3470906
2003-09-15,86.79806518554688,87.76555947263702,86.38342980607592,87.07449463935647,2979611
2003-09-16,88.2631607055664,88.53959025877111,86.32817143562674,86.32817143562674,4187139
2003-09-17,87.68264770507812,88.29078731667849,87.01922747492034,87.84850716323997,4003287
2003-09-18,88.76067352294922,88.95417760673722,87.65496481966662,87.82082420559334,4645945
2003-09-19,88.2631607055664,89.6176549547735,87.12981537967104,89.6176549547735,4845071
2003-09-22,86.79806518554688,88.18020365335141,86.24521507917112,87.35092409316606,3874083
2003-09-23,87.24031066894531,87.35088063521077,86.18988278756483,86.52160148760026,2735351
2003-09-24,85.16717529296875,87.59973406391497,85.16717529296875,87.35094924410247,3991622
2003-09-25,84.49962615966797,87.89296052574606,84.38837002109635,85.751259932563,3966270
2003-09-26,83.0810546875,84.30488047536667,81.52346064544786,83.77641628686966,4680499
2003-09-29,84.4717788696289,85.2783877918273,83.38702527528444,83.44264889620108,4369113
2003-09-30,82.91417694091797,84.2492588449536,82.38570388412244,84.13800275760508,6017314
2003-10-01,85.1949462890625,85.30620238460386,82.88636680883448,82.91418304668335,4975026
2003-10-02,85.52867889404297,85.94589572015532,84.63862164518022,84.94458242216604,3686621
2003-10-03,85.7234115600586,87.05849344054464,85.52870676874299,86.64127647845692,4363354
2003-10-06,85.63999938964844,86.36316868110113,85.47311961830218,86.22409630107452,2811054
2003-10-07,85.25057983398438,85.69561312381582,84.86118788218273,85.05588385808356,3973260
2003-10-08,83.9989242553711,85.25055735993324,83.85985194245245,84.97242158994878,4521749
2003-10-09,83.80420684814453,84.9724087871362,83.4426224313772,84.91677632800976,5582274
2003-10-10,81.55126190185547,82.46912664624217,81.21749370897409,82.46912664624217,8169663
2003-10-13,80.46651458740234,82.19099699534054,79.68771322386499,82.10754829905649,6163377
2003-10-14,81.46781158447266,81.46781158447266,79.71552196495769,80.38305833738679,4466788
2003-10-15,80.24404907226562,81.91289998578578,79.93808805313438,81.80164384860828,4890372
2003-10-16,80.71688079833984,81.05064917236378,80.04933519443551,80.18840756424294,3473160
2003-10-17,79.40956115722656,80.82809144646517,79.04797674150917,80.71683538438685,4441748
2003-10-20,80.0492935180664,80.0492935180664,79.29830842560845,79.96585368196614,3353325
2003-10-21,80.32747650146484,80.66124486122605,80.04933177373579,80.66124486122605,3377509
2003-10-22,78.85330963134766,80.04931937716805,78.7142372890201,80.04931937716805,4186596
2003-10-23,78.964599609375,79.91028131586847,78.54738240340868,78.85334345895568,3816430
2003-10-24,78.7142333984375,78.99237806934485,77.87980824156973,78.96456183108326,3708280
2003-10-27,78.49175262451172,79.40961800773395,78.24142409165879,79.27054561660923,3465669
2003-10-28,79.32613372802734,79.3817661956909,78.51952493787572,79.21487764855308,4023673
2003-10-29,80.18838500976562,81.07844261267395,79.04799898278476,79.32614364416624,4293723
2003-10-30,80.32747650146484,81.3565978246926,80.07714801767992,81.07846195281962,4369530
2003-10-31,80.68904113769531,81.35657769202778,80.52215257118526,80.52215257118526,3518815
2003-11-03,80.10493469238281,81.38438402711067,80.10493469238281,80.80028739917289,3782272
2003-11-04,79.71556091308594,80.1327691357345,78.992391728363,80.1327691357345,3966186
2003-11-05,79.07579803466797,79.49301493606704,78.57514129532989,79.02017442799264,3576593
2003-11-06,79.10363006591797,79.10363006591797,78.01887653263651,78.71422931800453,3289057
2003-11-07,78.21359252929688,79.5486748245056,78.04671277730583,79.38179507251456,3755563
2003-11-10,78.35262298583984,78.54731887764719,78.13011086495963,78.51951150442567,2929178
2003-11-11,78.18578338623047,78.40830450218817,77.79639135898248,78.29703951628088,3290726
2003-11-12,79.82681274414062,80.10495744821178,78.15796223142434,78.21358585872537,4932855
2003-11-13,78.82550811767578,79.9102619634558,78.29703488927409,79.5486773481958,5203490
2003-11-14,77.54602813720703,78.65859779550154,77.46257943513422,78.57514909342873,5745135
2003-11-17,77.35133361816406,80.2440186558836,76.12750771724343,76.96193285771584,4903747
2003-11-18,79.10363006591797,80.43871201886853,78.99237397449325,79.0479975922787,8574697
2003-11-19,81.9684829711914,82.13537152211195,80.52214504939025,80.66121736584853,9369011
2003-11-20,80.52213287353516,81.94066320222932,80.07710861284382,80.99497336448263,5092920
2003-11-21,79.43743896484375,83.30361447262999,79.35399906756713,80.88377774888296,5206557
2003-11-24,79.96588897705078,80.49435331340682,79.60430438655212,80.13276872290815,3812862
2003-11-25,80.41090393066406,80.93937706037586,79.60429497213185,80.02150314328983,3404739
2003-11-26,80.02153015136719,81.02284426946754,79.35399330987208,80.9672206272718,3158622
2003-11-28,79.74339294433594,80.38311352650105,79.6877604471785,80.24404999532258,1746961
2003-12-01,80.74466705322266,81.24532391114309,80.0493142420461,81.21751652914517,4137707
2003-12-02,81.99632263183594,81.99632263183594,80.52216805440956,80.74468028197286,5050749
2003-12-03,82.10758972167969,82.60824672855226,81.55130907840838,82.30229458871723,5230449
2003-12-04,81.07843780517578,82.19100752887854,80.93936548273126,81.77379056154497,4094201
2003-12-05,80.93936920166016,81.77379431881327,80.68904078092883,81.10624891157846,2862009
2003-12-08,81.69034576416016,81.80160184420866,81.07843289596696,81.07843289596696,3145998
2003-12-09,82.21884155273438,82.91420339029774,81.88507318421775,82.05196179640421,5150302
2003-12-10,82.66382598876953,82.66382598876953,82.16316930429888,82.46912124711368,4778111
2003-12-11,84.55521392822266,84.74991873001206,82.71947513682237,82.71947513682237,5982259
2003-12-12,83.74861145019531,84.69429272702456,83.30357819485752,84.22145208860994,4298230
2003-12-15,84.36053466796875,85.11152007515008,83.74862161647162,85.08370383284212,5631665
2003-12-16,85.25057983398438,85.66779688272851,84.02675378469446,84.61085942410729,5364598
2003-12-17,85.47309112548828,85.47309112548828,84.66647336139478,85.25057007810977,4520330
2003-12-18,85.806884765625,85.97376453064815,85.47311637972189,85.86250840201379,5087870
2003-12-19,85.91810607910156,86.22405809490607,84.86116885743168,85.91810607910156,5278274
2003-12-22,86.22411346435547,86.22411346435547,85.47313663209796,85.66783268937604,3395245
2003-12-23,86.50220489501953,87.0306779469975,85.97373184304158,86.08499678522928,3223641
2003-12-24,85.94593811035156,86.39096252635235,85.63997718245992,86.3631462863886,1211388
2003-12-26,85.44526672363281,86.14061946967183,85.3896342531401,85.91810729940761,1061881
2003-12-29,86.31316375732422,86.31316375732422,85.44527201468661,85.94920973066247,3470990
2003-12-30,86.00520324707031,86.39715577830843,85.6132507158322,86.31316021982997,2930930
2003-12-31,86.73313903808594,86.73313903808594,85.61327812483492,85.75326185322754,3512179
2004-01-02,87.12505340576172,88.4128870960047,86.56511873826699,86.78908903971045,3826550
2004-01-05,88.41294860839844,88.41294860839844,87.09711548652623,87.46106970806078,4089547
2004-01-06,87.824951171875,88.27289171532024,87.34901211599322,87.96493482017286,3435413
2004-01-07,88.69286346435547,88.69286346435547,87.23704744279172,87.76897473443265,3875606
2004-01-08,90.2886962890625,90.2886962890625,88.66489747167834,89.19683387234477,5636130
2004-01-09,89.02880859375,90.1206704829032,88.60886651309121,88.60886651309121,5007932
2004-01-12,89.84074401855469,89.86873363036996,89.3647958232474,89.44879140036058,3886603
2004-01-13,88.49684143066406,89.95265662594608,87.79692342225391,89.61669241635644,5576766
2004-01-14,89.58878326416016,89.70076846327498,88.27294157525351,89.00084982644488,3432137
2004-01-15,89.58878326416016,90.00872553236829,88.60890608648793,89.78475513413863,4135683
2004-01-16,93.36831665039062,93.70427227797026,90.23270405130853,90.70864341885236,10507576
2004-01-20,93.39630126953125,94.48816358194729,92.8643649196788,94.48816358194729,5514292
2004-01-21,94.76811218261719,95.3000484767678,92.47240260566824,93.70424850820444,4462614
2004-01-22,93.8442153930664,95.32802991490118,93.56424803433501,95.13204919823445,3733236
2004-01-23,92.97632598876953,94.8800915953179,92.61237197906152,94.20817170068698,3405365
2004-01-26,95.58000946044922,95.74798276339246,93.56425851402737,93.73224073085848,4451201
2004-01-27,95.71997833251953,96.47587590648331,95.27202879496762,95.88795160945082,4231813
2004-01-28,94.51616668701172,96.78388721536656,93.81625690542151,96.02798037258162,5657768
2004-01-29,95.27204132080078,95.60800574660705,94.23617626391315,95.18805467129305,4337313
2004-01-30,94.1521987915039,95.10408629567301,93.73225654938726,94.79612033182406,3586254
2004-02-02,94.1521987915039,95.0760877691614,93.284315780759,94.32018103668419,3896139
2004-02-03,92.97632598876953,94.23617022002307,92.75235566185492,94.23617022002307,3431406
2004-02-04,92.89236450195312,95.16007581846873,92.10845923156603,92.5564000067075,4195381
2004-02-05,93.8442153930664,94.34815307322816,92.52838306924782,93.25629107083996,2809176
2004-02-06,92.89236450195312,93.64827124542148,92.33242961913676,93.14433341644258,3824088
2004-02-09,92.0804214477539,93.36826399807053,91.82845264068699,93.36826399807053,3219656
2004-02-10,90.98858642578125,92.86435377455531,90.70861902115507,92.86435377455531,4629085
2004-02-11,92.61236572265625,93.31227517545396,90.56862548526594,90.98856759138998,4967869
2004-02-12,91.99647521972656,93.088337558579,91.40855071632751,92.80837011357389,3230819
2004-02-13,91.60453796386719,92.86438276408313,91.60453796386719,92.38844337597735,3372689
2004-02-17,92.52837371826172,92.92031728421132,92.1924093561821,92.61236035183863,3123818
2004-02-18,91.68850708007812,93.06032778425109,91.68850708007812,92.52840039969638,3187543
2004-02-19,91.2685317993164,92.66835957065791,91.21253476635283,92.38839223361236,3833957
2004-02-20,91.54850769042969,92.08043498385479,90.9885729640197,91.8004765345368,3658076
2004-02-23,93.56426239013672,93.73224461392688,91.57650988315427,91.68850397493986,4346577
2004-02-24,93.17232513427734,94.23619787010598,92.52841248393756,93.53627925077406,4415978
2004-02-25,92.30438995361328,93.25627704738218,92.16441520918322,93.22827853294196,3508778
2004-02-26,92.02274322509766,92.6424252090311,91.85374475475537,92.16358126257673,3488246
2004-02-27,91.60027313232422,92.81146816250791,91.60027313232422,92.24812476531578,3549759
2004-03-01,92.36079406738281,92.75512996392855,91.57210433770292,92.07911788274083,3274075
2004-03-02,91.51573944091797,92.81144234649419,91.3185715488176,92.75510353829885,3951726
2004-03-03,92.52976989746094,92.58610870788192,91.29040575111935,91.43124380887981,3087719
2004-03-04,92.67060089111328,92.81143893813793,92.1072576713061,92.1072576713061,3189922
2004-03-05,92.30440521240234,94.30428889645611,91.82556133902993,91.96639935501406,3875481
2004-03-08,89.65670013427734,91.54390667134373,89.4595232785672,91.54390667134373,5726376
2004-03-09,88.89616394042969,89.2904996438,88.19197382379022,88.98066316711049,12132115
2004-03-10,87.6004867553711,89.17785693207361,87.03714346665319,89.12152708734804,8450293
2004-03-11,85.68507385253906,87.74128718475332,85.23439044658396,87.09343595439125,8824570
2004-03-12,86.19210815429688,86.6709521034741,85.79776344077129,86.27660738994851,5864782
2004-03-15,85.34710693359375,87.14982363211601,84.86826283288136,86.8963168766455,7217726
2004-03-16,85.91043090820312,86.44561365272297,84.78373558559281,86.33293604900035,5272369
2004-03-17,86.6427993774414,86.89630610147701,85.93861801880583,86.19212474284143,5068298
2004-03-18,86.53011322021484,86.69912065815849,85.34707909119058,86.27660654744469,5570276
2004-03-19,84.89644622802734,86.50198628772196,84.81194695171556,86.24847949049149,8423647
2004-03-22,82.84019470214844,84.50206388701255,81.74166872360493,84.33306540926192,9506478
2004-03-23,82.24871063232422,84.10774834238181,82.22054122016111,83.9105803938285,12322289
2004-03-24,82.19234466552734,82.24868347124874,81.34732535774533,81.82616933321209,12241537
2004-03-25,83.65702056884766,83.79785857205486,81.96698246693816,82.2768188993632,11584669
2004-03-26,84.78368377685547,87.03707304509828,84.55834664368822,84.55834664368822,14427439
2004-03-29,85.85411071777344,86.86813762477227,85.7696114649544,86.13578685156035,12338064
2004-03-30,86.44562530517578,86.47378574161168,85.375259671856,85.76960443316898,10061853
2004-03-31,85.96674346923828,86.41742688870498,85.65690702612572,86.41742688870498,10405603
2004-04-01,86.24842834472656,87.23428553416107,85.43157857598847,85.68508522288818,9926181
2004-04-02,87.48780822753906,87.74131492093542,86.89629559904469,87.06529408244799,11313095
2004-04-05,88.95252227783203,88.95252227783203,87.23431398547227,87.26248339282402,11324384
2004-04-06,88.78350830078125,89.65669699849373,88.36099416900123,88.67083965929814,9902268
2004-04-07,88.44549560546875,89.29051492173217,88.13565907576509,89.1778462774498,6421096
2004-04-08,88.47367858886719,89.7130428345006,87.74132780447405,89.51587491881503,8115223
2004-04-12,89.06517028808594,89.40318516134877,88.58632634730264,88.8680024189248,3583625
2004-04-13,87.31878662109375,89.4031786370378,86.92445091154863,89.26234061150456,6780016
2004-04-14,85.85411071777344,86.4737928311291,84.92459203188622,86.33295476423564,7512566
2004-04-15,86.6427993774414,86.69913819091265,85.34709635052774,86.47379190532016,5200819
2004-04-16,87.96662902832031,88.2764744467222,86.69910486367257,86.98077191787816,5383691
2004-04-19,87.6004867553711,87.85399347736724,85.62877179241983,87.82582407085825,3755959
2004-04-20,85.82591247558594,87.88212582263506,85.6005662868383,87.74128781777603,4288256
2004-04-21,86.4737777709961,86.61461581336143,84.61473175469752,86.05127261219111,6272341
2004-04-22,86.89629364013672,87.14980032781826,85.09357742366988,85.91043629210652,7355923
2004-04-23,86.44562530517578,87.31880510540128,86.0512805438628,87.31880510540128,4018686
2004-04-26,86.61461639404297,87.09346036032075,86.33294030742388,86.89629248066204,3469946
2004-04-27,86.0512924194336,87.43149479035891,85.91045434465022,87.0934798235616,5600115
2004-04-28,84.55841827392578,85.62877504732215,84.50207945876623,85.48793697771607,5710247
2004-04-29,84.64288330078125,85.51607180460788,84.44571546403841,84.92455932609026,4915077
2004-04-30,84.36123657226562,85.2907641912741,83.93873135586452,84.84008956890166,4835285
2004-05-03,85.34710693359375,85.5442838369006,84.55842622524717,84.84010239094633,3547715
2004-05-04,85.74146270751953,86.50198307092909,85.23444913191315,85.68513284817146,3636062
2004-05-05,85.88227081298828,86.05127826859426,83.43171203230571,83.43171203230571,3752391
2004-05-06,85.82591247558594,86.05124969604493,84.78371662060229,85.48789767660881,3385104
2004-05-07,84.50203704833984,86.33291309774157,84.44570722974424,85.40339486046386,4168046
2004-05-10,84.5865707397461,86.61461521831754,83.2345380979348,83.79788129523493,5919180
2004-05-11,85.20623016357422,85.37522859383877,84.38937153357078,84.84005494028294,4108911
2004-05-12,85.62873840332031,85.62873840332031,83.65702420919693,84.50204329692282,5359402
2004-05-13,85.48789978027344,85.85407501460222,84.84005749758406,84.92455671526335,3768896
2004-05-14,84.95272064208984,85.76957027584521,84.38936864505445,85.34705627806866,3857599
2004-05-17,84.41751098632812,84.6710175100983,83.60066161433838,83.65699141501763,4154024
2004-05-18,85.71324920654297,85.82592680387216,84.47389428711328,84.64289274652681,4560602
2004-05-19,85.20623016357422,87.0371062800307,84.95272354988883,86.69910045121303,5134089
2004-05-20,85.14993286132812,85.769615000226,84.98092538043127,85.23443211763008,2990003
2004-05-21,86.33294677734375,86.44562439506849,85.3752587730176,85.3752587730176,4573310
2004-05-24,86.69914245605469,87.17798652094689,86.07945135055543,87.14981711282547,4071164
2004-05-25,87.91030883789062,88.05114686457078,86.38926891169294,86.47376814038502,4828295
2004-05-26,88.13565063476562,88.55815576828715,87.74130593339918,87.82580516644539,3879237
2004-05-27,88.05116271972656,88.64267536366343,87.45964110749804,88.16383136770065,3388777
2004-05-28,87.65680694580078,88.07931208050536,87.23429284280567,88.07931208050536,3657387
2004-06-01,87.43147277832031,87.82580852648276,86.81179078626255,87.31879517222724,4030079
2004-06-02,87.6004867553711,87.93849272860182,87.20614196912234,87.82582407085825,3709219
2004-06-03,87.31878662109375,88.22014460353253,87.14978816508584,87.60046267216025,3245238
2004-06-04,87.96662902832031,88.3328042702477,87.48778517105286,87.88212980888754,3703543
2004-06-07,89.23416900634766,89.26233840441579,88.47364906824664,88.6708258864338,4389624
2004-06-08,88.6427001953125,89.29054286057199,88.05118738567401,88.86803755438486,4102505
2004-06-09,87.8257827758789,88.95247779184415,87.74128356437518,88.44546458624538,3859602
2004-06-10,88.6989974975586,88.72716689917773,87.74130958883455,87.74130958883455,3337279
2004-06-14,88.9243392944336,88.95250869748473,88.16382819009183,88.30465726876493,3308421
2004-06-15,89.60034942626953,89.96652471733242,88.92432867522793,89.26234353489386,4877768
2004-06-16,90.44537353515625,90.4735429363684,89.37501700371055,89.51585504148065,4680687
2004-06-17,91.1495590209961,91.37490527294761,90.10737184199415,90.24820988635466,6469714
2004-06-18,91.76929473876953,92.07914041134316,90.78343681961121,91.09328249218484,12584682
2004-06-21,91.82559204101562,92.3607748870364,91.4594166643415,91.7692532284693,4689889
2004-06-22,92.52976989746094,92.8677758551108,91.54391246142977,91.54391246142977,5059075
2004-06-23,94.13530731201172,94.33248417580567,92.19176188840667,92.5579372431191,7164162
2004-06-24,94.27701568603516,94.30534566693484,93.62526372417803,94.13532969238909,7144548
2004-06-25,91.18826293945312,94.3053177890776,91.18826293945312,94.07862387517228,16750767
2004-06-28,91.55662536621094,93.03014454821663,90.9898816671118,92.94512757998224,7523792
2004-06-29,91.61328125,92.00999997830313,91.58494226463236,91.64162023536763,4237343
2004-06-30,91.81168365478516,92.06671661061989,90.90490783162693,91.81168365478516,5677069
2004-07-01,90.70653533935547,91.95336100144966,90.30982546510418,91.81167503680918,6556685
2004-07-02,89.74308013916016,90.56485691618116,89.65807217067984,90.53651791925941,4218542
2004-07-06,90.19646453857422,90.36648045200221,89.26134092558564,89.5447128110105,3636187
2004-07-07,90.73487091064453,91.24493675517647,89.91310317350126,89.91310317350126,4605694
2004-07-08,89.82807922363281,90.67819491349901,89.77141025767881,90.30981505680394,4479975
2004-07-09,91.15990447998047,91.38659834548162,90.45147487243649,90.81985465944643,5263355
2004-07-12,92.37843322753906,92.52011921416161,90.7065494121369,91.30163236040885,4002890
2004-07-13,93.05847930908203,93.20016524115552,92.52008359394243,92.7467774763468,4788273
2004-07-14,93.88025665283203,94.19195848803146,92.7467782095664,92.94513310266758,6884785
2004-07-15,94.56038665771484,95.01378368022995,93.51192465161704,93.82362664620146,6547837
2004-07-16,93.76689910888672,95.26875719973337,93.65355217960415,95.26875719973337,5277836
2004-07-19,94.16366577148438,94.53204573460997,93.28521985598695,94.36202074305714,4232043
2004-07-20,94.10697174072266,94.22031870835967,93.42688091261553,93.88027780544864,3782251
2004-07-21,92.37843322753906,94.78707695554927,92.37843322753908,94.4470269787406,4429938
2004-07-22,93.17182922363281,93.65355594803799,91.81164797294683,92.2367057415715,3842533
2004-07-23,92.15174102783203,93.03018694393505,91.01826213536728,93.03018694393505,3045068
2004-07-26,91.55662536621094,92.80345067748999,90.7348488069737,92.57674778448082,4207859
2004-07-27,92.94512176513672,93.22849359695795,91.95332937604444,92.09501529195504,3611210
2004-07-28,94.3336410522461,94.81536779453032,91.66997447464117,94.36198004232934,4675971
2004-07-29,94.10697174072266,94.7870625688298,93.42688091261553,94.50369063859473,3443196
2004-07-30,94.22034454345703,94.22034454345703,93.17188254975652,93.71027853808852,2939444
2004-08-02,94.24867248535156,94.50370545809885,92.52011967996957,92.52011967996957,2773620
2004-08-03,93.14350891113281,94.07862355841483,92.94514497042036,94.07862355841483,3294879
2004-08-04,93.17182922363281,93.3701841022882,92.4350606202269,92.52007758732128,2779400
2004-08-05,91.30157470703125,93.34182816811061,91.21655775537073,93.08679535769059,4161181
2004-08-06,89.31803894042969,90.56486468914925,89.03466699146097,90.11146776634214,5142978
2004-08-09,90.25313568115234,90.81987044340035,89.23300408682208,89.34635103927167,3340930
2004-08-10,90.93321990966797,90.96154987903977,89.96975734937955,90.39481515735531,2865515
2004-08-11,91.24494171142578,91.35828868055803,89.96977703083145,90.3948349317913,2860006
2004-08-12,89.57302856445312,90.7631757388022,89.5446895788064,90.62148983284992,3068981
2004-08-13,90.36648559570312,90.50817154648038,89.26134600638152,89.82808078720637,3397374
2004-08-16,91.5283203125,91.5283203125,90.16814756155017,90.30983353885746,2951859
2004-08-17,91.07489013671875,91.9533356575472,90.81985727511429,91.55662589263586,2929991
2004-08-18,92.88848114013672,92.88848114013672,90.70653180534022,90.96156472729974,3714290
2004-08-19,92.69007110595703,92.77508805253235,91.61327098319174,92.46337729298331,2920956
2004-08-20,92.52009582519531,92.94514465532464,92.06669897816407,92.54843481981305,3394765
2004-08-23,92.12335968017578,92.77511132265968,91.98167375595908,92.60508640914313,2796531
2004-08-24,92.46343994140625,92.80348991354725,91.84002702219618,92.66180392886956,3309861
2004-08-25,92.91681671142578,93.48355150473179,91.86834606595417,92.15171797374937,3284404
2004-08-26,92.91681671142578,93.22851859217299,92.49175884973297,92.80346975276457,1903207
2004-08-27,92.860107421875,93.1151402484734,92.52006666050424,92.8034384727872,1643464
2004-08-30,92.29340362548828,92.80346944893599,92.23672563520105,92.46341955178129,1956437
2004-08-31,92.91681671142578,92.97348567961419,91.55664418520695,92.06670098804018,3467630
2004-09-01,93.17182922363281,93.42685305806872,92.4350606202269,92.91679636691448,2400136
2004-09-02,93.88025665283203,93.96526460383495,92.88846414275999,93.22850496905475,2886631
2004-09-03,93.05847930908203,93.8519169197803,92.88846340842026,93.51187609617375,2434022
2004-09-07,94.475341796875,94.90039964793698,93.59689612250757,93.65357411156283,3962660
2004-09-08,95.38214874267578,95.55216470498121,94.44702486085095,94.47536386199727,5632291
2004-09-09,95.94886779785156,96.4305946485848,95.18376902705711,95.21210802352019,5460812
2004-09-10,96.00556182861328,96.37394177731724,94.98542996380651,95.77886786360872,3388964
2004-09-13,95.63716125488281,96.48726795145976,95.52381429682484,96.0055411241423,3572921
2004-09-14,95.83550262451172,95.83550262451172,94.98539604814216,95.21208993220297,2885651
2004-09-15,95.01371765136719,95.83548508627197,94.90037073007967,95.83548508627197,2621067
2004-09-16,95.01371765136719,95.6654601932,94.9287006936905,95.15540355854692,1974945
2004-09-17,96.968994140625,97.02567213042315,95.49547467328426,95.49547467328426,6131849
2004-09-20,96.94064331054688,97.67740295426857,96.40224758461682,96.48725553665143,4127086
2004-09-21,97.6490707397461,97.84743467130434,96.43058424612583,96.96898903170475,3182619
2004-09-22,96.14720916748047,97.05398466303478,95.52379650314555,96.91229873628376,4252492
2004-09-23,95.26351928710938,96.26119220563115,95.20651433290126,96.26119220563115,3179280
2004-09-24,95.2350845336914,95.54864378497442,94.66498918015463,95.49162971172889,2780214
2004-09-27,94.40841674804688,94.95001398439489,94.09486666306404,94.40841674804688,3527579
2004-09-28,94.95005798339844,95.40613434590828,94.1804223148241,94.63649867733395,3217528
2004-09-29,95.34907531738281,95.71963942092108,94.86448311203573,95.34907531738283,3016524
2004-09-30,95.71961975097656,95.80513173398072,94.92147765701019,95.20652970139507,4388101
2004-10-01,96.83134460449219,96.88834958719481,95.91918319921797,96.06170926964657,3274492
2004-10-04,97.25890350341797,97.65797464345921,96.6032963545435,96.91684641585994,3241190
2004-10-05,97.05938720703125,97.25891826945487,96.40377088283945,97.17340625352786,2607045
2004-10-06,97.99996948242188,98.05698349869034,96.71725394990214,97.1733297769514,2992089
2004-10-07,96.77437591552734,98.00008798975463,96.77437591552734,97.31597342191013,2910648
2004-10-08,96.17568969726562,97.77196470877121,95.49156664903312,96.85980366972043,3828490
2004-10-11,96.9168701171875,97.20192229775316,96.28976076541267,96.34677483183884,1831490
2004-10-12,96.97386169433594,97.48694279426942,96.06170037353543,96.34675248799444,2525103
2004-10-13,96.09019470214844,97.71497701860655,95.63410956412801,97.62945595010184,3198226
2004-10-14,95.37757873535156,96.34675412583147,95.20655472439326,96.06170200652674,2641746
2004-10-15,95.63412475585938,96.28974100631181,95.20655564853269,95.54861274955019,3155910
2004-10-18,96.60334014892578,97.00240239409843,94.69350466163512,95.20659506346797,3158852
2004-10-19,95.29203033447266,97.20186428313201,95.2635233182739,96.57475530564516,3417635
2004-10-20,94.69345092773438,95.60561213291753,94.23736578725311,95.43457907076463,3425668
2004-10-21,95.12105560302734,95.49161981336061,94.06637703936312,94.49394624124926,3477082
2004-10-22,93.92388153076172,95.34913384463964,93.32527900773157,95.12108657682202,3441693
2004-10-25,93.78128814697266,94.35139229405132,93.06866703890356,94.35139229405132,3059591
2004-10-26,95.86217498779297,95.9191890497545,93.78131601448987,94.35142033097746,4187160
2004-10-27,96.77437591552734,96.77437591552734,95.06408042013045,95.69118997854738,3482341
2004-10-28,97.00238800048828,97.34445426814266,96.0902354888317,96.3467806516809,3000540
2004-10-29,97.25890350341797,97.34442458214279,96.34675126992988,96.6317943050047,3824985
2004-11-01,97.05938720703125,97.31593233059405,96.37526385226985,97.20191328409746,2695747
2004-11-02,97.05938720703125,98.00004660957369,96.63180897583266,96.77433505289885,3531189
2004-11-03,97.85748291015625,98.1995489939169,97.00233585231123,98.05702297164635,3945091
2004-11-04,100.02388000488281,100.02388000488281,97.8575004152419,97.94302148936951,5265379
2004-11-05,100.30897521972656,100.90757761703844,99.14026838628237,100.33748225668994,4358221
2004-11-08,100.10941314697266,100.39446530270968,99.53931791128043,100.02390113056428,2800099
2004-11-09,100.9645767211914,101.02158171088236,99.82437709376524,99.82437709376524,3299928
2004-11-10,100.67952728271484,101.47766069056549,100.6225132156913,101.13560351577236,3556854
2004-11-11,102.0477523803711,102.27579046857089,100.90755286359054,100.96456692353128,2999580
2004-11-12,103.33049011230469,103.33049011230469,102.13327639491368,102.53234763404402,3929608
2004-11-15,102.90290069580078,103.3874839066293,102.47532246965592,103.33047892194566,2991046
2004-11-16,102.90290069580078,103.301971891713,102.19027939467435,102.76037462041917,2742237
2004-11-17,103.61552429199219,104.89824992305725,102.9029029750813,103.41599322750734,3891172
2004-11-18,104.9837646484375,105.06928574323618,103.70104806006034,103.75805304747736,3276642
2004-11-19,103.387451171875,104.98372637432611,102.4467920782841,104.98372637432611,4551025
2004-11-22,102.87439727783203,103.38748753690952,102.44682811245545,103.33048255022423,3204778
2004-11-23,102.07624053955078,102.73184765297798,101.16407927960088,102.53231663163578,4386307
2004-11-24,101.59166717529297,102.6178384809939,101.36362003157863,102.1902693725637,3506712
2004-11-26,101.02155303955078,101.56315020470554,101.02155303955078,101.47762913076748,1646323
2004-11-29,100.62250518798828,101.84822584916162,100.10941492884177,101.39214057670806,4513465
2004-11-30,100.79352569580078,101.50614693293515,100.62249260554495,100.62249260554495,4813292
2004-12-01,102.67484283447266,102.67484283447266,100.79351533810998,100.79351533810998,4530012
2004-12-02,102.44681549072266,102.87438460342152,101.90521826713781,102.19027039279098,3334065
2004-12-03,102.13324737548828,102.70335157676983,101.62015722464693,102.16175440070838,3164340
2004-12-06,101.67715454101562,101.9622065947424,101.44911652834563,101.62014049995882,2442285
2004-12-07,100.65100860595703,101.62017502698303,100.5369895608823,101.4776489516942,3915335
2004-12-08,101.79125213623047,102.33284964130101,101.30666871623498,101.62021895679094,3419680
2004-12-09,102.67484283447266,102.8743738561163,101.1925864571772,101.42062450356421,3313950
2004-12-10,104.58470153808594,104.9267586867583,102.61785251271021,103.0454307553872,6685325
2004-12-13,106.83656311035156,106.95058212731682,104.95523571675582,105.0407477105349,5883332
2004-12-14,106.55156707763672,107.60624580828562,105.98146261714827,106.58007411581798,5502503
2004-12-15,106.5800552368164,106.92211240704884,105.49686058407313,106.5800552368164,4254850
2004-12-16,105.7818832397461,106.86506851438612,105.46833319015822,106.32348041495615,4971520
2004-12-17,104.75569915771484,105.72486537244431,103.35895480813309,103.75802591883927,7302422
2004-12-20,105.7818832397461,106.03842831476348,105.24028606453605,105.24028606453605,3573088
2004-12-21,105.95289611816406,106.15242710479608,105.38279202645259,105.78186307549495,3419554
2004-12-22,105.63748168945312,106.49772038550253,105.1213366458602,105.43676267464097,3629385
2004-12-23,105.43679809570312,105.95294331269294,105.26474664676668,105.37944456945114,2211443
2004-12-27,104.86327362060547,105.92424055736592,104.86327362060547,105.6661680121981,2065483
2004-12-28,105.20738220214844,105.66617380545952,104.74858146901958,104.77725822668097,2674568
2004-12-29,104.83458709716797,104.9492849710322,104.4331399737353,104.86325471827229,2335993
2004-12-30,104.94932556152344,105.6088363088631,104.8346276432983,105.03534671773748,2182981
2004-12-31,104.66256713867188,105.40810810749089,104.37581780302813,105.09269114213748,2746348
2005-01-03,104.92064666748047,105.78088560159807,104.49052263551216,105.26474041516371,4638370
2005-01-04,103.6589584350586,105.6661856186742,103.57293728227528,104.94932137590258,3932780
2005-01-05,103.0280990600586,104.20376390142182,103.0280990600586,103.65894205033345,3955628
2005-01-06,103.85968017578125,104.43317888862065,103.05679475955274,103.31486735436667,3992645
2005-01-07,103.22881317138672,104.28978006662723,102.79869836615067,104.2611033116603,3130766
2005-01-10,102.97073364257812,103.6302533129382,102.45459773731403,102.88471251333682,3433013
2005-01-11,101.50835418701172,102.4546233646246,101.2789583651112,102.08184374176301,3945696
2005-01-12,102.31127166748047,102.368616070923,100.64813789051709,101.59439815079415,4794950
2005-01-13,101.02086639404297,102.19653116791056,100.64809597254596,102.08182414915748,3011578
2005-01-14,101.85244750976562,102.13919685089601,101.13558328675822,101.39365586781186,3041646
2005-01-18,103.11416625976562,103.17151979805438,100.5621255321666,101.16429203509125,4222862
2005-01-19,101.6230239868164,102.94206329259724,101.53700285985369,102.71265840433652,2655830
2005-01-20,101.42237091064453,102.36863131180304,101.16429823217912,101.6517668182089,3735657
2005-01-21,100.73411560058594,102.74134232168285,100.67677122188366,102.65532118872109,5863655
2005-01-24,101.1069107055664,102.36859690290501,100.21799501517697,100.99221279033735,4733792
2005-01-25,102.36859130859375,102.88473646382734,101.995820822016,102.22521663993794,4557931
2005-01-26,101.76640319824219,103.51555734737248,101.65170531385795,103.05676580983551,4598495
2005-01-27,102.11056518554688,102.36863788057224,101.42237741869428,102.0818884128057,3845517
2005-01-28,102.51194763183594,102.56930114096173,101.56568776979485,101.93845818966206,3703898
2005-01-31,103.60159301757812,103.74496767563365,102.9420823722676,103.08544790050537,3590991
2005-02-01,104.03166198730469,104.31841115180345,102.91335120153506,103.22876797863334,3883661
2005-02-02,103.9457015991211,104.031722746786,103.22882826918604,103.74497341481197,2909063
2005-02-03,103.42958068847656,103.6589765558791,103.02813335561191,103.6589765558791,2750354
2005-02-04,103.9457015991211,104.17509741277301,103.28618178750814,103.28618178750814,3685286
2005-02-07,103.88837432861328,104.2611449024342,103.37222905258118,103.37222905258118,2889511
2005-02-08,104.46186828613281,104.74860854741812,103.80234833851833,104.03174419947463,3666861
2005-02-09,103.48690032958984,104.26111804419526,102.85605728026152,104.14642013793723,4006229
2005-02-10,103.3721694946289,103.91699122316793,103.25747162490731,103.71626310379366,2701819
2005-02-11,103.88837432861328,104.57657107326297,103.08547964815877,103.22885435036997,3355725
2005-02-14,104.14640045166016,104.37579622081469,103.80230679792837,103.88832792890719,2187885
2005-02-15,104.34713745117188,104.97798048997923,103.94569935087289,104.00304373813643,3255191
2005-02-16,103.85968017578125,104.2037830554125,103.40088850936496,103.97437809238531,2817877
2005-02-17,103.31488800048828,104.37584622354925,103.28621123315182,103.6016282843902,3382454
2005-02-18,102.88472747802734,103.40087258818156,102.33990561068285,103.40087258818156,4622804
2005-02-22,101.364990234375,102.97077028729514,101.33631347115046,102.05318690266624,4502782
2005-02-23,101.13558959960938,101.42233895863856,100.7054655610656,100.79149584666582,4066136
2005-02-24,102.5783462524414,102.75146846386274,101.13560909688027,101.27988373114903,3346105
2005-02-25,102.78030395507812,103.01113964728009,102.17435796626683,102.57832502118255,2972454
2005-02-28,101.56838989257812,102.37631463961105,101.39525856750977,102.20319250166528,3887813
2005-03-01,101.6261215209961,102.11664968887355,101.42414257673775,101.77039613280564,3381473
2005-03-02,102.7225570678711,102.98224943401542,101.16441205812673,101.22211636886904,3702104
2005-03-03,102.5783462524414,103.3862713423694,102.28979698390388,103.12657883811093,3748155
2005-03-04,104.22308349609375,104.54048040607869,103.06889537526712,103.35743551512752,4241766
2005-03-07,104.25187683105469,104.68470059631558,104.02104116443164,104.36729466436621,2563852
2005-03-08,104.04989624023438,104.48271999850974,103.90562165414258,103.96333516342867,2508765
2005-03-09,103.12653350830078,104.19415982033296,103.01111568904356,103.53050046926221,3245175
2005-03-10,104.25187683105469,104.54042600789528,103.29967740945371,103.44395199787401,3257633
2005-03-11,103.35736846923828,104.28072020436517,103.1553895836429,103.96332350026923,2749269
2005-03-14,104.51156616210938,104.51156616210936,103.24196084610453,103.29967435461533,3613840
2005-03-15,103.87673950195312,105.26176232782767,103.87673950195314,104.68467331168043,3627340
2005-03-16,102.75148010253906,104.22307418906693,102.37636968580206,103.32857870498216,3691504
2005-03-17,102.0589599609375,103.0400164370804,101.77041069602734,102.86688504070902,3073676
2005-03-18,103.53050231933594,103.53050231933594,101.7992258124178,102.17433602848749,8924144
2005-03-21,103.9056396484375,104.22304563023224,102.37634163299474,103.09771468838048,3561069
2005-03-22,102.43401336669922,104.42498197571948,102.2031777579898,103.87674051469368,3791995
2005-03-23,102.43401336669922,103.35735580153687,102.0877599536351,102.43401336669922,4685403
2005-03-24,103.09770202636719,104.16531931781796,103.03998851417445,103.38624202595925,3752746
2005-03-28,103.79022216796875,104.42502494670212,103.50167294478311,103.58824322401382,2955761
2005-03-29,102.5206069946289,103.7902124330136,102.23205779850761,103.35738863883165,3787968
2005-03-30,104.453857421875,104.51156174082138,102.69372410648266,102.7225716723944,3993354
2005-03-31,104.04989624023438,104.30958865777491,103.7613470680508,104.16531407168311,3578388
2005-04-01,102.34749603271484,104.51159706058274,102.28979169426725,104.39617919656155,4323228
2005-04-04,101.68383026123047,102.52061194584546,101.04902751138043,102.49175518741485,4295205
2005-04-05,102.43401336669922,102.43401336669922,101.48180499687132,101.62607954909502,3323257
2005-04-06,102.43401336669922,103.09767263207972,102.26088206660653,102.66484897540863,2907539
2005-04-07,103.24193572998047,103.44392377350648,102.46286786447492,102.66484672087986,3000790
2005-04-08,103.12653350830078,103.76133610777661,102.92455462138128,103.01111568904356,3584877
2005-04-11,103.35736846923828,103.70363111186236,103.06882851654808,103.18424633504864,2411716
2005-04-12,104.13646697998047,104.74242213521792,102.31862907564089,102.92457504375407,4061336
2005-04-13,102.8379898071289,104.51155271894838,102.54944067593708,104.02102470819555,4236759
2005-04-14,102.43401336669922,104.39612522785049,102.14546426225182,103.09767263207972,5239797
2005-04-15,103.15538024902344,105.29062347874742,103.15538024902345,103.35735911634158,8729295
2005-04-18,103.87673950195312,104.97322241331463,103.1553759349888,103.1553759349888,5726022
2005-04-19,103.87673950195312,104.80009111490988,103.5881995874401,104.59811225603863,4222110
2005-04-20,102.49176025390625,103.90564042852726,102.00123208483622,103.44396901931431,4936757
2005-04-21,104.22308349609375,104.25193107908994,102.78034604827837,103.29973116200678,4004351
2005-04-22,104.16532135009766,104.77126730432411,102.95342944164474,103.87677215775209,4136935
2005-04-25,104.97321319580078,105.23290552704421,104.30955399516534,104.8866429606394,3477542
2005-04-26,104.39616394042969,105.60806511623775,104.33845961041483,105.03096669334116,3744587
2005-04-27,105.03095245361328,105.29064487128363,103.70364279772748,104.02103953758935,3687769
2005-04-28,102.92457580566406,105.14638076756766,102.78030120511686,104.10762018045163,4570889
2005-04-29,104.453857421875,104.51156174082138,102.75142842542904,103.35737430354195,4884341
2005-05-02,104.59814453125,104.85783696542825,104.02104614990986,104.10761641938528,2871253
2005-05-03,104.16532135009766,104.30959594627045,103.21312187733095,104.16532135009766,5500792
2005-05-04,104.453857421875,104.65583631887166,103.53050563462688,104.19416501880904,3771129
2005-05-05,103.44392395019531,104.54039766291984,103.09767054414353,104.30956205888532,3114177
2005-05-06,103.44392395019531,104.02101296028162,103.29964940089347,103.35735370834156,3726225
2005-05-09,104.54045104980469,104.54045104980469,103.38626325308853,103.41512001510972,3043608
2005-05-10,103.38622283935547,104.42499236905701,103.0688261425701,104.04988217078947,3764452
2005-05-11,104.42504119873047,104.48275472719976,102.92459970404636,103.58825934581093,3169723
2005-05-12,103.50167083740234,104.77127636901886,103.32854865671591,104.3673093022091,3344415
2005-05-13,103.01113891601562,104.07876546877647,102.60717186396762,103.50166705524374,3806205
2005-05-16,104.56925964355469,104.59811639228346,103.29965457070413,103.44392912722645,3236412
2005-05-17,105.20409393310547,105.2329506905439,103.96334523449589,104.16532416231631,3092623
2005-05-18,106.47370147705078,106.76225068284481,105.26180032499055,105.31951384099914,4868212
2005-05-19,106.53144073486328,106.67571538506427,105.8677902059173,106.47373638705939,2894727
2005-05-20,106.76222229003906,106.96420116810505,106.32939859645501,106.61794772551104,3530876
2005-05-23,107.28162384033203,107.74330439604942,106.27171083119136,106.27171083119136,3165467
2005-05-24,106.9642105102539,107.48359531306849,106.76223161454726,106.81993593312508,2795300
2005-05-25,106.35824584960938,107.02189592520728,106.06969674631911,106.7622127567915,2545052
2005-05-26,106.58907318115234,107.05074436087277,106.27166735475419,106.81990877101256,2283473
2005-05-27,106.4159927368164,106.70454195556006,106.35828840534262,106.5314105868889,1776424
2005-05-31,105.26178741455078,106.50254517243542,105.20408309274414,106.41597490904043,4215851
2005-06-01,106.56027221679688,106.79110792749276,105.26180986022585,105.26180986022585,3108690
2005-06-02,106.47370147705078,106.67568040883191,106.21400902926105,106.30057011614946,4116110
2005-06-03,105.89657592773438,106.64679632084304,105.75231054893221,106.18512505958299,2501587
2005-06-06,105.63692474365234,106.27172756901162,105.52150688332573,105.75235179110467,2503528
2005-06-07,106.30052947998047,107.1373200194731,106.0119803844919,106.09855062541105,3566223
2005-06-08,106.18509674072266,106.90646019083918,106.18509674072266,106.70448136468485,2667828
2005-06-09,106.1562728881836,106.3005474603314,105.377195710859,106.04085506788986,2458311
2005-06-10,105.694580078125,106.61793163952032,104.91550305949026,106.12740370640674,2847340
2005-06-13,105.46377563476562,106.35827071438639,105.37720537126712,105.66575454201535,2928468
2005-06-14,105.05979919433594,105.86773312499501,104.91552462192378,105.31949158725332,3087030
2005-06-15,104.80010223388672,105.5791793786841,104.36727853551412,105.17521243096077,3754916
2005-06-16,104.19415283203125,105.1463520738198,104.04987827085563,104.65582407809578,3350863
2005-06-17,105.31949615478516,105.75231989079248,104.13645195939684,105.11751725692217,7356925
2005-06-20,104.68464660644531,105.05975666803008,104.4826677990992,104.80006438023148,3358291
2005-06-21,104.30960083007812,105.03096465759248,104.30960083007812,104.82898572576829,4589815
2005-06-22,103.06883239746094,104.85782243226515,102.95341457461448,104.45385545874117,6093016
2005-06-23,100.63003540039062,103.44628405150596,100.22356490281734,103.06884914177186,10209189
2005-06-24,100.97843170166016,101.82040825945943,99.14932838338314,100.89133418480647,14093142
2005-06-27,100.48487091064453,101.21070517265038,100.4268089765947,100.80424390212481,4883298
2005-06-28,102.05272674560547,102.19789551076599,100.80428830691324,101.15268779686068,5869101
2005-06-29,101.61712646484375,102.72040436202109,101.58809088985394,102.1397298384426,4398513
2005-06-30,100.60100555419922,102.51721580007361,100.31066814735365,101.61717723409963,6932923
2005-07-01,100.8623046875,101.44297948573877,100.63003846582802,101.1816776753431,4230207
2005-07-05,100.80423736572266,101.32683171452047,100.16550066823832,100.5429355692946,5517360
2005-07-06,99.64289855957031,100.71713210439667,99.52676545321229,100.31066161011435,4391711
2005-07-07,99.2364273071289,99.87516400924737,98.51059308692194,99.2364273071289,6301887
2005-07-08,101.58815002441406,101.96558498682354,99.73001080425807,99.81710833587262,6318184
2005-07-11,101.93651580810547,102.86558040578646,101.79134715370382,102.16878195752571,4089318
2005-07-12,101.90750122070312,102.31397168794682,101.47199516778676,101.76233253639766,3670763
2005-07-13,102.13975524902344,102.48815450341348,101.79135599463339,101.90748907943006,3784630
2005-07-14,103.44628143310547,103.88177826343629,102.34300307560973,102.74947356289456,5978085
2005-07-15,103.15594482421875,103.73661959442802,101.47200093229354,102.6043056413316,9458945
2005-07-18,102.19783782958984,103.039805099433,102.05266914636354,102.72044139158137,3633475
2005-07-19,102.57527923583984,102.92367855131904,101.93654253543215,102.66237675369506,4625413
2005-07-20,102.48816680908203,102.69140666492162,101.73329704523863,102.57527356618093,3854344
2005-07-21,101.61712646484375,102.66233321204146,101.61712646484376,102.1397298384426,3399293
2005-07-22,101.82035827636719,102.31392603634531,101.23968379823738,102.31392603634531,3133979
2005-07-25,100.94934844970703,102.197794903445,100.74611792498781,102.197794903445,3783503
2005-07-26,100.7462158203125,101.93659228421996,100.71718021883754,101.12365090729834,3420410
2005-07-27,101.0364990234375,101.09456095110684,100.60099296765685,100.77519723878069,3482466
2005-07-28,101.26880645751953,101.76237464194382,101.03654016415065,101.26880645751953,3392115
2005-07-29,100.16551971435547,101.38492216684593,100.13648412166282,101.03652278671437,4118009
2005-08-01,99.43964385986328,100.51388648853437,99.32351077082546,100.36871781622284,4024132
2005-08-02,99.43964385986328,100.33968223294912,99.29447518755174,99.43964385986328,4008274
2005-08-03,99.32354736328125,99.84615107851589,98.97514796781167,99.46871608907537,3738014
2005-08-04,98.74286651611328,99.35256767541952,98.68479533710362,99.1493370370038,3926228
2005-08-05,98.16219329833984,98.74286812164189,97.98799824659659,98.27832641418841,3893802
2005-08-08,98.0169906616211,98.62670086383453,97.84279567017956,98.27829239283942,2958974
2005-08-09,99.12029266357422,99.52676314844379,98.42348479750378,98.62672466196769,3654404
2005-08-10,98.3653564453125,100.10736106809173,98.33632087798738,99.58475783244756,4342070
2005-08-11,100.19451141357422,100.19451141357422,98.56863895782854,98.77187879233229,4432609
2005-08-12,99.43964385986328,100.33968223294912,99.35254635409919,99.64288369872226,3586797
2005-08-15,99.32354736328125,99.4977516830463,98.77191729813619,99.06224550566394,2853955
2005-08-16,98.3653564453125,99.29442064730036,98.33632087798738,99.03311902947827,3461454
2005-08-17,99.00411224365234,99.81704358081538,98.30730471060161,98.36537585671161,3362777
2005-08-18,98.68478393554688,99.52676046955489,98.53961524885385,98.82995262223992,2846443
2005-08-19,98.56869506835938,99.46873393450821,98.30739316386254,98.97516572469468,2832233
2005-08-22,98.62671661376953,99.41062193260821,98.19121057750665,98.91704472722061,2836031
2005-08-23,98.62671661376953,98.94608031178298,98.07507748331471,98.7138141233991,3203547
2005-08-24,97.37828063964844,99.00415323113575,97.37828063964845,98.48154967600453,4046438
2005-08-25,97.26213073730469,97.61053924300882,97.00082898005505,97.26213073730469,3419492
2005-08-26,96.9137191772461,97.40728704629313,96.71048861142289,97.26211839468122,3672223
2005-08-29,97.5525131225586,97.61058431500949,96.10084424002069,96.30407492547641,3876650
2005-08-30,96.50727844238281,97.43635255161749,95.37497370490554,97.26214826736768,5590871
2005-08-31,97.58148193359375,97.78471247995759,95.6943081314477,96.39110649959937,5685479
2005-09-01,96.2169418334961,97.34924647140755,95.81047136869402,97.05890910454067,5616578
2005-09-02,96.76856231689453,97.14599715945367,96.42016305700692,96.9718021515383,4203853
2005-09-06,98.53961181640625,98.6557449129038,97.1169790732969,97.1169790732969,5735432
2005-09-07,98.74286651611328,98.85899963007357,97.78475677086715,98.39446717423245,4572538
2005-09-08,98.2783203125,98.74286199111204,97.92992098658495,98.74286199111204,3730607
2005-09-09,98.65576934814453,99.38161293610455,98.42350309762132,98.53963622288293,4058060
2005-09-12,99.96226501464844,100.25260241048338,98.6847915658452,98.71382715424043,5012752
2005-09-13,99.52677917480469,99.99131166428111,98.88804237974473,99.73000982793569,4431232
2005-09-14,98.85897827148438,99.93321165454245,98.71380959938311,99.49771488229571,3512931
2005-09-15,99.8170166015625,99.8750877319766,98.91697878850309,98.91697878850309,3933510
2005-09-16,100.07840728759766,100.39778030107041,99.35257297560985,100.22357599880714,8371210
2005-09-19,98.85897827148438,99.67190989357158,98.39444591600598,99.58481238793365,4939553
2005-09-20,98.24929809570312,99.35256729614362,97.98799627927524,99.12030106910973,3982462
2005-09-21,97.40733337402344,97.95897266370173,97.26216465336809,97.3202358392543,4592757
2005-09-22,97.31964111328125,98.02104837507953,96.91048765265518,97.40731353160284,4535104
2005-09-23,97.61186981201172,98.13792279680877,97.20271645660594,97.3196160859972,3261388
2005-09-26,97.23194885253906,98.25482764282464,96.82279547541016,98.13792800722685,4066469
2005-09-27,98.31329345703125,98.8978010628588,97.08584237291377,97.81646757512297,4553299
2005-09-28,97.87490844726562,98.4886339039798,97.20272851606728,98.43017942949562,3502247
2005-09-29,98.34249114990234,98.63474486500422,96.6766598619375,97.31961245211818,4607530
2005-09-30,98.40101623535156,98.69326085511901,97.43658200538958,98.34256172835062,4439182
2005-10-03,97.1151351928711,98.28413258376115,97.02745340974322,98.19646010571478,5062121
2005-10-04,96.00447845458984,97.75799141118536,96.00447845458984,97.40728323682289,5655765
2005-10-05,95.50767517089844,96.73513545942987,95.47844793198887,96.15062790153648,4806323
2005-10-06,98.16716003417969,98.60554070942806,96.96893627096847,96.96893627096847,6979330
2005-10-07,100.00834655761719,100.24214586405681,98.43018728153763,99.07314002678396,5994152
2005-10-10,99.33619689941406,100.21294921876613,99.24852445900213,100.03760433794223,3668509
2005-10-11,98.7809066772461,99.59920434199343,98.45942561585998,99.33617776634142,3814573
2005-10-12,98.7809066772461,99.51153191846801,98.13795385954961,98.13795385954961,3861062
2005-10-13,99.4238510131836,99.97912205490925,98.63477135354326,98.63477135354326,4180336
2005-10-14,100.35905456542969,100.76820804112477,99.65765658287427,100.5344087136063,5795840
2005-10-17,99.39462280273438,100.82665521124507,99.19004142719007,99.97912107912911,4999565
2005-10-18,99.36538696289062,100.59283788962507,99.21926008017003,99.36538696289062,4141650
2005-10-19,100.56365203857422,100.56365203857422,99.0731648033939,99.16084654404257,4813229
2005-10-20,99.0146484375,100.70969726713469,98.60549519049255,100.70969726713469,4263196
2005-10-21,98.57633972167969,99.56999168410339,98.3425403546479,99.21929263355568,4695648
2005-10-24,99.745361328125,99.77458857980514,98.66402745658826,98.66402745658826,3446889
2005-10-25,99.10237121582031,99.74532398668984,98.28406430559546,99.39462501305421,3907824
2005-10-26,98.48863983154297,99.94989012070585,98.45941259254182,99.30693738805331,4499464
2005-10-27,98.13792419433594,98.45939585347159,97.64108913100698,98.2840417543512,3590490
2005-10-28,99.51153564453125,99.62843531530086,97.96260337548878,98.43020205856723,4510127
2005-10-31,99.10237121582031,99.77455122742823,98.89779914080162,99.3653977723158,5443681
2005-11-01,98.19641876220703,99.30697046851922,98.05029182359903,99.27775252485971,4302633
2005-11-02,98.81012725830078,99.27773524145537,97.93337508436541,98.19640166705362,4780595
2005-11-03,99.30696868896484,99.80380399335994,98.78092474651123,99.07316931341269,3754499
2005-11-04,99.4238510131836,99.65765032602334,98.63477135354326,99.3069420516888,3475851
2005-11-07,99.4238510131836,99.74532274206952,99.21926963564262,99.65765032602334,3107521
2005-11-08,98.66400146484375,99.2192818801708,98.57632903797803,99.01470978245878,3092435
2005-11-09,99.131591796875,99.8037717633257,98.5178663079741,98.92701043052509,3723679
2005-11-10,100.82669830322266,101.52809653466456,99.13163861961986,99.27776557743996,6067163
2005-11-11,101.26508331298828,101.6450097317184,100.53445773198729,100.97282935855587,2881060
2005-11-14,100.53443145751953,101.29428409639385,100.24217757946707,101.29428409639385,2967655
2005-11-15,100.53443145751953,101.1773844061884,100.2129503306463,100.5636587063403,3123922
2005-11-16,100.94359588623047,101.44042194932626,100.38831531920404,100.50521502198667,3438480
2005-11-17,101.29426574707031,101.61573751063175,100.53441324584229,101.06046640901184,3363716
2005-11-18,104.47978973388672,104.62591662835726,103.01853009425604,103.63226491204729,12345409
2005-11-21,105.79492950439453,106.20408297506707,104.18754286355426,104.50902391375247,7071892
2005-11-22,105.3857192993164,105.8825449229972,104.88889367563563,105.35649207320098,5369251
2005-11-23,105.0350570678711,105.619555268314,104.94737535899944,105.3565287518463,3657533
2005-11-25,105.79492950439453,105.85337468301894,104.97662256304943,105.21042188769792,1946963
2005-11-28,105.15194702148438,105.79489963528034,105.03504739216444,105.79489963528034,3903671
2005-11-29,105.0058364868164,105.88258849558585,104.80126442996409,105.59033472430463,4871321
2005-11-30,104.39210510253906,105.67801045730447,104.39210510253906,105.06427571133676,5073076
2005-12-01,104.47978973388672,104.91817041729834,104.15831801011134,104.7720435228278,4450429
2005-12-02,103.74911499023438,104.47973980838422,103.04770809295704,104.47973980838422,5308906
2005-12-05,104.53825378417969,104.8012803572918,103.45692024914646,103.51537473431611,5041777
2005-12-06,104.62592315673828,105.50267527319379,104.39212383302686,104.91817696391524,5533260
2005-12-07,103.95370483398438,104.77201147065063,103.48610635878762,104.62588462088365,5892805
2005-12-08,103.31075286865234,104.21673189832923,103.07695362971741,103.95370542825943,4541405
2005-12-09,103.83684539794922,104.6259251090056,103.28156501496682,103.54459158531894,3640757
2005-12-12,103.89530181884766,104.4213549693562,103.60304800077053,104.21677357467193,2871378
2005-12-13,103.66146850585938,104.27520323874363,103.3107695906923,103.74915021345626,5297784
2005-12-14,104.53825378417969,104.88895277997062,103.89530097269184,104.24599996848278,4570242
2005-12-15,105.21040344238281,105.67801131477493,104.53823282813113,105.03505863217532,7100834
2005-12-16,105.3857192993164,105.97021729627309,105.26881969992507,105.29804692604051,7241263
2005-12-19,104.68437194824219,105.53190615729238,104.18754604193896,105.21042509728694,4397136
2005-12-20,103.8660659790039,104.45056426170338,103.39846735284434,104.2459921890273,4383761
2005-12-21,103.2231216430664,104.21677345731888,103.0185402486125,104.21677345731888,4767553
2005-12-22,104.2532730102539,104.37100598227684,103.5174302208533,103.5174302208533,3647142
2005-12-23,104.2532730102539,104.6947693124884,104.16496625268232,104.6653337266312,2234646
2005-12-27,103.19367218017578,104.78307206965816,103.10536541807774,104.69477467896645,3561465
2005-12-28,103.34085845947266,103.48801767871491,102.8699170951104,103.19368986882245,3504584
2005-12-29,103.57633972167969,104.3416090087246,103.31143809374802,103.34087369049806,3368119
2005-12-30,103.16422271728516,103.66459014958293,102.9581923762467,103.37025305832363,3769001
2006-01-03,104.10614013671875,104.19443755315007,102.42843299606895,103.31143527460951,6932005
2006-01-04,103.9589614868164,104.19442748882861,103.31142529557877,104.04725889471894,5011458
2006-01-05,103.69405364990234,104.04725263166004,103.31141907681291,103.81178664382158,3934887
2006-01-06,104.40042114257812,104.57702526761621,103.57629042567847,104.13552901212832,4608094
2006-01-09,104.13555145263672,104.28271065524123,103.72348131968612,104.19441325939714,4322644
2006-01-10,103.57633972167969,103.9295387684521,103.16426948140717,103.81180575286129,4390584
2006-01-11,104.28273010253906,104.63593849459775,103.31143045289927,103.42916345978261,4672862
2006-01-12,103.01708984375,104.37103343525364,102.84049502496836,104.34159784165391,4623743
2006-01-13,103.31143951416016,103.75293598584341,102.42843719938418,102.72276505670318,3592452
2006-01-17,102.8404541015625,104.87135930924946,102.48724586173508,104.87135930924946,3352949
2006-01-18,102.4872817993164,102.75218338637349,101.86918121998585,102.72274779416539,4205438
2006-01-19,102.07518005371094,102.72271602498535,101.5453864148546,102.72271602498535,6116345
2006-01-20,98.21939086914062,101.5453771720916,97.77789464837828,100.95670304920296,18378414
2006-01-23,97.98394775390625,99.10242509892572,97.89565036350177,98.69035499136099,8098802
2006-01-24,97.01266479492188,98.74923353863544,96.86549620502264,98.74923353863544,9698447
2006-01-25,96.42398834228516,97.71906065959729,96.100224948661,97.57189207289258,10722248
2006-01-26,97.18929290771484,97.33646154804161,96.36516164186054,96.9243912294089,10193581
2006-01-27,96.98326873779297,97.18929922479526,96.39460350963515,96.98326873779295,9038845
2006-01-30,96.92433166503906,97.39527289895233,96.36510242116228,96.83603428367017,7383383
2006-01-31,96.3945541381836,97.07151646098497,96.04134581078372,96.836050490323,8282696
2006-02-01,97.54247283935547,97.68963206519304,96.07079623830433,96.12966742576607,7942576
2006-02-02,96.8360595703125,97.98396331347976,96.77719775783122,97.33642714773866,6357370
2006-02-03,96.68882751464844,97.54240289229963,96.45336167646937,96.5416590229361,5389241
2006-02-06,96.3945541381836,96.80661490113853,96.10021698915268,96.68888191580756,4833010
2006-02-07,95.09944915771484,96.33564976340986,94.80511211010986,96.1296194529286,7676824
2006-02-08,96.36510467529297,96.51227322862053,94.86399292847629,95.09946823664374,5582963
2006-02-09,96.89494323730469,97.24814227191898,96.42400181974327,96.48287301121682,5492675
2006-02-10,97.95454406738281,98.21944569627277,96.74777831035912,96.89494692323237,5542023
2006-02-13,97.86621856689453,98.48431906647944,97.36585104954453,97.71904999624924,4174890
2006-02-14,98.48429107666016,98.71976634561317,97.2480904288259,97.66016043523865,6106475
2006-02-15,98.48429107666016,98.71976634561317,97.89562633278766,98.71976634561317,3929462
2006-02-16,98.16056060791016,98.60205697047684,97.30698472984217,98.42546217401303,4985229
2006-02-17,98.92584228515625,98.92584228515625,97.98396888918859,98.16057307949764,5289375
2006-02-21,98.19003295898438,99.33793705138957,97.77796266061596,98.92586675302114,4153377
2006-02-22,99.01411437988281,99.33788708410307,98.60204428878701,98.74921284785022,5367185
2006-02-23,98.62860107421875,99.22167333254917,98.4803306492435,98.59894510090957,4621511
2006-02-24,98.27281188964844,98.77692594750219,97.9169588969245,98.59899945114023,3813133
2006-02-27,98.80654907226562,98.89550757006946,98.18381126292083,98.51000815748931,4032979
2006-02-28,97.47218322753906,98.74729671248144,97.41287123215645,98.45075561872514,5779919
2006-03-01,97.14595031738281,97.9466053103681,96.96803327999157,97.76867883140196,5110740
2006-03-02,97.41278839111328,97.59071478437193,96.6121337838049,96.9679865703222,5245264
2006-03-03,98.03555297851562,98.86586386635918,97.05698105644719,97.11629302339622,5333925
2006-03-06,98.15419006347656,98.59899210889523,97.70937857648278,98.03556611368478,4467581
2006-03-07,98.30243682861328,98.56932179370092,97.88729083098696,97.97624933882491,4538150
2006-03-08,99.13273620605469,99.42927711987615,97.88727947452081,98.03554048985889,5233475
2006-03-09,98.45072937011719,99.45896693175997,98.33211485255495,98.98449941993518,5052022
2006-03-10,99.78511810302734,99.8740765983619,98.62861989738859,98.68792241375414,5377076
2006-03-13,99.844482421875,100.0223995058482,99.13278576125009,99.81482642735367,4072917
2006-03-14,100.17061614990234,100.3781891167326,99.2810028838734,99.34030539943677,4097915
2006-03-15,102.0684585571289,102.36499946373726,100.17061752629473,100.17061752629473,7632233
2006-03-16,101.94979858398438,102.89872339669537,101.83118416259153,102.75045300956225,6542808
2006-03-17,102.33534240722656,103.07669466594143,102.00915496664989,102.21672793414665,8470804
2006-03-20,102.3057861328125,102.89885902147032,102.00924496769326,102.42440071054406,3364843
2006-03-21,101.83123779296875,102.86912160794358,101.65332078796193,102.33535170977673,4181317
2006-03-22,102.39464569091797,102.5132601539503,101.83121991033575,101.94983437336808,3370519
2006-03-23,101.17884826660156,102.21673202880622,100.85266081295826,102.15742951067685,4294787
2006-03-24,100.67475891113281,101.20852891224715,100.49684187181137,100.91198792461141,3014979
2006-03-27,100.20026397705078,100.6450658530939,99.90372309864101,100.43749290314997,3154303
2006-03-28,99.63682556152344,100.37816822196729,99.31063818989347,99.96302237472375,4779969
2006-03-29,100.6154556274414,100.94164315814568,99.48860365946773,99.48860365946773,5224273
2006-03-30,102.75056457519531,103.04710567144316,100.97133688086505,101.03063943516754,9110020
2006-03-31,103.13604736328125,103.78843200342938,102.9581302878807,103.01743283248858,7801166
2006-04-03,102.86915588378906,103.75876952996065,102.57262429611608,103.16569691303836,4662575
2006-04-04,102.89881896972656,103.40293308926239,101.77197619909218,103.40293308926239,4500007
2006-04-05,102.0684585571289,103.0173837933322,101.97950006177537,102.75049886569916,4077883
2006-04-06,102.33534240722656,102.45395688030648,101.17884421351816,101.71261406316394,4219147
2006-04-07,100.91197204589844,103.04705171439643,100.85266952264767,102.45396983244765,4943184
2006-04-10,100.5857925415039,101.06025053143318,100.22994904905694,101.00094800347917,4789734
2006-04-11,100.97130584716797,101.03060838324373,99.72583929067022,100.58580631716104,4792071
2006-04-12,102.18708801269531,102.39467045438296,101.32713058734308,101.7126300458215,5456806
2006-04-13,100.49683380126953,101.89056122471221,99.66652287919877,101.38644725116005,7859821
2006-04-17,98.71759796142578,100.11132539194898,98.06521350264855,100.11132539194898,7384677
2006-04-18,100.43751525878906,100.73405620320368,98.48036202048519,99.39963139491157,6957566
2006-04-19,100.49683380126953,100.7340627956971,99.34032593068017,100.67475082630308,5137574
2006-04-20,101.17884826660156,101.35677470413508,99.72580911120049,100.22993244395,5297784
2006-04-21,100.73402404785156,101.77190758042582,99.87405747187424,101.5643252089686,6101926
2006-04-24,100.6154556274414,100.82302865229187,100.22995612302276,100.25960266830502,3423018
2006-04-25,100.73402404785156,101.00090892431756,100.2299102682093,100.82298252615003,4739634
2006-04-26,101.20854949951172,102.1278191949151,100.4672063211976,101.03062298242249,4810871
2006-04-27,102.09812927246094,102.83947220441132,100.49682891711107,100.52647545879302,5273642
2006-04-28,102.57260131835938,103.13601781782796,101.86090489590667,102.27606035553957,5175550
2006-05-01,101.97945404052734,102.95803481409241,101.77188116451835,102.72079653092307,3715458
2006-05-02,102.24638366699219,102.57258054835697,101.11954145465597,101.97949874281095,3432178
2006-05-03,102.00918579101562,102.80984080742017,101.38645725878159,101.47541578007926,4629210
2006-05-04,103.1953353881836,103.61049087035,102.24640992059965,102.30572189301257,4559267
2006-05-05,104.2628402709961,104.44076670289405,103.4028829735628,103.61046538437249,5438151
2006-05-08,103.78840637207031,104.50010282264424,103.69944785633905,104.08494734660734,3417301
2006-05-09,103.78840637207031,104.14424987656999,103.4918653975333,103.64013588480181,3495132
2006-05-10,102.89881896972656,103.75877668395057,102.30574631191293,103.61051560067989,4441373
2006-05-11,102.33534240722656,102.80980974111854,101.20850019218123,102.30569587013584,4754929
2006-05-12,101.6533203125,102.42431917478521,101.35677938344472,101.94985179998214,4748753
2006-05-15,102.48360443115234,102.57257235982517,101.06022142967403,101.1195333821226,4805905
2006-05-16,103.1656494140625,103.5511487979665,102.92842047651726,103.01737896770373,4879626
2006-05-17,102.0684585571289,103.34358067891588,102.00915604075068,102.66154037034562,5325954
2006-05-18,101.26786041259766,102.45400570869991,101.2382044198009,102.27608863507298,5040942
2006-05-19,101.29747009277344,102.3057073898395,100.67474167859109,101.50505252521647,6262408
2006-05-22,101.03053283691406,101.89049922035866,100.8822718868001,100.97123034518218,5573260
2006-05-23,100.85269165039062,101.47542020980877,100.55615064435318,101.1195766675092,4652831
2006-05-24,101.59403991699219,101.94988347748107,99.93342719313469,100.1113442525911,6081269
2006-05-25,102.0684585571289,102.09811453610422,100.88231381384031,101.8608855874465,4202246
2006-05-26,101.80156707763672,102.39464885268322,101.11953625453378,102.2167224318549,4421487
2006-05-30,100.97130584716797,101.92023139856022,100.85269133344089,101.83126343208323,4623201
2006-05-31,101.59403991699219,101.59403991699219,100.73408228541672,101.26785234693807,6317579
2006-06-01,102.45394897460938,102.6615313676607,101.47537728681695,101.71260621467138,4095035
2006-06-02,102.78019714355469,103.22499924495177,102.24642706861715,102.72088516119439,4416667
2006-06-05,101.47541809082031,102.66157264862542,101.35680357919733,102.45399017210369,3815303
2006-06-06,102.45394897460938,102.54291690373348,101.44572131044225,102.00914709527522,6024304
2006-06-07,102.00918579101562,103.55118384857616,102.00918579101562,102.45398783907915,5827306
2006-06-08,102.51325225830078,102.6022107383305,100.64505808668113,101.80155609335065,7785809
2006-06-09,101.03053283691406,102.60218577055228,100.58573110343518,102.36495692048774,5361113
2006-06-12,100.43751525878906,101.62366959487387,100.40785927603288,101.32712865045927,3808083
2006-06-13,100.02237701416016,101.44576057376123,99.96307448003003,100.02237701416016,6622956
2006-06-14,100.5264892578125,100.79337426060108,99.81480221142635,99.93341671915738,5024667
2006-06-15,101.14920043945312,101.5347093254435,99.63685864402677,100.7637009950362,6600420
2006-06-16,100.6154556274414,100.85268463914905,99.78514464488974,100.40787316101603,7063692
2006-06-19,99.99270629882812,100.67474671110892,99.75547731409756,100.67474671110892,4266222
2006-06-20,99.93340301513672,100.28924648953243,99.45894504927575,99.99270554008244,5757613
2006-06-21,99.844482421875,100.49686709345725,99.16244175577141,100.31894056790668,6461952
2006-06-22,99.30665588378906,99.96392037578515,99.00790621448185,99.39628934556134,5288311
2006-06-23,99.06766510009766,99.69505185228961,98.91828549010883,99.12742074897372,4278199
2006-06-26,99.21707153320312,99.39632901609185,98.35068097568283,99.12744754786074,4048608
2006-06-27,98.23110961914062,99.39625865258803,98.23110961914064,98.73899436355126,4916016
2006-06-28,98.38056945800781,98.70920665862037,97.93243992725269,98.3805694580078,4240807
2006-06-29,99.39630126953125,99.42616958150501,98.23115173651685,98.52990144166326,5918158
2006-06-30,98.47019958496094,99.69509580492756,98.41044390974034,99.57559396669193,8112260
2006-07-03,99.57554626464844,99.69504804563628,98.85853557872133,98.88841340201854,2497059
2006-07-05,99.51579284667969,99.87429816340419,99.03777624551341,99.27678930219669,5350785
2006-07-06,100.08340454101562,100.44191930064079,99.4858957953044,99.51577361063958,4179001
2006-07-07,99.48590850830078,100.11329514951896,99.2170271603216,99.63528809186694,4240160
2006-07-10,99.93406677246094,99.96393508524662,98.88841899552071,99.48592793425733,3304185
2006-07-11,99.3664321899414,99.72493757498755,98.55978793943602,99.69505974818318,4670901
2006-07-12,98.76889038085938,99.24690696025135,98.58964248676227,99.21702914050188,4493225
2006-07-13,97.60374450683594,98.76889390888574,97.27511701445275,98.6195238292026,6560420
2006-07-14,95.93074798583984,96.70751455983344,95.78136833511739,96.4685109235591,10273311
2006-07-17,96.67760467529297,96.88673992185043,95.84109222566545,95.84109222566545,4917247
2006-07-18,96.97638702392578,97.06601100115563,96.34900015891081,96.67762775022226,5479007
2006-07-19,98.23110961914062,98.70911655218659,97.06595107349605,97.3348323513837,5319527
2006-07-20,97.03614044189453,98.41041594721784,97.03614044189455,98.14153450953677,4292701
2006-07-21,96.34900665283203,97.42453250089272,96.19962700591208,97.42453250089272,6133455
2006-07-24,97.454345703125,97.87260657550375,96.46845390813068,97.03609434294458,4770683
2006-07-25,97.6933822631836,98.02200977001088,96.94648427093864,97.99213194788096,4615000
2006-07-26,97.63363647460938,97.90251787651982,97.03612753269813,97.81289391328353,4444252
2006-07-27,97.54402160644531,98.23116408786406,97.21538452360059,97.84278086135824,4513424
2006-07-28,98.64942932128906,99.27682574612075,97.8129166085198,97.99216457658275,4402123
2006-07-31,97.66352081298828,98.32078544902477,97.63364298584975,97.99214837490541,4750714
2006-08-01,97.275146484375,97.9921573279963,97.03614286983456,97.54402792878375,3482654
2006-08-02,97.3946304321289,98.02201718330272,96.8568676419224,97.24525082238252,3472638
2006-08-03,97.78301239013672,98.23115121377342,96.88674425506451,97.24524960665316,4041889
2006-08-04,97.99217224121094,98.55981304628479,97.39466311392624,98.3208093953709,3339866
2006-08-07,97.66352081298828,98.08178185632099,97.12575797330368,97.63364298584975,3274472
2006-08-08,96.61788177490234,97.99215731442098,96.19962069341298,97.99215731442098,4954953
2006-08-09,96.4386215209961,97.75315087500162,96.31911971719585,97.03614005220014,3801093
2006-08-10,97.60374450683594,97.93238151141932,96.3190933337195,96.64773033830288,4985459
2006-08-11,97.09586334228516,97.93238528417805,96.8568597909445,97.45436866929616,3202358
2006-08-14,98.05189514160156,99.8743092610341,97.4842545262303,97.7232580972704,5206077
2006-08-15,99.18716430664062,99.42616787152775,98.70915717686634,99.15728648297944,4233816
2006-08-16,100.7108154296875,101.09919854958389,99.5456660699983,99.69503614425089,4983059
2006-08-17,101.3382339477539,101.57723755634998,100.53158963458995,100.68096926801321,3655426
2006-08-18,101.57723999023438,101.57723999023438,100.71084951026332,100.71084951026332,3569854
2006-08-21,101.45772552490234,101.87598655388535,100.89008487755385,101.57722731715437,2669247
2006-08-22,101.45772552490234,102.14486796450286,100.62120346693634,101.27846808042338,3310654
2006-08-23,100.94984436035156,101.18884795392466,100.38220369146379,100.83034256356503,3787321
2006-08-24,101.12909698486328,101.6071137063588,100.8303472351566,101.39797841814116,3036472
2006-08-25,101.09920501708984,101.33820856582331,100.71082187234785,100.74069018178918,2429286
2006-08-28,101.36809539794922,101.57722114362981,100.68095300011093,100.68095300011093,2778857
2006-08-29,102.14484405517578,102.29422363857557,101.27844437389687,101.27844437389687,3839487
2006-08-30,102.38389587402344,102.89178098981155,102.14489223273539,102.17476055374328,3001562
2006-08-31,101.7564926147461,102.53325908043253,101.60711298485215,102.4436255951746,3851172
2006-09-01,101.9955062866211,102.38388955780523,101.63700084680578,102.11500809989286,4108577
2006-09-05,101.48763275146484,101.96564005894919,101.33825308982483,101.81626039730918,3778933
2006-09-06,101.42789459228516,101.72665396714255,101.12913521742776,101.18889089728175,3892320
2006-09-07,101.69670867919922,102.02534567602265,101.06932201786356,101.12906814588601,6208010
2006-09-08,101.60713958740234,101.72664142016468,101.21875625287349,101.2785024131521,2991234
2006-09-11,102.86184692382812,102.86184692382814,100.86017587596209,101.12905720346944,4488238
2006-09-12,103.57888793945312,103.75813585261758,102.712488147755,102.86186775019263,4692769
2006-09-13,104.08679962158203,104.08679962158202,103.04115164807978,103.66853852974046,5598863
2006-09-14,103.90751647949219,104.14652004086842,103.07100401467535,103.22037410638478,4275361
2006-09-15,104.1166763305664,104.56480573598077,103.72829307351248,104.26604645756905,6965850
2006-09-18,104.1764144897461,104.44529591725575,103.39964803520762,103.5191498349672,4779739
2006-09-19,104.1166763305664,104.146544648645,103.36977813453713,104.1166763305664,3900103
2006-09-20,104.62455749511719,104.7739371287527,103.51915391353604,104.17641859421063,5146963
2006-09-21,103.63154602050781,105.01570239730114,103.05982404933535,105.01570239730114,5514188
2006-09-22,103.51117706298828,103.81208434897832,103.1200014234387,103.39081606471099,3658994
2006-09-25,104.98560333251953,105.13605696414285,103.3005303228128,103.3005303228128,4687010
2006-09-26,106.64059448242188,107.1822238274538,104.98562337973134,105.01570644732607,7486128
2006-09-27,106.33967590332031,107.2724808342735,105.8281392606353,106.30959283891053,5529900
2006-09-28,106.76097106933594,107.15214681108154,105.97861958584473,106.5202490098919,4065197
2006-09-29,106.21930694580078,106.85121412115656,105.91840926009041,106.5803994976021,4266076
2006-10-02,106.8211898803711,107.45308787976387,106.15919921895978,106.52028242138435,4342300
2006-10-03,107.45308685302734,107.96462378005742,106.70082779334768,106.85128152140344,6907341
2006-10-04,108.62660217285156,108.68678748951949,107.0017135899936,107.3327136704712,6443026
2006-10-05,109.19828796386719,109.77000037867516,108.14512191797454,108.35575129491514,5219098
2006-10-06,108.7469253540039,109.228378977885,108.41593496939315,108.56638862806882,3927897
2006-10-09,108.80712890625,109.0478509682835,107.90441638332621,108.74694360044347,3832351
2006-10-10,109.22840881347656,109.408945588725,108.50623297069089,108.62659401438896,4893585
2006-10-11,108.83724212646484,109.52932543196539,108.41598319151565,108.9275201101816,4062839
2006-10-12,108.98770141601562,109.28860888256868,108.62661820451162,109.07797940434119,4875703
2006-10-13,108.2654800415039,108.65665571723699,106.73086040547834,108.11502638459203,8884435
2006-10-16,107.00165557861328,107.51320175115981,106.33966535715679,107.51320175115981,6631073
2006-10-17,107.00165557861328,107.12201656609693,106.03876767874405,106.3697579991759,5201132
2006-10-18,107.00165557861328,107.84419207159165,106.70075790020056,107.78400678755342,5744321
2006-10-19,106.15916442871094,106.79106222101956,105.7378960403065,106.52024751280214,5467072
2006-10-20,106.73089599609375,107.06189606779449,106.09899809082603,106.52026655453709,5697790
2006-10-23,106.91140747070312,107.3928515117716,106.12905611366953,106.15914876138497,5443493
2006-10-24,106.58045959472656,107.06190382780775,106.33972789758752,106.67072799327967,4556387
2006-10-25,107.15216064453125,107.27252168979199,106.36980906003767,106.97162386693883,4611808
2006-10-26,107.09195709228516,107.69376216225442,106.58042038766256,107.57340114826057,4170362
2006-10-27,105.94851684570312,106.82114620384824,105.82815582744091,106.70078518558603,6189210
2006-10-30,105.9184341430664,106.55033188627823,105.64761945589056,105.97860986210809,3438146
2006-10-31,105.64759063720703,106.36975655228571,105.0758687689919,106.1591272222026,5556254
2006-11-01,105.01569366455078,105.9184155167856,104.86524960310524,105.9184155167856,5060390
2006-11-02,104.44401550292969,105.04582068744553,104.17320077474835,104.95555230491735,4885030
2006-11-03,104.62454223632812,105.31662531761029,104.3838201856028,104.65463488781774,3978852
2006-11-06,106.12902069091797,106.55028887654323,105.0156697418077,105.3767622326816,5596568
2006-11-07,106.9415054321289,107.27249583166109,106.12906138701116,106.3697834195064,5093546
2006-11-08,107.06188201904297,107.57341880764007,106.52025257685865,106.67070626419836,3733299
2006-11-09,106.18925476074219,107.30259664084706,106.06888415474572,106.85124519074361,3906446
2006-11-10,105.82814025878906,106.24940855103057,105.6776866129461,106.21931590574322,3753455
2006-11-13,106.39986419677734,107.30257650820872,106.15914219114151,106.15914219114151,4346223
2006-11-14,107.09195709228516,107.57340114826057,105.85824472310452,106.70078140165641,5950396
2006-11-15,107.69377136230469,108.08494708635075,106.79105888993652,106.85124419237242,4960357
2006-11-16,108.20533752441406,108.7168744117888,107.93452275102763,107.93452275102763,4778299
2006-11-17,109.07794952392578,109.13812525239243,107.66369056690303,107.87432956802826,6376463
2006-11-20,108.2654800415039,109.16819240238065,108.11502638459203,108.8371924410556,4184426
2006-11-21,107.72388458251953,108.32568981880952,107.48316248800353,108.26551408547931,5238921
2006-11-22,108.29554748535156,108.59644514855279,107.4831036754644,107.72382563826231,3919717
2006-11-24,107.39286804199219,107.96459011420808,107.39286804199217,107.87432173776202,1515012
2006-11-27,106.67066955566406,107.57338178845578,106.15913294310187,107.03175253266211,5135445
2006-11-28,105.9184341430664,106.39987821778108,105.46707313757491,106.21933189946543,5211523
2006-11-29,106.36979675292969,106.64061146858215,105.88835262759034,106.06888938429444,3788406
2006-11-30,106.15916442871094,106.82115487317617,105.79807176402367,106.55034016495875,4935651
2006-12-01,106.15916442871094,106.52024751280214,105.19626662387167,106.46007178908496,5006555
2006-12-04,106.4901351928711,106.82113514426901,106.12905217546869,106.6104961986719,3927313
2006-12-05,106.12902069091797,106.82110345440296,105.70775250529269,106.55028887654323,6310547
2006-12-06,105.64759063720703,106.67066380719817,105.52722965136059,106.36975655228571,8411065
2006-12-07,105.79803466796875,106.490117521925,105.5874053379177,105.79803466796875,5339955
2006-12-08,106.12902069091797,106.39983526877768,105.31657695733881,105.76793778063548,4666060
2006-12-11,105.97856903076172,106.88128111335313,105.46703250331298,106.03875430721057,6274845
2006-12-12,107.2424545288086,108.08498197066572,105.5272974035652,105.94855633419435,10381273
2006-12-13,106.8211898803711,108.08498587915666,106.52028242138435,107.87435640622546,9426999
2006-12-14,108.95760345458984,109.31868661678435,106.39990949936642,106.79108532022664,9020713
2006-12-15,112.41790771484375,112.8692684804003,108.95751350127092,109.1681427768432,18442265
2006-12-18,114.3437271118164,114.73490269512094,112.56838587645444,112.68874685742566,10444977
2006-12-19,114.37386322021484,114.55440956570837,113.59151169073745,113.59151169073745,6546084
2006-12-20,114.79512786865234,115.81821101871503,114.37385946340257,114.7349521425289,7696418
2006-12-21,114.49195098876953,115.37102238696018,114.06756803220468,115.34071690189926,5184627
2006-12-22,113.8857421875,114.88607461758386,113.70387058307242,114.85575946636826,3250726
2006-12-26,114.31011962890625,114.4010650780012,113.4613629973814,113.97668193652248,2503340
2006-12-27,114.55265808105469,115.28016393609457,113.88576323678252,114.55265808105467,3341974
2006-12-28,113.6128921508789,114.46164850641323,113.52194673135672,114.46164850641323,3518564
2006-12-29,112.7944564819336,113.73415838360764,112.64289041373704,113.61290745933654,5273121
2007-01-03,115.09822845458984,115.64386241468479,113.30977016443892,113.40070594064466,9018960
2007-01-04,114.43135070800781,115.1891810617238,113.52196393497952,115.09823562841935,6528786
2007-01-05,113.8554458618164,114.46170067781344,113.09761527752784,113.8857513640409,5639552
2007-01-08,113.82506561279297,114.18881829436484,112.91567908314917,113.5219335524356,4948150
2007-01-09,113.82506561279297,115.15883509665144,113.24911662839963,114.52226549104361,5132545
2007-01-10,113.8554458618164,114.00701197867413,113.18856073850277,113.30981170170217,5007181
2007-01-11,114.94664001464844,115.06790056122192,113.43099899962097,113.67350078991109,6433407
2007-01-12,114.85572814941406,115.18917541900082,114.18884326167093,114.70416208609556,5413529
2007-01-16,115.52262115478516,115.94700423161171,114.97698714906973,115.18918351319856,6493189
2007-01-17,115.12854766845703,116.03793441696405,114.73447975572296,115.73481193508213,6356432
2007-01-18,115.1891860961914,115.70450496838231,112.94602938430047,115.21949159051987,8680969
2007-01-19,112.00628662109375,113.67349356189908,111.70315457679175,112.61254105826993,13126097
2007-01-22,111.40010070800781,113.15825428675255,110.91509681791322,112.55199942413431,8635418
2007-01-23,110.7938461303711,111.3697858384812,110.27852708296146,111.18791420494522,7331551
2007-01-24,111.06660461425781,111.4000422007178,110.70284223630026,111.24847615180708,4477575
2007-01-25,110.15726470947266,111.2485233520533,109.91475313746558,111.09696689027008,5389784
2007-01-26,109.33877563476562,110.79379630589713,109.15689443158784,110.49066418441092,5409314
2007-01-29,109.70250701904297,110.18751059779537,109.21750344029057,109.33875433497867,5205597
2007-01-30,109.21751403808594,110.15721580167286,108.39906318095254,109.73283280337081,9002121
2007-01-31,109.27819061279297,109.79350964190591,108.6113054601584,109.12662448927135,7546118
2007-02-01,109.82380676269531,109.85412191270844,108.39910087783831,109.67224066406241,7901804
2007-02-02,109.94506072998047,110.33912873667254,109.49037207303046,109.91474557913503,5238921
2007-02-05,110.24817657470703,110.58161423022595,109.73285769253958,109.94504441410331,5467385
2007-02-06,110.06632995605469,110.46039802817319,109.82382801189476,110.33914705609322,4742889
2007-02-07,109.42973327636719,110.18755408007662,109.30848233383097,110.0966182860325,4459464
2007-02-08,108.33845520019531,109.30847230290156,107.91407211454688,109.30847230290156,7027364
2007-02-09,107.70187377929688,108.64157563492432,107.55030771852724,108.24750773749541,6219967
2007-02-12,108.03533172607422,108.76283730798963,107.76251471999812,107.76251471999812,3966729
2007-02-13,108.42945861816406,108.82352676882368,108.03539046750446,108.03539046750446,4791508
2007-02-14,110.55131530761719,110.64225110063187,108.4900300049719,108.91441312476051,6658011
2007-02-15,109.55098724365234,110.55131961148602,109.30848535188433,110.21787227173064,5971659
2007-02-16,108.73251342773438,109.42971345963517,108.73251342773438,109.3387776820587,6478833
2007-02-20,109.4601058959961,109.5207265733765,108.36883718877615,108.7022846943988,4913074
2007-02-21,108.85379028320312,109.42973953174756,108.58097323404341,109.09630183357054,7234377
2007-02-22,108.15107727050781,109.61753212687205,107.87611637698481,109.43422162209825,7859007
2007-02-23,107.23458099365234,107.99835719225857,107.2040276111612,107.937260154555,7960918
2007-02-26,107.9677734375,108.08998693308487,107.38730796985188,107.72336590088227,6032546
2007-02-27,105.8902816772461,109.03704519986293,105.40146668697243,107.84555136561511,13078627
2007-02-28,106.65409088134766,107.17345940273488,105.85976141013457,106.31803290227015,10583195
2007-03-01,106.92899322509766,107.60111854214891,104.85152027817855,105.73749967131664,10721789
2007-03-02,106.5318832397461,107.38731943652652,106.01251473715693,106.71519377542106,9426706
2007-03-05,105.55428314208984,106.83743792206157,105.46263270326355,106.1347586183114,6854424
2007-03-06,106.0736312866211,106.44024266454792,105.46260259613176,106.10417493932322,7093989
2007-03-07,104.88211822509766,106.16527252790974,104.85157457503414,106.13471915056913,8135151
2007-03-08,105.24871826171875,105.8291836787827,104.94320400393237,105.70697992112316,6077179
2007-03-09,104.85159301757812,105.82922344621839,104.54607864498864,105.61536922177304,7142462
2007-03-12,105.21817779541016,105.79865301094408,103.90447994398995,104.7293627048193,6302972
2007-03-13,104.14892578125,105.03490589050934,103.9045181460943,104.69884782399023,8116559
2007-03-14,104.82102966308594,105.09599062680329,103.56842863645387,104.14890394369667,8465671
2007-03-15,105.4626235961914,105.95143886409501,104.2100223130886,104.48498333310434,7475278
2007-03-16,104.97378540039062,106.4402406110848,104.63771768164939,105.70700814209884,9347498
2007-03-19,105.92086029052734,105.92086029052734,105.18762790308809,105.40149180775967,5535638
2007-03-20,106.22634887695312,106.47076612082192,105.40147594026851,105.79864058655191,5897709
2007-03-21,108.39552307128906,109.0676488564499,106.10418472518262,106.16529149077853,10523622
2007-03-22,109.40371704101562,109.4953674624895,108.15111588690469,108.27331969129614,7016513
2007-03-23,109.43425750732422,109.70921849101128,108.76213173912011,109.34260708852139,6982626
2007-03-26,109.984130859375,109.984130859375,108.27326867671434,109.52586924064364,6192110
2007-03-27,109.34261322021484,109.67868098680214,108.94544841342568,109.37316660395535,6192527
2007-03-28,108.60934448242188,109.15926624827097,107.84555884803423,109.06760613577944,8643097
2007-03-29,108.60934448242188,109.15926624827097,107.96776260408124,108.76209188202438,5732323
2007-03-30,108.02890014648438,108.70102586001413,106.92905630120336,108.63991910093061,7130004
2007-04-02,107.81505584716797,108.54827865985071,107.26513387401658,108.02891006904744,4902766
2007-04-03,107.9067153930664,108.76214208021001,107.44844380092269,108.24277344548152,6461409
2007-04-04,107.2651138305664,108.08999663615673,107.14291005128749,108.05944325951778,7240032
2007-04-05,106.99015808105469,107.50952659998246,106.74575051065072,107.32621605854082,5555691
2007-04-09,106.25691223144531,107.38730926098832,106.16526183593074,107.2345521169466,5520343
2007-04-10,106.56246185302734,106.89851989952683,106.16529703773922,106.31805423243148,6109417
2007-04-11,106.77628326416016,107.5400690028191,106.50132234369822,106.92904041189195,6359228
2007-04-12,107.4789810180664,107.66229157280485,106.5013409382581,107.41787425739423,6425478
2007-04-13,108.0899887084961,108.7621045815966,107.69281429587357,108.7621045815966,7437322
2007-04-16,108.02890014648438,108.76212289181986,107.54008498292738,108.45661827823562,7053697
2007-04-17,107.54013061523438,108.05949937871593,107.11241230199019,108.05949937871593,8008514
2007-04-18,107.32618713378906,107.6927983905921,106.62350826279385,107.41783751617113,7927302
2007-04-19,106.92899322509766,108.08994314463203,106.62347906445471,107.08175030541913,8439505
2007-04-20,107.32618713378906,107.66225474798122,106.71516837245065,107.63170137809561,12181505
2007-04-23,106.31806182861328,107.38735254057806,106.2569550554587,107.32624576742349,7335787
2007-04-24,106.1957778930664,106.74569952746401,105.5541961680874,106.31798161990224,7809867
2007-04-25,108.18167114257812,108.30387494908507,106.65410897032277,106.86797292716919,9394844
2007-04-26,109.49534606933594,109.52589944628401,108.33440529080185,108.33440529080185,9632885
2007-04-27,112.55046081542969,113.71140160199549,110.04526870661839,110.28967626933992,19137694
2007-04-30,112.61155700683594,113.77249768450604,111.8477712858776,112.73376077673404,10474566
2007-05-01,113.34476470947266,113.5891722171036,112.18382418458827,112.48933843276437,9173057
2007-05-02,113.98635864257812,114.75014440905126,113.40589313279057,113.40589313279057,8400631
2007-05-03,114.07801818847656,114.32242574158943,113.43644592973612,114.07801818847656,5874610
2007-05-04,113.49754333496094,114.38353287706182,113.2225824049678,114.38353287706182,6267771
2007-05-07,113.77253723144531,114.35301263568967,113.49757622178005,113.74198384653151,4335414
2007-05-08,113.28370666503906,113.61976467181461,112.88654189669806,113.31425031854361,5560302
2007-05-09,113.83366394042969,114.04751821772615,112.61161587533837,112.79491676236928,6140362
2007-05-10,112.36719512939453,113.3448256858565,112.12277776299895,113.3448256858565,5705489
2007-05-11,112.9476547241211,113.16151869222602,112.42828608730557,112.42828608730557,4309143
2007-05-14,111.81721496582031,113.03926225357422,111.51170071206307,113.03926225357422,5783550
2007-05-15,111.93940734863281,113.65026948675177,111.84774724545346,112.03105772453814,5787452
2007-05-16,112.51988983154297,112.70320033853885,111.5728033787361,112.18383191720531,5478820
2007-05-17,111.60340881347656,112.51994232146261,111.3590011749843,112.27553468297033,5084866
2007-05-18,112.91710662841797,113.86419351852801,112.12277694345859,112.42829135375989,8657119
2007-05-21,113.34476470947266,114.41405485081415,113.0392601885714,113.98633684882259,8471138
2007-05-22,114.07801818847656,114.75014382317526,113.37533917781958,113.71139713153062,6376400
2007-05-23,114.87239837646484,115.48341752933415,114.07806861409429,114.56688393638973,7152603
2007-05-24,114.2002182006836,115.51391605081967,113.89470390572477,115.3000618807143,6414210
2007-05-25,114.7501220703125,114.96397620692736,114.01688982269407,114.35295743997433,4984812
2007-05-29,114.2613296508789,115.14731927267653,113.4670001655085,114.90291169675909,6092516
2007-05-30,115.26953125,115.33062828468124,113.52811498877185,113.61976540443283,5634628
2007-05-31,114.81123352050781,115.45281546557884,114.5973793570015,115.4222620915705,6603425
2007-06-01,114.41411590576172,115.33064941210608,113.77254342404868,115.11679516062841,6908635
2007-06-04,115.51390838623047,116.15548058125327,115.11674372004722,115.45281136765841,7284707
2007-06-05,114.2613296508789,115.51393063655266,114.16967924172926,115.51393063655266,8479005
2007-06-06,113.92526245117188,114.2613204090575,113.40589396253614,113.9558158275097,7112101
2007-06-07,112.30612182617188,114.16974278893599,112.21447136600933,113.68092736502507,8216675
2007-06-08,114.01692199707031,114.07802875464671,111.97000125470207,112.42826302741479,6257776
2007-06-11,114.44462585449219,114.93344094506975,113.19202502579178,113.25313177575214,5523202
2007-06-12,113.1920394897461,114.53629088788242,113.19203948974608,114.1085824926116,6689707
2007-06-13,114.99458312988281,115.0556801713935,113.34481709990409,113.80308868399129,6956335
2007-06-14,115.48333740234375,116.03325912200876,114.87231867342386,114.87231867342386,7243266
2007-06-15,116.46099090576172,116.58319466603655,115.97217586466243,115.97217586466243,9932524
2007-06-18,116.30823516845703,116.64430280869969,115.97217725548984,116.64430280869969,5323679
2007-06-19,120.03547668457031,120.98256315296265,115.81942249976468,115.94162626401443,16206367
2007-06-20,119.36336517333984,121.50194589045523,119.02730721389902,120.52431566133515,12555323
2007-06-21,119.39413452148438,119.8557139502688,118.47098546140721,119.8557139502688,9263553
2007-06-22,117.67095947265625,120.47118145915435,117.67095947265625,119.11722646387035,14237870
2007-06-25,117.57858276367188,118.77867724023292,116.71697195088936,117.94784034165465,10274000
2007-06-26,116.99396514892578,117.91711436794382,116.53239543816346,117.85557631200577,9312255
2007-06-27,117.1170425415039,117.2093643149374,115.8246356883616,116.37852713899193,8639028
2007-06-28,117.3016357421875,118.10169871709033,116.25540105154369,117.39394768621804,7124183
2007-06-29,117.79402160644531,119.08643827588484,116.93242029097844,117.64016177931018,9325589
2007-07-02,117.73243713378906,118.59403810953839,116.99391221422927,118.22478054850296,6184348
2007-07-03,119.08642578125,119.36337148153736,118.04018102600234,118.04018102600234,4557201
2007-07-05,118.59405517578125,118.99408670717496,118.07093777299643,118.71714104717236,5418099
2007-07-06,118.40941619873047,118.7786737659123,118.0709227473636,118.40941619873047,6221594
2007-07-09,118.84024047851562,119.02486439270227,118.07094151110235,118.6556067668383,6400292
2007-07-10,116.62470245361328,118.44023668510096,116.59392852820827,118.31714098348087,8232554
2007-07-11,117.54791259765625,117.67099856561994,116.10164512595944,116.31704312052136,6945818
2007-07-12,120.00960540771484,120.00960540771486,117.54786739999396,118.28639272130795,9397807
2007-07-13,121.54811096191406,123.60981603398353,121.54811096191405,121.94814241194351,15865998
2007-07-16,123.4560317993164,123.70221344011547,121.67128103661015,121.85590502034151,8434435
2007-07-17,125.2715072631836,126.01002244512004,123.08671603768124,123.11748995296769,12117174
2007-07-18,124.47145080566406,125.48691168367591,122.87132469637857,124.07141927834269,10395128
2007-07-19,125.2715072631836,125.51767899049574,124.56375619904387,124.87147575692892,6211119
2007-07-20,123.4560317993164,125.61005012447409,123.08677403435937,124.44072897002958,10283097
2007-07-23,125.61003112792969,126.04083668730752,124.00990459094878,124.00990459094878,6978328
2007-07-24,123.76367950439453,126.10233025030034,123.54828171618117,125.02532171425625,9610809
2007-07-25,124.37913513183594,125.30229389921057,122.90209482052357,124.84071451552326,8787199
2007-07-26,121.6405258178711,125.05617781474301,121.08663418648736,123.11756690239578,13048642
2007-07-27,119.36344146728516,122.28675019766739,119.36344146728516,121.88671837353616,10040194
2007-07-30,120.84041595458984,121.36353345080114,118.93256991105915,120.10189079685546,8363823
2007-07-31,119.27105712890625,122.317460021395,119.17874515557072,121.67125661306152,8925876
2007-08-01,119.85572052001953,120.90195552562233,118.31713213722723,118.77871159131259,11177569
2007-08-02,120.10188293457031,120.56346235262423,118.9017882046199,120.00957096995612,7729741
2007-08-03,117.1170425415039,120.28653142038934,117.1170425415039,119.54800622038469,9917521
2007-08-06,120.31727600097656,120.71730752914766,116.96315419074548,117.64013137668813,10984807
2007-08-07,121.48661804199219,122.25590731670509,119.20951434274802,119.67108398857897,9754222
2007-08-08,124.50223541259766,124.50223541259766,121.4250590024616,121.5481448831681,9700659
2007-08-09,119.82494354248047,123.48677576623945,119.60954568122663,122.07128311194575,12513173
2007-08-10,117.64017486572266,118.8710438222341,114.43992145728922,118.47101214617993,17854234
2007-08-13,117.4555435180664,119.3941539199551,116.93242595894596,118.68641239731761,8770735
2007-08-14,115.94772338867188,117.51707599149087,115.42460585439886,117.4555379390726,9213329
2007-08-15,113.54753112792969,116.71701018960322,112.99363968074546,115.64000121952112,11325928
2007-08-16,114.47071075439453,114.7476565517295,111.39354284872448,112.34746617315658,13707034
2007-08-17,118.31710815429688,118.90177338479465,116.07077878039478,117.27087336076633,13016654
2007-08-20,117.60935974121094,118.47096077894592,116.16308371083461,118.44019666142977,8405097
2007-08-21,118.00939178466797,119.30179824593851,116.87083530415227,117.02469508239679,7340545
2007-08-22,120.44039916992188,120.87119495098601,118.47100503865738,118.9325845437175,8034784
2007-08-23,120.37882232666016,121.30197131696951,118.77869610379182,120.65576800350206,6909678
2007-08-24,121.2712173461914,121.45584128121237,119.94802689191837,120.13266062443111,7265593
2007-08-27,120.00960540771484,120.8096687906,119.70188570737618,120.8096687906,4797788
2007-08-28,117.08625030517578,119.76338514218392,117.08625030517578,119.48643948335615,7824390
2007-08-29,119.11719512939453,119.24029082158002,117.39398280619639,117.67092851862932,8651381
2007-08-30,118.16328430175781,119.1479714793611,117.70170483913697,117.91710270986458,4827314
2007-08-31,119.60955047607422,120.2865278067857,118.44022955847889,119.39414280869326,7794155
2007-09-04,120.1326904296875,120.93275380658768,118.50178974658458,119.51726083110819,6950075
2007-09-05,119.24031829833984,119.91729577389611,118.31715917917671,119.3018563611207,7830358
2007-09-06,121.24043273925781,121.39429253654302,118.501749902061,119.42489888828138,8228464
2007-09-07,119.24031829833984,120.00960776681464,118.80951266889595,119.7326619905646,9382115
2007-09-10,120.59427642822266,121.64051170052544,118.50179608612235,119.39417150117566,7933833
2007-09-11,121.54811096191406,122.28663583753908,120.16339274103572,120.62496221549904,7070494
2007-09-12,122.77899932861328,123.85600800871086,120.96347544944365,121.20964718246768,8779270
2007-09-13,124.65606689453125,125.54845164393086,122.90208110819883,123.11748871554926,9371557
2007-09-14,124.16376495361328,125.02537607607796,122.90212219518133,123.82528116817618,7483332
2007-09-17,123.64060974121094,124.16372712135353,123.20980431124353,123.33289017730708,5066149
2007-09-18,128.25636291503906,128.4717607294392,123.70215651709147,124.19449997714315,10742968
2007-09-19,128.53330993652344,129.45645883274673,128.13327842157702,128.53330993652344,9280038
2007-09-20,127.75887298583984,128.5643356326748,127.17026187330156,128.5643356326748,6779139
2007-09-21,127.78980255126953,129.27681066780139,127.57294124167815,128.9050512409616,8004173
2007-09-24,126.55069732666016,128.06867801360517,126.30285428410008,127.78987308500236,6048238
2007-09-25,127.32512664794922,128.06862588213787,125.65223857560895,126.2408495337162,5558236
2007-09-26,127.85172271728516,128.56424992636582,126.89136253033467,127.57290815127998,6675956
2007-09-27,128.22352600097656,128.65723882608629,127.4180635530345,128.25450760211524,4793406
2007-09-28,128.2545166015625,128.5643129074661,127.32513754746304,127.82080374601972,6201416
2007-10-01,130.17526245117188,130.39211398800867,127.88279105535662,127.88279105535662,9151168
2007-10-02,130.48504638671875,130.57798134170912,129.49370403357645,130.20623165813538,4025008
2007-10-03,128.71922302246094,130.45406474224174,128.56432485511425,129.95839849762217,5492904
2007-10-04,129.1838836669922,129.71053141998692,128.4094028377188,129.21486526742964,3348505
2007-10-05,129.40078735351562,130.26820340435725,129.15294433251864,129.89645366828228,4546392
2007-10-08,128.6572723388672,129.49371660582582,128.2855226192011,129.30783681418615,3027603
2007-10-09,130.17526245117188,130.20624406032377,128.56433713863214,128.59531874778403,4078676
2007-10-10,129.52464294433594,130.36108685436758,129.18386511568198,129.86541090938084,4011341
2007-10-11,128.87413024902344,130.3921106957805,128.1616025745864,129.95840763305733,6204672
2007-10-12,127.10829162597656,127.13926336703614,124.28916287311812,126.58163393739872,10726421
2007-10-15,126.45768737792969,126.8294468185558,125.18754052388715,126.70553029288358,8304313
2007-10-16,126.30279541015625,126.5816100724088,125.71419435043082,126.33377700898652,7358531
2007-10-17,127.01535034179688,127.44906322841376,126.30282273261284,126.79849883029446,9212014
2007-10-18,126.36482238769531,127.01538697343953,125.52837797876066,126.79853539939643,6722446
2007-10-19,124.04134368896484,126.3647966187685,123.51469580487259,125.55933398855528,11829179
2007-10-22,124.44403839111328,124.66089972074461,122.92604853813404,123.42172453185563,5948247
2007-10-23,125.40438842773438,125.74516626139268,123.97934349104197,124.72284262402691,5610318
2007-10-24,124.63001251220703,125.40449389297451,122.05872525353088,125.21861402159863,8592454
2007-10-25,124.41307830810547,125.62128197051699,123.04998635095515,125.09462428668061,9161977
2007-10-26,125.09459686279297,125.46635630677982,123.79346839966769,125.00166193360104,5365787
2007-10-29,125.65228271484375,126.02404232614063,124.908783219478,125.37346793817811,5579896
2007-10-30,125.40438842773438,125.93103611283433,124.8777407426344,125.4353700241777,5397358
2007-10-31,127.51107025146484,127.69694022129862,125.34251493689075,125.8381813412681,7146364
2007-11-01,124.97066497802734,126.95334889026809,124.44401733797825,126.67453427334699,7943599
2007-11-02,124.93975830078125,125.55934118120224,123.82449925240999,125.46640621504245,7706788
2007-11-05,124.5370101928711,125.59030587956026,123.76251936711833,123.76251936711833,6196638
2007-11-06,124.47502136230469,125.43538189768998,123.8244570934592,124.5369845610567,8791143
2007-11-07,121.0672836303711,123.70053198623627,120.78846898253114,123.60758719455,9748714
2007-11-08,120.88140869140625,121.81079746336923,116.1725509527323,121.4390380091401,11052894
2007-11-09,118.89872741699219,120.04496758412958,118.06228348912586,119.33244017924983,8905969
2007-11-12,118.49604034423828,120.94340984521541,118.24820720604542,118.46505873606094,7713820
2007-11-13,121.47004699707031,121.59396355521787,118.49602987430482,119.27051082863008,8774950
2007-11-14,120.8504638671875,123.76251777090101,120.2618528199294,123.60761960774825,8292169
2007-11-15,118.68190002441406,120.6026114518376,118.12427062613872,120.6026114518376,8678256
2007-11-16,119.7352066040039,119.79715995193635,117.3188188987836,119.27051210825594,10470893
2007-11-19,118.21721649169922,119.30149378548175,117.72155025349423,119.20855883172136,7389768
2007-11-20,117.845458984375,119.6112821701889,116.17257074614768,118.18622703460011,9034443
2007-11-21,115.15022277832031,117.690526126741,114.43769542062387,116.63723081929933,13457474
2007-11-23,116.69923400878906,117.31882671104505,115.11929037253935,115.7698548190179,4903100
2007-11-26,113.78716278076172,116.94704957864187,113.1365885683875,116.94704957864187,8761972
2007-11-27,116.0177001953125,116.6992463215352,114.00404342774854,114.1589416196556,9272902
2007-11-28,119.1465835571289,119.76617615576656,116.35844645409288,116.7611776977629,10838806
2007-11-29,118.15526580810547,118.7128854068542,117.10196023274982,118.61995045099815,7452220
2007-11-30,118.61994171142578,119.79715389878102,116.63726699636248,119.79715389878102,11309193
2007-12-03,114.4067611694336,118.34113926676044,113.38444703353882,118.34113926676044,14271882
2007-12-04,112.30020141601562,114.06602531085797,111.74257177936904,113.75622887636199,12270729
2007-12-05,113.72521209716797,114.12794339204493,112.26918508701473,113.38444401547781,12024028
2007-12-06,115.42906951904297,115.52200446508435,113.19855190515906,113.69421810219488,7422945
2007-12-07,115.33614349365234,116.1725877350866,114.46872750756762,115.39810671017915,6802363
2007-12-10,115.89376831054688,116.14160143942584,114.77850936697897,115.42908365980193,9335166
2007-12-11,114.71653747558594,117.56663772427372,111.99035377130971,115.8627679772956,13884501
2007-12-12,115.39811706542969,118.15528317602812,114.15894139621257,117.56667202065618,10717052
2007-12-13,116.42041778564453,117.07099208746625,113.84913177663726,114.62362264461248,7509039
2007-12-14,114.34481811523438,116.20357663712656,114.22089167440224,116.11064167011601,8729921
2007-12-17,113.01268768310547,114.3138264245836,112.39310485164877,114.06599329200091,8424064
2007-12-18,114.0040054321289,114.40673665141816,112.26916401546838,113.6322558136182,8809463
2007-12-19,113.29148864746094,114.68556217824171,112.51700773641005,113.94206287089963,8352117
2007-12-20,114.10385131835938,114.51003567294642,113.16652652978567,114.35381321686073,7023962
2007-12-21,116.04097747802734,117.47821591279829,114.51001950994998,114.6974784724408,15856253
2007-12-24,117.25948333740234,118.009348921263,116.07220693988864,116.85330904762627,3540182
2007-12-26,117.322021484375,117.75944241450078,116.85335407039567,116.88460055424923,4517242
2007-12-27,116.19718170166016,117.29072862058578,115.94722982555214,116.85330786342804,4876350
2007-12-28,116.66588592529297,117.41574179139775,115.79104413356347,116.69713240669915,4746437
2007-12-31,115.82229614257812,116.54091550951335,115.47860472658869,116.54091550951335,5035308
2008-01-02,114.85376739501953,117.00961634725223,114.19764075059368,115.91606862389422,8119960
2008-01-03,114.97863006591797,116.29088206100153,114.6661853250181,115.00987652959496,5628910
2008-01-04,112.60411071777344,114.57249940609152,112.41665176036896,114.16632506779686,8498995
2008-01-07,113.04155731201172,114.04137512196394,112.197961967484,113.13529676003101,9913557
2008-01-08,110.60449981689453,113.82265841215553,109.979619964773,113.82265841215553,9403879
2008-01-09,111.8542709350586,112.29169181124661,109.82339895412161,110.85445321062033,10162115
2008-01-10,112.22921752929688,113.19778893493167,110.5107901664917,111.22939963846122,9457776
2008-01-11,109.88585662841797,111.22935547925499,109.29222338498873,111.10437953601,9602191
2008-01-14,110.79195404052734,111.72927866826385,110.13581784796696,111.72927866826385,7095763
2008-01-15,107.8862533569336,110.19832369538261,107.32385652488655,110.16707721628225,11248410
2008-01-16,107.97999572753906,109.60469345929434,107.19889334448928,107.26137636220392,12595219
2008-01-17,103.76201629638672,108.72984833518086,102.85593804030381,108.54237940898379,17008840
2008-01-18,107.19889068603516,109.29225576447101,105.60543947662416,105.9803674174372,19254566
2008-01-22,106.38652801513672,108.41739986555034,103.69951991864066,103.73076639663306,15355902
2008-01-23,108.07369232177734,108.41737365278121,103.88696372123293,105.44917781581192,16680072
2008-01-24,108.2612075805664,108.60489903834188,106.07411267889724,108.26120758056642,11180678
2008-01-25,106.2303466796875,109.6359654001997,105.82417215243271,109.19854438286146,11027625
2008-01-28,108.47991180419922,108.57364130663844,106.66774508674628,107.19889551380398,7897964
2008-01-29,108.60490417480469,109.57347567260462,107.79255516993284,109.26103068674846,7498481
2008-01-30,109.1672592163086,111.60430529434763,108.01121918168192,108.35490057568998,10733453
2008-01-31,110.47949981689453,111.44807083797124,107.79250211529079,108.13618347222105,11591429
2008-02-01,112.97906494140625,113.41648581879389,110.47952559742562,111.19814489970958,11735803
2008-02-04,110.51073455810547,113.26022491341897,109.94833789925164,113.01026310553308,9149645
2008-02-05,106.8864517211914,109.63594333634217,106.79272221774715,109.63594333634217,11517563
2008-02-06,106.85519409179688,108.16745674284682,106.23031422077808,107.66754289809147,7901407
2008-02-07,106.94892883300781,107.76127760359974,106.2928025102897,106.48026148938638,10770156
2008-02-08,105.73040771484375,106.82395492309631,104.79308295747586,106.57399303291682,8561280
2008-02-11,106.26158142089844,106.82397838844537,104.8243425154024,106.04286596244003,6718544
2008-02-12,107.38632202148438,108.26115357699722,106.542726989144,107.01138426404155,7849367
2008-02-13,109.29222106933594,109.66714889112703,108.07369818756162,108.26115712448835,8967149
2008-02-14,107.44881439208984,109.38595649881539,107.07388654986694,109.32346355114248,8739144
2008-02-15,107.38632202148438,107.82373282527213,106.542726989144,107.35507555037458,8319691
2008-02-19,107.10517120361328,108.94857454594968,106.57401080286472,107.9800031473191,6958839
2008-02-20,107.35504913330078,107.63624740821922,105.60537650488327,106.38647840279674,7558409
2008-02-21,106.22003173828125,108.33245442884457,105.52640115619367,108.33245442884457,11354139
2008-02-22,105.77867126464844,106.56689499730874,104.51752333090106,106.28313646125284,8347485
2008-02-25,107.85952758789062,108.0487032278313,105.77863570256598,105.77863570256598,8163007
2008-02-26,107.00825500488281,107.6703647423696,106.4722690562552,107.41812720315723,9732334
2008-02-27,107.26052856445312,108.08027323628957,106.34619101920602,106.56689768532158,6852234
2008-02-28,106.72457122802734,107.1975056516253,105.99941916576196,107.13444371307371,6844889
2008-02-29,104.48600769042969,106.40925562595581,104.32836293593434,106.37772466735481,10880580
2008-03-03,105.30573272705078,105.62101213868311,104.48598818749282,105.1165570492652,7200073
2008-03-04,105.68408966064453,105.93631724262418,104.48600362698659,104.58058646060167,9369846
2008-03-05,106.15699768066406,107.03979399950641,104.95890190447507,106.34616330116263,9081788
2008-03-06,103.60319519042969,105.90478438278494,103.41401948808868,105.74714967576128,10920685
2008-03-07,101.61690521240234,103.88697392792595,100.92327422027134,103.00416719666433,11879425
2008-03-10,99.94585418701172,102.31050503237894,99.78821949736076,102.27898411755349,11598774
2008-03-11,105.30573272705078,105.30573272705077,101.86910984374894,102.18438925538128,13954882
2008-03-12,107.07132720947266,108.64775425993872,105.46336920875561,105.46336920875561,14740954
2008-03-13,107.98567199707031,108.80541660539994,105.02198304034276,105.65255195501611,13465194
2008-03-14,106.62993621826172,108.99458710294648,104.23375437971931,108.83694237216642,15253094
2008-03-17,108.23792266845703,109.4990708055292,103.5086297025748,104.01308494199938,16996529
2008-03-18,113.9445571899414,114.19678468118047,109.43596317815255,110.06653190625023,17462054
2008-03-19,112.21049499511719,115.4894727310593,112.08438123900453,114.13374232396835,14491311
2008-03-20,118.20097351074219,118.9891973010895,114.76434990805926,115.2057532229518,23116525
2008-03-24,117.91717529296875,118.76845067711504,116.78215148594678,118.64233692077926,9806471
2008-03-25,117.50732421875,118.32706880168521,116.40382112337504,117.44427234849019,9411349
2008-03-26,117.06594848632812,117.4442898798883,115.99396614680968,116.71912801334899,9280998
2008-03-27,116.12001037597656,117.75950884284984,115.77320014928472,117.47575045805482,7792214
2008-03-28,115.42643737792969,116.84523000860455,115.11115793439762,116.24618200042877,7158904
2008-03-31,116.68761444091797,117.53889023215227,115.20576956646082,115.33188338310539,8556001
2008-04-01,121.16466522216797,121.16466522216798,117.6649799219743,117.79109371275965,10569987
2008-04-02,119.87198638916016,121.44842383267029,118.89459698111554,120.6286791728276,7766904
2008-04-03,119.30448150634766,119.90352960304789,118.45320580214529,118.9892020162251,6758857
2008-04-04,118.42164611816406,119.43055621793485,117.66495350482904,119.24139059348128,6318643
2008-04-07,117.47581481933594,119.49364552010317,116.9713496152622,119.39906268618714,8234933
2008-04-08,116.49842834472656,116.90830068671013,115.23728036050574,116.34078359188528,7739903
2008-04-09,114.89045715332031,116.34078081402329,114.16530536147806,116.34078081402329,7215535
2008-04-10,115.86785888671875,116.87677936498325,114.0076727345392,114.76435556435486,9265932
2008-04-11,101.0493392944336,104.07609946807268,100.29265677990341,102.46813155731034,76411640
2008-04-14,100.10352325439453,102.21594706372659,100.10352325439453,102.08983325823769,20461071
2008-04-15,100.82866668701172,101.23853898936515,99.47293599757411,101.01784237983196,13547303
2008-04-16,101.61690521240234,101.99525669066358,100.9548051832116,101.96372572772331,16584567
2008-04-17,100.95478820800781,102.15287425168509,100.89173633124021,101.23854674973524,12741325
2008-04-18,103.06717681884766,103.949973063604,101.74296739395432,102.21590148252463,15032914
2008-04-21,102.34207153320312,103.2248783021237,102.08984389594336,103.09876448349381,6962261
2008-04-22,101.93214416503906,103.09870890665121,101.5222719658116,102.46813011491298,8555646
2008-04-23,102.02676391601562,103.16179812137702,101.7745363233819,102.43663626367284,8738768
2008-04-24,103.4455337524414,105.21113654818507,102.24744793363452,102.27897888535487,11383644
2008-04-25,105.08501434326172,105.27418999988883,103.4455254475153,104.07610427726797,8656034
2008-04-28,104.58052825927734,106.12543388726581,104.13912521720869,105.52638618456525,7853227
2008-04-29,103.4770736694336,104.86433528024779,103.25637706528471,104.64362863759065,8366599
2008-04-30,103.09870910644531,104.92736351361557,102.7834197099652,103.57163316265948,8429802
2008-05-01,104.42294311523438,104.95892924376979,102.90956756451399,103.41402273525101,8764163
2008-05-02,105.11658477783203,105.9993914556955,104.58059859431148,105.33728142804271,8486225
2008-05-05,104.61206817626953,105.1795849878438,103.91843763306814,105.1795849878438,5734535
2008-05-06,104.04457092285156,104.58055689264685,102.84647518942083,104.26526748505914,8882516
2008-05-07,102.6888656616211,104.35988587698063,102.46815900687977,104.07612734839094,7943182
2008-05-08,102.75190734863281,103.41400717019849,102.31050412141975,103.16177962279326,7184653
2008-05-09,101.74303436279297,102.34208259491699,101.33316189831665,102.34208259491699,8105938
2008-05-12,102.15282440185547,102.56270657411714,101.5222557493459,101.9321278831032,6402045
2008-05-13,101.93214416503906,103.09870890665121,101.71144761103427,102.56272295677729,7712443
2008-05-14,102.49969482421875,103.1617947428259,101.93217774012426,102.2159362821715,7404583
2008-05-15,102.05827331542969,103.13024537692917,101.42770446704984,102.97261069371483,11348171
2008-05-16,101.30159759521484,102.34203877551431,100.79713244365337,102.31050782132144,11856472
2008-05-19,102.15282440185547,103.09869243837637,100.89168709683634,101.30155923059365,12127858
2008-05-20,100.0089340209961,101.74300626457271,99.47294787228132,101.67995438511142,14309545
2008-05-21,97.70734405517578,100.19810910619,97.45510642338792,100.16657814740282,19887688
2008-05-22,97.77039337158203,98.52708617009266,97.10829344695361,97.77039337158203,11318416
2008-05-23,95.94172668457031,97.64427792348425,95.68949910217769,97.61274696605787,13034912
2008-05-27,95.84709930419922,97.07671572575956,95.24805154555268,95.91016118974287,13716340
2008-05-28,96.3200454711914,96.729917663375,95.24806355136018,96.38309732617806,13229761
2008-05-29,96.60379791259766,97.67576972731811,95.40570231872876,96.0047501156632,13259036
2008-05-30,96.85608673095703,97.5181867982556,96.38315237516574,97.07678340721938,10440783
2008-06-02,95.87869262695312,97.3920684410737,95.15353066392359,96.95066507059873,10614787
2008-06-03,96.03629302978516,97.10826497810918,95.37419329926189,96.35157240143512,10940821
2008-06-04,96.00479888916016,96.88760556066221,95.5318645926033,96.03632984996601,9372851
2008-06-05,97.92806243896484,98.18029008826147,96.03634503072831,96.35162457309315,11561132
2008-06-06,94.64906311035156,97.2974729506585,94.58600119197078,97.2974729506585,14511071
2008-06-09,94.77516174316406,95.68948914381089,94.20764472258735,95.31114780959581,12279785
2008-06-10,95.62641906738281,96.9190875561291,93.89233738166556,94.36527148827197,10293510
2008-06-11,94.05001068115234,96.00478952122802,93.95542784647427,95.78409289414273,14009489
2008-06-12,91.59078216552734,95.56339196092492,91.08632696563873,94.49141964190666,19949348
2008-06-13,91.90605163574219,92.69426522324969,89.82515933237589,92.56815145078879,24158020
2008-06-16,91.33850860595703,92.22130476155755,89.47831342498672,90.45570241185166,18078045
2008-06-17,90.99169158935547,92.18978718728849,90.70793316231925,92.00061155642928,13235854
2008-06-18,88.9423599243164,90.70796291698214,88.78471518663953,90.48726630733962,18368378
2008-06-19,88.97423553466797,89.99436600195537,88.62356156308137,89.80308836744932,11839466
2008-06-20,87.28462982177734,89.32488016803222,86.93396607556491,88.8148201189797,18717699
2008-06-23,87.34844207763672,88.62359292544117,86.96588667324485,87.9541361928312,12756098
2008-06-24,87.9540786743164,88.81481254623614,86.71079979822476,87.25274109164594,11934011
2008-06-25,89.22928619384766,91.3014187537183,88.14540303176905,88.43231447467801,17111314
2008-06-26,84.57492065429688,88.17724777433844,84.511163146201,87.95408888346903,18246811
2008-06-27,83.71418762207031,85.53129438577703,83.36351878609578,85.46753180194294,19047823
2008-06-30,85.08504486083984,85.30819375657602,83.87364121600632,84.00115632072016,16286368
2008-07-01,86.45580291748047,86.74271431803885,83.8417240874062,84.22427431315869,18621214
2008-07-02,84.5112075805664,86.90213315384366,84.35181118900788,86.71085545396333,12783704
2008-07-03,85.7863540649414,86.36017691755492,84.47931199509411,85.27628366814679,8067461
2008-07-07,86.39202880859375,87.57155555376893,85.56317601740713,86.39202880859375,16171229
2008-07-08,89.45244598388672,89.99438756981299,86.42393515364377,86.6470941390571,18587619
2008-07-09,86.67893981933594,90.34502492320026,86.51955364094738,89.7074497595069,13694514
2008-07-10,88.1135025024414,88.40041388275222,86.2964004771553,87.8265911221306,19319793
2008-07-11,88.17724609375,90.05810015926488,87.02960081985218,87.98596849808541,20435113
2008-07-14,86.6470947265625,89.67559542729066,86.13702429219447,89.67559542729066,12399056
2008-07-15,84.9574966430664,86.71084144180044,81.61020341139898,86.23266249444724,19659036
2008-07-16,88.24103546142578,88.71922457572461,84.2242854715023,85.43568368432389,17300508
2008-07-17,89.26113891601562,90.60005178748675,88.27288983467416,89.57993156162152,15343842
2008-07-18,89.26113891601562,89.86684291265763,87.92222604454449,89.64368400071508,11548445
2008-07-21,88.27290344238281,89.83497546659768,88.01787334660234,89.64369781973853,8778873
2008-07-22,90.8551025390625,90.9507464445578,87.98599852521875,88.68733641527588,14971609
2008-07-23,93.50103759765625,93.69230504658312,91.0144694112015,91.74768836554131,16353787
2008-07-24,91.5245590209961,95.28627816429697,91.42891512621875,94.80808914055189,12761732
2008-07-25,91.5245590209961,93.18226472990354,90.37691348404563,92.28964927893159,10014654
2008-07-28,88.27290344238281,92.2896528260442,88.14538839449257,91.49268123921833,10280865
2008-07-29,90.53630065917969,90.53630065917969,88.46416873283303,88.55980246788098,9544934
2008-07-30,92.35337829589844,93.56477583885756,91.04633689293793,91.588278166105,11566515
2008-07-31,90.1856460571289,92.32154103164945,90.1856460571289,91.4926880833367,11436894
2008-08-01,89.93062591552734,91.49269822982612,89.57996200622122,90.63196388418906,7814312
2008-08-04,89.8031005859375,90.63195353149146,88.49605856408013,89.70746683069615,7690763
2008-08-05,93.24600982666016,93.24600982666016,90.47254009766814,90.47254009766814,10900132
2008-08-06,92.44905090332031,93.02287370458751,91.58831670141953,92.9909924045065,8120252
2008-08-07,91.07823181152344,92.704055874366,90.82320178010245,91.7158068900759,8668324
2008-08-08,94.48932647705078,94.80810907653301,91.07827044719133,91.11015175215435,12727574
2008-08-11,95.4775619506836,96.88023781303325,93.94737102357932,94.42556012894582,10259080
2008-08-12,94.8080825805664,96.21075810644106,94.26614114784844,95.38190530933753,7887865
2008-08-13,93.43729400634766,94.55305823537209,92.70407490297663,94.29802815160316,8076997
2008-08-14,94.10677337646484,95.28630048801455,92.48094858491754,92.83161249777987,7488006
2008-08-15,94.99935150146484,95.79632292948381,94.10673619405078,94.55304384775782,8386588
2008-08-18,93.56481170654297,96.62519309881428,92.92723647900621,95.54131013697807,8775868
2008-08-19,91.5245590209961,93.24601717637456,90.66382486828324,93.0866309851734,8778331
2008-08-20,91.33328247070312,92.22589793232015,89.54806169751639,91.62019385836236,8485766
2008-08-21,91.6520767211914,91.8752255153804,89.89872706667295,90.21751975841221,7851433
2008-08-22,92.83158111572266,93.21413635503865,91.97085720237705,92.16212467198889,6228814
2008-08-25,90.28128051757812,92.57656146121812,89.83497278824478,92.57656146121812,8988161
2008-08-26,90.12188720703125,90.82322504813749,89.19739041872671,90.82322504813749,8407309
2008-08-27,89.96245574951172,91.14197202419753,89.45239575505771,90.1218520352895,6978704
2008-08-28,91.9071044921875,92.16213457911563,90.21751747872962,90.3769138205715,8906971
2008-08-29,89.5799560546875,92.06651501018118,89.51619344811387,91.74772227741056,9825293
2008-09-02,90.95075225830078,92.927250997535,90.66384082357166,90.98263356217046,12267495
2008-09-03,91.07823181152344,91.46077685865491,90.21749784294383,90.69568676439195,7741405
2008-09-04,88.30476379394531,90.82320315492898,87.98597117482088,90.50441053580454,12579611
2008-09-05,88.8786392211914,89.0380356253973,87.31656664003509,87.63535944844688,10449797
2008-09-08,92.73594665527344,92.9909767127911,90.05811075124585,92.06649021677805,17637497
2008-09-09,89.6436767578125,93.34164272792904,89.45240930593954,92.32151243444082,15129900
2008-09-10,89.54802703857422,90.63190957242331,88.46414450472513,90.44063200466736,11655030
2008-09-11,89.77120208740234,90.3131435133684,85.59505685786107,88.3047741377377,17130323
2008-09-12,85.27627563476562,88.4323010268292,83.93736253816442,88.40041972689875,32253567
2008-09-15,78.42227935791016,83.04473176341126,76.22263260254718,79.12361703426235,36064029
2008-09-16,79.88871002197266,81.06823152247418,70.6438054653111,70.6756867565512,38267188
2008-09-17,74.56493377685547,77.72095381306534,71.09012614482698,76.47767457683753,47563418
2008-09-18,80.08948516845703,82.48022013750199,71.68962125507015,76.6972321374821,43521716
2008-09-19,86.0016860961914,94.33693980824539,82.44789635188812,94.07847395616756,44005165
2008-09-22,84.48324584960938,88.78010301226507,82.86788829558984,88.45702841554741,11680633
2008-09-23,80.60636901855469,82.83556576031545,79.66946009395413,81.93096120239024,13375845
2008-09-24,79.44330596923828,81.0263587429327,76.9233494493377,81.0263587429327,12673134
2008-09-25,82.96479034423828,84.77398910460258,75.9218266386176,76.4387427743738,21889258
2008-09-26,81.5755844116211,83.3847884308971,79.21716499920592,79.96022717014549,9881778
2008-09-29,74.62953186035156,82.83555481477794,74.62953186035156,81.15557881717918,15998081
2008-09-30,82.38326263427734,84.16015707880524,77.11719317656846,77.11719317656846,15852789
2008-10-01,79.15255737304688,83.19095336731208,69.94501471184977,77.5371948607896,37959119
2008-10-02,71.56037902832031,73.95110837237165,71.1080766580665,73.7572667036298,108449617
2008-10-03,69.68651580810547,74.30643936101696,69.42806041665364,73.33722649988644,44834535
2008-10-06,69.0727310180664,70.65578427939421,63.61281839992441,66.35892689670155,38510467
2008-10-07,65.58354187011719,73.17572689740902,65.22816295272744,71.98036238313243,32972199
2008-10-08,66.71427917480469,71.04343919963247,64.29124626140552,64.67892947027427,28957749
2008-10-09,61.41592788696289,69.84809983362607,61.3836235129639,69.13734188737278,32785342
2008-10-10,69.46040344238281,69.46040344238281,59.44518018442943,60.414393513422496,57425936
2008-10-13,67.84503173828125,72.14188753718751,65.74506809886778,71.94804078340478,29696914
2008-10-14,67.36042022705078,72.33572387174299,63.8066319094135,72.0772684098012,31955618
2008-10-15,62.1912956237793,66.74660808288047,61.54515161131755,66.10046407041872,23900531
2008-10-16,64.25894165039062,64.4850927777174,59.15440967582155,63.031267775751175,31525190
2008-10-17,63.41896057128906,66.32660563440501,61.383610570064455,62.514361142210184,25992724
2008-10-20,65.066650390625,65.80971281781457,62.77283892218913,65.45433379354381,19737222
2008-10-21,65.74506378173828,67.94195065378521,64.29124408296002,64.38816231029935,21468053
2008-10-22,61.254371643066406,65.26045703730264,59.76824244377412,64.743540967883,24677672
2008-10-23,60.737464904785156,62.15898045668685,58.05597106184016,62.15898045668685,31979656
2008-10-24,57.603660583496094,58.89594819990961,55.794462035067305,56.408296338429274,26935668
2008-10-27,57.28059768676758,60.89900033335968,56.60214429748818,58.28211530166686,25192317
2008-10-28,62.96670150756836,63.32208064970632,57.280640376552974,59.348296164271986,29124533
2008-10-29,62.02976989746094,64.61434107159357,60.4144071275395,63.1282112320901,28621574
2008-10-30,62.51436233520508,64.51740286427871,61.15746059409802,63.93587795510879,19127616
2008-10-31,63.031246185302734,63.96815473862437,61.771268377311436,62.255874830909136,19182974
2008-11-03,62.35280227661133,64.22661950639832,62.02973300071016,63.903545087310405,11770545
2008-11-04,67.10196685791016,67.97426178395047,63.80663389943857,64.06509451262889,24384043
2008-11-05,64.38818359375,67.78043582205916,63.96819075461778,66.84352674122985,18168396
2008-11-06,59.25132751464844,63.80663342726703,58.152881488890536,63.80663342726703,26574682
2008-11-07,60.93130111694336,61.70667269969269,59.05748860162746,60.15592953419404,16478942
2008-11-10,59.60672378540039,62.64359699626828,58.47597306706459,62.48205970988053,16886585
2008-11-11,57.539066314697266,59.122119441148264,56.08524610845424,59.02519603678964,21704885
2008-11-12,52.62837600708008,56.69908193677557,51.8530041837842,56.472930750149786,36960086
2008-11-13,54.469879150390625,54.6960303138494,47.10384501206448,53.01605905933683,62783335
2008-11-14,51.75605773925781,55.21292211682655,51.529906675770995,52.854498414498444,26770553
2008-11-17,52.04684829711914,53.306826801716056,49.753037319630465,51.52993206067326,20336645
2008-11-18,51.88530731201172,52.82221631656771,49.33304096974577,51.78838391733734,28194004
2008-11-19,46.6838493347168,52.33760750161245,46.6838493347168,51.27147077629725,37880558
2008-11-20,41.48239517211914,46.68384546555765,40.64240709441386,45.55309495453292,49061528
2008-11-21,45.326961517333984,45.42387978368177,41.353176302548185,43.80852219825862,35987992
2008-11-24,49.30073547363281,51.400704812609284,46.07002053500805,47.265385165162996,33221884
2008-11-25,50.948394775390625,51.94991759256801,48.751507508314326,51.49761530636257,25515826
2008-11-26,52.30527877807617,52.499120345154886,49.10686977693676,49.88224118843843,17284712
2008-11-28,55.47141647338867,55.53603037357004,52.337624313425906,52.88684503656275,12312753
2008-12-01,50.07610321044922,52.91913459499693,49.81764768210448,52.85452071291075,21816352
2008-12-02,56.8929328918457,57.474463140021925,50.94841289535627,52.14377777039052,45715402
2008-12-03,58.572898864746094,59.02520126758338,54.46988829325732,55.148341897513255,32802933
2008-12-04,56.6990852355957,58.831359159514975,55.3098788047952,57.60368489153999,23398574
2008-12-05,57.668296813964844,59.122122232025525,54.857574529967046,56.1498626475344,22370391
2008-12-08,60.995914459228516,62.352816003098205,59.283634062040285,59.50978517654988,27420682
2008-12-09,57.44213104248047,60.28516212226087,56.82829665686909,59.057493351038126,23098893
2008-12-10,58.152870178222656,59.6066947614309,57.08673386493217,58.24979353149877,16053668
2008-12-11,55.08371353149414,56.89291238114459,54.88986675652633,56.2144640983228,16817622
2008-12-12,55.27756881713867,55.85909899930625,52.98375760667316,53.629901682060485,15039028
2008-12-15,54.76065444946289,55.277570756546666,53.82375039331038,54.76065444946289,13297868
2008-12-16,57.89444351196289,58.57289189226691,54.95449367305982,55.34217699232233,24789578
2008-12-17,56.18214416503906,57.47443175686279,55.30985441226747,56.92521133045335,21072075
2008-12-18,51.562225341796875,56.731365506051745,50.94838589703134,56.666751639737626,32057675
2008-12-19,53.30680847167969,53.46834570437095,51.69145157432954,52.2083624898416,28443439
2008-12-22,51.917606353759766,53.726810295161464,50.88377920380762,53.500659159587705,15137016
2008-12-23,53.0806770324707,53.3068282133539,52.27299571308483,52.56376078233617,13593897
2008-12-24,53.0477409362793,53.44287964293491,52.42209678759735,53.01481008967669,4880794
2008-12-26,52.586734771728516,53.113591564943235,51.9610959337266,52.850160547288205,6191735
2008-12-29,51.565948486328125,52.685518439746424,50.54516581300688,52.520874720283,11664837
2008-12-30,52.092838287353516,52.191620388015934,51.20376792880188,52.02698180621247,12188036
2008-12-31,53.344093322753906,53.80508844366478,51.9281666318603,52.092810367519085,12581990
2009-01-02,56.208885192871094,56.208885192871094,53.574605541101874,54.3648883882132,11917130
2009-01-05,54.76004409790039,56.768679877104155,54.331974349614285,56.538179572158185,15133594
2009-01-06,55.51738357543945,55.912527613994584,54.20024901181565,55.51738357543946,14854133
2009-01-07,53.0477409362793,54.990519349242554,52.71845343863702,54.89173205153069,14774883
2009-01-08,53.14652633666992,53.344100944528,51.7635302921446,52.85016966697905,12966158
2009-01-09,52.68552017211914,53.96972864513241,52.125732555955906,53.377015429250854,11091079
2009-01-12,52.125728607177734,53.344085788457846,51.63180271205878,52.586728905072626,13639511
2009-01-13,49.19511032104492,51.66474561540928,48.4706841078206,51.53303271156776,26938568
2009-01-14,46.462039947509766,48.20724868039386,46.16568335195624,48.042604962398585,21022831
2009-01-15,45.34247970581055,46.56083718914839,43.630201446994654,46.36326258844189,29309595
2009-01-16,45.9681282043457,47.21940616892458,43.00456657744872,46.758410955378466,26915928
2009-01-20,42.57651138305664,46.396216369093985,42.14844160676221,45.93521572903907,24783172
2009-01-21,42.90576934814453,43.56433902876263,39.118997616161955,39.118997616161955,30765911
2009-01-22,44.387569427490234,44.65099530371425,39.74465428540919,40.79836565345128,31624138
2009-01-23,39.61293029785156,43.43263064813718,39.08607345026517,41.78620627573962,68118303
2009-01-26,40.89713668823242,41.654491071347834,40.0739258580718,41.094708650415825,25927684
2009-01-27,43.004554748535156,43.43262423584495,41.6544872245948,41.91791560949604,24889485
2009-01-28,44.45340347290039,45.27661154189798,43.36676441846402,43.82776209036351,24082819
2009-01-29,41.8849983215332,43.95948985858749,41.786211013255766,43.893633400434695,16564828
2009-01-30,39.94222640991211,42.14843399967219,39.547087568694145,41.885008105526886,23242641
2009-02-02,38.26286315917969,39.61293090306755,37.90065005382304,39.61293090306755,29322178
2009-02-03,37.43965148925781,39.119001456546414,37.27500774241607,39.119001456546414,26280969
2009-02-04,37.077449798583984,38.78972851782512,36.846949530509804,38.06530472041069,21515086
2009-02-05,35.727378845214844,37.143300610075784,35.10173722794136,36.51766161385064,40646603
2009-02-06,36.55058670043945,37.70308252399554,35.398090876883366,35.892016909536515,45652678
2009-02-09,41.62156295776367,42.477702013708274,36.616438895486525,37.340865056992826,48605205
2009-02-10,38.26286315917969,41.62156578492824,37.406724045081425,41.29228090541783,40961620
2009-02-11,39.31658935546875,39.678802599993546,38.559234627921356,39.349517593966546,18270473
2009-02-12,38.4604377746582,38.69093537139983,36.87987234138012,38.69093537139983,27560903
2009-02-13,37.67015838623047,38.65801055878331,37.373801686045255,38.03237154844608,18069094
2009-02-17,35.59564971923828,36.87986069398337,35.26636492112537,36.87986069398337,27914940
2009-02-18,35.760292053222656,36.71521557207433,35.16757891520992,36.451787219507864,19881011
2009-02-19,34.09939193725586,37.217822567939685,33.72653566107668,37.08223944862513,32753229
2009-02-20,31.794469833374023,33.35368684656583,30.43862754465172,32.9130389121505,67793708
2009-02-23,29.997987747192383,32.54019137908722,29.760714472886164,32.4723970878101,46742478
2009-02-24,30.77759552001953,31.387725236317017,28.574352619914094,30.336947479611524,54563384
2009-02-25,30.540306091308594,32.06562687679905,29.523427366357602,30.81147501039204,40027398
2009-02-26,30.84537696838379,33.04861914400567,30.540312210548304,31.45550648405476,32411044
2009-02-27,28.845518112182617,31.18434390506229,28.47266170905404,29.15058293257237,66919435
2009-03-02,25.76096534729004,28.133685626798574,25.45590069465298,28.099789854068188,61717322
2009-03-03,23.761110305786133,26.743961025393386,23.21877503770509,26.574479399198644,86477332
2009-03-04,22.676443099975586,24.574621089977036,19.896969053280177,24.540725295339982,157102606
2009-03-05,22.574756622314453,24.303453010462803,22.13410857627792,22.879821484359876,92920379
2009-03-06,23.930591583251953,24.574616969501527,22.574751930910324,23.7272168495299,66658357
2009-03-09,25.11695671081543,26.54058803866329,23.320466282785564,23.557739519792733,55305052
2009-03-10,30.065784454345703,30.47253678086623,26.947349051666336,27.15072656395957,76934902
2009-03-11,28.777719497680664,31.7266742107702,28.16759000598476,31.2860236345096,52443001
2009-03-12,32.4384880065918,33.1503048399329,28.5743417953667,29.591223371291758,74075459
2009-03-13,32.60795974731445,33.82821565019444,31.52328693428883,33.55704677242215,45131002
2009-03-16,32.74356460571289,35.11628644397626,32.54018983572393,33.794342344851934,47197967
2009-03-17,33.896018981933594,34.0655006012497,31.99784157359306,33.387579520114265,31382570
2009-03-18,34.98068618774414,36.23483808464293,32.87913443342898,33.65874003587825,41608160
2009-03-19,34.336673736572266,38.47198992015991,33.726546800083455,37.96355035674173,60035025
2009-03-20,32.336814880371094,34.13330564519498,31.387727150543927,34.06551404993098,52742223
2009-03-23,35.35356140136719,35.421352994612455,33.15031843250302,34.845119055896696,44413809
2009-03-24,35.285762786865234,36.980563073022964,34.06550625706388,34.64173738305413,41000828
2009-03-25,35.556915283203125,37.59067807364877,34.20107612096993,36.40431509685686,43723054
2009-03-26,36.9466552734375,37.285615760101116,36.09925540581048,36.77717637913772,33313403
2009-03-27,36.539913177490234,37.38731327583224,36.09926523427498,36.506017389401734,21835778
2009-03-30,33.65876007080078,37.86186877933884,33.15032039332191,35.014602808165286,32184208
2009-03-31,34.268863677978516,35.45522381835464,33.658734372384586,35.014576074565056,27697868
2009-04-01,34.472259521484375,34.77732436195442,33.21810706406889,33.590963491740006,23778401
2009-04-02,36.404327392578125,37.285625978659255,35.828096295972,36.438225878792416,30600275
2009-04-03,37.08225631713867,37.25173799144229,36.302647630311995,36.64160828085386,25811814
2009-04-06,37.92963409423828,38.06521989286345,36.133147219544604,36.77717234333881,27455737
2009-04-07,36.09926223754883,36.98055805081988,35.828093257286746,36.94666226554519,22431822
2009-04-08,36.06537628173828,36.50602430847054,35.28576761181228,36.37043843235386,20000846
2009-04-09,38.40420150756836,39.42108071832662,37.590697059735646,38.09913666511478,31393942
2009-04-13,41.11588668823242,42.09887293440696,38.13303754749598,38.77706311216432,39756847
2009-04-14,39.014320373535156,42.370027545899774,38.70925559458116,42.3361317591343,38304601
2009-04-15,40.09897994995117,40.505731950291015,37.76015527348113,38.94651549931098,25082331
2009-04-16,41.590415954589844,42.13275120048402,39.69223854686347,40.87859908943439,27650544
2009-04-17,41.9971809387207,43.14964605036674,39.82783389395216,42.03107673335159,46630302
2009-04-20,38.47199630737305,41.0819888378933,38.133035642797516,40.67523927808124,29959536
2009-04-21,39.658348083496094,40.30237076851542,36.777187150140506,37.25173089122445,25750655
2009-04-22,39.99730682373047,42.302236543278426,39.0482166872941,39.52276310454465,27168388
2009-04-23,40.26848220825195,41.31925994346917,39.21770717110008,41.217572558854215,19799946
2009-04-24,41.0480842590332,41.8615912988045,40.50574893058391,40.77691794384101,20330803
2009-04-27,40.98029327392578,41.86159190526269,40.16678892043397,41.1158764334861,17052993
2009-04-28,40.675228118896484,41.62431556087494,39.929512702963784,40.505746484073,17222239
2009-04-29,41.42094802856445,42.60730896333113,41.04809158060548,41.251469051340095,21261958
2009-04-30,42.87847900390625,43.420817139537,42.437830954997175,42.47172675121592,23874949
2009-05-01,43.01404571533203,43.55638364325908,42.37002313575723,43.18352732958339,16698664
2009-05-04,44.40378952026367,44.64106273251635,43.420806279641376,43.929245793823085,24498640
2009-05-05,44.40378952026367,45.72573333636204,44.06482894478761,44.91222903444539,21996803
2009-05-06,46.33586883544922,46.77651683048149,45.115612226575585,45.65794759783105,26898296
2009-05-07,47.318851470947266,48.77637851872523,46.67482337400643,48.47131371409638,29658687
2009-05-08,49.250919342041016,49.3187109135315,47.92897560378278,48.74247985779779,26714214
2009-05-11,48.09846878051758,48.878080221524996,47.7934039032652,48.742497030775304,19507986
2009-05-12,46.369754791259766,48.505208249669096,44.94612634715942,48.267935043609235,24646018
2009-05-13,43.75975036621094,44.912214880405614,43.21741523520447,44.77663177216998,22249743
2009-05-14,44.20042419433594,44.674970748734644,42.37004036304138,43.28523227868866,18830606
2009-05-15,43.59028244018555,44.94612465567724,43.04794717282763,44.302099333512224,17397911
2009-05-18,45.65794372558594,45.759633791249925,44.33599985260303,44.43768722020212,16035619
2009-05-19,46.43755340576172,47.31884929137134,45.725733762371924,46.23417328129058,19218655
2009-05-20,46.67481994628906,48.74248184760909,46.57313528296689,47.556121203901085,23693100
2009-05-21,44.878334045410156,45.86131730352675,44.23431136880216,45.79352572683799,21999787
2009-05-22,44.40378952026367,45.420668548627106,44.13262052026987,45.285085397662584,11273971
2009-05-26,45.38676452636719,46.132477073177306,43.55637893891834,44.132609889782096,20010569
2009-05-27,44.03093338012695,45.75963205400678,43.59028543919498,45.65794199220341,22426334
2009-05-28,44.70884323120117,45.013905245290985,43.42079552196298,44.84442634857442,17210470
2009-05-29,45.691837310791016,45.86131354054233,41.42093595305499,45.1833951312141,17712970
2009-06-01,46.97987747192383,47.42052533460191,45.79351701146306,46.84429434435036,18028133
2009-06-02,46.77650451660156,46.94598613042275,45.92910723975323,46.437546685087995,13795924
2009-06-03,45.759620666503906,46.43754165218678,45.08169968082104,46.26806005673401,14260593
2009-06-04,46.607025146484375,46.607025146484375,45.52235463729512,46.16637724623914,12179961
2009-06-05,45.895206451416016,47.38663162736041,45.79351640900943,47.318840064465526,15786560
2009-06-08,45.963016510009766,46.40366454420925,45.21730362195977,45.75964173948633,12202809
2009-06-09,45.99690628051758,46.40365574443034,45.420669779113304,45.96300779379334,11344415
2009-06-10,45.42066955566406,46.67482182408641,44.47158208174036,46.50534557968802,17092221
2009-06-11,45.624053955078125,46.607034611477935,45.217299058947376,45.5223638820129,14904670
2009-06-12,45.79352569580078,45.827424182187,45.04781565466507,45.590150965872354,11985237
2009-06-15,44.57326889038086,45.28508309481196,44.098722490007276,45.28508309481196,15754509
2009-06-16,43.319122314453125,44.84444376971449,43.115747559386364,44.674964807158844,19070192
2009-06-17,41.52264404296875,43.14965324894343,41.14978754176074,43.08186164837211,27059613
2009-06-18,40.90747833251953,41.6593286346617,39.1645543631807,41.6593286346617,36750819
2009-06-19,41.351749420166016,41.932725839599776,40.77077572100317,41.45427371055871,25974466
2009-06-22,39.36961364746094,40.66826600560607,39.30126409603685,40.53156418248602,21374698
2009-06-23,39.64299774169922,39.848049029182135,38.44687293881596,39.40377169301428,18148427
2009-06-24,39.98474884033203,41.112524142426004,39.7113480252051,40.22397217333116,17243585
2009-06-25,40.531551361083984,40.77077743566545,39.36960119362021,39.71135156290615,15812851
2009-06-26,40.15562438964844,41.0100016339083,39.984750572959,40.66825128025853,14212371
2009-06-29,40.1898078918457,40.42903400749906,39.77970792234815,40.39485923673022,10995929
2009-06-30,40.05310821533203,40.804958601649815,39.472134400598165,40.46320817875342,18296035
2009-07-01,40.25815200805664,40.66825464255884,39.77970256149891,40.189802475729984,13391432
2009-07-02,39.16455078125,40.25814864773693,39.16455078125,39.77969924111504,14945527
2009-07-06,39.23289489746094,39.369593931852606,38.51521952636364,38.85696983261333,13662568
2009-07-07,37.626670837402344,39.43794394704563,37.45579432198451,39.19872063383946,20712926
2009-07-08,36.6014289855957,37.797554009166625,35.8837534273989,37.55833063661518,29145003
2009-07-09,37.11405944824219,37.55833418811944,36.328031560432905,37.387457614153426,17022820
2009-07-10,36.84066390991211,37.079890060082406,36.22551250677243,36.70396208684114,14630363
2009-07-13,39.16455078125,39.30124983449314,37.14822614455917,37.18240090786995,21233287
2009-07-14,39.779701232910156,40.08727683837863,39.16455274224424,39.540477877756594,14937556
2009-07-15,41.8301887512207,41.96688776325444,40.53153725581993,40.736588494140605,19248014
2009-07-16,42.377017974853516,42.71876847081486,40.668268215318854,41.24924215426271,19291311
2009-07-17,39.813880920410156,40.941656466382256,39.47213322793804,40.70243308165177,37749080
2009-07-20,39.882225036621094,40.770774296180676,39.57464945592099,40.01892408570078,19700936
2009-07-21,39.19873046875,40.36068072809492,38.686103514149636,40.2581537050121,21118273
2009-07-22,39.74553680419922,40.1214620374755,38.44688723482284,38.82281246809912,16307965
2009-07-23,40.8391227722168,41.28339739059028,39.54047367848887,39.81387176962902,21355000
2009-07-24,41.11253356933594,41.1808831087222,40.25815616619341,40.63408135308927,12464180
2009-07-27,42.10360336303711,42.30865468214279,41.11252969479457,41.590979145679626,16065833
2009-07-28,42.787109375,43.402260687409864,41.62515901177031,41.8643851266567,22016542
2009-07-29,41.8985595703125,42.51370815764986,41.385932573881334,42.51370815764986,16700542
2009-07-30,44.80342483520508,45.69197684257185,44.324975428328145,44.46167448164415,35274911
2009-07-31,45.79450225830078,45.96537880956762,44.940130383051105,45.24770327884338,22805139
2009-08-03,46.888099670410156,47.29819681243275,45.96537294004698,46.648873617292864,20663953
2009-08-04,47.2298583984375,47.2298583984375,45.76033513304127,46.68306208045352,23860406
2009-08-05,47.81084442138672,48.18676970631435,47.26404796370597,47.33239752091607,20806866
2009-08-06,48.9044303894043,49.31452758316122,47.91335401034501,48.49432775510512,25085273
2009-08-07,50.23726272583008,50.8524140585904,49.17783663953024,49.65628888513118,19982734
2009-08-10,49.7929801940918,50.68152956236989,49.177828957424715,49.96385674661983,17885075
2009-08-11,47.81084442138672,49.51959967327176,47.40074707812616,49.34872305997442,21434438
2009-08-12,48.289283752441406,49.00695663006614,46.75140552818445,47.16150820150056,19270257
2009-08-13,48.18673324584961,49.2803362148255,47.63993720190178,49.14363720383855,17482211
2009-08-14,47.57160186767578,48.35762413527171,47.05897226295553,48.22092508356301,13703549
2009-08-17,45.657798767089844,45.86284734440572,44.974300789099374,45.62362400420386,16960284
2009-08-18,46.4438362121582,46.64888483246662,45.96538399089568,46.23878215130691,12548208
2009-08-19,46.23877716064453,46.54635277818122,45.41858004766526,45.55527911311661,12594823
2009-08-20,47.19569778442383,47.434918511233946,46.37549766816928,46.68307339183276,13329501
2009-08-21,48.56266403198242,48.80189004998052,47.844991418528906,48.39179296816158,18908604
2009-08-24,48.52848434448242,49.55373232793095,48.01586035275815,49.07528580790693,17861058
2009-08-25,48.8702507019043,49.34870284694714,48.52850305583227,48.63102462938288,16091874
2009-08-26,48.22092056274414,48.87024371775587,47.87917296551197,48.66519515941657,13905555
2009-08-27,48.494346618652344,48.69940073583593,47.67414647155113,48.2209483831334,13316189
2009-08-28,48.118385314941406,49.109461337838155,47.776637776290954,49.041111830108065,15416873
2009-08-31,47.50324630737305,47.77664437606006,46.99061676777332,47.639945341716555,13999140
2009-09-01,45.58945083618164,47.434898977667665,45.418577015774034,46.956452280526356,21591205
2009-09-02,45.11098861694336,45.521088389812384,44.53001235188797,45.145163371326596,14691314
2009-09-03,45.965370178222656,46.067897177838766,45.418571301442775,45.62361986013374,11363237
2009-09-04,47.40073776245117,47.50326479838877,45.452762163438884,46.06791349797817,16115244
2009-09-08,49.55375289916992,50.20307616616876,49.07530618052841,49.62210243040442,29829143
2009-09-09,50.8182373046875,51.36503910181068,49.929687784701855,50.51066163383967,32145543
2009-09-10,50.5789909362793,51.05744299734948,49.62209225467996,50.98909348013104,25014432
2009-09-11,50.134727478027344,51.19415339079125,49.99802841325953,50.818228242408644,21120589
2009-09-14,52.45863342285156,52.66368748213089,49.212011250957154,49.7246355180698,29063311
2009-09-15,54.68000411987305,55.19262830841217,52.902900041584225,52.93707752640643,43651817
2009-09-16,58.097503662109375,58.712654878602,55.80778078360496,56.01282937558846,56123467
2009-09-17,57.2724494934082,60.228886258914294,56.20675488004628,58.33813863403578,53222730
2009-09-18,56.722412109375,58.02874284680941,56.48177050845782,58.02874284680941,25670466
2009-09-21,57.616233825683594,58.063137424884204,55.828619428881154,56.4817849647738,22806579
2009-09-22,58.475643157958984,59.09442871816335,58.131867929556385,58.647525299426775,20012885
2009-09-23,58.441280364990234,60.160140586419054,58.269392701026824,59.025691855183716,28025009
2009-09-24,56.9974479675293,59.02570421987694,56.172394669502054,58.647554563583775,25713283
2009-09-25,56.27549362182617,56.96303852426492,55.20979929668275,56.20673967885558,21645729
2009-09-28,57.616233825683594,58.131891403781545,56.51616469059034,56.61929292256849,15396466
2009-09-29,57.444339752197266,58.75067615140672,57.306831809698394,58.13188493742671,16855348
2009-09-30,56.447383880615234,57.95998178949736,56.06923987612836,57.856853596540454,25198785
2009-10-01,54.900413513183594,56.344257516036144,54.83165955807003,56.06924169558188,23681916
2009-10-02,52.80343246459961,53.83474781607146,52.08150734037991,53.11282816458852,27771213
2009-10-05,54.41913986206055,54.6941612032968,53.31907091531989,53.59408678382136,15461673
2009-10-06,55.27857208251953,56.378641017763485,55.00355621689223,55.48483398174001,19968545
2009-10-07,55.55358123779297,56.103618375342954,54.69415402515105,55.106677773762996,12709921
2009-10-08,55.75987243652344,56.894321439576174,55.69111844901143,56.58492575940394,16144082
2009-10-09,55.6223258972168,56.27549659909281,55.34731011078468,55.69108531655798,14691251
2009-10-12,56.13799285888672,56.688024472441526,55.93172553107011,56.241121050061466,12233295
2009-10-13,56.34429168701172,56.859949399459964,55.278596527341335,56.103649961805964,14740516
2009-10-14,57.89124298095703,57.99437667362736,56.92868191606263,57.65060681928475,19315745
2009-10-15,57.7193489074707,57.89123106288909,56.65365436930052,57.7193489074707,19265541
2009-10-16,55.27857208251953,56.413020737334264,54.48789325973893,56.206758838113785,38046360
2009-10-19,54.453514099121094,55.450454731160136,54.31600617871589,55.1754334176155,20708815
2009-10-20,53.55970764160156,54.38476064443603,53.18155812060517,54.316006683594345,21093129
2009-10-21,53.38783264160156,54.83167710654594,53.28469893955712,53.3190786644838,20174202
2009-10-22,52.734683990478516,53.559737452531266,51.9440047916119,53.28471598335546,26108093
2009-10-23,52.25337219238281,52.940917283431844,51.94397662777403,52.83778360431746,18380355
2009-10-26,51.600223541259766,53.11282213722496,50.981432211503794,52.39089709493095,20088087
2009-10-27,51.32520294189453,52.04712799557929,51.08456673006917,51.8064863110177,18250671
2009-10-28,49.571956634521484,50.947046965628545,49.331315005667506,50.77515930605642,22383767
2009-10-29,51.11894226074219,51.53147165495196,49.70947731993682,49.98449326758576,17455460
2009-10-30,49.02191925048828,51.35957061678756,48.643769684282,51.325190895889286,27094167
2009-11-02,49.74385070800781,50.15638009501076,48.78128943531594,49.15943909309521,21101580
2009-11-03,49.228187561035156,49.74384513243886,48.712529989631456,48.81566369300646,16084029
2009-11-04,48.78129577636719,50.15638661480923,48.64378778707037,49.64072891857771,16756317
2009-11-05,49.6063232421875,50.01885246707384,48.85002422384097,49.09066581563015,14719879
2009-11-06,52.70030212402344,53.25033956740118,50.98144127029724,51.49709897914139,34440387
2009-11-09,54.487892150878906,54.72853376477297,53.62846485191606,53.97223467695427,21473186
2009-11-10,54.24724197387695,54.969161156036336,53.21592182013515,54.83165326159961,15357551
2009-11-11,54.41913986206055,54.900423104672896,53.80035415793225,54.797289417617456,14877064
2009-11-12,54.14413070678711,54.797296211830236,53.83473507999419,54.31601838227994,13705343
2009-11-13,53.83473587036133,54.316019179712974,53.49096598706411,54.17851122639409,13652719
2009-11-16,55.00355911254883,55.65672456416687,54.21288024814302,54.316013939550096,20496752
2009-11-17,55.072322845458984,55.278584792102954,54.62541922469572,54.866060898815014,10858462
2009-11-18,55.31291580200195,55.48480335952116,54.831638302772575,55.0379000881566,9925805
2009-11-19,54.178504943847656,54.86605010344981,53.52533403222141,54.72853669334145,14558625
2009-11-20,53.59408950805664,54.04099305345542,53.112811713715296,53.834731141594844,13336846
2009-11-23,55.072322845458984,55.141076827673636,54.419151805315764,54.419151805315764,15421276
2009-11-24,55.41609191894531,55.69111331638311,54.728546634454666,55.27858395659436,16840157
2009-11-25,55.6223258972168,55.86296744671148,55.141048270960596,55.82859320977404,10050335
2009-11-27,54.797279357910156,55.27856251216835,52.59714186833101,53.25030717248102,12711194
2009-11-30,55.072322845458984,55.209830809888295,54.350397823101105,54.38477755057643,14641506
2009-12-01,55.587955474853516,56.206746509521814,54.86603624956286,55.931725231483945,20456042
2009-12-02,55.244178771972656,55.759841602264416,54.86603478613211,55.41606638206991,13630788
2009-12-03,55.00355911254883,56.069253857060126,55.00355911254883,55.41608293270706,15556969
2009-12-04,55.69110107421875,56.68803631848215,55.209817839051475,56.172378836651326,18446083
2009-12-07,55.27857208251953,55.82860928650887,55.03793046372827,55.24419236294876,13441469
2009-12-08,54.040985107421875,54.76290990188671,53.80034898200119,54.65977622475337,16453465
2009-12-09,53.83473587036133,54.28163945501548,53.35345803374522,54.075377525037155,12247755
2009-12-10,53.66284942626953,54.487897081012605,53.45658203984865,54.35038913855542,11639610
2009-12-11,54.728515625,55.00353686660937,53.93784255311348,54.040970730075784,11778704
2009-12-14,54.831668853759766,55.244192654376896,54.7285351672381,54.934802540281424,9151398
2009-12-15,54.14413070678711,55.07231758716587,53.8003608285369,54.419146609387276,16534655
2009-12-16,53.937862396240234,54.4878941363438,53.834728708603414,54.31601195392884,15137287
2009-12-17,54.2816276550293,54.831664821470824,53.4565746417342,53.59408256516099,14246133
2009-12-18,53.59408950805664,54.69416398344985,53.59408950805664,54.69416398344985,16526559
2009-12-21,53.52533721923828,54.28163639255888,53.42220899643517,53.93786652865644,11086780
2009-12-22,53.2159423828125,53.93786731665738,53.0440601847178,53.525338001212404,10050689
2009-12-23,53.31973648071289,53.561937200068094,52.97372601023264,53.49273620763554,8834920
2009-12-24,53.42354202270508,53.56194402520609,53.14673801770307,53.21593901895358,3876983
2009-12-28,53.07756042480469,53.38896782192843,52.80075078940547,53.215962488344,9545206
2009-12-29,53.42354202270508,53.73494928249143,52.93913501395157,53.14673801770307,10096595
2009-12-30,53.11214065551758,53.18134166444568,52.80073336118173,52.93914088735672,9379382
2009-12-31,52.35091781616211,53.077536585875144,52.35091781616212,52.835330329304135,9292057
2010-01-04,53.458133697509766,54.1155458211415,52.42010788697069,52.66231409304037,13997032
2010-01-05,53.73495864868164,54.21937125018813,53.45815459543173,53.4927523479284,13469263
2010-01-06,53.458133697509766,54.04634483488116,53.42353045022111,53.73493764255113,11573422
2010-01-07,56.2261962890625,57.02201598717673,53.3889389935749,53.5619387254243,38701038
2010-01-08,57.437252044677734,57.74865943679607,56.29542677635069,56.4338343459859,24019636
2010-01-11,57.99085235595703,58.406058443656214,57.22963568685596,58.233058661274505,15999249
2010-01-12,58.02544403076172,58.26764477939671,57.33342851446053,57.36802626070061,13484329
2010-01-13,58.23303985595703,58.54444707532766,57.33342144813856,57.990833628855725,13634482
2010-01-14,57.78323745727539,58.37144871499787,57.71403645685617,58.09464471332096,11969170
2010-01-15,56.883609771728516,57.95622785943917,56.57220256589351,57.7140271511828,15463551
2010-01-19,57.22964859008789,57.95626216154636,56.537632779578615,56.572236048848296,12665246
2010-01-20,57.09121322631836,57.714027643299,56.503002058422105,57.09121322631836,13457787
2010-01-21,55.43040084838867,57.02203527466381,55.18819453189299,56.987432011598926,20689097
2010-01-22,55.7418098449707,57.990856761671935,55.672603316777135,57.26424329883605,33944669
2010-01-25,56.641395568847656,57.19500340488159,56.12238546840762,56.95280273077496,15683126
2010-01-26,56.57223129272461,57.78325748222269,56.26082392875996,56.50303026832358,16279190
2010-01-27,56.39920425415039,56.7106114981696,55.46498252209278,56.36460100111808,16035807
2010-01-28,55.914791107177734,56.91821382523799,55.39578087599286,56.8490128283012,16512683
2010-01-29,55.63798522949219,57.091217132436434,55.6033819780403,56.122397699912824,16934723
2010-02-01,56.2261962890625,56.5376035180361,55.70718607687904,56.0531965572131,11881324
2010-02-02,58.302268981933594,58.6482741102446,56.191623928436144,56.29542271276939,24152512
2010-02-03,57.714012145996094,58.925037405689814,57.50640372387116,58.09462024213743,14768727
2010-02-04,55.49959182739258,57.09122596577178,55.39578756529362,57.02202496047864,22973529
2010-02-05,54.63456726074219,56.018598288548816,52.76612922902593,55.49958803020086,29943678
2010-02-08,53.977142333984375,54.80755965412336,53.52733318175563,54.77295640780569,14707965
2010-02-09,53.977142333984375,54.98056486907806,53.3889312131186,54.530755716849306,20361309
2010-02-10,54.2885627746582,54.91137729393083,53.63114500061791,53.873351259037065,14267709
2010-02-11,54.565372467041016,54.63457347547121,53.561949582325106,54.046362149655195,13958805
2010-02-12,53.80417251586914,54.49618832263639,53.11215670910189,53.9425745755585,15963297
2010-02-16,55.49959182739258,55.77639584856513,54.25396271547907,54.323163720772214,14490497
2010-02-17,55.880210876464844,56.122417195813206,55.56880353849118,56.018612913715465,12635303
2010-02-18,56.191585540771484,56.36458523258101,55.63797220535847,55.70717318374555,9876707
2010-02-19,55.94938659667969,56.22619054601958,55.361175450173874,55.845582361518694,13605102
2010-02-22,56.2261962890625,56.5376035180361,55.9147890600889,56.15699529465921,9387290
2010-02-23,55.18818664550781,56.46841355453273,54.87677935570193,56.01860424888394,13223146
2010-02-24,55.776405334472656,55.84560635153483,54.945987621407134,55.29199821503744,11820833
2010-02-25,55.42819595336914,55.532648122031205,54.697047400832645,54.871132501036314,13221769
2010-02-26,55.91566848754883,56.229019655217286,55.53268434292104,55.70676955667083,12637494
2010-03-01,55.35860824584961,56.229028915240036,55.11489001500398,56.05494367282118,13103625
2010-03-02,55.35860824584961,55.532693488268464,55.11489001500398,55.42824123427638,10973039
2010-03-03,55.811214447021484,56.71644866093989,55.5326825481859,55.63713478160062,17489514
2010-03-04,56.08974075317383,56.263820384035,55.60230448427856,55.95046928870257,9834703
2010-03-05,56.92534255981445,56.99497552159628,56.22900739929449,56.36827332285814,13601409
2010-03-08,56.64680480957031,57.34313996565985,56.54235813891298,56.99497515896593,11200334
2010-03-09,57.41279983520508,57.865417067390474,56.57719836480864,56.75128362109665,17462012
2010-03-10,57.4824333190918,57.83060383463521,57.16908207218446,57.41280032452398,14156346
2010-03-11,57.377967834472656,57.62168600710986,56.820898517402256,57.412781549019385,13543317
2010-03-12,59.327693939208984,59.39732690139124,57.447592874884656,57.76094397605567,23552817
2010-03-15,60.19810104370117,60.406999884313585,58.97951615941128,59.2580479468945,24611923
2010-03-16,62.91383743286133,63.22718863862135,60.75519825660499,60.8944697701567,47694123
2010-03-17,62.809364318847656,64.06276872552166,62.56565172217372,63.784236876350455,33490224
2010-03-18,63.33160400390625,63.57532208230129,62.356731690326086,62.983433736856085,18469808
2010-03-19,62.91383743286133,63.8538910501414,62.42640653489298,62.91383743286133,23953698
2010-03-22,62.91383743286133,63.12273638913347,61.97378381558126,62.18268831455701,13550662
2010-03-23,63.819068908691406,64.23687234510196,63.192366525427246,63.227185787921194,22447889
2010-03-24,64.23687744140625,65.94289395678106,63.610175008421955,63.9235262249141,25924408
2010-03-25,63.7146110534668,65.31618045106539,63.57534511327603,65.14209525447573,20379692
2010-03-26,63.85385513305664,64.86354116782357,63.29678602030583,63.78422218680035,17607011
2010-03-29,64.06278991699219,64.6198593423106,63.54053975568899,64.4805933716569,17510255
2010-03-30,63.7146110534668,64.34130778432524,63.54052585687714,64.30649407062874,11094292
2010-03-31,63.366432189941406,63.92350141894205,63.12271405583477,63.401251441685915,12356239
2010-04-01,63.819068908691406,64.06278711803894,63.296818770205725,63.610169961837805,9489535
2010-04-05,64.51538848876953,64.93319182295296,63.81905329359847,64.13240440856055,11659912
2010-04-06,64.75914001464844,64.93322528883839,64.09762373251345,64.23688973478347,11289975
2010-04-07,64.41093444824219,65.28134918566627,64.02794486911785,64.65464702739206,12616586
2010-04-08,64.61983489990234,64.93318598670015,63.54051572153247,64.0279464344501,12643441
2010-04-09,64.4805908203125,65.00284096095149,64.06278738217928,64.72430348796155,11395600
2010-04-12,65.1420669555664,66.08211995753139,64.55018419552918,64.61981713537475,14961176
2010-04-13,65.97769165039062,66.60439387847234,65.17690978105442,65.28135645726672,19319000
2010-04-14,67.3703842163086,67.54446391487357,66.18661233546611,66.88294775783748,17101736
2010-04-15,67.89264678955078,68.55416306733046,67.44002951380077,67.71856151650698,21517631
2010-04-16,66.04733276367188,67.71853521626419,64.93319964284456,67.68372150079912,35968107
2010-04-19,65.94287872314453,66.04733095208006,64.89837860459927,64.89837860459927,16308236
2010-04-20,66.15180206298828,66.8481375216771,66.08216907138981,66.29106804618523,12032812
2010-04-21,66.25623321533203,66.77848330099518,65.76880238864106,66.4999514000289,12187327
2010-04-22,65.97769165039062,66.1865905455172,64.79392570197138,65.83842572030623,15241639
2010-04-23,66.39551544189453,66.49996215029014,65.45546181011184,65.66436076960677,12055974
2010-04-26,67.1963119506836,67.44003022698128,66.49997639384945,66.81332767156006,13711791
2010-04-27,65.10729217529297,67.85781457694158,64.72430797325704,66.98739946312595,22875437
2010-04-28,65.97769165039062,66.46512794838796,64.93319163205577,65.00282459709796,17737613
2010-04-29,67.85779571533203,67.85779571533203,66.25622636496004,66.29104562033218,14620201
2010-04-30,65.66432189941406,68.58892777192851,65.4206038195878,67.75332688588159,23397927
2010-05-03,67.05702209472656,67.33555400130052,66.01252190237128,66.04733561934157,12552631
2010-05-04,64.6894760131836,66.39549758019795,63.88868856982511,66.36067832496403,19640048
2010-05-05,63.01826477050781,64.37611576355813,62.42638185702969,63.43606251789188,22326760
2010-05-06,60.267757415771484,63.19235894919691,52.74734080364281,62.67010887332461,38002124
2010-05-07,58.7706298828125,61.5907844993968,57.517230910276275,60.96408778447981,34526461
2010-05-10,62.809364318847656,63.95831651073158,62.25230062050522,62.80936431884765,28831112
2010-05-11,62.67008590698242,63.85385711549222,62.04338937121912,62.147836022496,17424077
2010-05-12,64.2020492553711,64.41095373247477,62.913830845845965,62.98346382397951,14169721
2010-05-13,62.84419631958008,64.16723395693118,62.53084515434684,64.09760098051301,13419602
2010-05-14,61.41667938232422,62.809343714013465,60.61589226460544,62.56563119729031,17468293
2010-05-17,61.13819885253906,61.69526842810932,59.50181494194,61.31228413416197,16433079
2010-05-18,59.98920822143555,62.21747957883266,59.362511578822094,61.69522960530397,16587071
2010-05-19,60.09367752075195,60.511480943997526,58.31802267168886,59.432161438541584,28157488
2010-05-20,56.61197280883789,58.59652542253552,56.5771535680678,58.52689248369525,32225001
2010-05-21,57.16905212402344,57.20387137441936,54.4881693807893,54.662249004664595,30542976
2010-05-24,55.741573333740234,57.06461074544412,55.602307404656024,56.82089259819578,15468058
2010-05-25,55.532676696777344,55.602309664149104,53.09550621065933,53.96592107415738,25505372
2010-05-26,55.741573333740234,57.41277556815464,55.602307404656024,56.92534481635991,17377275
2010-05-27,58.004676818847656,58.07430979868141,56.19420271506058,57.169069975436294,14631031
2010-05-28,56.92534255981445,58.109108452807185,56.26382110883454,58.00466178148531,14686326
2010-06-01,55.637142181396484,57.48242457066077,55.46305695011935,56.54237651571196,15259041
2010-06-02,56.92534255981445,57.0646084833781,55.53267223877452,56.26382110883454,13114183
2010-06-03,57.27352523803711,57.377977484649755,56.50755687675354,57.13425927102254,10816417
2010-06-04,54.697086334228516,55.98530479875129,54.174836204579094,55.98530479875129,23875137
2010-06-07,53.65258026123047,54.83634635447124,53.513308771405676,54.766713380910176,15277424
2010-06-08,53.89630126953125,54.14001948620521,52.39918379135388,53.82666828515348,18649508
2010-06-09,53.33921432495117,54.662245998612526,52.99104401094472,54.24444827304614,13949812
2010-06-10,54.59263229370117,55.25415390648535,54.03556846319207,54.279281117688264,16404158
2010-06-11,54.174808502197266,54.348893637296094,53.5132872059019,54.07035631259789,14784064
2010-06-14,53.58291244506836,55.288933221194696,53.443646574098786,54.90594930467856,15802898
2010-06-15,54.97561264038086,55.184511562351396,53.478495385537975,54.0355647201621,16502751
2010-06-16,55.18448257446289,56.02008336611451,54.38370102286749,54.69705201257432,18080111
2010-06-17,55.7451286315918,55.81520373023148,54.83414677138061,55.604978434312436,11902315
2010-06-18,55.8852653503418,56.23564075903592,55.569924693570115,56.060455843635836,12379671
2010-06-21,56.41083526611328,57.63715765063978,56.16556967362911,56.79625103204716,14861227
2010-06-22,55.32466125488281,56.65609901512145,55.25458617043806,56.37579309944827,13559426
2010-06-23,53.92312240600586,55.675015405964324,53.8530473553545,55.219524787784735,20360016
2010-06-24,52.83699417114258,54.13339190344436,52.55668818990471,53.888126261572026,20093951
2010-06-25,52.2413215637207,53.082227935008035,51.92598655514407,52.97711812478006,28008629
2010-06-28,52.5566520690918,53.29244848901515,52.24131154310917,52.41650196374211,12612768
2010-06-29,50.734710693359375,51.820882829445644,49.998919544601044,51.68073266567205,23976297
2010-06-30,50.52448654174805,51.47050295665165,50.27922096088634,50.69967146131148,17020191
2010-07-01,49.47335433959961,50.55952661347332,48.597412915949285,50.209151159592125,22343057
2010-07-02,48.632442474365234,49.96388021259387,48.176951644056984,49.61350479616216,16389280
2010-07-06,48.94779968261719,50.13908765693237,48.387198826841534,49.43833100931684,16099261
2010-07-07,51.22525405883789,51.365404256029514,48.91275907149019,49.01786893043626,19136692
2010-07-08,51.96101379394531,53.15230090163553,51.050032488124984,52.10116390593431,18451383
2010-07-09,52.3814811706543,52.52163131331291,51.68072487946814,52.3814811706543,9618112
2010-07-12,52.311397552490234,52.52162833243959,51.78583175840246,52.206287740408364,8010705
2010-07-13,53.29247283935547,53.78299843220983,53.11728233867468,53.32750759275512,12073355
2010-07-14,53.25742721557617,53.60780818211847,52.76690167146805,53.46765244876537,9541116
2010-07-15,53.4326286315918,53.537738480745894,52.13623106149796,53.11728792833995,16552955
2010-07-16,50.97996520996094,52.76689335517552,50.80477475430057,52.55666257722598,26169356
2010-07-19,51.22525405883789,51.64570465041277,50.69968245252635,51.295329157433706,10239675
2010-07-20,52.34645080566406,52.59171639092828,50.3142621946766,50.3142621946766,14038660
2010-07-21,51.99609375,53.25745129738604,51.2953370779428,52.94211051606549,13567606
2010-07-22,53.29247283935547,53.57277317812939,52.45156624513952,52.83698199990075,13417118
2010-07-23,55.04436492919922,55.53489055606611,52.66179515073343,53.29247653459973,23523583
2010-07-26,56.550994873046875,56.62106997146122,55.0093315521407,55.74512845233425,16891259
2010-07-27,56.691139221191406,58.05761744403319,56.41083885645192,57.11159534619535,14594265
2010-07-28,56.23563766479492,56.69112845998189,55.88526227537943,56.4108281484495,10950399
2010-07-29,56.58603286743164,56.90137358618255,55.850235997714485,56.58603286743164,14561213
2010-07-30,56.48091506958008,56.90137120293601,55.74512380857573,55.78015856591674,12546935
2010-08-02,57.49699020385742,57.70721540087582,57.146614875493434,57.18164961938349,14066329
2010-08-03,57.46196746826172,57.882423568871424,57.32181729402328,57.4269327136493,11495800
2010-08-04,57.74226379394531,57.84737361820056,57.35684808992468,57.49699824086065,9624330
2010-08-05,57.882408142089844,57.9524832105327,57.00646141971476,57.28676727137909,9723007
2010-08-06,57.63716506958008,57.63716506958008,56.37580219038387,57.181674158291464,12301507
2010-08-09,57.39190673828125,57.67221273477376,57.11160631968451,57.53205694757961,8329540
2010-08-10,56.93638229370117,57.25172286816774,55.920291084745,56.72615710335429,11108418
2010-08-11,55.00932693481445,56.16557432844197,54.448726194554915,55.99038938605827,16101202
2010-08-12,54.30856704711914,54.93924841850226,53.74796634179589,54.028266694457514,12153169
2010-08-13,53.88810348510742,54.37863456152314,53.747953342672396,53.747953342672396,8690943
2010-08-16,54.16841125488281,54.27352666518032,53.082239134086116,53.572770278282654,11774718
2010-08-17,54.5888671875,55.14946783336102,54.30856128667562,54.869167510430515,12709232
2010-08-18,55.00932693481445,55.149477119879336,54.343610766808844,54.5888763796198,8826991
2010-08-19,53.4326286315918,54.79910129375329,52.73187213302044,54.51880092548266,17180569
2010-08-20,52.66181182861328,53.1873779556493,52.171280468501614,53.1873779556493,13647106
2010-08-23,52.17125701904297,53.50269469954913,52.03110685854628,53.32750420998136,11597648
2010-08-24,51.05005645751953,51.680737835483995,50.48945016845172,51.64569750208841,18709916
2010-08-25,51.05005645751953,51.43547223539842,49.92884945727844,50.664640679640634,16021722
2010-08-26,50.80478286743164,51.89095494135079,50.59455763380351,51.36538906833364,12161933
2010-08-27,51.54057693481445,51.7157618316621,50.34928951562627,51.19019598533242,9697153
2010-08-30,50.8748779296875,51.575634561608815,50.83984316593415,51.400444009154526,7633548
2010-08-31,50.734710693359375,51.08508610279335,50.139069708374635,50.314260202038604,12357950
2010-09-01,52.59172821044922,52.9070689512455,51.15518028518487,51.61067122680272,16284553
2010-09-02,53.08222579956055,53.257416246749706,52.346434845994075,52.90704093026388,11358229
2010-09-03,53.92312240600586,54.51876870337964,53.25740663587219,53.92312240600586,13425548
2010-09-07,54.098358154296875,54.30858348241315,53.292491607569744,53.537751701423986,11552744
2010-09-08,55.00932693481445,55.32466764015785,53.677894598803235,53.92315463371938,15664242
2010-09-09,55.7451286315918,56.060469364418026,55.429787898765575,55.7451286315918,12625350
2010-09-10,55.990394592285156,56.340770087526785,55.394747883531394,55.92031949323683,9731541
2010-09-13,56.93638229370117,57.14661306194055,56.23562608131907,56.72615710335429,11749867
2010-09-14,56.62105941772461,57.041515507736136,56.44587449328953,56.69113450307749,10049083
2010-09-15,57.251747131347656,57.7072380257483,55.95534954129235,56.30572500702559,14305038
2010-09-16,57.28704833984375,57.56942809179162,56.863487140665065,57.11056169727159,9822142
2010-09-17,57.498809814453125,57.95767043718704,56.757575152855324,57.5694089433293,15128127
2010-09-20,58.41654968261719,58.59303068661172,57.2870420374126,57.42822908827281,9617507
2010-09-21,58.31065368652344,58.9460010029755,57.95768045775621,58.31065368652344,11300200
2010-09-22,58.24007797241211,58.84012590179696,57.8871046357178,58.2753719345838,9898909
2010-09-23,56.96937561035156,57.851803219221836,56.65170189592476,57.428236393598695,11096608
2010-09-24,58.804805755615234,58.804805755615234,57.53411129997834,57.64000437766821,17742517
2010-09-27,57.99298858642578,58.76952306131483,57.88709547833654,58.76952306131483,8465004
2010-09-28,58.02827835083008,58.31065243244192,56.96936430646355,57.992978781048066,11242067
2010-09-29,57.745933532714844,58.09890696711181,57.32237215443583,57.67533996966834,9206985
2010-09-30,57.35763931274414,58.91070821206518,57.00467166251746,58.098879806962906,12311585
2010-10-01,57.745933532714844,58.34598162819234,57.39296571748233,57.88712065880785,10106214
2010-10-04,56.82817077636719,57.78119162172193,56.47520321465826,57.569411084696576,9563943
2010-10-05,58.27534103393555,58.52242111477414,57.145839317593286,57.35761983581497,13064730
2010-10-06,59.65192413330078,60.0048916381262,58.09885587374988,58.204743315617755,15441016
2010-10-07,60.181396484375,60.42847662240021,59.47545564108634,60.00490986876253,12227265
2010-10-08,60.42848587036133,61.028533712281444,60.11081216130666,60.46377982738847,10756197
2010-10-11,59.86371994018555,60.922628344528256,59.72253290216132,60.852034825516135,10907873
2010-10-12,60.675533294677734,61.063800363326855,59.793111714485825,59.89899915737949,13515774
2010-10-13,60.993221282958984,61.73446165427193,60.64025369125822,61.06381480129914,12688095
2010-10-14,60.569664001464844,61.381492323271885,59.89901710610114,61.381492323271885,12078614
2010-10-15,57.53410720825195,59.263662178941345,57.00465309577724,59.22836261583503,42809302
2010-10-18,57.35763931274414,57.67531300752906,56.82818502782321,57.569425522041975,14082417
2010-10-19,56.72227478027344,57.392921541760515,56.404606800657604,56.828167852918796,15474923
2010-10-20,56.651695251464844,57.18115512618599,56.0516474697747,57.145855553539974,14534274
2010-10-21,56.82817077636719,57.78119162172193,56.545796727000045,56.792871210616084,12397595
2010-10-22,56.68696975708008,57.181129840637155,56.51048321021554,56.86345630394461,6535046
2010-10-25,56.68696975708008,57.6046908101212,56.68696975708007,57.39291032537918,11184664
2010-10-26,57.03996658325195,57.60472045233385,56.581105820611015,56.68699892705197,10306384
2010-10-27,56.863494873046875,56.969382377659244,56.43992799710886,56.687008206475795,10563101
2010-10-28,56.7575798034668,57.534114093130476,56.58109320513578,57.25174003112939,9236094
2010-10-29,56.545799255371094,56.93406640019198,56.404612224374524,56.72228023453646,7965550
2010-11-01,56.29872512817383,57.11055345231165,56.051644988075786,56.792879789208634,11028918
2010-11-02,56.263423919677734,56.72228461543664,56.05164335682618,56.47521010169039,10546909
2010-11-03,56.68696975708008,56.828156746908085,56.05162268369498,56.334002282510035,13721703
2010-11-04,58.27534103393555,58.557720677391046,57.11053975497638,57.18113888021019,18195585
2010-11-05,59.05186462402344,59.510725140748754,58.27533057738691,58.31063013366989,14570331
2010-11-08,58.98130416870117,59.44016494245508,58.66363046084661,58.66363046084661,9977825
2010-11-09,58.66362762451172,59.36956853903889,58.381253506365574,59.36956853903889,10418018
2010-11-10,58.41654968261719,58.84011083519781,57.78120233458479,58.73421773747193,10370026
2010-11-11,57.71060562133789,58.310653363929084,57.25174492180801,58.02827927780644,9727326
2010-11-12,57.35763931274414,57.85179964222332,56.863484602426794,57.35763931274414,10082344
2010-11-15,57.18115997314453,57.99298840204084,57.11056082186817,57.2870474617351,8176612
2010-11-16,55.98105239868164,57.03996088057719,55.62808477777024,56.96936735639491,15430374
2010-11-17,55.80458068847656,56.192847984796785,55.628099640449456,56.01636693676968,7573704
2010-11-18,56.61639404296875,57.18114779880499,56.47520700879989,56.47520700879989,10451988
2010-11-19,57.25175476074219,57.28704871799235,56.29873362755619,56.68700087228062,10279216
2010-11-22,56.58110809326172,56.9693753402579,55.69868610773722,56.9693753402579,13710497
2010-11-23,55.628055572509766,56.08691604836913,55.16918947749199,55.87512996785065,11674435
2010-11-24,56.263423919677734,56.40461658073987,55.6986757520736,55.80456322391883,8848128
2010-11-26,55.769264221191406,56.05163827941475,55.59277762522152,55.698670706635575,3639088
2010-11-29,56.36933135986328,56.651705515545515,55.345716616771355,55.52220327365402,11791036
2010-11-30,55.87514877319336,56.29871545762754,55.486881653778816,55.59277472967744,11243715
2010-12-01,57.53410720825195,57.53410720825195,56.581086434301476,56.581086434301476,14386250
2010-12-02,58.875389099121094,58.875389099121094,57.463507863188745,57.49880180354937,16857414
2010-12-03,59.22836685180664,59.298960363908066,58.09886503902341,58.204752497595344,10487231
2010-12-06,58.945980072021484,59.510728046856464,58.698900023451586,58.945980072021484,12264406
2010-12-07,60.11079025268555,60.993211905854274,59.58133051779227,59.722523151926495,20127524
2010-12-08,60.14612579345703,60.4637996064298,59.51077816751149,60.040238268575386,9922133
2010-12-09,60.46377182006836,60.816739439406064,60.2166916769513,60.74614591553852,8156538
2010-12-10,62.54629898071289,63.11105282836454,60.710855999797154,60.781449528358394,26268617
2010-12-13,62.19331741333008,63.18163221107357,61.9462373091041,63.14633264511538,14163065
2010-12-14,62.440364837646484,63.18160482908177,62.05209787617791,62.33447742398288,15934814
2010-12-15,61.73447799682617,62.51101252329552,61.31091115549635,62.26393233411666,14762759
2010-12-16,62.72275161743164,63.075719068937744,61.66384364375465,61.875624114658315,11250079
2010-12-17,62.47568893432617,62.72276902854636,62.01682831041451,62.58158200875203,13615327
2010-12-20,62.47568893432617,62.82865648381199,62.299202350003156,62.72276902854636,8460956
2010-12-21,63.181644439697266,63.53461207179278,62.6168906091829,62.75807766202111,8729796
2010-12-22,64.24885559082031,64.32000554450589,63.39505048314093,63.43062262825747,8967712
2010-12-23,64.17774963378906,64.56907751359161,63.96429960756682,64.03544961630757,6459949
2010-12-27,64.71135711669922,64.85365707683569,63.750823890596166,63.750823890596166,6952204
2010-12-28,65.17384338378906,65.49402116790006,64.60463780498559,64.78251561025955,9958190
2010-12-29,64.99595642089844,65.77861185768509,64.96038426292878,65.35170631786758,7213302
2010-12-30,64.71135711669922,65.2805569572451,64.60462931486957,65.03153485873358,6029145
2010-12-31,65.06712341308594,65.28057340707718,64.49791776565326,64.56906776365034,5649338
2011-01-03,65.03154754638672,65.81420314328798,64.81809190108224,65.77862531458533,11023243
2011-01-04,66.20551300048828,66.20551300048828,64.46232446247635,65.24497984728323,16488374
2011-01-05,66.31224060058594,66.59684618618975,65.52958515122104,65.88534071736215,10709039
2011-01-06,66.02766418457031,66.59686989496302,65.52960848004463,66.49014205443419,8271386
2011-01-07,65.56515502929688,66.38338253806609,64.74692185707372,66.09878265039923,11963954
2011-01-10,65.84976196289062,66.70356738070238,65.67188418233893,66.205517523994,13144981
2011-01-11,66.2767333984375,66.9170838508668,66.09885544103261,66.5613335995172,9722255
2011-01-12,66.41895294189453,66.63240283381884,65.74301978895423,66.06319745856736,12772895
2011-01-13,66.16996002197266,66.88146569921403,66.02766001921565,66.6324378626611,9348667
2011-01-14,66.95260620117188,67.02375619245542,65.9920728236607,66.20552846096685,8812989
2011-01-18,66.16996002197266,67.55739354403802,66.02766001921565,67.52182137507691,14711908
2011-01-19,65.20944213867188,66.3122759195689,64.7113920096413,66.20555372364832,17149958
2011-01-20,65.56515502929688,66.13435480463062,64.64019973092562,65.67187715544499,14133268
2011-01-21,70.2255630493164,71.04379118388943,68.4823732454816,68.69582898794262,47800353
2011-01-24,71.29277038574219,71.57737596003575,70.22551505664094,70.90144267661115,20563086
2011-01-25,71.07935333251953,72.14660915531226,70.43899757346108,71.07935333251953,21072179
2011-01-26,70.86588287353516,71.86198839857772,70.86588287353516,71.79083840846435,14137608
2011-01-27,72.14659881591797,72.3244766487106,70.79474314437137,71.0081931456488,14155761
2011-01-28,71.86196899414062,73.78302953538045,71.57736911053587,72.53789654942885,21323116
2011-01-31,71.64852142333984,72.18214905426784,71.50621581343219,71.61294360499942,10792713
2011-02-01,73.99652099609375,74.3522710231204,72.2177538705907,72.50235955566862,14252518
2011-02-02,73.67635345458984,74.56573147839597,73.46289774503386,74.13883138619882,8821461
2011-02-03,73.81863403320312,73.88978402982042,72.6446505938339,73.46287838666075,8579705
2011-02-04,73.14270782470703,73.99651346614357,72.57350217593066,73.96093563533303,8995026
2011-02-07,74.24555206298828,74.7080299851632,73.74750196558462,73.88980199341424,9470525
2011-02-08,75.70411682128906,75.81083897563268,74.38783349789279,74.56570564295062,11463958
2011-02-09,75.81082916259766,76.23773471507933,74.92145156206415,75.77525700357276,12740198
2011-02-10,75.66853332519531,75.81083329596278,74.4945500711811,75.31278339827661,10478050
2011-02-11,75.88200378417969,76.27333164125204,74.8147480516029,74.85032588563519,8483241
2011-02-14,76.48676300048828,77.02039069711617,76.30888521379406,76.52233515975428,9056602
2011-02-15,76.34447479248047,76.4512026215399,75.5618191485941,76.30890262509803,8266983
2011-02-16,76.27333068847656,76.45120852950289,75.59740282141556,76.20218068475732,8139804
2011-02-17,76.55792236328125,76.77137233539594,75.63296682066213,75.70411681136703,7649114
2011-02-18,76.27333068847656,76.84253638168695,75.77528066244189,76.62908637052924,9490828
2011-02-22,74.06765747070312,75.45509081783345,73.49845186798726,74.28110744792573,15132237
2011-02-23,72.46675872802734,73.60516411676092,71.43507548181124,73.00038643097918,17723821
2011-02-24,73.72052764892578,73.971273145936,72.00109329525205,72.07274138314007,13631936
2011-02-25,74.58023834228516,74.7951654875336,73.4339488289951,74.18620239133843,9533187
2011-02-28,74.93848419189453,75.47580514970166,74.58027212090704,75.04595066451667,8900002
2011-03-01,72.53840637207031,75.8339782963761,72.50258233472749,75.65486951495885,12935610
2011-03-02,72.78917694091797,73.93546669437124,72.21603776684171,72.28768016360125,10246352
2011-03-03,74.32951354980469,74.97430091716804,74.1504046805035,74.79519204786683,9643819
2011-03-04,72.96826934814453,74.7235219300109,72.32348221989574,74.68769788837527,12758518
2011-03-07,73.00409698486328,73.75634486976521,71.67870432411024,73.07573936901349,13850322
2011-03-08,73.89962768554688,74.47277244625478,72.57423505981234,73.1831981603243,10504383
2011-03-09,73.89962768554688,74.18620291722544,72.71751982432701,73.72052458122815,10374637
2011-03-10,72.0010986328125,73.541424286252,71.7503531172141,72.57424345985858,16852093
2011-03-11,72.93246459960938,73.36231896344285,71.42796292089191,71.46378126655296,11713685
2011-03-14,71.35630798339844,71.96527107643972,69.6726977643823,71.49959274615532,19024641
2011-03-15,70.24585723876953,70.78317806303325,66.62789055905681,67.48760501840883,27860374
2011-03-16,67.88163757324219,69.88763597477359,67.02192315792158,69.42195757075201,27553558
2011-03-17,68.84881591796875,70.31749346919152,68.27567109444163,69.02791904191797,17433843
2011-03-18,68.95626831054688,70.747339251932,68.84880758970625,70.35330330266832,16685894
2011-03-21,70.63986206054688,70.9264315195036,70.0308991089399,70.49657733106851,11060844
2011-03-22,69.8160171508789,70.81902239289403,69.74437473397097,70.81902239289403,9702182
2011-03-23,69.95926666259766,70.06673308502627,68.95626762964392,69.67269713965347,9240371
2011-03-24,70.85479736328125,70.92643973632019,69.78015606504867,70.49658549808655,9137876
2011-03-25,70.7473373413086,71.3921244595357,70.53241020278256,71.10555494150098,8361403
2011-03-28,70.7473373413086,71.21302136208851,70.42494948484405,70.96227018248364,7396299
2011-03-29,71.1413345336914,71.32044323623829,69.95922736164464,70.4249111287957,7519910
2011-03-30,72.03690338134766,72.64586638920763,71.39211633648493,71.57122511620199,9797082
2011-03-31,71.82197570800781,72.18018756200422,71.49958218808688,71.92943641288257,8542668
2011-04-01,72.86082458496094,73.43396950296426,72.0727581638512,72.14440056577027,10099245
2011-04-04,73.54141235351562,74.32948422433874,73.219018797029,74.25784184541382,9477057
2011-04-05,72.8249740600586,73.89961531670126,72.71750765333502,73.36229468837992,8673415
2011-04-06,73.61305236816406,73.86380353767224,72.96826527589982,73.684694744788,10616998
2011-04-07,72.89664459228516,73.43396542818816,72.32349970608504,73.39814708054155,10880372
2011-04-08,72.32350158691406,73.50560973770253,71.89364718807315,73.3981489893176,10122281
2011-04-11,72.28764343261719,72.96824870732702,71.92942592818756,72.50257051368648,6111963
2011-04-12,71.67868041992188,72.21600097318165,70.9264270832402,71.71449874872721,10172548
2011-04-13,71.4279556274414,72.03691876534984,71.17720442281747,71.82199160537914,8356708
2011-04-14,71.64288330078125,71.92945284946231,70.21002415207673,71.10556254567946,9178837
2011-04-15,71.78617858886719,72.71753546113601,71.60706974338457,71.82200263902389,10462046
2011-04-18,71.57127380371094,71.642916223804,69.88766267489345,70.8190255414077,13270095
2011-04-19,72.61005401611328,72.86079948512526,71.39212219775321,71.6070493294701,13249229
2011-04-20,73.07572937011719,73.5772259905493,72.64586942138394,73.50558361620185,11598983
2011-04-21,71.46379089355469,74.50861870947445,70.67571875104737,74.43697060320021,25392111
2011-04-25,71.24887084960938,72.18022789304852,71.24887084960938,72.14440953895937,11633350
2011-04-26,72.0010986328125,72.82499467810686,71.64288668006488,71.78617146116393,10956471
2011-04-27,73.9712905883789,74.68772031234819,72.18021912978114,72.32350393404482,18430705
2011-04-28,73.79217529296875,74.40113846221901,73.32649690440681,74.11456319819251,8786865
2011-04-29,73.25481414794922,74.29363687035351,73.07571110816359,74.22199451390982,8656952
2011-05-02,73.36229705810547,74.18619289675347,73.18318827533008,74.15036885913901,7537417
2011-05-03,73.9354476928711,73.97126603072032,72.8966246528611,72.93244869335923,8360610
2011-05-04,72.61005401611328,74.00708892624637,72.18019405003066,73.64887704005153,12079594
2011-05-05,71.28466033935547,72.71751356379144,70.96226679562896,72.46676809880304,11950808
2011-05-06,71.67868041992188,72.53839444566701,71.46374763649997,72.32346166224512,9107683
2011-05-09,71.89366149902344,72.03694632715896,71.28469812812162,71.5354437260329,7969556
2011-05-10,72.7175064086914,73.1473663255799,72.07272508733095,72.144367456371,7966886
2011-05-11,71.96526336669922,73.11154704860036,71.64286983371017,72.39511760891894,8031195
2011-05-12,72.14437866210938,72.28766342244501,71.2846643974465,71.64287629828559,7997893
2011-05-13,71.24887084960938,72.14440953895937,70.78319232788981,72.07276712812954,8805540
2011-05-16,70.7831802368164,71.60707067194939,70.49661064244852,71.10557388180555,9556035
2011-05-17,70.17418670654297,70.67568328021416,69.7085084653814,70.28164740671991,9917459
2011-05-18,70.7831802368164,71.17721628039753,69.52942970748106,70.17421699745935,9623725
2011-05-19,71.49959564208984,71.82198922267523,71.06973563375954,71.17720206150446,8933930
2011-05-20,70.28164672851562,71.4279360054273,70.13836199456367,71.3921119706153,9500510
2011-05-23,69.45777893066406,69.78017253676504,68.52642215866118,69.20702771451332,8142120
2011-05-24,68.41896057128906,69.92346227216828,68.23985173239504,69.60106864321915,9536817
2011-05-25,68.84881591796875,69.35031264873635,67.95327748762325,68.06074392411266,8978354
2011-05-26,69.56523895263672,69.81598444301757,68.52641584016845,68.52641584016845,8681929
2011-05-27,69.63687896728516,70.13837563363779,69.56523658637764,69.8159820682294,6306520
2011-05-31,70.35330200195312,70.63987722507788,69.78016296100174,70.49659246484003,11095607
2011-06-01,68.52644348144531,70.21004872312356,68.41897701175563,69.74437019222093,13565540
2011-06-02,68.38313293457031,69.0637384461902,67.8458064908894,68.63387843177537,8400527
2011-06-03,67.41593933105469,68.02490234132473,67.16518817898809,67.45175766555084,10246477
2011-06-06,66.12639617919922,67.34432847230302,65.87564490979688,67.02193479773587,12617859
2011-06-07,66.1980209350586,66.98609288441165,66.16220259335138,66.4129537959,11036889
2011-06-08,66.30550384521484,66.8786487788269,65.91146777260361,66.23386144134471,10894915
2011-06-09,66.55622863769531,67.20101571871683,66.23383509718455,66.44876222330883,8219116
2011-06-10,65.62489318847656,66.34132287558599,64.98010589981304,66.30549882503777,11651336
2011-06-13,65.8756332397461,66.34131734479668,65.26667005239925,65.58906366985347,8858040
2011-06-14,66.62788391113281,67.16520468178432,66.26967196491506,66.3771326974555,10299331
2011-06-15,65.8756332397461,66.87863813967037,65.62488771741506,66.16220851228877,12199116
2011-06-16,66.59795379638672,67.2119306393375,65.7311693852437,65.76728803758355,11493901
2011-06-17,66.77854919433594,67.5008706427019,66.23680954544844,67.28417593305647,11778579
2011-06-20,66.7424087524414,67.03134068722014,66.09232483566775,66.23678792828412,8116392
2011-06-21,67.93421173095703,68.40371947593668,67.03131487501636,67.17577791200337,12267098
2011-06-22,67.03135681152344,67.93425423233951,67.03135681152344,67.50086485023917,10031931
2011-06-23,66.3812484741211,66.41736137111668,65.04495629436882,66.23678538704719,14471655
2011-06-24,64.90048217773438,66.56181889583873,64.90048217773438,66.52570025543557,16864967
2011-06-27,66.02008819580078,66.5257089809486,65.00883512641407,65.04495377155455,9691269
2011-06-28,66.59795379638672,66.59795379638672,65.58670627497764,66.20067736838172,8074889
2011-06-29,67.03135681152344,67.2119385955056,66.45349855250895,66.95912524784005,8093606
2011-06-30,68.11480712890625,68.25927019500641,67.03132838361017,67.13967280841283,9398015
2011-07-01,69.3427734375,69.55946809523624,67.71754913061203,68.11482554456836,11657638
2011-07-05,68.76490783691406,69.52334193181134,68.29539992111178,69.41499748942365,8743734
2011-07-06,68.80101776123047,68.98159949013377,68.4759786985684,68.51209159462168,6589987
2011-07-07,69.70394134521484,70.2456809431743,69.12608309093599,69.45112799962114,9383555
2011-07-08,68.58434295654297,68.98161942521224,68.07872201885762,68.90938786268576,11403842
2011-07-11,67.28414154052734,67.82588091250284,66.81463370151226,67.60918631362162,9713408
2011-07-12,66.3812484741211,67.3924958331842,66.3812484741211,66.56183020773636,9839273
2011-07-13,66.85075378417969,68.0064641854078,66.81464088858738,66.92298532490985,11924183
2011-07-14,66.92298126220703,67.8981156271849,66.70628665317146,67.35637622982337,9128027
2011-07-15,66.48960876464844,67.46473762530219,66.05621368804381,66.99522964621606,10545928
2011-07-18,66.05620574951172,66.41736347865665,65.58669782685033,66.20066884116969,8253942
2011-07-19,67.10356140136719,67.32025600531192,66.27289012859481,66.45347183998794,9531204
2011-07-20,67.86200714111328,68.29540217359565,67.17580456835778,67.71754404680118,10131609
2011-07-21,69.19829559326172,69.63169060197843,68.11481669578855,68.54821170450526,14009927
2011-07-22,68.76490783691406,70.53458930818967,68.43986301065927,70.17343158432092,17142717
2011-07-25,68.47596740722656,69.1260511749008,68.07869111887554,68.51208029732503,9143135
2011-07-26,67.03135681152344,68.76492583901955,66.81466212047327,68.62046271165278,14262722
2011-07-27,65.40612030029297,66.85076280901359,65.18942564884877,66.70629970805079,16305336
2011-07-28,65.40612030029297,66.67018105803693,65.33388874981156,65.51447050078822,10157671
2011-07-29,64.68379211425781,65.4061132912124,64.21428421166918,64.97272403476707,14638981
2011-08-01,64.90048217773438,66.52570025543557,63.85311635012526,66.4173500837709,14418676
2011-08-02,62.155662536621094,64.57543901743689,61.97508657875114,64.06981253649316,20213076
2011-08-03,63.094669342041016,63.203013741743085,61.61390888370566,62.3001169130223,17981226
2011-08-04,59.48307418823242,62.372358296103236,59.302492494104364,62.083426435589445,26733057
2011-08-05,59.6275634765625,61.21666928510162,58.14680788207724,60.16930879728478,25935926
2011-08-08,55.72703170776367,58.25515333290105,55.25752373449796,56.59381610068087,36230792
2011-08-09,57.641151428222656,57.641151428222656,53.52392632620675,56.304854027091615,41409180
2011-08-10,54.499061584472656,57.388345549611834,54.21013548777643,57.24387675171949,28127900
2011-08-11,56.62990188598633,57.496685863851674,54.17401299044387,54.71575225791673,27504397
2011-08-12,57.35226058959961,58.21904513820235,57.02721566518013,57.93011887185064,15608404
2011-08-15,59.194183349609375,59.2664149203927,58.07458537814599,58.39963032144491,13622066
2011-08-16,58.3273811340332,58.7607704278365,57.60505989481486,58.65242597915878,12379755
2011-08-17,58.61631393432617,59.73591169378476,58.07457438126002,58.86912725896954,10598490
2011-08-18,55.4019889831543,56.99109472318324,54.89636233876443,56.84662586082414,24704339
2011-08-19,54.499061584472656,56.377098461630816,54.282367011950484,54.5351802213318,16630556
2011-08-22,54.57130432128906,56.16040967871664,54.35460970424314,56.16040967871664,14487555
2011-08-23,56.124298095703125,56.124298095703125,54.57130559671438,54.78800596837038,14631073
2011-08-24,56.774375915527344,56.882726089815975,55.69089717082073,55.90759176985306,13646563
2011-08-25,55.79926300048828,57.96622109787638,55.401986582694256,57.56894468008235,14152506
2011-08-26,56.124298095703125,56.6299188806275,54.535192701135415,55.6186715612332,13013170
2011-08-29,57.93010711669922,58.00233866862995,56.88274098938392,57.02720409324539,9965847
2011-08-30,58.219017028808594,58.65241196863136,56.88272506780102,57.60504613447576,10132026
2011-08-31,58.90522384643555,59.55530761686584,58.36347874675992,58.65241061649586,13118878
2011-09-01,58.50794982910156,59.41084686454396,58.32736812219512,58.9052261345688,12773605
2011-09-02,56.918846130371094,57.49669840866308,56.160406390795245,57.2438851621378,12883611
2011-09-06,55.07693862915039,55.221401727601084,54.17403563951423,55.07693862915039,20337584
2011-09-07,57.06332015991211,57.243896156788466,55.763140784943715,55.97983543092305,12569679
2011-09-08,56.304866790771484,57.17165091665749,55.943709133962656,56.666030197125124,24605601
2011-09-09,54.499061584472656,55.83535340600904,54.282367011950484,55.54642730931282,30139361
2011-09-12,54.210147857666016,55.221395176397515,53.162781893833674,54.210147857666016,35430239
2011-09-13,55.654808044433594,55.83538407929645,53.66842566456307,54.24627817540003,17381698
2011-09-14,57.027217864990234,57.93012110649,54.89637219458052,55.90761991536774,19059320
2011-09-15,58.63154220581055,58.704466504165815,57.756444820859116,57.97521771592491,14048467
2011-09-16,59.5430793762207,59.798311409816776,58.59505229050446,59.1419930031166,18613702
2011-09-19,58.99616622924805,59.32432848827306,57.865836653892266,58.2669232144019,11299803
2011-09-20,58.485721588134766,59.980679126624096,58.48572158813476,59.25142998951708,11734217
2011-09-21,56.07918930053711,58.5950927762773,56.00626498273955,58.23047118728951,15516280
2011-09-22,54.83946990966797,55.49579464180933,54.03730233167233,54.54777260857865,23724546
2011-09-23,55.459327697753906,55.605176328091574,54.18314347526498,54.32899210560264,13670184
2011-09-26,56.771968841552734,56.95428252432458,54.94884942790231,56.15210928575567,19593516
2011-09-27,57.46472930908203,58.59505847561137,57.13656716874931,57.64703709451079,16774679
2011-09-28,56.33441925048828,58.33985221455313,56.22502988710694,57.428289665545854,11977851
2011-09-29,57.82936096191406,58.15752316056694,56.51671216730255,57.68351238577665,12664391
2011-09-30,55.49577331542969,57.35535740698357,55.38638977190121,57.06366021799008,15812330
2011-10-03,53.56326675415039,56.11563465899203,53.52680750662633,55.05822941046898,19343310
2011-10-04,54.18312454223633,54.36543236411041,51.12028115662622,52.834016475992904,23370154
2011-10-05,55.678096771240234,55.89686970153261,53.782053099327946,54.4748369475984,16596315
2011-10-06,56.62611389160156,56.66257894595822,54.54775671517826,55.67809213459285,13551184
2011-10-07,56.51673126220703,57.39182881938186,55.56870939232508,57.24598019396762,13681785
2011-10-10,58.85033416748047,58.85033416748047,57.46476624513946,57.57414982576684,11730232
2011-10-11,58.85033416748047,59.14203726009709,58.19401526964584,58.26693959162746,9598352
2011-10-12,59.79833221435547,60.45465665408435,59.25139711614399,59.25139711614399,12885948
2011-10-13,59.14201736450195,59.47017960536933,58.412768585317586,59.17847661088268,9626855
2011-10-14,60.527584075927734,60.70989771965246,59.798335305716925,59.8712596022692,9417797
2011-10-17,59.17849349975586,60.52760209462643,59.03264486323307,60.126515441843836,9779658
2011-10-18,60.928688049316406,61.913175041600205,59.21495788277398,59.251417139142035,13657643
2011-10-19,60.23590087890625,61.51208507198419,59.83481425237634,60.92868475938902,10829396
2011-10-20,60.636993408203125,61.25685303553852,59.54312279470655,60.41822044644181,11495487
2011-10-21,59.470184326171875,60.272351661794545,58.81385979233743,59.68895723588715,23732058
2011-10-24,59.980648040771484,60.85574539082964,59.506637218018646,59.688950858981435,13989583
2011-10-25,59.14201736450195,60.126498282415916,58.52215212914793,60.01711473858557,17185577
2011-10-26,59.616024017333984,60.19941835599732,59.14201321482614,59.83479689433273,13897020
2011-10-27,63.33518981933594,63.80920064934262,61.29329790618223,61.840233032752394,23052988
2011-10-28,62.89762878417969,63.22578513677722,62.38715302736274,62.67885014286575,12054764
2011-10-31,60.928688049316406,62.02256442008388,60.89222879294836,61.913175041600205,10414951
2011-11-01,58.41276550292969,59.61602505438578,58.23045186658208,58.81385202008172,18728528
2011-11-02,59.25140380859375,60.23589057938493,58.92324155166336,59.6889554193971,10047747
2011-11-03,60.782859802246094,60.85578414413224,59.65252379597337,60.2359243357542,11450896
2011-11-04,59.761898040771484,60.381757691800026,59.17849764908509,60.34529843245788,8696723
2011-11-07,59.761898040771484,59.90774668752053,58.74095170883796,59.68897371739696,8600071
2011-11-08,60.090049743652344,60.12650899652984,59.287876524076815,59.94420112276392,11246574
2011-11-09,57.79291534423828,59.03264026754923,57.428293781317045,58.88679164238074,16407538
2011-11-10,58.55862045288086,59.0326313151385,58.230458193673485,58.631544754405994,12368258
2011-11-11,59.43372344970703,60.05358297314686,59.17848546808797,59.214950524614565,10478718
2011-11-14,58.70446014404297,59.3607845628215,58.41276298222478,59.14201169145786,8378075
2011-11-15,59.06909942626953,59.50664525807223,58.4492341241825,58.4492341241825,8299827
2011-11-16,58.157535552978516,59.25140591178222,58.04814619522268,58.595081374624534,11046655
2011-11-17,57.02720642089844,58.52216351654049,56.5167304347332,58.266931328147166,14079036
2011-11-18,57.06365966796875,57.7929026334235,56.954270320806486,57.5012054472416,9773461
2011-11-21,55.568702697753906,56.48026520380761,55.422854089910594,56.443800149502444,14036761
2011-11-22,54.65715408325195,55.751024608610344,54.62068902355155,55.751024608610344,15638118
2011-11-23,53.709144592285156,54.51131804407306,53.672679524162575,54.365463576273626,13965816
2011-11-25,53.59975051879883,54.76654552661551,53.59975051879883,53.81852349438501,4833386
2011-11-28,53.96435546875,55.60516679032999,53.526809652787726,55.53224248766961,16198355
2011-11-29,54.401912689208984,55.240545158471456,54.03729113837512,54.365447631781,16789494
2011-11-30,58.011695861816406,58.011695861816406,55.64163531389259,55.82394900327663,20578214
2011-12-01,58.011695861816406,58.33985818083185,57.35537122378552,57.938771547000705,12144718
2011-12-02,58.66798400878906,59.433697620880736,58.485676219450916,58.485676219450916,14280061
2011-12-05,59.5430793762207,60.1629385515582,58.99613866360857,59.616003643631835,12850455
2011-12-06,60.96512985229492,61.694378553036344,60.05356752519626,60.16295686194811,17322563
2011-12-07,61.0380859375,61.366248314012424,60.27237179074081,60.8193129547219,13628931
2011-12-08,59.470184326171875,60.70990328591372,59.25140561176798,60.454665322234916,16635606
2011-12-09,61.402679443359375,61.91315530732044,59.65248477361846,59.72540906780034,17890270
2011-12-12,60.01712417602539,61.47561615904768,59.506648208919685,60.92868093982818,37435127
2011-12-13,59.87125778198242,60.96513380638518,59.43371201597165,60.38173364701624,15413117
2011-12-14,60.56403732299805,61.14743738640331,59.4337022397009,59.579550804380474,18589330
2011-12-15,61.22038269042969,61.51207991995103,60.49113381193738,61.32976624915571,12817987
2011-12-16,62.02254104614258,62.314238205916446,61.65791379173767,61.76730312899666,20133388
2011-12-19,61.47563934326172,62.35073718497504,61.220407068142585,61.87672609590913,13834902
2011-12-20,63.007041931152344,63.408128555935654,62.13194436841506,62.168409427345104,12826730
2011-12-21,64.50200653076172,64.79370962192765,62.53303823766963,63.15289787377583,16751935
2011-12-22,66.45325469970703,66.78460120444714,64.98060486997609,65.16468756394569,19954898
2011-12-23,67.11593627929688,67.30001894191707,66.08508391844525,66.34279261289922,9825940
2011-12-27,66.30599975585938,67.00550588106883,66.30599975585938,66.93187396583697,8817538
2011-12-28,65.64332580566406,66.34283213491682,65.23834722325132,66.26920019820682,8194703
2011-12-29,66.5268783569336,66.71096102808019,65.4960259483346,65.56965784459081,9028183
2011-12-30,65.93779754638672,66.56367726833639,65.82735266563887,66.3795946524094,6553617
2012-01-03,67.59452819824219,68.10995716951604,67.1159180939209,67.1159180939209,12249842
2012-01-04,68.33088684082031,68.47815065999865,67.30003424555872,67.41047917943584,8921285
2012-01-05,68.29408264160156,68.4781653856666,67.33686175008664,67.96273604669032,9560730
2012-01-06,68.66223907470703,69.17766248469589,68.33089252349303,68.95676673755781,10656248
2012-01-09,69.43534851074219,69.50898039611633,68.33086436911877,68.99355719849736,9804489
2012-01-10,68.91992950439453,70.13485861745774,68.55176419412304,69.98759483775382,12382927
2012-01-11,69.50898742675781,69.76670198214008,68.10997560213167,68.29405240368021,9988300
2012-01-12,69.69306182861328,69.95077635344869,69.06718788330673,69.80351258526024,8129016
2012-01-13,69.36174011230469,69.36174011230469,68.47815132760714,69.14084438138363,8771591
2012-01-17,68.99358367919922,70.31896398564453,68.77268207728035,69.91398553014471,10267594
2012-01-18,70.02442932128906,70.1348742501788,68.33088375518753,68.40451566145168,11040854
2012-01-19,70.5030517578125,70.65031559564675,69.69309478871017,70.06125438329578,11248472
2012-01-20,70.5030517578125,70.6871344856123,68.77268701072515,69.25129741419343,19287117
2012-01-23,69.72989654541016,70.83438687264756,69.58263273138198,70.28214463953539,10555088
2012-01-24,69.36174011230469,69.43537202261172,69.03039358541645,69.36174011230469,8291543
2012-01-25,70.42940521240234,70.53985013733427,69.1776511287425,69.32491493599359,10693974
2012-01-26,70.20848846435547,70.94480727998142,69.87714206681828,70.90799426970564,8866783
2012-01-27,70.06123352050781,70.42939886647538,69.65625515655083,69.95078860552734,6804846
2012-01-30,69.58263397216797,69.69308476516517,68.84630902788403,69.32491936251661,7873050
2012-01-31,68.88313293457031,69.98761750101356,68.809501020875,69.87717256097739,9648660
2012-02-01,69.10401153564453,70.17168281093018,69.03037964021229,69.72988557732462,10853955
2012-02-02,69.0303955078125,69.69308858004403,68.84631279641185,69.39856093061378,7890140
2012-02-03,70.02442932128906,70.31895694634568,69.6562639289553,69.95079741502491,9364296
2012-02-06,70.13484954833984,70.503014811004,69.76669014668663,69.91395390734792,8917300
2012-02-07,70.61349487304688,70.68713265106688,69.61946106295693,70.02443953699768,7520370
2012-02-08,70.83435821533203,71.09207271612482,70.24529733652147,70.65027559176423,7027906
2012-02-09,70.42940521240234,71.23936201329614,70.3557733087768,71.09209820604505,9219421
2012-02-10,69.50898742675781,69.98759766060547,69.10400908573195,69.91396576778368,22857847
2012-02-13,70.20848846435547,70.24530147463125,69.58260867955687,70.06121884021925,21763268
2012-02-14,69.72989654541016,70.28214463953539,69.21447319631154,69.69308352240964,8185689
2012-02-15,69.06720733642578,70.02442796026787,68.84630576091385,69.98760907734493,8646707
2012-02-16,69.98762512207031,70.06125704378351,69.2144870135746,69.4353827787142,8453047
2012-02-17,70.98163604736328,71.12889983101965,70.3557620363178,70.61347072721053,12118426
2012-02-21,71.46025848388672,71.79160498423072,71.12891198354274,71.49707736659732,8747991
2012-02-22,71.38663482666016,71.68116247831985,70.61349094953319,71.53389865249001,8529856
2012-02-23,71.72090148925781,71.94375100304296,70.56950346542185,70.8294975212643,9520917
2012-02-24,71.46088409423828,71.94372750616888,71.08946244638337,71.906582976243,4992199
2012-02-27,70.8294906616211,71.1637619434991,70.49521346689076,70.64377979502594,7829398
2012-02-28,71.16374969482422,71.2751773781729,70.53233995250149,71.01518339226021,7307910
2012-02-29,70.75519561767578,71.49803310855806,70.60662930206969,71.23803909982148,9318452
2012-03-01,71.01522064208984,71.27521476437805,70.68094332955565,71.12664838388605,7790274
2012-03-02,70.45806121826172,71.08947100016776,70.1980672160499,71.08947100016776,7559932
2012-03-05,70.01238250732422,70.49522611683311,69.56667753008725,70.38379839431052,7422653
2012-03-06,68.415283203125,69.12098229679306,68.04386729555266,69.08383774960896,11737034
2012-03-07,69.71522521972656,70.01236376261484,68.89810457427448,69.00953226696407,11361901
2012-03-08,70.68091583251953,70.90377122941439,70.2723554886818,70.49521088557665,7508684
2012-03-09,70.71806335449219,71.23804550587266,70.27235845474225,70.64378019000925,7820613
2012-03-12,71.05235290527344,71.27520243747003,70.71807565055184,70.90378655047571,7376080
2012-03-13,72.7608871459961,73.02088125667471,70.90379564706252,71.31235613159916,13338766
2012-03-14,73.50370788574219,73.87512373427161,72.72372573455117,72.90943661524229,14888583
2012-03-15,74.87797546386719,75.0265418430987,73.76371579392209,73.80086034515716,15926802
2012-03-16,75.02651977539062,75.39793561422408,74.32082672518074,75.2493692786907,16533841
2012-03-19,75.06365966796875,75.6207923048878,74.50653294390244,74.5808161129211,8915547
2012-03-20,74.54371643066406,75.06369888546271,74.20943903900844,74.3580054546652,9918878
2012-03-21,74.54371643066406,75.47225948494672,74.43228866249358,74.87799382231968,10662967
2012-03-22,73.72657012939453,74.13513058977254,73.1322987562482,74.09798604207735,10591458
2012-03-23,73.46656036376953,73.9494039036942,73.16942769700128,73.50370490354183,7138810
2012-03-26,74.46940612792969,74.69225567033338,73.98656249629485,74.20941203869855,8964875
2012-03-27,74.43226623535156,74.8036880754364,74.32084441360935,74.72940488999024,7996140
2012-03-28,74.32083892822266,77.997877031406,73.42943485580643,74.35797756177762,11566390
2012-03-29,74.09797668457031,74.17225985772598,73.20657269384921,73.61513310263193,8484847
2012-03-30,74.54371643066406,74.76656605414921,74.09801127083796,74.54371643066406,8548197
2012-04-02,74.35796356201172,74.69224076533837,73.91226456614453,74.39510810142691,9216417
2012-04-03,74.13512420654297,74.35797373496473,73.54085288456497,74.17226283818661,9138940
2012-04-04,73.31800842285156,73.5780025137374,72.87230342235388,72.98373115069172,9117094
2012-04-05,72.38948822021484,73.20660944802488,72.27806636096732,72.83519339577306,8338930
2012-04-09,71.31233978271484,71.57232792093508,70.82949622194468,70.94091802036682,7587225
2012-04-10,69.60382080078125,71.05235160278565,69.45524853585364,71.01520705834042,11361734
2012-04-11,70.60662078857422,71.12660874334907,70.49519902173043,70.64376531942291,7893290
2012-04-12,71.68379974365234,71.75808295926241,70.42097916542482,70.60668424802176,5887505
2012-04-13,70.1238021850586,71.23805572499488,70.04951900991972,71.23805572499488,8411732
2012-04-16,70.19808197021484,71.0523473123378,70.01237699776229,70.49522056927424,6272362
2012-04-17,71.83231353759766,71.9065966987745,70.27235532717944,70.6809156700782,7411719
2012-04-18,70.94092559814453,71.83232964500395,70.71807606464304,71.42376921049116,6955000
2012-04-19,71.08948516845703,71.49804556397352,70.4580752607096,71.20091288099894,10885693
2012-04-20,71.90662384033203,72.94659440220285,71.49806334321983,72.16661795901332,14174478
2012-04-23,70.8294906616211,71.01519561536391,70.34664122590321,70.79234612316112,10859380
2012-04-24,72.5751724243164,72.79802197344151,70.97807511963913,71.27520785180592,10342608
2012-04-25,72.24089050292969,73.5779995374825,72.1294686919526,73.42943318094407,10088499
2012-04-26,72.87228393554688,73.20656111831751,72.0551632471858,72.16659094572672,7216599
2012-04-27,73.46656036376953,73.80083757031008,72.7980059506884,73.13228315722897,7803044
2012-04-30,72.72376251220703,73.24375087596809,72.20378006130177,73.09518446142373,6859808
2012-05-01,73.54085540771484,74.09798220431064,72.27803545714485,72.72373452928008,7303424
2012-05-02,73.42942810058594,73.4665667307243,72.50087956718399,73.24371721133492,7024693
2012-05-03,72.83514404296875,73.54083702050046,72.68657772273598,73.54083702050046,5049852
2012-05-04,71.83231353759766,72.76086192158654,71.49803635587574,72.64943422339519,7261232
2012-05-07,71.75806427001953,72.35233575297967,71.08950959079623,71.12665414535526,7459878
2012-05-08,71.498046875,71.79518547627595,70.64378743935748,71.42376370289426,8408122
2012-05-09,70.23521423339844,70.71805772049626,69.60380442917081,70.56949140336646,12875202
2012-05-10,70.90380859375,71.4237909971993,70.60666987892373,71.01523043806151,7372971
2012-05-11,70.60662078857422,71.57230763642654,70.235205044343,70.27234366234056,5484725
2012-05-14,69.08380889892578,69.97521261768638,68.89809806626903,69.90092946719393,9802590
2012-05-15,68.34095001220703,69.34378109809792,68.04381750357983,68.89807642230772,9924929
2012-05-16,70.56950378417969,71.53519092779685,69.49238892674018,70.16094338396836,17739095
2012-05-17,70.1238021850586,71.05235074357432,70.08666355391577,70.38379625447126,10883418
2012-05-18,70.38381958007812,71.16379613395164,70.01240358129435,70.38381958007812,12757016
2012-05-21,71.01522064208984,71.27521476437805,70.38381056857166,70.53237694906366,8055734
2012-05-22,71.23805236816406,71.64661276860257,70.79235333833276,71.16376919652551,9846284
2012-05-23,71.23805236816406,71.34948008204836,69.64095530865582,71.01520285324841,13250043
2012-05-24,71.498046875,72.01803499259317,70.64378743935748,71.1266310144713,8739060
2012-05-25,71.31233978271484,72.12946056445709,71.01520119026587,71.64661109083411,5602076
2012-05-29,71.86946105957031,72.16659371661856,71.31233437117866,71.64660565393176,7435027
2012-05-30,70.71806335449219,71.31233458320797,70.53235248685868,71.27519004454031,8729963
2012-05-31,70.90380859375,71.38665235338054,70.08668747547442,70.60666987892373,10231245
2012-06-01,68.8609619140625,70.53234172928856,68.37811846214042,69.90093197105993,12715763
2012-06-04,67.41242980957031,68.74953847462675,67.04101402086123,68.48954446610445,13895330
2012-06-05,67.74671173095703,67.96956713267649,66.9295910255917,67.15244642731116,8021325
2012-06-06,70.1238021850586,70.1238021850586,68.0067169114677,68.3038496120232,8948515
2012-06-07,70.56950378417969,71.31234141300511,70.19808201334051,70.90378101279377,29077584
2012-06-08,71.31233978271484,71.49804475103603,70.19808040852361,70.49521900097258,22521630
2012-06-11,70.97807312011719,72.16660992815595,70.82950675821905,71.86947720435968,10735852
2012-06-12,72.3523178100586,72.3523178100586,70.90378697287127,71.16377513888942,9828256
2012-06-13,71.94377136230469,72.57518145313753,71.31236127147184,71.49806629575205,8391868
2012-06-14,73.24372863769531,73.42943955591808,71.46092037874793,71.90661948705778,13007703
2012-06-15,74.49142456054688,74.49142456054688,73.56027930766724,74.00723068927827,12476783
2012-06-18,73.56028747558594,74.41694191488222,73.56028747558594,74.04448733000726,8757548
2012-06-19,74.49142456054688,75.01286685086164,73.93273978057454,74.00723068927827,9010488
2012-06-20,74.8638916015625,75.05012186910471,73.93275212263052,74.49143699586762,9752386
2012-06-21,73.3613510131836,75.38977943343345,73.0984119038618,75.08926819711897,12713635
2012-06-22,74.41315460205078,74.78878628975811,73.28624757899287,73.92483041804726,10721997
2012-06-25,73.32381439208984,73.62431974493742,72.45985253270103,73.17356171566605,9319642
2012-06-26,74.37557220458984,74.75120979025073,73.28623157812659,73.39892404981819,12255977
2012-06-27,75.61516571044922,75.84054467457251,74.71364387398937,74.7887701953638,11224330
2012-06-28,75.87811279296875,75.87811279296875,74.6385194881946,74.82633828648467,11866613
2012-06-29,78.28218841552734,78.28218841552734,76.70452335673603,76.70452335673603,15236965
2012-07-02,76.96746826171875,78.2070618050242,76.17863274508728,77.90655047394023,12876934
2012-07-03,76.7420654296875,77.00501054077628,76.36643382810823,76.55425261888116,4433527
2012-07-05,76.3664321899414,76.9298825702068,76.21617955253282,76.40399235931032,6061091
2012-07-06,75.12684631347656,76.10349453217607,74.93902750835218,75.72786290189435,11737430
2012-07-09,75.27709197998047,75.27709197998047,74.7887679159465,75.0892731922854,6881300
2012-07-10,73.6994400024414,75.38979742266301,73.24868201036065,75.27710493465906,11390989
2012-07-11,73.92485046386719,74.33804842237399,73.39895997850596,73.92485046386719,8923372
2012-07-12,73.02328491210938,73.7745480460085,72.72277367858368,73.24866385227912,10472375
2012-07-13,74.26292419433594,74.63855599467459,73.09845664333147,73.28626955351592,6765117
2012-07-16,73.58675384521484,73.66188017758645,72.98573720627444,73.28624253576086,7463989
2012-07-17,74.07508087158203,74.56340504094047,72.9857400399487,73.77456955046068,10840830
2012-07-18,74.5258560180664,74.60098237062762,73.58677362106673,73.81215267875035,8197311
2012-07-19,74.37557220458984,74.90146243252842,73.77455565551242,74.90146243252842,8751079
2012-07-20,74.63851928710938,76.51668932504954,73.06085454165024,74.71364561022963,24217844
2012-07-23,75.46491241455078,75.61516505599921,73.32379732399417,73.4740499654426,12831341
2012-07-24,75.01414489746094,75.46490878006347,74.15018926075841,75.35221631442126,11453692
2012-07-25,75.12684631347656,75.72786290189435,75.05171998742021,75.3522252916456,8886438
2012-07-26,77.23041534423828,77.75629972169912,75.72787659155675,75.87812927083128,11951246
2012-07-27,78.58268737792969,78.88319270565773,77.23040742318594,77.49334659496422,16748951
2012-07-30,78.13189697265625,78.54509461684752,77.71869334849994,78.09433083229112,9388459
2012-07-31,77.9441146850586,78.4699990363702,77.9441146850586,77.9441146850586,7997684
2012-08-01,77.86898040771484,78.69537599832123,77.79385407947491,78.35730453125795,7456394
2012-08-02,77.08011627197266,77.75625895417527,75.87808948802967,77.08011627197266,9181215
2012-08-03,78.73294067382812,78.88319333889832,78.01923752476094,78.20705634608247,7906520
2012-08-06,78.7704849243164,79.55931418654836,78.50753984358379,78.7704849243164,7127793
2012-08-07,79.333984375,79.59692961854758,79.22129184777401,79.4091107331608,6492584
2012-08-08,78.92076110839844,79.22126644468156,78.5075632810253,79.07101377654,6749363
2012-08-09,79.10855865478516,79.33393759637462,78.65779479164013,78.65779479164013,6501848
2012-08-10,79.25884246826172,79.25884246826172,78.65782574091004,78.88320477117875,5095340
2012-08-13,78.84564208984375,79.10858727347211,78.43244422413298,79.0334609324309,5607502
2012-08-14,78.6578369140625,79.29641391384972,78.50758420587366,79.18372737269273,6279686
2012-08-15,78.73294067382812,78.99588582768475,78.09436385729603,78.35730901115265,6024095
2012-08-16,79.07100677490234,79.4090782382689,78.20705101960671,78.39486384816924,7010629
2012-08-17,78.88317108154297,79.0709898498703,78.65779214752969,78.9583033728466,6266644
2012-08-20,78.6202621459961,78.9583336667065,78.24462446522091,78.6953884861575,5714316
2012-08-21,78.3197250366211,79.07099417102067,78.13191223799585,78.77048890924733,6351424
2012-08-22,78.05680847167969,78.39488000472005,77.79386926150909,78.0192482902132,5846044
2012-08-23,77.5309066772461,78.09435711258,77.49334052423922,77.90653830747968,7624262
2012-08-24,78.13189697265625,78.50752847648239,77.19280924314333,77.3430618446738,6121770
2012-08-27,78.3197250366211,78.69536259380399,78.09434609029108,78.20703855343919,6004377
2012-08-28,78.16948699951172,78.58268480157474,77.98166818585563,77.98166818585563,5406936
2012-08-29,78.2070541381836,78.69537827585938,78.1694879829928,78.2070541381836,4157759
2012-08-30,77.5309066772461,78.05679095957312,77.45578035119938,77.83141198143296,4431524
2012-08-31,77.79386138916016,78.24461940095394,77.41822373269756,77.98167423742368,6192882
2012-09-04,77.04257202148438,77.71870886334743,76.92987955785742,77.49332991605974,7965383
2012-09-05,77.5684814453125,78.0192454663741,77.04259706403683,77.1928497444013,6892839
2012-09-06,80.04765319824219,80.08521935108412,78.31973574682083,78.39486207253768,11096358
2012-09-07,81.09944152832031,81.09944152832031,80.0101066302131,80.08523296870436,7591085
2012-09-10,80.68624114990234,81.32482397703251,80.49842829953968,80.68624114990234,7026132
2012-09-11,81.09944152832031,81.47507920074462,80.38573832266938,80.72380983586403,7009606
2012-09-12,82.22634887695312,82.37660155450452,81.36238701108049,81.39995317045236,8973722
2012-09-13,82.71465301513672,83.54104852128114,81.70043871760495,81.77556503816658,23327211
2012-09-14,83.05272674560547,84.02937491989567,82.56440265846037,83.39079818747005,20897174
2012-09-17,82.82736206054688,82.82736206054688,82.26391151291935,82.37660401443216,16543398
2012-09-18,83.54105377197266,83.54105377197266,82.48927923803764,82.60196573597929,8102599
2012-09-19,84.2547607421875,84.48013972844353,83.57861780345215,83.7664366153158,8443011
2012-09-20,84.8982162475586,85.04961638799196,83.72485612074541,83.989809379322,9113734
2012-09-21,85.27671813964844,85.88231866953387,85.01176489500551,85.35241820588412,13886817
2012-09-24,84.63326263427734,84.97391596164292,84.4061624245791,84.78466277407618,7678723
2012-09-25,84.44404602050781,85.80665379726557,84.40619295904634,84.74684640964541,9815298
2012-09-26,83.64915466308594,84.21690819311223,83.53560757246245,83.87625486996919,8580874
2012-09-27,86.03372192382812,86.52578141066907,83.76270780307944,84.17906119530154,14043042
2012-09-28,85.95801544189453,86.90427527203438,85.61736816970547,86.18512165753505,14799588
2012-10-01,86.33654022216797,87.05569399024921,85.95803379902415,86.03373387852548,8878718
2012-10-02,86.26081085205078,87.01781741565304,85.95800461122882,86.79071122862779,9451850
2012-10-03,86.71501922607422,86.97997245178043,85.9958656354165,86.52577208682892,6871117
2012-10-04,86.8664321899414,87.2449385756612,86.18513154179156,86.8664321899414,8418389
2012-10-05,87.5098876953125,87.73698790060502,87.0556812590912,87.20708139595288,7994366
2012-10-08,86.75288391113281,87.01783717239451,86.48793064987113,86.56363072085497,5050082
2012-10-09,85.61738586425781,86.94214628486044,85.54167975964087,86.82859315357214,8174546
2012-10-10,84.8982162475586,86.07157637437177,84.82251617734191,85.57952290514514,6840799
2012-10-11,85.20101165771484,85.95801834224206,85.0874645716992,85.50381794690736,5041652
2012-10-12,85.08746337890625,85.95801713724529,84.82251013919054,85.46596370304584,6876376
2012-10-15,85.6930923461914,85.9201986417066,85.12533865867938,85.31459189639605,6171932
2012-10-16,85.6930923461914,86.60150547697623,85.42814504415365,86.26085205934142,7442726
2012-10-17,86.71501922607422,86.75287226930467,85.9958656354165,86.18511880029746,5899399
2012-10-18,86.33654022216797,87.35849430825455,86.29868716959872,86.33654022216797,9001829
2012-10-19,83.38420104980469,85.27672084259052,82.77860050072405,85.20101474831915,22510445
2012-10-22,82.1351547241211,83.08141478002192,80.43189385426437,82.7407614009231,18098327
2012-10-23,80.5454330444336,80.99963345417191,80.24262674563846,80.8103802706295,11747112
2012-10-24,80.4697265625,81.2267271850623,80.39402047460798,81.11318010449584,8825467
2012-10-25,80.4697265625,81.64308054028945,79.59916680809968,81.37813333521053,9550380
2012-10-26,79.90200805664062,80.9996685610439,79.75060785444133,80.20481448667812,8936455
2012-10-31,79.71272277832031,80.6968296486453,79.37206947310997,80.46972945371706,8175235
2012-11-01,80.77252960205078,80.96178277704756,79.56132253847059,79.59916955808836,9646720
2012-11-02,80.65898132324219,82.05944164570401,80.46973416254586,81.49168811234235,9906274
2012-11-05,81.0374984741211,81.26459871254346,80.24263860118708,80.24263860118708,6259884
2012-11-06,81.71879577636719,82.43795553979105,81.18889524217987,81.41599547111728,6830178
2012-11-07,79.97766876220703,81.45383507061499,79.75056857077345,80.84822853448956,9442669
2012-11-08,79.06928253173828,80.20479583545286,79.03143550280903,80.09124269739016,8507299
2012-11-09,79.4856185913086,80.62113164627259,78.35011156198074,78.57721176271907,8410501
2012-11-12,79.06928253173828,80.01554261389418,79.03143550280903,79.6370421964143,4552256
2012-11-13,78.27442169189453,79.29638176680226,77.85806825681772,77.97162138479754,8570441
2012-11-14,75.7384262084961,78.53934609621679,75.51132003603841,78.4636460472758,13675609
2012-11-15,75.92767333984375,76.57113279447908,75.32207294814188,75.32207294814188,10800412
2012-11-16,76.26836395263672,76.41976412476444,75.20855672210499,76.07911072465824,9449784
2012-11-19,78.1987075805664,78.4258077701308,77.17674768907285,77.25244775226099,7988294
2012-11-20,78.04730987548828,78.3122570920484,77.1010500178266,78.23656305214782,5601722
2012-11-21,78.27442169189453,78.50152192221728,77.85806825681772,78.35012176866879,8559402
2012-11-23,79.63703155517578,79.63703155517578,78.46367137931837,78.76647167284158,7398427
2012-11-26,79.71272277832031,79.75056979799035,78.99356312259359,79.03141616789962,9961799
2012-11-27,78.99358367919922,80.24264411480314,78.91788359452362,79.63704343739826,6886204
2012-11-28,80.01554107666016,80.05339413049967,77.59312037441532,78.53938043839196,7257831
2012-11-29,79.97766876220703,80.84822853448956,79.29636818790632,80.39402212598652,5765918
2012-11-30,79.97766876220703,80.46972821543362,79.63702148787462,80.01552180693058,7899321
2012-12-03,78.8043441772461,80.35620510312462,78.72864408517675,80.16695186013222,6256086
2012-12-04,78.9557113647461,79.52346483081345,78.38795789867874,78.99355838214491,7682354
2012-12-05,80.35619354248047,80.84824708295969,78.95573300222135,79.14498621798637,9695797
2012-12-06,80.88607788085938,80.96177794120933,79.78841796733157,80.24261832943131,6833934
2012-12-07,81.22675323486328,81.30245332139688,80.39404625735594,81.15105314832968,7000321
2012-12-10,80.96179962158203,81.37815307781791,80.84824648783143,81.11319978282468,5759971
2012-12-11,81.41596984863281,82.32437650413404,80.84821644214892,81.30241675708204,9547793
2012-12-12,82.43795013427734,83.08140375356012,81.64309034666051,81.79449651499455,8850110
2012-12-13,81.83231353759766,82.96782021718163,81.56736037219224,82.28651982481182,7087417
2012-12-14,81.83231353759766,82.36221986840846,81.56736037219224,81.79446652861647,9919086
2012-12-17,83.00569152832031,83.08139158858489,82.09728477950965,82.09728477950965,10116710
2012-12-18,82.0972900390625,82.92999678095582,81.03748310182627,82.70289658561292,16926502
2012-12-19,79.52347564697266,81.98374300976937,79.37207550551386,81.90804293903997,19265917
2012-12-20,80.40196228027344,81.12767872303678,79.71443823943216,79.86722608899365,10606586
2012-12-21,79.75265502929688,80.17280803063268,78.53039451660442,79.59987322528855,16866950
2012-12-24,79.52347564697266,80.05821191610858,79.25610447209205,79.40888626327373,3150213
2012-12-26,79.33250427246094,79.98182999818017,79.10333155996462,79.48528608079181,5958784
2012-12-27,79.02690887451172,79.7144328690342,77.995628963352,79.44706783171901,7998164
2012-12-28,78.0720443725586,79.10333068836782,78.03384588058377,78.11023678390751,6761361
2012-12-31,80.17281341552734,80.21100582878177,77.38452402290649,77.49911342392217,12266201
2013-01-02,81.50963592529297,82.27355081966826,80.974893675043,82.15896145729351,9617131
2013-01-03,80.59297180175781,82.08260371084003,80.40199148091344,82.04440521442051,10122010
2013-01-04,80.97488403320312,81.20406273066386,80.66932054408673,81.0130825096544,6218673
2013-01-07,80.70755004882812,81.05131217245584,80.05822429558744,80.82213945024611,6832995
2013-01-08,79.82906341552734,80.6693696022435,78.98875722881117,80.59297868350814,8355978
2013-01-09,80.02001190185547,80.47835723182985,79.94362101352641,80.36377393964862,5955320
2013-01-10,80.86034393310547,81.08951667228865,80.05823022502426,80.3637999578952,6958505
2013-01-11,80.70755004882812,81.12770307985909,80.2874030984234,81.05131217245584,8730359
2013-01-14,80.66935729980469,81.12770274231715,80.47837699177805,80.89853002106092,6617906
2013-01-15,80.97488403320312,81.0130825096544,80.24916770623994,80.36375705497032,5540187
2013-01-16,80.66935729980469,80.97492092814633,80.44018457854845,80.78394670074591,8123653
2013-01-17,81.35684967041016,82.27354627692011,80.66932569537174,81.05128008115761,13323429
2013-01-18,84.183349609375,84.75628435932477,82.46453927890046,83.80138905565833,23595384
2013-01-22,84.06877136230469,84.79449407824049,83.64861834594092,84.71810317350399,11511011
2013-01-23,83.80139923095703,84.14516133879208,83.07568260365302,83.95418711937057,9854798
2013-01-24,84.22152709960938,84.75626934785258,83.83957269416717,83.87777117502347,9805261
2013-01-25,85.13824462890625,85.21464160935112,84.45072653053317,85.10005221930946,8747073
2013-01-28,85.94036865234375,86.09315047056768,85.02367166237381,85.71119592500786,10340959
2013-01-29,85.94036865234375,86.24593228879161,85.55840802615755,85.90217015747457,7125393
2013-01-30,84.90906524658203,86.13133170874109,84.90906524658203,86.0167423277183,7553651
2013-01-31,85.10005187988281,85.55839727697006,84.7180973823101,84.83268069126912,7183756
2013-02-01,86.39871215820312,86.4750969795899,85.25283646676255,85.67298946814473,9147809
2013-02-04,85.21465301513672,85.90217120553253,85.10006360975753,85.5966075653566,7477740
2013-02-05,86.0931167602539,86.39868635768039,85.7493547635391,85.86394412265204,6451352
2013-02-06,85.71121978759766,85.94039257873682,85.21467569981543,85.8258031428532,8969507
2013-02-07,85.86396789550781,85.97855120572103,85.06185432088691,85.94035879585851,7997162
2013-02-08,85.94036865234375,86.16954137967964,85.74938833925066,85.94036865234375,5096488
2013-02-11,85.74937438964844,85.97854707970279,85.3674199062245,85.90215618301801,4118718
2013-02-12,86.24591064453125,86.51328179963689,85.86395619482666,85.86395619482666,7156588
2013-02-13,89.33976745605469,89.6835295183653,88.00291769401348,88.27028886254675,17721024
2013-02-14,89.41617584228516,89.72174555779817,88.2703061308338,88.80504857251182,11267023
2013-02-15,88.95781707763672,89.95090482303159,88.72864438576684,89.68353364220403,8196873
2013-02-19,90.7148208618164,90.7148208618164,89.41616343253146,89.45436192190402,8600843
2013-02-20,89.41617584228516,90.71483345180619,89.18700311612015,90.56205163436285,7951570
2013-02-21,89.57020568847656,89.91678067055445,89.03109381776316,89.26214176235462,9976385
2013-02-22,90.07078552246094,90.30183952788693,89.45465785567043,89.9167536057633,5808381
2013-02-25,87.83734893798828,90.60994304394289,87.83734893798828,90.49441599063478,10771095
2013-02-26,88.76152038574219,89.14660023078562,88.22240247230097,88.45345650970744,8621146
2013-02-27,89.99380493164062,90.10933197975571,88.56899994667049,88.64601593528656,6192340
2013-02-28,89.4161605834961,90.34035835640958,89.33914461328501,89.99378342526946,8286931
2013-03-01,89.30066680908203,89.87829599628371,88.56901175449579,88.64602775337946,8602491
2013-03-04,89.60871887207031,89.6472237985591,88.68452094137925,89.146616841534,5312078
2013-03-05,90.8409652709961,91.30306722286196,90.26334242894916,90.34035839919672,7455079
2013-03-06,91.14903259277344,91.80367138575107,91.14903259277344,91.80367138575107,6581015
2013-03-07,91.18755340576172,91.7651763314453,91.14904848025289,91.26456938716076,4789984
2013-03-08,91.53414916992188,92.0347562278684,91.18757410974615,91.88072423009758,6041206
2013-03-11,90.95648956298828,91.45709641977015,90.30185077033205,91.2260485159586,7292156
2013-03-12,90.1478271484375,90.87948815664507,89.83976322732777,90.8409771013157,7635572
2013-03-13,90.4559097290039,90.57143065023024,90.1093347045606,90.26336668645048,5039690
2013-03-14,91.2260513305664,91.49560416147294,90.53290146736559,90.68693340799233,7225926
2013-03-15,90.26334381103516,91.34157354139101,89.95527992532794,90.26334381103516,12281266
2013-03-18,89.53169250488281,89.91677237701712,89.0695905279408,89.22362247679452,7031912
2013-03-19,89.80125427246094,89.95528622610347,89.22362525072991,89.72423216525864,7543176
2013-03-20,90.34036254882812,91.64964636393735,89.83975565403422,91.3800873904989,8190822
2013-03-21,89.68570709228516,90.87946366038416,89.68570709228516,90.1863138943422,8042651
2013-03-22,89.99380493164062,90.10933197975571,89.64722991767735,89.80126802529145,6386333
2013-03-25,89.4931869506836,90.41738483096685,88.7615320834872,90.3018639274197,8697954
2013-03-26,89.03109741210938,89.72424127386722,88.60750643139987,89.6087203620984,6750949
2013-03-27,88.95408630371094,89.10812442243181,87.99138331140425,88.64602232703399,5736643
2013-03-28,89.03109741210938,89.33916135066842,88.53049044676011,89.10811339674913,6500033
2013-04-01,88.8770523071289,88.95406828569824,88.45346749018815,88.68451542589615,5727712
2013-04-02,89.87828826904297,89.99380919224522,88.95408410113139,89.22364313924041,6088781
2013-04-03,88.56900024414062,90.10933228239925,88.2609362886417,90.03231629352452,10969429
2013-04-04,88.8770523071289,89.06959531874283,88.4149564357129,88.60749944732682,6358372
2013-04-05,88.29940795898438,88.33791900410714,87.64476923493474,87.79880115466645,6552449
2013-04-08,89.03109741210938,89.03109741210938,87.91435643926037,88.76153840067938,6362858
2013-04-09,88.800048828125,89.53170992309462,88.18392091284367,89.53170992309462,6607953
2013-04-10,90.80247497558594,91.07202784967596,88.80004103549864,88.95407300080193,8298971
2013-04-11,90.8409652709961,91.34157214279547,90.22483137863513,90.68693333050098,5651488
2013-04-12,90.34036254882812,90.84096944362203,89.83975565403422,90.45588957469624,5682766
2013-04-15,87.83734893798828,89.72424993947257,87.83734893798828,89.64723394739457,9693147
2013-04-16,88.95408630371094,88.95408630371094,88.18392636201855,88.83856537764828,7515320
2013-04-17,87.64480590820312,88.68453099701452,87.22121488650762,88.41497195950242,8904217
2013-04-18,87.29820251464844,87.99135234864558,86.91312267930573,87.64477743164701,8590806
2013-04-19,83.75546264648438,84.83369256220475,83.21635075381501,84.48711756601219,22710344
2013-04-22,82.21511840820312,83.48589116090936,81.29092059990593,83.44738623951987,18326562
2013-04-23,82.79273986816406,83.52439461178955,82.25362197472622,82.98527671835171,13665197
2013-04-24,84.56410217285156,84.83365493443593,83.37034574442765,83.52437764544126,10747496
2013-04-25,84.525634765625,85.60386475969538,84.3716027850981,85.52684876943194,8651735
2013-04-26,85.52684783935547,86.25850280409277,84.60264983586234,84.64116089576632,9809727
2013-04-29,85.75789642333984,85.95043946347805,84.71817749343408,85.91193453367964,7622802
2013-04-30,85.83489227294922,86.18146721172454,85.52682838531811,85.83489227294922,7105946
2013-05-01,85.29578399658203,86.06594987788685,85.10324099366059,85.10324099366059,8179888
2013-05-02,85.95043182373047,85.95043182373047,85.29579290190696,85.68087281757329,5769820
2013-05-03,86.91316223144531,87.9913923914624,86.83614622932859,86.91316223144531,9498987
2013-05-06,86.95162200927734,87.18266989563355,85.95040837135393,86.87460604715861,5960203
2013-05-07,87.33674621582031,87.76033725825472,87.10569822823315,87.37525114856024,5886712
2013-05-08,88.60749053955078,88.64599545977394,87.10566991285614,87.33671782533672,8341747
2013-05-09,87.72183227539062,88.9540944249831,87.37525720479647,88.53050948357131,6254500
2013-05-10,88.18391418457031,88.22241911114652,86.99015724422118,87.68330722640862,7327649
2013-05-13,87.9913558959961,88.10688291644647,87.10566917381146,88.02986694627305,6319081
2013-05-14,88.60749053955078,88.83853845203137,87.8373247009016,87.99135664255533,8261412
2013-05-15,89.4931869506836,89.53169800545345,88.22241409899647,88.72302102871734,8378409
2013-05-16,89.60871887207031,89.91678280550681,88.95407381794541,88.95407381794541,6890711
2013-05-17,90.34036254882812,90.41737852261328,89.3391487592403,89.60870773267875,8563012
2013-05-20,90.76394653320312,90.8024575823429,90.22482862752832,90.34035564456731,6861811
2013-05-21,91.11052703857422,91.57262900467441,90.84096806921416,90.84096806921416,7055909
2013-05-22,91.88069152832031,92.9204163387931,91.45710062002183,91.57262764242346,14296358
2013-05-23,91.11052703857422,91.4571019805542,90.30185626087473,90.57140909985411,9261175
2013-05-24,90.60990905761719,91.14902693033092,90.45587713123611,90.49438204764141,8558317
2013-05-28,90.8794937133789,91.80369166359854,90.80247772839242,91.53413265095497,9874516
2013-05-29,91.03353118896484,91.26457915789787,90.10933318285068,90.18634917249501,8187170
2013-05-30,90.8794937133789,91.49562159327088,90.49440765806474,90.80247772839242,6123627
2013-05-31,89.80125427246094,91.61113892333223,89.7627432188598,90.84097302473855,10276107
2013-06-03,91.03353118896484,91.5726492468573,89.8012692242733,89.99380613319313,9435366
2013-06-04,91.11052703857422,91.49560690167381,90.14781818525421,90.84096806921416,8075494
2013-06-05,89.80125427246094,90.80246810151843,89.37766333475346,90.68694107109602,9338922
2013-06-06,90.03228759765625,90.07079251463,88.95405183631064,89.53168076433722,8905176
2013-06-07,91.88069152832031,92.22726646514458,90.37887088900223,90.64842372397167,10233039
2013-06-10,91.57261657714844,92.11172831232379,91.03349871159321,91.95769638798798,8685872
2013-06-11,90.80247497558594,91.22606594536074,90.41738893194622,90.45589998846279,7550020
2013-06-12,90.49440002441406,91.3800929726187,90.18633611045479,91.2645659396934,7061542
2013-06-13,91.18755340576172,91.6111443686472,89.87827559159642,90.30186655448192,7288671
2013-06-14,90.5714340209961,91.45712714539867,90.34038603956243,91.18756810186822,5810405
2013-06-17,91.53414916992188,91.84221316546349,91.07204704622666,91.45713317103646,8195892
2013-06-18,93.69059753417969,94.1526995993527,91.53413757772428,91.76518554511978,15183693
2013-06-19,92.34278106689453,93.76758563768254,92.34278106689453,93.18996282578256,9615608
2013-06-20,90.24674987792969,91.9546458485223,90.05266910508726,91.72174644937459,13090041
2013-06-21,90.67371368408203,91.76055476708581,90.09147761030647,91.52766157344384,13568294
2013-06-24,89.004638671875,89.85858664109995,88.34477147183986,89.74214312305955,10174530
2013-06-25,89.70330810546875,90.24673168816048,89.04344102601503,89.93620127833346,7630585
2013-06-26,90.24674987792969,90.98424816365214,89.3539832663281,90.94542953734687,6788133
2013-06-27,90.5184555053711,91.13950404885331,90.28555612222371,90.86779222140906,6440961
2013-06-28,90.01385498046875,90.98425271386951,89.89741145441342,90.5184662509636,9582431
2013-07-01,90.59610748291016,91.76057995004139,90.01386507000156,90.09150233519709,7466931
2013-07-02,88.88816833496094,90.59606375811354,88.81053728657581,90.32435199909563,9926306
2013-07-03,88.92700958251953,89.19872142957418,88.34477344131216,88.61648528836679,4475489
2013-07-05,90.20792388916016,90.20792388916016,89.08226414962537,89.93621206522535,4734313
2013-07-08,90.5184555053711,91.33358480836227,90.32437474586213,90.67371764124165,7403560
2013-07-09,91.68291473388672,92.38160042580672,91.25594083097347,91.29475326977976,6581494
2013-07-10,91.37242126464844,92.10992587285659,90.67374146962311,92.07110723901692,5937918
2013-07-11,92.92504119873047,93.00267227521094,91.72175024426963,92.80859767368085,6806224
2013-07-12,92.226318359375,93.15789708303173,91.56645138414727,93.11908465002173,6939621
2013-07-15,91.72172546386719,92.14869935882568,91.45001985926315,92.10988692074248,7481266
2013-07-16,90.9454116821289,91.87699673713864,90.5960750106762,91.83817811845458,7969306
2013-07-17,91.37242126464844,91.64413316349653,90.94544718912803,91.37242126464844,5604351
2013-07-18,91.72172546386719,92.92501609323573,91.45001985926315,91.60528197027705,8646581
2013-07-19,95.95268249511719,96.84544300707844,93.54610047091658,93.97307450168306,21640116
2013-07-22,96.49608612060547,96.72898550691019,95.99148108251461,96.14674322049001,8672163
2013-07-23,95.91386413574219,96.57373140896631,95.60333981407025,96.53491895842859,6792577
2013-07-24,95.56451416015625,96.41846216133106,95.33162093602006,96.22438138487985,5735078
2013-07-25,95.83621215820312,95.83621215820312,95.17634502886325,95.52568790424111,6249784
2013-07-26,95.68093872070312,95.71975115818974,95.09870272368035,95.68093872070312,6492563
2013-07-29,95.05989837646484,95.4868723289541,94.94344868784363,95.21516050839887,5339371
2013-07-30,95.02107238769531,95.64212082689963,94.71054198875264,95.37040904507748,6510570
2013-07-31,94.5941162109375,95.83621950129829,94.55529758654731,95.37042690532444,8128411
2013-08-01,95.56451416015625,96.5349118630702,95.17635878659593,95.48688308544419,6664187
2013-08-02,95.8750228881836,95.8750228881836,94.7105507772795,95.17634332924578,5367081
2013-08-05,95.17635345458984,95.48687773604179,95.05990375937448,95.37042804082644,3749992
2013-08-06,94.36119079589844,95.09869502115484,94.12829765182062,95.05987640747188,4780761
2013-08-07,94.47766876220703,94.47766876220703,93.50727110215102,93.97306370919362,5836613
2013-08-08,94.43885040283203,95.25398592261652,94.01187641989974,94.98227408268836,4668293
2013-08-09,94.12834167480469,94.86584006564252,93.97307950613808,94.47768464397599,4332555
2013-08-12,94.20594787597656,94.32239756138942,93.39081861611024,93.70134287142288,5710226
2013-08-13,93.93421936035156,94.32238078981416,93.5460641102291,94.32238078981416,5953901
2013-08-14,93.42964935302734,94.2835974016919,93.35201827399807,93.93425445638891,5839158
2013-08-15,93.15790557861328,94.16712161900547,92.84738136885588,93.04146208962442,8338617
2013-08-16,92.96383666992188,93.3519919556372,92.61449382310774,92.6921248802508,7577668
2013-08-19,92.57568359375,93.00265753639808,92.22634071527963,92.76976434386492,6722884
2013-08-20,92.07108306884766,92.5756881002371,91.72174017337164,92.26516382841022,6354074
2013-08-21,91.64408874511719,92.34277438084426,91.45001420801313,92.07106261369037,6655695
2013-08-22,92.30398559570312,92.38161666630376,91.64411222658504,91.83819299275753,6475411
2013-08-23,92.30398559570312,92.57569125313447,91.76056192215688,92.49806018253383,4317302
2013-08-26,91.64408874511719,92.34277438084426,91.45001420801313,92.14869366440003,5414552
2013-08-27,89.97505187988281,90.79018136433045,89.70333999195262,90.67373782617675,10723750
2013-08-28,90.0526351928711,90.82895181255184,89.89737310480288,89.89737310480288,6022530
2013-08-29,89.70330810546875,90.44080624254404,89.62567704784718,89.89738883919304,4612392
2013-08-30,89.81976318359375,91.21712848416438,89.4316016928,90.9842352972928,9655963
2013-09-03,89.50924682617188,91.02306822716652,88.96582930471155,90.47964452636413,10860820
2013-09-04,89.93618774414062,89.97500635678009,89.12105867210978,89.23750833068839,6599940
2013-09-05,89.89738464355469,90.6348827462099,89.62567286488999,90.59607030888091,6322941
2013-09-06,89.89738464355469,90.75133241687774,89.12106792423005,89.85856602688526,7664472
2013-09-09,90.7901611328125,91.0618729601949,89.97503183000681,90.24674365738923,5880473
2013-09-10,92.65332794189453,92.92503979514326,91.68293641087466,91.87701718881549,7452951
2013-09-11,93.50726318359375,93.50726318359375,92.07107921745859,92.96384573062821,7220459
2013-09-12,92.57568359375,93.93423648587196,92.26515933703912,93.77897435751652,6401252
2013-09-13,92.30398559570312,92.76977201930696,92.18753590013128,92.26516697073191,3979499
2013-09-16,93.7013168334961,94.05065961331731,92.8861878001396,93.39079266447257,7666496
2013-09-17,94.90463256835938,94.98226363131931,93.58489213935809,93.66252938165918,7472231
2013-09-18,96.49608612060547,96.69016688274553,94.71055917520513,94.9822710063329,10660964
2013-09-19,95.67466735839844,97.35660537628267,95.43998050483286,97.00457198246812,10373260
2013-09-20,93.91452026367188,96.06583230131032,93.87540266892697,96.02671470656541,14179215
2013-09-23,94.97062683105469,95.36177166950644,94.46213542760057,94.65770473335961,8641657
2013-09-24,95.1270751953125,95.98759998025912,94.73592416928238,94.73592416928238,6890919
2013-09-25,94.77503967285156,95.75291098943158,94.65769312224343,95.04884413964861,6144723
2013-09-26,94.85327911376953,95.8702619083234,93.71894975563883,95.04885464408638,7148659
2013-09-27,94.07097625732422,94.2665517731667,93.64071385863065,94.2665517731667,5373842
2013-09-30,93.44513702392578,94.18832148286481,93.1713387779304,93.40602565746917,7374869
2013-10-01,94.54034423828125,94.73591350234284,93.48424405923282,93.64070196125503,6048112
2013-10-02,95.16619873046875,95.24442770029115,94.07098692602132,94.42302040368904,7141377
2013-10-03,94.26653289794922,94.85325310106309,93.24955038229425,94.73590656966756,7819028
2013-10-04,94.07097625732422,94.57946761696815,93.48425593672992,94.57946761696815,6949971
2013-10-07,93.6407241821289,94.38390873349005,93.09312139510544,93.249579334255,6047361
2013-10-08,92.58462524414062,93.56249042727914,92.58462524414062,93.56249042727914,8845353
2013-10-09,92.19343566894531,93.24953560332989,91.91963129037181,93.24953560332989,7323100
2013-10-10,94.85327911376953,94.85327911376953,93.1713469884587,93.48426285541878,7965780
2013-10-11,95.43997955322266,95.79201294352715,94.65768382220512,95.12706375158855,7131736
2013-10-14,95.36173248291016,95.36173248291016,94.50120796499436,94.69678341732008,4596179
2013-10-15,94.61857604980469,95.63555867062684,94.46211814305244,94.93149186330918,5919159
2013-10-16,95.28353118896484,95.43998910544116,94.38389505575958,95.2444135963793,6307980
2013-10-17,96.53518676757812,96.53518676757812,94.77502612172493,95.36174633700934,9482106
2013-10-18,99.93818664550781,100.72048244067936,98.13890818469308,98.60828192563633,20554739
2013-10-21,102.24595642089844,103.06736358086894,100.87694033632572,101.18985616356538,12682983
2013-10-22,101.77656555175781,102.63709021142837,101.62010765489629,102.44151472688539,9046107
2013-10-23,100.52490234375,101.69834286944487,100.29021548399754,101.65923150628572,8251709
2013-10-24,101.46365356445312,101.77656936991526,100.40755338061989,101.0725025806931,7223694
2013-10-25,101.22895812988281,102.01125380416075,100.91603612401252,101.97213621832752,5711791
2013-10-28,102.05039978027344,102.32420429318958,100.75961241389784,101.22899246845894,6667171
2013-10-29,102.5197525024414,102.8717796658422,101.97214362260499,102.44151732509424,8020136
2013-10-30,103.14559173583984,103.57585410841598,102.44152490309112,102.83267591103275,8313181
2013-10-31,102.24595642089844,103.41939699997997,102.16772746408851,103.06736358086894,8941692
2013-11-01,103.81051635742188,104.20166102220497,101.81566299970076,101.89389193265738,11608811
2013-11-04,103.38027954101562,104.00611115860363,102.91089960089218,104.00611115860363,5877197
2013-11-05,103.34114074707031,103.73228542780456,102.71530303096436,102.94999606633607,5195164
2013-11-06,105.21868896484375,105.53160483224484,103.4585278703123,103.53675683716256,12239868
2013-11-07,104.04524230957031,106.35300604062188,104.04524230957031,105.37514089721809,12424075
2013-11-08,105.805419921875,105.8445250665131,103.26295660007827,103.34118557015606,7868418
2013-11-11,105.64893341064453,105.76627372056146,105.17954726324808,105.68803854470727,4984583
2013-11-12,105.805419921875,106.15745340069198,104.86665982707378,105.29692850290242,7837390
2013-11-13,106.19652557373047,106.19652557373047,104.63193420407686,105.49245883469315,7176640
2013-11-14,105.5707015991211,106.39210870244497,105.06221030145728,106.19653321044123,6772045
2013-11-15,106.39213562011719,107.29177812940192,105.49249311083246,105.64896350711493,10787517
2013-11-18,106.4703598022461,107.5655652858321,106.04009116472305,106.70504046465264,8155370
2013-11-19,105.72718811035156,106.90062892602701,105.2969318746134,106.11833920019942,7453827
2013-11-20,105.45335388183594,106.27476092749077,105.14043809814493,105.57069418725409,6319624
2013-11-21,105.25779724121094,105.68805340732165,104.67107070138785,105.68805340732165,6335294
2013-11-22,105.92273712158203,105.96185471154146,105.06221241179945,105.10133000175888,4600540
2013-11-25,104.55374908447266,106.27479896462317,104.55374908447266,106.15745861720738,6747172
2013-11-26,104.74932861328125,105.4142780303531,104.51463545566286,104.51463545566286,7626808
2013-11-27,104.94490814208984,105.21870645811968,104.63197976879523,104.94490814208984,4738236
2013-11-29,104.27994537353516,105.1013589465068,104.16259879827228,104.63197264545533,4466600
2013-12-02,104.27994537353516,104.59286749859139,103.88880050088261,104.24082777280279,7230287
2013-12-03,103.88877868652344,104.04523660273172,103.02825392044491,104.04523660273172,6832807
2013-12-04,104.20169067382812,104.27991962904558,102.48064120517897,103.02825011863376,9378756
2013-12-05,103.4585189819336,104.20169721662965,103.0673679543534,104.16257962309841,5937563
2013-12-06,105.3751220703125,105.5315799671488,104.35813951394437,104.71017289529212,5289021
2013-12-09,106.35298156738281,106.90059040506877,105.14043604275025,105.33599906333615,6411268
2013-12-10,106.15741729736328,107.1352822042382,105.88360665481113,105.9618418252156,6440293
2013-12-11,103.96701049804688,106.11832247228685,103.81055257754454,106.0400872851026,8380162
2013-12-12,103.81051635742188,104.43634782107485,103.5758233316211,103.65405226457773,6460220
2013-12-13,104.98399353027344,105.3751445828626,103.69321249214288,104.00612835266743,8311783
2013-12-16,105.53158569335938,105.96185427340407,105.10132956717963,105.37512778803357,8379870
2013-12-17,105.72718811035156,106.15745679995783,105.37515462026211,106.00098640092419,7643835
2013-12-18,107.2135009765625,107.44819402527843,104.98396060228181,105.72714487832971,11532503
2013-12-19,107.72613525390625,108.0415955231238,105.79401486341898,107.13467392771896,10586659
2013-12-20,107.88386535644531,108.31760279997413,106.54319381591877,107.52898355963424,16307944
2013-12-23,108.04161071777344,108.39649258524862,107.52900497082426,108.15990048872017,6239706
2013-12-24,108.86963653564453,109.06679447350399,107.88385940097898,107.96271504334369,3152822
2013-12-26,109.73712158203125,110.24972718764786,108.83020010913062,109.14564778110521,5167579
2013-12-27,109.73712158203125,110.17085899233845,109.46109545307982,109.77655567968596,3962639
2013-12-30,109.97369384765625,110.32857559401576,109.61881210129674,109.77654848157272,4972898
2013-12-31,110.52574920654297,110.7623412559162,109.73712996635304,110.01314356176138,6323859
2014-01-02,108.43585968017578,110.17083403768076,108.08097799093028,109.8553864371578,8649816
2014-01-03,108.3570327758789,108.83020430207087,108.08100663629293,108.5147566179429,5752981
2014-01-06,107.4895248413086,109.34278904764024,107.05577494248631,109.06677551539305,6125610
2014-01-07,107.60782623291016,108.39645793280333,107.29237857480528,108.35702383688246,5159796
2014-01-08,107.29240417480469,107.8838780908504,106.93752233610404,107.84444398552056,5397859
2014-01-09,107.33181762695312,107.88385733144351,106.18830412023058,107.76555503821812,6533502
2014-01-10,106.3066177368164,107.3712631614572,105.91230182666065,107.21352675368857,8102057
2014-01-13,105.39970397949219,106.85865286782017,105.2025460097973,106.38548127333276,7181982
2014-01-14,106.3460464477539,106.4643487615494,105.439137369791,105.83344075187472,5205264
2014-01-15,107.80499267578125,108.04158471536903,106.50376784462841,107.05579501261326,6648663
2014-01-16,107.25297546386719,107.52900166042512,106.77980384001238,107.33184367849363,6812463
2014-01-17,104.80821990966797,106.14888510508037,103.62527855434739,105.99116126498855,20290427
2014-01-21,103.66471099853516,105.43911986453841,102.67892759772047,105.39968576648687,12506934
2014-01-22,102.48176574707031,103.74356259949035,102.48176574707031,103.70412850536071,10156273
2014-01-23,101.8114242553711,102.44232578409482,100.66792347353507,102.44232578409482,12112292
2014-01-24,98.38092041015625,100.90452053130964,98.38092041015625,100.82565861602193,19949139
2014-01-27,98.85408020019531,99.72156738790217,98.18374462619316,99.60327139782781,12634072
2014-01-28,100.39193725585938,101.02283899569747,99.76103551602127,99.87933155390246,10521953
2014-01-29,99.72158813476562,100.62850332296944,99.2089762560052,99.91873978948732,8269216
2014-01-30,100.54963684082031,100.90451859145028,99.87930743510388,100.54963684082031,6279519
2014-01-31,99.0906753540039,100.0764523484912,98.89351744418045,99.40612298786944,8416177
2014-02-03,96.01506042480469,99.40614846731121,95.896770670443,99.09070075259122,15743847
2014-02-04,96.88250732421875,97.71056664438015,96.21217807264571,96.72478353294439,9568409
2014-02-05,96.68537902832031,97.15855051619418,95.89675360454835,96.44878700706788,8400673
2014-02-06,98.38092041015625,98.97238791347185,97.0796893919357,97.78945290684064,9332287
2014-02-07,99.32725524902344,99.68213695494858,98.57806402391184,99.3666893395994,7244936
2014-02-10,98.77523040771484,100.11589552795284,98.30205891397127,100.11589552795284,6886767
2014-02-11,100.27365112304688,100.62853299442887,99.20900550890093,99.4061634990726,6799755
2014-02-12,100.11591339111328,101.06226282476824,99.95818953172358,100.82567703568367,5264106
2014-02-13,100.31304168701172,100.31304168701172,99.011810815903,99.48498225413444,6751721
2014-02-14,101.49600982666016,101.92975359252873,100.07648249206598,100.43136432571453,5201612
2014-02-18,101.14109802246094,102.67891466103448,101.14109802246094,102.560624936415,6096272
2014-02-19,100.15531158447266,101.61427254545822,100.03702186358696,101.25939082817145,7072205
2014-02-20,99.91667938232422,100.71219518245326,99.51892464834052,100.67242287513571,6734548
2014-02-21,99.20072174072266,100.19511175057954,99.20072174072266,99.9166802682414,7750962
2014-02-24,100.59284973144531,101.22925716538909,99.2802499006959,99.51890268842482,7934021
2014-02-25,100.51332092285156,101.3486090298104,100.11555985693848,100.95084796389732,6904712
2014-02-26,100.63262939453125,100.87128219972536,99.83711371172348,100.75195896320866,6214875
2014-02-27,101.4281234741211,101.66677622848447,100.0359729087624,100.27462566312576,4760292
2014-02-28,101.30880737304688,102.18387392064703,100.672399943636,101.58723878949424,6142344
2014-03-03,99.91667938232422,100.27466180899037,99.12116991435683,100.27466180899037,7138455
2014-03-04,102.0247802734375,102.34299034591017,101.26904322411627,101.50769602935024,7645045
2014-03-05,103.13849639892578,103.25782596380766,102.02477701128346,102.54186123883741,6286718
2014-03-06,104.2919921875,104.53064497999706,103.49647654701607,103.65557840868078,7284623
2014-03-07,103.93402099609375,104.80908766139981,103.2976134810792,104.729536722023,5693136
2014-03-10,103.5760498046875,103.93403223667993,102.7805339927223,103.89425992877064,4645548
2014-03-11,103.01920318603516,103.81471907535341,102.46234016386367,103.65561083175987,5188112
2014-03-12,102.4623031616211,102.74073457215681,101.94521897012335,102.14409945367173,4896068
2014-03-13,100.79176330566406,103.41696399381462,100.27467889728557,103.41696399381462,7901011
2014-03-14,99.87690734863281,100.95084829941182,99.79735640161813,100.43376397773557,6147456
2014-03-17,101.14971923828125,101.94523496512956,100.43375445090166,100.47353308671656,9517913
2014-03-18,102.0247802734375,102.34299034591017,101.30881552557491,101.50769602935024,4963049
2014-03-19,100.55310821533203,102.2236910103743,99.87692190110334,101.98503813455757,7354671
2014-03-20,100.51332092285156,100.911075656603,99.91667932398192,100.911075656603,7451803
2014-03-21,101.03035736083984,102.74071784297125,100.79170461873746,102.1838551125733,11509571
2014-03-24,101.07018280029297,101.54749483775079,100.23489464994427,101.38838660382353,6499115
2014-03-25,102.22367095947266,102.26344326489291,100.99062184470166,101.7463589693001,6500763
2014-03-26,101.90546417236328,103.09873461424708,101.82590689955394,102.62142263819686,6641735
2014-03-27,102.66121673583984,102.82031864109766,101.46794611424416,101.74637128236427,6183993
2014-03-28,102.93963623046875,103.49649283392596,102.54187518155221,103.01918717381977,6195470
2014-03-31,102.97940826416016,103.73515172224157,102.66120449159621,103.49649256065725,6695737
2014-04-01,102.89985656738281,103.37716855489427,102.42255091203268,102.7407546822661,5946035
2014-04-02,103.5760498046875,103.65560075266785,102.8998635807737,103.09874411680542,5509451
2014-04-03,104.33179473876953,104.45111799629468,103.61582986497127,104.01358461032484,4644693
2014-04-04,103.49651336669922,105.0079942545557,103.3771900940807,104.88866464977455,6915229
2014-04-07,102.82032775878906,103.57606504186045,102.38279431445034,103.21808255720488,6351444
2014-04-08,102.42253875732422,103.09872485490641,102.10432869269216,102.46231105780286,5616328
2014-04-09,103.2180404663086,103.25781909601034,101.78611744376748,102.86006445979338,5253590
2014-04-10,101.74635314941406,103.85446884878286,101.70658084626878,103.7749179103313,7573119
2014-04-11,101.14971923828125,102.4623192377568,101.14971923828125,101.46792932831721,7787248
2014-04-14,102.2634506225586,102.42255885217122,101.14973100824102,101.7463662897625,5230533
2014-04-15,102.70097351074219,102.97940496890675,101.74635589143594,102.10433829019593,6319811
2014-04-16,103.89425659179688,104.21246037349789,102.97941122116414,103.45672322587721,6989471
2014-04-17,105.6443862915039,106.43989571741348,105.20685294117298,105.28640388376394,14535109
2014-04-21,105.76371765136719,106.2410233435222,105.64439439440935,105.92281954875219,5243950
2014-04-22,105.72392272949219,106.47965974650496,105.68414409757341,106.20122831955486,5800097
2014-04-23,105.08753204345703,106.04214976557962,104.96820245363102,105.68416732826341,6169533
2014-04-24,105.24661254882812,105.96257727792992,104.3317736533229,105.16706161583464,5337180
2014-04-25,105.8034896850586,106.59899912230924,105.60460915966523,105.6841601033903,7042387
2014-04-28,106.51947021484375,106.79789539284882,105.5250737734351,106.28081101632178,7212822
2014-04-29,106.43989562988281,106.91721394935865,105.76370945233508,106.71833342696416,5774974
2014-04-30,106.95697021484375,106.99674884857683,106.00235265901816,106.59898783988906,6085651
2014-05-01,106.47967529296875,106.71833445500573,105.9625909954909,106.32057340638501,5379246
2014-05-02,106.1216812133789,106.87742458979535,106.04213027883412,106.47966358491077,4898030
2014-05-05,105.72392272949219,106.16145601979653,105.4057126706233,106.16145601979653,3461621
2014-05-06,104.17266845703125,105.52504702121175,104.17266845703125,105.44549608592592,5223688
2014-05-07,105.52503967285156,105.52503967285156,104.49087125399063,104.49087125399063,5074599
2014-05-08,105.16707611083984,105.80348999466406,104.61021317097348,105.32617799875554,4358304
2014-05-09,105.08753204345703,105.68416732826341,104.64999865697743,105.64439501976264,3638629
2014-05-12,106.79790496826172,106.83768361563601,105.44553227214215,105.7239638072735,4947545
2014-05-13,107.0762939453125,107.19561716862748,106.47965250009757,106.9569580576775,4274005
2014-05-14,106.43989562988281,107.23541771946081,106.08191955459854,107.03653719706631,4327986
2014-05-15,105.8034896850586,106.59899912230924,104.68977014074629,106.28079534740898,7049252
2014-05-16,106.0819091796875,106.12168148097984,104.88863249418539,105.36594443481837,6018002
2014-05-19,105.84327697753906,106.16148712965715,105.32619260402976,105.60462411257222,3782981
2014-05-20,104.6102066040039,105.88303429174981,104.01357139569348,105.8432556561873,4898781
2014-05-21,105.365966796875,105.48529005823698,104.80910380331235,104.88865475494102,3639881
2014-05-22,105.44547271728516,105.68412547025282,104.64995720856693,105.08749042175398,3261117
2014-05-23,105.44547271728516,105.72390409516044,105.1272690466616,105.60457455259694,3095106
2014-05-27,105.68413543701172,105.92278821248603,105.20682988606309,105.60458451185362,3822230
2014-05-28,106.04214477539062,106.24101897285946,105.52506046408088,105.64439004829141,3798839
2014-05-29,106.36035919189453,106.36035919189453,105.60461568159114,106.16147865421871,3135085
2014-05-30,106.55923461914062,106.55923461914062,105.80349114508161,105.96259303472725,3950725
2014-06-02,106.71833801269531,106.7978826264776,105.84326494298952,106.24101967270889,3573025
2014-06-03,106.55923461914062,106.63877923180195,106.08192261804221,106.400120065172,3889753
2014-06-04,105.60458374023438,106.36032702195428,105.56481144402589,106.36032702195428,4166940
2014-06-05,106.47967529296875,106.51945393069536,105.20685386813744,105.56483627903155,5225191
2014-06-06,108.11051177978516,108.34915833559663,106.43992256747569,106.55925850970725,7039591
2014-06-09,109.14462280273438,109.50260511112184,107.43426851346943,107.63313631651215,5901444
2014-06-10,109.0252914428711,109.2241719184766,108.34910542440416,108.62754315597972,4557681
2014-06-11,107.99113464355469,108.82643526324087,107.6331522820666,108.66732073429418,5158544
2014-06-12,107.23542022705078,108.03092967090834,106.95698242345846,107.79227050558961,5371505
2014-06-13,107.55364227294922,107.6729655437146,106.91723460976715,106.91723460976715,3992019
2014-06-16,106.67855834960938,107.27518727238046,106.40012054323623,107.19564265936174,5567334
2014-06-17,106.87745666503906,107.31498377026232,106.12171306181463,106.55925283136303,4444210
2014-06-18,106.95697021484375,107.15585071918764,106.16146086178969,106.91720424543216,5474730
2014-06-19,107.99968719482422,108.20020829161307,106.91688731783478,106.91688731783478,6594807
2014-06-20,108.1601333618164,108.4408680874881,107.75910381896318,108.36065451764048,10382650
2014-06-23,106.99706268310547,108.52100468951961,106.67623413110115,108.48091069710962,6519522
2014-06-24,106.59602355957031,107.79914335962056,106.31529539341213,106.91685210124051,5512623
2014-06-25,105.95439147949219,106.31532688799048,105.63356284278053,106.15491256963466,5479717
2014-06-26,105.43303680419922,106.11480081741097,105.0721014126412,106.11480081741097,4832405
2014-06-27,105.99449157714844,105.99449157714844,105.19241365147818,105.43303511386077,7335558
2014-06-30,105.39292907714844,106.07469946856364,105.15230761309338,106.03459269902362,6189147
2014-07-01,105.87419891357422,106.2752347647409,105.31274233754459,105.3528491148594,5855997
2014-07-02,106.71636962890625,106.87678395770173,105.63356971733887,105.67367010733985,4441185
2014-07-03,107.71895599365234,107.83926353379223,107.3981273740859,107.5184349142258,4280473
2014-07-07,107.27780151367188,107.63873688420371,106.99707967827574,107.47832258272172,5271430
2014-07-08,105.75386047363281,106.87676698123278,105.67365332197531,106.75645944594389,6073235
2014-07-09,105.55337524414062,105.99451789356684,105.31274733761974,105.99451789356684,7891705
2014-07-10,105.0721206665039,105.43305612420126,104.6710848159492,104.79139237891748,6935615
2014-07-11,106.4757080078125,106.4757080078125,104.75124504657227,105.03196682396978,7395026
2014-07-14,106.91688537597656,107.71896336416874,106.75647105521722,106.79657144320932,5273684
2014-07-15,106.71636962890625,107.47834088288266,106.47574813571303,107.27781977969042,8646999
2014-07-16,108.36061096191406,108.88196064998134,106.91687581972585,107.0371897417394,9803717
2014-07-17,106.71636962890625,108.20021174685812,106.67626923890528,107.9595966380607,7835032
2014-07-18,106.11478424072266,107.39811129565327,105.27260604824464,107.35800453201428,11560506
2014-07-21,104.18981170654297,105.59344644073624,103.14711234793023,105.59344644073624,12382634
2014-07-22,104.35025024414062,104.67108531049651,103.66848610277833,104.55077136256351,7206062
2014-07-23,103.90908813476562,104.63095891824435,103.90908813476562,104.55075176279061,6689874
2014-07-24,104.02940368652344,104.59086016787242,103.86898937310806,104.06950407267969,4592820
2014-07-25,103.42784118652344,104.22991909431575,103.18721972950419,104.14971194197601,5140203
2014-07-28,102.6257553100586,103.18721171723575,102.02419852202267,102.94658389450592,6881717
2014-07-29,102.06432342529297,103.1471297345539,102.06432342529297,102.54557280198534,4700927
2014-07-30,102.82627868652344,103.42783548812595,101.86378014268604,102.58565085836685,5391453
2014-07-31,100.86119079589844,102.50544695694052,100.86119079589844,102.3851394234464,7928158
2014-08-01,101.66327667236328,101.70337705854703,99.25704281629737,100.5403700932906,8387966
2014-08-04,101.34244537353516,101.94400222559348,100.6606749824337,101.58306683747949,5928153
2014-08-05,100.33985137939453,101.42265759786132,100.05912313189626,100.6606800140238,5778751
2014-08-06,102.02420806884766,102.54555775955657,100.6205733039552,100.78098761118949,9853566
2014-08-07,102.2647933959961,103.06687103316061,101.94396489488736,102.70593577721694,7546786
2014-08-08,102.90647888183594,102.94657926088978,101.46273754801695,102.10440107242472,4784517
2014-08-11,103.42784118652344,104.2700194782882,103.1471129611369,103.62835587517539,5816059
2014-08-12,102.7059555053711,103.70855434050794,102.62574836468742,103.66844757796915,4544723
2014-08-13,103.58826446533203,103.94919987432712,103.06691473776033,103.14712189704863,4146137
2014-08-14,103.78878021240234,104.06950206326135,103.18722335651223,103.82888059778432,4866438
2014-08-15,102.82627868652344,104.14970620380676,102.30492903284163,104.06949267149157,5877573
2014-08-18,104.55075073242188,104.55075073242188,103.66846564673077,103.74867280139405,5594210
2014-08-19,104.47052764892578,104.91167012450946,104.47052764892578,104.83146298207552,3367222
2014-08-20,105.7137451171875,105.87415939778218,104.31011058539328,104.59083876863089,6021028
2014-08-21,105.99449157714844,106.07469873127597,105.47313549872703,105.95438480788718,4629168
2014-08-22,104.87157440185547,105.75385944590879,104.71116010009936,105.63355191178906,4754241
2014-08-25,105.0721206665039,105.43305612420126,104.35024975110919,104.87159954902842,4560560
2014-08-26,104.31013488769531,105.39293472617834,104.31013488769531,105.15231324922604,5490651
2014-08-27,104.79137420654297,105.07210244544696,104.35023165523532,104.47054558173564,4418733
2014-08-28,104.31013488769531,104.6309635236317,104.10961379803739,104.39034204667941,2804189
2014-08-29,104.18981170654297,104.63095423398642,103.8689830990913,104.39033277839766,4572621
2014-09-02,103.66848754882812,104.39035847770275,103.34765886239336,103.82890189204551,5086910
2014-09-03,104.06948852539062,104.27000957940092,103.54813889247924,104.18980243467564,4165354
2014-09-04,104.10961151123047,104.79137553981779,103.82888326875475,104.22992543926156,5611299
2014-09-05,104.67105865478516,104.67105865478516,103.4679386350327,103.8689807697484,4390584
2014-09-08,104.59087371826172,105.35284499790036,104.51066016676668,104.83149521955876,4252471
2014-09-09,103.86900329589844,104.71118174641386,103.66848218505342,104.55076741149627,4520956
2014-09-10,104.06948852539062,104.39032348868594,103.66845280176426,104.2299091992354,3987533
2014-09-11,104.35025024414062,104.63097853305341,103.58827893228842,103.90910761424803,4711799
2014-09-12,103.74867248535156,104.14971464184133,103.46794425268773,104.14971464184133,5134131
2014-09-15,103.94918823242188,104.06949576568267,103.26742426262848,103.58825286385016,3202379
2014-09-16,105.1122055053711,105.35282696548285,103.78877789816406,103.94919220490522,5734639
2014-09-17,105.35282897949219,105.87417867856499,104.6710649706116,105.55335005894943,6178651
2014-09-18,105.99988555908203,106.60652259189142,105.67634108682185,105.91899461228329,6593346
2014-09-19,106.32342529296875,106.76829331591657,106.16165627340804,106.56607882230983,7980532
2014-09-22,105.47413635253906,106.24254242649361,105.27192185580456,105.91899794405607,4800417
2014-09-23,105.23149871826172,105.716812325778,105.06972966186069,105.11017514511752,4524796
2014-09-24,104.8675308227539,105.19107542230957,103.89690990071514,105.19107542230957,7106968
2014-09-25,103.33068084716797,104.66528493836884,103.24979633603262,104.66528493836884,6403193
2014-09-26,103.65424346923828,103.9373425444937,102.84539172778565,103.4520289242968,6036991
2014-09-29,102.80493927001953,103.20936186882886,102.31962571313584,102.56227927242143,6415858
2014-09-30,103.61382293701172,103.93736111607743,102.44098738042685,102.56231097841925,8513580
2014-10-01,101.75341796875,103.00713756340996,101.42987992044236,102.84536853925613,8780751
2014-10-02,101.59166717529297,102.11741981729553,101.14679905988211,101.87476623752043,5946682
2014-10-03,102.72405242919922,102.84538243286126,101.71299267249563,102.27919077183482,4519224
2014-10-06,101.99610900878906,103.65425166886288,101.38947176428955,103.53292164463745,6362650
2014-10-07,100.33795928955078,101.8747783542038,100.29752024060176,101.51079472209351,6674099
2014-10-08,102.1174087524414,102.1174087524414,99.73129938074881,100.9041345467163,7703408
2014-10-09,100.2166519165039,102.3601085686512,100.01443732410496,102.03656393314992,7097161
2014-10-10,98.1540756225586,100.5806313127896,97.91142198502986,100.2570866911034,9981831
2014-10-13,96.85987091064453,98.39668299741928,96.65765642195413,98.03269949310118,8149256
2014-10-14,97.46654510498047,99.65044052535477,97.26433053918029,97.79008325960956,8815222
2014-10-15,98.19449615478516,98.67980330648342,95.80838656315305,96.49590824721538,13695870
2014-10-16,98.07312774658203,99.12463260185147,96.90029293173902,97.02162289131257,10787392
2014-10-17,100.37838745117188,102.11741433703587,99.89307387935362,101.10635458974292,10983513
2014-10-20,101.22770690917969,101.5916905818601,99.93354774722724,100.74239963781545,7067072
2014-10-21,102.92625427246094,103.24979876291903,101.63209562556443,102.19829365513213,6611375
2014-10-22,101.87474822998047,103.04758331571747,101.71297920539162,102.48138529134461,6265851
2014-10-23,102.8858413696289,103.89690125856578,102.7240658641505,102.8049568360465,6460283
2014-10-24,103.6946792602539,103.73511830247399,102.76449759112637,102.88582759441209,4290906
2014-10-27,103.20935821533203,103.9373253057321,102.64316015872926,103.7755562719348,4128275
2014-10-28,104.66532135009766,104.66532135009766,103.3711558450849,103.45204038435894,5964981
2014-10-29,103.77557373046875,104.74619453485575,102.68362291116588,104.6653100043496,6015665
2014-10-30,103.81599426269531,104.0182087720557,102.40050557379695,102.80493459251772,5461480
2014-10-31,104.3822021484375,104.8675092906533,103.81600404420628,104.58441667685048,8336363
2014-11-03,103.9373550415039,104.50354682177804,103.047618662759,103.08805771362154,7325500
2014-11-04,103.9373550415039,104.34177774169972,103.49248685213145,104.05868507071969,4706144
2014-11-05,104.42265319824219,104.7461977685685,103.81601598156145,104.7461977685685,6590738
2014-11-06,106.6065444946289,106.72786806313024,104.6248575337694,104.7057420588746,8392139
2014-11-07,106.80870819091797,107.21313708664735,105.99986327607968,106.323401242015,5506759
2014-11-10,107.0514144897461,107.29406806934094,106.68743090119732,106.80875447183821,3396560
2014-11-11,106.68743896484375,107.1727461607139,106.12124079801505,107.05142258090312,3957089
2014-11-12,107.25360870361328,107.57715320617197,106.24254903368691,106.24254903368691,5864156
2014-11-13,106.84919738769531,107.86026360252377,106.64698285706704,107.05141191832358,5305463
2014-11-14,107.01097106933594,107.21318560871799,106.68743295697517,106.88964749635723,3535550
2014-11-17,107.61756896972656,107.90066793387024,106.84916301417442,107.05137747975002,5135904
2014-11-18,109.2353286743164,109.39709774611816,107.94116322327483,107.98160227206839,7673361
2014-11-19,108.8713150024414,109.19485305677016,108.26467149310699,109.15440758082306,7039299
2014-11-20,108.58824157714844,109.07354880179014,108.18381245163313,108.38602701439078,4423094
2014-11-21,109.1544418334961,109.59930357863979,108.62868911107462,109.55887096662893,7549707
2014-11-24,109.19483184814453,109.55881530772483,108.42641946089246,109.23527731623601,5008620
2014-11-25,108.628662109375,109.31618373882756,108.54777115220419,109.23530565828158,5848381
2014-11-26,108.66909790039062,109.07351402031752,108.30511437881984,108.74997597372654,4025029
2014-11-28,107.13229370117188,108.79043607027485,106.9300791757187,108.3860070193685,6507169
2014-12-01,105.23149871826172,106.04035043858006,104.54397700940073,105.79769685397851,10217577
2014-12-02,105.35282135009766,105.95945848826517,105.27193682756284,105.43370587263249,5265108
2014-12-03,106.68743896484375,107.05142258090312,105.51460358402059,105.79770266743495,7169817
2014-12-04,105.51458740234375,106.28299356378578,104.82706576114232,106.20210904354518,6173706
2014-12-05,105.1910400390625,105.7572316307846,104.86749554833791,105.716792593389,4671777
2014-12-08,103.89686584472656,105.51456884159857,103.57332782067671,104.66527830931203,7851516
2014-12-09,103.4520263671875,103.89689449207461,102.19831295915397,102.96671919729965,6783438
2014-12-10,102.19830322265625,103.65423103192579,101.71298966069138,103.6137919907777,9454521
2014-12-11,102.76449584960938,103.89688558727258,102.36007324269845,102.40051228423324,8534363
2014-12-12,100.66149139404297,102.60273289910607,100.54016138560915,102.5218483729212,10651052
2014-12-15,99.44821166992188,101.22768414131886,98.72025092660652,101.18724509695788,13265484
2014-12-16,99.04380798339844,101.83434723407744,98.67982432294838,99.24602255882942,10096741
2014-12-17,99.7313003540039,99.97396034816686,97.30475191887358,99.52909227661797,16189945
2014-12-18,102.62977600097656,102.67060226858622,100.75190416842688,102.58895623229522,10859756
2014-12-19,104.58931732177734,104.91590151987785,102.0582702897103,102.54814658686107,18093862
2014-12-22,104.95669555664062,105.2016401440776,104.34434708590373,104.71175746813142,7352856
2014-12-23,105.65068054199219,106.14055664475849,104.50762330435059,104.87503363088871,6551927
2014-12-24,105.44658660888672,105.89564305628892,104.9158841254958,105.69152471685294,3727769
2014-12-26,105.24246978759766,105.73235250952504,105.07917771326466,105.48740789909716,3125445
2014-12-29,104.9158935546875,105.52824212910129,104.83424751136093,104.9158935546875,4352316
2014-12-30,104.38517761230469,104.91588007520781,103.77282911656478,104.54846967797826,4629064
2014-12-31,103.16045379638672,104.18103219093325,103.16045379638672,103.7728021328999,5885627
2015-01-02,102.30316162109375,103.93609486217267,101.52752125609814,103.44621229027844,8538620
2015-01-05,100.42529296875,102.09904601019997,100.09870891156753,102.09904601019997,8770735
2015-01-06,98.26165008544922,100.3028132899419,97.69012802758988,99.85375699501793,13304295
2015-01-07,98.30249786376953,99.56802101737999,97.89426123412616,98.83320028316392,9106535
2015-01-08,99.48637390136719,99.52719366452786,98.50661509945482,99.28225558878161,9019294
2015-01-09,98.09835815429688,100.13952136056605,97.77177412095016,100.09870160586075,9000055
2015-01-12,97.89425659179688,98.547431268895,97.03697010848391,98.26166694148162,8945573
2015-01-13,97.40438842773438,99.3230798564884,96.46544934639947,99.0373220046217,8591202
2015-01-14,97.07780456542969,97.3635624180426,95.56733677856158,96.54709562746689,8732675
2015-01-15,96.26134490966797,97.85345234477886,96.17969887445163,97.4043959016249,6568703
2015-01-16,96.30216979980469,96.54710791848115,95.73064752289297,95.97558564156941,10390099
2015-01-20,97.36354064941406,97.44518666032437,96.13884398683314,97.32272089342206,9298421
2015-01-21,98.13920593261719,98.30249798510509,96.79203675120074,97.28191290866445,7849930
2015-01-22,99.11895751953125,99.44554160069522,97.81260819702129,99.20060353982224,9834098
2015-01-23,99.9354248046875,101.60917797881305,99.15977785900509,99.73130650330508,13299850
2015-01-26,100.38446044921875,100.9968152666213,99.6088201123388,100.91516925741952,8174317
2015-01-27,99.52719116210938,99.85377525489304,98.79237045441889,99.56801742317096,8012228
2015-01-28,97.3227310180664,99.97624289601637,97.2002587394968,99.8945968766123,10360866
2015-01-29,98.30249786376953,98.79237402062859,97.07780097269442,97.32273905112395,8437544
2015-01-30,97.52686309814453,98.42497599728189,97.24110522026945,97.48604332941737,11416362
2015-02-02,98.83321380615234,98.87403357534541,97.56769047938495,97.97592066595746,8263540
2015-02-03,99.89459991455078,100.13953798021194,99.03731343527316,99.15977921864015,7871527
2015-02-04,98.62909698486328,99.7313282540048,98.30251283056735,99.64968221543081,6935093
2015-02-05,100.01708221435547,100.01708221435547,98.95567082566063,98.99649709015682,5351640
2015-02-06,100.09869384765625,101.03762612021865,99.89457559317181,100.18033984966492,5732365
2015-02-09,100.58859252929688,101.03764889101086,99.8129520859462,99.89459810635537,5693136
2015-02-10,100.91517639160156,101.24176045149648,100.22117551593496,101.11928817957258,5649693
2015-02-11,101.1192855834961,101.32340386515331,100.4252912245733,100.8743475448633,5102894
2015-02-12,101.60918426513672,102.01741439423076,100.87436353383998,101.28259366293402,5534199
2015-02-13,102.67058563232422,102.75223165538569,101.81329914071523,102.01741094890527,6901749
2015-02-17,102.75225830078125,102.91555038924857,101.976617631097,102.54813994073263,7509644
2015-02-18,103.07881927490234,103.24211782554046,102.67058914562573,103.24211782554046,6414440
2015-02-19,103.03761291503906,103.86158509785406,102.79042322779534,103.12000947745362,6934446
2015-02-20,103.86158752441406,103.90278908591861,102.17244811744739,102.50203437480592,8323489
2015-02-23,103.69681549072266,104.23239654721797,103.40842417753191,103.90281022281187,6421471
2015-02-24,104.60317993164062,104.85036966428785,103.367224709734,103.49081629672237,8860648
2015-02-25,106.74549865722656,107.36347623687136,104.8091693449175,104.85036435226974,14234844
2015-02-26,106.66307830810547,107.15746419682227,106.33349208807341,106.86907297495986,7980741
2015-02-27,107.07511138916016,108.22867018924703,106.08634576641838,106.4159321211085,10752733
2015-03-02,107.5694580078125,107.61065956887788,106.49829612414511,106.62189424867188,6762530
2015-03-03,106.53950500488281,107.44587382389844,106.20991216972361,107.32227569088,6373020
2015-03-04,105.71552276611328,106.16870713280049,104.93274559540951,106.12750557279747,6581995
2015-03-05,106.3747329711914,106.3747329711914,105.38596732592053,105.55076706569196,5920536
2015-03-06,104.72677612304688,106.2099210499245,104.35598825165987,105.92152975454901,6737031
2015-03-09,105.63313293457031,105.88032263432906,105.015148847169,105.13874697638319,6591865
2015-03-10,103.69681549072266,105.6331515432855,103.69681549072266,105.05636891690403,7812747
2015-03-11,103.7791748046875,105.0151296360494,103.57318014657103,104.14996256582975,7553171
2015-03-12,104.64435577392578,104.68555733448889,103.69679202633642,104.10878139729037,6128301
2015-03-13,103.16118621826172,104.47953745837967,102.21361614046778,104.1499512880171,9453853
2015-03-16,104.850341796875,104.97393990968361,102.83161634545934,103.24359912370679,7221878
2015-03-17,104.27359008789062,104.60317638691812,103.36722120689473,104.23238852117704,7148555
2015-03-18,105.63313293457031,106.49830016306075,103.44960752336063,103.73799878574732,7992342
2015-03-19,104.35600280761719,105.50956159135137,104.06761147201581,104.80918731822754,7994846
2015-03-20,104.64435577392578,105.17994326789979,104.23237296164112,104.39716608655499,10565104
2015-03-23,104.93275451660156,106.04511802722381,104.85035794825951,104.97395608010747,6673953
2015-03-24,104.1087875366211,104.97395477277273,104.1087875366211,104.5619653775236,5383753
2015-03-25,102.62564849853516,104.35598973674207,102.62564849853516,103.94400029215113,7281764
2015-03-26,102.17249298095703,102.66687914274716,101.63691179824325,102.17249298095703,6782436
2015-03-27,102.41966247558594,102.66685878680511,101.80168481488006,102.66685878680511,5909436
2015-03-30,103.49079132080078,103.8203841101254,102.8728138589869,102.91401541715332,5692594
2015-03-31,102.21366119384766,103.36722641591648,102.21366119384766,103.36722641591648,7290841
2015-04-01,102.33723449707031,102.66682729136193,101.22487111384052,101.84285514363643,8085552
2015-04-02,102.74922180175781,102.99641147354654,101.76044999726511,102.21363434154557,6095667
2015-04-06,103.73799133300781,104.68555506000968,102.13124200333388,102.58442636633542,6978724
2015-04-07,103.07882690429688,104.1499889035108,102.99643033194735,103.69680447625336,4436490
2015-04-08,103.03761291503906,103.49079728765385,102.46083697813707,103.2024060398682,4682210
2015-04-09,106.00394439697266,106.4159273217549,102.66685975088755,103.36723400235293,12551004
2015-04-10,117.45709991455078,118.15747391595542,111.23612389877796,111.77170478910725,73595516
2015-04-13,113.8316650390625,116.1387956355132,113.29608396145976,115.60321455791045,32130811
2015-04-14,114.2436294555664,114.69682040806582,112.80167970780514,113.21366909783384,11638587
2015-04-15,113.13127899169922,114.73802205690328,113.00768740740375,114.07884945087312,11772736
2015-04-16,112.38971710205078,113.29608610571269,111.9777407311807,112.5133218189199,13012815
2015-04-17,112.26611328125,114.12005265904396,110.90656648242837,112.88409744629496,18319384
2015-04-20,111.31853485107422,113.0488825191052,111.27734640355489,112.5544899754735,12871738
2015-04-21,109.67059326171875,111.4833243237939,109.38220199320573,111.35973275062386,16040335
2015-04-22,110.86534881591797,111.31852664393912,109.58819222081976,110.00017504568878,9818824
2015-04-23,110.61814880371094,111.5245175462954,110.0413663098229,110.3297641154362,7963756
2015-04-24,110.41217803955078,110.98896065839779,110.00019513942485,110.74177747699292,5782861
2015-04-27,110.74177551269531,111.2361549840773,110.4533776497166,111.07136182694997,7557261
2015-04-28,111.73053741455078,111.89533057604253,109.75300635930836,111.0301631988755,8018175
2015-04-29,111.60692596435547,112.26609849303475,110.82414874854445,111.03014344309152,7752631
2015-04-30,111.56572723388672,112.67809074227284,111.11253627091185,111.48332410704054,8969340
2015-05-01,112.51329803466797,112.5544864809085,111.19493982148215,111.6069292226039,5905826
2015-05-04,112.34852600097656,113.74927448709637,112.26612285833797,112.71931390816617,5467301
2015-05-05,110.90654754638672,112.71928504687169,110.61814973833671,112.26609411308111,6332331
2015-05-06,110.45333862304688,111.97769118454902,109.62936656987512,111.23611568082761,5792668
2015-05-07,111.40096282958984,111.73054918730097,109.83541451311912,110.32980060835725,6476496
2015-05-08,112.71928405761719,113.25486499090832,112.14250156391785,112.26609312780394,7766716
2015-05-11,110.90654754638672,112.47208879959149,110.65935129910653,112.26609411308111,6771794
2015-05-12,111.35973358154297,111.60692984706704,110.2061684988835,110.49456632821818,6216002
2015-05-13,112.10130310058594,112.22489466788655,110.90654963710958,111.31852590055792,7756053
2015-05-14,112.92529296875,113.00769610951956,111.85413084279618,112.55450506997047,5628889
2015-05-15,112.34852600097656,113.04890024403647,112.26612285833797,112.80170393346272,7463572
2015-05-18,112.51329803466797,112.84288430862954,112.10130863354624,112.10130863354624,4692706
2015-05-19,112.67809295654297,112.84288609613418,112.10131040930384,112.34850667736053,6082667
2015-05-20,113.87285614013672,114.12005242912485,112.06011833379942,112.63690092987781,8382707
2015-05-21,114.20243835449219,114.49083620086635,113.50206419768986,114.03764520685284,8411398
2015-05-22,114.03765106201172,114.4496405109335,113.7904678865315,114.07885263037211,4859594
2015-05-26,113.37847137451172,113.62566765193351,112.80168880542104,113.37847137451172,9904188
2015-05-27,113.37847137451172,113.79046079776795,113.13127509708993,113.58446608613984,5284743
2015-05-28,113.8316650390625,113.8316650390625,112.47211811797172,113.29608396145976,5512498
2015-05-29,112.34852600097656,113.29608343726818,112.34852600097656,113.29608343726818,8693071
2015-06-01,112.38971710205078,112.6369134184467,111.52454967067857,112.3073270748137,6953122
2015-06-02,112.59571075439453,112.96649866672196,111.85413492973966,112.1425328156289,5493092
2015-06-03,113.41967010498047,113.54326168193163,112.71929597335735,113.00768069202336,5489128
2015-06-04,112.30731201171875,113.79046347648352,112.10131729524134,112.96648461057394,6961072
2015-06-05,112.43090057373047,112.80168842995886,111.89531957221615,112.30730899410108,6395013
2015-06-08,112.22488403320312,112.71927649023367,112.10129247761434,112.55447025966504,6220801
2015-06-09,112.59571075439453,113.17249340883079,111.93653807352007,112.3897160122857,6492291
2015-06-10,113.8316650390625,114.03765977927004,112.55450814364949,112.71931442968918,6922511
2015-06-11,113.33724975585938,113.87283066439558,112.71927884765341,113.58444598954452,6549569
2015-06-12,112.84290313720703,113.21369103661708,112.38971209688731,113.04889787213948,4626164
2015-06-15,112.10130310058594,112.84287873906744,111.68931371979868,112.84287873906744,5946598
2015-06-16,112.14250946044922,112.2248994697286,111.23614065433918,111.93651476124155,5752709
2015-06-17,112.34852600097656,112.88410707610132,111.68934021189392,112.01892654776422,7626245
2015-06-18,113.71961212158203,113.88580697479124,112.30694925484656,112.51469612858669,7862534
2015-06-19,113.17945861816406,113.76114713187604,112.93017299008218,113.30411466111755,12575563
2015-06-22,113.92736053466797,114.25975024557751,113.38722394721131,113.42877596830367,5739188
2015-06-23,114.46747589111328,114.6752227291283,113.80269659259505,113.92733940383916,6783792
2015-06-24,113.2625961303711,114.63370717689763,113.22104410376933,114.46751229940703,6772483
2015-06-25,112.3485336303711,113.63655403536231,112.26542956537628,113.34570303679881,4870611
2015-06-26,112.55624389648438,112.72243874341436,111.80836047084246,112.34849703059339,5378766
2015-06-29,110.6865463256836,112.05765725626212,110.22950714400486,111.76681955247739,6963534
2015-06-30,110.39570617675781,112.01612269260448,110.2295113070448,111.43443403415101,7419565
2015-07-01,110.7696304321289,111.64216328189289,109.98020161854356,110.81118245021823,6349045
2015-07-02,111.26822662353516,111.4759734944905,110.5203431796617,110.9358303071152,5425694
2015-07-06,109.31541442871094,110.6865317937342,108.85837530703652,110.22949267205978,5812929
2015-07-07,109.9802017211914,110.31259140838876,107.73655148923868,109.60626001586596,6812212
2015-07-08,107.57035064697266,109.02456536905198,107.52880524561822,108.4013314330832,6683593
2015-07-09,108.11050415039062,109.68936855349256,108.06895874250922,108.7337381842721,6345706
2015-07-10,109.14923095703125,109.85556241470843,108.19360059650302,109.64781553381837,5291629
2015-07-13,109.9802017211914,110.22949398658942,109.02457144881372,110.06329914299074,5075622
2015-07-14,110.7696304321289,111.06047471538356,109.481610473756,109.481610473756,4652038
2015-07-15,111.2266616821289,111.30976571242242,110.52033034028537,110.56187574097571,5826910
2015-07-16,112.3485336303711,112.3485336303711,111.51754589609632,112.099234664305,6392447
2015-07-17,113.17945861816406,113.55340028919944,112.30693246205237,113.26256264679972,8595000
2015-07-20,112.76399993896484,113.05483763753179,112.22386333525829,112.68089589427994,5151158
2015-07-21,111.55906677246094,112.8055347968421,111.35131989691165,112.22385942000163,6110106
2015-07-22,110.6449966430664,112.01612083156364,110.39570434263865,111.68373109765996,5035726
2015-07-23,109.10770416259766,110.52037401904242,108.85841181656353,110.43727657036438,4841211
2015-07-24,106.98868560791016,109.35697890694406,106.65628927234523,109.31542688457687,6494441
2015-07-27,107.81964874267578,107.94429818240859,106.03304425509454,106.11614167676412,7569635
2015-07-28,108.44290924072266,109.02459129922649,107.81966854206713,108.44290924072266,5792105
2015-07-29,109.10770416259766,109.1908016112757,108.23517764424871,108.40137254160479,5005365
2015-07-30,108.52599334716797,109.02457790750046,108.06895419296788,108.98303250136806,4615376
2015-07-31,108.44290924072266,109.23233819877834,108.2351623411708,108.98304588799097,4840439
2015-08-03,107.48724365234375,108.56751659369466,106.36541869888428,108.52597119604205,6798273
2015-08-04,107.61190795898438,108.27668732902521,107.32106367736309,107.5703559411284,4587478
2015-08-05,108.44290924072266,109.39853307263657,108.1520649042417,108.40135721502905,5314916
2015-08-06,108.15206909179688,108.7753032001254,107.86122474405467,108.65065373267636,3609479
2015-08-07,107.15486907958984,108.27668757632438,106.40698567212893,107.81964845114902,5407728
2015-08-10,109.02458190917969,109.27387419849605,107.61191898859612,107.61191898859612,4899219
2015-08-11,106.8224868774414,108.15205902494611,106.53164917122886,108.15205902494611,5891637
2015-08-12,107.44572448730469,107.52882191735387,105.3267234849065,106.11615237760256,6567598
2015-08-13,107.15486907958984,107.65345360825923,106.4485376900798,107.07177165814495,3425960
2015-08-14,108.35979461669922,108.44289204044814,106.44854064155989,106.57318346995476,4337313
2015-08-17,108.89991760253906,109.02456041539563,107.19640409190811,107.81963799955955,4011257
2015-08-18,108.31824493408203,108.89993352732888,107.77810836083445,108.73373206178894,4246023
2015-08-19,106.90560150146484,108.15206972542454,106.44856227075182,107.61193305407811,6082479
2015-08-20,104.66190338134766,106.53161148534309,104.62035798706741,105.99147505851228,7229265
2015-08-21,102.16899108886719,104.41264146459163,102.04434825540959,103.45701113097775,13584299
2015-08-24,99.17748260498047,99.88382079065859,80.48043229523063,94.89793453456399,19037599
2015-08-25,96.68451690673828,102.7922201045269,96.68451690673828,102.7506680884291,12682065
2015-08-26,99.75911712646484,100.00840931950755,96.68449356890663,99.09433133056268,16477190
2015-08-27,103.91404724121094,103.91404724121094,101.29646182738935,101.50420869633844,13540959
2015-08-28,104.53728485107422,104.57883687208478,102.95842711290523,103.54011572030896,6873851
2015-08-31,103.1246337890625,103.7894199002335,102.12745792953505,103.7894199002335,7721916
2015-09-01,99.21902465820312,101.2133763143467,98.38804369906698,100.71478509308186,13634816
2015-09-02,102.08589935302734,102.1274513761346,99.01127453465102,100.29929464856865,10533429
2015-09-03,101.83662414550781,103.66478117983073,101.33803947130636,102.87535213844903,7003701
2015-09-04,99.71761322021484,100.46549677454725,99.09437912975721,100.46549677454725,7434296
2015-09-08,103.70629119873047,103.78938861076814,100.83940733283441,101.83658289174258,9642859
2015-09-09,102.00277709960938,104.78656353665063,101.71193946646255,104.70346612511497,7222045
2015-09-10,102.54293823242188,103.29082173048495,101.79506134881647,102.04435364335161,7312166
2015-09-11,103.66475677490234,103.70630879519962,101.79505476512705,102.79223049323198,6656947
2015-09-14,102.91685485839844,103.78938759796374,102.21052355574274,103.74783558512233,5474792
2015-09-15,105.11894989013672,105.74218376436065,102.62600777878514,103.456988482569,9668295
2015-09-16,107.73657989501953,108.15207372802203,105.61758515875789,106.07462440638545,12841086
2015-09-17,106.26935577392578,108.70076157229445,105.93399129791749,106.89816750326847,10191912
2015-09-18,103.96370697021484,105.68245989796954,103.58641860276676,105.4309365442222,16248371
2015-09-21,105.17940521240234,105.6405346627886,104.1313813074686,104.34098742318609,6180342
2015-09-22,105.26322937011719,105.4728287784226,103.12526468564198,103.79600014371614,9223908
2015-09-23,105.38899993896484,106.18550047359138,104.71827107652574,104.84402940140637,8594791
2015-09-24,104.4248046875,106.68852752986533,103.33486381252217,104.25712250268067,11109065
2015-09-25,104.46675109863281,104.96979776157208,104.21522109350956,104.80211554059233,8127409
2015-09-28,101.90959167480469,103.71219254939072,101.90959167480469,103.5025863997204,8897623
2015-09-29,102.99951934814453,103.12528435603865,101.6999787436236,101.99341930595335,8677797
2015-09-30,105.72437286376953,105.80821397301764,103.50256678456049,103.67024900305672,9130698
2015-10-01,105.59858703613281,106.10164026605918,103.92175183458123,105.4309048507081,8288809
2015-10-02,106.77239227294922,106.85623338393016,104.089463374252,104.25714559621387,8904905
2015-10-05,112.43170928955078,114.02469705266711,109.91645596943832,110.54526763105304,21997846
2015-10-06,114.4019775390625,114.90502416439558,113.01859598256993,113.14435430207665,15004766
2015-10-07,116.41419219970703,116.41419219970703,114.52775043055296,115.28232713821458,13703048
2015-10-08,117.50413513183594,118.21678795592973,114.98888830005689,115.82729946154718,10665700
2015-10-09,117.67178344726562,118.09099558083416,116.91720694576398,117.2944951965148,9875476
2015-10-12,117.75565338134766,118.09101781241581,117.00107673779091,117.29451727814883,5266548
2015-10-13,116.83338165283203,118.55214085686517,116.83338165283203,117.2525938191436,9014870
2015-10-14,115.70152282714844,116.70762940913959,115.19847620980589,116.28841722103444,8160336
2015-10-15,117.50413513183594,118.09102961853323,115.86922335644874,116.53995228564098,16062516
2015-10-16,121.48660278320312,122.36693767966209,118.30061425373107,119.93552573209936,29634440
2015-10-19,121.52851867675781,123.91800684229717,120.52242542142878,120.73203151978224,27342329
2015-10-20,120.6481704711914,121.57042919412181,120.31280608963577,120.81585266196922,15681999
2015-10-21,120.94161987304688,122.57653118355488,120.64816603948634,120.69008992246704,13647356
2015-10-22,124.00188446044922,124.67261345873987,121.19318342231544,121.36086567188809,17001036
2015-10-23,123.70838928222656,125.04986017901619,123.33111435691285,124.50488971271182,16039271
2015-10-26,123.87605285644531,124.3371754332596,123.28915865634397,123.75028123315826,10173821
2015-10-27,123.49884033203125,124.25341714477301,122.53465736604902,123.28923417879078,14106851
2015-10-28,123.20533752441406,124.00183792143253,122.19924440457397,122.9538209181063,14831180
2015-10-29,122.99573516845703,123.16341736016065,121.8219598265318,122.28308251689049,8841827
2015-10-30,121.23507690429688,122.95383621532596,121.1931530155948,122.4927001342156,14819474
2015-11-02,123.247314453125,123.247314453125,121.06743174128619,121.3189484558459,12416375
2015-11-03,124.04376983642578,124.88218082391076,122.32501062794985,122.45076893924626,19996067
2015-11-04,123.83416748046875,124.88218458319945,123.49880307537939,123.87609136793137,21937459
2015-11-05,124.2533950805664,124.67259396529859,122.87000005375862,123.54072894717606,25580616
2015-11-06,125.42719268798828,125.55295104077933,122.61849159538295,123.41499230678247,26314334
2015-11-09,124.71451568603516,125.55292678820588,123.16343846288534,124.7564395779705,30352447
2015-11-10,126.26556396484375,126.89436881050163,124.12759278661619,124.21144055126612,49967267
2015-11-11,128.5712127685547,129.20003100451086,126.60093698491343,126.60093698491343,41231379
2015-11-12,126.43323516845703,129.53537528697055,126.22362912233676,127.48125205175543,61094507
2015-11-13,126.93628692626953,127.81662167858055,124.96601136684897,125.17560407434398,51571608
2015-11-16,127.27166748046875,128.27777400214808,124.79834508298684,125.25946778441532,59427840
2015-11-17,127.10394287109375,128.90653588414764,125.76247240559516,128.15195958151097,90002762
2015-11-18,127.94239807128906,128.1520041557385,126.18172831760243,126.68477491189783,37094987
2015-11-19,126.89440155029297,127.90050824915511,126.81056711131721,127.35553768023617,20642961
2015-11-20,128.52928161621094,129.91267631817422,126.64284036230842,126.85244642910918,43977100
2015-11-23,128.23583984375,129.2000224024326,126.85244515567422,128.23583984375,28251073
2015-11-24,128.52928161621094,129.40961641893068,126.93629419475121,127.14590026155196,30438937
2015-11-25,127.27166748046875,128.48736673633044,127.02013751322261,128.4454561978771,11301076
2015-11-27,127.27166748046875,127.35551525198588,126.55901481179413,126.89437920325216,6915875
2015-11-30,125.51103210449219,127.64899069568318,125.51103210449219,127.1459439708104,16633832
2015-12-01,126.4751968383789,126.81057465615864,125.21757340045717,125.72063345347257,11318854
2015-12-02,125.63678741455078,126.72672863243908,125.25949904318111,126.13983412727417,9206923
2015-12-03,125.88822937011719,126.81048770519679,125.63669951607758,126.13974587685757,13139431
2015-12-04,127.81668853759766,127.9424468973377,125.594881880764,126.05601811199502,12144801
2015-12-07,127.31361389160156,127.60705444921896,126.26559664604505,127.52322001017438,13913859
2015-12-08,126.55897521972656,127.35547541074524,125.3851868695202,126.05592878991,11114491
2015-12-09,127.73280334472656,128.2358499311871,125.59483199448518,125.84636196136806,10550039
2015-12-10,128.48739624023438,129.6611852271739,127.31362060060317,127.60706117368389,9824333
2015-12-11,126.85246276855469,128.31969207784462,126.39134004004077,127.1039927505752,13126452
2015-12-14,126.85246276855469,127.69088714375238,124.79835241339359,126.85246276855469,13575410
2015-12-15,127.10394287109375,128.3196417212857,126.68473084800654,127.4393071506432,12383177
2015-12-16,129.8707275390625,130.9187443248566,127.52316406607099,127.69084621790597,15405835
2015-12-17,129.02606201171875,131.1377735538685,128.94158709540687,130.67320185556497,12107430
2015-12-18,127.88568878173828,129.15271797496428,127.88568878173828,128.35026032549692,17349168
2015-12-21,128.392578125,129.2372737472312,127.3367220443522,128.4770530660796,8496553
2015-12-22,128.77272033691406,129.36400472939096,127.37899104128128,128.77272033691406,8817309
2015-12-23,130.71543884277344,130.9265992385178,128.89934917284654,128.89934917284654,7464970
2015-12-24,130.2086944580078,130.6310423974775,129.6174234793246,130.50434339449473,2820882
2015-12-28,130.50428771972656,130.92662203187786,129.27948190721105,129.82852861543333,5541585
2015-12-29,132.1091766357422,132.95387206645034,130.92660841160603,130.9688458725691,6969397
2015-12-30,131.13784790039062,132.78498867805718,130.9689114191283,132.1092427530078,6077847
2015-12-31,131.56011962890625,132.9960856115125,130.03967873102334,130.3353274873545,10914634
2016-01-04,129.7017822265625,129.91295602896864,127.7590074492684,129.02603681657058,13120985
2016-01-05,129.82858276367188,130.2509306991134,128.6037898874656,129.57518476012308,11513181
2016-01-06,127.75910186767578,129.744115561872,126.91440603379172,127.84356338277745,13073243
2016-01-07,122.3530502319336,126.53425007451932,121.84624098222558,125.22498276075213,19252709
2016-01-08,120.1568603515625,123.74677592242223,119.69227513231041,123.324441615176,15544512
2016-01-11,120.70590209960938,126.36530529812822,119.31215994619203,120.53696569421618,12192835
2016-01-12,120.95931243896484,121.9729444228336,119.69228254448407,121.46613515446934,9949593
2016-01-13,119.26993560791016,122.7331659174227,119.10099918392666,122.09964424212933,11626172
2016-01-14,122.73318481445312,123.53562959014079,119.48112789599108,119.56560284455946,13612468
2016-01-15,120.32579803466797,121.46612891526877,118.67865791173556,118.8475943258461,14486324
2016-01-19,120.32579803466797,122.0151756229129,119.10099222344213,121.29719250115824,10847674
2016-01-20,118.25631713867188,120.07239378299634,116.06013017835947,117.96068175829919,18375368
2016-01-21,120.74812316894531,122.43750062878956,118.80534783076448,118.80534783076448,11692923
2016-01-22,119.26993560791016,120.62144044691847,117.03152462834372,120.57920297913752,18335013
2016-01-25,118.42527770996094,120.32582967742776,118.25634125142423,119.60784636686098,9358244
2016-01-26,119.56555938720703,120.53695370696805,118.46746613778589,118.55192760851347,8854138
2016-01-27,118.25631713867188,120.70591545868969,117.49609650669599,119.10099925912267,9622744
2016-01-28,119.14323425292969,119.73451844853744,117.96067930885425,119.18547171986026,8361069
2016-01-29,122.9021224975586,122.94435997226657,119.69230302117573,120.1991123762438,10761998
2016-02-01,120.95931243896484,122.60645264650387,120.62143959338867,122.52199115867995,9065575
2016-02-02,119.26993560791016,119.48110949967462,117.91844421604216,119.39664801125302,8361466
2016-02-03,121.08604431152344,121.1705058129284,117.70728841819188,119.90347571471467,9235718
2016-02-04,123.23994445800781,124.42251257814502,120.32577506205031,121.00152058947901,11267398
2016-02-05,120.53697967529297,123.32445085830742,119.52334767822389,123.11327696528717,10847236
2016-02-08,118.97428131103516,119.39662902741158,117.24266643160243,119.18545516922337,10035895
2016-02-09,119.43887329101562,120.5369666584247,117.20044909272657,117.20044909272657,7727091
2016-02-10,119.5233154296875,121.21269267089885,119.31214159364399,119.81895073186635,6779974
2016-02-11,115.93340301513672,118.38300102328948,114.45519940718674,117.20044620521267,16807731
2016-02-12,119.35443115234375,119.35443115234375,115.55334078567212,116.44026052651456,12028451
2016-02-16,121.88843536376953,122.60641832139619,120.03012178621707,120.70588073532299,9852773
2016-02-17,123.91571044921875,125.05604130042481,122.98655347199225,123.07102840043976,7982327
2016-02-18,122.817626953125,123.95795789616548,122.43751663877818,123.74678400517944,6479855
2016-02-19,122.56421661376953,123.02878836911951,121.12823699009932,122.22633035416901,7525419
2016-02-22,124.21137237548828,124.54924523069863,122.56423212098238,122.56423212098238,8036224
2016-02-23,123.40887451171875,124.00015854146756,122.81759048196993,123.36663705663605,6500074
2016-02-24,122.31083679199219,122.69094716572468,119.94571304829137,122.05742539378973,9374875
2016-02-25,124.43944549560547,124.65230995405653,122.5236789243382,122.60883012963555,7487067
2016-02-26,125.1631851196289,125.84434058963087,124.69488056790762,124.73745617348105,6123210
2016-02-29,124.05628204345703,125.80175961628126,123.97113084511825,125.33345513500036,7129232
2016-03-01,127.2066879272461,127.58984133662432,124.78005418611595,125.205783208713,6746609
2016-03-02,128.48385620117188,128.48385620117188,126.6958160668466,126.78095373501704,7765401
2016-03-03,128.65411376953125,129.42042037047185,127.97295837082488,128.56897612208888,5866096
2016-03-04,129.67588806152344,130.2293303296311,128.65414119089675,128.65414119089675,6893131
2016-03-07,128.95208740234375,129.6332425790895,128.2709186708106,128.82436064061338,5476796
2016-03-08,127.97293090820312,128.65408616073555,127.5897776899564,128.05806853737522,6499386
2016-03-09,127.93041229248047,128.56900579223114,127.58983451453143,128.39871690325663,5179181
2016-03-10,127.46211242675781,128.95215026839483,126.82351897114452,128.44127008198657,6916710
2016-03-11,129.16502380371094,130.18675713852844,128.31356580323472,128.31356580323472,6710489
2016-03-14,128.8669891357422,129.2927180733901,128.05810686516978,128.65412466691825,4624015
2016-03-15,128.90951538085938,129.2926685670741,127.84520699905752,127.84520699905752,6030126
2016-03-16,128.44126892089844,129.03728676312414,128.015553509132,128.73928461940824,6853924
2016-03-17,131.80447387695312,132.44306721022656,128.4838210754306,128.6541099200119,12653958
2016-03-18,131.63421630859375,132.6133875636804,131.54907864347015,132.35794745872028,10928447
2016-03-21,132.3579559326172,132.82626056256032,131.080782435638,131.33622255695207,5710727
2016-03-22,132.2301483154297,132.99645457788796,131.84699518420055,131.88957076651175,5432726
2016-03-23,132.2727813720703,132.99651236668836,132.01734132199675,132.1450681244294,5682933
2016-03-24,132.443115234375,132.443115234375,131.20851727479493,131.59165714793662,5759700
2016-03-28,134.06082153320312,134.9548413794406,132.40049508882163,132.57078393787677,8239398
2016-03-29,134.0182342529297,134.44394951801436,133.16677661318192,133.93308306703923,8043882
2016-03-30,135.50828552246094,136.01915202604553,135.08255665874515,135.21026989594364,7322787
2016-03-31,135.3379669189453,136.44485098816344,135.21025369704753,135.76369573165658,7685922
2016-04-01,135.93402099609375,136.31717431931753,133.8905411238311,134.1034055872657,8221203
2016-04-04,132.9539337158203,134.9974134051547,132.35791598251623,134.91227576027777,9374979
2016-04-05,131.88961791992188,132.52821121854336,131.03817374321721,131.76190468211385,6527388
2016-04-06,131.54905700683594,134.10340341713027,130.44217265872223,131.50648140387946,7646047
2016-04-07,130.39959716796875,131.03819054848802,129.8887305964288,130.78275048532183,7003430
2016-04-08,131.0807342529297,132.31534523820065,130.65501894695157,131.5490387107333,5594001
2016-04-11,130.74012756347656,131.97472471989107,130.74012756347656,131.25099395011836,5242948
2016-04-12,131.16590881347656,131.67677540453266,130.186737681191,130.6124666178009,5749746
2016-04-13,131.88961791992188,132.40048442594465,131.71932908458095,131.88961791992188,4943768
2016-04-14,132.05990600585938,132.31534603481654,131.37875066836102,131.93219276877608,4485692
2016-04-15,132.1024932861328,132.40049538394564,131.6767643851501,132.27278213556755,5099722
2016-04-18,132.2301483154297,132.78359022111778,131.54899321759385,131.54899321759385,4397428
2016-04-19,132.61338806152344,132.86882816744247,132.0173701842421,132.57081245140446,4772603
2016-04-20,132.61338806152344,133.4648324899291,132.18765906992326,132.82625255732353,5540166
2016-04-21,131.88961791992188,133.1667909623742,131.33617581636616,132.48563562101046,8273744
2016-04-22,130.95306396484375,132.74110407882458,129.03729701786787,132.10252413302928,11788886
2016-04-25,130.6124267578125,131.37873318793353,129.4203915210045,131.16586878459006,7402601
2016-04-26,131.54905700683594,131.88963472090285,130.8678880239097,131.29361694388953,5985451
2016-04-27,131.67678833007812,132.01736609088036,131.2084972976736,131.71936393887697,4787522
2016-04-28,131.54905700683594,132.91136786310364,130.69759916687622,130.8678880239097,6015060
2016-04-29,130.91050720214844,131.8471030049869,130.27192716441132,130.91050720214844,6030877
2016-05-02,131.50648498535156,131.9322139169258,130.39960060709276,130.44217621120876,3587131
2016-05-03,130.39959716796875,130.74017488232872,129.2075616129164,130.44217277096186,5783174
2016-05-04,128.0155029296875,129.50554016913506,127.24919651456722,129.420388987549,8303624
2016-05-05,127.24919128417969,128.7392284623815,126.86603809236848,128.31349968152728,6614421
2016-05-06,128.2283935546875,128.7392600843228,125.20574286679383,126.35520272456674,5905429
2016-05-09,127.16405487060547,128.10065016435632,126.14232194367156,127.93036134320067,5666073
2016-05-10,129.760986328125,130.10156399666027,127.63236912238413,127.67494471964869,5661086
2016-05-11,129.16502380371094,130.91048830605624,129.16502380371094,129.84617936025595,4926616
2016-05-12,128.10069274902344,128.5689973289727,127.03638387429375,127.03638387429375,9863374
2016-05-13,126.1849136352539,128.18581770518327,125.75918475065914,127.58979997770885,7358865
2016-05-16,127.54718017578125,128.27091089590283,125.67398999848307,125.80171675247152,5362261
2016-05-17,126.4829330444336,128.1006840507497,125.92949084057862,127.24923971973942,6994374
2016-05-18,126.0572280883789,127.07897503480788,125.2909212672561,126.44038149894031,5801954
2016-05-19,124.99288940429688,125.37604272387993,123.71571619061748,124.86517614936669,7103859
2016-05-20,125.8443374633789,126.35521760798223,125.29089526905273,125.71662420462452,7304112
2016-05-23,125.54635620117188,126.3126629906076,125.20577841804382,125.67406948114612,4927639
2016-05-24,127.07894134521484,127.58980790559687,126.39777237658002,126.52549918276962,5053858
2016-05-25,128.10069274902344,129.07986396226764,127.54725050758871,127.7175393853537,5771239
2016-05-26,127.8027114868164,128.69673162987954,127.7175602566217,128.01557600750692,4725654
2016-05-27,128.2283935546875,128.52639564161026,127.88780231347265,128.31353119889772,4068723
2016-05-31,128.69671630859375,129.16502090932067,128.0155607673124,128.2284252626615,6321689
2016-06-01,128.18580627441406,128.31351950648735,127.24921094469978,127.8877906598563,4408341
2016-06-02,127.93041229248047,127.93041229248048,127.07896784760787,127.76012340350596,3971111
2016-06-03,127.46211242675781,127.93040345037235,126.9086701871439,127.80269018116729,4966679
2016-06-06,128.2283935546875,128.69668448482204,127.50464902754834,127.71751347026088,3894073
2016-06-07,128.31350708007812,129.46296672178954,128.2709314885802,128.31350708007812,5352370
2016-06-08,129.03729248046875,129.84617484181433,128.3987125571281,128.6967147140478,6080685
2016-06-09,128.73927307128906,129.12242639586512,127.80267756174676,128.39869535050872,5535221
2016-06-10,127.88774108886719,128.90948721378132,127.41945038292079,127.80260348541549,6140925
2016-06-13,126.99376678466797,128.2709397281242,126.82347796252645,127.6323600337909,6877502
2016-06-14,129.59071350097656,129.67586470602362,126.82350265883161,126.95121591160992,9118638
2016-06-15,130.2292938232422,131.59160452912985,129.7184273085343,129.7609893520001,9132138
2016-06-16,131.43040466308594,131.8593452547477,129.02827179385807,129.28564707484213,14109334
2016-06-17,131.25881958007812,131.77355646058285,130.61538823633487,131.47328303717612,11609103
2016-06-20,132.245361328125,134.3472201239047,132.245361328125,132.3311576149844,9993057
2016-06-21,132.71719360351562,133.01745324734483,132.41692030220887,132.45981843917806,7518992
2016-06-22,132.0308837890625,133.40351497200507,131.98798565022602,132.97456089859645,7514297
2016-06-23,133.78958129882812,133.87537758316543,132.84589045851382,133.23194642307328,8394267
2016-06-24,127.91295623779297,131.04430202383392,127.61269656453263,129.1569203869661,17875914
2016-06-27,125.76820373535156,127.05505227272045,125.12477263792817,126.71189448375246,11276120
2016-06-28,128.427734375,128.68509596271187,127.26956625785108,127.8700993916485,7972665
2016-06-29,131.04434204101562,131.34460180596668,129.9719564715839,130.87276308140315,7484334
2016-06-30,135.0335235595703,135.11930617250505,131.4732241720697,131.51612230727557,11375110
2016-07-01,135.07643127441406,135.67696429817445,134.3472174803762,135.0335467893078,6823313
2016-07-05,134.9048614501953,135.24801929904027,133.48933190933985,134.04696682808296,6752410
2016-07-06,136.14883422851562,136.40619580248506,134.13275784002886,134.13275784002886,6699284
2016-07-07,136.49195861816406,137.69301086953328,136.14880083205855,136.44906048053144,7828563
2016-07-08,138.12196350097656,138.42222314634094,137.2211709074058,137.2211709074058,8040105
2016-07-11,138.1648406982422,139.40879088583583,138.0361599636568,138.37931769420155,7924798
2016-07-12,138.37936401367188,139.36593940485375,137.82172910051165,138.59384108142277,7948148
2016-07-13,138.8083038330078,139.32305425615934,138.33646521217898,138.37936335702162,6774090
2016-07-14,139.9664306640625,140.35248653922793,139.36589778519672,139.408795917432,7069013
2016-07-15,141.03884887695312,141.339108558316,140.4383158567481,140.5240984839321,8828243
2016-07-18,141.16757202148438,141.2962528296268,140.09520008616965,141.0817757110672,7984476
2016-07-19,141.2533416748047,141.339137977326,140.3525487857414,140.48124323952334,7002220
2016-07-20,140.60992431640625,141.5536153586133,140.26676642060042,141.38203641071038,7419565
2016-07-21,139.79489135742188,140.91016116632713,139.36593722861835,140.39542440625084,8848608
2016-07-22,137.52146911621094,137.56436726542887,135.93436051248116,136.1059394518714,12053115
2016-07-25,135.71990966796875,137.6072920237047,134.6046395175324,137.5643938661916,9541846
2016-07-26,134.99063110351562,136.10590072092626,134.3043018837785,135.84852555634012,7700445
2016-07-27,134.1756591796875,135.37672541171708,133.48934342280285,135.07645202496897,8191343
2016-07-28,134.04696655273438,134.3043281100993,133.3177527110667,133.8324894832768,6321940
2016-07-29,133.5751190185547,134.8190833341498,133.44643823529614,134.17565210289573,10443997
2016-08-01,133.61802673339844,133.91828646832917,133.06039175604016,133.48934594092552,6500847
2016-08-02,133.18905639648438,133.6609086741324,132.97457933005165,133.44643160769965,5634002
2016-08-03,133.53224182128906,134.00408049065786,133.10328764369456,133.10328764369456,4174494
2016-08-04,133.7037811279297,134.0469389052928,133.36060969308917,133.8324618800715,4234526
2016-08-05,134.1756591796875,134.9048730857478,133.91828394211504,134.13276103051186,4502365
2016-08-08,134.1327362060547,134.69037106969023,133.87537467359454,134.26143062976365,4263822
2016-08-09,134.26144409179688,134.47590750452437,133.6180128811736,133.9611707305139,4195944
2016-08-10,134.1327362060547,134.43300953723008,133.8324765323582,134.04695358106093,3868199
2016-08-11,134.2185516357422,134.56170949962885,133.83249562449947,134.30433427297342,7926280
2016-08-12,134.004150390625,134.17572941966648,133.74677501831846,133.83257136158352,4450136
2016-08-15,134.004150390625,134.47598930611693,133.91835404735997,134.2615257629315,4080032
2016-08-16,133.78958129882812,134.21853540555622,133.3177427074106,133.57510424546408,4670609
2016-08-17,134.2185516357422,134.3901305676855,133.74669932978736,134.0898708511549,3672056
2016-08-18,134.81910705566406,134.81910705566406,133.7896196360146,134.04699490529777,5851135
2016-08-19,134.04696655273438,134.6903841036269,133.74669319250165,134.34722625548687,5162884
2016-08-22,134.34719848632812,134.81905067310046,133.31772515469697,133.70378106842801,4269331
2016-08-23,133.96112060546875,135.4195477481967,133.96112060546875,134.90481116678833,6701538
2016-08-24,133.91827392578125,134.47590885091245,133.70381051090652,134.13275099813637,4599977
2016-08-25,133.87535095214844,134.2614068399121,133.53219319801994,133.78955468487808,3553077
2016-08-26,133.96112060546875,134.9477092962745,133.57506475504368,134.1326994659382,4645987
2016-08-29,134.518798828125,134.90485480342463,133.70380239164325,133.74668687752575,4433840
2016-08-30,134.5617218017578,134.99067599957314,134.26146205777633,134.43304100540604,3784692
2016-08-31,134.004150390625,134.47598930611693,133.78967318995097,134.218627591299,6972715
2016-09-01,133.83251953125,134.21857561145464,132.80303209820988,133.61804241363816,8608480
2016-09-02,134.2185516357422,134.90486736351554,133.96117640908676,134.04697270379884,4341736
2016-09-06,133.18905639648438,134.43302065029823,132.11668472180074,134.30432621595057,8545902
2016-09-07,133.23194885253906,133.23194885253906,132.11667908069256,132.93168916684172,5689568
2016-09-08,133.1461944580078,133.18907895257297,132.54566130178952,132.97460184981773,6313322
2016-09-09,129.15692138671875,132.20247091398608,129.15692138671875,132.20247091398608,9310440
2016-09-12,130.7869110107422,131.13006878365888,127.99873703394749,128.6850525797809,8640134
2016-09-13,128.0416717529297,129.7574747652153,127.48403679824793,129.62878032049412,9403607
2016-09-14,127.398193359375,128.68504172803392,127.26951261975194,127.87004550045306,10657959
2016-09-15,128.60870361328125,129.04100566301415,127.18212611886693,127.74411327788991,7324018
2016-09-16,128.3061065673828,128.60870975820956,127.70088642165422,128.08995553218867,13549410
2016-09-19,127.22532653808594,129.51650779385906,127.09564144793332,128.73836972479856,6364465
2016-09-20,128.26284790039062,128.82483497362887,128.04669690851864,128.26284790039062,6186101
2016-09-21,129.04095458984375,129.34355764644474,127.91698071665586,128.6086527112118,6057794
2016-09-22,129.86231994628906,130.16493678630957,129.38679886064233,129.51648392689694,6130471
2016-09-23,129.2139434814453,129.90561585548588,128.86810729442504,129.7759307263724,4762024
2016-09-26,127.70082092285156,128.86802765578494,127.61435504749292,128.82479471810564,5405558
2016-09-27,129.17066955566406,129.5597385837031,127.39824245414484,127.96022952085988,5319193
2016-09-28,129.25711059570312,129.43002860112006,127.96020490897192,129.34356271637682,5581836
2016-09-29,127.65760803222656,130.12170693401964,127.26853906015027,128.86804789292393,8111467
2016-09-30,128.04669189453125,129.04098091257958,127.87377386061917,127.96022599553932,7536875
2016-10-03,128.13314819335938,128.39251834275873,127.09562630354966,127.35501021701978,4130278
2016-10-04,127.52793884277344,128.60868000464,127.31178785758574,128.43576196930425,6495171
2016-10-05,127.52793884277344,128.39252901945233,127.09563687239805,127.61439097840537,5203386
2016-10-06,126.53363037109375,127.527919244528,125.97164340159958,127.09561734058792,5860880
2016-10-07,125.7122802734375,126.27426733576903,125.02060812412857,125.62582813680991,7895794
2016-10-10,124.76116180419922,126.70650595652798,124.5450109245999,125.36638151426429,7090734
2016-10-11,125.0206069946289,125.49612815196467,124.02631796592618,124.28570190160966,6456464
2016-10-12,124.93415069580078,125.45291860703463,124.5450816444119,125.02061660236409,4748043
2016-10-13,124.37213897705078,124.93412596625319,123.89661787729655,124.41537192177486,5924459
2016-10-14,124.89094543457031,125.49615179171477,124.58832849192356,125.19354861314254,5880390
2016-10-17,124.71796417236328,125.32317022285334,124.06951142160851,124.93410132521399,8290687
2016-10-18,125.27996826171875,125.71225639087557,124.93411848869607,125.49610544426244,5751228
2016-10-19,125.62583923339844,126.3175114438031,125.49614037089262,125.62583923339844,6090429
2016-10-20,125.66909790039062,126.23108512734946,125.19356283538448,125.79878302535771,5932952
2016-10-21,125.27996826171875,125.36642038192234,122.47001971981747,122.94555455518025,13386341
2016-10-24,125.0206069946289,126.27426619494315,124.93414109471043,125.36644306615891,6497675
2016-10-25,123.85337829589844,125.40965411001073,123.72369323274559,125.10703727722805,5525518
2016-10-26,124.80445861816406,125.66906257913709,123.42110053905053,123.59401857843069,5082424
2016-10-27,123.7669448852539,125.19352208780239,123.68047898736776,124.89091897334411,5306882
2016-10-28,126.31745910644531,127.9169676353702,124.80441645003206,124.84764938628788,14162063
2016-10-31,125.79875946044922,128.17639304786792,125.75552650553331,127.4414878705917,9090093
2016-11-01,124.8476791381836,126.23103707955883,124.11277410297293,125.36643320467273,6679440
2016-11-02,123.16168975830078,124.76118453626688,122.77262085694487,124.76118453626688,6442087
2016-11-03,122.25392150878906,123.63726598557787,121.86485243367375,123.63726598557787,4799374
2016-11-04,122.94554901123047,124.54504392153096,121.99449314746006,121.99449314746006,7483645
2016-11-07,126.70654296875,126.79300885147333,124.6315131881512,124.71797907087453,8608188
2016-11-08,127.18212890625,128.04671926059012,126.62012797083553,126.96597787664629,7476237
2016-11-09,128.08995056152344,128.86808875239586,125.66908383662845,126.74982520658477,11277456
2016-11-10,131.46180725097656,133.32068587439042,128.95447587415273,129.0409417469011,16969403
2016-11-11,132.75875854492188,133.01814251545045,131.28894816143207,131.80770233841545,8912459
2016-11-14,131.89410400390625,133.36391367144702,131.80763813448993,132.88837891779144,7875012
2016-11-15,132.93167114257812,133.01813705055991,130.7269556579215,131.7644639692635,8385295
2016-11-16,132.88845825195312,133.06139009402577,132.0238678619665,132.4993891354403,5272015
2016-11-17,133.10455322265625,133.45038923297392,132.54256626487265,132.71548427003148,3721301
2016-11-18,132.5858154296875,133.58010440405897,131.93736250794842,132.93165148231986,5964376
2016-11-21,133.45037841796875,133.49361135677216,132.19671954114804,132.672254339849,4619007
2016-11-22,134.79049682617188,135.04988068271172,133.4936050716082,133.7097559913801,5784384
2016-11-23,135.48226928710938,135.65518738085268,134.79058314805968,135.04996717071288,5064876
2016-11-25,135.9145050048828,136.13065597937396,135.2660658454806,135.9577379525953,2746306
2016-11-28,135.0931396484375,135.87127760391635,134.9202216321167,135.43897568107914,4609909
2016-11-29,134.22854614257812,135.52543824692083,133.92594303172436,135.22283513606706,6556935
2016-11-30,132.97488403320312,135.1795991852104,132.93165108573527,134.79053018614192,9522691
2016-12-01,135.6983642578125,136.00096735577074,132.36966135991733,132.45612725308877,9327613
2016-12-02,135.48226928710938,136.13070869762757,135.13643309962282,135.56872145194274,4465577
2016-12-05,134.48794555664062,135.9577558598869,134.27179455367977,135.87130371714636,4619424
2016-12-06,134.74729919433594,135.04990227195046,134.05561338767856,134.8337513176244,3666882
2016-12-07,136.6061553955078,136.6061553955078,133.7097551121191,134.05559107585285,6864357
2016-12-08,136.3035430908203,137.03844797896195,135.7415561902374,136.60615989209916,5872815
2016-12-09,137.38430786132812,137.98951398043243,135.5254152707092,135.95771715355724,6515975
2016-12-12,137.7301483154297,138.29213527567612,136.86554452177697,136.90877746427353,6477017
2016-12-13,137.21142578125,138.33539995964207,136.64943869205393,137.90309796362274,7198926
2016-12-14,136.1738739013672,138.24890375781925,135.91449000778454,136.64940874559042,9113379
2016-12-15,135.13638305664062,138.1192362742138,134.57439601906785,136.1306582864507,9051219
2016-12-16,137.2545928955078,137.7733605995408,136.00093409957435,136.26031795159085,15018704
2016-12-19,137.9894561767578,138.33530579660157,137.08163361431838,137.29778446519697,7293116
2016-12-20,139.41615295410156,139.97814009073642,137.94634256045254,137.98956175244453,8308549
2016-12-21,138.89730834960938,139.37282926454228,138.55145869030872,139.1999113169244,5835173
2016-12-22,138.59249877929688,139.15871530551425,138.41827937643455,138.98449590265193,5048329
2016-12-23,138.85379028320312,139.11512626360886,138.37469049805813,138.81024584284896,3127553
2016-12-27,138.94091796875,139.59423717033053,138.72314027900407,138.89735965726936,3266793
2016-12-28,138.06983947753906,139.2458309564092,137.93917838021812,138.67961437780437,3940730
2016-12-29,138.11343383789062,138.85387002868293,138.06987550486423,138.24410883696982,3357811
2016-12-30,137.63426208496094,138.50535895342065,137.24226502723985,137.7649231483157,5311535
2017-01-03,138.02627563476562,138.6795948972581,136.76316769000533,137.93915900368208,6708382
2017-01-04,138.06983947753906,138.6360699238044,137.7214006395762,138.287617218181,4474320
2017-01-05,137.28585815429688,138.28761634016467,136.37118887587607,137.50362202589565,5395334
2017-01-06,137.6778106689453,138.37468811448164,136.58892232572487,137.5471357471653,4615772
2017-01-09,137.0244903564453,137.89558724406086,136.89382929021727,137.80848448912792,4436678
2017-01-10,136.6324920654297,137.72136663210355,136.6324920654297,137.02448912825741,5676131
2017-01-11,137.0680389404297,137.28581661379283,136.06626719002165,136.06626719002165,5922894
2017-01-12,136.71958923339844,137.06802793574215,135.58715651695385,136.98091132632865,6242356
2017-01-13,136.58892822265625,136.98092526960804,136.1098284250799,136.58892822265625,5075455
2017-01-17,136.19696044921875,136.98095471163026,135.717860548667,135.76141886716974,6015165
2017-01-18,136.02272033691406,136.50183403219262,135.58717882116503,135.93561758082723,5154246
2017-01-19,135.93560791015625,136.50182432124015,135.23871657275242,136.1098272775931,7866123
2017-01-20,132.97384643554688,134.585392864458,131.97207470589015,133.97561816520363,17434281
2017-01-23,129.57656860351562,132.8867647324862,128.83613273275736,132.84320641828674,12330552
2017-01-24,130.66542053222656,130.92675650432363,129.88142648359107,130.05564584243723,7029095
2017-01-25,132.27699279785156,132.71254821395107,131.62365967370235,132.4947705059013,7956640
2017-01-26,132.0592498779297,132.79968595975546,131.23169714287164,132.58190819433693,5585279
2017-01-27,130.70895385742188,132.5818220078123,130.40407350462456,132.40760268226342,6261031
2017-01-30,130.49122619628906,131.1010010030084,129.6636875499956,130.49122619628906,5469409
2017-01-31,129.35874938964844,130.22985992347037,128.48765272348018,130.0120822900149,8075932
2017-02-01,129.3152313232422,129.83790335321564,128.7490148471526,129.48945071068067,5358922
2017-02-02,129.27171325683594,129.40237435716355,128.48771891954868,128.83615776552952,4529950
2017-02-03,129.35874938964844,129.7943046565594,128.66187205671383,129.75074635633757,6490288
2017-02-06,129.1845245361328,129.57652148607124,128.7925275861944,129.27164113285383,4950529
2017-02-07,128.74899291992188,129.83788124053643,128.61833186851038,129.5765452700578,4961630
2017-02-08,128.1828155517578,128.66192933217408,127.44237958898708,128.531254373337,6715038
2017-02-09,128.87969970703125,129.358799592444,128.31348318736576,128.5748053548058,4520873
2017-02-10,129.4458770751953,129.57653811939628,128.70544137863163,129.53297981544435,4754804
2017-02-13,130.83966064453125,130.9267772716004,129.48944999856485,130.14278309860973,7724671
2017-02-14,131.88499450683594,131.88499450683594,130.3170061171532,131.231661388582,7309078
2017-02-15,132.1898956298828,132.1898956298828,131.44945963409438,131.92857343587542,5315103
2017-02-16,132.62542724609375,132.71254387352784,131.97209414331206,132.1898718442393,5411130
2017-02-17,132.27699279785156,132.58187326852615,131.5365569110775,132.4512121907597,4559141
2017-02-21,132.93031311035156,133.23520745110667,132.1463327698663,132.45121324296287,6310150
2017-02-22,132.1027374267578,133.06095076061217,131.79784317146277,132.93027585077658,6285841
2017-02-23,131.79547119140625,132.05887770449945,131.04912944052617,131.8832687030141,6040329
2017-02-24,132.54176330566406,132.54176330566406,130.74175424170207,131.0051746344145,5701420
2017-02-27,131.4442596435547,132.36621044119636,131.26865063344533,131.9271809267878,4918541
2017-02-28,130.87347412109375,132.05883096703806,130.2588358442893,131.66372133723308,8161171
2017-03-01,132.54176330566406,133.24419904854463,130.9173631774222,131.6198128985672,7696084
2017-03-02,132.54176330566406,132.7173722413842,131.70761037729505,132.7173722413842,5767504
2017-03-03,132.23452758789062,132.6735431917886,131.9272012890623,132.54183990844646,4164269
2017-03-06,131.70762634277344,132.05884425678803,131.35640842875884,131.70762634277344,4886991
2017-03-07,131.09298706054688,131.66373363954517,130.78567488256257,131.4003132167972,6256295
2017-03-08,130.82960510253906,131.44424355181133,130.52227888876862,131.2247288214806,6741538
2017-03-09,130.2149200439453,130.961261472962,129.7758907404307,130.61004362145576,5412736
2017-03-10,132.9368896484375,133.59541967640914,130.08322691127609,131.0051773373952,12355279
2017-03-13,131.09298706054688,132.8490905962461,130.78567488256257,132.7173873740051,6299049
2017-03-14,129.6881103515625,130.78566977667592,129.38078420731023,130.65396655957665,4757830
2017-03-15,130.6540069580078,130.96131921901608,129.38082421207122,129.73205619671324,5246349
2017-03-16,130.6100616455078,130.91737381341864,130.03932906348376,130.82957632755793,4425097
2017-03-17,131.18080139160156,131.88323722991103,130.69788024733037,131.04909816648512,9105805
2017-03-20,130.56619262695312,131.35644011323456,130.34667788317833,131.26864260268633,3938998
2017-03-21,129.02952575683594,131.09294074145265,128.81001114515144,131.09294074145265,5599405
2017-03-22,129.64427185058594,130.4345195195185,128.67841514169868,129.7759751359838,5425360
2017-03-23,130.0393524169922,130.52227362161685,128.98568454957868,129.51252547241944,5148737
2017-03-24,130.47830200195312,130.8734254631182,129.644149366547,129.90756966674354,5817541
2017-03-27,129.2490997314453,129.55641194199268,128.4149466195775,129.29300546959993,6048425
2017-03-28,130.0393524169922,130.52227362161685,128.41495186505787,128.67837232647827,5810759
2017-03-29,130.30279541015625,130.43449867450633,129.33693885562457,129.60034538432473,5750477
2017-03-30,131.13694763183594,131.66378869764202,130.08329345676742,130.21499673408303,7503760
2017-03-31,130.82960510253906,131.88325903420412,130.5661846304885,131.09301159632102,10599304
2017-04-03,131.18080139160156,131.70762827033366,130.61006877840856,130.65397451286947,6241563
2017-04-04,131.79547119140625,132.1027834494382,130.3905852012539,131.26864418695024,5228488
2017-04-05,131.5758819580078,133.5514995791297,131.48807051784163,132.10270866421973,5391307
2017-04-06,131.40032958984375,132.49788919456668,131.35642385087058,131.7076418061205,4496668
2017-04-07,131.6637420654297,132.5417869003372,131.3564158895119,131.3564158895119,3959509
2017-04-10,131.75146484375,132.7173206035465,131.53195026494276,132.0148851339705,3861334
2017-04-11,131.8832244873047,132.14664489035212,131.00517977425488,131.70761554469473,4598954
2017-04-12,130.6978759765625,131.2686085711059,130.1710351367795,131.18079710505344,5642494
2017-04-13,129.7759246826172,130.82959249098064,129.73203292339696,130.39056307264025,4172824
2017-04-17,130.127197265625,130.39060381632314,129.7320734613062,130.03938576321121,4543951
2017-04-18,131.00514221191406,131.2685625394325,129.86367742310236,129.95147488010122,5363993
2017-04-19,131.70762634277344,131.97104676741745,131.13689373793318,131.22470520556988,5549243
2017-04-20,132.8929901123047,134.07836099181364,131.8393364271403,131.92713391177134,7737524
2017-04-21,129.73199462890625,133.37590417767504,129.2929653401592,132.89296916440068,15096994
2017-04-24,129.73199462890625,131.40028635657654,129.4685742600054,131.04906851688418,10137889
2017-04-25,129.29295349121094,129.9514833857179,128.72222105944937,129.29295349121094,8316040
2017-04-26,128.45884704589844,129.73202953013075,128.45884704589844,129.60031232111348,7797368
2017-04-27,127.6685791015625,128.67834098307063,127.40517268257057,128.59052952456355,6873288
2017-04-28,127.27346801757812,128.01980957526416,127.01006157266895,127.75640313035498,5024416
2017-05-01,127.05393981933594,128.06370169283718,127.01004806869508,127.36126594340912,5011187
2017-05-02,127.27346801757812,127.53688844075333,126.92225010552187,127.3612794847252,7044432
2017-05-03,128.32716369628906,128.5905701985982,126.65887126134469,126.96618350679502,5611612
2017-05-04,128.19546508789062,128.6783863451263,127.53692085172969,128.50277734447064,4092740
2017-05-05,128.28321838378906,128.37102984298576,127.80029729300146,127.88809477393342,3532044
2017-05-08,127.6247329711914,128.414966488908,127.31740673482474,128.01984274091487,4513424
2017-05-09,127.01009368896484,127.71252969069822,126.70276745450434,127.66862394602249,4974233
2017-05-10,126.00027465820312,127.01003643924733,125.56124536587724,126.9661307143621,5435063
2017-05-11,126.7466812133789,126.83449270828268,125.1222803838226,125.91252792487481,5845752
2017-05-12,124.11248016357422,124.90272737417918,122.26856534607442,124.5076037688767,14279415
2017-05-15,123.71736145019531,123.98076787863596,122.79541099412276,123.23442636761222,8297970
2017-05-16,123.10275268554688,124.15642058687817,122.92714369836975,124.02470336279394,6157451
2017-05-17,120.33688354492188,126.35153662863746,120.33688354492188,122.13689308949508,10946789
2017-05-18,120.64417266845703,121.39051410972411,118.9758668790235,119.67831657182955,10109177
2017-05-19,123.14665985107422,123.67348681869825,120.73201178749389,120.95152651857107,10117753
2017-05-22,123.71736145019531,124.24418828534175,123.19053461504888,123.93687612607262,5803039
2017-05-23,124.15641784667969,124.15641784667969,123.41006219481372,123.84909164220119,4982246
2017-05-24,122.18077850341797,125.12223895646427,121.25882800353381,124.33200565532486,11205008
2017-05-25,120.68810272216797,122.48809809807173,120.38077655141043,122.00517694154796,8190905
2017-05-26,120.51246643066406,120.9514957812482,119.81003065234155,120.5563721613755,6390068
2017-05-30,120.11736297607422,120.51247263803315,119.23930422967882,119.89784828947536,7602749
2017-05-31,120.20513916015625,120.46855953304284,119.37098629456821,119.98562451246133,7430561
2017-06-01,121.69781494140625,122.40026456899436,120.73195893445232,120.77586465710081,6758085
2017-06-02,122.4002685546875,122.66367494263056,121.25880359823292,122.35636283060933,7722083
2017-06-05,122.83929443359375,123.23441802778007,122.09295297307833,122.48807656726463,9078783
2017-06-06,122.61981964111328,123.10274081471505,122.0929787521168,122.83932037021681,7036336
2017-06-07,121.52225494384766,122.75153180323477,120.29299206272873,122.70762606291348,9084960
2017-06-08,121.12712097167969,122.13688302214877,120.8637145086126,121.52224464454729,8538411
2017-06-09,122.66371154785156,122.79542875939305,121.12712257267155,121.30273154312637,5292255
2017-06-12,127.05393981933594,129.38077571214708,126.13198940364546,128.37102781691038,29022706
2017-06-13,124.9027328491211,128.01980212081648,124.41979776446499,127.84419317501386,12274276
2017-06-14,125.95643615722656,126.4393714321839,124.5515500589433,125.03448533390065,8580248
2017-06-15,128.12576293945312,128.17003905573426,125.8678501633328,126.08921664855367,9988258
2017-06-16,128.39141845703125,128.4356945777665,126.7090527347666,128.3028803117469,17019649
2017-06-19,127.5059585571289,128.39141043558348,127.2403159454999,128.21432005989257,6365174
2017-06-20,124.53966522216797,127.15177282970927,124.3182987371711,127.10749671347295,9920401
2017-06-21,122.99011993408203,124.80531392281972,122.41457268343623,124.76103780441956,7044036
2017-06-22,121.97186279296875,123.21150976584666,121.9275866661828,122.94586710131908,7592087
2017-06-23,122.06037902832031,123.03438304925639,121.75046032845923,123.03438304925639,6622204
2017-06-26,122.23750305175781,122.54740774078405,121.75049385907336,122.14895079992871,5947203
2017-06-27,120.46658325195312,122.14894914826736,120.42230712663725,121.83904446343155,8623879
2017-06-28,119.89099884033203,121.30773573906205,119.7581846016391,120.68791246485623,6471822
2017-06-29,119.62535858154297,121.35200010269521,118.6070925715546,120.24518186774253,7664597
2017-06-30,119.58108520507812,120.37798467313404,119.13835231468313,119.93526587892124,5478256
2017-07-03,121.52909851074219,122.14892183802034,119.80245687515732,120.24518983695378,4312002
2017-07-05,121.08639526367188,122.01612332641949,120.55512409869984,121.92757108416434,4438284
2017-07-06,116.48200225830078,119.75820241898202,115.55227425676091,118.91701255768218,15993094
2017-07-07,115.77363586425781,116.43772831319365,115.02099822533671,116.21636886227691,8459808
2017-07-10,115.28661346435547,115.9507057961778,114.44543078379273,115.68507027306718,9756038
2017-07-11,116.79190063476562,117.10181228266651,114.71107132579544,115.24234944335298,8607645
2017-07-12,117.67738342285156,118.69565670401357,116.74764828986713,117.50029303030976,10638908
2017-07-13,118.60710906982422,118.78419944820261,117.32318620634902,117.67737401119855,5794045
2017-07-14,118.56283569335938,119.09410684078203,118.34146919122014,118.38574531088516,4394069
2017-07-17,118.73992156982422,119.0055641815477,118.29718858234685,118.47427895810074,5779022
2017-07-18,119.04984283447266,119.18267120698302,118.38575735666991,118.47429550882289,5455700
2017-07-19,119.27118682861328,119.66964367850069,118.8284538629196,118.87272997872589,5173234
2017-07-20,118.16436004638672,119.7581873317696,117.765903225041,119.62535899386532,11509404
2017-07-21,114.71109008789062,115.1538230996171,111.83335370404069,112.36462486040081,18915198
2017-07-24,112.58596801757812,114.4454307753992,112.23178732012327,114.13551914108044,11867093
2017-07-25,112.6302490234375,113.91416467964447,112.27606126249896,113.20579620585927,9636328
2017-07-26,113.29436492919922,113.73709091226601,112.32036071835894,113.29436492919922,8499516
2017-07-27,114.1798095703125,114.22407863899986,112.98443899436707,113.29435066754837,8323113
2017-07-28,113.02871704101562,114.57826838528699,112.45316275351327,114.48972319830798,5902383
2017-07-31,113.38288879394531,113.73706951376316,112.85161066612655,113.0729771400587,6388461
2017-08-01,112.6302490234375,113.60425303185771,112.1432470192274,113.47143174049427,8745299
2017-08-02,112.98442840576172,113.20579487272997,112.40888123011769,112.63024769708593,5714629
2017-08-03,114.04700469970703,114.1355498979316,112.32036276218784,113.29436699075151,6451143
2017-08-04,114.13554382324219,114.44545552458032,113.42718227514713,114.00272955702091,4864539
2017-08-07,113.47146606445312,114.17983475251262,113.11728524447038,113.9584682159764,3937537
2017-08-08,113.16154479980469,114.62255113142345,112.98445440471637,113.47145651525595,5663840
2017-08-09,113.82563018798828,113.86990630803851,112.71881176384824,113.1172686519284,6191213
2017-08-10,112.01044464111328,113.82563167308922,111.87763037541569,113.82563167308922,6192861
2017-08-11,111.56769561767578,112.67451382751125,111.52341950619838,112.45314736630752,4009922
2017-08-14,112.27606201171875,113.11725178248066,111.78906000425887,111.92188129650863,5068840
2017-08-15,111.30204772949219,112.0989613132938,111.12495738822322,111.61195935075851,5703757
2017-08-16,111.1249771118164,111.78906953349053,110.90361062189417,111.21352229816678,5732741
2017-08-17,109.57542419433594,111.12497550520348,109.44260994077682,110.99216125164435,6514785
2017-08-18,108.68997955322266,109.5311694938736,108.2029774474065,109.04416738805745,7151497
2017-08-21,108.42434692382812,108.91134904294248,107.67170920740416,108.42434692382812,9609933
2017-08-22,108.91133880615234,109.53116218970986,108.38006766146837,108.77851749593492,6253415
2017-08-23,107.98162078857422,108.7342585040242,107.76025426705593,108.55716810604697,7205853
2017-08-24,107.58317565917969,108.64572521158198,107.58317565917969,108.158723039727,5330878
2017-08-25,108.42434692382812,108.91134904294248,107.80452348201219,107.98162092831213,4771643
2017-08-28,108.3357925415039,109.22125150557237,107.80451434382564,108.60142811629656,4994870
2017-08-29,108.20295715332031,108.29150233339851,107.49459571269468,107.71595513884418,4989131
2017-08-30,107.49461364746094,108.42434171744708,106.91906635688032,108.42434171744708,7068637
2017-08-31,108.68997955322266,109.35407205240953,107.4946158739236,108.07016317642513,11535738
2017-09-01,111.30204772949219,112.01041614265931,108.42431206364336,108.91131402617864,12279368
2017-09-05,109.57542419433594,110.94788513506303,108.77851048061152,110.94788513506303,9293476
2017-09-06,110.32806396484375,110.7707898706335,109.88533101096189,110.19524266906078,11481632
2017-09-07,106.34352111816406,108.68997939913974,105.50233117870562,108.51288900602007,16715628
2017-09-08,105.45804595947266,106.25495260650952,104.39549671533125,106.0335931730454,9307268
2017-09-11,105.01531982421875,105.76795745273449,104.57259388041324,105.36950762735589,9036446
2017-09-12,105.85649871826172,105.85649871826172,104.97103987432992,105.45804188608781,10362702
2017-09-13,106.74198150634766,107.05189324891961,105.90079853201864,105.94507465871207,8060554
2017-09-14,107.40605926513672,107.45032833472905,105.9893221725153,106.69769071882601,8781440
2017-09-15,107.00362396240234,108.07678992833148,106.19874770832674,107.76378170524485,13888549
2017-09-18,109.37353515625,109.77597331294947,107.00363184909772,107.13777315565386,10955699
2017-09-19,108.2109375,109.41825195112386,107.40606831776617,109.37353343729761,9460843
2017-09-20,108.74752807617188,109.14996624135965,108.16623008612636,108.21094148308296,8298554
2017-09-21,110.67025756835938,111.07269564517313,108.0767764404102,108.79221558273322,10874529
2017-09-22,111.20684814453125,111.96700582053845,110.75969154557569,111.0726997411417,8287537
2017-09-25,112.2800064086914,112.59301458304988,111.1174107198004,111.43041889415888,8865635
2017-09-26,111.47513580322266,112.72716144417733,111.43042441524977,112.45887176079724,8503648
2017-09-27,108.9710693359375,112.011699560888,108.56863130769094,111.78812841515021,11787113
2017-09-28,108.38977813720703,109.32880269474627,108.03205856396208,109.06051301481256,7544053
2017-09-29,108.12149047851562,108.61335846017958,107.3613328119025,108.30035026848175,7026425
2017-10-02,109.86540222167969,110.04426915964942,107.76378866531887,108.30036812368166,8868389
2017-10-03,110.89385223388672,111.02800065213734,108.79223164670779,110.0442645676732,7075210
2017-10-04,109.46295928955078,111.29628291746484,109.23938098027612,111.25156440820402,6708361
2017-10-05,109.73123168945312,109.86537295905758,107.98733823648654,109.0605039858901,7252865
2017-10-06,109.0605239868164,109.73125181338615,107.89792813829352,109.14995388912472,8498765
2017-10-09,104.76783752441406,107.98734200344535,103.96296852317005,107.76376372162066,29275875
2017-10-10,104.45482635498047,106.69058760113862,104.27596659424992,105.97514143970328,16812134
2017-10-11,103.15809631347656,104.05240235615892,102.39793866867649,103.42638599072704,16937707
2017-10-12,103.06867218017578,103.2475319750035,102.08493619010886,103.06867218017578,12509021
2017-10-13,102.75567626953125,103.87356079867499,102.66624636142159,103.51583404772101,8428237
2017-10-16,104.45482635498047,104.99140563717212,102.53206613084424,102.80036289045319,10382567
2017-10-17,103.6947021484375,103.96299901271689,102.84511439426183,103.8288505805772,12235757
2017-10-18,103.3817138671875,104.09715327823935,103.1581354919754,103.73943357271342,7297059
2017-10-19,105.43860626220703,106.33291255845891,103.06869564491696,103.4711338341561,15769450
2017-10-20,106.55647277832031,106.60119129184235,98.82073230172006,98.99959211877751,40147504
2017-10-23,99.80448913574219,104.8126006457261,99.17847964606722,104.8126006457261,39090944
2017-10-24,97.88170623779297,99.759748391508,97.25568981371637,98.91015365618766,27880573
2017-10-25,96.1378173828125,97.88171121474949,95.24351121087979,97.65813289213753,23060959
2017-10-26,95.33292388916016,96.80852773842403,94.79633743555792,96.4508010631846,18004137
2017-10-27,92.96302032470703,95.24350044954367,92.2922925511702,95.0646406590691,20560436
2017-10-30,91.26383972167969,92.65001380059182,90.59311193606418,92.20286431635296,20529324
2017-10-31,90.14595031738281,91.21911605361292,89.65408239167262,90.5930997414314,20450366
2017-11-01,89.51997375488281,91.75573610490149,89.25168398132456,89.74355212543966,19137318
2017-11-02,89.1622314453125,89.7882407581928,87.77605728901959,89.65409946469015,17012575
2017-11-03,90.05653381347656,90.90612140466021,88.80450100308228,89.07279781588936,14160018
2017-11-06,90.01182556152344,91.80043796430536,89.78824723154686,91.7557194509039,12661511
2017-11-07,90.36953735351562,90.54840427308622,89.9671063603973,90.19067755245976,8693113
2017-11-08,89.96710968017578,90.86140871845467,89.74353136134856,90.36954068814379,8280233
2017-11-09,89.38581085205078,89.74353761078822,88.75980148166235,89.60938918644725,10610572
2017-11-10,91.62158203125,92.47116975525057,88.98338182865446,89.3411014769672,21019137
2017-11-13,85.04842376708984,92.78416332679868,83.8411094672779,90.5931130312543,54577114
2017-11-14,80.04031372070312,84.42240718398128,78.07284173341202,84.01996908489768,65218755
2017-11-15,81.65008544921875,82.18666496269908,78.25172005644524,78.29643857516002,30124129
2017-11-16,81.60536193847656,82.63380950232562,80.7110556855337,82.63380950232562,18649508
2017-11-17,81.42648315429688,82.58907887689833,81.42648315429688,82.0077810155976,12615126
2017-11-20,80.39803314208984,81.06876093297635,79.72730535120334,80.26389185502124,13340623
2017-11-21,79.72734069824219,80.80050706315075,79.14604254718829,80.2639274399553,16258721
2017-11-22,81.1581802368164,81.60533678471566,79.772013446464,81.1581802368164,11444448
2017-11-24,81.33706665039062,82.18665432940642,81.15819971718942,82.18665432940642,5195206
2017-11-27,81.0240707397461,82.72325347475024,80.88992229906911,82.00780698866697,16453507
2017-11-28,82.32080078125,82.45494207979927,80.7557667623978,81.24763480028035,11709157
2017-11-29,82.6338119506836,82.90210881747686,81.87365410463995,82.49967063580293,11509697
2017-11-30,81.7842025756836,83.12565808108363,81.2923346079017,82.99151680165208,14200582
2017-12-01,79.95088195800781,81.7394941080989,79.8614520623547,81.7394941080989,17116050
2017-12-04,80.26387786865234,80.75574577872734,79.9508697225113,80.48744901431316,14261616
2017-12-05,79.41426849365234,80.53215248741452,79.01183054063844,79.50369835893189,13733075
2017-12-06,78.96714782714844,79.7720240252935,78.69885813393826,78.74356952354937,9163104
2017-12-07,79.19074249267578,80.75577670419851,78.83301570930294,79.63789207374685,11598420
2017-12-08,79.19074249267578,79.68261059111195,78.96716414288225,79.2354538915249,11360294
2017-12-11,78.92241668701172,79.54843298948562,78.38583738647412,78.74355692016586,12138124
2017-12-12,80.08502197265625,80.66631984444349,78.92242622908178,80.26388887964129,13945388
2017-12-13,79.41426849365234,80.44272262213498,79.41426849365234,80.1297145344006,8785613
2017-12-14,78.87771606445312,79.68259224356797,78.87771606445312,79.4590139452551,10129668
2017-12-15,79.6825942993164,79.7273056890239,78.9671479973659,79.50372738494289,18441952
2017-12-18,79.41426849365234,80.7110122179736,79.36955712026854,79.90613631194579,11249683
2017-12-19,78.65413665771484,79.59315410777292,78.47527686899085,79.45901282548705,13666553
2017-12-20,78.02813720703125,78.92244346318702,77.62570615435114,78.83301354942303,15725818
2017-12-21,78.11756134033203,79.1012902293001,77.98341293257907,78.07284283157618,14163503
2017-12-22,78.25170135498047,78.51999104760176,77.80455186727829,78.29641986300793,9675745
2017-12-26,78.47682189941406,79.51237737669223,78.34175443205734,78.56686926687334,11546922
2017-12-27,78.251708984375,79.37730468906271,77.9365396067032,78.61189846304875,12546163
2017-12-28,78.16165924072266,78.34175397458955,77.66639513875651,78.11663197342376,12714804
2017-12-29,78.5668716430664,78.92706829146172,77.75644531142227,77.75644531142227,15889514
2018-01-02,80.95313262939453,80.99815989150862,78.92705635519413,79.15217116277407,16185981
2018-01-03,81.71853637695312,82.57399699103335,81.17825225321504,82.39390228312067,17000180
2018-01-04,83.42948150634766,83.83469833388443,82.39393296638275,82.75412251634168,17225995
2018-01-05,83.4744873046875,84.9602795674504,83.2943925760491,84.91525230145874,16667865
2018-01-08,82.3038558959961,84.19485751895645,81.49342253320543,84.05979007026693,17130657
2018-01-09,83.56452178955078,84.01475854175362,81.53843848548047,82.52896650798974,13855205
2018-01-10,85.23042297363281,85.81573443455808,83.65458332227028,83.6996034212915,17177522
2018-01-11,85.63563537597656,87.30152230886847,85.54558801482001,86.58113625195223,20808952
2018-01-12,84.46499633789062,86.22093029567066,84.19484713849178,86.08585569597123,18169606
2018-01-16,81.98870849609375,83.33942635019567,80.86310550589863,82.48397266495316,42912819
2018-01-17,78.11662292480469,79.69246241509957,77.71140623671018,79.46734044001073,39131904
2018-01-18,75.50524139404297,78.7019407291376,75.46021412829636,78.34175127382105,35944841
2018-01-19,73.20899963378906,75.32512297095214,72.12842433727414,74.964933594668,44851332
2018-01-22,72.80379486083984,73.5241808984162,71.13790797267124,71.58814476636667,28005019
2018-01-23,76.04552459716797,76.67586330351408,73.25403485144088,73.38910947927619,25714786
2018-01-24,74.01943969726562,78.16164657567232,73.16397909851733,76.54077989818137,34850262
2018-01-25,72.84883117675781,74.82988784544331,72.62371631361829,74.28960357271013,19834813
2018-01-26,72.62371826171875,72.75878574969254,71.72323728200985,72.62371826171875,18965005
2018-01-29,73.29906463623047,73.97442346329419,71.9033197153888,72.12844171363146,15469060
2018-01-30,71.81326293945312,73.25402777055173,71.81326293945312,72.48862167802008,14242064
2018-01-31,72.80379486083984,73.25403165453527,71.9933614645244,72.30853080394303,16018822
2018-02-01,72.1284408569336,72.53365758189176,71.67819686579602,72.30853558632296,11022366
2018-02-02,70.41753387451172,71.72323154910731,70.23743912649816,71.54313680109375,17171805
2018-02-05,67.13075256347656,70.37247822336933,67.13075256347656,69.69711960684941,25715850
2018-02-06,68.75164794921875,69.06681734778371,66.23030709602904,66.7255712458697,26462505
2018-02-07,68.6615982055664,69.87724848624927,68.6615982055664,68.93174032316323,15859821
2018-02-08,65.0596694946289,68.48149805122816,65.0596694946289,68.39145068580862,28928098
2018-02-09,67.26583862304688,67.67105529558293,64.06913250311277,66.14023595848414,26929053
2018-02-12,66.7255630493164,68.1663280502037,66.54546115249937,67.80613859189792,15771182
2018-02-13,66.05020141601562,66.5904928067421,65.41986982244346,66.36537079663402,15378459
2018-02-14,67.08575439453125,67.67106586457318,65.91513145444739,66.14024628838821,17926577
2018-02-15,66.86063385009766,68.16633145313406,66.50044437381085,67.22082332638446,11452419
2018-02-16,67.76109313964844,68.57152637099166,66.68051788707821,66.86061256789621,13505612
2018-02-20,66.36537170410156,67.40092723062703,65.82508747365195,67.17580521744068,12867294
2018-02-21,65.23973846435547,66.32031347165015,65.05963665675587,66.23026615168064,20472151
2018-02-22,65.82508087158203,67.85115728405538,65.23976943013436,65.41986415555456,16379390
2018-02-23,65.77967071533203,66.59680378119583,65.77967071533203,65.96125584107955,11040854
2018-02-26,66.50604248046875,66.64223500228921,63.32827960518985,65.32573138130624,30302034
2018-02-27,65.82508087158203,68.91205051037406,65.82508087158203,66.5968214745343,19410582
2018-02-28,64.05460357666016,66.36983221461871,63.963811005267836,66.2790396432264,18490403
2018-03-01,63.64603805541992,64.73555621894145,63.328260418771514,64.28159332871675,19170976
2018-03-02,64.0999984741211,64.6447611483684,63.419050551548445,63.50984312609267,15572368
2018-03-05,65.46190643310547,66.50602473180044,64.1000032593095,64.3723882302582,18247395
2018-03-06,66.46062469482422,66.596809938235,65.87046936809298,66.27903955228872,12124707
2018-03-07,65.8704605102539,66.2336307464881,64.37237244531674,65.73426805817572,17318787
2018-03-08,65.91587829589844,66.46064108483183,65.41651541728594,65.82508570224012,10348638
2018-03-09,67.8225326538086,67.86793256107515,65.87048118100726,66.36984402602424,13386967
2018-03-12,68.54887390136719,69.59299216993934,67.91331862346601,68.1856963595741,14653629
2018-03-13,65.5073013305664,66.91459722923075,65.09873108727787,66.68761215474095,24772029
2018-03-14,64.78096771240234,66.23365644802624,64.64477520747553,65.64350097164932,11907699
2018-03-15,65.18952941894531,66.05206256465235,64.73555928027022,64.96254434960777,9895779
2018-03-16,64.96258544921875,65.4619485815018,64.3724296771558,65.09877079539501,23889514
2018-03-19,63.8730354309082,64.82636129770471,63.55525773298148,64.73556870215188,13810133
2018-03-20,61.92095947265625,64.05460294685138,61.830166902156634,64.00920304811075,18554546
2018-03-21,63.010494232177734,63.37367183733515,61.603205403262265,62.011775692199635,13592791
2018-03-22,60.60446548461914,62.6019130577251,60.468276616485106,62.42032790021306,14862500
2018-03-23,59.3333740234375,61.05844420533916,59.10638891765272,60.83145909955438,17536442
2018-03-26,58.51622772216797,60.1051088538676,57.789883404116416,60.0597125598326,22000434
2018-03-27,61.01304626464844,62.28415711652427,58.19846121531306,58.65242421456587,32336072
2018-03-28,62.102535247802734,63.32824560516732,59.42414036803677,61.37619479334718,29025877
2018-03-29,61.194644927978516,62.011785636896356,60.60448574181988,61.648607973496915,15548310
2018-04-02,59.56033706665039,61.4669954652823,58.833992902809584,61.05842529221964,15041824
2018-04-03,59.60573959350586,59.65113588265705,58.107651211043084,59.56034330435467,12474884
2018-04-04,60.28668975830078,60.3774859534288,58.062257054235225,58.19844954018163,11929712
2018-04-05,60.96764373779297,61.55779915506017,59.78733290325859,60.332092027927644,11168889
2018-04-06,59.2879753112793,61.14923431278213,58.69781622836024,60.46828625013394,13242927
2018-04-09,58.24385452270508,59.741943183744446,58.19845822511223,59.46956178469556,14258423
2018-04-10,59.2425651550293,59.651131728940115,58.78859868163751,59.06097639757805,11982984
2018-04-11,58.87939453125,59.378757318429855,58.334635455552984,58.60701318665595,10479010
2018-04-12,59.83272933959961,60.15050338854999,58.87939996576562,59.15177772200881,13277419
2018-04-13,61.24002456665039,62.102557782791756,60.64986911976685,60.87685420763996,14850168
2018-04-16,60.5136833190918,61.64859797582115,60.059716733701705,61.28542759830249,12160618
2018-04-17,62.60191345214844,62.96509099644304,60.649862156121586,60.74065473544965,15050609
2018-04-18,62.01176452636719,63.192075269889145,61.8301721429942,63.01048288651616,8969027
2018-04-19,63.509830474853516,63.827608035947584,61.87555723162485,62.05714234454131,18316838
2018-04-20,66.00668334960938,68.32191299240009,65.09875001465254,67.82255001952306,39371615
2018-04-23,65.91587829589844,67.09618924044005,65.32572282362763,66.96000396344432,15298437
2018-04-24,66.6422119140625,67.0507821109901,66.00665666840138,66.55141933996548,15495602
2018-04-25,63.782249450683594,66.86921970060315,63.146693988912006,66.82381978462615,23216120
2018-04-26,65.28031158447266,65.82506699157676,63.827616044898825,64.05460107801626,13533448
2018-04-27,65.28031158447266,65.73427442372608,64.417771349419,64.55396381468574,10188469
2018-04-30,63.8730354309082,65.32572418673708,63.8730354309082,65.23493159118425,10127373
2018-05-01,63.782249450683594,63.963834660622794,62.78352356903361,63.91843474464579,10719493
2018-05-02,64.37239837646484,65.280331559774,63.91842817131844,64.00922076695099,10783239
2018-05-03,63.23746871948242,64.41777947745064,62.874298402256,64.41777947745064,12665163
2018-05-04,64.00920867919922,64.14540116042075,62.51112029369158,62.96509041310848,8744820
2018-05-07,63.8730354309082,64.37239831994057,63.55525773298148,63.96382802646103,6858410
2018-05-08,64.78096771240234,65.77969347657613,63.9638271368086,64.37239742460547,12381195
2018-05-09,66.36983489990234,66.64221262509956,64.91713924488653,65.14412429604188,10614202
2018-05-10,66.6876220703125,67.00539977645103,65.82508877677978,67.00539977645103,7820843
2018-05-11,66.27906799316406,67.05080879359093,65.91589032526892,66.91461626475714,5970052
2018-05-14,66.77840423583984,67.18696720485028,66.4606266137367,66.73300433540429,8562032
2018-05-15,66.77840423583984,66.82379690929349,66.14284899163353,66.73300433540429,7357154
2018-05-16,68.23111724853516,68.54889498522591,66.68762848188769,66.77842831550036,11397833
2018-05-17,68.23111724853516,69.18444323162291,67.73175429858811,68.63968759185406,10585136
2018-05-18,67.958740234375,68.54889579794711,67.73175510162123,68.45810319024253,7170422
2018-05-21,69.2752456665039,70.59174948986445,69.00286780797654,69.72921599103505,16258282
2018-05-22,69.41140747070312,70.77330338721544,69.41140747070312,69.86537036721312,13717258
2018-05-23,64.37239837646484,69.04824957296763,64.05462067825908,69.00284966165954,30743980
2018-05-24,66.27906799316406,66.82382365452956,64.64478655509794,65.09874960623584,21995906
2018-05-25,66.41522216796875,66.5968073033198,65.41649669655652,66.32442960029321,10370235
2018-05-29,64.37239837646484,65.91587972920186,63.64605038442079,65.73429453793675,15867583
2018-05-30,64.32699584960938,64.64477353489423,63.64604779656089,64.1908105751897,10893914
2018-05-31,63.91839599609375,64.14538098440731,63.328240808062496,64.00918854602317,11571648
2018-06-01,64.00920867919922,64.23619373890767,63.32826072705617,64.00920867919922,11870536
2018-06-04,62.23876190185547,64.50859152344947,62.10256937830571,64.14542109662949,17197157
2018-06-05,62.647315979003906,63.23747138284348,61.376212588194264,62.23874574142533,14699910
2018-06-06,61.92095947265625,63.05587744437394,61.87556680089727,62.73809983413446,12967368
2018-06-07,62.55654525756836,62.64733787242824,61.784804417766786,61.87559703262667,14811336
2018-06-08,63.23746871948242,63.87302400161101,62.23874312012742,62.55652076119171,10484206
2018-06-11,63.464454650878906,63.69143971574692,62.874299263808034,63.50984732766303,9098022
2018-06-12,63.464454650878906,64.19080252226708,63.14667700546018,63.69143971574692,8663462
2018-06-13,63.055885314941406,63.8276258740068,62.78350756944466,63.646040710342305,7407462
2018-06-14,61.92095947265625,63.14667001487356,61.557789190657786,62.965084873874325,12659759
2018-06-15,60.913387298583984,61.92097745970411,60.913387298583984,61.87517459277677,20069141
2018-06-18,60.455379486083984,60.592777123007394,59.99738371744262,60.50117869839179,14260009
2018-06-19,59.31039810180664,59.85999235265011,59.08139837070969,59.81419313554347,16249456
2018-06-20,58.98979568481445,60.04318489347185,58.394402259777245,58.44020147358292,20120367
2018-06-21,58.440208435058594,58.715007396190515,57.753216500574645,58.66920817692918,14750782
2018-06-22,59.768394470214844,59.90579212280323,58.440206225169206,58.440206225169206,14178026
2018-06-25,58.39440155029297,59.76838888445978,58.34860233704375,59.67678681239792,16029380
2018-06-26,62.9285774230957,63.84456928417169,61.32559348899504,61.64619173404103,44618882
2018-06-27,63.93614959716797,66.13452652343642,63.203354858036086,63.478150151037845,28252972
2018-06-28,63.34074401855469,64.1193341785012,62.653744980939265,63.84453893813052,13444307
2018-06-29,62.333168029785156,63.661356256721255,62.14997116216516,63.340758092822554,15015178
2018-07-02,61.233978271484375,62.05837144991883,60.40958509304992,61.737773292624624,13098533
2018-07-03,61.233978271484375,61.783568863022495,60.91338011419017,61.14237619399772,6721507
2018-07-05,61.50878143310547,61.55457700935976,59.72259719993162,61.27978167844938,11172227
2018-07-06,63.4323616027832,63.66136135119753,61.004984684749786,61.23398443316411,12524399
2018-07-09,63.890350341796875,64.76054642210332,63.70715346945688,63.84455476927568,13993109
2018-07-10,64.89793395996094,64.94373681904284,64.02774525754675,64.11934368458367,12585475
2018-07-11,64.07353210449219,65.44752290528669,64.07353210449219,64.39413020104844,9862643
2018-07-12,64.07353210449219,64.76053115045238,63.79873686078364,64.34833463932662,8309863
2018-07-13,63.61555099487305,64.43994415919691,63.56974813413188,63.98194471629381,10121259
2018-07-16,63.66136169433594,63.89035415285653,63.20336219503864,63.615558827954985,8943299
2018-07-17,62.69955825805664,63.61554983604997,62.51636140068338,63.432352978676704,12334350
2018-07-18,62.974361419677734,63.2491640312314,62.74536896488691,62.92856584517074,8562449
2018-07-19,62.882774353027344,63.56976642391066,62.37897919556235,62.83697877023739,15641895
2018-07-20,60.0889892578125,63.111759501464796,59.44779656400971,62.83696419507665,35732423
2018-07-23,59.49360275268555,60.08899629852004,59.08140609924192,59.63100042197869,18849031
2018-07-24,60.0889892578125,60.13478847554386,58.85240308793827,59.17299761205778,11824171
2018-07-25,60.04318618774414,60.22638669247931,59.356194320287,60.134784617329956,11132811
2018-07-26,60.22640609741211,60.776000497569704,59.81420938590273,59.99740630410036,11374588
2018-07-27,59.8141975402832,60.363791831598995,59.44780013088467,60.0889928631591,8206805
2018-07-30,60.27219009399414,60.501186183865556,59.58519453325229,59.72259218717514,8255716
2018-07-31,62.42477035522461,62.516368794744956,60.27219244424072,60.40959010352124,14959799
2018-08-01,60.63859176635742,62.058382291454734,60.63859176635742,62.058382291454734,9291368
2018-08-02,60.31798553466797,60.50118239509275,59.814190522936265,60.31798553466797,7631879
2018-08-03,60.18058776855469,60.684382809793604,59.997390897400095,60.22639063190712,7354316
2018-08-06,59.99738693237305,60.36378429603204,59.81419007332533,60.08898536189691,6779285
2018-08-07,60.27219009399414,60.684383055762694,59.630993751226576,60.08898957653321,11811088
2018-08-08,59.768394470214844,60.409587161191055,59.4019970844154,60.409587161191055,8429823
2018-08-09,59.26459503173828,59.67678795890024,59.12719374378747,59.585189530642026,6778847
2018-08-10,58.48600769042969,59.12720040604818,58.211212374692,59.12720040604818,10110158
2018-08-13,57.020423889160156,58.302813014375026,56.745628563048136,58.25701379335636,14001101
2018-08-14,56.56241989135742,57.70740746933668,56.42501861137182,57.1578132860841,10349974
2018-08-15,55.96702575683594,56.60822204189047,54.68464047785382,56.19602547165926,13501919
2018-08-16,56.333438873291016,56.608237878845216,55.92124218774196,56.15024196663121,10847153
2018-08-17,56.333438873291016,56.516635779950825,55.92124218774196,56.15024196663121,9795746
2018-08-20,56.333438873291016,56.74563555884007,55.600647601087296,56.19604119329616,7878350
2018-08-21,57.84482192993164,58.119617278710045,56.470834249346595,56.516633474143,12091467
2018-08-22,57.11201095581055,57.79900273596987,56.88301126538205,57.75320352699679,9065575
2018-08-23,57.4326171875,57.524215624216176,56.74562526656484,56.83722370328102,7940552
2018-08-24,57.24942398071289,57.5242193084612,57.11202631683874,57.34102242329566,8068963
2018-08-27,58.48600769042969,58.5318069097193,57.02042173647035,57.15782303990309,9324212
2018-08-28,58.440208435058594,59.035601931019876,58.25701155801325,58.486007654319934,12325524
2018-08-29,59.40199279785156,59.447792012076064,58.02800543442608,58.48600122223457,9971648
2018-08-30,58.48600769042969,59.40199936734977,58.39440925185046,58.94400352888972,9320414
2018-08-31,59.26459503173828,59.31039424586739,58.16540660151274,58.30280424390006,10517216
2018-09-04,58.02801513671875,58.98980608737183,57.844818249190205,58.98980608737183,9355782
2018-09-05,57.524208068847656,57.61580649353307,56.058625982754265,57.020413087514505,11491355
2018-09-06,57.29521942138672,58.62340404232489,57.24942020311739,57.24942020311739,8475812
2018-09-07,56.79142379760742,56.974620668822645,56.19603032059417,56.74562457980362,9570746
2018-09-10,57.29521942138672,58.165411859631604,56.56242828351364,56.60822750178297,9050656
2018-09-11,56.4708251953125,57.112021530787025,56.01282937521516,56.974620232863195,8378597
2018-09-12,57.75322341918945,57.84482186868527,56.012838296511596,56.333436515311284,8385211
2018-09-13,58.211212158203125,58.394409034680265,56.92882308617147,58.02801163616209,11408558
2018-09-14,58.6273307800293,58.95098468243863,57.24025103898565,57.93379090950747,14600045
2018-09-17,58.719810485839844,59.598293408241304,58.25744930969166,58.30368505927536,10573242
2018-09-18,58.53487014770508,58.95099561934437,58.07250892147381,58.58110590229704,8950101
2018-09-19,59.45958709716797,60.0606555315461,58.07250354684912,58.34992172903739,12958354
2018-09-20,57.61014175415039,58.67356761247568,57.147780605137534,58.211210143773805,18430204
2018-09-21,56.2692985534668,58.07250386652749,56.22306280289944,57.33272817713853,19910349
2018-09-24,54.281150817871094,55.945649009861405,53.63384657881568,55.945649009861405,31005079
2018-09-25,52.10804748535156,54.37361380724224,51.87686875059169,54.23490656638632,27896911
2018-09-26,52.66289138793945,53.44890661478798,51.83064408456593,52.015587111912986,19483739
2018-09-27,53.3101806640625,54.3273743888867,52.524169338686015,52.57040508251341,17151231
2018-09-28,52.20051574707031,53.21770947765246,52.01557277071384,52.894059269028624,15978112
2018-10-01,55.89940643310547,60.43054291408827,55.205866524501076,60.199360491012726,64290209
2018-10-02,56.962852478027344,57.702632029361105,54.41986717090287,56.962852478027344,31029263
2018-10-03,57.70261764526367,58.396157581480416,56.77789527676717,57.05530977912936,17311880
2018-10-04,58.53487014770508,58.62734165688901,57.05531495982736,57.37896892228272,15631315
2018-10-05,60.93914031982422,61.49397298724349,59.459585313269116,59.552056811120465,31541445
2018-10-08,62.92728805541992,63.065991612651466,61.30902590982536,62.51116266248168,36025406
2018-10-09,62.649879455566406,63.71330539009621,62.00257159237609,63.389651458501056,23046331
2018-10-10,61.40149688720703,63.158473721559474,61.17031814604953,61.91009747837571,19185019
2018-10-11,58.812286376953125,61.44774270158882,58.53486817842288,60.661727539346025,24238585
2018-10-12,56.962852478027344,59.32089473747447,56.40801965468311,57.9338108389578,25708943
2018-10-15,56.17683792114258,57.79510054502711,56.13060216162976,56.63919919658273,13070635
2018-10-16,55.94563674926758,56.8241232470925,55.48327930863421,56.546705102401724,18046308
2018-10-17,56.36177062988281,58.07250445927015,56.03811669229653,56.639188816429815,17409325
2018-10-18,57.240257263183594,57.47143601839184,55.76070218891687,56.130591877561386,17010175
2018-10-19,58.07249069213867,58.85850563409006,56.68541112916985,56.777882609326376,18108844
2018-10-22,57.240257263183594,58.39615839984745,57.00907482766403,58.21121539568085,10483914
2018-10-23,58.67356491088867,58.90474731490595,55.85316608011581,56.176819973615665,17086295
2018-10-24,56.2692985534668,59.228408671645205,56.13059130176473,58.76604748566037,17394134
2018-10-25,54.558563232421875,56.777893919512174,54.18867355780311,56.4080042448934,18412572
2018-10-26,52.24674606323242,53.865007979162264,51.64567777220824,53.5875935434482,24541312
2018-10-29,51.59945297241211,54.234909071985015,50.53602338276534,52.84782555841095,25007880
2018-10-30,47.06833267211914,52.709132368334174,45.63501302719991,48.82530264696997,71983559
2018-10-31,46.69842529296875,48.039269229177435,45.31134193246354,47.06831492516562,42124411
2018-11-01,44.29413986206055,47.29948473699101,44.10919692094854,46.28229120025485,49320916
2018-11-02,42.953304290771484,44.66403786008611,41.936110561922625,44.47909488404477,54985507
2018-11-05,42.90707015991211,44.062971164249674,42.86083441416348,43.415667043457944,25955269
2018-11-06,43.554378509521484,44.109211192686224,43.276964008094744,43.276964008094744,23563834
2018-11-07,42.53718185424805,43.739318642221754,42.25976737101304,43.69308289501592,25878418
2018-11-08,42.0748176574707,43.18448287074068,41.84363893816894,42.25976431322286,33760858
2018-11-09,39.67055892944336,41.427528886964,37.68240648679689,40.64151727028522,57077908
2018-11-12,36.9426155090332,39.06947436396195,35.69423943311159,38.930763457541374,51161628
2018-11-13,39.80924987792969,41.843637246795694,36.85014030861357,37.081322698881394,42945997
2018-11-14,38.46841049194336,40.91892373965984,37.86734203804566,40.502798293019474,35507986
2018-11-15,37.774871826171875,39.76302394342079,37.26627485851079,38.09852578025129,26807841
2018-11-16,37.081336975097656,37.913588011979314,35.74048890019099,37.3587515338502,36851582
2018-11-19,36.24906921386719,38.09851347351486,36.017890521566386,36.94261265139022,30898119
2018-11-20,35.37059783935547,36.34155233852735,34.81576143938369,35.4630693459136,29903260
2018-11-21,36.11037063598633,36.665203310532995,35.74048095951816,36.017899136947086,17620011
2018-11-23,35.000709533691406,36.3415537930737,34.90823802343217,35.97166775203673,9070771
2018-11-26,35.04694366455078,35.78671939265104,33.5673885280388,35.185650923511176,33103782
2018-11-27,34.39964294433594,35.27812602082689,34.07598896016864,34.63082173280412,23037755
2018-11-28,35.786720275878906,35.925431218574204,34.07598633221146,34.16845784046728,25938200
2018-11-29,36.71144104003906,36.9888592324302,34.630817478195404,35.37059687103084,25745417
2018-11-30,34.67704391479492,35.509294588086576,34.21468651886667,35.41682310890093,39037109
2018-12-03,36.11037063598633,36.75767480957224,34.815758608503316,34.861998038334136,27268484
2018-12-04,33.65985870361328,36.110371916614945,33.65985870361328,35.8329574096589,27820875
2018-12-06,33.9835205078125,34.16846355525649,33.05879790996819,33.28998039958536,23571659
2018-12-07,32.411476135253906,34.12220944514923,32.31900466125581,33.752323549156856,23887657
2018-12-10,32.041595458984375,32.92008206659948,31.209348281522217,32.226542138662474,23545806
2018-12-11,31.255577087402344,32.966310492410884,30.793216011395362,32.550185155973566,25995248
2018-12-12,31.02440071105957,32.50395570444668,30.978164962545392,31.625472802366144,22080622
2018-12-13,33.28996658325195,34.67704622402663,32.92007696156707,34.63081048135485,43251895
2018-12-14,32.82761001586914,33.52114993216433,32.36524884490196,32.73513851773794,26875823
2018-12-17,33.058780670166016,33.42867025247269,32.41147666136202,32.7813662436687,27069962
2018-12-18,33.65985870361328,35.27812103512417,33.10502600938987,33.197497511708555,30626065
2018-12-19,35.465545654296875,36.808234047620836,34.95624916725628,35.37294696308465,45795945
2018-12-20,34.44694900512695,36.20633500657327,34.076550594421896,35.419242529869614,38050283
2018-12-21,33.104251861572266,34.493242919164295,32.872755194659796,33.891347899819465,38738388
2018-12-24,32.039371490478516,33.0116652163259,31.946772789992806,32.68756607925219,14608516
2018-12-26,34.215450286865234,34.3080526580922,31.344872598531303,32.36346551366954,27092394
2018-12-27,33.65986251831055,33.65986251831055,32.17827582036594,33.24316464716249,24993253
2018-12-28,34.77104949951172,35.41924773484366,33.28946300971347,33.28946300971347,25388083
2018-12-31,35.04884338378906,35.28034008226448,34.03025053975144,34.81734299994075,22610937
2019-01-02,37.27123260498047,37.873127806099134,34.30805594675214,34.5395526835772,26991297
2019-01-03,37.3175163269043,37.96571428935063,36.02112777275557,37.13231901498933,25654795
2019-01-04,38.1046257019043,38.24352373479019,36.947131038402084,37.91942463934985,25056937
2019-01-07,40.46590042114258,40.69740079034144,38.3824155252161,39.58620933723034,37493322
2019-01-08,39.632511138916016,41.854894183358,39.44731009496392,41.252999082602706,30669237
2019-01-09,39.3547248840332,40.558515497516794,37.87313445223654,39.44732359501284,24268716
2019-01-10,41.39189910888672,41.43819845077686,39.30841398233803,39.35471332422817,23441412
2019-01-11,41.39189910888672,41.43819845077686,40.373306216557445,41.06780003028265,16832625
2019-01-14,41.20669937133789,41.66969276361042,40.55850125141064,40.79000163291976,17043123
2019-01-15,40.41960144042969,41.345595554636816,40.28070342891043,41.25299688029064,19626381
2019-01-16,41.57709503173828,41.669693712300976,40.09550508661638,40.32700547339605,17583057
2019-01-17,42.317893981933594,42.54939069501939,40.51220487837188,41.20670238837552,22074822
2019-01-18,41.947505950927734,42.8272010494034,41.808607888654954,42.734598655847506,19350175
2019-01-22,40.09550857543945,41.62339799378866,39.63251513233963,41.57709864947868,22571396
2019-01-23,40.41960144042969,40.92889783470634,39.864005708979946,40.23440409173734,15104193
2019-01-24,40.65110397338867,41.53079887695454,39.86401144286123,39.956610130526435,18848780
2019-01-25,42.41049575805664,42.64199248801398,40.92890563020947,40.975204976200935,23434130
2019-01-28,41.34560775756836,41.66970321343498,40.51221207173519,41.577104511758805,19120938
2019-01-29,41.20669937133789,42.271587858937565,40.049204834537996,41.20669937133789,23885070
2019-01-30,42.13269805908203,42.966093698469024,41.11410502666397,41.57710219461523,18035624
2019-01-31,47.04045486450195,49.8647367834844,45.188470164616106,46.02186567505719,72747847
2019-02-01,47.17935562133789,48.290547155926276,46.114463426909616,47.225654961497995,33002372
2019-02-04,47.27194595336914,47.87384095452797,46.76264961617747,47.549741945270625,21543088
2019-02-05,49.2165412902832,49.30914366283599,47.086756743659976,47.45715517775152,21455283
2019-02-06,48.47573471069336,50.512920007139385,48.29053738751542,49.40172869732741,25140965
2019-02-07,46.57746887207031,48.336855169989676,46.160771050481266,48.24425647305291,22682446
2019-02-08,45.41996383666992,46.76265569484689,44.16987433986976,46.34595796745592,24736786
2019-02-11,46.43856430053711,46.99416013354422,45.51257001706746,45.69777108498541,14749801
2019-02-12,46.20706558227539,46.99415810956414,45.88296649140755,46.62376336042741,14005879
2019-02-13,48.01274871826172,48.24424911064868,46.06816532322562,46.20706334743398,20644401
2019-02-14,46.484859466552734,47.68865340097519,46.06816539329388,47.64235405950198,19486347
2019-02-15,46.71636199951172,47.596053213177015,46.57746396872876,46.85526003029468,16347527
2019-02-19,46.90156173706055,46.994160428914846,46.06816982499847,46.438564592415666,13264315
2019-02-20,46.76266098022461,46.90155900992971,46.34596320573612,46.716361636989575,10151119
2019-02-21,46.43856430053711,47.22566054709832,46.29966626362867,46.43856430053711,10335701
2019-02-22,47.086761474609375,47.13306450822458,46.253369520886515,46.53116929570985,10587786
2019-02-25,50.09623718261719,54.4021057048365,49.91103980458566,53.568713818321335,60560499
2019-02-26,51.32965850830078,52.485295679443446,50.70368683835974,51.95563017824183,20864323
2019-02-27,52.38898849487305,52.629746524370745,51.2333514274332,52.14823046537535,21835966
2019-02-28,50.029571533203125,52.24454749584069,49.74066402853763,52.10009190082107,18230265
2019-03-01,49.451751708984375,50.65554216436287,48.39241684532603,50.31848157393163,17856700
2019-03-04,49.98141860961914,50.655539758464066,49.2109912806191,49.69250743990075,13996993
2019-03-05,47.621978759765625,50.89628879840472,46.12927745696207,49.981409732410825,35870538
2019-03-06,43.86616134643555,46.41819799493493,43.57725383183822,44.58843566098968,41286543
2019-03-07,45.50330352783203,45.50330352783203,43.67354180280405,43.7216911965266,25577378
2019-03-08,46.17815017700195,46.66017640399958,44.73207149600908,44.973084609507886,17559457
2019-03-11,47.72063064575195,48.299065036603764,44.973082046314595,45.55151274788922,21277594
2019-03-12,47.04579162597656,48.8774917734476,46.56376546555139,47.86523536084398,19937161
2019-03-13,48.299068450927734,48.44367705886326,46.75658155198541,46.90119015992094,14880115
2019-03-14,49.64874267578125,50.61279514362065,49.166716441861546,49.64874267578125,26859385
2019-03-15,48.00985336303711,50.37178422593394,47.72063613434685,49.60054074227832,37959266
2019-03-18,49.166717529296875,49.69694787404679,48.05805642890547,48.15446093996613,18387845
2019-03-19,49.11851119995117,49.841550534008256,48.87749808859881,49.263119804618064,10970991
2019-03-20,49.26311492919922,49.7933451974101,48.781088754199146,48.82928915813295,9704794
2019-03-21,49.504127502441406,49.79334468014781,48.82928865088545,49.16670992130191,10135942
2019-03-22,48.10625457763672,49.359524230323814,47.81704105805479,49.26311972379651,16364625
2019-03-25,47.624229431152344,48.82929501314937,47.28681180604867,48.00985115524688,9977198
2019-03-26,48.68467712402344,48.92569017621147,47.86522979516297,47.961634278182885,9555279
2019-03-27,48.00985336303711,49.07031407538299,47.72063613434685,48.58828782041763,11064769
2019-03-28,47.67243957519531,48.25087039004569,47.2386136970991,48.00985724308487,9068655
2019-03-29,48.15445327758789,48.34726226902928,47.817035697927,48.10624918508908,9734708
2019-04-01,48.68467712402344,48.82928200391509,48.20265101964737,48.299055502667294,10301888
2019-04-02,49.35952377319336,49.55233647373965,48.39547133829387,48.491875843928355,10382584
2019-04-03,48.68467712402344,49.55232484975564,48.20265101964737,49.455916677459264,11263640
2019-04-04,48.347267150878906,48.78109295934286,48.05805363451359,48.68468845388775,8232943
2019-04-05,48.25086975097656,48.87750466263066,48.10626112685979,48.540086999210104,8678979
2019-04-08,45.744327545166016,45.98534436472871,44.105439734938805,45.84073574870215,35313691
2019-04-09,44.44285202026367,45.3587003291966,43.96082581781956,45.06948682129646,16687089
2019-04-10,44.15364456176758,44.63567087052908,43.76802277690277,44.587470453219744,10808576
2019-04-11,43.96083450317383,44.63566984421211,43.864426292215846,43.96083450317383,10997856
2019-04-12,43.38239288330078,44.39464564284695,43.33418878982272,44.10543214980962,13735824
2019-04-15,43.28599166870117,43.62341299884423,42.37014325931244,43.43060028315139,16642146
2019-04-16,44.05723571777344,44.29824884852129,43.33419632552987,43.575209456277726,12085548
2019-04-17,43.96083450317383,44.25004806821398,43.671617248855746,44.15364354653393,9643619
2019-04-18,45.06948471069336,45.06948471069336,43.864415571739244,44.0090241635559,10334612
2019-04-22,44.924888610839844,45.06949724286686,44.25004955780648,44.58747092896219,13467232
2019-04-23,44.97308349609375,45.165892506408404,44.4428531838125,44.82847489371911,8126706
2019-04-24,44.924888610839844,45.06949724286686,44.39465818983349,44.876684503738154,5775345
2019-04-25,43.96083450317383,44.491064906331005,43.285995472857614,44.44286080085201,12515311
2019-04-26,46.12993621826172,46.22634070519919,43.91261457231686,43.9608186604239,14905235
2019-04-29,46.901180267333984,46.94938435623757,45.98533209237915,46.129936980536584,13243923
2019-04-30,49.0221061706543,50.75740202960272,48.00984963805483,49.31132337690481,35549901
2019-05-01,48.68467712402344,50.22715992017155,48.63647303787525,48.92569017621147,19938144
2019-05-02,49.40772247314453,50.130761720331336,48.58827873085487,48.92569630835333,15895597
2019-05-03,50.61278533935547,50.61278533935547,49.35951589822564,49.64873305826382,13806910
2019-05-06,50.2753791809082,50.56459271726112,49.21491847978146,49.35952709259671,8754137
2019-05-07,48.732887268066406,49.93795277003435,48.49187416767282,49.84154826773235,11415060
2019-05-08,48.97390365600586,49.40772947940272,48.588285620911904,48.588285620911904,9500004
2019-05-09,48.395469665527344,49.21491346901276,48.29906516322504,48.73288726822402,11937839
2019-05-10,48.829288482666016,49.07030525610901,47.09399649023664,48.29906191106688,12666230
2019-05-13,47.57603073120117,48.5400832314444,47.33501391686279,47.47962252975479,12065484
2019-05-14,49.745140075683594,49.88974866304913,47.76883132333406,47.913439910699594,14148995
2019-05-15,49.4559211730957,50.082555903602156,48.78108604133601,48.92569462364931,10777477
2019-05-16,48.829288482666016,49.600531827708146,48.49187090268894,49.26311424773107,10935800
2019-05-17,48.20266342163086,48.97390317349769,48.106255224529775,48.250863830903995,7436095
2019-05-20,47.624229431152344,48.491877388045694,47.142203198353535,47.76883803884748,10474656
2019-05-21,48.00985336303711,48.00985336303711,47.238609879381485,48.00985336303711,12121141
2019-05-22,47.72063064575195,48.781091236128816,47.62422614370238,47.96164374551448,10361698
2019-05-23,46.081748962402344,47.383219130441894,45.64792311353739,47.286814616008904,11404487
2019-05-24,45.551509857177734,46.66017078358486,45.5033057645734,46.37095360651276,9536881
2019-05-28,45.11768341064453,45.985334928766065,44.68386134086066,45.35869649147488,14488312
2019-05-29,45.1658935546875,45.26229806208233,44.105436594789595,44.87667634322562,8945986
2019-05-30,45.647911071777344,45.84072373905767,44.78026329220755,45.16588493749153,10138450
2019-05-31,45.503299713134766,45.64790828243947,44.828464642081435,45.0212736083034,9297080
2019-06-03,45.9371452331543,45.98534934013784,44.58747081967381,44.82848397603539,9484896
2019-06-04,48.20266342163086,48.20266342163086,46.226350720219735,46.32275891732082,12320032
2019-06-05,47.67243957519531,48.63649216303858,47.33501821802785,48.54008764210983,8258886
2019-06-06,47.81703567504883,48.20265734702404,47.09399642357416,47.67242708689851,7730128
2019-06-07,48.10625457763672,48.44367588439834,47.33501114686353,47.72063286225013,8243075
2019-06-10,48.44367599487305,49.88975466391251,48.202662883366465,48.44367599487305,10486695
2019-06-11,48.78109359741211,49.16671531355388,48.00985016512857,48.684689090696004,7816341
2019-06-12,49.552345275878906,50.08257199569308,48.29907541217637,48.588292669731715,11029015
2019-06-13,49.69694519042969,50.709198035821615,49.407727983587804,49.93795461042815,12462684
2019-06-14,49.31132125854492,49.841547861523146,49.070308160115594,49.55233435697425,6892891
2019-06-17,48.44367599487305,49.35952434288709,48.29906739011363,49.16671532939278,9239377
2019-06-18,50.22716522216797,50.275369313404596,48.63647817195821,48.73288266515463,14759552
2019-06-19,49.841556549072266,51.143030458863606,49.7933561345512,50.4681914520685,12161930
2019-06-20,51.23943328857422,51.57685093621318,50.468189788875726,50.468189788875726,13234293
2019-06-21,50.51638412475586,51.62504505775595,50.37177553535985,51.43223237546895,13156947
2019-06-24,49.552345275878906,50.757411033562896,49.504141169860354,50.419993359266975,7343060
2019-06-25,49.26311492919922,49.55233210991006,48.68468425705453,49.45592392348845,7121838
2019-06-26,49.504127502441406,50.08255816857726,49.16670992130191,49.26311441744506,6847327
2019-06-27,50.130767822265625,50.323576835940116,49.35952438901292,49.35952438901292,6677849
2019-06-28,50.66150665283203,50.66150665283203,50.03426871577841,50.1307660077494,8832104
2019-07-01,51.28874969482422,51.72299309115754,50.806259494117306,51.24049919762213,8010518
2019-07-02,51.240509033203125,51.72300301935294,50.99926388654283,51.28875953966687,6043516
2019-07-03,51.1922492980957,51.433494383863156,50.85450691658693,51.433494383863156,4449238
2019-07-05,50.66150665283203,50.902751729173566,50.03426871577841,50.854504929602136,6072809
2019-07-08,49.21403884887695,50.323766998460854,48.92454326452347,50.275516503459166,9659269
2019-07-09,49.45527267456055,49.64826722495524,48.442042052919675,48.82803484653655,7113732
2019-07-10,49.21403884887695,50.323766998460854,49.117541551701905,49.64827853257884,7845233
2019-07-11,48.779788970947266,49.744772892569124,48.73154217520427,49.31052957391511,6755455
2019-07-12,50.034271240234375,50.13076853707409,48.924543094506866,49.11754138101461,7864053
2019-07-15,49.55177688598633,49.88951924286776,49.21403452910489,49.45527959728135,8445819
2019-07-16,50.0825309753418,50.179028289985354,49.26229456879905,49.3587955762716,7931808
2019-07-17,48.15255355834961,50.03426731690078,48.15255355834961,50.03426731690078,10770776
2019-07-18,48.53855514526367,49.16579317768427,48.05606491922148,48.29731003224257,9059787
2019-07-19,48.44205093383789,49.16578616974216,48.39380044097967,48.635049212442595,6952842
2019-07-22,49.26228332519531,49.35878431064253,48.49030129141472,48.49030129141472,8692963
2019-07-23,51.38523864746094,51.52998642272048,49.55177544410526,49.60002593346774,14906960
2019-07-24,51.52998733520508,51.62648462281089,50.854502629136405,51.04749720434803,9008083
2019-07-25,50.323768615722656,51.48174360469392,49.98602252551329,51.28874900414152,9253562
2019-07-26,50.709754943847656,50.90274951941146,50.17901432180524,50.51675667545588,5420359
2019-07-29,50.0825309753418,51.04751150743538,50.0825309753418,50.66151855603214,7497670
2019-07-30,50.75801086425781,51.04750647246365,49.60003581709174,50.130772841697585,9091748
2019-07-31,50.420257568359375,52.060726172770536,48.49029711104825,51.915978399906635,34604621
2019-08-01,48.63504409790039,50.613251318976936,48.15255029854256,50.03426392970643,17640313
2019-08-02,48.249053955078125,48.635046800315486,47.38056728367308,48.29730075271531,12900213
2019-08-05,46.60859680175781,47.33233218058293,46.36735167548278,47.23583486863869,14093359
2019-08-06,46.17433547973633,47.04281833660954,45.74009589771346,46.84982378744993,13321830
2019-08-07,45.64360809326172,45.69185489414813,44.53387997327905,45.54710710583244,15406967
2019-08-08,45.788352966308594,45.98135125161635,44.96812040902845,45.88485395537662,9912773
2019-08-09,44.147891998291016,45.740110460692975,44.00314419392199,45.69185996162708,15393002
2019-08-12,43.6653938293457,43.85838840481591,43.18290000501424,43.617143339064164,13156727
2019-08-13,45.11286544799805,46.270840317897,44.43737702986693,44.53387801304857,14852407
2019-08-14,43.56889724731445,44.87162368815402,43.23115485973056,44.58212810289448,17895704
2019-08-15,38.647483825683594,41.638925074537106,36.91051817749945,41.204681816077404,80465058
2019-08-16,42.410919189453125,42.45916598824809,40.38445762653452,40.57745220737054,49935166
2019-08-19,41.8319206237793,42.89340170813553,41.542428803995485,42.845151225091186,22398591
2019-08-20,40.43270492553711,41.494182421975694,40.191459872127076,41.39768513917724,20525588
2019-08-21,39.3712272644043,40.91519869884907,39.274729972958525,40.336211257346335,17105978
2019-08-22,39.515968322753906,40.09495566571863,39.12997552983493,39.467717838828726,13672704
2019-08-23,38.45449447631836,39.08172866852114,37.44126376258986,39.03348187295129,25801529
2019-08-26,38.84048843383789,39.08172980435397,38.21324683774993,38.888735230809935,11634356
2019-08-27,38.26149368286133,39.12997656673599,38.164996405281386,39.03347928915605,13255982
2019-08-28,38.309757232666016,38.55100235530039,37.441274052616514,38.2132562293492,11576392
2019-08-29,39.129981994628906,39.564225343215845,38.59924135507646,38.79223962983557,11785596
2019-08-30,39.80547332763672,39.85372013023325,39.12998485582995,39.27473264927629,9494847
2019-09-03,40.19145965576172,40.48095150259865,38.98523070237734,39.08172798465632,13572847
2019-09-04,42.459163665771484,42.79690601017437,40.529203191666,40.577449987821915,18790362
2019-09-05,42.507415771484375,44.53387730063197,42.45916528066543,43.37589875642934,17433537
2019-09-06,42.024925231933594,42.55566585454453,41.34943683108077,42.55566585454453,8596517
2019-09-09,43.23115921020508,43.66540263179353,42.12143094547287,42.217928252660734,10023906
2019-09-10,44.09964370727539,44.726881762394264,42.94166490717235,42.98991540865412,12563304
2019-09-11,45.16111373901367,45.16111373901367,43.71364325739737,44.147886617579175,11455328
2019-09-12,44.678627014160156,45.93310300515859,44.48563241223508,45.35411550655488,13666384
2019-09-13,45.11333084106445,45.6446452200789,44.14730738599825,44.968426583440504,9146903
2019-09-16,45.306541442871094,45.49974467090328,44.29221525365107,44.92013128998631,9178805
2019-09-17,45.20993423461914,45.354838497972004,44.67862353141899,44.92012940473367,7614962
2019-09-18,45.306541442871094,45.35484040146894,44.34051421224892,44.96843024858415,8079777
2019-09-19,45.49974822998047,45.886158413091,45.11333804686994,45.161640706066514,6808664
2019-09-20,45.258235931396484,46.07935884076671,45.11333167110644,45.692948712266634,11542705
2019-09-23,45.11333084106445,45.354836704831,44.43711590124615,44.53371750738875,6723554
2019-09-24,43.32619094848633,45.1616363693962,43.277888293928044,44.96842944798339,10702559
2019-09-25,44.243919372558594,44.43712632699371,43.18129406203882,43.277895690845895,8799802
2019-09-26,43.56769943237305,44.485420349284624,43.27789088133752,44.34051607376686,7469661
2019-09-27,43.66429901123047,44.29221504460208,43.42279312891988,43.66429901123047,6121624
2019-09-30,43.1812858581543,43.95410243860674,43.1812858581543,43.857500828152716,7040620
2019-10-01,41.58735275268555,43.66430433306074,41.10434092919461,43.277894134903825,13799506
2019-10-02,41.104339599609375,41.63565037017081,40.621324094921505,41.34584550354295,9534413
2019-10-03,42.07036590576172,42.07036590576172,39.848509968755884,41.056039565645804,11762643
2019-10-04,41.39413833618164,42.02205433278504,41.24923407591621,41.58734524880893,10487838
2019-10-07,41.34584426879883,41.78055340416891,40.959434094680645,41.29754161072633,6454560
2019-10-08,39.993412017822266,41.056037264153254,39.94510935792601,40.95943564118148,9129448
2019-10-09,40.33150863647461,40.428110233314484,39.80019430862567,40.13830174597511,6589067
2019-10-10,40.81452560424805,41.15263308539295,40.13830694513801,40.283211207577324,6128666
2019-10-11,42.505069732666016,43.08468682368534,41.442444560498075,41.49074721702318,11202546
2019-10-14,42.11866760253906,42.74658377300039,41.732257367115075,42.69828480408564,6832219
2019-10-15,42.93978500366211,43.08468928469391,41.58735120873314,42.215267295323805,7791583
2019-10-16,42.98808670043945,43.80920977957471,42.698281816763135,42.79488344465524,11605123
2019-10-17,43.66429901123047,43.90580489354106,42.891478709108426,43.084685633049126,6552993
2019-10-18,43.277889251708984,43.95410424956827,43.22958659608171,43.5193951362045,7827417
2019-10-21,42.45676803588867,44.05070753979387,42.31186377247543,43.422791529549976,12155530
2019-10-22,43.76090621948242,43.76090621948242,41.58735300080529,42.36016970490908,11459381
2019-10-23,44.14731216430664,44.19561482101606,43.13298594797294,43.37449183787901,9547274
2019-10-24,43.22957992553711,44.1956070112767,42.89147247877917,44.05070276357477,6848069
2019-10-25,43.471092224121094,43.90580129795226,43.08468210470445,43.08468210470445,8458780
2019-10-28,43.8092041015625,44.050709988402204,43.42279394325488,43.567698214722796,6371196
2019-10-29,43.8092041015625,44.14731160377399,43.13298540031906,43.51939555862668,9180931
2019-10-30,48.832515716552734,50.08834747125519,46.90046913813018,47.23857654999023,43326155
2019-10-31,48.20460891723633,49.31553664840639,47.62499557391895,48.54272008958995,17381933
2019-11-01,50.13665771484375,50.18495666853445,48.591017260340806,48.68762256136227,16462897
2019-11-04,52.79323196411133,52.88983728306784,50.329870267134474,50.329870267134474,19618249
2019-11-05,52.986427307128906,52.986427307128906,51.77889805269285,52.74492145624169,14321783
2019-11-06,53.22795104980469,53.61436128047429,52.11702302293751,52.79323815399346,15650118
2019-11-07,54.53206253051758,54.676966776473414,53.566039153238435,53.61434180083031,14261713
2019-11-08,55.64299011230469,55.78789435815258,53.807544957477546,54.24225769502124,12535897
2019-11-11,54.82188034057617,55.54639799668275,54.29056591403651,55.06338622594503,9144135
2019-11-12,55.15998840332031,55.932808723111044,54.53207235559291,54.67697662765623,9819738
2019-11-13,54.53206253051758,54.870173670021124,54.000751891105935,54.53206253051758,10830626
2019-11-14,54.53206253051758,54.82187102242924,54.000751891105935,54.000751891105935,6177722
2019-11-15,55.64299011230469,55.78789435815258,54.72526938330102,54.773568334037115,7671582
2019-11-18,55.256591796875,55.54640035032573,54.72528104464278,55.11169121697023,10226930
2019-11-19,55.5463981628418,55.787904048933086,54.38717138833179,55.20829066167808,9396375
2019-11-20,55.01508331298828,55.49809877828869,54.38717097142062,55.25658919722828,9367744
2019-11-21,55.691307067871094,56.12601622027889,54.62867812319292,54.72528344312421,8364300
2019-11-22,55.787899017333984,56.60902191344235,55.49809419825466,55.49809419825466,7720858
2019-11-25,55.932804107666016,57.1886360994925,55.88450515217741,56.319214235675716,11378143
2019-11-26,54.82188034057617,56.36751726757279,54.628673414188825,56.12601138220393,12879647
2019-11-27,54.53206253051758,55.401484309432774,54.38716198138155,55.01507421915715,9128706
2019-11-29,54.43546676635742,54.87017955081593,54.193960896153875,54.48376941912621,4562336
2019-12-02,53.90414047241211,55.6429838327099,53.8075388850221,54.62865792306629,13785963
2019-12-03,53.08304214477539,53.66265559207168,52.21362012542053,53.131344805725426,12850515
2019-12-04,52.64832305908203,54.000760437499174,52.50342248701342,53.95245778226271,8777551
2019-12-05,52.117008209228516,52.93812740549375,51.97210395181228,52.60001993606925,9484775
2019-12-06,53.61434555053711,53.662644504687144,52.406812547665325,52.648318408875674,10151591
2019-12-09,53.08304214477539,53.759257217150925,52.986440519696146,53.034739483825355,5356135
2019-12-10,53.17964172363281,53.276243344995066,52.744932579092335,53.08304010227056,4971956
2019-12-11,52.986427307128906,53.56604060989423,52.889825706138005,52.986427307128906,7365872
2019-12-12,55.256591796875,55.884511561625125,54.290568214466674,54.82188266351949,20039606
2019-12-13,54.773582458496094,56.02941465059279,54.72528349530515,55.54640283775879,10560930
2019-12-16,53.95246124267578,54.8701858732871,53.75925430615837,54.48377569707289,11137921
2019-12-17,53.61434555053711,54.242261529048015,53.51774024859692,53.85585141174746,8376439
2019-12-18,52.93812561035156,53.80754742854664,52.744922404894865,53.22793411535658,15133639
2019-12-19,53.324546813964844,53.855861284757715,53.03473824865587,53.03473824865587,9090163
2019-12-20,53.324554443359375,53.85635070404112,52.69606896260086,53.56627934363781,14775102
2019-12-23,53.9530143737793,54.00136081100892,53.17949727930386,53.17949727930386,8834673
2019-12-24,54.09806442260742,54.14641087273941,53.614614721976416,53.6629611721084,4167022
2019-12-26,54.291446685791016,54.291446685791016,53.807993283537854,54.04972183475055,6092672
2019-12-27,54.04972457885742,54.1947565367072,53.807996015372154,54.001378126125886,6013441
2019-12-30,53.56626892089844,53.953029426124004,53.324544067653996,53.51792617035291,9659851
2019-12-31,53.9530143737793,53.9530143737793,52.986115230556585,53.17949727930386,11367670
2020-01-02,57.67558670043945,57.820622331232414,54.29143924940499,54.29143924940499,17540015
2020-01-03,57.868980407714844,58.014016067662894,55.7417993622126,55.93518147553415,17231837
2020-01-06,58.69083023071289,59.02924422318258,57.24048137712432,57.24048137712432,22461009
2020-01-07,58.255733489990234,59.174286385330014,57.62724817730786,58.739183161257905,14160793
2020-01-08,57.72393035888672,58.255726412744266,57.385516370146256,57.965655165154416,11115771
2020-01-09,57.578895568847656,58.4491056240465,57.19213513318466,58.352416440173656,7900488
2020-01-10,56.41862106323242,57.57890251009559,56.03186428111674,57.240488475658346,11767739
2020-01-13,58.59414291381836,58.73917854383196,56.46696230735288,56.75703356738008,13274420
2020-01-14,58.15904235839844,58.9325595865564,57.965660276230054,58.78752394997307,9034667
2020-01-15,57.385528564453125,58.110703137354314,57.192146458242746,58.110703137354314,9239517
2020-01-16,57.24049377441406,57.917321905942565,57.143804569934616,57.72394349698367,7358067
2020-01-17,57.0954475402832,57.67558635985755,56.85372272377959,57.28882591341742,9345794
2020-01-21,56.370277404785156,57.047109162896184,56.12855256978236,56.75703788082403,8775485
2020-01-22,54.96826171875,56.61199253509622,54.87157254135819,56.61199253509622,12428998
2020-01-23,56.902076721191406,57.28883724412586,56.080212922563476,56.7086983098104,14679157
2020-01-24,56.61201477050781,57.48222510916797,56.176907751091335,57.43387865139743,11912960
2020-01-27,55.30669403076172,56.03187235211558,55.016626402392745,55.35504048557617,9602991
2020-01-28,56.70869445800781,57.14380140432012,55.4517237688907,55.69344861678459,12625782
2020-01-29,62.558448791503906,62.848520125371216,60.38292488801703,60.76968173294325,44278356
2020-01-30,61.543190002441406,62.80016058711698,60.431255054485604,62.31671093149897,19154638
2020-01-31,60.18953323364258,61.59153952507977,59.6577371058264,61.30146823714875,15646447
2020-02-03,59.2709846496582,61.30147271290976,59.222638198082464,60.237884079794405,10105766
2020-02-04,60.81801223754883,61.01139060929346,59.89945572133265,60.38290905103757,8905297
2020-02-05,62.17169189453125,62.17169189453125,60.7696816820705,61.68823843843291,10046658
2020-02-06,62.606788635253906,62.848513487890365,62.02664602878861,62.55844218465772,12763278
2020-02-07,62.02663803100586,63.28360858270918,61.92994884245294,62.945190872516285,13369743
2020-02-10,62.41340637207031,62.70347025701395,61.73657460645641,62.07498863917735,6720424
2020-02-11,62.12334442138672,62.751826133658476,61.784926637643366,62.60679416939427,8202487
2020-02-12,63.62202453613281,64.1054741657199,62.26836113308296,62.60677883393126,13184414
2020-02-13,62.558448791503906,63.622041215568935,62.365070369040794,63.235276970297434,10234936
2020-02-14,62.02663803100586,63.18692309432802,61.63988127679416,62.703466051048096,7416954
2020-02-18,61.6398811340332,62.60678041766659,61.25312068054549,61.44649905720347,8820688
2020-02-19,60.96305465698242,62.55843935218284,60.866365460340106,61.39815789195886,11010597
2020-02-20,60.57627868652344,61.301453026239294,59.99613995478498,61.156417418261896,7937566
2020-02-21,59.22264099121094,60.23788692080511,59.0776053298157,60.1895404669492,8611565
2020-02-24,57.33718490600586,58.30408438364274,56.08021410500891,56.515321090049014,14240786
2020-02-25,54.7265625,58.014025668989596,54.049734241790595,57.868989985038134,16269102
2020-02-26,52.93778991699219,55.79014184822955,52.21261162072491,54.96827804602323,18682881
2020-02-27,50.23046112060547,52.93778451675759,49.84370433561295,51.34239612788914,18910102
2020-02-28,52.599369049072266,54.09806460618292,47.668179125764794,48.10328237774029,30359552
2020-03-02,54.194759368896484,54.8232447863887,52.01923548538909,54.194759368896484,25039892
2020-03-03,52.599369049072266,55.01662126060218,51.58412319423314,54.38813590761473,21919391
2020-03-04,52.93778991699219,53.75965371919851,51.72916188999502,53.4695824006916,16665500
2020-03-05,48.73176956176758,51.87419250600331,48.10328053271393,51.245707177121744,21686251
2020-03-06,45.48942565917969,47.23157393895841,44.42477743051173,47.13478874649197,29787216
2020-03-09,39.73066329956055,41.90835086263503,39.246733553065404,40.31138195843179,24558063
2020-03-10,42.82780838012695,42.82780838012695,39.4886914932539,42.48905835782421,19850767
2020-03-11,39.73066329956055,41.90835086263503,39.48869842631298,41.714776741729175,20746329
2020-03-12,34.9881477355957,37.64976507531289,33.05242872768966,34.9881477355957,31583435
2020-03-13,37.98851013183594,38.907978761175706,34.79457271008033,37.74654528788008,22099041
2020-03-16,32.2297477722168,34.6010019931167,32.18135331715915,33.82671663911803,23255932
2020-03-17,34.26224899291992,35.472076931413774,30.487594788126245,33.439569254128514,24121739
2020-03-18,31.939403533935547,32.907263461420385,28.551891935814623,31.503864344258574,27873844
2020-03-19,31.358678817749023,33.43957777217923,29.761707828525807,30.97153237135187,19861762
2020-03-20,31.552242279052734,34.117070482895066,31.213492222812288,33.92350008042797,25306037
2020-03-23,29.56812858581543,32.08456600686679,29.180984082280915,31.213491799875626,21193467
2020-03-24,33.92350387573242,34.16546875780995,31.310280926987307,32.22974970118977,23974833
2020-03-25,36.58512496948242,38.714414664815955,33.68154238808249,36.05280069372562,27665082
2020-03-26,39.295127868652344,40.166202149996096,36.343154944055826,36.92386989700289,24714600
2020-03-27,36.87547302246094,38.08529730502201,36.48832851127218,37.16583233181402,18719196
2020-03-30,38.182090759277344,38.42405564461446,35.568867775328556,36.488332858071,17425331
2020-03-31,38.4240608215332,39.58549094609361,37.843345759253005,38.08530697334332,24307107
2020-04-01,34.06867980957031,36.53672281763907,33.875105702828925,36.39154316354454,19974760
2020-04-02,33.39118576049805,35.76244426084232,32.76207621127009,33.97190454676825,19561750
2020-04-03,32.568504333496094,34.11707905380475,31.842609586115756,34.02029382825677,19622924
2020-04-06,34.9881477355957,35.326901525056364,33.58475293640237,34.21386235474111,19672140
2020-04-07,34.020294189453125,37.50459197694942,33.875114497666274,37.21423259337572,19278732
2020-04-08,35.32689666748047,35.71403745275132,34.16546320013031,34.74617808188246,18589124
2020-04-09,34.55261993408203,36.48833936180436,34.310655005616745,36.05280397210571,25701070
2020-04-13,33.971885681152344,34.50420600115692,32.71366728142318,34.50420600115692,18874790
2020-04-14,33.5363655090332,35.03654953614399,33.10083012250279,34.35904922290843,21481602
2020-04-15,31.455459594726562,32.56849875758729,30.729563119700263,32.56849875758729,27732155
2020-04-16,30.197246551513672,31.64903607584651,30.003674244551252,31.35868039328818,33241115
2020-04-17,33.10081481933594,33.58474444901592,30.681162967090604,31.310272226443665,33287181
2020-04-20,31.503860473632812,32.665294466227365,31.26189552148989,31.9877940817662,20001786
2020-04-21,31.358678817749023,31.842608634879447,30.487602554221446,30.923139760023517,15539929
2020-04-22,31.116710662841797,32.13296465433076,30.971529140156346,31.890996067162757,15398901
2020-04-23,31.552242279052734,32.61688690031388,31.116707021578737,31.261882971506033,16611930
2020-04-24,30.294025421142578,31.93938875904443,30.245632817539143,31.890994303517857,31222349
2020-04-27,31.116710662841797,31.310281087960416,30.632779044275516,30.874743927597034,21475783
2020-04-28,32.907257080078125,33.487972183187736,31.794217638540456,31.794217638540456,28223273
2020-04-29,31.842599868774414,33.39117411650782,31.552240576891837,32.32652955268147,45188986
2020-04-30,32.907257080078125,33.004042313288515,31.019930217086426,31.7458268738589,35254082
2020-05-01,31.455459594726562,32.61688951015302,31.019922450480053,32.278139426807506,24151935
2020-05-04,30.052061080932617,30.535990829343504,29.76170360227072,30.48759822488705,27457604
2020-05-05,30.003671646118164,31.261888754522158,29.81009935591985,30.390816226514794,23474184
2020-05-06,28.939022064208984,30.245633502636743,28.890629459509405,30.00366862721566,23525367
2020-05-07,29.56812858581543,30.294023141000398,29.326163734087107,29.326163734087107,20196745
2020-05-08,30.439212799072266,30.632785114472444,29.810103237002586,30.05206816827191,18787072
2020-05-11,29.955276489257812,30.245633973902617,29.664919004613008,30.19724136844902,14414337
2020-05-12,29.035810470581055,30.39081457647736,29.035810470581055,30.100457082906228,19191335
2020-05-13,28.01955795288086,29.13259723124358,26.519374094585878,29.0358120122222,47299141
2020-05-14,27.584020614624023,28.551882059233126,26.51937395151569,27.19687603678038,28130338
2020-05-15,26.567766189575195,27.39044794301804,26.519373581001695,27.148483048227202,25779038
2020-05-18,30.342422485351562,31.40706726385223,27.77759205078124,27.77759205078124,51073738
2020-05-19,30.052061080932617,30.826350159928573,29.471344271685652,30.439205620430595,21766084
2020-05-20,31.06831169128418,31.310276539454986,30.43920234527089,30.632774594192128,18315596
2020-05-21,31.358678817749023,31.697428948970945,30.63278224012995,31.06831944593202,19827132
2020-05-22,31.01992416381836,31.358676117797504,30.342422107783342,31.358676117797504,13961540
2020-05-26,32.907257080078125,33.5847611202454,32.85886631539657,32.85886631539657,25984590
2020-05-27,35.27851486206055,35.956018886809886,34.31065514428766,35.08494440004485,29644242
2020-05-28,32.81046676635742,36.24636979215118,32.6168926260632,36.24636979215118,27831269
2020-05-29,31.794200897216797,32.52009531984393,31.165091656837546,31.745810158015516,25942336
2020-06-01,32.71368408203125,33.00403975919255,31.407070571340913,31.842609642853354,15083601
2020-06-02,34.11708450317383,34.746194125491044,33.19761915783545,33.39118963984956,22787385
2020-06-03,35.617252349853516,35.9076116434141,34.74617817301764,34.93975227000665,24642090
2020-06-04,37.456207275390625,37.50459804458373,34.69780379671671,35.3753041962012,25118482
2020-06-05,38.133689880371094,41.42441621153536,37.891725035771884,40.89209207187875,33669153
2020-06-08,40.94048309326172,41.472807236491,39.246729169699705,39.779053312928994,31792699
2020-06-09,38.811195373535156,39.73066034188963,38.23047675789437,39.633875140564854,23603936
2020-06-10,36.82707977294922,38.61761884879482,36.39154083849218,38.5692281030857,23465356
2020-06-11,33.633140563964844,35.568863095842104,33.10082010856387,34.16546472321185,24979842
2020-06-12,35.08493423461914,35.9560084690012,34.26225074979679,35.520469499887106,20261430
2020-06-15,35.036537170410156,35.5688613028228,33.14920918591192,33.63313886852493,20497800
2020-06-16,36.14957809448242,37.4561912697695,35.27850387890639,37.407796817408475,19694772
2020-06-17,35.036537170410156,36.43993547229539,34.84296677890329,36.29475582674232,15090141
2020-06-18,35.23011779785156,35.42369194944627,33.97190247979708,34.50422306302697,15729550
2020-06-19,34.601009368896484,36.0528025877911,34.31065368819519,35.90762289551693,17792356
2020-06-22,34.06867980957031,34.74617992355002,33.68153529993359,34.69778917474922,15707761
2020-06-23,33.87511444091797,34.50422396837574,33.729938453221344,34.31065351554889,16168082
2020-06-24,31.600631713867188,33.391170615837225,31.552237269011727,33.391170615837225,29025298
2020-06-25,32.3265380859375,32.423323307498194,31.068319094107977,31.45546368419759,14836396
2020-06-26,31.40569305419922,32.22960639857056,31.26029570886314,32.08420905323448,17938840
2020-06-29,32.95659255981445,32.95659255981445,31.502626386549167,31.84188441843103,15103383
2020-06-30,33.10198211669922,33.2958464530798,32.27806888792987,32.52039652635611,13947676
2020-07-01,32.66579818725586,33.974370724569496,32.5204045359101,33.58664566571361,24202957
2020-07-02,33.05351638793945,34.11976100591138,33.00505308401311,33.247380731843194,14877567
2020-07-06,33.925899505615234,34.313624516521664,33.39278086134369,33.828969180238566,15133900
2020-07-07,32.762725830078125,33.39277846389113,32.71425881616962,33.39277846389113,12526487
2020-07-08,33.24738693237305,33.29585395473779,32.56886716626741,33.05352255231423,12928884
2020-07-09,31.890344619750977,33.10198283829487,31.890344619750977,33.10198283829487,14997186
2020-07-10,32.423458099365234,32.56885540455142,31.648011987370246,31.696475282833102,12725057
2020-07-13,32.471920013427734,33.053505433595376,32.18112915804303,32.76271457821067,13742084
2020-07-14,33.34430694580078,33.39277395316231,31.841874230381347,32.278066168438116,13946091
2020-07-15,34.60442352294922,34.94368155882905,34.07130110270932,34.36209582454931,18022606
2020-07-16,34.16822052001953,34.798273076374436,33.87742960051661,34.21668752796954,10502384
2020-07-17,34.2651481628418,34.65286931673227,33.82895630061748,34.21668116390631,12029771
2020-07-20,33.29586410522461,34.216708135679525,33.24739706808434,33.97438036878073,9844356
2020-07-21,34.119773864746094,34.65289266525089,33.441253969466096,33.63511838643218,14019625
2020-07-22,34.216697692871094,34.3620950505159,33.44124759169891,33.87743966463332,13143364
2020-07-23,34.119773864746094,34.507498989277394,33.78051577180653,34.216704218528704,13769391
2020-07-24,33.24738693237305,34.4590253974901,33.05352255231423,34.02283703380802,13131567
2020-07-27,32.52040100097656,33.19891699817021,32.423466964749046,33.15045368945628,14185812
2020-07-28,33.39276885986328,33.732026731451,32.42345482627224,32.47192182624124,15255125
2020-07-29,31.938804626464844,33.92589258355022,31.599546702167075,33.87742928544998,29782982
2020-07-30,30.339445114135742,31.55108334792086,30.339445114135742,31.50262004420912,25586567
2020-07-31,29.41860008239746,30.484842855332587,29.07934211424068,30.29098036437168,28609840
2020-08-03,29.61246109008789,30.0001860525888,29.176270970949286,29.757858414700646,18011050
2020-08-04,29.757856369018555,30.04864914355407,29.563993901095035,29.563993901095035,14253587
2020-08-05,31.01796531677246,31.01796531677246,29.757861826231917,29.903257312813597,21286984
2020-08-06,30.6787052154541,31.114895354580934,30.43637756646139,30.6787052154541,14027650
2020-08-07,31.01796531677246,31.308758144635682,30.29098231976447,30.484844823239907,16665861
2020-08-10,32.3265380859375,32.47193543739179,30.92103715577935,31.163366693103164,18929062
2020-08-11,32.617332458496094,33.92590118953147,32.42346808872051,33.2958521886107,18687596
2020-08-12,32.56886672973633,33.34431682077769,31.89035068212521,33.29585350846267,14073295
2020-08-13,31.987274169921875,32.76272409499376,31.93880715858014,31.93880715858014,10719714
2020-08-14,32.278072357177734,32.56886332890385,31.35722500654575,31.696482994926075,10111524
2020-08-17,31.357223510742188,32.423464441675506,31.260293191457254,32.326534122390576,11843460
2020-08-18,31.21182632446289,31.841878966888665,31.066430844849094,31.454153978518992,8564375
2020-08-19,30.921035766601562,31.841881290141597,30.775638421679485,31.357225946667885,10907008
2020-08-20,30.38790512084961,30.921025449856053,30.097110528028555,30.678697858971372,12793394
2020-08-21,30.581769943237305,30.921029730259225,30.194046856968818,30.290977164861054,12008403
2020-08-24,32.13267517089844,32.18114218778536,30.53330998112666,30.77563764676181,20622516
2020-08-25,31.938804626464844,32.47192687136063,31.405686090968068,32.22959925266237,13934033
2020-08-26,31.40569305419922,32.08420905323448,31.211828690617832,32.08420905323448,11497281
2020-08-27,31.40569305419922,32.132676071479786,31.26029570886314,31.599553708380768,14724301
2020-08-28,32.03574752807617,32.084210839619985,31.357227781862438,31.551088446837767,11870004
2020-08-31,30.727170944213867,32.423464518624264,30.33944595675444,31.551084224190436,28464920
2020-09-01,30.000185012817383,31.017960685732778,29.806322538285976,30.387909961880194,18695642
2020-09-02,31.21182632446289,31.260293339033932,29.903255879740076,30.048653214053648,16816680
2020-09-03,30.630237579345703,32.22960262677065,30.43637694785148,30.969497393859996,18884902
2020-09-04,31.114891052246094,31.79341060124476,30.339441198933034,31.16335805910277,17992270
2020-09-08,29.757856369018555,30.824099015248148,29.709391215712554,30.630234692625102,24206006
2020-09-09,29.85478973388672,30.048652221669066,29.17627195399836,30.048652221669066,21878280
2020-09-10,29.079341888427734,30.048652481005444,29.079341888427734,29.903255150238895,19526919
2020-09-11,28.83701515197754,29.321670463588973,28.740082976835378,29.273205303367785,14429505
2020-09-14,29.80632209777832,29.854787252020007,28.885476748388005,29.03087221111307,14847532
2020-09-15,29.563997268676758,30.1455847386949,29.176272288664663,29.903255235162536,17325133
2020-09-16,32.71426010131836,33.00505477739396,29.321671002934895,29.563998663198014,51360267
2020-09-17,34.16822052001953,34.798273076374436,32.326529858904834,33.00504942320975,52374245
2020-09-18,33.34430694580078,34.604412043210566,33.295843647838254,33.538167556448904,29148649
2020-09-21,30.775636672973633,32.22960447547861,30.194051035731487,32.132674154171525,32651524
2020-09-22,30.29098129272461,31.890346428494247,30.097118795822237,31.017964265083663,28269901
2020-09-23,29.61246109008789,31.114893928754164,29.56399593345019,30.436376171727407,17785373
2020-09-24,29.370134353637695,29.95172181523933,29.07934155018673,29.56399684083824,19154738
2020-09-25,29.661407470703125,29.952680916085985,29.224496373746195,29.418679289923194,16006529
2020-09-28,30.09832191467285,30.632323600218037,30.00123137467027,30.243959582442216,16711586
2020-09-29,29.709951400756836,30.243954860697865,29.418677968457764,30.146862478088043,14761158
2020-09-30,30.24395751953125,30.53523097743701,29.80704640378993,29.80704640378993,19417934
2020-10-01,30.292509078979492,30.535237320617888,29.661414907613366,30.43814676706883,15885525
2020-10-02,31.020687103271484,31.06923236955999,29.370135045104732,29.370135045104732,18072625
2020-10-05,31.117778778076172,31.311961696530417,30.68086581823014,31.020686389966396,11693825
2020-10-06,29.952680587768555,31.943054992324594,29.6614071455784,31.214870457966583,34121508
2020-10-07,30.6323184967041,31.0692295694549,30.146862162039923,30.195409281718483,16710242
2020-10-08,32.28287124633789,32.379961767104405,30.777955170101116,30.875047548632747,20699139
2020-10-09,33.205238342285156,34.321788547961205,32.525597309663645,34.321788547961205,34410686
2020-10-12,33.15669631958008,33.593605559736574,32.71978336389301,33.593605559736574,17863963
2020-10-13,32.62269592285156,33.10815233144146,32.33142430701618,32.96251838128923,15105450
2020-10-14,33.10814666748047,33.44796906778318,32.62269034193979,32.62269034193979,19652097
2020-10-15,33.350894927978516,33.39943835505929,32.08870637536461,32.52561579675213,17907361
2020-10-16,35.38979721069336,35.68107251561062,33.69069993491403,33.78779046470959,33937143
2020-10-19,35.38979721069336,36.26361940991456,35.098521905776096,35.87525357520174,26250714
2020-10-20,35.63251876831055,36.02088453082016,35.292700119438344,35.68106588194796,19746677
2020-10-21,35.535438537597656,35.972347824620385,35.292710330244816,35.3412537423968,14809210
2020-10-22,37.47726058959961,37.62289824310131,35.535435117658636,35.58398224066941,19214348
2020-10-23,37.04035186767578,38.98217736703748,36.70053314839362,38.496720992197055,26597033
2020-10-26,35.82670974731445,36.70053574242698,35.341253338161444,36.21507561774304,20917251
2020-10-27,34.46743392944336,35.92380312121223,34.418886803505394,35.92380312121223,19696497
2020-10-28,36.020896911621094,38.15690748183067,35.97234978129747,36.457809937940205,50860201
2020-10-29,35.77817153930664,37.57436348683625,35.48689616523928,37.185997559923585,24738095
2020-10-30,36.020896911621094,36.603443897848734,35.389802795069826,35.63253101562561,20539191
2020-11-02,36.50635528564453,36.79763065194618,35.58398948490828,36.40926473538777,21844975
2020-11-03,38.10835647583008,38.44817520694186,36.60344017522401,37.13744369235024,19636808
2020-11-04,38.10835647583008,38.93363531421258,36.5548967653685,37.33162476283389,25465824
2020-11-05,38.78799057006836,39.07926583813154,38.39962478449416,38.5938058195162,17215987
2020-11-06,39.27344512939453,39.5161732701599,38.64235122029858,38.933626475429,16878656
2020-11-09,42.33182144165039,45.681472092303316,41.79782174872662,45.39020054585309,38779589
2020-11-10,43.59401321411133,44.17656007498608,42.477462896708666,42.81728530478845,33051594
2020-11-11,43.157100677490234,44.27365090900258,42.86582541169393,44.22510379285984,17543666
2020-11-12,42.526004791259766,43.0600044666428,42.08909191264101,42.526004791259766,15954303
2020-11-13,44.90474319458008,44.90474319458008,42.96291435302718,43.011461467389736,26078809
2020-11-16,46.45820236206055,46.79802101461712,45.73001794278363,46.65238710318568,23830013
2020-11-17,46.992210388183594,47.28348567081994,45.29311324237563,45.87566009211802,18127238
2020-11-18,47.23493576049805,48.788398888715456,47.23493576049805,48.4000331066611,29867932
2020-11-19,46.89512634277344,47.38058273719635,46.16694175113908,46.70094155568579,17490999
2020-11-20,47.38058853149414,47.72040730604135,46.555309587625,46.79803781452033,16078116
2020-11-23,48.885494232177734,49.856406925414056,47.866034418067414,47.866034418067414,21708341
2020-11-24,50.7302360534668,52.67206170639029,50.48750784685136,51.99242421407945,35369990
2020-11-25,50.97296142578125,51.26423674373608,50.196229721588864,51.118599084758664,22044528
2020-11-27,50.48750686645508,51.26423859875383,50.05059758924384,51.21569147216107,10865436
2020-11-30,49.41949462890625,50.4389506641405,48.35148776028434,50.4389506641405,25100464
2020-12-01,49.27386474609375,50.875871585636766,49.079679959631406,50.14768699634729,17408658
2020-12-02,50.63313674926758,50.875864913866465,48.59421719421267,48.93403959707536,15496290
2020-12-03,51.458412170410156,51.94386850342502,50.43895238486679,50.48749950438041,18348801
2020-12-04,52.81768798828125,53.06041614257511,51.02150038961273,51.79822825403499,27090138
2020-12-07,52.720611572265625,53.88570925385416,52.23515513381985,52.86624924690558,19542810
2020-12-08,53.20606231689453,53.54588104433483,52.38078720295931,52.52642114648318,18735107
2020-12-09,55.29352569580078,55.77898579935301,53.40024726872941,53.40024726872941,25307401
2020-12-10,54.953712463378906,55.73044424810884,53.69152424207555,53.78861478628401,19195227
2020-12-11,54.176963806152344,55.390608235148065,53.497326492823525,54.75951432103989,17853791
2020-12-14,52.5749626159668,55.099338526623214,52.38078156846878,54.71097271609681,15913996
2020-12-15,53.93423843383789,54.12842318728487,51.70113792014381,53.15751056664051,17377921
2020-12-16,53.060420989990234,54.128427938876726,52.91478334100294,54.031333695864866,11800604
2020-12-17,52.81768798828125,53.351691413939804,52.429322198305044,53.10896325964595,12528955
2020-12-18,52.526153564453125,54.032454262228335,52.186022228521274,52.38038192935411,23023775
2020-12-21,52.33177947998047,52.81768231745862,50.33957263979319,50.87406724859826,17218374
2020-12-22,51.554351806640625,52.283206322342146,50.971265218920145,52.040254817108305,17858164
2020-12-23,52.769100189208984,53.352182956946336,51.60293093478585,51.89447417812874,12139419
2020-12-24,51.74870681762695,52.72051275019392,51.60293518395216,52.72051275019392,6029070
2020-12-28,51.70011901855469,52.380381687274514,51.40857574970405,51.99165856845658,10793588
2020-12-29,51.311397552490234,52.33179530738601,51.21421769939275,51.79730053692653,10640944
2020-12-30,52.04023742675781,52.72049992650877,51.26279138222999,51.408562980447435,10156427
2020-12-31,52.477561950683594,52.623333586257374,51.408576154723875,51.7487074917635,9570828
2021-01-04,50.87408447265625,52.96346812498884,50.53395311505537,52.914880056159575,16040798
2021-01-05,52.33177947998047,52.866270369837785,50.63111582985918,50.679707601186095,16793346
2021-01-06,55.19862365722656,56.46196915129639,52.62333344647758,52.62333344647758,26400690
2021-01-07,54.76130676269531,56.21901934266706,54.615535132803274,56.17042755972017,15105891
2021-01-08,55.101436614990234,55.58733955568853,54.22681057794359,54.85848514464109,14590235
2021-01-11,55.63593673706055,56.02465987113626,53.7409128530473,53.983864346976006,13493535
2021-01-12,57.239418029785156,57.8710926653932,55.44157769686145,55.9274806905678,18346073
2021-01-13,56.219024658203125,57.433782157244956,55.976069439445766,57.239418726028866,10776915
2021-01-14,56.65632247924805,56.99645375479808,56.26759942764167,56.41337103686258,11879594
2021-01-15,55.0528564453125,56.36479382950292,54.66413329323224,56.36479382950292,14768762
2021-01-19,55.53876495361328,56.60775093844409,55.3929932922842,55.78171648284526,12740305
2021-01-20,55.34438705444336,55.878881766834915,54.907075903540076,55.878881766834915,11840751
2021-01-21,53.78950881958008,55.538761199386734,53.78950881958008,55.39298954791131,13162304
2021-01-22,53.98385238647461,54.32398737777463,52.96345485047072,53.30358984177074,10617570
2021-01-25,53.40078353881836,54.178229836574644,52.33179766861526,54.129638048358984,18462763
2021-01-26,54.85847854614258,59.42597158963615,54.42116743969427,58.45416582513049,42495519
2021-01-27,55.295806884765625,56.17043303035207,51.70012244601003,53.838094162822216,29983117
2021-01-28,53.886680603027344,55.73311256737837,53.78950075626121,55.441573027079976,18879766
2021-01-29,51.894474029541016,54.615531896455444,51.84588224947352,53.449366364319786,21921317
2021-02-01,52.1860237121582,53.44937296033471,51.70012072731322,52.76910655018241,13379614
2021-02-02,54.61553955078125,55.15003433063904,52.67192757886048,52.86628728847298,16946953
2021-02-03,54.42117691040039,54.90707987721303,53.78950230975421,54.61553660954595,10877474
2021-02-04,55.63593673706055,55.878888230989254,54.37258748105172,54.56695090756402,13396066
2021-02-05,55.392982482910156,56.1218369283776,55.004259368204444,55.9274772304991,10396669
2021-02-08,56.41337203979492,56.60773170957943,55.44156625297602,55.73310575765278,8517928
2021-02-09,56.073246002197266,56.36478927242353,55.44157511495499,56.17042957157187,10581235
2021-02-10,55.392982482910156,56.31620034520481,55.29580263397091,56.31620034520481,9140985
2021-02-11,55.68452453613281,55.733112600070065,54.37258358770027,55.344389493828885,10398836
2021-02-12,56.996463775634766,57.045055560234275,55.295803379934775,55.441575014784526,11725144
2021-02-16,58.162628173828125,58.21121623533398,57.23941037783543,57.433773780704215,12100796
2021-02-17,57.62813186645508,58.06544672157068,57.14222895118109,57.53095202718995,8615357
2021-02-18,56.51055145263672,57.62812884292144,55.927468728689774,57.53094900875497,9802022
2021-02-19,58.405582427978516,58.45417421075384,56.75351015994975,56.94787357210241,12248665
2021-02-22,60.73793029785156,61.70973640907571,58.454186680264705,58.64854641492976,19388781
2021-02-23,61.175235748291016,61.46677530486732,59.18303204308316,61.22382381491265,14454364
2021-02-24,63.75051498413086,64.86808866957065,61.46676467923616,62.19561902310465,21426186
2021-02-25,62.00127029418945,64.47938070720218,61.51536731252585,63.65334266321499,18526244
2021-02-26,60.93227767944336,62.389986461781746,60.3006031299737,61.612540290288564,17802448
2021-03-01,63.70191955566406,64.5765417430157,62.14702740271009,62.778698156031155,15657201
2021-03-02,63.07025146484375,64.38219239386818,63.021659682676706,63.89628944799205,15490231
2021-03-03,65.30541229248047,66.18004213532775,63.41039212315807,63.6047518311582,23589309
2021-03-04,65.93710327148438,68.65816201841402,64.04207530126065,67.44340431334714,33418377
2021-03-05,66.13157653808594,67.15272656582304,63.89477348765734,67.10409895623913,21061930
2021-03-08,68.90328216552734,69.72992936337191,67.15273997463356,69.09778519931939,28835014
2021-03-09,68.07662963867188,70.11892994207464,67.24998994891905,68.562890906779,22966413
2021-03-10,64.4296646118164,66.81234313287531,62.82499809841482,66.37470951772269,44186284
2021-03-11,59.664302825927734,62.533250146655014,58.10826757513545,61.706603046889214,61355743
2021-03-12,61.171722412109375,61.36622544898379,59.46980781353832,59.51843171191121,26996039
2021-03-15,64.91593933105469,64.96456695248588,61.90111612291709,61.94974374434829,22351422
2021-03-16,63.943389892578125,64.91591214031834,63.55438397083402,64.81865693819235,14938641
2021-03-17,66.18022918701172,66.18022918701172,63.846170034322185,64.18655598681359,15895858
2021-03-18,64.4296646118164,66.56921251963702,64.13790638725416,66.08295129316045,12792812
2021-03-19,64.2838134765625,64.91595033214504,63.11678013797272,64.18655821721859,13737991
2021-03-22,63.84613800048828,64.38102675315213,62.87361570232867,63.99202081124041,10591427
2021-03-23,61.56073760986328,64.08929591958345,61.0258486289819,63.01952540120417,13172818
2021-03-24,60.782711029052734,63.3112690508324,60.782711029052734,62.04699190078823,12454218
2021-03-25,62.484619140625,62.8736251409344,59.46979658639211,60.296439919585666,14725103
2021-03-26,63.16538619995117,63.8461504527601,61.80385397264245,62.9708831910603,12143472
2021-03-29,62.97089767456055,63.45715903032021,62.144250392415735,62.82501480180257,10786807
2021-03-30,64.67279815673828,64.96455639452623,62.72775316266113,63.11675918412382,10618713
2021-03-31,63.84613800048828,65.3049214477277,63.846138000488274,65.06179087318779,12557044
2021-04-01,64.5755386352539,64.96455207422811,63.94340203157016,64.33240802716303,11874438
2021-04-05,65.4508285522461,65.9857175034478,65.01319484431127,65.49945617387954,10180082
2021-04-06,65.15906524658203,65.64532653869325,65.01318983630166,65.45082351052527,8035938
2021-04-07,65.11041259765625,65.79118409960226,64.4782761382831,65.15904019684949,8379669
2021-04-08,65.40220642089844,65.64533710609254,63.65166399882418,64.47831130583761,11018763
2021-04-09,66.13157653808594,67.24998178499085,65.25630933910055,65.64531532900934,12689464
2021-04-12,66.08295440673828,66.52059548589237,65.49944537350255,66.18020963396849,8442187
2021-04-13,65.35356140136719,65.83982264233721,64.47829414497383,65.6939472473989,10277370
2021-04-14,66.52059173583984,67.05547312530689,65.2563110700293,65.30493123752163,12968951
2021-04-15,65.88848114013672,66.86100407794396,65.3535920356657,66.76375625019436,10208753
2021-04-16,65.11041259765625,66.52057575736188,64.91590964426294,66.27744520477533,10036727
2021-04-19,65.4508285522461,65.49945617387954,64.04066474179167,64.77006417952714,9003729
2021-04-20,63.50577926635742,65.20769381351676,62.72775969897949,65.20769381351676,12330465
2021-04-21,64.91593933105469,65.06181475196523,62.09562288695035,62.873638778008825,9953202
2021-04-22,65.20768737792969,66.52059573351559,64.57554328534385,64.91592913853484,10555051
2021-04-23,65.88848114013672,66.18023951015593,64.96458583789689,65.64535040568491,9357311
2021-04-26,65.9857177734375,68.07663852178308,65.88846252977268,66.27747606104884,18815482
2021-04-27,65.59669494628906,65.83982557761334,62.776382600280215,65.64532256123033,30050351
2021-04-28,64.1865234375,64.9159151572027,63.94339286426576,64.8186599505569,13261158
2021-04-29,64.23516082763672,64.624166826728,63.60301677488662,64.08927799544144,11066635
2021-04-30,63.79752731323242,64.91592514482866,63.60301687001445,63.99203031306897,10011667
2021-05-03,65.40220642089844,65.79121998323922,64.04067011778126,64.38105605440649,12734908
2021-05-04,63.79752731323242,65.1104281446652,63.554396702591376,64.86729753402416,15557003
2021-05-05,64.23516082763672,64.624166826728,63.65164438561838,63.992030217359314,11168297
2021-05-06,64.23516082763672,64.72142204819153,63.359886164609215,64.28378843836848,12595406
2021-05-07,64.67279815673828,64.86730116746963,63.55440026249665,63.992033897487644,10810442
2021-05-10,64.91593933105469,66.03434485044001,64.67280866728176,64.72143628871295,13154138
2021-05-11,63.65163803100586,64.62416037502446,62.922246272991906,64.13789920301515,13645738
2021-05-12,62.3387451171875,63.84615279563419,62.095614486306644,63.603022164753334,14215045
2021-05-13,63.0681266784668,63.40851250337966,61.85247737315614,62.24148336444405,13158312
2021-05-14,64.47830200195312,64.67280503336589,63.35989654541016,63.79753767031715,10167742
2021-05-17,63.943389892578125,64.86728453925534,63.797514532769064,64.33239581432224,15316179
2021-05-18,63.0681266784668,64.5269177542496,63.0681266784668,64.08927670982413,9816408
2021-05-19,63.65163803100586,63.70026563688292,62.19285451497796,62.72774329286432,11921066
2021-05-20,63.50577926635742,63.748909915951614,62.825007492787606,63.6516546787609,9324527
2021-05-21,64.3324203491211,64.57555100378019,63.45715296970148,63.74891124396894,10697965
2021-05-24,64.08928680419922,64.72143094383442,63.79753598647174,64.62417570900365,7827397
2021-05-25,63.79752731323242,64.62416692338311,63.70027209162344,64.18653331290552,9496071
2021-05-26,65.15906524658203,65.3049406568624,63.40852310630511,63.79753660602359,12092309
2021-05-27,69.77854919433594,70.02168728960244,66.08296179702529,66.1315894160786,37035234
2021-05-28,68.3683853149414,69.7299212804247,68.22250991735262,69.48679065552217,14560581
2021-06-01,68.8060302734375,69.72993275480499,68.56289960852669,69.19504380332462,10087388
2021-06-02,68.5142822265625,68.95191595258672,68.12526868079836,68.95191595258672,8012785
2021-06-03,68.5142822265625,69.87581102827858,67.78489020206102,68.02802087689484,12672972
2021-06-04,67.88211059570312,69.0491358749932,67.3958494423839,68.85463290234159,12855029
2021-06-07,67.63899230957031,68.4170117849293,67.39586168873198,68.07662593840294,7493597
2021-06-08,67.59036254882812,68.02800360713506,66.71509531897725,67.93074838453764,8852489
2021-06-09,66.76373291015625,67.15273897193183,66.47197464213328,66.95823594104404,11189043
2021-06-10,66.27747344970703,67.44449911078831,66.08296297004114,67.15274083467229,9999489
2021-06-11,66.5692138671875,67.00685493458072,65.98570484963263,66.37471086133587,8500031
2021-06-14,65.49945068359375,67.24999281198241,65.2076924216319,67.00686216757794,9114079
2021-06-15,65.83984375,65.98572663508878,64.72144551457319,65.40220998150187,7629388
2021-06-16,65.35356140136719,66.37471149608058,64.62416953991215,65.64531963462555,14070907
2021-06-17,63.21401596069336,65.69394987760667,62.77638231497502,65.20768861716806,15451709
2021-06-18,62.14424514770508,63.31127081435955,61.99836973064183,62.43600342521441,16465184
2021-06-21,64.13789367675781,64.13789367675781,62.5332349247402,62.67911028642179,10825169
2021-06-22,63.35990524291992,64.18655254412755,62.92227150132091,63.79754642790258,7678083
2021-06-23,62.97089767456055,64.13792343970704,62.92227005030789,63.311276157562226,8763306
2021-06-24,63.943389892578125,64.18652045451317,62.824984841648934,63.50575636977102,9594524
2021-06-25,64.04073333740234,64.43003540157872,63.74875306474685,64.04073333740234,6844839
2021-06-28,62.726837158203125,64.08940207783226,62.24020576561446,64.0407448978116,12396856
2021-06-29,63.7000846862793,64.3813669829168,63.067467007054326,63.55409828308768,13883493
2021-06-30,65.50062561035156,65.841270494755,63.50543582108766,63.992067113637574,13754002
2021-07-01,65.59795379638672,66.32790825544122,65.01400065780886,66.0845925854387,9368346
2021-07-02,65.01400756835938,65.88994109385546,64.77069187249406,65.88994109385546,6653090
2021-07-06,62.87281799316406,64.81935083909237,62.38619036846732,64.62469234016656,14172730
2021-07-07,63.16478729248047,63.65141855695487,61.99687374755105,62.67815602800606,12250973
2021-07-08,62.629493713378906,62.97013859064799,61.36425461396174,61.948211407886824,10798825
2021-07-09,64.04073333740234,64.18671974920687,62.97014148734768,63.31078638028683,8290767
2021-07-12,63.79740905761719,63.94339544967978,62.77548196604282,63.55409343814926,11187237
2021-07-13,62.726837158203125,63.700099943380444,62.6781725291347,63.700099943380444,7907410
2021-07-14,62.337528228759766,63.16480081050797,61.899561486811805,62.67816944188859,8970443
2021-07-15,62.094207763671875,62.87281565880181,61.16960599976809,61.75356657676981,10310877
2021-07-16,61.07227325439453,62.62949258497923,60.926283127412816,62.28885143837055,9141767
2021-07-19,58.39581298828125,59.563726789861214,57.51987577483441,59.32041110415508,19842400
2021-07-20,61.802223205566406,61.996877959293734,58.347139503268686,58.444465017870776,15072405
2021-07-21,63.651432037353516,63.79742591704259,62.142877032707744,62.2402025613101,13548149
2021-07-22,61.802223205566406,63.55410109101973,61.802223205566406,63.50543647145712,8712244
2021-07-23,61.850887298583984,62.67815975244377,61.461581518966696,62.28885397282648,7579911
2021-07-26,62.87281799316406,62.970147242626965,61.46158857023462,61.60757871990542,10800049
2021-07-27,63.651432037353516,65.5493003299798,62.288863463349436,64.86801045619222,23964901
2021-07-28,63.89471435546875,65.59792325243171,63.45674784320126,63.99204355776975,13757312
2021-07-29,64.67337036132812,65.11133717653733,63.700107461286024,64.18673891130707,10889854
2021-07-30,63.01881408691406,64.33272175570423,62.872820207577725,64.04074144607893,12050777
2021-08-02,61.19393539428711,65.21473328041657,61.090527731155724,63.55410245220693,39943542
2021-08-03,62.690330505371094,62.77549545991871,59.67929906722072,60.950624197122245,23177543
2021-08-04,62.599082946777344,62.92756355115186,61.717067420055095,61.92996489410834,22702917
2021-08-05,62.66599655151367,63.65142344798626,62.361851987846435,62.65383225877626,13050690
2021-08-06,63.57844161987305,64.02858012408065,62.87282312627612,62.87282312627612,17637083
2021-08-09,63.085716247558594,63.42636115564368,62.063792696873456,62.99447287386224,12768033
2021-08-10,64.52737426757812,64.67944657299488,62.775499819367646,63.146551775156,12930790
2021-08-11,64.50304412841797,64.60645926479724,63.15264342262564,64.60645926479724,13330458
2021-08-12,64.79502868652344,65.22691708112062,64.0164168711201,64.5942917221466,10270509
2021-08-13,63.821754455566406,64.85584611076537,63.61493910414556,64.78285289550197,9020462
2021-08-16,62.86673355102539,63.44460822289105,62.19152963901644,63.40202947372075,11101144
2021-08-17,61.814388275146484,62.81806527844993,61.04794103846001,62.374012750815574,13125487
2021-08-18,61.6866569519043,62.939731913933514,61.29126898612417,61.485920033314216,10427487
2021-08-19,60.47614669799805,61.32775512657054,59.97735114686384,60.82895585091347,17344153
2021-08-20,60.859375,61.23651648988974,60.281500334811206,60.579562749129,10203095
2021-08-23,61.419002532958984,61.729229236390665,60.99319642836644,61.1939333259227,9642436
2021-08-24,62.81805419921875,62.964040576151405,61.47373628588723,61.61364051786807,11007246
2021-08-25,63.687923431396484,63.9494892445474,62.38010181468822,62.87281153574121,12627427
2021-08-26,62.884986877441406,63.639262454825385,62.55650626222185,63.541933209786976,13107992
2021-08-27,64.53345489501953,64.56995522918552,63.20130443367761,63.20130443367761,12473178
2021-08-30,63.985984802246094,64.75851798138021,63.748755013549996,64.67943890213262,11469513
2021-08-31,64.11981964111328,64.69769438062808,63.54193745255122,63.83391775811551,17641256
2021-09-01,63.0552978515625,64.15630413835423,62.81198220356842,64.08938935553735,12789542
2021-09-02,64.63684844970703,64.68550561362288,63.24994795006323,63.26211224104219,13633178
2021-09-03,63.71834182739258,65.30597951894839,63.31078957888859,64.47870327946973,12225833
2021-09-07,62.83022689819336,63.83390385880825,62.23410584720851,63.566259648929204,17639170
2021-09-08,62.39834976196289,63.706175134806536,61.08444596715962,62.6234189780157,19263203
2021-09-09,62.83022689819336,63.82173956727659,62.112448033800646,62.26452030056048,15066205
2021-09-10,62.0455436706543,63.231707479265005,61.91171782676377,62.83023367211665,15350467
2021-09-13,63.541927337646484,63.78525042775614,62.05770490677713,62.44092853126148,20038302
2021-09-14,61.06011199951172,63.59667987398512,60.87154311652056,63.59059400314415,25717763
2021-09-15,62.14286804199219,62.33143692472565,61.24868079880089,61.30950971094221,13007192
2021-09-16,61.64408874511719,62.47136147397093,61.32777978907805,62.28279253000436,9601506
2021-09-17,61.1148681640625,61.960390918916985,60.908049085788754,61.52850259608626,17203387
2021-09-20,60.71339416503906,60.749894497523165,59.168338815510694,59.916536039055245,16217539
2021-09-21,58.89459991455078,60.822878672340714,58.52354429381618,60.768131906276196,25342171
2021-09-22,59.94087219238281,60.2389346714468,59.40557615959346,59.41165830722253,18002884
2021-09-23,62.629493713378906,63.31078346791708,60.53698217885763,60.543064324982495,18620844
2021-09-24,63.18955993652344,63.433064783354475,62.459045396030334,62.495570377571134,10528608
2021-09-27,64.13313293457031,64.72972122321883,63.54871839572328,63.64612330381031,12971559
2021-09-28,64.3644790649414,64.9854149985257,63.75571688400792,64.09661923242706,20146646
2021-09-29,64.69929504394531,65.13760230143212,64.10878979396168,64.52884015080072,11876404
2021-09-30,62.72081756591797,65.19238740532924,62.67211510327896,64.74799700270046,14356273
2021-10-01,64.41925811767578,64.76625103449601,63.11041956198439,63.4208912245722,12992425
2021-10-04,63.85919189453125,65.1862946683325,63.67656327762753,64.1635729227041,12288913
2021-10-05,63.85919189453125,64.52883015651155,63.15911552973366,63.956589350643874,9208740
2021-10-06,63.51221466064453,63.56700027727785,62.130322215836806,63.11651922653383,11257962
2021-10-07,64.23054504394531,64.85148090181379,63.512204267069116,63.82266846858414,10684302
2021-10-08,63.74961471557617,64.66275782132499,63.71309346424901,64.14531006140066,6859525
2021-10-11,63.360008239746094,64.38272998118498,63.29304143188726,63.82266292777093,6615872
2021-10-12,62.5320930480957,63.33565752197285,61.825929763867435,63.04345022560708,13722903
2021-10-13,62.312950134277344,62.82431112697254,61.59460924841744,62.21554520049175,12065484
2021-10-14,62.544273376464844,63.09824992272614,62.31903286875079,62.787778239904696,9853826
2021-10-15,63.560916900634766,64.46797716410116,62.81822841543794,63.09826204412486,9069257
2021-10-18,63.38438034057617,63.65832337113175,62.72691557627465,63.1165279148581,6653913
2021-10-19,63.75572204589844,63.901821999215514,63.05564548114423,63.664407711365286,6767714
2021-10-20,64.52883911132812,64.54101286317686,63.23217426040298,63.7678864352968,9803748
2021-10-21,62.79387283325195,64.76625937050154,62.7086416527291,64.38274515008713,11588129
2021-10-22,63.341766357421875,63.62179252862937,62.42862295270964,62.733004087613715,8595273
2021-10-25,64.10270690917969,64.52274981290849,62.90344695846796,63.09215875303697,10427005
2021-10-26,65.40545654296875,67.5543959421808,64.05400602074702,64.38274206442638,18781193
2021-10-27,63.22001266479492,65.91683095817457,63.122607721597895,65.67332605502229,14420637
2021-10-28,64.07837677001953,64.15142675722446,62.76344718096681,62.939985271282126,9487384
2021-10-29,63.8409423828125,64.06618290505394,63.38437073441518,63.88964484960946,9018536
2021-11-01,64.66885375976562,64.99758232302325,64.0905297450741,64.38273705399122,7844250
2021-11-02,64.94889068603516,65.22283368601492,64.1027141791447,64.73582390827312,7192101
2021-11-03,64.51057434082031,64.73581484050773,63.81049788337855,64.62624361973572,6599661
2021-11-04,64.04792785644531,64.77235191093038,63.48786065433207,64.44970644575812,7505094
2021-11-05,66.19684600830078,66.75081503466119,65.04628119077407,65.0949836487099,12202399
2021-11-08,66.00202941894531,67.15259411867157,65.94115321646787,66.5986176941918,8305554
2021-11-09,67.74919891357422,70.71995980981805,67.25609857133657,69.8433378074888,40325875
2021-11-10,66.33078002929688,68.59537377045254,65.81333219399984,68.48579509083359,13952431
2021-11-11,65.13761138916016,66.7203932016249,65.00368518830422,66.08119285428337,8848557
2021-11-12,65.49678039550781,65.70376403567484,64.80888500935936,65.38111854867938,12240118
2021-11-15,64.93672180175781,66.15424633740687,64.65060502684835,65.76464146793533,9831034
2021-11-16,62.91563034057617,64.65669334697424,62.592984859060984,64.62016463025925,19257424
2021-11-17,62.08769607543945,63.238260922800045,61.7407031677612,63.1286822533126,13334471
2021-11-18,61.284141540527344,61.97204059202429,60.377085114473694,61.746800068354105,13692888
2021-11-19,60.85191345214844,61.32674942969208,60.45013117052974,60.75451225166808,10598911
2021-11-22,61.50938034057617,62.075530663283274,61.04672182571407,61.16238738628452,9962170
2021-11-23,62.142486572265625,62.22162713808864,61.57633631502531,61.95985793798414,9648856
2021-11-24,62.23381423950195,62.288603587023395,61.67375446519846,62.008573699871654,8943739
2021-11-26,59.56134033203125,59.719617751856234,58.14292297502584,58.842999475430645,13815999
2021-11-29,59.90224838256836,61.138037128109495,58.94648950095396,60.43187372812303,15692352
2021-11-30,57.82636642456055,59.311750654471275,57.50981157387122,58.83082404712676,18313148
2021-12-01,56.61494064331055,58.98303054746774,56.57841564949513,58.776050612619656,13895451
2021-12-02,57.97246170043945,58.30728085946752,56.49925516426444,57.345435238928296,9782400
2021-12-03,56.47491455078125,58.04552247022877,55.8418011364528,57.91159255382908,12973646
2021-12-06,58.44730758666992,58.983019823295734,56.761034025817665,57.132378229028355,10721861
2021-12-07,59.384796142578125,59.859632110175106,58.62384345567237,58.80647210052975,8104115
2021-12-08,59.829193115234375,60.230975382476956,59.03779860517191,59.38479526170551,7635106
2021-12-09,59.55525207519531,59.77440944850258,59.04998168709635,59.518727088784026,6527432
2021-12-10,59.01953887939453,59.99964519508583,58.715157804495405,59.713528475648445,6863859
2021-12-13,56.694068908691406,58.68472350412537,56.50535337549509,58.42295427176228,11843339
2021-12-14,56.07312774658203,57.26021771152103,55.83570975359423,56.46273628284155,11654259
2021-12-15,56.05487060546875,56.25575989863459,54.89821867721941,56.140098060487524,12350388
2021-12-16,56.328819274902344,57.430678242261195,56.12792623407891,56.3227323976635,11440140
2021-12-17,55.67135238647461,56.657549466065454,54.855610227530114,56.28011463532572,14550168
2021-12-20,54.82442855834961,54.89754622600434,53.721604913380666,54.83661670163386,9651745
2021-12-21,56.70105743408203,57.07273050439422,55.27530586714026,55.27530586714026,12227117
2021-12-22,56.70714569091797,57.09709532668559,56.15268412892748,56.615751419910694,7485993
2021-12-23,57.27379608154297,57.602816250118,56.8472894228266,56.8472894228266,6236589
2021-12-27,57.65156173706055,57.6820264985964,56.93868407871148,57.04835871251395,5503703
2021-12-28,58.06588363647461,58.54113167516126,57.42002771125789,57.53579455053354,6503676
2021-12-29,57.75514221191406,58.17555668018736,57.54188887459841,57.88309719885036,5602577
2021-12-30,57.700313568115234,58.480209315856996,57.59673112841904,57.67594100991119,5247049
2021-12-31,57.5601692199707,57.86481684468414,57.21286868938721,57.57844583904333,6092452
2022-01-03,58.63861846923828,59.3697726989667,57.73076415717224,58.017135135559165,7415209
2022-01-04,60.54571533203125,60.96003758973977,59.765819659034186,60.18623412303885,12237390
2022-01-05,60.54571533203125,62.02021205919567,60.49697395097845,60.765064604161395,9461542
2022-01-06,60.89910125732422,61.58760629754186,60.57617332220978,61.20374884491022,6864983
2022-01-07,61.7825813293457,62.29439003975839,60.789432398981965,60.80770901643899,10029103
2022-01-10,60.576171875,62.148158612344304,60.2837124363144,61.97755447509873,9259300
2022-01-11,62.020206451416016,62.37359915284257,60.911286970490664,61.1062636691231,9107137
2022-01-12,62.29439926147461,62.52593296233824,61.77040606185488,61.80087082614305,7316816
2022-01-13,62.42844009399414,63.15350215622071,62.0263022618681,62.324857667571216,7034320
2022-01-14,62.854942321777344,62.92196778017629,61.484028083891374,61.94100322720345,7030789
2022-01-18,62.690433502197266,63.20224595623599,62.245650236595836,62.489368320985676,13499795
2022-01-19,61.307334899902344,62.75136305844772,61.215940618204954,62.56857449505295,9147425
2022-01-20,59.86330032348633,62.02020602086063,59.692696179702715,61.06970628001118,9045502
2022-01-21,58.67517852783203,59.924233736132564,58.407087883328394,59.52819184081776,12964978
2022-01-24,59.046844482421875,59.36977242466657,56.23189847256311,57.63327740640126,15847565
2022-01-25,55.512935638427734,56.27455471998245,53.80081668922949,55.51902784494343,33629909
2022-01-26,54.42229461669922,56.00037004904947,53.64848741632335,55.75665195079256,17073695
2022-01-27,54.77568435668945,55.91506491147364,53.66067262585175,54.836613877922474,12527109
2022-01-28,56.11613082885742,56.152687793509486,54.13592149446935,54.41010432538462,10398756
2022-01-31,57.56625747680664,57.61500258568992,55.464189010503205,55.81757799251521,11238219
2022-02-01,59.680511474609375,59.966878717390635,57.730763164831444,57.883090690756426,13080224
2022-02-02,59.7353515625,60.06437172164605,58.58987507678661,59.50991009665763,8926564
2022-02-03,59.90595245361328,60.41776117956569,58.82750141698922,59.193078545429024,9972924
2022-02-04,60.32636260986328,60.96003033359211,59.49162971819297,59.52818668230204,10278374
2022-02-07,60.86863708496094,61.28905150601644,60.01562383150237,60.54570914673548,7039456
2022-02-08,60.50914764404297,61.23420960124238,60.094829190416824,60.91737762313515,8279712
2022-02-09,60.47259521484375,61.21593757409472,60.393385349038226,61.081890395861,10632457
2022-02-10,60.19232177734375,61.34389044620632,59.710977825411604,59.94860369845996,8848717
2022-02-11,58.998104095458984,61.06971163321619,58.59596998492845,60.332461411446076,11966771
2022-02-14,58.857967376708984,59.34540355789179,58.224299595034644,58.924989105484926,11172731
2022-02-15,61.49011993408203,61.77039496906434,59.6805110219259,59.70488357511636,10741924
2022-02-16,61.78868103027344,62.093328646617195,60.8625500381783,60.9844090847158,7850670
2022-02-17,59.99125671386719,61.191570567688665,59.6378639845691,61.1428254565153,6229366
2022-02-18,56.47562026977539,60.30199952945839,56.0064644358897,59.96688342294697,25110235
2022-02-22,57.36518859863281,58.01713670957138,56.280641636171794,56.44515358073387,12349746
2022-02-23,56.45124816894531,57.79779361993188,56.244087043356345,57.1458454814808,11839969
2022-02-24,56.38422775268555,56.71934013901676,53.43523800683419,55.196102019329444,18285861
2022-02-25,58.71781921386719,59.357579106132675,56.70104933084582,56.914306358950576,11191511
2022-02-28,58.19382858276367,58.382709336546505,57.35299976826839,57.736857211990824,10142743
2022-03-01,56.25627517700195,58.528947890532194,55.976000115691434,57.85872313359318,10806289
2022-03-02,57.37128448486328,57.85263220685788,56.713247856452924,56.944781542607664,7131107
2022-03-03,56.32938766479492,58.065882766546956,56.043020404646455,57.84653350354944,7420184
2022-03-04,54.3126106262207,55.129063074139594,53.32555032766676,54.97064709457396,13545059
2022-03-07,52.06839370727539,54.404091908121,52.01350713706099,54.07477622086891,11428423
2022-03-08,53.757667541503906,55.16030545739837,52.17207311993618,53.0746416202996,11006283
2022-03-09,55.64816665649414,56.70929323360965,55.55669029181235,55.776232820241844,10394261
2022-03-10,55.69696044921875,55.861616426531796,53.330766380104485,53.525918215697544,13026132
2022-03-11,56.27631759643555,57.09350737157477,55.8982129697714,56.59343423321924,11342229
2022-03-14,56.37997817993164,57.31913628089903,56.068959283477476,56.37388050236078,9700540
2022-03-15,56.319000244140625,57.05690892968057,55.654271165715514,56.86785849960521,8189827
2022-03-16,57.75214385986328,58.203424405210505,56.55684935392224,57.002035953995694,8954332
2022-03-17,58.258296966552734,58.282691411952484,56.90444445422544,57.447204994724636,6982315
2022-03-18,58.294891357421875,58.49004320195078,57.66675580961925,58.294891357421875,11872231
2022-03-21,57.8253173828125,58.37417567537291,57.11179936206315,57.59967339989463,8799280
2022-03-22,57.87409591674805,58.68518790534688,57.69114317351832,58.081443105881924,7730288
2022-03-23,57.14228820800781,57.72774000701353,57.02642111790432,57.678951112418225,7854202
2022-03-24,57.39841842651367,57.58137116146167,57.111790234674686,57.56307439435323,8561245
2022-03-25,57.33743667602539,57.880197226791005,56.96543351225377,57.59356902248211,9227359
2022-03-28,56.105560302734375,57.1057028474835,55.32496033267779,57.08130839828771,12069336
2022-03-29,57.72164535522461,57.91679347576908,56.727600514491655,56.727600514491655,13794811
2022-03-30,57.678951263427734,58.02046232438552,56.89835135206608,57.09350319692374,9042452
2022-03-31,55.800628662109375,57.29474265600627,55.78233189510109,57.172774166708564,13203013
2022-04-01,56.40437698364258,56.447068198006185,55.56279286086651,56.16653766772462,9054811
2022-04-04,56.11775588989258,56.30070865855729,55.43473371382491,56.215333687074924,8249536
2022-04-05,54.94684982299805,56.31289766450718,54.83097901012272,55.8982033028589,10787509
2022-04-06,54.83098602294922,54.989544334199785,53.5564143863725,54.50167030940752,10556215
2022-04-07,54.556556701660156,54.93466131003119,53.111227667623,54.77609926527598,11391666
2022-04-08,54.7273063659668,55.050520620194206,54.04428058968675,54.574845755283846,6447980
2022-04-11,54.68461608886719,55.85551583933804,54.29431617204357,54.605338810378,8655143
2022-04-12,54.88587951660156,55.7030693579526,54.45898969109349,54.88587951660156,7240254
2022-04-13,55.343265533447266,55.770155390279406,54.879785864265166,54.983457621595974,6362268
2022-04-14,55.39203643798828,56.19703077252314,55.270071672914455,55.520106349279416,6146543
2022-04-18,55.12981033325195,55.80063712614266,54.82488906375618,55.47741908686328,6291965
2022-04-19,56.04456329345703,56.26410581819125,55.37373663041509,55.37373663041509,7394824
2022-04-20,55.739654541015625,56.78248830113997,55.64817815742821,56.41048135399001,6424385
2022-04-21,55.9348030090332,57.19108167190552,55.75795165357321,56.684910852667855,7225326
2022-04-22,54.31870651245117,55.678656573829144,54.263819949008166,55.42862193373752,7967682
2022-04-25,54.812686920166016,54.885870261190384,52.80020665356419,53.971106503644094,11080599
2022-04-26,49.14724349975586,51.976917084884036,47.81778913514502,51.806159697046105,46154289
2022-04-27,47.69582748413086,49.8546709177324,47.488480264580915,48.78744642567293,20213257
2022-04-28,47.40309524536133,47.99464096285093,46.25658987868134,47.805590539099,19277327
2022-04-29,45.46379852294922,47.64703630138827,45.34183001541709,47.25673633047851,16677077
2022-05-02,46.073646545410156,46.2444002358616,44.280708524442,45.18327708123919,18536095
2022-05-03,47.360416412353516,47.73242341309544,46.3358830089993,46.86644461662601,12595004
2022-05-04,49.0496711730957,49.25701837017372,47.09207749234282,47.68362322450256,12019739
2022-05-05,47.92756652832031,48.83623272082439,47.29943091030635,48.409342914121055,11491503
2022-05-06,47.7080192565918,47.805593313154716,46.46393976681966,47.769003508697935,8609237
2022-05-09,44.50023651123047,46.933508474309356,44.23800278127682,46.82373908091289,11266308
2022-05-10,44.70759201049805,45.55527386533351,43.38423149351474,45.12838409870043,10974181
2022-05-11,44.17702865600586,45.48209245924816,43.94529072752695,44.9820230620784,12465152
2022-05-12,44.68928527832031,45.256440192593125,43.402518586856985,43.75012725429276,13844409
2022-05-13,45.76871871948242,46.32977234737168,45.2198604484468,45.36622340086321,8309406
2022-05-16,45.5125846862793,45.982165691024015,44.96372639031631,45.31743656355079,10451563
2022-05-17,46.59201431274414,47.07988841716709,46.220011054928676,46.47614346613665,7218585
2022-05-18,45.860198974609375,46.66518967989468,45.62845730252443,46.13462813332503,11337253
2022-05-19,46.189510345458984,46.67738435927791,45.40281275136906,45.738226135869574,9992827
2022-05-20,45.890682220458984,46.61639549095139,44.68319266222562,46.41514598656778,11782667
2022-05-23,46.01875305175781,46.592005766106816,45.74432391836,46.36026411540152,8467508
2022-05-24,45.44551086425781,45.65895579523113,43.94529866765246,45.573577076034724,9837776
2022-05-25,45.45159912109375,45.48818892329035,44.286796990589345,44.805163101471756,11389740
2022-05-26,46.9640007019043,47.390890389943,45.555265478183344,45.8723820385414,7528368
2022-05-27,48.0312385559082,48.04343391303795,46.95181502467798,47.13476778583212,7819853
2022-05-31,47.74460220336914,48.201984028470264,47.421384220017416,47.537255029183164,8332038
2022-06-01,47.27503204345703,48.44592819597796,46.768861254899534,48.22638563413461,9514991
2022-06-02,47.5677490234375,47.97024803259871,47.06158202415325,47.579948113007504,9897164
2022-06-03,46.939613342285156,47.04938274376508,46.14681441674809,46.799348084020984,8463013
2022-06-06,46.957908630371094,47.744606181906995,46.817643365371566,47.512868278298875,7614722
2022-06-07,47.5677490234375,47.659225392058836,46.451735832643514,46.90301999798228,8227386
2022-06-08,47.055484771728516,47.7385106248964,46.66518481763751,46.76886028499304,5418794
2022-06-09,45.604061126708984,46.988402112428524,45.58576435803795,46.890828058929976,8114548
2022-06-10,43.439117431640625,44.6161149788865,43.14029385256444,44.53073628000266,15384656
2022-06-13,41.29856491088867,42.68900726067312,40.9448585124588,42.36578925224779,15183217
2022-06-14,41.499813079833984,42.024276849518444,41.18269649370873,41.43882883373035,8634919
2022-06-15,42.14015197753906,42.70120560551033,41.34735669703839,42.05477327744747,10576600
2022-06-16,39.8166389465332,41.005835301772855,39.54830755699281,40.87776541687762,14550650
2022-06-17,40.249637603759766,40.69482037725037,39.35926458870991,39.75566220383632,14449368
2022-06-21,40.09718322753906,41.505918840048125,40.07278877754046,41.140013292173826,12972362
2022-06-22,39.3592643737793,39.88373189507926,39.13362414924554,39.139721827253474,15573094
2022-06-23,39.0726432800293,39.68858349278231,38.4688984243468,39.25559604029463,10841280
2022-06-24,40.908267974853516,41.45102856933451,39.28608760389296,39.43245055681423,16044991
2022-06-27,40.731197357177734,41.45777711410346,40.383169874368356,41.195230262431075,10911904
2022-06-28,40.224430084228516,41.79359906396494,39.90693480800983,41.18302834931884,11313819
2022-06-29,38.88727569580078,40.29769690048686,38.636942474799945,40.13284058044275,11088303
2022-06-30,38.875057220458984,38.930009315043655,37.70886453463462,38.19121599389024,13967359
2022-07-01,38.79568862915039,39.40625926140582,37.98362819285358,38.76516009753762,10997455
2022-07-05,37.87372970581055,37.92257311585356,36.591527572425036,37.55623071731282,12889860
2022-07-06,37.59286880493164,38.07522043633962,37.07999237507342,37.58676384524159,7852596
2022-07-07,38.465972900390625,38.54534856386712,37.81876889297791,38.20342981829927,10110160
2022-07-08,38.618621826171875,39.30856812579978,37.97752267179809,38.392712190980085,9940822
2022-07-11,37.80046463012695,38.23397285729087,37.50128795075149,38.0935400881401,7662393
2022-07-12,38.47819137573242,39.40015223433814,37.24483652022993,37.24483652022993,11678496
2022-07-13,37.861515045166016,38.282809540011755,37.37305852673451,37.885938618786156,6961770
2022-07-14,37.29979705810547,37.342535514388786,36.634274205664916,37.24484494396022,8179393
2022-07-15,38.38050842285156,38.45988037348984,37.23873893142459,37.90426176504881,9391720
2022-07-18,38.88116455078125,39.74817698654894,38.66746485540427,39.31466889941896,10607899
2022-07-19,40.7495231628418,40.78615665736855,39.36963038155771,39.381840300235574,10070675
2022-07-20,41.4516716003418,41.68979487728498,40.328220971078586,40.48086361803032,11004036
2022-07-21,41.598209381103516,41.726428457128016,40.969320178874696,41.33566253236897,9551106
2022-07-22,41.63485336303711,41.982877191180904,41.421153602967976,41.76307247137991,9009387
2022-07-25,41.73863983154297,42.08666732261542,40.926579424199836,41.14027913786986,9468604
2022-07-26,43.66194534301758,44.797606043966205,42.22099556791812,42.54459951911264,28957643
2022-07-27,43.704689025878906,44.20535927938168,42.80104282877184,43.961130981622304,11570152
2022-07-28,44.657169342041016,45.73177661924912,44.51674034316204,45.51807690320088,18063717
2022-07-29,45.1273193359375,45.499766733905304,44.22367315925103,44.571700718789465,12729511
2022-08-01,46.28130340576172,46.61711734126902,44.382425252370915,44.754876426183074,14685317
2022-08-02,45.402076721191406,46.43394201625272,45.377653143969354,45.93938046610303,9290599
2022-08-03,45.63408660888672,45.97600541091666,45.218897088819354,45.74398707820384,9678390
2022-08-04,44.980777740478516,45.57913850035144,44.9136157135931,45.48144793956421,6942669
2022-08-05,45.402076721191406,45.81726631848615,44.69381541271217,44.83424443937556,7447953
2022-08-08,45.902740478515625,46.8796573393643,45.70735934944178,46.330143708039316,9833442
2022-08-09,45.750099182128906,46.45836420797942,45.71346568663501,46.0187510465729,7581496
2022-08-10,47.09945297241211,47.50242881006832,46.34844965885412,46.53162083401534,16331500
2022-08-11,48.1740608215332,48.36334071049406,47.60012367294227,47.6245472462107,14557872
2022-08-12,48.802955627441406,48.82737920348841,47.96647151341413,48.412189626168995,8273452
2022-08-15,48.72968292236328,48.937273948181755,48.283964861886005,48.424397603815216,5467107
2022-08-16,49.49900436401367,49.63943711498355,48.32060146315876,48.43050568030849,9268610
2022-08-17,48.796844482421875,49.07770622512653,48.39386861345496,48.882325118504006,6485057
2022-08-18,48.36334991455078,48.77853578515749,48.241235763461724,48.705268789901446,6421014
2022-08-19,47.453590393066406,47.984785361457064,47.178833601452034,47.929833255435625,5801930
2022-08-22,45.658512115478516,46.50720232870755,45.402070199224696,46.48278249348676,8143279
2022-08-23,46.46446228027344,47.197147035522,45.743987442215264,45.78672962936706,7642490
2022-08-24,46.855228424072266,47.18493731299287,46.330138428343076,46.49499100355702,7649392
2022-08-25,47.710025787353516,48.650305278183374,47.20325068364543,47.239884172692285,8349212
2022-08-26,45.95769500732422,48.00311070336493,45.92106151100712,47.86267793924046,8628819
2022-08-29,46.43393325805664,46.91628479786264,45.35322101239115,45.69514355202096,7868808
2022-08-30,45.872215270996094,47.123885197801215,45.38375497570098,46.86744326238429,6886330
2022-08-31,44.84034729003906,46.27519219554436,44.79150387638563,46.04317383058768,10274200
2022-09-01,44.62052917480469,44.72432840730342,43.613087807065014,44.72432840730342,8002191
2022-09-02,44.22366714477539,45.402069989967906,44.02828603295256,45.054042477761655,6479760
2022-09-06,44.058815002441406,44.351886673083236,43.436030692653404,44.266406033877885,6472859
2022-09-07,44.92582702636719,45.023517590186984,43.79016627766422,43.90006676002657,5494394
2022-09-08,45.041839599609375,45.23111578223633,44.00997429626445,44.290836090339305,5810597
2022-09-09,45.20669174194336,45.77452402250356,44.9868870244177,45.50587588913518,10795534
2022-09-12,45.98821258544922,46.702582416625255,45.341008509758474,45.43259409797393,11661482
2022-09-13,43.25286102294922,45.09678670504865,43.11853696980973,44.73044429994859,11574005
2022-09-14,42.758304595947266,43.350556725717475,41.934034086693416,43.167385501438844,9968109
2022-09-15,42.0744514465332,43.22232562905633,41.97676090171031,42.605650092713624,7908775
2022-09-16,40.53581619262695,40.66403902018531,39.797026452303946,39.9313542386763,22966955
2022-09-19,40.93879318237305,41.20744499936036,39.96798516156276,40.0473570980298,8045047
2022-09-20,40.65793228149414,41.03037961475807,40.26106137555053,40.5724516463616,8379870
2022-09-21,39.821449279785156,40.951004963443275,39.7848157890948,40.920476431452514,10164733
2022-09-22,39.90693283081055,40.120632570348874,39.39405270821995,39.68712813212688,11345279
2022-09-23,39.4123649597168,39.73596889628263,38.801794316002244,39.4123649597168,13124524
2022-09-26,39.33900833129883,40.445515612969984,39.25342535884144,39.44904892893277,16780605
2022-09-27,39.41236877441406,39.92588530914442,38.82549433892165,39.64467128891523,12596770
2022-09-28,39.40625762939453,39.773054632402584,39.24119673216163,39.73025940283904,10686228
2022-09-29,38.348655700683594,39.192290251922614,37.85348052631803,38.98443788129962,14124337
2022-09-30,37.84737014770508,38.69100483043303,37.82903254172641,38.29364137350642,12709126
2022-10-03,38.88050842285156,39.35734597690744,37.99408241982001,38.366991920744866,8721754
2022-10-04,41.28914260864258,41.350275430928384,39.6568940077327,39.663006541335,12441557
2022-10-05,41.22801971435547,41.69874106205664,40.37827253133135,40.76951969367046,9327837
2022-10-06,40.48219299316406,41.252469660439324,40.21932032187083,40.79396968351588,7953396
2022-10-07,39.46738052368164,40.21319941138324,39.18617030748913,40.109275117289656,6856315
2022-10-10,39.72414779663086,40.115398690944666,39.16172720945816,39.76694302719474,5764210
2022-10-11,39.12504196166992,39.89531863025258,38.562621411183876,39.424593583548514,8500412
2022-10-12,39.57742691040039,39.99313167344513,38.55039381530874,38.935532161751134,8598323
2022-10-13,41.53368377685547,41.79044019427455,38.62987028445643,38.93553446858977,12818915
2022-10-14,41.30748748779297,42.04719776229267,41.07518496805425,41.75375866636452,9106174
2022-10-17,41.95549011230469,42.90916136842733,41.83322447067021,42.151113641667315,8251944
2022-10-18,43.220943450927734,43.48992864503651,42.75022216858624,42.90916677410858,9806637
2022-10-19,43.11702346801758,43.392121223967656,42.38954198698983,42.95807884653952,8408280
2022-10-20,42.77468490600586,43.77726424994423,42.68909817973078,43.25763509993504,9609852
2022-10-21,44.516963958740234,44.56587172133186,42.640183780483305,42.79301585966716,10352529
2022-10-24,44.847084045410156,45.433958507637136,44.486399573446725,44.627006589966555,10913990
2022-10-25,44.62700271606445,46.00249137210115,43.453250150367374,45.849659299208184,15445168
2022-10-26,46.1308708190918,46.84612718555917,44.74315331360986,44.8042898875613,12975572
2022-10-27,46.46097946166992,47.45744589983666,46.39373410998906,46.644377917052914,10105505
2022-10-28,47.88538360595703,47.90983748604127,46.81555910467494,46.88280446755774,8648081
2022-10-31,47.56748962402344,48.20938805406429,47.402432487499496,47.54915202170507,10585428
2022-11-01,47.812034606933594,48.9613297534652,47.3474220282614,48.02599580387763,9174391
2022-11-02,47.31685256958008,48.69845765985413,47.24349466351786,47.738669887268514,10230221
2022-11-03,47.91595458984375,48.16048592774255,46.80944729134596,46.992849537902224,13947456
2022-11-04,49.560428619384766,49.61544891907567,48.55784938469466,48.90019250935826,11558435
2022-11-07,51.02149963378906,51.25380588180895,49.56042426849559,49.584878148781655,12864178
2022-11-08,51.35161590576172,51.785658229269096,50.52632274043705,51.229350251639545,10052376
2022-11-09,50.831993103027344,51.834572338278676,50.6791610166516,50.87478458995969,7961743
2022-11-10,52.19525146484375,52.372537415508184,51.44331617963643,52.10355222241026,13786304
2022-11-11,52.763797760009766,53.05112060741895,52.054653829741845,52.439792214520715,12490513
2022-11-14,52.47035598754883,53.24674151011554,52.37254419824525,52.56205524185823,7906367
2022-11-15,53.27118682861328,53.564625892478965,52.70876632319099,52.904389870347,7913108
2022-11-16,51.901817321777344,53.14281535117469,51.74898523653788,53.0816825170789,7629328
2022-11-17,52.20136260986328,52.433668848432035,50.86866549137629,51.1987835039781,7466411
2022-11-18,52.256385803222656,53.27730256789827,51.87124747661967,52.873826638157745,6555521
2022-11-21,52.50703048706055,52.574275852557314,51.79789039584272,52.03019290784355,5247691
2022-11-22,53.3690071105957,53.546289328415114,52.574276553592966,52.7576750491016,6797569
2022-11-23,53.71746063232422,53.77248092742924,53.148923821458695,53.203944116563726,5867738
2022-11-25,53.88251876831055,54.029238310252744,53.39957240148486,53.61353730840376,3040207
2022-11-28,52.250274658203125,53.52795158896539,52.06075988548599,53.30787040040769,6876058
2022-11-29,52.366416931152344,52.52536526643953,51.93848716750849,52.42143722081856,7205262
2022-11-30,52.555931091308594,52.788233571671135,50.85643712313203,52.354191279162166,11654259
2022-12-01,52.12189483642578,52.94719184080949,51.883479777681046,52.70265676101022,6806718
2022-12-02,53.112247467041016,53.15503895247321,51.602264260705084,51.70007978706216,7191459
2022-12-05,51.75509262084961,52.60483967884387,51.73064248415019,52.47646148864485,7568656
2022-12-06,52.13412094116211,53.246736967952636,51.638942015626284,52.94718909060038,9444207
2022-12-07,51.962947845458984,52.62318392159045,51.85291099485839,51.962947845458984,7801715
2022-12-08,51.12541961669922,52.69041904718582,50.55077036480497,52.329734663529656,10334231
2022-12-09,49.79273223876953,51.22935377346747,49.71937059537386,51.11931317993995,8899117
2022-12-12,50.868675231933594,50.89924165111765,49.535977858255855,49.95779519162229,7480054
2022-12-13,50.66693878173828,51.90182444585364,50.08617677811255,51.7000883115264,12391318
2022-12-14,49.85307312011719,50.99736372543351,49.77352216342608,50.40991857671053,12271899
2022-12-15,48.22537612915039,49.69398170704959,48.03567824460615,48.99639330819774,15598294
2022-12-16,47.51555252075195,47.94389586315096,46.92811097195457,47.601221938581574,15978540
2022-12-19,47.76642990112305,47.943887145772074,47.24018035406778,47.27077630153318,7061125
2022-12-20,49.155487060546875,49.443091208313916,47.63792660163313,47.75419194874116,11196647
2022-12-21,50.777076721191406,51.15034652794005,49.547116645501525,49.58994947291182,12127441
2022-12-22,50.03665542602539,50.61186002480474,49.12489538343083,50.287545208813825,9730074
2022-12-23,50.04890060424805,50.41605203088206,49.54100629870474,49.99994558199725,5286213
2022-12-27,50.69141387939453,50.844393635296896,50.11620924785187,50.177401150212816,6804792
2022-12-28,50.15903854370117,50.893341320251125,49.74905432549355,50.783198151817786,6210907
2022-12-29,51.248252868652344,51.34615915052305,50.17739471467939,50.33037445096124,7088733
2022-12-30,51.27273178100586,51.41959308121105,50.654694378838705,50.73424159583634,6625342
2023-01-03,52.00092315673828,52.068233502338096,51.119758982593574,51.43183694619197,10280781
2023-01-04,55.02759552001953,55.02759552001953,52.3232484933939,53.6244680974559,21031104
2023-01-05,55.88200378417969,56.0858118992088,54.08694421556775,54.79242692744106,16001061
2023-01-06,56.391517639160156,56.69722605039518,55.45871226498937,56.44638876392008,13018044
2023-01-09,56.96373748779297,57.935733807988214,56.40719181199535,56.438544598196295,9488844
2023-01-10,59.00180435180664,59.0801900751787,56.59532779952412,56.59532779952412,11597142
2023-01-11,60.89876174926758,60.90659994611486,59.189926180867594,59.43292527012541,12729603
2023-01-12,61.81589889526367,62.0902545715346,60.585223071346554,61.047706748453805,14407871
2023-01-13,62.86627197265625,63.179822322906105,61.5336923509643,61.75317684678961,13843395
2023-01-17,63.093597412109375,63.22685425605574,62.521371557401174,62.64679020426223,10640727
2023-01-18,62.137290954589844,63.63447684595702,62.035386876787754,63.44635258143599,9816378
2023-01-19,60.2481575012207,61.72967055367655,60.099220502821126,61.09473531783877,13045860
2023-01-20,60.890933990478516,60.945805124563634,59.31535499188914,60.82038646001155,10351409
2023-01-23,62.529212951660156,62.72517912905697,60.781186256564325,60.836057385715165,13729748
2023-01-24,63.258201599121094,63.37578203877551,60.726306795093606,61.14175743208936,16767395
2023-01-25,63.32875442504883,63.767715915374474,62.26269224540804,62.537044113548546,10652380
2023-01-26,63.60312271118164,63.94802593128674,62.803577743436975,63.86963645151358,8158534
2023-01-27,65.24141693115234,65.8371575472763,63.414996592661524,63.49338607940097,9760244
2023-01-30,63.360103607177734,64.86512719152974,63.2346849751484,64.59861353515433,7175806
2023-01-31,63.08576583862305,63.422830829169385,62.29405539540942,63.06225124489826,8625026
2023-02-01,64.528076171875,64.6456566194117,62.71733653046032,62.921140891041496,9112192
2023-02-02,65.7979507446289,65.86850202313121,64.19886086905198,64.4261836077292,10391129
2023-02-03,64.24589538574219,65.60199373190697,64.13615310647168,65.46089865670149,7240085
2023-02-06,64.55159759521484,64.62214137510597,63.681505188745916,63.861791230853484,5425114
2023-02-07,64.36345672607422,64.56726482604715,63.13278491657522,64.26155267608776,5891982
2023-02-08,64.24589538574219,64.74757758819224,63.72854427882272,64.034256519683,4269472
2023-02-09,63.32875442504883,64.77107252218123,63.05439506341253,64.54374983366625,4838334
2023-02-10,63.7206916809082,63.76772086418352,63.02304716801281,63.344435734216574,4373095
2023-02-13,64.81027221679688,64.99840394757865,63.55608565657434,63.650144028468425,5114245
2023-02-14,65.48441314697266,65.69605201268706,64.24589528107978,64.37915215708443,6726731
2023-02-15,66.44856262207031,66.46423901790168,64.6221426117644,64.75540696332503,7305617
2023-02-16,65.8841781616211,66.26827235896808,65.04543848870128,65.53927495578989,5645893
2023-02-17,65.09246063232422,65.70388499476894,64.45752917101207,65.52359146631808,5543523
2023-02-21,64.48104095458984,65.35897897924404,64.12829960400478,64.38698258923085,5101965
2023-02-22,65.21004486083984,66.1036593703528,64.355628834365,64.40266551531134,10829053
2023-02-23,65.01408386230469,66.16636642185505,64.19885880728103,65.44520723731435,10120732
2023-02-24,65.49224090576172,65.67252694685266,64.00288592322102,64.08911359165418,8704340
2023-02-27,65.71955871582031,66.51909978464732,65.44519933557922,65.84497736348904,8007297
2023-02-28,66.40152740478516,67.13837047958071,65.42169269575018,65.54711135866273,11441143
2023-03-01,65.95471954345703,66.91103954092749,65.6490073750132,66.36232827455251,7512988
2023-03-02,67.19325256347656,67.20109076327948,65.35900140711077,65.53144929627383,8546337
2023-03-03,67.71057891845703,68.22793738340786,66.74642074792992,67.33432298526304,9618780
2023-03-06,68.306884765625,68.90317753122122,67.8439723883333,67.97735277663783,8084105
2023-03-07,67.78121185302734,68.71488221867673,67.55367836053574,68.22843337278289,8643445
2023-03-08,68.2441177368164,68.58149521047766,67.53013546713005,68.07935548244419,7598067
2023-03-09,71.8375473022461,74.48947863281661,70.43311951164166,70.5821982997923,35826152
2023-03-10,71.39817810058594,73.90888384151972,71.23341587244211,72.10431479339009,23152683
2023-03-13,69.80545043945312,71.1863419499917,68.7776347700898,70.37820674781157,14201502
2023-03-14,71.53157043457031,73.03014400904146,70.77050795132217,71.53157043457031,14218418
2023-03-15,70.42528533935547,70.42528533935547,67.82827933030302,69.8211471287395,15107797
2023-03-16,72.15924072265625,72.2612392452725,69.49161820991687,70.14282916139206,10183883
2023-03-17,70.84112548828125,72.04940191921206,70.10360688762928,72.01802006397838,12765689
2023-03-20,70.55081176757812,71.5786348985032,70.15067066339509,71.1078771286679,8705343
2023-03-21,72.3239974975586,72.99875228832839,71.36679105041378,71.3824819757188,8553980
2023-03-22,70.2918930053711,72.65352720013077,70.26051115572434,72.56721961316012,8784783
2023-03-23,71.86109924316406,72.9281498764209,71.02943503681124,71.1078896786688,10834691
2023-03-24,71.68849182128906,72.45739231727329,70.86466557533808,71.06081718166482,8342975
2023-03-27,73.21060943603516,73.46952475628197,72.26909372572398,72.40247411795889,7524516
2023-03-28,73.07721710205078,73.54797492859582,72.62215770344149,73.23414137786136,5023152
2023-03-29,73.7990493774414,74.08150106212112,73.49305380200249,73.72843270604994,6162254
2023-03-30,73.79119873046875,73.9951957871665,73.40674850857168,73.7127440936183,6623107
2023-03-31,75.00731658935547,75.06223482671824,73.99518442540526,74.16779960085823,9247391
2023-04-03,76.0429916381836,76.05868256603274,74.81902426151451,75.12501985590355,6199468
2023-04-04,74.5758056640625,76.78836917085587,74.27766301091364,76.0743868956723,8554983
2023-04-05,73.9481201171875,74.78763720180496,73.48520777607465,74.52087644604457,10642230
2023-04-06,73.4381332397461,74.05796233405373,73.39105296015693,73.84611982700955,8025340
2023-04-10,74.034423828125,74.52871799680295,73.44597660340301,73.6185842891149,7499832
2023-04-11,73.6813735961914,74.50519241276501,73.6578297010639,74.15212399118585,6663078
2023-04-12,73.83043670654297,74.27765815748818,73.6029032490601,73.95597163131522,8768118
2023-04-13,73.98735809326172,74.29335371044245,73.33614703679964,74.05012930977728,11044694
2023-04-14,74.88180541992188,75.0387222197002,73.60291212546156,73.642139450295,7211767
2023-04-17,75.92530822753906,75.98807944437992,74.91318329708861,75.02302730122703,7676003
2023-04-18,77.25911712646484,77.29835194834703,75.99592237171248,76.10576637218362,8909832
2023-04-19,77.698486328125,77.91817430984004,77.21988304668979,77.34541796474936,7038101
2023-04-20,78.271240234375,78.82829813446315,77.72202029720043,77.91032641864399,8661237
2023-04-21,78.07508087158203,78.52230224012519,77.77693829284809,78.44384011393309,5112741
2023-04-24,78.57723236083984,79.0636811158202,78.13001842510987,78.13001842510987,7833505
2023-04-25,77.2355728149414,80.03658328911318,76.53728156226929,79.98950300777028,11649768
2023-04-26,75.48593139648438,77.24342026821952,75.39177833181631,77.07081256669748,8032357
2023-04-27,76.93745422363281,77.03945278120548,75.79194119298033,76.12147326349692,9348633
2023-04-28,77.65142059326172,78.2398679189551,76.01161354563321,76.20776515434564,6279159
2023-05-01,79.38538360595703,80.02875676651706,77.96526437405474,78.0594174585812,7408237
2023-05-02,79.64427947998047,80.05227357964068,78.60861830487414,78.93814276943904,7485046
2023-05-03,79.84827423095703,80.77409889151566,79.4873604226562,79.93458182654541,5917543
2023-05-04,77.92601776123047,79.83258537413877,76.42744424681294,79.62858832489339,9055431
2023-05-05,78.64783477783203,79.84042005780648,78.26338462188652,78.91459549824795,6302841
2023-05-08,79.1813735961914,79.33044489967287,78.63215366172952,78.63215366172952,4282128
2023-05-09,79.24413299560547,79.95026965848623,79.06367234821832,79.06367234821832,6520737
2023-05-10,78.09862518310547,79.76981388732572,77.25126263593887,79.62074258283415,5053224
2023-05-11,78.07508087158203,78.44384011393309,77.53371395213905,77.98878078325718,5117628
2023-05-12,77.51805877685547,78.45956722315539,76.66284295823469,78.13004264215097,4332874
2023-05-15,80.02873992919922,80.27196430446085,77.6906417408571,77.78479480557462,7973716
2023-05-16,79.34613037109375,80.20918377981744,79.1578242635267,79.42459249932043,5523851
2023-05-17,81.18209838867188,81.26840599798501,79.67567921035537,79.92674907340812,6871703
2023-05-18,81.60577392578125,81.81760894140064,79.81689573542367,80.72702200743099,5772320
2023-05-19,81.80193328857422,82.99451897149463,81.47240875810651,82.00593037920244,7230687
2023-05-22,82.02945709228516,83.12004410117014,81.67638870807546,81.67638870807546,4996087
2023-05-23,79.79338073730469,81.70779435775685,79.4638486795764,81.48810631927132,5738239
2023-05-24,79.22844696044922,79.61289716718659,78.38892987615036,79.46382586260565,6275400
2023-05-25,79.65213012695312,80.09935157282197,78.88322965900629,79.55798455977529,6737506
2023-05-26,80.60932922363281,81.5586902744844,79.68351206282675,79.70704845242946,6796523
2023-05-30,80.34255981445312,80.86823579402649,78.97736685976824,80.82900848224998,7098370
2023-05-31,79.65998077392578,79.9032051725142,78.23202374060705,79.49521852020085,13358734
2023-06-01,82.12359619140625,82.51589182920218,79.29904959821386,79.4088935768675,7797043
2023-06-02,83.01018524169922,83.72416734635132,82.02159694308624,82.77480636103495,7477278
2023-06-05,81.67638397216797,83.01019529058392,81.67638397216797,83.01019529058392,5108732
2023-06-06,82.74344635009766,83.25343155933072,81.6763956428067,81.85685633248737,7794036
2023-06-07,83.22989654541016,84.21063965649029,82.88467359022818,83.66927257935893,9121088
2023-06-08,83.22203826904297,84.12432659261952,82.87681536700586,83.04158510459361,4477596
2023-06-09,83.40249633789062,83.59864042353954,82.44528979854167,83.3946508744824,4365076
2023-06-12,83.34757995605469,83.86541810138233,82.89251302548709,83.41035117081472,4677449
2023-06-13,83.74771881103516,84.06939781005275,83.01803821461131,83.19065340961669,5411582
2023-06-14,82.14714813232422,83.7948006236327,81.5665462782145,83.73202940947098,6429268
2023-06-15,82.70420837402344,82.88466154001718,81.59008502185266,81.94314589012058,8733159
2023-06-16,83.39466857910156,85.44246247092745,83.12005480018395,83.12790026525778,13731752
2023-06-20,81.6136245727539,83.33188620007323,81.13502126555647,83.22988766732635,8068443
2023-06-21,82.4217529296875,82.9239001328095,81.26840220643143,81.31547499089115,5983576
2023-06-22,82.24130249023438,83.00235753363567,82.1000766317154,82.11576756039041,5292046
2023-06-23,81.4253158569336,81.88822822142602,80.5308804834917,80.88394885469219,7532911
2023-06-26,81.95099639892578,82.46882699067672,81.09578087556794,81.22916125524793,5326378
2023-06-27,82.31974792480469,82.54727384485302,81.88037200931329,82.09221450431396,5973427
2023-06-28,83.99093627929688,84.24200608737586,82.35897502634118,82.61004483442015,6009012
2023-06-29,84.53231048583984,84.60292715688446,83.19849920293647,83.33972504458268,4070746
2023-06-30,86.18782043457031,86.5095069807115,85.20707736757575,85.5130654842578,9250648
2023-07-03,84.95600128173828,85.77981999737175,84.19493877712584,85.56798497073535,3723916
2023-07-05,85.24627685546875,85.51303756251032,84.54798573963988,84.90889949047306,4588235
2023-07-06,84.24201202392578,85.32475346023323,83.84186339499195,84.7441516754696,4594375
2023-07-07,84.94815063476562,85.41890094335794,83.90463649134475,84.06155326087553,4843847
2023-07-10,86.78546142578125,86.9425017423752,85.08948305208837,85.12088811301128,5805400
2023-07-11,87.3272476196289,87.5706518854325,86.54991971871348,86.9425130552927,4746113
2023-07-12,87.31153869628906,87.9161236834188,87.06813444830163,87.38220008738791,5403938
2023-07-13,87.37435150146484,87.79834988502245,87.01317075124518,87.3507977037095,3477075
2023-07-14,86.58916473388672,87.32722863711523,86.39286810826654,87.1544858051321,3405529
2023-07-17,87.26441955566406,88.05744989431831,86.48709925362782,86.69909842908854,4557412
2023-07-18,87.20162200927734,87.80620705560585,86.77762359720731,87.07599424014379,4476718
2023-07-19,86.28294372558594,87.00530510664629,85.45065713384344,86.62842188687426,5604920
2023-07-20,87.34293365478516,87.81403956490512,86.3379117163902,86.40072183454525,5158852
2023-07-21,86.6284408569336,87.8454621995747,86.22800375561029,87.49998396263291,10277106
2023-07-24,86.56562042236328,87.13879282093777,86.41643136767551,86.68339690943843,6687261
2023-07-25,91.9911880493164,92.619326849017,89.21951855877158,89.90261621957522,21329067
2023-07-26,90.07535552978516,92.17177103676298,89.07818475544654,91.9754818917142,9449750
2023-07-27,90.62496948242188,92.0696923434749,90.2402349716829,90.73489470063153,7752311
2023-07-28,89.81624603271484,90.96259832399238,89.5257266977409,90.71134282163045,5600785
2023-07-31,89.6984634399414,90.09890046219478,89.29016764690884,89.85549624172893,5169252
2023-08-01,88.89759063720703,89.66705969827196,88.1516753728296,89.2666226366145,6595040
2023-08-02,87.9161148071289,89.11743339442181,87.88470974758906,88.70128633156133,5377375
2023-08-03,88.22233581542969,88.85833335510186,87.58634578174745,87.80619622711636,4347409
2023-08-04,88.77195739746094,89.40794739867887,87.78263794979092,88.58351202362401,6118274
2023-08-07,90.08319854736328,90.27948767443989,89.14883798307318,89.14883798307318,4140914
2023-08-08,89.15669250488281,90.16171448947861,88.81906558631091,89.81624381176601,4735463
2023-08-09,88.07315063476562,89.45506337383868,87.9239690908399,89.43150207238547,3900213
2023-08-10,89.17240905761719,90.32662027316915,88.29301468280998,88.29301468280998,5853515
2023-08-11,89.98114013671875,90.601427696415,89.07819198186716,89.14885337766069,4463437
2023-08-14,90.72704315185547,90.96259611785557,89.667054804855,89.90260777085511,4916020
2023-08-15,89.3922348022461,90.02822473184649,89.09387175092348,90.0203734676532,4276614
2023-08-16,89.17240905761719,90.56217327609849,89.09389639396792,89.29803682544679,4614924
2023-08-17,87.12309265136719,89.81624939627504,87.10739012013025,89.49432498794744,5734981
2023-08-18,87.77479553222656,87.88472076038008,86.38503140156517,86.6048818578722,5651281
2023-08-21,87.95538330078125,88.31656405342945,87.17021166771497,87.97108583272373,3686075
2023-08-22,87.67271423339844,88.76410765174555,87.02886545009288,88.0574487467456,3308421
2023-08-23,89.09387969970703,89.3215813936051,87.54708293777259,87.54708293777259,3568043
2023-08-24,87.18589782714844,89.47860967402288,87.17019529815472,88.88187604231643,4211960
2023-08-25,87.9161148071289,88.23018041450612,86.5420533803881,87.5078190091534,3903596
2023-08-28,89.47862243652344,89.72987794823803,88.05745328801962,88.37152643065788,3524313
2023-08-29,90.55430603027344,90.82126405155435,88.66203107438973,89.25091347779731,5833091
2023-08-30,89.75343322753906,90.75060402525092,89.47077264868898,90.17743160180439,6086573
2023-08-31,89.87120819091797,90.24809145830362,89.3608459021243,89.9654308842619,5218620
2023-09-01,89.6984634399414,90.65637779222497,89.14098610991122,90.31089962350097,4435119
2023-09-05,88.63063049316406,89.65920630536645,88.18307834276067,89.26662051858636,4406550
2023-09-06,88.47359466552734,89.56499566813031,87.88471970845454,88.60708119567983,5018014
2023-09-07,87.77479553222656,88.8426277383059,87.47642491124121,88.11241497656559,4139035
2023-09-08,87.71981811523438,87.96322233848659,87.32723235327681,87.54708278188964,3170967
2023-09-11,89.71417999267578,89.74558505674433,88.03390398114195,88.13597794535518,5272499
2023-09-12,90.29519653320312,91.72421678796458,89.51001751716275,89.70631414767014,5275255
2023-09-13,89.1959457397461,90.57785842666935,88.4421792774185,90.05179365720956,3508651
2023-09-14,90.80557250976562,92.03044505467656,89.76128658722433,89.80054291687199,6637768
2023-09-15,90.679931640625,91.00970727996567,89.66705092821927,90.62496528107359,8437076
2023-09-18,91.52791595458984,92.20316222126894,90.23237476590721,90.9076285385752,4700880
2023-09-19,91.24526977539062,91.61430177728619,90.46794193753226,91.09608071671725,3882045
2023-09-20,90.17742156982422,92.39161337180447,90.15386026921601,91.4965166343627,5134919
2023-09-21,88.71699523925781,89.77698362883532,87.98678251652461,89.4707692643291,5760292
2023-09-22,87.35078430175781,88.88187849881885,87.20945403091925,88.64632554542484,6249463
2023-09-25,87.7829360961914,87.97151705940136,86.92647987034248,86.99719960939376,4741101
2023-09-26,86.37646484375,87.95580987358477,86.23503286635649,87.21720730472393,6022043
2023-09-27,87.13079071044922,87.69651868149947,86.5493413967439,86.92649588124128,5912656
2023-09-28,88.27011108398438,88.78084064563812,87.0836417096193,87.2643657919411,5518337
2023-09-29,86.86363220214844,88.5922662952318,86.3607595610302,88.49797579717423,4924165
2023-10-02,85.4807357788086,87.37437268393347,84.93857102733892,86.78506643728898,5389278
2023-10-03,84.67141723632812,86.42362206943955,84.1056817615177,85.10357763580956,8624900
2023-10-04,85.52787780761719,85.81074931460657,84.35712973427785,84.83643165044643,4876551
2023-10-05,85.42573547363281,85.76360541211154,84.21569523732654,85.1507283775793,4819539
2023-10-06,87.58650970458984,87.92437959300382,84.82070278695014,85.13500192971944,5284026
2023-10-09,86.6357650756836,87.32721112918526,86.0700296579179,87.22506372625902,5418473
2023-10-10,87.59439086914062,88.78085289582485,87.09936755905503,87.38223909501717,5707039
2023-10-11,88.99298095703125,89.10298527313952,87.8536607342257,88.00294962344742,3580573
2023-10-12,87.47651672363281,89.37014604424337,87.02864249119928,89.181572559434,3861746
2023-10-13,85.94432067871094,87.58651368126931,85.37858520059666,87.45293860516024,4578337
2023-10-16,85.75574493408203,87.15436612818337,84.85214700826673,86.34505119500159,5616698
2023-10-17,86.44718170166016,86.97362501976654,84.90712880852838,85.44929346705649,4916647
2023-10-18,84.52213287353516,86.10147062719656,84.39641470697377,85.66145328853574,6080433
2023-10-19,84.03495025634766,85.72429186657155,83.81494164928216,84.60068560146038,5035055
2023-10-20,83.35137939453125,84.2628417587314,82.91922647226458,83.83853824121972,9714760
2023-10-23,83.83068084716797,85.09572696495201,83.44566942397876,83.66567809762746,7300229
2023-10-24,89.27586364746094,90.27375202118995,85.11143547492827,87.25650864177835,15904078
2023-10-25,87.3743667602539,89.83373148630761,87.28793318023479,89.83373148630761,8224191
2023-10-26,85.48859405517578,88.2544012447941,84.05068829275807,87.82224081991326,9738191
2023-10-27,83.56351470947266,86.3057506672048,83.07635595864838,85.83430574558251,6677237
2023-10-30,86.28219604492188,86.80863946711521,84.40427292215048,84.48284959423285,5611435
2023-10-31,85.3550033569336,86.23503036628395,84.93069992566342,86.04645690568988,6349452
2023-11-01,84.27069854736328,85.11929806971048,83.1549488536348,85.09572732130485,12703791
2023-11-02,84.6871337890625,85.82646169082491,84.35712830359289,85.55145461580298,9398127
2023-11-03,85.5828857421875,85.9993248294615,84.93071663785177,85.29215731245247,6941620
2023-11-06,87.83008575439453,87.9086624149424,85.28428758250023,85.8735937581319,6131806
2023-11-07,87.8458023071289,88.73368622394013,87.10719976557851,87.50007553551121,5237415
2023-11-08,89.45657348632812,89.61371929811443,87.9950971559597,88.16009988276576,6065021
2023-11-09,88.85941314697266,90.17945753658194,88.73369499136184,89.84944456133181,5786605
2023-11-10,90.57233428955078,90.80019987625423,88.9379981140325,89.36229411205852,4382618
2023-11-13,90.7687759399414,91.585947816956,90.13232816106886,90.47019058560872,5753776
2023-11-14,92.12809753417969,92.37167694290758,90.80805307536538,91.53879130154905,6007634
2023-11-15,91.38163757324219,92.32452746390268,90.92590645790415,91.90022400854906,5245309
2023-11-16,93.45600128173828,93.47172262488041,91.38950471291581,91.60951338020335,5825072
2023-11-17,94.23387145996094,94.35173268812592,93.45598434951592,93.76242654730105,5186418
2023-11-20,94.34387969970703,94.8703230354358,94.00600983005523,94.23387538141597,5190678
2023-11-21,94.20244598388672,94.4853099334776,93.53456317168684,94.13172624079367,3506019
2023-11-22,93.9745864868164,94.6738970025723,93.78600550068786,94.21030896378151,3773785
2023-11-24,94.26531982421875,94.56390517313993,94.03745423228716,94.27317674039625,1981995
2023-11-27,94.26531982421875,94.54032691321531,93.75459022711313,94.05316806464215,3984415
2023-11-28,93.3852767944336,94.37530815602538,93.15741124114804,94.26530383680509,4378107
2023-11-29,93.39314270019531,94.0531611676659,93.07098662636557,93.91172917545018,3792831
2023-11-30,95.70321655273438,95.73464421446631,93.42456836073137,93.54242960361759,10174611
2023-12-01,96.25323486328125,96.84254105734463,95.44392002191539,95.62463658201953,5668572
2023-12-04,95.4910659790039,96.18251961389639,95.20034508165149,95.7110746365962,4747116
2023-12-05,94.4696044921875,95.21605651700101,94.28102350145565,95.082481444979,3688206
2023-12-06,94.13957977294922,96.31608025328538,94.05314620369457,95.137467986687,3964241
2023-12-07,93.88030242919922,94.30459840998701,92.85097887285434,93.89601626055526,5064626
2023-12-08,94.7524642944336,94.93318836187598,93.48742586790095,93.58170884772376,4925418
2023-12-11,94.50888061523438,95.00389628238825,94.00600803345206,94.7524599914971,4643869
2023-12-12,96.11180114746094,96.23751178777911,94.76817854236806,95.06676384729683,4664543
2023-12-13,95.216064453125,96.14324063061795,94.69747795247596,95.96251654015423,5506309
2023-12-14,95.3496322631836,96.17466095853388,94.21031192957983,95.17677261328332,10454155
2023-12-15,96.82682037353516,97.17254717716085,95.72678464093956,96.18251576896392,13586279
2023-12-18,97.14897918701172,97.30612500715654,96.72468321920329,97.17254993332473,5206215
2023-12-19,98.95618438720703,98.98761956097769,97.19613013449622,97.19613013449622,5957138
2023-12-20,96.93682098388672,99.17618445074405,96.81895974878896,98.55545061560012,6231921
2023-12-21,99.7655029296875,99.82835825674935,97.58114510923444,97.61257277276538,5185165
2023-12-22,99.54547882080078,100.59837298828985,99.1447536387659,100.0955004042326,4030650
2023-12-26,100.15835571289062,100.34693668759115,99.50619423888347,99.63191238488692,2480063
2023-12-27,100.79521942138672,100.96032578160852,99.73380206425277,99.77311131285113,3314310
2023-12-28,100.88955688476562,101.58144467274431,100.48857253331252,100.6379626920657,3965494
2023-12-29,100.34705352783203,101.0153557814259,99.82027958674854,100.82665637548403,4441133
2024-01-02,99.02619171142578,100.75591141266958,98.46797031002497,99.8596004047276,5189425
2024-01-03,97.54020690917969,98.45223405395382,97.21784853488353,98.37361555981458,4531850
2024-01-04,98.01194763183594,98.88466552681031,97.6266944634336,97.72889850549487,4364199
2024-01-05,99.29350280761719,99.33281205101989,98.0669717362681,98.200630679945,4190157
2024-01-08,100.85810852050781,100.97605129185635,97.65814044657841,99.23846986035446,6920068
2024-01-09,101.25122833251953,101.25122833251953,99.81241976040802,100.06401396269011,4815028
2024-01-10,101.97456359863281,102.3440930531926,101.03894343057604,101.1883260789921,4571320
2024-01-11,102.07677459716797,102.36767804334825,100.48857586839132,102.30478325113978,5014005
2024-01-12,102.04532623291016,102.83942564825355,101.56572334711362,102.6821811415344,5640380
2024-01-16,100.6143798828125,102.09250531068828,100.04043480003833,101.58145502444452,6314619
2024-01-17,99.75736999511719,101.17259288801787,99.21487239583637,100.18193986943035,5031171
2024-01-18,101.07040405273438,101.16475377001498,99.67091205815686,100.00898664457299,6508082
2024-01-19,102.0610580444336,102.24974995037742,100.19767943707322,101.18833261257693,6154611
2024-01-22,103.1775131225586,103.99519812925837,102.41486858155969,102.4305922814431,10052443
2024-01-23,102.1711196899414,103.68855430451221,99.45861634446446,100.34705792242158,13333800
2024-01-24,102.1553955078125,102.51706311990442,99.41929911143201,102.42271341324822,10785198
2024-01-25,102.1553955078125,104.1760185292215,101.96670361060833,102.71362438242916,6086573
2024-01-26,103.14605712890625,103.97159640065682,102.51706408932253,102.62713749544426,4696495
2024-01-29,103.07528686523438,103.89297175538435,101.9666985364878,103.31115736208326,6126544
2024-01-30,105.30033111572266,105.57551838779649,103.16964219513959,103.37405779174713,7871346
2024-01-31,104.11312103271484,105.72489778880748,103.87725053025173,105.17453077769086,6253472
2024-02-01,106.46397399902344,106.50329076656399,104.15244720878766,104.59274088925514,6190572
2024-02-02,107.35240173339844,108.03642015200494,106.17304926530757,106.47967639734655,6103864
2024-02-05,108.27229309082031,109.00349013432829,106.73127299878671,106.91211055549492,7158013
2024-02-06,108.17008209228516,108.80693695235819,107.3838521025198,108.24870809770489,6026178
2024-02-07,108.89341735839844,109.15288092161268,108.4452694207185,108.98776706173926,5807655
2024-02-08,109.32585144042969,109.66393350019797,108.69686593162133,109.01135492797145,4327110
2024-02-09,109.5066909790039,109.62461871768312,108.66541298089278,109.2944060171648,4324604
2024-02-12,110.20642852783203,110.71748628791767,109.20791358662493,109.71110198168653,4516313
2024-02-13,111.46440887451172,111.48013257260386,109.04280904615884,109.93911245016801,9054930
2024-02-14,115.18329620361328,115.4977851969379,111.92042592219511,112.43147617342863,13116028
2024-02-15,116.65355682373047,117.06239553782294,115.41130946666136,115.57641581894501,8627532
2024-02-16,117.27466583251953,118.21814776436906,116.7636156248035,117.10955950088884,8616756
2024-02-20,116.85011291503906,118.20243361911551,116.22111989890803,117.16460190699654,7166032
2024-02-21,117.20391845703125,117.45551265658742,116.09532258985861,116.73217745383643,5302571
2024-02-22,119.24813079833984,119.70414060212481,117.8171840448036,117.8171840448036,5753024
2024-02-23,120.55327606201172,120.92281304994687,119.43682579709544,119.50758995812967,7066168
2024-02-26,121.68547058105469,122.00782899080635,120.73412656846624,120.81275258736181,7705449
2024-02-27,121.07218933105469,121.87414302797588,120.37243967142318,121.85841932993131,7300354
2024-02-28,122.34589385986328,123.36800195982241,120.93854009465547,121.20585801509864,7633025
2024-02-29,123.35227966308594,123.58028833785316,121.94491836576714,122.644668089555,8177329
2024-03-01,124.73603057861328,125.26281201881399,123.33653884143047,123.43874287390224,8698201
2024-03-04,126.59156036376953,127.18909098824895,124.68101068378306,125.30213437279383,8402242
2024-03-05,124.11490631103516,127.48785733223761,123.10852955997743,126.99253080531966,8003663
2024-03-06,125.40435028076172,126.567979204392,124.59452714406865,125.08985374255903,8198755
2024-03-07,130.90798950195312,131.08882707649482,127.03185710100139,127.40137906753372,14393838
2024-03-08,132.05587768554688,138.22780468312973,131.57627485331471,133.2745393877585,21242234
2024-03-11,130.95513916015625,132.41753315196658,128.1404170538436,131.3718471886807,9338609
2024-03-12,131.66278076171875,131.93009870004042,128.88736726173178,131.65491891153923,6928589
2024-03-13,133.7855987548828,134.48534842940703,130.1296133984697,130.1296133984697,8462887
2024-03-14,131.1045684814453,134.24950419150358,130.22398107103004,133.85638159066403,9460777
2024-03-15,132.7870635986328,134.05289628686666,129.64212898192812,130.23965949396137,13263757
2024-03-18,133.5890350341797,134.24947545060024,132.54334898234256,132.84211427826514,6228788
2024-03-19,136.3801727294922,136.74969466925145,132.87356254913814,133.51041742261634,9360787
2024-03-20,136.7497100830078,137.4180124282004,135.24014469300081,135.71188575640522,7229434
2024-03-21,138.88040161132812,139.20275248098758,136.08926458345272,137.29220274767715,7890893
2024-03-22,137.7089080810547,139.5565629797195,137.65387513430363,138.61308090654742,6842132
2024-03-25,136.40374755859375,137.99193114462193,135.85337306842555,137.3236439594853,6288181
2024-03-26,136.45095825195312,137.63031102714982,135.5467852855991,136.40378714738915,5056983
2024-03-27,141.61647033691406,141.80516973470176,137.33936916961235,137.60668705305525,12606433
2024-03-28,138.0076446533203,141.49853060346717,137.06416277664354,141.48280690767015,12122274
2024-04-01,137.87403869628906,138.40081274359508,136.0656928257067,138.06273814028165,7399592
2024-04-02,134.44361877441406,142.36422977053758,132.00044740214872,138.44333123217157,20490400
2024-04-03,143.4577178955078,145.743275974022,135.96071640291814,136.09863697439985,16208500
2024-04-04,145.20144653320312,149.7331484333182,144.03897523846442,144.47242917452957,11880200
2024-04-05,153.97915649414062,154.1466304170367,146.3245264207604,146.3245264207604,14777900
2024-04-08,154.19590759277344,155.60466693646268,151.41777331659972,155.1317984542992,9588800
2024-04-09,152.196044921875,155.5258464259348,148.68889331716605,153.81169261365935,8807300
2024-04-10,154.2845458984375,155.44701721851206,149.3981888297969,149.63463055370747,8075400
2024-04-11,155.33865356445312,156.08737819136743,152.45216740038143,154.73772568769587,6063200
2024-04-12,152.60491943359375,154.92413402458445,151.0258675367429,153.85827625305336,6851300
2024-04-15,151.68710327148438,156.61175840223066,150.6903359058113,155.14126639439564,6423700
2024-04-16,154.70704650878906,154.9636511548267,150.00938947028658,150.70021917316078,6187200
2024-04-17,153.6313018798828,156.6018766866907,151.61802489612728,155.93078937842415,6519900
2024-04-18,150.9370574951172,155.9307879138101,150.8778456812917,154.62806777382636,6186600
2024-04-19,146.1209716796875,151.51933657660643,144.857736042353,151.44038246690346,9566100
2024-04-22,148.2230682373047,149.920543795999,146.88087861087092,146.88087861087092,7322800
2024-04-23,160.49029541015625,161.50680514650406,150.81864995981613,155.76303270823485,19250900
2024-04-24,157.105224609375,160.21396568001788,153.52275885335305,159.75011967076597,10416000
2024-04-25,159.14810180664062,159.3652218479573,155.06232066570632,156.01961855906873,5908200
2024-04-26,160.223876953125,161.2305082316967,158.2105842780605,158.90141409442163,5898000
2024-04-29,162.3358154296875,163.89512527866992,160.86532331071464,160.86532331071464,5371700
2024-04-30,159.70079040527344,164.08263090928833,159.46392805683024,161.41799348987345,6723600
2024-05-01,157.60853576660156,161.16139551342934,156.7400706521214,160.4409599471682,4775800
2024-05-02,160.5100555419922,160.68770608112345,157.33222366348792,159.2764256220436,5030400
2024-05-03,161.9607696533203,163.13518748637546,159.88826582334588,163.13518748637546,3968600
2024-05-06,165.77024841308594,165.78011203080885,162.86874855296136,162.95756628934274,4831600
2024-05-07,166.56964111328125,168.56319123263572,165.0300734195266,165.61234311363356,4781800
2024-05-08,166.64857482910156,167.96115867882455,165.89853336881276,165.89853336881276,4878200
2024-05-09,165.306396484375,167.12229597190424,164.94124687518647,166.54988992625653,4968800
2024-05-10,161.24034118652344,166.53014594441262,160.97387295471842,165.71101401623886,5711300
2024-05-13,157.41114807128906,160.97387120993167,156.77953027386283,160.94426530215824,7768600
2024-05-14,157.9046173095703,158.7138857015816,155.9604155042296,156.56242746008064,6103500
2024-05-15,161.3291778564453,161.59564611954295,157.1446999998908,157.90462020111693,7133300
2024-05-16,159.00994873046875,161.77328261327665,158.98034281871023,160.8653328484463,4283200
2024-05-17,157.79603576660156,159.75997959782143,157.01638845088544,159.7007677838374,5946300
2024-05-20,157.1940155029297,159.30598875638742,156.7400482473111,157.82563324997437,5586800
2024-05-21,158.89154052734375,159.10866060731527,155.29921064821437,155.87161676277933,5071300
2024-05-22,158.70401000976562,159.62183844579573,157.63815201580715,158.38820859986575,4432200
2024-05-23,163.09571838378906,164.09250087062642,159.6316914284216,159.8685537642849,7411500
2024-05-24,165.1386260986328,166.9347833083777,161.70420485327156,163.65827029610287,5500300
2024-05-28,166.35250854492188,166.44132627620334,163.14507107101554,164.81294096688003,5749700
2024-05-29,161.4574737548828,165.23730219866576,161.25021732317396,164.41818526584797,4820800
2024-05-30,162.0496063232422,162.85887469438418,161.05283887340482,161.33903435895664,4384400
2024-05-31,162.977294921875,163.18455134834954,157.9737004253687,162.13842065803786,11704800
2024-06-03,159.3455047607422,164.605689112343,156.94732053675096,163.94446532948658,5220500
2024-06-04,159.26654052734375,159.85867377369647,156.27622320933946,158.89151226338382,5598600
2024-06-05,160.4212188720703,160.80611075931836,158.41780532319498,159.7106469173113,4279900
2024-06-06,158.51649475097656,161.0331026307989,157.6677568205765,160.17450108292556,3867300
2024-06-07,159.7994842529297,161.65486848010198,158.0033269117183,158.59546024069564,3341800
2024-06-10,160.70741271972656,161.7535283483302,159.44417704832324,159.8784171339226,4385200
2024-06-11,158.25990295410156,160.13501425696091,157.5197250620848,159.90803058658395,5106400
2024-06-12,158.94085693359375,160.8061044772287,157.09533662312901,159.1480982945773,5790700
2024-06-13,153.65106201171875,158.52636941463447,152.16082756828578,158.48688482782484,8080900
2024-06-14,153.8385772705078,154.54914924867313,151.21340941000585,152.20031326201794,6247400
2024-06-17,161.09226989746094,165.30635247252124,153.41416111867744,154.09512700993716,9564800
2024-06-18,162.80950927734375,163.0266293023062,160.2336899438856,161.26006319547145,5105300
2024-06-20,162.83914184570312,164.1221199144609,160.91468227204555,162.80953593372055,4957200
2024-06-21,162.089111328125,162.7601987906227,159.18761128494646,162.34570093573424,17195200
2024-06-24,158.43753051757812,162.60226578698666,157.1150830306171,161.95092071930662,5519000
2024-06-25,157.63815307617188,161.50681449195613,156.34531139837415,157.49012351724778,6825500
2024-06-26,158.53623962402344,158.9112679195212,155.4571043189713,156.4933564109279,3998000
2024-06-27,158.3980712890625,159.73039753844154,157.5098638287818,158.69414546214207,3339700
2024-06-28,156.8881072998047,159.50339649640136,155.8321129448663,158.16120664896965,8641200
2024-07-01,156.8881072998047,159.286276443217,154.00634984539846,158.56584084435488,4435100
2024-07-02,159.3356170654297,160.8061091631179,156.17752788615817,156.74007028599067,5247300
2024-07-03,160.86534118652344,162.33583346890154,159.4244548174384,159.7600135996915,2577300
2024-07-05,158.3980712890625,161.1021933167175,157.5690756516061,161.1021933167175,4668300
2024-07-08,161.38836669921875,161.63509263315126,158.5460791214503,158.69412371718337,3453300
2024-07-09,160.99362182617188,163.4115331260822,160.89492542251966,161.8324810213881,3829900
2024-07-10,163.5299530029297,163.8161635315656,160.4113334502978,161.01334535723652,3904600
2024-07-11,160.06996154785156,163.7869957804075,159.94144205163025,163.30260398901558,4553800
2024-07-12,157.1931915283203,160.44560937120931,156.98559937589127,160.0304099819047,5983400
2024-07-15,157.73690795898438,158.91331375268675,156.78788510796895,158.76503364610502,5383300
2024-07-16,160.98931884765625,161.997653698063,157.82586925474263,158.0532521876785,6500700
2024-07-17,154.87005615234375,160.09960765315904,154.72176095409603,159.80303234111054,6041200
2024-07-18,156.97569274902344,158.6068492522204,154.63277668968507,155.57191917576765,5274800
2024-07-19,157.3118438720703,158.60687387952902,155.81908692362282,157.83578707990554,5459800
2024-07-22,160.90036010742188,161.07831133912543,157.9445323753903,158.14224423382367,6350500
2024-07-23,170.0347900390625,175.17537369777253,162.73910643013065,164.10334387490914,16428000
2024-07-24,160.44564819335938,170.89487306364913,160.19850456246525,169.54053079337334,7335200
2024-07-25,162.7885284423828,166.27819452044753,160.06994911284846,161.43418647614683,8791500
2024-07-26,167.86981201171875,170.64770358875475,164.21208984532493,165.33906402814785,7297700
2024-07-29,167.9291229248047,170.7564462182999,166.47591739830327,169.29336037852792,4886600
2024-07-30,165.56642150878906,172.73358526900012,165.35882935061113,168.5321444440488,5329500
2024-07-31,168.25535583496094,169.78764913516642,166.040958886022,168.9176988569702,5568800
2024-08-01,167.8105010986328,172.70394126547362,166.2979835031447,168.7990754791844,6112900
2024-08-02,158.4486846923828,165.51698477402002,156.55062388131384,163.67825109079863,8210700
2024-08-05,156.5506134033203,158.07301105835876,148.4838441828543,150.7476875841212,7064800
2024-08-06,160.4159393310547,163.55959804012085,157.9346084400615,158.10266424358593,5056700
2024-08-07,160.27757263183594,164.37027005295639,159.72397338019812,162.5414013753795,4307500
2024-08-08,163.71778869628906,164.42956339152312,161.69120838581563,162.600694922071,3842700
2024-08-09,165.22042846679688,165.96185919574935,162.68968065881717,163.55961579003096,2770100
2024-08-12,164.96340942382812,166.8515901952861,162.73911696823743,165.71473564065252,3173700
2024-08-13,166.04095458984375,166.70329759471542,164.35048581289706,165.8432276521349,2942400
2024-08-14,166.0310516357422,167.24699380818365,163.72767169318445,166.57477052080034,4456000
2024-08-15,167.99830627441406,168.79904898345973,166.29795740000657,166.8219005327018,4162500
2024-08-16,167.48423767089844,168.38384380519983,166.93063853731144,168.10704423840633,3305600
2024-08-19,168.9770050048828,169.04621244934418,166.1002651343985,167.6720947176075,4506000
2024-08-20,168.04776000976562,168.95724660608533,167.25689750900358,168.95724660608533,2573900
2024-08-21,169.24391174316406,170.22260569933837,167.90934553141318,168.15648909852774,4102900
2024-08-22,167.74127197265625,170.0149957709595,166.84168086679747,169.77774760433567,2996600
2024-08-23,169.26370239257812,169.4218779097602,166.92078599655264,168.0576404718479,4058000
2024-08-26,169.26370239257812,169.96558173784638,167.64244105258055,168.591463986778,3707300
2024-08-27,169.03631591796875,169.54048335351746,167.6621983180732,168.74962093906086,3206000
2024-08-28,169.90625,171.19139953038848,168.34430088884423,169.24390706856076,4578700
2024-08-29,171.59674072265625,173.9594328603829,170.51919828108103,170.64770269158277,4262500
2024-08-30,172.62484741210938,172.8225743487993,169.8074195776471,171.97239980815388,5295600
2024-09-03,162.33377075195312,172.75333584471625,161.7307399061417,172.19973672418996,6099600
2024-09-04,164.459228515625,164.71625241473333,161.53304181943804,161.6319052876437,4112400
2024-09-05,161.9779052734375,164.10333398708187,160.65320424574782,162.89727213295117,3144200
2024-09-06,159.38783264160156,164.1428726849643,158.75514568315,162.6303551892216,3954900
2024-09-09,163.46078491210938,164.47901534880484,161.04866093547017,161.6220359040523,3716000
2024-09-10,165.07212829589844,165.81355900250796,162.37332474748476,165.53675941212944,3473200
2024-09-11,164.44935607910156,164.82500409049092,160.3764193282189,164.3406122926459,4258000
2024-09-12,167.76101684570312,169.0165101396212,164.33066361229362,164.60746314544107,5148500
2024-09-13,176.24302673339844,177.2711524628166,167.27666558798393,167.4743774330422,7360800
2024-09-16,179.3668975830078,179.44598532575557,174.24607560231317,176.6779746673621,6844600
2024-09-17,178.2696075439453,180.34560454906935,176.94492158575468,179.43611799190353,5936900
2024-09-18,181.4528350830078,183.6474714692068,178.36847268150075,179.12967919711528,5686500
2024-09-19,184.03302001953125,185.84211304158308,182.17449525895256,185.50598627026974,5021500
2024-09-20,185.28846740722656,185.69378647649103,182.21401592150977,182.8862391817518,9895700
2024-09-23,186.51429748535156,187.6116154800369,185.25880399417477,185.664123047267,3972500
2024-09-24,187.49301147460938,187.63141127774634,184.86340013055974,186.51431745528188,3648900
2024-09-25,187.16676330566406,188.69905639976272,186.0496695836435,187.66105042734455,3214800
2024-09-26,182.75119018554688,187.661787445803,182.6917902968272,187.51327261721624,4781500
2024-09-27,183.53334045410156,184.33526921541727,181.30575384742963,182.33538723197105,4452800
2024-09-30,186.7014617919922,186.8301716309227,181.26614499876155,183.23632704850337,5628400
2024-10-01,184.4441680908203,186.34504012091165,183.07791018205955,185.62231627512412,3794000
2024-10-02,184.5828094482422,186.32527204441894,182.88983669943437,183.7214806516649,2879800
2024-10-03,182.0581817626953,184.8500976238558,181.87007202792066,184.64218288889728,3999500
2024-10-04,185.2163848876953,185.29558977216888,183.01849844061144,184.72136568982575,3978300
2024-10-07,184.10757446289062,185.36491253806835,182.9591261251379,184.08776946209093,2514200
2024-10-08,185.60252380371094,187.9885202786194,184.7015851188102,185.75102353999608,3627200
2024-10-09,187.3944854736328,187.5330902589191,184.6421796609563,184.77088949971804,2312600
2024-10-10,186.24603271484375,187.85980026007752,185.52330885942243,186.27573266049203,2300900
2024-10-11,189.25576782226562,189.8596919260138,187.1766808797125,187.52320040573437,2983900
2024-10-14,190.7111358642578,191.99817392853842,189.7507972363138,190.0676017253277,3132900
2024-10-15,188.67164611816406,192.39418547763984,187.8697022352926,191.9189712226999,3824300
2024-10-16,190.26559448242188,190.3052044828072,188.02811287789513,188.6023370291713,2912800
2024-10-17,190.7012176513672,192.85950951176972,190.28540327975696,192.1565755053975,2633300
2024-10-18,190.6913299560547,191.51306378362455,189.2359720466802,191.1764542947761,3075900
2024-10-21,192.295166015625,192.4535757949857,190.1071894770089,190.98832310286926,4728800
2024-10-22,174.90020751953125,183.15712510116526,173.99926884610701,182.66210584413508,15636200
2024-10-23,179.88009643554688,183.13731643460943,177.83070950121163,177.90991439356546,9788600
2024-10-24,177.9495391845703,180.39493567715118,177.84063433688004,180.08801102872235,4366800
2024-10-25,177.31591796875,179.61279964793945,176.52388407335053,178.20694665933064,3974900
2024-10-28,173.61314392089844,178.7811458600117,173.46464419549378,178.1871167448172,5687400
2024-10-29,172.31619262695312,173.15771623260048,171.0489446387414,172.82110679034156,5219300
2024-10-30,172.9003143310547,174.7714863975789,170.7915275980493,171.25684687816585,3694000
2024-10-31,170.06881713867188,171.89048440464148,168.73225908309828,170.28662682338444,5177100
2024-11-01,169.98960876464844,173.52405348868538,169.88070392452096,171.03904716581013,3984900
2024-11-04,170.04901123046875,172.9399219041074,169.7421017055,170.58364049255988,4197400
2024-11-05,173.51412963867188,173.72204435576106,170.05890518959532,170.6430242371119,3607300
2024-11-06,178.9593505859375,180.24640363402506,176.7218690548355,179.69198450113524,5939500
2024-11-07,177.06837463378906,179.21675615808743,175.00909294023973,179.21675615808743,5084200
2024-11-08,182.96900939941406,184.56297195934042,177.6624025328383,177.8604072078353,4676500
2024-11-11,182.72149658203125,185.60251213921345,181.87006289833167,184.77088345470358,3371900
2024-11-12,180.82061767578125,183.85013284485908,178.79103587937934,183.2264189085585,3158000
2024-11-13,181.73147583007812,184.44418692551318,180.93944195996377,181.12755170362976,3934800
2024-11-14,176.62286376953125,181.9690807763519,175.72194020848698,181.17704694866117,5085600
2024-11-15,175.16748046875,176.1476238874272,174.1378472173084,174.98928081451044,5302100
2024-11-18,175.75164794921875,176.791191449989,173.38545641463742,175.23682367237063,2833800
2024-11-19,175.7912139892578,176.10803352509558,173.9497419808649,174.74177571367238,3216000
2024-11-20,176.20704650878906,176.76146564701062,174.24677452528044,176.32586140039976,3225400
2024-11-21,176.9198760986328,179.13756776667253,175.57342314067807,176.63277158196675,4532000
2024-11-22,179.345458984375,179.9295931504136,176.99907269453826,177.51389691789228,3405200
2024-11-25,178.41485595703125,181.8700808710734,177.76142688029122,180.4246330299341,9740700
2024-11-26,182.7611083984375,183.08780780098274,178.62273972033492,179.06825401241213,3918900
2024-11-27,178.8009490966797,182.85020270854073,178.64253931995077,182.80069776496447,2726200
2024-11-29,180.34539794921875,181.14732663337406,179.32565960926974,179.6424640406506,2054700
2024-12-02,178.64254760742188,179.8305907744282,177.6327041174117,178.99896206820262,2817700
2024-12-03,178.9197540283203,180.42461673700623,178.11782528236958,179.19696359218506,2882300
2024-12-04,180.8305206298828,181.07803024755677,176.22684778386235,178.701943960602,3713400
2024-12-05,171.1875762939453,178.96928021886328,170.9895715972207,178.53366082199514,7547300
2024-12-06,173.83096313476562,174.07847276188994,170.72224282235572,171.57367654393494,6899600
2024-12-09,169.61341857910156,174.61310137579423,169.06889433295768,173.256753340955,6500800
2024-12-10,169.56390380859375,171.4350760320429,168.91047475106188,169.30648412162046,5100300
2024-12-11,166.9600830078125,171.444955961762,166.25714906383476,171.444955961762,7606400
2024-12-12,163.18804931640625,167.59371766185663,162.8118298486637,166.96009362011532,7808600
2024-12-13,164.3562774658203,166.19774958507244,163.89095818628758,163.99986301993965,4957100
2024-12-16,164.13848876953125,167.5145239372944,163.80187927952286,164.6632231127429,7436000
2024-12-17,164.14837646484375,164.85129529783438,161.90098497489063,164.14837646484375,4855100
2024-12-18,158.35665893554688,164.97012413319734,158.01015451612597,164.3463950287351,8059100
2024-12-19,163.15834045410156,164.1186789642815,160.56442942861082,161.4059681583274,6257600
2024-12-20,166.69277954101562,167.3957135319855,161.53468734990136,162.33661612806313,9281500
2024-12-23,167.33628845214844,167.64319792779065,164.89089248541742,166.4452448608015,4127700
2024-12-24,169.7816925048828,169.7816925048828,167.16799170466774,167.5541060806045,2235700
2024-12-26,170.43511962890625,170.9499438724535,168.43525276047487,169.31638641032905,3309700
2024-12-27,168.66006469726562,170.03845947891747,167.56924215146967,169.29472096080175,3188400
2024-12-30,166.6966094970703,167.81716531058754,164.62404653260782,165.804114141609,4117500
2024-12-31,165.39752197265625,167.1428380323713,164.76286571405043,167.09325243860232,2806900
2025-01-02,167.18251037597656,169.27489549132125,165.82395276360677,166.51810573593443,4148000
2025-01-03,170.52438354492188,171.18878817550402,167.58908870621607,167.80725322746986,3975500
2025-01-06,171.0102996826172,172.23002680176538,169.75089802952854,171.70445271256327,4980300
2025-01-07,170.8714599609375,172.2498548795102,169.35423444378196,170.78221496143433,6496400
2025-01-08,171.44662475585938,172.13086670201028,169.28483178012542,170.56405553885043,4527700
2025-01-10,170.25662231445312,172.01184943674403,169.31455656038014,170.96068629776502,5131200
2025-01-13,170.1376495361328,171.07971540394496,167.58909800167413,168.09483480277734,5610800
2025-01-14,175.38348388671875,176.41479478297174,170.9607115643353,171.66479078310297,6432700
2025-01-15,178.78480529785156,179.36989106169892,177.38658847191948,177.5750046389722,7397000
2025-01-16,178.2394256591797,181.35321040757506,177.1287658169334,180.1632166386398,6144700
2025-01-17,181.32347106933594,181.66062892593612,178.45759902543426,179.27074533437587,5899100
2025-01-21,185.93463134765625,187.73944409900903,182.96958831246198,183.35633174040913,7508400
2025-01-22,186.78746032714844,187.66011841062374,185.05207035840075,186.50979914266077,7457800
2025-01-23,199.12359619140625,205.91639893119796,196.44614054464898,199.71857792879734,14403500
2025-01-24,195.107421875,201.30524340851335,193.88769483399665,200.80941768583227,7835700
2025-01-27,192.8365478515625,194.98842968482475,191.1309061450449,192.71753938807035,7674800
2025-01-28,192.8067626953125,194.90907382461506,190.18880376402504,193.66950965011534,4858800
2025-01-29,197.4378204345703,198.2708040661224,193.30262034860593,193.30262034860593,5595800
2025-01-30,203.85379028320312,204.21077026932878,197.81462161744633,198.14186840279473,6282100
2025-01-31,201.8704833984375,204.151269520519,201.37465769687205,204.12152118893704,5507800
2025-02-03,202.4059600830078,203.0207790853392,197.30887268808914,198.33027238033597,4678300
2025-02-04,200.4920654296875,202.83236325304077,198.75667554338654,201.2358039523879,5413800
2025-02-05,202.87203979492188,203.5661927300528,200.10532398942988,202.177886859791,3239400
2025-02-06,204.3396759033203,204.37935043112563,202.35637319222312,203.28852788746264,3113200
2025-02-07,203.56619262695312,206.10481772065992,202.79270576657055,204.7561712482033,3954400
2025-02-10,203.50669860839844,204.93467902500245,201.7018858231352,204.4190160675845,3787500
2025-02-11,207.07666015625,207.40389181454162,202.73322202394183,203.288544407152,4110900
2025-02-12,207.88980102539062,209.6549393250034,204.4190210897521,204.9743434584303,4595200
2025-02-13,206.62049865722656,209.53595636848289,204.54795073890367,209.35745123748737,3763300
2025-02-14,206.53123474121094,207.4138038538641,203.25878219908833,206.9179781696455,4268500
2025-02-18,208.32614135742188,210.41852655156254,207.572491692142,208.1178878921811,4396000
2025-02-19,208.7425994873047,210.0119119458843,207.13612921690822,207.29478192568212,2699100
2025-02-20,206.99729919433594,208.52443554873898,205.4205621169234,207.97902430381,2969100
2025-02-21,198.1616973876953,207.37413206432996,196.7833025726191,206.62048246166788,5419500
2025-02-24,197.0510711669922,201.55316220366362,195.7817433586709,200.93834313148665,4299100
2025-02-25,197.6063690185547,198.40960419211726,193.21334566378576,197.3187816530824,4121400
2025-02-26,199.92684936523438,202.8918926469333,198.32037885888127,200.0755910301188,3157400
2025-02-27,199.7483367919922,203.7546169727818,199.4211051414413,202.71337996319343,3480200
2025-02-28,205.25201416015625,205.58918715511652,199.35169102225697,200.26400854616037,6117400
2025-03-03,200.27392578125,206.73948209145897,199.13351757886122,205.36108723433838,5376400
2025-03-04,197.1105499267578,201.3448904438128,191.64654111426404,196.3469741239285,6164200
2025-03-05,200.80941772460938,202.76297228286202,197.03122813807408,197.20971813520163,6221200
2025-03-06,194.4132537841797,198.5484381742799,193.6496779937864,197.33862229442528,5621400
2025-03-07,192.23162841796875,194.11576001046586,186.11312601286306,193.44144432688566,7681300
2025-03-10,190.87051391601562,190.95994010877695,186.68790277175316,187.96950639308469,6195000
2025-03-11,190.47312927246094,192.42037370923856,187.09524760728644,188.69476224343498,5356700
2025-03-12,193.7318115234375,195.96717857947718,191.17851832062007,193.65232998674307,4735000
2025-03-13,191.1685791015625,194.34776461006504,190.4234567874032,193.28473132483163,3837200
2025-03-14,195.82809448242188,196.41425377542052,192.34092724692366,194.09940512591962,3263200
2025-03-17,200.71607971191406,202.27587636162067,195.05315317261892,195.71879395219332,3733000
2025-03-18,199.48414611816406,200.6664093227062,198.22241653779218,200.48758723776007,3983100
2025-03-19,204.23306274414062,205.47493324729984,200.0107030333992,200.0107030333992,3564000
2025-03-20,202.60372924804688,204.82916681363676,201.78907001999508,203.6667777548651,3970800
2025-03-21,202.8024444580078,202.981266550595,199.51397348374698,201.28239603280298,7976300
2025-03-24,208.8627471923828,209.5085289582092,204.26286909697035,205.57427648250393,4043900
2025-03-25,210.75038146972656,211.37627384953515,208.882603517067,209.39922585367407,4315200
2025-03-26,206.0213623046875,212.81688981835438,205.34579196799297,210.90936321692107,4791100
2025-03-27,204.54104614257812,206.33927222267275,201.48107537463702,205.01792017563778,3301900
2025-03-28,198.580078125,205.51467920077806,198.29195566101833,204.26287911326432,5178400
2025-03-31,198.8483123779297,200.25909070553243,193.18538553165905,196.245356477963,6923100
2025-04-01,202.46463012695312,203.17001926011304,197.17923701987732,198.26214448668756,3854000
2025-04-02,198.47079467773438,200.87505432351267,197.13949788250744,198.1826722111829,6026500
2025-04-03,186.4097442626953,192.88733021912722,185.50565885248668,188.60536293371308,12750500
2025-04-04,165.7251434326172,181.96881675128333,164.34418394822046,178.51143812711706,18167100
2025-04-07,166.60935974121094,174.1996723822149,158.3236025832734,162.14857016573833,18545500
2025-04-08,168.26849365234375,177.1901029409632,165.27807471056676,174.85538015350141,11903400
2025-04-09,186.0520782470703,187.88010801596744,164.62235325685424,164.73163846910094,12548600
2025-04-10,180.3295440673828,184.20418950902868,174.81565062584065,180.71700709559204,8150900
2025-04-11,180.48849487304688,183.0517174852017,173.9115533482446,177.84579072723386,6491100
2025-04-14,184.79034423828125,186.38987416844634,182.634458707981,184.14457759374292,5319100
2025-04-15,184.4624786376953,187.214467968089,181.10445588420885,182.68412671459976,4999300
2025-04-16,181.263427734375,184.67112850596064,180.1010386848091,182.87290232262654,5128000
2025-04-17,180.6077117919922,183.04179020618682,180.40901553520456,182.19731216539856,4932000
2025-04-21,177.19009399414062,179.61421254438898,174.8752454977998,178.12396790241826,8501600
2025-04-22,187.9496612548828,188.76433566433568,180.91571935053472,185.2870979020979,13041000
2025-04-23,192.42039489746094,195.74861423721717,191.31762833532258,194.66570669020587,7235700
2025-04-24,196.12612915039062,196.41423643793306,192.78798061978662,193.06615840070762,5906300
2025-04-25,197.13949584960938,198.68936306570242,195.9771068072043,197.4077441392576,4390600
2025-04-28,199.55369567871094,200.1696586208675,197.30839918024296,198.202539913022,3416900
2025-04-29,199.196044921875,201.1134858582531,198.35156684716296,199.18611541448018,3444200
2025-04-30,200.22927856445312,200.71609730841112,195.57972220653357,197.30841157936584,4436300
2025-05-01,202.2858123779297,203.9052164391807,199.55369714600712,200.93465660230586,4687600
2025-05-02,206.3491973876953,207.3625679512336,204.22311571724563,204.97818267655143,3831700
2025-05-05,207.58114624023438,209.15087241674274,204.31253450042848,204.9682457816698,4466500
2025-05-06,207.24337768554688,208.46537414602395,204.580799160459,204.68015487510584,3169600
2025-05-07,208.5547637939453,209.26015291263002,206.86582293512473,207.5413932148321,3968300
2025-05-08,213.0950469970703,215.39002124158046,209.1409204342479,209.62773912472503,5870300
2025-05-09,213.56199645996094,214.71444078237502,211.34648853526215,213.81037056420098,3778200
2025-05-12,217.52603149414062,218.5493315627733,209.77675662252622,217.91349447974375,5468000
2025-05-13,220.13894653320312,222.09613576423024,217.87377582635347,218.5692203136226,7188700
2025-05-14,221.78814697265625,221.89743218559036,219.01628346257831,221.4900950137857,4764700
2025-05-15,227.88821411132812,228.59358808154283,221.99677244636857,221.99677244636857,7207700
2025-05-16,230.27261352539062,230.8091101153471,226.10986083774773,227.58024654688128,4651700
2025-05-19,233.75978088378906,234.33601066324533,227.43121313627017,228.00744291572644,4734400
2025-05-20,233.72996520996094,234.54463956104783,232.2794689081244,232.63712823014137,4311000
2025-05-21,232.02114868164062,235.75670494589738,231.14688213516655,233.3325712406803,4631000
2025-05-22,228.7724151611328,230.9382299881563,227.92793717618048,229.68643000956442,6909400
2025-05-23,231.27603149414062,232.17018739320537,226.52711968475802,227.35172355586707,4234200
2025-05-27,240.2075653076172,240.70431352194507,233.57101644078213,233.8889274149847,7162400
2025-05-28,242.08526611328125,244.40011454580852,240.02873644702137,240.2075585225431,9570500
2025-05-29,242.57211303710938,243.347039106992,239.91947915796436,242.93970189705135,5243700
2025-05-30,244.3107147216797,245.25453331365276,240.72419194453988,241.80709943259788,9143000
2025-06-02,245.87049865722656,246.4864767683699,242.9198129704901,244.25110974263336,5450800
2025-06-03,247.25144958496094,248.87085360317607,242.5919489422713,245.89036433846738,6456200
2025-06-04,249.24839782714844,251.41421284284567,248.0959382902099,248.35424191350177,5811500
2025-06-05,250.2816162109375,251.36452367002823,248.4833901169579,250.83797178039504,4188200
2025-06-06,253.9674835205078,255.79551321457777,250.4306388464654,251.35458319982465,5796700
2025-06-09,249.7749481201172,253.65952290881734,249.5066998318081,252.36797448163063,5771600
2025-06-10,240.42613220214844,249.61597403218926,238.1907652705169,249.1490295048176,11230900
2025-06-11,243.9232635498047,245.35390092726948,236.9588434219453,241.0619887948751,6940800
2025-06-12,238.42921447753906,241.84682947395848,237.12772141593325,238.43914398443283,8946600
2025-06-13,235.06124877929688,236.45213764278674,232.18010019127982,233.47164851283563,7420300
2025-06-16,235.0016326904297,238.379529559164,234.53470332742012,236.05475161250732,4505600
2025-06-17,234.21676635742188,237.4158258423849,233.3524293771699,235.19038854341673,5720500
2025-06-18,234.3558807373047,237.96227775961765,230.72962470055165,234.42543276650386,7761100
2025-06-20,237.81324768066406,239.2339555307135,234.97184714011843,238.16097751265224,9142100
2025-06-23,246.19834899902344,246.8441307771566,237.06811434076982,237.6840924386333,8052000
2025-06-24,247.13223266601562,247.76806976377927,243.97292135012657,246.76464384436306,5255700
2025-06-25,248.27474975585938,249.3576723769329,246.86398665598227,248.45358699475912,5197400
2025-06-26,249.36761474609375,253.81847470087106,248.37411827300173,249.5464368346648,6790300
2025-06-27,252.85476684570312,258.85547851549063,250.14252588041518,250.21207790597364,26988000
2025-06-30,255.71609497070312,256.2128432523332,252.21896766379763,254.64310170368114,8135800
2025-07-01,247.40048217773438,254.08670882411062,245.5029003816547,254.08670882411062,7178300
2025-07-02,243.1582489013672,247.50976807392746,242.07534144138606,246.38711226777963,6228600
2025-07-03,245.2744140625,247.08256976007686,243.40663584252889,243.95306193449417,3089500
2025-07-07,247.3936309814453,248.1796478213088,245.23459724158542,246.26935089730867,5336400
2025-07-08,245.80172729492188,248.19955387098332,242.11046622518103,246.74692416971774,5994500
2025-07-09,249.06515502929688,250.44813114458913,245.5728955334212,247.7319293144636,5589500
2025-07-10,251.29383850097656,251.4032681259183,245.50323812011143,249.34373517780918,5462500
2025-07-11,254.12942504882812,255.58205471534734,250.12973284861675,250.22923364640076,7867200
2025-07-14,261.01446533203125,261.13385414728003,254.7065032315433,254.89554564348097,7502200
2025-07-15,263.33270263671875,263.7207162761735,260.41748411119335,262.58649219746377,9392400
2025-07-16,264.8350830078125,265.51163993053575,260.70605750514795,262.666105033761,11912900
2025-07-17,258.96484375,271.4215711738636,256.8555606439295,268.4367297150746,16260200
2025-07-18,261.93975830078125,268.33729235867764,261.2333542368941,264.0590008558239,8619800
2025-07-21,261.5318298339844,264.9047157183996,258.2684039403268,262.35765308741713,5208500
2025-07-22,257.6913146972656,260.17868259974887,253.37324766216003,259.4125842166,4751300
2025-07-23,261.8502502441406,262.3974895338422,258.63658956489667,259.21364569876886,4689800
2025-07-24,266.6558532714844,268.4765935913313,261.85024049032575,262.22832534753803,5206700
2025-07-25,270.2177429199219,271.4514678983585,266.9045816560888,267.4716785605547,4598400
2025-07-28,269.24267578125,272.0583936594587,266.08870982614127,271.9787808715205,5006400
2025-07-29,268.9442138671875,272.416570378103,267.76022409990316,271.351999797225,4125300
2025-07-30,272.16778564453125,272.24739842145806,268.1482209476873,269.5511000980875,4697000
2025-07-31,269.7102966308594,273.55080893953254,268.51637810700805,271.6902623749102,4524000
2025-08-01,268.0188903808594,269.18296163953005,260.3876317467898,264.18833746260293,4416300
2025-08-04,274.83428955078125,275.4511519870848,268.8546468673852,269.14319007137186,3744000
2025-08-05,270.74505615234375,275.6004038655899,267.26274058003486,274.8641525751554,4000600
2025-08-06,270.9042663574219,273.6602596177831,268.54624596895854,272.1181033529099,3576800
2025-08-07,270.6455383300781,271.49124955999173,267.37218375958065,270.57591509918046,3050400
2025-08-08,273.6204833984375,275.7795021677882,271.20273823562303,272.19768559638135,4467300
2025-08-11,273.80950927734375,275.01338700935304,271.172874639982,273.7597436942833,3360100
2025-08-12,278.2171325683594,279.12253830121296,274.30699676684293,274.6452752225162,3630100
2025-08-13,267.50152587890625,280.07767476609547,262.7456788327597,279.5802010986601,7599600
2025-08-14,268.3373107910156,272.7747674429934,268.11842116082573,271.61066569075984,4481700
2025-08-15,266.49664306640625,268.3373016626534,263.86996759348193,267.5612439753589,5203300
2025-08-18,267.0935974121094,268.247709485069,265.1633973469149,266.54635821476785,2697000
2025-08-19,264.5863342285156,267.6010234016487,262.46709157310255,264.96441906926873,3404900
2025-08-20,265.09375,267.58111814640193,262.4770338518443,264.1186907557934,3854700
2025-08-21,267.3522644042969,270.54606690687586,264.7952730732292,265.7902203133991,3266400
2025-08-22,265.18328857421875,270.9738888399711,265.0240933710656,268.36713191052127,5229300
2025-08-25,265.26287841796875,270.5460763826219,265.21314319957037,265.6509224296485,4301600
2025-08-26,272.5558776855469,273.3120473828287,266.0688319372664,266.62600002051096,4693500
2025-08-27,271.9688415527344,273.31202643608583,270.85450547164845,272.31707916891895,2705700
2025-08-28,274.60546875,275.27209683475286,270.7550273615381,271.1231530230978,3388100
2025-08-29,273.80950927734375,274.88403900213063,270.26749931618946,274.6054549724909,5037100
2025-09-02,273.9985656738281,274.1875777362795,266.65584936242556,272.51607347315564,4081200
2025-09-03,274.5357971191406,275.9187884199974,272.2175833045031,274.51590910425386,4120400
2025-09-04,280.8437805175781,280.9333221364171,274.43631708688605,274.43631708688605,4591300
2025-09-05,277.81915283203125,282.9729726946539,270.48636553252715,280.8437708421132,4952600
2025-09-08,274.6551513671875,281.4904638614888,274.0979833866688,278.5852047944604,5008600
2025-09-09,274.84423828125,275.67999038741937,271.91909072796585,273.98859815947515,3073600
2025-09-10,281.97802734375,282.05760977051693,275.49098166215146,276.1476201822816,3206400
2025-09-11,280.13739013671875,285.46036484921314,278.1773425258394,282.29643937481455,4016800
2025-09-12,280.2666931152344,282.0973924105422,279.2817050546007,280.13734511467027,3249700
2025-09-15,285.3309631347656,285.65928235816637,280.1970318252057,280.56515743923615,3716600
2025-09-16,291.4897155761719,293.2507613897994,287.38057831432536,288.4053728324333,5538400
2025-09-17,288.0372314453125,291.23100364456576,285.05238966867716,290.614141202202,4149600
2025-09-18,295.5888671875,296.14603520396946,288.74362542701317,289.24109903910227,3977500
2025-09-19,299.6184387207031,301.4988732924955,293.8676142887146,296.28535925727823,9652600
2025-09-22,299.4990234375,299.6283714438302,294.852636579124,298.58368893073254,4192800
2025-09-23,304.0857238769531,304.2250006988737,299.6283493980415,300.12582300831997,3637400
2025-09-24,298.78265380859375,305.6975494983349,297.2803040741063,305.3493118802578,5645500
2025-09-25,295.6784362792969,298.7229726392212,293.38011040687127,296.99177402450647,4504500
2025-09-26,293.4895324707031,300.4740508002096,291.2707893104681,298.4145028336728,3817600
2025-09-29,292.5033264160156,296.7868148609162,288.5485583622714,295.22283176247646,3860800
2025-09-30,299.665771484375,300.3132713770274,292.78228126447715,293.5791995322827,4112400
2025-10-01,299.72552490234375,301.0703510171771,293.89796533838717,295.2427914532205,3633300
2025-10-02,298.301025390625,302.27570607085073,295.66116909474846,301.150037005904,2508200
2025-10-03,295.86041259765625,301.58834987858734,294.3263130572371,298.3109650787543,2817000
2025-10-06,297.07574462890625,298.14164638364946,293.6190576451895,294.66501668271434,2759800
2025-10-07,300.58221435546875,301.57837735700525,296.74701111993903,296.92631316409984,2578800
2025-10-08,301.3990783691406,303.5009981319476,298.4404730085566,302.2358516508586,2658600
2025-10-09,298.201416015625,302.8335681322886,294.96388609315807,301.548509281697,4292500
2025-10-10,290.3715515136719,298.84890861624046,290.3715515136719,297.8527455875197,3380000
2025-10-13,296.3883972167969,296.4381932101394,291.9953144268414,294.86426893460697,2604100
2025-10-14,298.9285888671875,301.13013105331567,290.8895763140492,293.7087043146322,2516500
2025-10-15,298.9684143066406,303.7798982927733,294.5853034856599,300.3829790463812,2773000
2025-10-16,298.68951416015625,301.8871889196472,296.6175084693959,300.5125094981572,2623100
2025-10-17,298.9884033203125,301.7975601193664,296.19912843832566,297.02596082424276,3949300
2025-10-20,301.51861572265625,304.2580640287935,300.51251174436686,302.6940807906284,5058700
2025-10-21,305.4534912109375,315.31549965921,301.8672980296153,306.1209034527274,6726600
2025-10-22,296.74700927734375,307.8143655634621,293.66883886928497,306.4197434500671,5212200
2025-10-23,305.2143859863281,305.91168182279085,297.5339476240482,298.00214543445765,3091000
2025-10-24,302.70404052734375,309.109361206569,302.40520379288597,308.00363488859364,3586800
2025-10-27,311.6396484375,312.12775860936404,303.33165215462355,306.3101699796454,4244400
2025-10-28,308.6013488769531,315.4549552830748,308.2626570999682,310.90248300917654,3058100
2025-10-29,313.0740966796875,313.9108699255854,307.8342697346205,308.8105203884087,3596800
2025-10-30,309.5576477050781,313.6319506672014,307.31628098798586,309.21895593810865,3782000
2025-10-31,307.7645568847656,313.71165093783196,306.00132899938365,310.54382963885854,4023800
2025-11-03,307.43585205078125,310.49408007377417,305.1048340373115,307.91402128450017,3297600
2025-11-04,303.0328063964844,308.0435052298028,301.9071373066115,304.64658564372456,3938200
2025-11-05,303.93927001953125,307.3561321203847,301.3392992529189,302.28566623721156,4711100
2025-11-06,304.09869384765625,306.84811368890945,300.2834026104037,302.5646245859433,3467800
2025-11-07,306.0909729003906,307.73466605711906,296.55771675395823,302.8634147317226,4766500
2025-11-10,310.74310302734375,312.5561270673319,307.7347015723455,308.75077693517665,3716400
2025-11-11,309.52777099609375,311.52009701167094,305.8718393812973,309.30861391836095,2682200
2025-11-12,307.83428955078125,311.25115185875245,300.841236002448,309.5875462172283,3884500
2025-11-13,303.0029296875,310.1852567988789,301.4190036782936,308.79063460256515,4153300
2025-11-14,303.6504211425781,305.6228044794453,295.1132967063002,299.8151874090832,2803300
2025-11-17,298.9784240722656,307.6350834960051,297.4044694131399,305.6427573759359,3076600
2025-11-18,294.8742370605469,299.92476066938207,292.6228988172364,294.6949046054144,4053600
2025-11-19,299.665771484375,300.5125161442204,294.3661768420668,294.72478094243434,2952600
2025-11-20,289.5048828125,305.90171708873635,289.36543580238043,304.2281705644107,3733900
2025-11-21,286.3370666503906,290.59067129281834,282.9501188676198,289.5048573789568,5604100
2025-11-24,292.92169189453125,293.688756792505,286.2673309434586,288.36925049445733,11909200
2025-11-25,292.3140563964844,294.8443187835838,285.1117873751476,293.36001532633674,4693100
2025-11-26,295.48187255859375,297.46422725654367,292.3339937414452,294.07727904078337,4113700
2025-11-28,297.30487060546875,297.53396864770997,294.12710808483763,295.87039339989616,1376400
2025-12-01,287.3432312011719,295.2627088574877,286.92482936249746,294.6152089837737,3756300
2025-12-02,288.20989990234375,290.87960957078144,287.35318387412354,289.68420175481765,4255800
2025-12-03,287.383056640625,288.23977263632486,283.40837596421966,286.93480152701676,4059500
2025-12-04,290.7401123046875,293.40985219135916,286.55624603539286,287.7416824118134,4195300
2025-12-05,282.85052490234375,292.1546836825195,281.0673846186308,290.55087584333165,5220300
2025-12-08,286.08807373046875,287.73173671142,282.21298480643196,283.90647418103885,4333200
2025-12-09,284.21527099609375,289.3355635506143,283.6773344490099,286.0980337106458,3553400
2025-12-10,282.5118408203125,284.7830913081285,280.230618974062,284.3547485022053,5807400
2025-12-11,287.3133544921875,288.24971977195406,278.5670443047041,280.9976541294882,5971500
2025-12-12,298.6596374511719,302.84353436340643,289.58460678361917,289.8137048256359,9381900
2025-12-15,299.82513427734375,306.87795455519193,298.7592326295556,298.8488836465919,6808600
2025-12-16,297.5837707519531,300.24350881986334,295.72092048806775,296.5178690930542,5271300
2025-12-17,291.05889892578125,300.0741923433865,290.50105007612956,297.97227259876706,3802500
2025-12-18,300.5324401855469,301.15005642726396,294.28650865660484,294.8642698632318,4495100
2025-12-19,306.0312194824219,307.24653952970755,302.47494076086883,303.0626732689153,8856400
2025-12-22,313.52239990234375,315.1859751303535,304.75614703926016,308.4618747094605,6959900
2025-12-23,314.3193054199219,316.53078846249264,312.9545669946406,313.7913402539266,2724800
2025-12-24,315.5346374511719,315.943067938551,313.9108868600373,314.7775438257391,878500
2025-12-26,313.9308166503906,316.8395955327333,313.3331127812644,315.385206091562,1882300
2025-12-29,310.73944091796875,313.15292590402623,310.41034454658654,312.4947027260106,2773200
2025-12-30,310.9488830566406,312.0857918172751,309.7221903087522,311.0984723099807,3155100
