Price,Close,High,Low,Open,Volume
Ticker,KO,KO,KO,KO,KO
Date,,,,,
2000-01-03,13.435227394104004,13.822495589499463,13.167118643445608,13.822495589499463,10997000
2000-01-04,13.450119972229004,13.539489540150791,13.256485908398464,13.435225044242038,7308000
2000-01-05,13.569290161132812,13.68844967956208,13.360761003881596,13.450130642703545,9457400
2000-01-06,13.584184646606445,13.74802897896683,13.479920071468019,13.569289707300957,7129200
2000-01-07,14.477877616882324,14.477877616882324,13.792710569169786,13.792710569169786,11474000
2000-01-10,14.016136169433594,14.522564043780823,14.001241231952793,14.47787923133842,8723800
2000-01-11,14.492774963378906,14.59703953146077,14.328930642107409,14.328930642107409,9398000
2000-01-12,14.656615257263184,14.731089928285861,14.403401375786075,14.49277098101329,8389800
2000-01-13,14.433186531066895,14.641715541835662,14.403396672385641,14.641715541835662,6106000
2000-01-14,14.552348136901855,14.760877178781717,14.46297854752477,14.46297854752477,7513200
2000-01-18,15.490735054016113,15.490735054016113,14.552353988243983,14.552353988243983,18350800
2000-01-19,15.550321578979492,15.550321578979492,15.267317642197298,15.490741802814819,12813400
2000-01-20,15.699261665344238,15.714156600510599,15.520522443347907,15.55031231368063,11539800
2000-01-21,15.937580108642578,15.937580108642578,15.66947128438504,15.699261153746988,11385800
2000-01-24,15.460948944091797,15.907797179470172,15.148155179326933,15.907797179470172,11306000
2000-01-25,15.699261665344238,15.74394647084332,14.984304777358922,15.460942702682466,9718600
2000-01-26,15.028985023498535,15.609887318757645,14.954510370260188,15.609887318757645,23723800
2000-01-27,14.179981231689453,14.939623083387103,13.92676728112357,14.939623083387103,17550800
2000-01-28,13.569290161132812,14.194877632886467,13.569290161132812,14.179982693082808,10875200
2000-01-31,13.688441276550293,14.001234820410529,13.479912247310137,13.569281831270205,10734600
2000-02-01,13.852290153503418,13.91186989609913,13.420337019684494,13.688445861365205,8114600
2000-02-02,13.435227394104004,13.792705728315196,13.360752741143338,13.792705728315196,7164000
2000-02-03,13.167121887207031,13.524600309484144,13.122437084422392,13.435230703914867,9464400
2000-02-04,13.40544605255127,13.762924613952638,13.122442191441854,13.167127011617024,11501800
2000-02-07,13.554388999938965,13.733128195542555,13.241595407632682,13.405439670269306,7742800
2000-02-08,13.628872871398926,13.79271724471629,13.524608270196966,13.554398156254669,8261200
2000-02-09,13.584184646606445,13.76292391827232,13.524604889384488,13.628869464522914,7948600
2000-02-10,13.5097074508667,13.673551752916902,13.40544289501657,13.584182133616792,8031000
2000-02-11,13.241600036621094,13.330969665664655,13.077755716707896,13.330969665664655,7688600
2000-02-14,12.899015426635742,13.167124292316393,12.82454074172445,13.167124292316393,7134000
2000-02-15,13.27139663696289,13.286291582683388,12.690493753863505,12.899022993950464,7850800
2000-02-16,12.764957427978516,13.211805412621871,12.69048276387129,13.211805412621871,6869200
2000-02-17,12.467059135437012,12.764957800560953,12.198950336825462,12.764957800560953,11661000
2000-02-18,12.243632316589355,12.467056263972374,12.094683018334011,12.467056263972374,11443400
2000-02-22,12.332999229431152,12.541528201909458,12.035100697319288,12.243629669797594,10543000
2000-02-23,12.213841438293457,12.258526224043312,11.915942866627763,12.258526224043312,11021600
2000-02-24,11.871256828308105,12.035101025436573,11.513778580027811,12.035101025436573,15451600
2000-02-25,11.603154182434082,12.079792094934584,11.454204834777675,11.871263008215614,10905200
2000-02-28,11.752111434936523,11.841481103643265,11.33505298097173,11.603161987091955,10790800
2000-02-29,11.5882568359375,11.632941630934688,11.34993792928583,11.632941630934688,10346200
2000-03-01,12.154273986816406,12.243643648484174,11.722320622088862,11.722320622088862,15612200
2000-03-02,11.826578140258789,12.347900854250046,11.76699840151693,12.154266703339008,11358600
2000-03-03,11.94573974609375,12.005319495450825,11.692525811326176,11.826580247379598,9010600
2000-03-06,11.677631378173828,11.796790882032745,11.513787060367818,11.796790882032745,7866000
2000-03-07,11.23078441619873,11.677632602519635,10.679671653069615,11.677632602519635,23440200
2000-03-08,11.320149421691895,11.454203822738247,10.932881152002436,11.230779820994327,14441600
2000-03-09,11.141414642333984,11.335048854032303,10.932885491274257,11.320153914670893,12389400
2000-03-10,10.843510627746582,11.111619407004053,10.500927187584258,11.111619407004053,14059200
2000-03-13,10.465558052062988,10.600115227018085,10.31605007989066,10.600115227018085,15646400
2000-03-14,10.360901832580566,10.600114573303928,10.256246258514096,10.465557406647036,11162000
2000-03-15,11.377554893493652,11.43735807296011,10.405753227163707,10.405753227163707,22138200
2000-03-16,11.900837898254395,11.930739501013827,11.61677267203978,11.61677267203978,17610200
2000-03-17,11.751330375671387,11.94569080173211,11.661625563643362,11.900838395718097,14530800
2000-03-20,11.616772651672363,11.721428261146889,11.497166240844333,11.721428261146889,6755200
2000-03-21,11.826079368591309,11.885882551239053,11.332703111747424,11.616768229324206,8575800
2000-03-22,11.25794506072998,11.721419558582078,11.048633997183872,11.721419558582078,11884200
2000-03-23,11.243000984191895,11.571918566176233,11.108443791561939,11.257951783373002,10333800
2000-03-24,11.243000984191895,11.287853381735214,11.093492992380833,11.243000984191895,8769200
2000-03-27,10.824373245239258,11.272896998495028,10.824373245239258,11.242995414944644,10535400
2000-03-28,10.734668731689453,11.123389326430296,10.734668731689453,10.824373484321955,13673000
2000-03-29,11.213094711303711,11.257947090148926,10.839324887593587,10.839324887593587,16292600
2000-03-30,11.616772651672363,11.945690281449444,11.272904220541777,11.272904220541777,18795200
2000-03-31,11.228048324584961,11.646670632292523,11.228048324584961,11.61676903888484,8857000
2000-04-03,11.796183586120605,11.945691616362947,11.302807086320884,11.302807086320884,14186800
2000-04-04,12.528766632080078,12.528766632080078,11.52706333333382,11.796177652399978,27390200
2000-04-05,11.392505645751953,12.184897770718951,11.33270246650916,12.184897770718951,20256600
2000-04-06,10.943987846374512,11.46726595378313,10.70477499727343,11.392511938439041,20675000
2000-04-07,11.048641204833984,11.10844440486015,10.704772804683536,10.943985604788196,12374000
2000-04-10,10.764575004577637,11.28785295618905,10.734673407342699,11.048640178309547,12903000
2000-04-11,11.287853240966797,11.422410431918719,10.929034065095005,10.929034065095005,12096400
2000-04-12,11.60181713104248,11.945685422297606,11.407456792506975,11.407456792506975,15586400
2000-04-13,11.302806854248047,11.631724514027752,11.272905248813528,11.601822908593233,8892800
2000-04-14,11.243000984191895,11.377558176821852,11.018738996475301,11.30280418091632,9488200
2000-04-17,11.60181713104248,11.631718721586404,11.06358850125185,11.242998044515394,10710200
2000-04-18,11.6317138671875,11.751320179446497,11.093485462022011,11.601812289122751,13001000
2000-04-19,11.766276359558105,11.885882726618416,11.467260441907328,11.631719196615256,10073200
2000-04-20,11.826079368591309,11.826079368591309,11.482211068366784,11.766276185943566,8278600
2000-04-24,11.870933532714844,12.065293905416723,11.721425553713397,11.82608113901441,9377600
2000-04-25,12.080241203308105,12.080241203308105,11.527061841275433,11.870930093349797,8711600
2000-04-26,11.826079368591309,11.990538120872603,11.691522207633886,11.990538120872603,9536200
2000-04-27,11.542009353637695,11.751320404092265,11.347649092501308,11.751320404092265,9023200
2000-04-28,11.302806854248047,11.571921303158714,11.183200432509972,11.542019697724195,7568800
2000-05-01,11.063587188720703,11.242996710699957,11.063587188720703,11.242996710699957,7754000
2000-05-02,11.063587188720703,11.377553852184398,10.988833221229347,11.063587188720703,9209400
2000-05-03,11.60181713104248,11.67657110740229,11.033686910707926,11.06358850125185,14397400
2000-05-04,11.60181713104248,11.766275879034062,11.317752020875202,11.60181713104248,6842400
2000-05-05,11.25794506072998,11.482206914529382,11.183191109463513,11.482206914529382,5999200
2000-05-08,11.60181713104248,11.60181713104248,11.392505997235013,11.392505997235013,6013000
2000-05-09,12.080241203308105,12.259650726129513,11.94568406119205,11.94568406119205,22386000
2000-05-10,12.6334228515625,12.678275240384615,12.080243389423076,12.080243389423076,21062000
2000-05-11,12.812828063964844,12.872631228790818,12.678270943106403,12.678270943106403,15919400
2000-05-12,12.498867988586426,12.67827757693934,12.319458400233511,12.67827757693934,7498200
2000-05-15,12.379249572753906,12.618462124884417,12.199840158656023,12.498855848819161,8056600
2000-05-16,11.70647144317627,12.140044459590206,11.631717474829038,12.140044459590206,16476600
2000-05-17,11.542009353637695,11.766271193410448,11.482206196364961,11.706468036137714,8448600
2000-05-18,11.826079368591309,11.93073493822486,11.527063455352591,11.542014251014526,8098600
2000-05-19,11.975582122802734,12.035385279470912,11.73636949613002,11.826074231132289,10053600
2000-05-22,12.12509536743164,12.12509536743164,11.826079452081908,11.975587409756775,9716400
2000-05-23,11.960637092590332,12.005489481687546,11.885883110761641,12.005489481687546,7210000
2000-05-24,12.603521347045898,12.693226125316688,12.005489491907303,12.005489491907303,10788000
2000-05-25,12.603521347045898,12.663324532559757,12.439062586882784,12.603521347045898,7731800
2000-05-26,13.052048683166504,13.156704285437025,12.738081876354938,12.738081876354938,12380200
2000-05-30,12.887584686279297,13.1566989836726,12.693224360384134,13.052043423575205,7451200
2000-05-31,12.76798152923584,12.887587913584653,12.618473548799823,12.887587913584653,5541000
2000-06-01,12.738076210021973,13.066993670844136,12.693223829000768,12.767977797369442,5993800
2000-06-02,12.57361125946045,12.738069908514035,12.468955755517259,12.738069908514035,6324800
2000-06-05,12.439061164855957,12.64837229022613,12.379257986178764,12.573618316879639,4837400
2000-06-06,12.394207954406738,12.424109541751507,12.214798430338124,12.424109541751507,6609200
2000-06-07,12.678277969360352,12.738081167329032,12.409163578501287,12.409163578501287,6865200
2000-06-08,12.6334228515625,12.678275240384615,12.409160907451923,12.678275240384615,7779000
2000-06-09,12.513813972473145,12.76797745817451,12.468961592643492,12.633420318685552,4966000
2000-06-12,12.588577270507812,12.78293772717836,12.498872444352175,12.513823248711446,4122600
2000-06-13,12.809365272521973,12.959357840115906,12.67437196168743,12.67437196168743,5626200
2000-06-14,12.719365119934082,12.989351643706268,12.569372606727311,12.809360627858144,10165800
2000-06-15,13.409331321716309,13.469328329867164,12.914356004471747,12.914356004471747,20672400
2000-06-16,13.319332122802734,13.484323849549165,13.2293366354865,13.40932761011897,14330400
2000-06-19,13.064342498779297,13.169337214613344,12.95934778294525,13.169337214613344,6989800
2000-06-20,12.704361915588379,12.869353628777839,12.644364928974031,12.869353628777839,6947800
2000-06-21,12.83935546875,13.03434568030812,12.719361492406541,12.719361492406541,8780600
2000-06-22,13.46932601928711,13.559321516075219,12.719363546052861,12.83935754177034,11664600
2000-06-23,13.889312744140625,13.994307548901947,13.349339462510967,13.469333525095335,15346000
2000-06-26,14.15929126739502,14.219288264290762,13.79930928602057,13.889304781364183,9900400
2000-06-27,13.889312744140625,14.129300869309361,13.799317197202349,14.129300869309361,10429600
2000-06-28,14.410529136657715,14.609269195008707,14.009299207534017,14.009299207534017,18989000
2000-06-29,14.174293518066406,14.444280061267671,14.099297256066055,14.410531743367514,12743200
2000-06-30,13.78431510925293,14.114298713609365,13.499329269126916,14.114298713609365,19122800
2000-07-03,13.964305877685547,14.039302149853569,13.874310351083922,13.874310351083922,7707200
2000-07-05,14.099298477172852,14.204293253066691,13.97930444757989,13.97930444757989,6960400
2000-07-06,14.144298553466797,14.144298553466797,13.874311942690124,14.099300785004019,5041200
2000-07-07,14.099298477172852,14.219292506765811,14.00930295497813,14.144296238270211,5043200
2000-07-10,13.814302444458008,14.084288811450673,13.73930623140449,14.084288811450673,6447200
2000-07-11,13.484330177307129,13.799314530725871,13.394334647758916,13.799314530725871,8134200
2000-07-12,13.46932601928711,13.559321516075219,13.259336526781519,13.484325268751794,7153800
2000-07-13,13.904303550720215,13.949301296839051,13.54432158176953,13.54432158176953,8450600
2000-07-14,13.829307556152344,14.024297792844296,13.679315066389302,13.904303801033864,4648000
2000-07-17,13.761808395385742,13.829305003319513,13.57431781779193,13.829305003319513,7003000
2000-07-18,13.964305877685547,14.099299167587985,13.58932451684544,13.76181594283189,7595200
2000-07-19,14.519277572631836,14.549276080013305,14.099298469291245,14.099298469291245,16435400
2000-07-20,14.519277572631836,14.56427533370404,14.36928503572448,14.519277572631836,9225600
2000-07-21,14.605518341064453,14.699263644922377,14.485524352126312,14.519272661515163,8141200
2000-07-24,14.219291687011719,14.399282721024527,14.174293928508519,14.399282721024527,6808200
2000-07-25,14.219291687011719,14.23429093984612,14.114296917170917,14.219291687011719,4664400
2000-07-26,14.114296913146973,14.399282716919334,14.0692991546566,14.219291682957843,10162400
2000-07-27,14.504273414611816,14.684264398040298,14.324282431183335,14.324282431183335,9117200
2000-07-28,15.044243812561035,15.119240042932725,14.414275477438839,14.504270953884866,13619000
2000-07-31,14.71426773071289,14.969255041031055,14.699268477164763,14.969255041031055,8017000
2000-08-01,15.119242668151855,15.359230647011408,14.714262953826358,14.714262953826358,9321400
2000-08-02,15.10424518585205,15.134243686717694,14.939253431091005,15.119244436284873,6662400
2000-08-03,15.119242668151855,15.29923365229652,14.894253937971024,15.104243419473132,6653400
2000-08-04,14.90925407409668,15.029248070668887,14.669266080952266,15.029248070668887,6006600
2000-08-07,14.729265213012695,14.819260723479168,14.669268206035047,14.819260723479168,4263600
2000-08-08,14.624263763427734,14.969246395795773,14.519269049228765,14.729258477626702,6135800
2000-08-09,14.35428237915039,14.504274880499924,14.324283878880482,14.504274880499924,7111600
2000-08-10,14.639266967773438,14.819257955082128,14.414278233637576,14.414278233637576,6214800
2000-08-11,14.939251899719238,15.059245890881641,14.63926692181323,14.63926692181323,6165400
2000-08-14,15.13424301147461,15.179240760765415,14.939252764547781,14.939252764547781,5329400
2000-08-15,14.879253387451172,15.014246613748613,14.78925790325288,15.014246613748613,4402600
2000-08-16,14.56427001953125,14.729261749927588,14.27928430339212,14.729261749927588,11729200
2000-08-17,14.324286460876465,14.549275253455676,14.294287955199236,14.549275253455676,5834000
2000-08-18,14.474278450012207,14.474278450012207,14.279288170374736,14.324285927214152,5274600
2000-08-21,14.35428237915039,14.384280879420297,14.189290627665903,14.384280879420297,5735000
2000-08-22,13.919299125671387,14.3842757128436,13.919299125671387,14.354277223348618,4243400
2000-08-23,14.110542297363281,14.204287595644994,13.904302641143515,13.919301888868588,7007400
2000-08-24,13.904303550720215,14.15929077872695,13.889304302013937,14.110543220431545,4619200
2000-08-25,13.439319610595703,13.784302145242691,13.199331760406494,13.784302145242691,13902000
2000-08-28,13.679316520690918,13.859307527542114,13.604320267836252,13.604320267836252,12625800
2000-08-29,13.51433277130127,13.649326106419707,13.454335733470854,13.649326106419707,5934600
2000-08-30,13.01934814453125,13.439327116935484,12.91435340143019,13.439327116935484,9392800
2000-08-31,12.6331205368042,13.004352039666655,12.35938417610764,13.004352039666655,16123800
2000-09-01,13.01934814453125,13.079345140588996,12.809358658329133,12.809358658329133,10053000
2000-09-05,13.51433277130127,13.694323884792519,12.839366095709087,13.019357209200336,11223000
2000-09-06,13.03434944152832,13.184341955239809,12.974352436043725,13.184341955239809,9854000
2000-09-07,12.959354400634766,13.094347675641378,12.779363367292616,13.034350664527327,7458200
2000-09-08,13.094347953796387,13.244340484767708,12.914356916630801,12.959354675922198,5253600
2000-09-11,12.719365119934082,13.12434490559236,12.554373355406636,13.094346402951006,7846000
2000-09-12,12.83935546875,12.929350951007594,12.524371280848422,12.719361492406541,8248000
2000-09-13,12.639533996582031,12.925428217933291,12.534204546610514,12.880287025088355,6986400
2000-09-14,12.278401374816895,12.489060221933851,12.022601346174875,12.489060221933851,11181600
2000-09-15,12.233263969421387,12.549252337635224,12.158028643656188,12.278405164880507,12373800
2000-09-18,12.790003776550293,12.880286156149472,12.218215372422161,12.233262435688692,8759800
2000-09-19,12.729811668395996,12.880282255492876,12.534199905170054,12.789999903234747,7630400
2000-09-20,12.097831726074219,12.684666847115132,11.90222001906058,12.684666847115132,14690200
2000-09-21,11.932318687438965,12.233259890148648,11.84203632662606,12.09783634892929,10247200
2000-09-22,12.729811668395996,12.744858727105685,12.248305789685983,12.248305789685983,16349000
2000-09-25,12.895333290100098,13.060850986939188,12.669627339864974,12.729815593261007,8079600
2000-09-26,13.226369857788086,13.27151105184197,12.820099111303128,12.895334434726268,10269400
2000-09-27,13.39188289642334,13.452071134160073,13.000659351134567,13.22636524264732,10414600
2000-09-28,13.346747398376465,13.391888595890702,13.030759015776797,13.391888595890702,8353200
2000-09-29,13.271510124206543,13.632639651395836,13.241415996940768,13.34674544237098,11962600
2000-10-02,13.722920417785645,13.722920417785645,13.301602685660646,13.301602685660646,9516000
2000-10-03,13.55741024017334,13.813210433384157,13.512269029606724,13.722928012250927,7380800
2000-10-04,13.78310775756836,13.78310775756836,13.482166540154203,13.557401844507742,8279000
2000-10-05,14.234521865844727,14.294710118977262,13.798157030633842,13.798157030633842,10596400
2000-10-06,14.069005966186523,14.249570748640254,13.90348824893727,14.234523683435777,9617400
2000-10-09,13.918532371520996,14.15928536389325,13.918532371520996,14.069002991753655,4073000
2000-10-10,14.008817672729492,14.279664845779042,13.737970499679943,13.918535281712975,6280600
2000-10-11,14.099092483520508,14.339845396793004,13.903480741486606,14.008810141043323,7904000
2000-10-12,13.78310775756836,14.144237218465348,13.57244890537845,14.099096035853224,8552800
2000-10-13,13.768056869506836,13.88843332301072,13.572445132563022,13.783103926194821,7312400
2000-10-16,14.114147186279297,14.264617838585046,13.722923490284348,13.768064685976073,7054600
2000-10-17,13.948629379272461,14.1893824214174,13.72292340226158,14.114147095747107,6069800
2000-10-18,14.008817672729492,14.174335389593105,13.677782239002266,13.948629412051815,7339400
2000-10-19,13.753012657165527,13.828247956165338,13.512259700366132,13.828247956165338,5797600
2000-10-20,13.196266174316406,13.421971981174725,12.940466259876978,13.421971981174725,14655200
2000-10-23,13.316645622253418,13.467116194256281,12.97056330664683,13.196269164651127,7077800
2000-10-24,13.512262344360352,13.527309407104628,13.105991650264885,13.316650528684756,6334800
2000-10-25,13.948629379272461,14.069005900344932,13.391887969312288,13.512264490384759,9350200
2000-10-26,14.129197120666504,14.279667803527701,13.587502662366191,13.948632301233065,9351000
2000-10-27,14.189382553100586,14.279664944742795,13.873394182352852,14.12919429200578,7562200
2000-10-30,14.41508674621582,14.565557380309931,14.174333731665243,14.189380795074655,10526800
2000-10-31,14.5354585647583,14.670882091759154,14.12918798375574,14.415082096313098,9830000
2000-11-01,14.655841827392578,14.791265417173413,14.520418237611743,14.535465303142947,8289000
2000-11-02,14.62574577331543,14.79126347239616,14.4602280742347,14.655839900421018,9108400
2000-11-03,14.279658317565918,14.565552425083045,14.234517142694793,14.565552425083045,6068400
2000-11-06,14.565560340881348,14.685936872624168,14.159289546249326,14.279666077992147,5558200
2000-11-07,14.460226058959961,14.655837857884496,14.400037813137025,14.565555489150094,4236000
2000-11-08,14.490321159362793,14.595650596658265,14.219474034888721,14.460227034421228,5048200
2000-11-09,15.00192642211914,15.092208827869106,14.41509078474437,14.490326122869341,11855000
2000-11-10,14.89659309387207,15.182487304764566,14.89659309387207,15.001922539990359,10323400
2000-11-13,14.700977325439453,14.836400862725998,14.535459668755896,14.836400862725998,8175800
2000-11-14,14.580597877502441,14.761162557099995,14.3548920280055,14.700974330567478,7423400
2000-11-15,14.7611722946167,14.806313494294427,14.50537216310958,14.580607495905792,7506600
2000-11-16,14.911636352539062,15.001918711888441,14.700977514057179,14.76116575362343,7607400
2000-11-17,14.791266441345215,15.122301905953144,14.716031108479775,14.911642973929917,12093800
2000-11-20,13.617592811584473,14.174334175152016,13.467122172782435,14.174334175152016,19313200
2000-11-21,13.301603317260742,13.843297569999867,13.301603317260742,13.617591631358565,13995800
2000-11-22,14.339845657348633,14.520410345583873,14.023857452936964,14.023857452936964,13403800
2000-11-24,14.204424858093262,14.32480133994151,14.114142496707075,14.32480133994151,3905000
2000-11-27,14.339845657348633,14.460222116172126,13.978716280878153,14.204422141172204,6476800
2000-11-28,14.550508499145508,14.625743806793624,14.4150849453789,14.4150849453789,5817800
2000-11-29,14.998966217041016,15.089503236459775,14.425565094055544,14.591549629656601,9692000
2000-11-30,15.119688987731934,15.119688987731934,14.832988298343803,14.998972907989563,12816400
2000-12-01,15.014063835144043,15.059332369320357,14.802810675654579,15.059332369320357,8201200
2000-12-04,15.149861335754395,15.300756368979041,14.938608289239891,15.014055805852214,8572200
2000-12-05,14.832984924316406,15.164954068095614,14.651910845891384,15.149864561560195,9266800
2000-12-06,14.697173118591309,14.923515620417664,14.576457117617252,14.832978619687122,7761200
2000-12-07,15.059327125549316,15.225311693065391,14.621731447552392,14.697178978241517,7895200
2000-12-08,14.697173118591309,14.965011745752495,14.63681511810428,14.965011745752495,8300800
2000-12-11,14.078508377075195,14.531193533894333,14.048329366620585,14.531193533894333,11578000
2000-12-12,14.003064155578613,14.169048752250342,13.912527102848578,14.078511699520307,8008200
2000-12-13,13.957793235778809,14.078509285385543,13.821987679971231,14.003061754381335,7409800
2000-12-14,13.761629104614258,13.867255643794412,13.459838992670964,13.867255643794412,10047600
2000-12-15,12.91661548614502,13.686180193847585,12.91661548614502,13.686180193847585,27540400
2000-12-18,13.248587608337402,13.414572191129784,12.946797457805799,12.946797457805799,10304600
2000-12-19,13.701265335083008,13.987965821169546,13.203311859248492,13.24858035705163,11688200
2000-12-20,13.58055591583252,14.003062099880642,13.4145713435279,13.701271968417698,13344200
2000-12-21,14.335036277770996,14.395394325256348,13.550381660461426,13.580560684204102,11930800
2000-12-22,14.214315414428711,14.244494428047455,13.88234626462252,14.244494428047455,7483600
2000-12-26,14.48592472076416,14.48592472076416,14.153955612579981,14.214313632249832,5670000
2000-12-27,14.621736526489258,14.817900174419453,14.485930924076044,14.485930924076044,7711000
2000-12-28,14.742447853088379,14.953700944125469,14.621731801067185,14.621731801067185,5520800
2000-12-29,14.71226978302002,14.75753830542931,14.53119569338285,14.742448797959547,4970400
2001-01-02,14.682089805603027,14.953700922253443,14.54628424727782,14.712268818564183,10606000
2001-01-03,14.304855346679688,15.014062310069926,14.259586817101587,14.682093093163857,12469600
2001-01-04,13.897438049316406,14.214317744251959,13.701274428642016,14.214317744251959,14770600
2001-01-05,13.927617073059082,14.184138730959411,13.882348545194318,13.897438054482572,7960200
2001-01-08,14.153950691223145,14.410472185626976,13.957787195502567,13.957787195502567,9529200
2001-01-09,14.335036277770996,14.470841884613037,13.912529945373535,14.153962135314941,8516200
2001-01-10,14.274676322937012,14.304855342647238,13.97288612583475,14.304855342647238,7963200
2001-01-11,13.852163314819336,14.21431137533749,13.791805304732977,14.21431137533749,6909000
2001-01-12,13.671093940734863,13.867257540325982,13.580556894769732,13.852168032665126,7212000
2001-01-16,13.761629104614258,13.837076632600082,13.565465531851116,13.67109207103127,7163600
2001-01-17,13.987971305847168,14.169045368058782,13.776718233266951,13.776718233266951,7651800
2001-01-18,13.791813850402832,14.16905164718628,13.746545314788818,13.987977504730225,7014400
2001-01-19,13.474931716918945,13.791811410149961,13.354215643307128,13.791811410149961,9824200
2001-01-22,13.444741249084473,13.535278227192785,13.324025278273389,13.474920241787244,6874600
2001-01-23,13.731456756591797,13.806904321188455,13.384397959447169,13.444756011124495,7707800
2001-01-24,14.018148422241211,14.018148422241211,13.550373824728318,13.731447862475244,9189400
2001-01-25,14.153950691223145,14.244487689248025,13.957787195502567,14.018145194185822,7486800
2001-01-26,13.987971305847168,14.289761409533192,13.88234476955706,14.153955862874481,6394600
2001-01-29,13.79059886932373,13.930629904777472,13.648153918530191,13.906486146428444,5123000
2001-01-30,13.981332778930664,14.068248481697124,13.824401546603406,13.824401546603406,5507600
2001-01-31,14.003064155578613,14.051350767899402,13.657816120822174,13.981335226083784,8614000
2001-02-01,13.867856979370117,13.882343234301514,13.667468851598585,13.882343234301514,6720800
2001-02-02,13.940292358398438,13.998235557031666,13.807503942800338,13.867861978621097,6059400
2001-02-05,14.292780876159668,14.391768002896137,13.911317706156925,13.940290222023986,9183600
2001-02-06,14.3458890914917,14.43039084463683,14.085143008705852,14.29277467741847,6257000
2001-02-07,14.48592472076416,14.616298264288707,14.30967941384703,14.345893673054768,9615600
2001-02-08,14.633198738098145,14.724943187766904,14.379695234451352,14.485925019706018,6654600
2001-02-09,14.51972484588623,14.712870321724687,14.473853083184059,14.63319821587457,4456400
2001-02-12,14.68389892578125,14.695970345495935,14.36520865616406,14.519725038888723,6766000
2001-02-13,14.47627067565918,14.50524319513665,14.353140691346715,14.50524319513665,6660600
2001-02-14,14.365212440490723,14.449713321744456,14.275882805880986,14.449713321744456,5678000
2001-02-15,14.092388153076172,14.232419180698013,13.75921259540588,14.232419180698013,11421200
2001-02-16,14.331408500671387,14.36038009256495,14.102047839120777,14.102047839120777,7635600
2001-02-20,14.116532325744629,14.72252636890778,14.099632155843,14.331406703914073,15772000
2001-02-21,13.25944995880127,13.592626501332782,13.06630447073602,13.592626501332782,19289000
2001-02-22,12.793478965759277,13.259441764831234,12.412016056697446,13.259441764831234,18957800
2001-02-23,12.554468154907227,12.747613634630818,12.436166030519487,12.747613634630818,9069200
2001-02-26,12.667947769165039,12.694505458398712,12.42168681580382,12.554474340981436,9415600
2001-02-27,12.554468154907227,12.754857223301281,12.44340961918995,12.66794152717809,7369600
2001-02-28,12.803141593933105,12.832114103673204,12.532737949956921,12.554466871766895,11189600
2001-03-01,12.723470687866211,13.013189365506427,12.638968908018075,12.803142794647854,9725000
2001-03-02,12.68725872039795,12.807974789899339,12.556885144298723,12.723473909644575,9115800
2001-03-05,12.119894027709961,12.38546902241858,11.958134009449195,12.38546902241858,14449600
2001-03-06,12.0233154296875,12.119888614259345,11.924328329946924,12.119888614259345,9274600
2001-03-07,12.175418853759766,12.264748458040541,12.023316398153954,12.023316398153954,10325800
2001-03-08,12.4096097946167,12.426509967237774,12.12471985473241,12.17542037259563,9774600
2001-03-09,12.433752059936523,12.525496507770617,12.305793352871545,12.409609220449267,7863400
2001-03-12,12.095748901367188,12.385467630948831,12.078848726565717,12.385467630948831,7984800
2001-03-13,11.812250137329102,11.875248398031376,11.703213797353106,11.875248398031376,10361200
2001-03-14,11.55057144165039,11.70564597529063,11.208924607250898,11.70564597529063,14145800
2001-03-15,11.54572582244873,11.569955726496863,11.194386667881272,11.550571063809084,9442800
2001-03-16,11.788021087646484,12.052130941320572,11.41487488625172,11.545718503516534,18494000
2001-03-19,11.727441787719727,11.897052804316543,11.640212736720954,11.788017414878794,7439600
2001-03-20,11.492408752441406,11.819516789125917,11.400333534793388,11.727442495788672,8841200
2001-03-21,10.964193344116211,11.63052553630007,10.964193344116211,11.492413119501396,18423000
2001-03-22,11.078080177307129,11.194385366983214,10.780047955453755,10.964197608029687,14688800
2001-03-23,11.024772644042969,11.024772644042969,10.661318600832761,11.024772644042969,15672800
2001-03-26,10.879388809204102,11.170151235175524,10.782467384339487,11.024770022189813,11227600
2001-03-27,11.29372787475586,11.373687277183377,10.799430193946522,10.879390520685394,13466000
2001-03-28,11.13381290435791,11.448806332887164,10.867279292285657,11.293732701876563,14176000
2001-03-29,10.78731632232666,10.952082232384745,10.603165752585765,10.952082232384745,15293800
2001-03-30,10.942389488220215,11.024772440129905,10.758239849763418,10.787315913875245,10279600
2001-04-02,11.109574317932129,11.368838037134298,10.869695251232717,10.942385849495839,10424800
2001-04-03,10.821236610412598,11.073231595195816,10.704931446122947,11.073231595195816,9345400
2001-04-04,10.964193344116211,11.158035251525654,10.70250607588012,10.821234764093411,8798600
2001-04-05,10.976308822631836,11.291302052995702,10.811542962260983,10.96419387613922,9242200
2001-04-06,10.903619766235352,10.988425328025995,10.62497133581815,10.97631037981466,7907800
2001-04-09,10.637080192565918,11.046571087618224,10.637080192565918,10.90361257466683,8231600
2001-04-10,10.576509475708008,10.734005620294058,10.469895733939664,10.637085129235977,11896400
2001-04-11,10.692813873291016,10.843041224748593,10.266360784602913,10.576508737551821,13748400
2001-04-12,10.799433708190918,10.879394060949695,10.334212862614365,10.692820828824205,10429200
2001-04-16,11.002965927124023,11.024773207804227,10.697664921912649,10.799431615545949,8287000
2001-04-17,11.073232650756836,11.073232650756836,10.857583413643457,11.002964651786233,8815800
2001-04-18,11.327645301818848,11.407605594677419,11.07565040375124,11.07565040375124,14767400
2001-04-19,11.509374618530273,11.574796437805572,11.155613009984862,11.327647650869269,10836400
2001-04-20,11.388226509094238,11.448802182014953,11.213768275302929,11.448802182014953,9167200
2001-04-23,11.497260093688965,11.606296463144922,11.39549250742634,11.39549250742634,6661000
2001-04-24,11.482728004455566,11.73956927076942,11.429421099823404,11.49726650325844,8686800
2001-04-25,11.67898941040039,11.727450131468217,11.485147450440456,11.485147450440456,6495400
2001-04-26,11.363992691040039,11.625679027179096,11.363992691040039,11.625679027179096,8592800
2001-04-27,11.388226509094238,11.509377854935668,11.145923817411383,11.363996609650519,6961800
2001-04-30,11.1919584274292,11.32764823638174,11.109575494192157,11.32764823638174,7674000
2001-05-01,11.540878295898438,11.678990766172332,11.177424232164723,11.191961803154722,8458000
2001-05-02,11.526341438293457,11.606301787345387,11.424574729658215,11.540879935660612,7669600
2001-05-03,11.327645301818848,11.523910718944554,11.242839770887905,11.523910718944554,8591600
2001-05-04,11.347031593322754,11.380953810603842,11.102305441261604,11.327646940984364,8819000
2001-05-07,11.344609260559082,11.363993914966608,11.245265217498496,11.34703280451562,7014600
2001-05-08,11.28403377532959,11.31553337707007,11.148343965326239,11.31553337707007,6875600
2001-05-09,11.087764739990234,11.284030146361404,11.000536594802849,11.284030146361404,10038000
2001-05-10,11.051421165466309,11.206494673600421,11.02961389561551,11.087765999010292,7317200
2001-05-11,10.97389030456543,11.12169511022665,10.806700837822042,11.051427100271068,9636400
2001-05-14,11.148345947265625,11.172576769954956,10.988426214761546,10.988426214761546,7585600
2001-05-15,11.121689796447754,11.17257312100987,10.954500409584984,11.148342306234287,6936400
2001-05-16,11.68625545501709,11.729870001320851,11.03203818477184,11.12169082123577,11359000
2001-05-17,11.662026405334473,11.800138837176414,11.545721248220797,11.686256299783112,9574800
2001-05-18,11.654759407043457,11.703220131518085,11.557838882405639,11.662029116517086,6726000
2001-05-21,11.70079231262207,11.715329876487473,11.463335884939855,11.65475422888555,7996600
2001-05-22,11.582073211669922,11.666879743009849,11.521497513989313,11.666879743009849,5928600
2001-05-23,11.800139427185059,11.800139427185059,11.4609153420755,11.582066668998733,8525800
2001-05-24,11.894634246826172,11.957632513882873,11.751675680951434,11.800136384085606,6694000
2001-05-25,11.67171859741211,11.897060143397821,11.60387414892137,11.894637523513705,4007000
2001-05-29,11.712911605834961,11.821947996861658,11.666874429317634,11.671719669530933,4531800
2001-05-30,11.601452827453613,11.78802600599541,11.574799384188873,11.712911840823086,5220400
2001-05-31,11.485146522521973,11.519068747235364,11.376110140006572,11.519068747235364,7223400
2001-06-01,11.584486961364746,11.606294231062039,11.38822153408912,11.485142938146197,6972600
2001-06-04,11.526341438293457,11.533610224821228,11.36399904376249,11.533610224821228,4484800
2001-06-05,11.538453102111816,11.550568050975837,11.26222820104221,11.526338153247796,6841400
2001-06-06,11.327645301818848,11.506949612758365,11.233147446121235,11.506949612758365,7095400
2001-06-07,11.174999237060547,11.434263028262613,11.112000947553609,11.327650182823424,6785400
2001-06-08,11.145918846130371,11.201648329443703,11.061113311590738,11.174994897356674,4425000
2001-06-11,11.12895679473877,11.174993948965954,11.027189237616936,11.145917900207253,3476200
2001-06-12,11.124117851257324,11.17742474549945,11.027196393419189,11.128964016580383,4899400
2001-06-13,11.153304100036621,11.165467660794414,11.043839476811685,11.165467660794414,5575600
2001-06-14,10.951401710510254,11.114383030341873,10.90761549038696,11.114383030341873,7021600
2001-06-15,10.76653003692627,10.992758608994565,10.730042126303786,10.951405458032477,13749800
2001-06-18,10.647332191467285,10.81274660919141,10.5743554608124,10.766527301682052,6354400
2001-06-19,10.642463684082031,10.725170867544865,10.591380081106243,10.647328921691514,5441000
2001-06-20,10.68625545501709,10.76166528527843,10.56949247548157,10.64246922169756,8301800
2001-06-21,10.603547096252441,10.820045155686673,10.593816617009434,10.686254313918846,10298800
2001-06-22,10.423539161682129,10.632739870206866,10.360292889033841,10.603549354211484,9211200
2001-06-25,10.603547096252441,10.751933656884777,10.523272034422,10.523272034422,14690600
2001-06-26,10.691116333007812,10.776255680863278,10.467320017581699,10.603543902099737,20446600
2001-06-27,10.747064590454102,10.788417720587516,10.642464295711738,10.691115746653413,12653800
2001-06-28,11.0316743850708,11.04627009918491,10.756795395541287,10.756795395541287,15615000
2001-06-29,10.946540832519531,11.10709006094516,10.91248507617921,11.06816906399197,13146800
2001-07-02,11.092489242553711,11.201954786173843,10.866260761721884,10.946535803026427,7314800
2001-07-03,11.175199508666992,11.187363071926459,11.094925373262154,11.094925373262154,3896200
2001-07-05,11.004923820495605,11.160607822859317,10.951407096701885,11.160607822859317,5515000
2001-07-06,10.849236488342285,11.065735492146775,10.841939092331337,11.004921384189812,5020200
2001-07-09,11.000052452087402,11.111950150462402,10.839503298086516,10.849232846852226,4552000
2001-07-10,10.86626148223877,11.017081098093382,10.81274571243657,11.000053226617764,9439200
2001-07-11,11.070603370666504,11.128985341411227,10.773831059234833,10.866267864984891,7234200
2001-07-12,11.065738677978516,11.068170834699169,10.922217304762222,11.068170834699169,6950800
2001-07-13,11.19222640991211,11.223850001326047,10.973296209533611,11.065733900155385,6472800
2001-07-16,11.428181648254395,11.428181648254395,11.201953199466825,11.201953199466825,8402400
2001-07-17,11.46467113494873,11.481699003875502,11.16789811431199,11.428182314134643,7532000
2001-07-18,11.24330997467041,11.420887017464908,11.094923437115567,11.420887017464908,8188800
2001-07-19,11.360072135925293,11.406290510012637,11.141141041933944,11.243309195113028,5038400
2001-07-20,11.216557502746582,11.377106757622105,11.138715496016019,11.360078876646664,7086000
2001-07-23,10.82004165649414,11.201954027751038,10.76166065581562,11.201954027751038,10382000
2001-07-24,10.751934051513672,10.849236063666293,10.618143204835311,10.820045552815468,9968400
2001-07-25,10.941675186157227,10.953837823263491,10.705716128906824,10.751935449040252,7287400
2001-07-26,10.946540832519531,10.948972988851084,10.80058732593251,10.94167559190666,6933200
2001-07-27,10.895456314086914,10.968433061459997,10.751934975474985,10.946539944453102,4724000
2001-07-30,10.76653003692627,10.895456586051568,10.705715924605753,10.834642473731051,5806800
2001-07-31,10.849236488342285,10.883293168275888,10.654631528469935,10.76652926440283,8695000
2001-08-01,10.72274112701416,10.885722447856864,10.644898235684751,10.87355981506925,7926000
2001-08-02,10.681385040283203,10.810310593738508,10.581649985583034,10.788417487684852,10578800
2001-08-03,10.873560905456543,10.893020934278272,10.727606513520852,10.75193270948488,11690800
2001-08-06,10.851668357849121,10.941672967726669,10.776258538360096,10.893021501215994,7596400
2001-08-07,10.917350769042969,10.917350769042969,10.8030199297788,10.871131445280959,8588000
2001-08-08,11.068167686462402,11.14844275465917,10.839506973814942,10.897887998003819,13201200
2001-08-09,11.09492015838623,11.116813262833562,10.94653366468201,11.024375607617149,9790400
2001-08-10,11.109519958496094,11.184929780738642,10.812747765048718,11.017083189495056,7793800
2001-08-13,11.141145706176758,11.177634546434499,11.031680113353291,11.068168953611032,5174200
2001-08-14,11.1995267868042,11.214121579403061,11.116819559595145,11.165471033473944,6728200
2001-08-15,11.574138641357422,11.603329146212396,11.226281954675132,11.238444587702254,15860400
2001-08-16,11.60576343536377,11.617926070626998,11.413590643176166,11.574140769269295,9601600
2001-08-17,11.564411163330078,11.649550544552776,11.435484621543289,11.605764311938342,6383600
2001-08-20,11.80766773223877,11.80766773223877,11.60576444312885,11.651983760271909,8027400
2001-08-21,11.751715660095215,11.86604552387818,11.690901567122573,11.797934036692633,8164600
2001-08-22,11.737119674682617,11.761444940134325,11.630087207565946,11.751715390723279,7915600
2001-08-23,12.02902603149414,12.065513925217708,11.72738776578652,11.793067088028081,9309600
2001-08-24,11.970647811889648,12.126331767098726,11.87334580385876,12.016867124057672,8325400
2001-08-27,11.800368309020996,11.975513225145846,11.77361088279044,11.919564360928094,8020400
2001-08-28,11.644681930541992,11.800365855640916,11.579002600650373,11.800365855640916,6329800
2001-08-29,11.603334426879883,11.700636463328342,11.508464546963951,11.66414854764136,5472200
2001-08-30,11.868480682373047,12.102006617510579,11.690903611198701,11.700633162533913,13128600
2001-08-31,11.8392915725708,11.939027612927424,11.749286941362111,11.754152181961198,7670800
2001-09-04,12.041191101074219,12.25768913603576,11.788204237050847,11.900101951847907,14190400
2001-09-05,12.272282600402832,12.33309668570914,11.870909266201478,11.870909266201478,13798400
2001-09-06,12.043623924255371,12.250392420485197,12.024163894839935,12.250392420485197,10386200
2001-09-07,12.097143173217773,12.15795728584884,11.95605491444755,11.982812344527458,12133000
2001-09-10,12.238865852355957,12.295220877391756,12.128605614378941,12.187411386195361,13732600
2001-09-17,12.3446044921875,12.3446044921875,11.978200485537618,12.172468387976592,20256600
2001-09-18,12.165091514587402,12.3716546533856,12.037219005991728,12.369195043529473,11112000
2001-09-19,12.172470092773438,12.280669489227508,11.88475761357977,12.22657026003369,14416000
2001-09-20,11.889671325683594,12.150334579684502,11.877376092716771,12.00278990795034,16598600
2001-09-21,11.508514404296875,11.761800726576508,11.127356523160959,11.311787846749262,23054200
2001-09-24,11.810983657836914,11.975742822539035,11.510975958666418,11.510975958666418,13608400
2001-09-25,11.803606986999512,12.113451257659031,11.756884713713209,11.766720339938576,17787200
2001-09-26,11.53065013885498,11.803608741083174,11.498681769189249,11.779018264765869,11593800
2001-09-27,11.545403480529785,11.574912235872253,11.43474447541251,11.552780434848797,11084800
2001-09-28,11.52081298828125,11.619176764690412,11.486385947957992,11.569994876485831,11554000
2001-10-01,11.333921432495117,11.491302703380466,11.274902986879926,11.434743867785192,12393400
2001-10-02,11.35359001159668,11.427363279670514,11.191290510353173,11.373263133233989,9414200
2001-10-03,11.262611389160156,11.311793286715734,11.154411964991226,11.299498046843507,11105800
2001-10-04,11.10522747039795,11.13473622680379,11.021618545526023,11.06588214916801,12277400
2001-10-05,11.188837051391602,11.287200829267801,10.891287983512534,11.065882798079606,10504800
2001-10-08,11.348676681518555,11.432285601904466,11.154408757965053,11.18145884074673,6919000
2001-10-09,11.356054306030273,11.3708091533457,11.183918172949475,11.250313578769203,5939800
2001-10-10,11.348676681518555,11.397857626867347,11.240476350391843,11.348676681518555,8301800
2001-10-11,11.324087142944336,11.434746164406745,11.213428121481927,11.311791904574415,9565400
2001-10-12,11.01669692993164,11.149487700680785,10.82242905473191,11.10276543900216,16640000
2001-10-15,10.942920684814453,11.016692996200035,10.832261748703162,10.869148373428871,9715400
2001-10-16,10.952768325805664,11.016704143549637,10.893749854139335,10.942931757516812,9620000
2001-10-17,10.888827323913574,11.038831648590874,10.88145036960696,11.014241175524544,10608200
2001-10-18,11.341297149658203,11.36097027540671,10.906039092168294,10.906039092168294,15165200
2001-10-19,11.948695182800293,12.020008879682113,11.560159265775125,11.60688248555742,23672000
2001-10-22,12.044597625732422,12.047057235928822,11.742130298159326,11.830657503901,12130800
2001-10-23,12.017552375793457,12.044602470435606,11.877384556344886,12.044602470435606,8877600
2001-10-24,11.992953300476074,12.04705345100253,11.936394478592117,11.965903225212847,6779200
2001-10-25,12.157713890075684,12.170010063493732,11.86508316121286,11.867541833056675,7438400
2001-10-26,12.083937644958496,12.170006140811282,12.020001878897764,12.049510621843792,6475600
2001-10-29,11.95361614227295,12.0864069997023,11.926566048566958,12.049520337727442,5771000
2001-10-30,11.8429536819458,12.00033497663215,11.697867625019354,11.828198833794014,7737200
2001-10-31,11.774096488952637,11.879837194267497,11.73966945709501,11.842950552667888,6391000
2001-11-01,11.948695182800293,11.970826987416492,11.646227811756603,11.656064377823041,7242800
2001-11-02,12.020007133483887,12.037220652566186,11.779016928265262,11.808525684111142,5705000
2001-11-05,12.123290061950684,12.197062431636946,11.877381537618756,11.877381537618756,7725800
2001-11-06,12.258533477783203,12.258533477783203,12.0150846848559,12.06180694358283,6333000
2001-11-07,12.14787769317627,12.270831917042157,12.076564018198146,12.14787769317627,5599600
2001-11-08,12.06672477722168,12.197055925414318,12.00032939850107,12.110988363035421,7392800
2001-11-09,12.103614807128906,12.135582231800443,11.938855649694935,11.990496201610192,5188800
2001-11-12,12.128206253051758,12.172469854841951,11.983120211198662,12.039679049471372,4106200
2001-11-13,12.209352493286133,12.226566006322702,12.08393868337273,12.147875392993788,5599600
2001-11-14,12.295419692993164,12.312633205518068,12.197055960222789,12.233942594528198,8670400
2001-11-15,12.295419692993164,12.406078657843318,12.233942594528198,12.32001015715272,10053200
2001-11-16,12.278212547302246,12.401166807989778,12.24132589386936,12.401166807989778,8534600
2001-11-19,12.165091514587402,12.34460457336605,12.07656432109299,12.32001316513632,6804200
2001-11-20,12.049515724182129,12.110992845223874,11.975743366545318,12.024925250991998,7764200
2001-11-21,11.990498542785645,12.049516997973969,11.933939698016198,11.951153218682267,4568600
2001-11-23,12.08639907836914,12.08639907836914,11.929016903414695,11.929016903414695,2171600
2001-11-26,11.879837036132812,12.071645318538542,11.82819555096752,12.03721828713918,8057400
2001-11-27,11.801146507263184,11.897050649251359,11.683109629975613,11.879837133410726,7262400
2001-11-28,11.539502143859863,11.695007997895152,11.49507189984978,11.65304568228651,9075800
2001-11-29,11.620954513549805,11.670320599955481,11.467916632579435,11.588865804107922,7146400
2001-11-30,11.591333389282227,11.662915530692148,11.541966362737531,11.601206982910709,6975200
2001-12-03,11.485199928283691,11.539503776779947,11.381529971988824,11.44076967798642,8425800
2001-12-04,11.490132331848145,11.613549437327926,11.425955851301685,11.586397523466728,7857600
2001-12-05,11.630833625793457,11.699947880024324,11.591340169775076,11.67032708181184,12115800
2001-12-06,11.460516929626465,11.57406048466762,11.393871553859311,11.527162305393617,7025800
2001-12-07,11.502482414245605,11.576533485920653,11.379065216918512,11.398812420458123,6653800
2001-12-10,11.263053894042969,11.569128021617196,11.233433088201458,11.393875824248202,7431400
2001-12-11,11.267988204956055,11.40621483527635,11.243304205542932,11.29267126277088,7332600
2001-12-12,11.349444389343262,11.386469922036351,11.218622472598259,11.267989535656241,8400000
2001-12-13,11.411147117614746,11.477792477248586,11.295134720296812,11.317349840174758,10977800
2001-12-14,11.416089057922363,11.532101507498128,11.374127669028018,11.403747528341576,6786600
2001-12-17,11.39140510559082,11.514822274918572,11.305012522102428,11.514822274918572,8741400
2001-12-18,11.477792739868164,11.490134264172088,11.324755766984014,11.46545121556424,9842800
2001-12-19,11.722163200378418,11.835706770596023,11.416088205011093,11.416088205011093,15066400
2001-12-20,11.788806915283203,11.872730623216382,11.66045389524255,11.662921824182545,9772400
2001-12-21,12.040580749511719,12.040580749511719,11.7912784401305,11.885075768134616,16875000
2001-12-24,11.939374923706055,12.045513748890471,11.875198419491312,12.040576949858854,5177400
2001-12-26,11.976398468017578,12.04057496163505,11.798677498618455,11.860386063926708,4803000
2001-12-27,11.833239555358887,11.833239555358887,11.717228039819,11.724632769730496,7931600
2001-12-28,11.643176078796387,11.709821467669174,11.5987467611462,11.67773367945506,8710400
2001-12-31,11.638239860534668,11.773998563331494,11.5888728027181,11.662922918643796,6934000
2002-01-02,11.717222213745117,11.759183584510646,11.418552053975532,11.5518427756977,8848000
2002-01-03,11.564189910888672,11.761658161072887,11.477798257631878,11.761658161072887,10789800
2002-01-04,11.460516929626465,11.512351908023755,11.359314901594452,11.502478309777178,10145600
2002-01-07,11.161846160888672,11.601210866876011,11.058175276277103,11.329693542375571,17142800
2002-01-08,11.021156311035156,11.223560443237051,11.016219510054803,11.223560443237051,12292800
2002-01-09,10.998936653137207,11.12975852970969,10.976721528662813,10.984126256288237,12000600
2002-01-10,11.053239822387695,11.095202143662965,10.981658589903295,11.01127844271057,9222800
2002-01-11,11.18159008026123,11.255640158621008,11.026084256587218,11.095198479107797,11290600
2002-01-14,10.984127044677734,11.149505584169797,10.93475999323595,11.107544202483101,16115200
2002-01-15,10.947103500366211,11.060648021695114,10.870585451312234,11.045837621104816,12015800
2002-01-16,10.89773178100586,11.058173467753553,10.843427948347752,10.998933779033685,10501000
2002-01-17,11.119884490966797,11.1569100108223,10.937227645061459,10.959442768655144,9838000
2002-01-18,11.216150283813477,11.218619154115206,11.11001145919427,11.132226583919177,9820800
2002-01-22,11.329692840576172,11.339565495300658,11.156908671325077,11.216148366063871,9442400
2002-01-23,11.053239822387695,11.295137327109744,10.8607093667432,11.29266939837503,13132600
2002-01-24,10.915008544921875,11.132221961371712,10.803932967420401,11.107538918192603,13154000
2002-01-25,11.144571304321289,11.203811021160085,10.865648224543513,10.885394482957004,8429800
2002-01-28,11.159375190734863,11.169248785810776,10.986591043297778,11.070514718247342,9345200
2002-01-29,10.860708236694336,11.144568033156247,10.860708236694336,11.107542514801025,15979600
2002-01-30,10.823683738708496,10.932291433936845,10.764444033673156,10.922417835898242,11985000
2002-01-31,10.79900074005127,10.910076364554282,10.737292164393834,10.885392369332424,18087600
2002-02-01,11.028552055358887,11.033488852316609,10.786654654016898,10.798996175612336,14601200
2002-02-04,11.028552055358887,11.105070995806983,10.949565187230798,11.028552055358887,9806000
2002-02-05,11.2926664352417,11.376590114172984,11.008806683727613,11.080388839027394,15225200
2002-02-06,11.477792739868164,11.482729537909323,11.159376328197991,11.305008574819377,15027600
2002-02-07,11.32475757598877,11.455579449384024,11.292668854394389,11.329694374818528,8603800
2002-02-08,11.317352294921875,11.322289093920876,11.11494824395354,11.208745541738274,6663800
2002-02-11,11.388935089111328,11.413619085452481,11.181594227836557,11.181594227836557,9030800
2002-02-12,11.381525993347168,11.386462790720902,11.230956969040642,11.255640014311494,6057000
2002-02-13,11.4481782913208,11.4481782913208,11.233431712462764,11.29267237529218,7968400
2002-02-14,11.598746299743652,11.601214228893355,11.354379883597751,11.391405412031414,8097800
2002-02-15,11.588871955871582,11.613555012177018,11.514821845357032,11.6012134840243,12432600
2002-02-19,11.425958633422852,11.569122021007583,11.364250065657464,11.440768087063812,6432600
2002-02-20,11.571595191955566,11.601215051844648,11.211216306645206,11.354380689039441,7912000
2002-02-21,11.354384422302246,11.657990675385008,11.324764552674305,11.539510255274566,9376200
2002-02-22,11.675256729125977,11.724623754305748,11.329689436062946,11.354372477853989,12420400
2002-02-25,11.692540168762207,11.769059138390828,11.601211744210572,11.675261843619955,8480200
2002-02-26,11.598746299743652,11.761656929974817,11.504948984883798,11.695011543753209,8453000
2002-02-27,11.71969223022461,11.843109377899593,11.551844834058784,11.588870355000523,8153200
2002-02-28,11.697478294372559,11.848047380488648,11.687604695571915,11.823364325085246,8506200
2002-03-01,11.949243545532227,11.959117139483622,11.59133376837495,11.59133376837495,9108000
2002-03-04,11.791272163391113,11.946778003587657,11.650576717079264,11.875195845541858,9246600
2002-03-05,11.749308586120605,11.828295461802929,11.662916985092387,11.72956233799894,8700000
2002-03-06,11.734504699707031,11.848048269640836,11.63083378771657,11.638239458171924,7829200
2002-03-07,11.588871955871582,11.648111667643924,11.440770793244242,11.625896540329736,11507000
2002-03-08,11.811017036437988,11.890003911417052,11.699942390847182,11.722157508284909,7939800
2002-03-11,11.74437427520752,11.872727258877172,11.699944034091887,11.872727258877172,6068800
2002-03-12,11.870262145996094,11.872730074822098,11.603680636075158,11.699946809056504,6878800
2002-03-13,11.885132789611816,11.92231199059547,11.798379429589154,11.823166509108658,6989600
2002-03-14,11.870262145996094,11.981801655080826,11.842996827605322,11.909920533056162,8102200
2002-03-15,12.056166648864746,12.157791372311216,11.949584506526866,11.984285493235761,14707200
2002-03-18,12.063597679138184,12.17513719760216,11.94214427222344,12.095820416812357,8276200
2002-03-19,12.194967269897461,12.251976148884639,12.10821388797995,12.12060790363291,8382400
2002-03-20,12.24701976776123,12.336251393039461,12.175138631228132,12.194968301525837,7312000
2002-03-21,12.49240493774414,12.584114785833409,12.361035754772391,12.388301074738804,15073200
2002-03-22,12.703084945678711,12.76009379880057,12.455219873567906,12.494878247284426,13291000
2002-03-25,12.82701587677002,12.911290028564206,12.72786948211918,12.752656553546938,15111000
2002-03-26,13.037702560424805,13.057532220269634,12.824539390274227,12.82701762498972,16579000
2002-03-27,12.960870742797852,12.973263812934285,12.851809456323702,12.87907477794224,19315200
2002-03-28,12.953432083129883,13.000527065897431,12.874115312240898,12.96086868045294,10190400
2002-04-01,12.963349342346191,12.975742412830357,12.779929629906947,12.888989973910533,7959000
2002-04-02,12.958392143249512,12.960871324706492,12.814630821257236,12.93856341924709,8597800
2002-04-03,12.824540138244629,12.928643021910945,12.765052100770822,12.879069814937818,8403000
2002-04-04,12.893946647644043,12.99061391558887,12.779928892915816,12.824544700510446,9461600
2002-04-05,12.93360424041748,12.958390378427518,12.792321173593045,12.864202297564931,5724800
2002-04-08,13.136850357055664,13.161636488951187,12.77496753641122,12.789838837336404,10295200
2002-04-09,13.223605155944824,13.273178374232392,13.074886446612613,13.13685273308945,8951600
2002-04-10,13.439244270324707,13.496253122419615,13.141806000043712,13.161634713779675,8325400
2002-04-11,13.17155647277832,13.41446425339785,13.141812913761623,13.411986017450914,8850800
2002-04-12,13.226085662841797,13.260786635462786,13.010443229032369,13.074887757395551,7078600
2002-04-15,12.985655784606934,13.139331921466564,12.941039979465337,13.09967353306632,8734000
2002-04-16,13.354974746704102,13.359932163241988,12.839414773130304,12.985655251641091,12718200
2002-04-17,13.364889144897461,13.399591061988556,13.201298175018824,13.29796638290532,8254800
2002-04-18,13.312841415405273,13.434295795407241,13.188908799110983,13.372329487260096,7437000
2002-04-19,13.610278129577637,13.627628617980307,13.285574376342064,13.31531888120153,9241200
2002-04-22,13.706941604614258,13.843267238049693,13.57557338728035,13.6301040188667,11199000
2002-04-23,13.5136079788208,13.669763286767708,13.449162510860901,13.644976204656016,7624600
2002-04-24,13.627631187438965,13.647460861084115,13.508655982160704,13.568144057565275,9417000
2002-04-25,13.627631187438965,13.632588605850252,13.421903523790373,13.620195532587474,8991200
2002-04-26,13.496254920959473,13.654888434107793,13.496254920959473,13.610272640343537,6252400
2002-04-29,13.543347358703613,13.652408595328945,13.40206434355735,13.496253335498261,8159000
2002-04-30,13.759000778198242,13.890370014799059,13.565666169373793,13.605324574915501,13047600
2002-05-01,14.281991004943848,14.353872132048402,13.806090326590805,13.820961631832713,16158400
2002-05-02,14.286947250366211,14.324127401483478,14.150621605487094,14.227460143215206,13051000
2002-05-03,14.093619346618652,14.1704569748688,13.942421381243767,14.128320332993683,9020600
2002-05-06,14.026694297790527,14.15310515711627,14.004386387847058,14.078745772481664,7796400
2002-05-07,14.041561126708984,14.123356134538925,13.942414688489741,14.123356134538925,8967400
2002-05-08,14.004380226135254,14.120877142975507,13.840789273704274,14.029166361597646,10446000
2002-05-09,14.004380226135254,14.101047478181226,13.982072326006918,14.029166361597646,5404200
2002-05-10,13.969679832458496,14.10352723872992,13.930021446770352,13.979594665263157,6790600
2002-05-13,14.101041793823242,14.10352097368836,13.86804899959636,13.880442062331712,6302000
2002-05-14,14.041561126708984,14.103527414213383,13.962244354345794,14.091133400288095,7122000
2002-05-15,14.051472663879395,14.0861745733233,13.930019290181956,13.979592501000042,7274000
2002-05-16,14.140704154968262,14.177884299203383,13.979592402853545,14.115918022498413,7680800
2002-05-17,14.128316879272461,14.190283181374534,14.019256527963877,14.115923807958193,7058200
2002-05-20,13.930022239685059,14.128314179412811,13.85566288047847,14.06634788915223,5421200
2002-05-21,13.746591567993164,13.967191248974508,13.69454014910473,13.93001206928128,8376200
2002-05-22,13.930022239685059,13.95480837757707,13.758994673426297,13.768909506795323,5470000
2002-05-23,14.051472663879395,14.051472663879395,13.823437217858698,13.930019290181956,5719400
2002-05-24,13.930022239685059,14.247289343249463,13.820960963686879,14.06386965357525,6929000
2002-05-28,13.543347358703613,13.91762414625475,13.521039464442087,13.868050942836891,7020000
2002-05-29,13.42189884185791,13.508651269966576,13.33762464932497,13.508651269966576,8976200
2002-05-30,13.4813871383667,13.53343859981638,13.335146642724286,13.359933728317445,9656800
2002-05-31,13.77138900756836,13.803610798469807,13.553267396039452,13.607798035304322,8404400
2002-06-03,13.392145156860352,13.731720875202848,13.382231275826262,13.607788379742642,6607600
2002-06-04,13.384720802307129,13.384720802307129,13.124462531368408,13.236002060493774,10837400
2002-06-05,13.731730461120605,13.744123530212065,13.288051590720238,13.3847188533764,8356200
2002-06-06,13.42189884185791,13.744123361943663,13.374803856144162,13.744123361943663,7283600
2002-06-07,13.397110939025879,13.496257375540626,13.322751584405065,13.384717870844158,7087200
2002-06-10,13.317792892456055,13.434289802373304,13.29052757774943,13.372323521869303,6861800
2002-06-11,13.384720802307129,13.620192931453857,13.31779708483191,13.335147573192444,11366200
2002-06-12,13.553893089294434,13.670823088390879,13.387206532242105,13.434475641918398,10515600
2002-06-13,13.55887222290039,13.680778097163474,13.446918042259956,13.556384774017598,7487600
2002-06-14,13.645947456359863,13.655899150191722,13.359843376537093,13.48423670229806,9062000
2002-06-17,13.745455741882324,13.780285704132154,13.60613494383771,13.633501613904087,7105600
2002-06-18,13.757894515991211,13.792724477323208,13.658380476334825,13.683258748987605,7294800
2002-06-19,13.703165054321289,13.949463232964607,13.63599256495162,13.75789745566121,9771000
2002-06-20,13.86238956451416,14.019124438170426,13.710629587665078,13.720581279370554,10251400
2002-06-21,13.932049751281738,13.944488891607696,13.660872316375324,13.660872316375324,17739400
2002-06-24,14.168400764465332,14.228109032611925,13.907174955970913,13.932053242857691,11513800
2002-06-25,13.79521656036377,14.21566555443754,13.64096914079906,14.168396444147934,11779200
2002-06-26,13.817608833312988,13.882292935672435,13.519064705321465,13.55887052578396,13409200
2002-06-27,13.954438209533691,14.044001523116844,13.64096756103807,13.879802431229535,11711000
2002-06-28,13.932049751281738,14.292790515007969,13.877316394992834,14.016637234162058,14290600
2002-07-01,14.019125938415527,14.205715907155994,13.994247655535062,13.994247655535062,10267600
2002-07-02,14.10122299194336,14.230592123406977,13.969366412337086,14.168395480340553,12085600
2002-07-03,14.083807945251465,14.15595627865896,13.939511278436473,14.039026286518913,12984600
2002-07-05,14.048974990844727,14.056438282698581,13.822579297173693,13.882287530095036,6698000
2002-07-08,14.25049114227295,14.305224478755706,14.071365498498418,14.106195458425542,10446200
2002-07-09,14.041512489318848,14.238054090875535,13.961900869531775,14.205711573760357,18088000
2002-07-10,13.608623504638672,14.168393202232211,13.52154764891916,14.041511539312305,15884200
2002-07-11,13.213052749633789,13.533987600849295,12.976705356512788,13.43447260931036,25808200
2002-07-12,12.70054817199707,13.18568194271737,12.613473293502784,13.18568194271737,17365800
2002-07-15,12.936903953552246,12.999100607175093,12.28757073788242,12.62592068543801,18263000
2002-07-16,12.531379699707031,12.862266304822715,12.461719761386037,12.700554649097,13761800
2002-07-17,12.439327239990234,12.924461192158924,12.377130603790283,12.737871283559072,19555200
2002-07-18,11.92434310913086,12.52889468872014,11.762631421947713,12.451770492686604,15981000
2002-07-19,11.217787742614746,11.742727616281012,11.130712812926502,11.675555120930557,20025800
2002-07-22,11.416814804077148,11.767603807036087,11.170516647236504,11.240176578618442,23931200
2002-07-23,11.09090518951416,11.439205800606464,10.996366031926144,11.120759310683123,23664800
2002-07-24,11.655646324157715,11.717842944775514,10.847090256126311,10.847090256126311,26732200
2002-07-25,11.832287788391113,12.003950153594499,11.41930218376294,11.618331219298451,14898000
2002-07-26,11.80492115020752,11.944241000939138,11.655648661365394,11.842238560634073,10545200
2002-07-29,12.29751968383789,12.339812943314211,11.909412310250607,11.941754828644232,12973200
2002-07-30,11.979071617126465,12.240297279848743,11.844726665196626,12.240297279848743,10814600
2002-07-31,12.424402236938477,12.436842325949238,11.97907495229229,11.97907495229229,14246800
2002-08-01,12.421916007995605,12.62592096039759,12.302498544324612,12.402012622860953,11129800
2002-08-02,12.464205741882324,12.648308205967483,12.265176692226321,12.439327466567338,8567400
2002-08-05,12.031315803527832,12.464203800472852,11.966630779311538,12.464203800472852,9946400
2002-08-06,11.90941333770752,12.377132374580171,11.829801707905217,12.185566593791663,10717200
2002-08-07,12.19302749633789,12.19302749633789,11.842238524737896,12.013901838933732,9408400
2002-08-08,12.643336296081543,12.643336296081543,12.150738888979806,12.202983852828703,8422000
2002-08-09,12.712992668151855,12.797580135394332,12.511476164607569,12.623430304935171,8503400
2002-08-12,12.640849113464355,12.700557373678242,12.454259139466009,12.489089116098391,7161800
2002-08-13,12.504014015197754,12.800070674616467,12.429378225503616,12.439329917208315,7377800
2002-08-14,12.924459457397461,12.961776864681362,12.334835691095773,12.504009645730857,9480800
2002-08-15,12.790114402770996,13.078706715543483,12.690599419451429,12.93689848119249,10489200
2002-08-16,12.984175682067871,13.111057412462426,12.750316559031875,12.790122387400679,9989400
2002-08-19,12.862264633178711,13.046366145970438,12.755286342348914,13.046366145970438,9767400
2002-08-20,12.844850540161133,12.924462164563222,12.668211358788913,12.737872241924808,8636000
2002-08-21,13.121004104614258,13.138419088571023,12.775189975505244,12.961779902795264,8965200
2002-08-22,13.036416053771973,13.183200161347353,12.879680256079013,13.121003521680588,6997800
2002-08-23,13.111056327819824,13.285207168418486,12.986663005827312,13.036420524433463,7769400
2002-08-26,13.1881742477417,13.24539598788225,12.96426692811421,13.111051026678547,6329600
2002-08-27,13.066269874572754,13.23544480649919,12.93690075315575,13.193150598994889,7990600
2002-08-28,12.757776260375977,12.996612112335216,12.638358808919127,12.986660420785759,8312000
2002-08-29,12.538843154907227,12.757774647036078,12.43932815008835,12.601039795657668,7309200
2002-08-30,12.688114166259766,12.961778994149178,12.476645976440256,12.48908511424516,9969000
2002-09-03,12.419424057006836,12.610989813413562,12.309958317222435,12.53884243555665,10677800
2002-09-04,12.563724517822266,12.650799456644357,12.43933120576462,12.43933120576462,9965400
2002-09-05,12.277617454528809,12.484110773339987,12.210445912480745,12.45176825191446,7905000
2002-09-06,12.411955833435059,12.513958239930378,12.22039015313019,12.377125882296898,5966000
2002-09-09,12.526405334472656,12.705531995945705,12.317424545769295,12.329864635407052,5963400
2002-09-10,12.68065071105957,12.725432365820275,12.454254989345062,12.563720729290468,5660800
2002-09-11,12.763072967529297,12.885459021604246,12.723110349363106,12.882961774811847,5970600
2002-09-12,12.375936508178711,12.620707694848875,12.3284811907822,12.575749624564141,6457800
2002-09-13,12.400912284851074,12.463353935927296,12.26603808985828,12.313493401673975,7089800
2002-09-16,12.658171653747559,12.713120611895251,12.375935122512574,12.45086491366962,7943400
2002-09-17,12.22608470916748,12.838013542637512,12.223586507677789,12.788059993475422,11016200
2002-09-18,12.31348991394043,12.47084309686253,12.126165013770594,12.163630374918046,8992800
2002-09-19,11.9063720703125,12.063725277986018,11.749019815422844,11.988795496688487,12532600
2002-09-20,11.868905067443848,12.113676141115862,11.781486214342923,11.938839387697666,17571600
2002-09-23,11.739033699035645,11.911372361402135,11.59167132300021,11.769005433189761,7769800
2002-09-24,11.788983345031738,11.963820150167603,11.664100048903826,11.714053557911779,9446400
2002-09-25,12.111185073852539,12.276031021966254,11.78898587210805,11.938845478471741,10466000
2002-09-26,12.096200942993164,12.158642615854875,11.866415091414229,12.111187287482329,10570000
2002-09-27,12.111185073852539,12.313495447165106,12.038752517903628,12.096198732102513,8752400
2002-09-30,11.978808403015137,12.113682623783191,11.851427829701418,11.93884577680062,10303000
2002-10-01,12.503318786621094,12.513308728460887,12.051240809121195,12.088706187568912,11120400
2002-10-02,12.463357925415039,12.738100896981313,12.438380685319013,12.525799596478672,11077400
2002-10-03,12.6431884765625,12.83800712563726,12.513309694774069,12.563263218967192,11420000
2002-10-04,12.71312427520752,12.910439226461502,12.663170749113952,12.78805408795574,10234200
2002-10-07,12.520801544189453,12.96039039781986,12.490828862308405,12.695638377359217,12451400
2002-10-08,13.017833709716797,13.192670503948696,12.678151012988282,12.738095410616086,14686400
2002-10-09,12.895450592041016,13.112747280190359,12.740594604822842,12.862980665329589,11657800
2002-10-10,12.852992057800293,12.987866282478857,12.59323450348251,12.83800666802547,12181800
2002-10-11,12.850492477416992,12.987863924523417,12.66816296357988,12.838004337277138,12385000
2002-10-14,13.125240325927734,13.157710264774783,12.778064753960036,12.788055650956725,8373800
2002-10-15,13.10775375366211,13.262608810780364,12.800540886715048,13.125237343040743,13850800
2002-10-16,11.788983345031738,12.488329612791262,11.709058111732588,12.488329612791262,37382000
2002-10-17,11.464288711547852,11.951332878391321,11.132098635922222,11.913868455517868,33108000
2002-10-18,11.586675643920898,11.651615511540324,11.26947185936939,11.364383460544731,17405000
2002-10-21,11.988794326782227,12.013770600516182,11.714051504573643,11.764004052041553,15011400
2002-10-22,11.958827018737793,12.173626482099795,11.821455556964269,11.988798748830314,10844600
2002-10-23,11.9738187789917,12.033763223858958,11.796484598469025,11.961330630873203,10801200
2002-10-24,11.711556434631348,12.033755596917109,11.619143053784123,12.013773810364183,10427200
2002-10-25,11.731537818908691,11.776495884327137,11.581677283252546,11.721546925974817,9369200
2002-10-28,11.471780776977539,11.734035533857975,11.406840923100688,11.734035533857975,9626800
2002-10-29,11.584176063537598,11.586673310504246,11.244493309031114,11.426822826685674,11569200
2002-10-30,11.70156192779541,11.75900907000281,11.516735223177296,11.53921424971558,10282800
2002-10-31,11.60915470123291,11.778996112967386,11.464290528155994,11.669099121226822,11850000
2002-11-01,11.696574211120605,11.754020433821946,11.401849449237702,11.609155300483039,10783000
2002-11-04,11.41433334350586,11.714053441798725,11.364379834993061,11.699067103409709,13604200
2002-11-05,11.579180717468262,11.601659751499641,11.449301960040737,11.45179920702909,10645200
2002-11-06,11.33940315246582,11.569187949526999,11.214519862032425,11.566690702943243,19806600
2002-11-07,11.194538116455078,11.336904991812606,11.139589163585894,11.289449684288062,11576200
2002-11-08,11.119609832763672,11.289451207470943,11.109618939478768,11.152079759547599,10365600
2002-11-11,11.129598617553711,11.236998318059568,11.054667884896531,11.117109526921618,8224600
2002-11-12,11.06716251373291,11.341905495016013,11.042185272753514,11.264477477156369,11236800
2002-11-13,11.296939849853516,11.451794829100976,11.089634128845676,11.114610400317186,11831600
2002-11-14,11.274466514587402,11.46928419818308,11.271969267293375,11.426824324695476,9944400
2002-11-15,11.481769561767578,11.489262253998918,11.241992929742306,11.27446285071787,13655600
2002-11-18,11.469284057617188,11.561698403694356,11.38686155894616,11.539219367186957,8862400
2002-11-19,11.586675643920898,11.778996093741148,11.451801413742922,11.46928500438256,11389800
2002-11-20,11.509244918823242,11.661601738309116,11.341900808158668,11.661601738309116,11292800
2002-11-21,11.429322242736816,11.614149995219124,11.219518204711813,11.614149995219124,16084800
2002-11-22,11.341901779174805,11.53422218417857,11.177055853855007,11.489264117929169,9489600
2002-11-25,11.266974449157715,11.339407010923832,11.182053744655697,11.251988106204106,10346400
2002-11-26,11.239375114440918,11.337217737416584,11.184182404342426,11.194216833524903,10625800
2002-11-27,11.59813117980957,11.638271764655126,11.239374284053087,11.28955025436679,10498000
2002-11-29,11.450113296508789,11.578062076513042,11.420008095283649,11.578062076513042,5242200
2002-12-02,11.339726448059082,11.588096022612586,11.302094230325737,11.585587654709654,10058000
2002-12-03,11.2644681930542,11.510329513712868,11.236871348189784,11.414995219734202,13710800
2002-12-04,11.450113296508789,11.590605830604593,11.19672601856194,11.214287465695529,12994600
2002-12-05,11.297073364257812,11.487741810243552,11.239371348427778,11.45261892730586,8642800
2002-12-06,11.38990306854248,11.44509577879623,11.239375146056636,11.239375146056636,7989600
2002-12-09,11.314637184143066,11.462655762657024,11.254426788458025,11.339725646534323,8486400
2002-12-10,11.665868759155273,11.665868759155272,11.314637919079564,11.317147243995173,12368400
2002-12-11,11.728594779968262,11.768735386923415,11.545453200921155,11.653331261555795,15685200
2002-12-12,11.507820129394531,11.61820750829368,11.377362926985757,11.615698182212796,11997200
2002-12-13,11.502801895141602,11.645802850170092,11.164115624185165,11.226835374882835,15263600
2002-12-16,11.472698211669922,11.537927297023545,11.364820149531493,11.502803428049054,12417200
2002-12-17,11.269479751586914,11.530394037804982,11.2519183051133,11.502797205624429,11792200
2002-12-18,11.174148559570312,11.274499564427916,11.131498640809724,11.264465133861222,11923600
2002-12-19,11.068778038024902,11.164112298655182,10.930794818997517,11.126480076635367,13308200
2002-12-20,11.058747291564941,11.123975413493945,11.011079666859631,11.101396264167082,16630800
2002-12-23,11.136517524719238,11.189201879676677,11.008569668818696,11.063762392429059,10149600
2002-12-24,11.096375465393066,11.1289899957489,11.001041199675281,11.001041199675281,3392600
2002-12-26,11.076305389404297,11.214288612577032,11.06376067700271,11.088849144778692,4606400
2002-12-27,10.905707359313965,11.106410311282175,10.845495995209921,11.03867288555031,6725200
2002-12-30,10.915743827819824,10.980972897533972,10.762708456318606,10.930796910914015,10272400
2002-12-31,10.998534202575684,11.063762314392338,10.853023939021659,10.903199924972265,8993400
2003-01-02,11.251922607421875,11.287046470826194,11.051219601677165,11.076308075537392,9358800
2003-01-03,11.22431755065918,11.269474852656051,11.093860464260885,11.254422737665974,6184400
2003-01-06,11.269479751586914,11.327182740888283,11.123970486944529,11.189198579985518,7796000
2003-01-07,11.128989219665527,11.226831846882732,11.088848630114184,11.164112115894559,7628000
2003-01-08,11.056234359741211,11.22683210856765,11.013585401048184,11.189199886286726,6403600
2003-01-09,11.171642303466797,11.20927453876954,10.963413217333448,11.013589212061273,9030200
2003-01-10,11.339726448059082,11.384884726528274,11.116444380643104,11.126478809281885,10570200
2003-01-13,11.480220794677734,11.527888409600813,11.314640719269837,11.36481670270226,9982800
2003-01-14,11.472698211669922,11.477715907237705,11.29457432563766,11.414996148181762,10436800
2003-01-15,11.2644681930542,11.477714973688785,11.249415107575201,11.47269727852912,8891200
2003-01-16,11.4576416015625,11.475204009162816,11.292061526854374,11.309623934454692,7965400
2003-01-17,11.314637184143066,11.54293692825507,11.299585063735298,11.414989119654118,10638400
2003-01-21,11.219303131103516,11.437567475336868,11.166617842197326,11.339724871267673,7587600
2003-01-22,11.176657676696777,11.435063660901724,11.141534774792317,11.221815966867455,8775000
2003-01-23,11.01358699798584,11.241886818925915,11.006059978221959,11.179167077381639,11129000
2003-01-24,10.745142936706543,11.043688460680844,10.725072166845926,11.03867076821569,11273200
2003-01-27,10.484233856201172,10.727585840448087,10.416496409959004,10.62472548660497,13448600
2003-01-28,10.311124801635742,10.536916246879791,10.286037288620749,10.536916246879791,17152600
2003-01-29,10.173139572143555,10.311122780736952,9.987489715353046,10.311122780736952,26361200
2003-01-30,9.834458351135254,10.228338359031612,9.834458351135254,10.223320663494565,24866000
2003-01-31,10.150564193725586,10.173143342192228,9.82191331352246,9.859544589615233,23750000
2003-02-03,10.07279109954834,10.190703565503668,10.057738016712044,10.173142114041655,12605400
2003-02-04,10.117949485778809,10.178159903633171,9.959895464113274,10.0376673335941,12553800
2003-02-05,10.047698974609375,10.223314382399549,10.000032331834648,10.173138414884216,11931800
2003-02-06,10.012578010559082,10.11042063967096,9.947349910160218,10.047700907468252,10054200
2003-02-07,9.917245864868164,10.095370669656296,9.909719801647316,10.06024680822848,9516400
2003-02-10,10.050209999084473,10.107912036526479,9.872085236428473,9.959893433687547,9055200
2003-02-11,9.78427791595459,10.062753671302254,9.74664569500545,10.010069327595165,15029400
2003-02-12,9.969929695129395,10.097877535984045,9.862051672220057,9.879613121807417,18589400
2003-02-13,10.030142784118652,10.107915622362357,9.859544979410026,9.979966790317148,10950400
2003-02-14,10.235859870910645,10.28603584693527,10.010069414340547,10.072789145114543,10808000
2003-02-18,10.311124801635742,10.416494461758724,10.198230036040995,10.273493532113251,9979800
2003-02-19,10.2032470703125,10.333704247251584,10.110422121019665,10.333704247251584,7042800
2003-02-20,10.047698974609375,10.235858135021637,10.042681282155144,10.155576969807896,8909400
2003-02-21,10.195721626281738,10.205757015200005,10.035159231698934,10.110422734531204,11297600
2003-02-24,9.989997863769531,10.19321012019452,9.98999786376953,10.19321012019452,8390400
2003-02-25,10.130492210388184,10.145544334803708,9.909718467697177,9.959894448812483,11328800
2003-02-26,9.964912414550781,10.115439404977066,9.914736432066263,10.110421711025888,9374600
2003-02-27,10.100383758544922,10.193209637531492,9.962400559518128,9.997523451231093,9354000
2003-02-28,10.090349197387695,10.195717871139504,10.022611782678528,10.10038362558286,8920800
2003-03-03,9.836957931518555,10.145538753637402,9.836957931518555,10.075292992935239,11912800
2003-03-04,9.626221656799316,9.841977631015608,9.611169537592446,9.841977631015608,12807600
2003-03-05,9.420502662658691,9.626223287570097,9.285027824684722,9.395415155045914,23918800
2003-03-06,9.420502662658691,9.473187002861767,9.332695428986899,9.420502662658691,14582000
2003-03-07,9.458134651184082,9.493257543798984,9.32015144861394,9.32015144861394,14152600
2003-03-10,9.30008602142334,9.43305160759243,9.285032934355527,9.382876564754914,11275400
2003-03-11,9.448101043701172,9.58357590387816,9.307608489773866,9.307608489773866,12187600
2003-03-12,9.602039337158203,9.652510171105968,9.45819808613028,9.463245265790166,17142400
2003-03-13,9.955328941345215,9.955328941345215,9.715593329008398,9.735782036959135,16248600
2003-03-14,10.068894386291504,10.096652433306998,9.957858347624777,10.005806078013114,13410200
2003-03-17,10.343955993652344,10.343955993652342,10.018420200639778,10.068891022933727,14134200
2003-03-18,10.338905334472656,10.351522795135645,10.169828281106861,10.351522795135645,12957600
2003-03-19,10.550886154174805,10.560979549139981,10.285914561332191,10.338909457491269,12900000
2003-03-20,10.480219841003418,10.560972724446401,10.333855600756873,10.550879336003756,9475400
2003-03-21,10.661919593811035,10.674537057604915,10.42218393112418,10.586213848396971,13678800
2003-03-24,10.323766708374023,10.596308556088811,10.288437423518584,10.548360844370018,9899400
2003-03-25,10.346479415893555,10.394426169071423,10.237967481592845,10.321244485305392,10120200
2003-03-26,10.278342247009277,10.361619236939083,10.260677605990967,10.359095166707474,9894800
2003-03-27,10.311150550842285,10.409568131883212,10.129455962673841,10.21525607790328,8500400
2003-03-28,10.278342247009277,10.366666414751561,10.202636505123559,10.311148421465024,7672600
2003-03-31,10.21525764465332,10.265728478291102,10.02094556087106,10.17488117027331,11954400
2003-04-01,10.19254207611084,10.240489783658797,10.063842412096848,10.220301072554241,13867600
2003-04-02,10.460037231445312,10.530695798448843,10.34647813258194,10.38433148641999,10338600
2003-04-03,10.396950721740723,10.482750837429565,10.333862429694541,10.460039013786902,8541200
2003-04-04,10.57359790802002,10.750244351886677,10.384333035890672,10.626591841180018,8908400
2003-04-07,10.5231294631958,10.765388323282764,10.497893563613115,10.737629315067378,10194400
2003-04-08,10.560976028442383,10.61144683704659,10.500411828237818,10.58621191406979,6925600
2003-04-09,10.515549659729004,10.765379567830394,10.45498547528951,10.593779440834568,8999200
2003-04-10,10.45750904083252,10.56854498826203,10.422179771250546,10.560973742887038,6655400
2003-04-11,10.454989433288574,10.586213166119327,10.422183259418206,10.53574235154585,6974600
2003-04-14,10.702293395996094,10.722482103169986,10.45498750901918,10.45498750901918,6648400
2003-04-15,10.732575416564941,10.813328319375993,10.596305494727876,10.725005132754697,7816600
2003-04-16,10.068894386291504,10.523130013365673,9.970475816750218,10.258159311126674,30495000
2003-04-17,10.195067405700684,10.25310851331989,9.841772618934986,10.073937049411814,23306200
2003-04-21,10.12188720703125,10.296010571934723,10.073939481982393,10.232922270681874,7049600
2003-04-22,10.197587966918945,10.205158251302395,10.013370333267005,10.06888831914726,13456200
2003-04-23,10.094121932983398,10.22029845714569,10.018416211016119,10.164780478466126,12061000
2003-04-24,10.071413040161133,10.119359786689964,9.904860018483742,10.081507396056917,11738600
2003-04-25,9.947763442993164,10.129458068942272,9.904863857783589,10.106746240698634,10260400
2003-04-28,10.177403450012207,10.232920490855824,10.031038154490597,10.053749977497368,11037600
2003-04-29,10.303579330444336,10.34647890284715,10.177402758458395,10.177402758458395,10469400
2003-04-30,10.195067405700684,10.30862555041387,10.126931941282264,10.250584442794663,12709600
2003-05-01,10.205160140991211,10.24301349521898,9.952807013208187,10.195066747494488,10425800
2003-05-02,10.346479415893555,10.36919123848326,10.139549904587756,10.144597083235569,10687800
2003-05-05,10.22786808013916,10.371709231384386,10.169826998290246,10.346474313241528,7072000
2003-05-06,10.35152530670166,10.422183873678556,10.25058367160543,10.308624774857991,10097000
2003-05-07,10.919320106506348,10.96979092529483,10.664442904817367,10.72753118764027,31069400
2003-05-08,10.820905685424805,10.942035108144166,10.780529211185018,10.86380526814473,15021800
2003-05-09,11.1010103225708,11.148957052188752,10.957168208416098,11.002591831275389,16121800
2003-05-12,11.22971248626709,11.285230474022683,11.070729770290118,11.101012834148063,10735400
2003-05-13,11.166624069213867,11.2196179863028,11.010165425243896,11.179241530999239,9108200
2003-05-14,11.166624069213867,11.259994441606363,11.078300874065649,11.25494726436209,7854800
2003-05-15,11.265039443969727,11.350839515256164,11.217092713381888,11.229710172731274,8908800
2003-05-16,11.090921401977539,11.350844844685357,11.090921401977539,11.292803734306469,9979000
2003-05-19,11.131293296813965,11.19690466688015,11.007639877555905,11.02782858382273,9228400
2003-05-20,11.23476791381836,11.247385385032812,11.09597380515669,11.154014942864249,12090000
2003-05-21,11.138866424560547,11.194384418319899,11.05559039657226,11.166625421440223,10507000
2003-05-22,11.237284660339355,11.323084763728653,11.12624962880942,11.138867092879739,10194600
2003-05-23,11.151485443115234,11.282709197706167,11.116156155850538,11.17924444386632,5883000
2003-05-27,11.270092010498047,11.318038764017855,11.065685605732945,11.098491785852236,8908200
2003-05-28,11.143914222717285,11.257473324159367,11.133819866444478,11.237284611613752,10108800
2003-05-29,11.259995460510254,11.43159565174095,11.191860005523003,11.191860005523003,14845000
2003-05-30,11.49973201751709,11.595626476129338,11.353367703199146,11.376079523327025,11478200
2003-06-02,11.557771682739258,11.663760484357194,11.441689488827299,11.593100962395013,9052200
2003-06-03,11.636005401611328,11.704140876419158,11.545158101867555,11.6208638641037,7629800
2003-06-04,11.757123947143555,11.777311682510788,11.557764886147803,11.583000758669478,7991000
2003-06-05,11.805081367492676,11.822746012953617,11.686476028347922,11.757134610191688,7891800
2003-06-06,11.83283519744873,11.923682455898714,11.784888461111485,11.825264913461417,8624800
2003-06-09,11.827795028686523,11.858078107879985,11.70918967112442,11.70918967112442,6309400
2003-06-10,11.759654998779297,11.827790456650106,11.678902077447395,11.827790456650106,8389400
2003-06-11,11.866143226623535,11.866143226623533,11.559347870330752,11.759652660194677,8274400
2003-06-12,12.03095817565918,12.03095817565918,11.782479075232711,11.792620348983968,8487200
2003-06-13,12.00560188293457,12.063919281542143,11.91939477409299,12.018280167024995,6256000
2003-06-16,12.221117973327637,12.221117973327637,11.992922441173246,12.030955352271347,8161800
2003-06-17,11.96756362915039,12.256610557376767,11.861072095625701,12.195758114331692,18057400
2003-06-18,11.916853904724121,11.98024142549393,11.830646837788507,11.843324148499107,10643600
2003-06-19,11.693730354309082,11.891500090238614,11.64809125888049,11.86614449988002,10096200
2003-06-20,11.782474517822266,11.833183768616431,11.688660275975748,11.749512731032489,14901800
2003-06-23,11.853466987609863,11.866144298966075,11.607523084988564,11.734298132984392,10415200
2003-06-24,11.959959030151367,11.992920817492665,11.807829340789498,11.828113815220135,8915600
2003-06-25,11.825579643249512,12.036026746286108,11.817973447743125,11.962496965667265,9179400
2003-06-26,11.886431694030762,11.901644084512515,11.736837061918573,11.790082363038904,8056600
2003-06-27,11.792619705200195,11.97771220751172,11.772336191587668,11.878826814292323,6847400
2003-06-30,11.767261505126953,11.817971724615667,11.635415321343093,11.752048149115243,13898000
2003-07-01,11.787544250488281,11.825576184112505,11.637949656912564,11.726691802585936,11637800
2003-07-02,11.759654998779297,11.795151861314668,11.67344791810041,11.777403430046983,8860000
2003-07-03,11.72161865234375,11.777399972648029,11.637947639104011,11.70133515137099,6110800
2003-07-07,11.397077560424805,11.75204713168029,11.397077560424806,11.721621389507972,21706800
2003-07-08,11.211991310119629,11.397082859147291,11.181564586584436,11.397082859147291,23908400
2003-07-09,11.125784873962402,11.28298575295802,11.075074632191019,11.181565269415252,15254400
2003-07-10,11.15873908996582,11.244946159676626,11.10802984549098,11.151132896737963,12264000
2003-07-11,11.13338565826416,11.18409587537848,10.991397243787455,10.991397243787455,14111800
2003-07-14,11.227198600769043,11.34129634411363,11.161275997512679,11.194237782749319,14658800
2003-07-15,11.153667449951172,11.265229127002652,11.080137701177447,11.232267348721894,11134400
2003-07-16,10.879836082458496,11.194238670472156,10.72009922910866,11.016753385329784,20595200
2003-07-17,11.34890079498291,11.351436837343817,11.186628903688502,11.227196876512105,22579200
2003-07-18,11.38439655303955,11.404680052164702,11.262691689422283,11.389466702408395,14723800
2003-07-21,11.409754753112793,11.445251613145553,11.318476560333188,11.409754753112793,10212600
2003-07-22,11.432576179504395,11.495963716324175,11.343834014843521,11.460466850459825,8531800
2003-07-23,11.452858924865723,11.485820712635492,11.326083859677215,11.47314339956004,7824200
2003-07-24,11.288061141967773,11.602463018837003,11.288061141967773,11.457939403834283,8869800
2003-07-25,11.419893264770508,11.427499455949016,11.105490810765556,11.285511094911849,9610600
2003-07-28,11.31594181060791,11.394541726595444,11.27030271290428,11.389470608270937,8532200
2003-07-29,11.374258995056152,11.480749585471592,11.244947887017988,11.346368325980588,11342000
2003-07-30,11.506107330322266,11.549210396250075,11.38947351354108,11.46046822097684,10619200
2003-07-31,11.40215015411377,11.72162290630571,11.40215015411377,11.528925224656403,13449000
2003-08-01,11.346366882324219,11.470606855884865,11.257624734935803,11.282979357841961,9515400
2003-08-04,11.381864547729492,11.4300396887682,11.219592628312006,11.28298015728552,6996200
2003-08-05,11.247483253479004,11.381864504887618,11.224663704445756,11.371722268157967,8277600
2003-08-06,11.181559562683105,11.277908876153198,11.128314271245785,11.194237842068398,8778400
2003-08-07,11.353976249694824,11.399615357457563,11.20184653529712,11.232272284733234,7603600
2003-08-08,11.371726989746094,11.402153712568346,11.313410555162772,11.384405274530698,6387000
2003-08-11,11.31340503692627,11.371721443065127,11.239876244013624,11.359044131681351,5639400
2003-08-12,11.321016311645508,11.364119379457595,11.206918533294084,11.364119379457595,7505200
2003-08-13,11.285517692565918,11.343835083082823,11.206917758526615,11.343835083082823,7626800
2003-08-14,11.424971580505371,11.452861288139555,11.275376934025712,11.333693359979858,7240000
2003-08-15,11.412284851074219,11.440175505283008,11.361575625839846,11.440175505283008,4643000
2003-08-18,11.374258995056152,11.435110484660122,11.348903401707007,11.412290934254385,6087800
2003-08-19,11.232275009155273,11.376798563052857,11.140996771489986,11.336230564892437,8300000
2003-08-20,11.128314018249512,11.163810878400724,11.069997609827253,11.156204684716005,7283800
2003-08-21,11.057318687438965,11.204377224820048,11.021821832457903,11.138454632314755,8552400
2003-08-22,10.973654747009277,11.173959680958703,10.953371229525171,11.092823676587347,9080800
2003-08-25,11.173952102661133,11.173952102661133,10.97364730456063,11.016751321709117,6703200
2003-08-26,11.214521408081055,11.28298005481676,11.064926802373458,11.118172094095588,7485000
2003-08-27,11.146065711975098,11.214524376833445,11.092820406157664,11.214524376833445,6206400
2003-08-28,11.113103866577148,11.146064690653137,11.049716327207351,11.085213194499703,7210000
2003-08-29,11.034505844116211,11.115641838268605,11.00915024143275,11.0801449617291,7710800
2003-09-02,11.100421905517578,11.118170333280755,10.922937627885814,11.011679766701697,12356200
2003-09-03,11.082676887512207,11.179026215881942,11.031966663779869,11.100425320735965,13377400
2003-09-04,11.282978057861328,11.305797602734437,11.10802885864533,11.133383478630227,11328200
2003-09-05,11.194235801696777,11.35904276428013,11.148596712435728,11.282977937917295,7674400
2003-09-08,11.224662780761719,11.275372993020069,11.181558761816223,11.257624563812174,6593400
2003-09-09,11.244946479797363,11.359044217547567,11.15873940763242,11.16127545025846,8581200
2003-09-10,11.397077560424805,11.47314239946406,11.277908700025936,11.28551489376479,11486800
2003-09-11,11.333377838134766,11.51173604890413,11.312994570261324,11.504092444948345,11522200
2003-09-12,11.208527565002441,11.264582279604845,11.132087638953102,11.24165049618485,10193200
2003-09-15,11.083678245544434,11.208529301726106,11.076034640544764,11.208529301726106,10719000
2003-09-16,10.935897827148438,10.98940598993277,10.83652705222302,10.974117804569476,18932800
2003-09-17,10.958824157714844,11.045455220984183,10.884933728552635,10.93589237708549,9438000
2003-09-18,11.10915756225586,11.208529286991876,11.037814657088225,11.058198899692798,10341800
2003-09-19,11.002142906188965,11.114253321551766,10.98430718038066,11.1091572610388,11161200
2003-09-22,11.017430305480957,11.106608928190727,10.879839597322377,11.002142125027529,10950600
2003-09-23,11.0632963180542,11.119352025046677,10.991953397863329,11.081133020076306,10899600
2003-09-24,10.953730583190918,11.109156037839218,10.902770955646433,11.09641637394661,11325200
2003-09-25,10.969015121459961,11.058194690952012,10.928247623741079,10.951179401956313,9619200
2003-09-26,10.963916778564453,11.027616041227688,10.923149289338927,10.95627317807642,9366000
2003-09-29,10.974115371704102,11.083678245915918,10.920608192756243,10.958827189730062,9579600
2003-09-30,10.946083068847656,11.055645898465713,10.85435595828614,10.943535525542632,10289200
2003-10-01,11.183048248291016,11.183048248291016,10.95627891008648,10.95627891008648,12962800
2003-10-02,11.274774551391602,11.297706335120852,11.134636305034652,11.198335596285451,8843800
2003-10-03,11.221270561218262,11.577986110166325,11.167763374672202,11.498999588686232,9913200
2003-10-06,11.315543174743652,11.348667081613163,11.23400815166035,11.262035998090386,6665600
2003-10-07,11.379241943359375,11.404721272398303,11.251843354216538,11.277322683255464,9547800
2003-10-08,11.27221965789795,11.338466449937146,11.203424351564891,11.312987138839011,6935800
2003-10-09,11.193243026733398,11.338477378315675,11.149926989749126,11.335929833539824,10227000
2003-10-10,11.167760848999023,11.234007688029878,11.13718448762407,11.157568728540705,6999600
2003-10-13,11.246746063232422,11.27477390529249,11.165211052861672,11.223814280817273,6840400
2003-10-14,11.351214408874512,11.399626496137081,11.172856184798688,11.211076151377123,8420400
2003-10-15,11.491351127624512,11.59836643652979,11.46587180130011,11.504091762760709,17331800
2003-10-16,11.465873718261719,11.468421262530482,11.338475121392145,11.341022665660907,13005400
2003-10-17,11.47861385345459,11.532121033056441,11.391982765157891,11.51428530652249,11085000
2003-10-20,11.621297836303711,11.631489955287426,11.45567930472719,11.516831046655524,8543600
2003-10-21,11.66716480255127,11.713028379380404,11.618752709245937,11.690096590965837,9734600
2003-10-22,11.547409057617188,11.674807657963338,11.504094000047104,11.565244783907714,8019800
2003-10-23,11.59836483001709,11.616200550368507,11.46841775662948,11.521925889657597,7373400
2003-10-24,11.567792892456055,11.567792892456055,11.42510611518736,11.478613292172813,7056400
2003-10-27,11.514287948608398,11.603467573715637,11.49390467302422,11.56779611246251,5982200
2003-10-28,11.562697410583496,11.631492772424815,11.404722443996382,11.631492772424815,9601000
2003-10-29,11.682455062866211,11.779278302775435,11.562701000531263,11.562701000531263,12100000
2003-10-30,11.720672607421875,11.756344064189447,11.603466114621488,11.682452634042738,8750000
2003-10-31,11.82258415222168,11.822584152221678,11.656965671918616,11.723212480855643,11217600
2003-11-03,11.893935203552246,11.921963055379996,11.771632645373801,11.822592287608403,9327800
2003-11-04,11.949987411499023,11.975466739175737,11.848068156844079,11.848068156844079,8834800
2003-11-05,11.970380783081055,11.972929301184282,11.855721767807555,11.916873566611711,7830200
2003-11-06,11.980563163757324,11.985659223842584,11.899028146341312,11.949987775219839,6969200
2003-11-07,11.881195068359375,11.97801731562256,11.822591822287142,11.911770463706997,7444000
2003-11-10,11.87864875793457,11.924512345461206,11.835333687478567,11.835333687478567,4864800
2003-11-11,11.853167533874512,11.934702571626367,11.812400014998582,11.881195385346896,5364600
2003-11-12,11.995849609375,12.018780418481686,11.794559638997734,11.812395360730005,6520200
2003-11-13,11.95763111114502,11.985658954998234,11.863356431617525,11.886288215499787,6847000
2003-11-14,11.896482467651367,11.972922415187307,11.845523798593153,11.9168667128541,7043000
2003-11-17,11.893935203552246,11.927059116800889,11.789468374359762,11.837879499896752,6101200
2003-11-18,11.848067283630371,11.919410173446366,11.799656175822943,11.853163343184939,8956000
2003-11-19,11.939799308776855,11.949991432066293,11.848072143120666,11.873551479369887,8055200
2003-11-20,11.8353271484375,11.955081141282092,11.751243627103484,11.911766094757736,7387000
2003-11-21,11.827683448791504,11.853163747433339,11.771628735727484,11.81494378545759,6645800
2003-11-24,11.827683448791504,11.944890878595928,11.77927233933303,11.820039845185958,7904400
2003-11-25,11.865904808044434,11.919411983532047,11.769081605752,11.797109451571451,6966800
2003-11-26,11.952946662902832,11.96830740900999,11.822383739048533,11.860785116022637,6502000
2003-11-28,11.904305458068848,11.955506967184506,11.832623931259464,11.840303815821168,3406000
2003-12-01,12.037429809570312,12.045109694654178,11.876145386695763,11.942707646048014,8321200
2003-12-02,12.034869194030762,12.050229940782561,11.914546762531687,12.009268926032055,9536000
2003-12-03,12.134709358215332,12.208950506316915,12.032306360259032,12.032306360259032,10977400
2003-12-04,12.073270797729492,12.132152196494497,12.009269149951752,12.096311429992985,8888200
2003-12-05,12.00414752960205,12.032308407661223,11.904305126728655,11.993907032746439,8945000
2003-12-08,12.224313735961914,12.272954632763852,11.932466401975157,11.968307165575277,14496200
2003-12-09,12.226873397827148,12.285755768537669,12.150071621866235,12.150071621866235,10372600
2003-12-10,12.336957931518555,12.39072006072352,12.201274743507053,12.201274743507053,10398600
2003-12-11,12.388158798217773,12.44704019703322,12.2575958663379,12.324157150385206,10501000
2003-12-12,12.639046669006348,12.680007689509218,12.352319525486267,12.416321181058734,13889800
2003-12-15,12.746569633483887,12.764490018460647,12.685127616000894,12.75168988298978,16332800
2003-12-16,12.97441291809082,13.030734675444775,12.749126865262562,12.79264848955995,17192800
2003-12-17,12.843852996826172,12.987217070557046,12.779851335147935,12.941135796021689,11163200
2003-12-18,12.784966468811035,12.848968104876226,12.649283312860819,12.792647329218333,14947200
2003-12-19,12.825929641723633,12.851530886423433,12.738887362919568,12.808009258727585,14125000
2003-12-22,12.841291427612305,12.843851063995587,12.736328757319013,12.813130544457668,9522400
2003-12-23,12.843852996826172,12.889934271361529,12.777291698379463,12.838733723289225,7370200
2003-12-24,12.774731636047363,12.831052432368258,12.756811249501466,12.802891545913898,3341400
2003-12-26,12.790087699890137,12.820809190705553,12.767047070072342,12.787528063949289,2147400
2003-12-29,12.841291427612305,12.841291427612305,12.741449006673285,12.772169526211204,7101400
2003-12-30,12.933449745178223,13.012812119407565,12.790085739773168,12.800326235142256,7118600
2003-12-31,12.992335319519043,13.007696067527487,12.902733397605719,12.933453917034901,6974600
2004-01-02,12.889932632446289,13.053777685843977,12.802890344567533,13.005135804136957,7210200
2004-01-05,12.905296325683594,12.951377604874992,12.81569438091585,12.889935573757144,9740200
2004-01-06,12.851530075073242,12.89505072343389,12.831049080606421,12.856650323689948,8223200
2004-01-07,12.769609451293945,12.861771983330367,12.728648434454167,12.851531484973503,10242800
2004-01-08,12.831048965454102,12.84128946259561,12.713286178089438,12.751687554076314,9070800
2004-01-09,12.695367813110352,13.007696189428406,12.692808176712143,12.831051003732851,13127800
2004-01-12,12.802889823913574,12.815690935371302,12.65952675082886,12.672326885698897,9204400
2004-01-13,12.726085662841797,12.851529304965148,12.69536514957001,12.738885795322748,8906000
2004-01-14,12.749122619628906,12.761922748422853,12.697921127865893,12.728642608876038,7565200
2004-01-15,12.731200218200684,12.746560956261542,12.590396870697564,12.64671860033364,9990200
2004-01-16,12.769609451293945,12.80800985525067,12.695367303088197,12.731208070749545,8282800
2004-01-20,12.782410621643066,12.815691755705643,12.710729080512364,12.723529216201738,8777000
2004-01-21,12.744009971618652,12.797772107149347,12.713289448878122,12.754250471394768,7990200
2004-01-22,12.628806114196777,12.723528283258021,12.552003352516529,12.680006653200033,11138600
2004-01-23,12.810567855834961,12.838728732280002,12.633922713256961,12.646723821886507,11214600
2004-01-26,12.848974227905273,12.90273637002623,12.756812648386342,12.77473303689735,8437000
2004-01-27,12.797768592834473,12.948812504997598,12.795207980299692,12.810568725745746,8519400
2004-01-28,12.644165992736816,12.874572326560632,12.580164341851056,12.749128661125956,10017800
2004-01-29,12.695367813110352,12.838731866102906,12.569924144668404,12.608325526755536,8916600
2004-01-30,12.60576343536377,12.646724445871886,12.45471952600493,12.569921696655085,12398200
2004-02-02,12.700488090515137,12.792650626457421,12.523842904429857,12.544323902011572,8595600
2004-02-03,12.756808280944824,12.800328930546637,12.626244378964195,12.66208514371571,7749600
2004-02-04,12.736330032348633,12.79521144093579,12.644167487920805,12.65440798765452,9109400
2004-02-05,12.897610664367676,12.948812171280744,12.692805613302914,12.697924885065456,10215800
2004-02-06,13.053772926330566,13.056332561840325,12.859207423618134,12.864327671225027,10103000
2004-02-09,13.41474437713623,13.512026168551795,13.081935061849943,13.081935061849943,11581000
2004-02-10,13.355863571166992,13.414745947320574,13.289302286271319,13.401944836320787,10408000
2004-02-11,13.261143684387207,13.29698445753776,13.084499455321827,13.209942161348772,11974200
2004-02-12,13.194578170776367,13.235539180797524,13.130576531581589,13.138256415776958,6958200
2004-02-13,13.092174530029297,13.307220066481884,13.069133901959825,13.307220066481884,8566200
2004-02-17,13.092174530029297,13.153616530410378,13.030733506235682,13.13313553808753,7491600
2004-02-18,13.117777824401855,13.145937728373825,13.033295182723093,13.092176579989676,7385200
2004-02-19,13.05633544921875,13.153618222088825,13.017934071968364,13.094736826469134,9698800
2004-02-20,13.040976524353027,13.048657386828397,12.841291678572503,12.915533830778806,14664600
2004-02-23,12.887370109558105,13.081934663045454,12.864329480380489,12.941131252110035,11319600
2004-02-24,12.744009971618652,12.915534924811228,12.68256892613759,12.856653515980287,14578400
2004-02-25,12.710723876953125,12.810566261679291,12.6902428869645,12.697922769916557,10332400
2004-02-26,12.756808280944824,12.787528796933609,12.664645756390874,12.708166405992685,9824000
2004-02-27,12.790087699890137,12.887370467630545,12.447038865151628,12.575042147119914,14180400
2004-03-01,12.703046798706055,12.756808925135793,12.621124767540682,12.731207680029335,15142800
2004-03-02,12.616007804870605,12.72609074603483,12.549446503430513,12.646729307001015,12598600
2004-03-03,12.580160140991211,12.623681756886068,12.544319384717426,12.544319384717426,11588800
2004-03-04,12.50080394744873,12.557124740778653,12.429121428484095,12.518724333042949,8508000
2004-03-05,12.825929641723633,12.864331020479518,12.436800488162957,12.480321139271174,22941800
2004-03-08,12.764486312866211,12.85152857602213,12.738885072768909,12.79520682439552,12211400
2004-03-09,12.846409797668457,12.95393208861562,12.703045766484673,12.736326894124893,12788400
2004-03-10,12.774731636047363,12.920655341685567,12.728650363047105,12.84641318223095,11676000
2004-03-11,12.396503448486328,12.767008799850883,12.3759193271025,12.748998184392498,18371000
2004-03-12,12.465974807739258,12.465974807739258,12.267857033595238,12.43767212836082,15979600
2004-03-15,12.2755765914917,12.545736857743716,12.242128859954533,12.517435157559603,16688400
2004-03-16,12.391357421875,12.465973389656476,12.311595423746018,12.350190160599865,11500800
2004-03-17,12.576610565185547,12.610058290125309,12.401649459712461,12.447962751249744,9687000
2004-03-18,12.617781639099121,12.736137428122438,12.574040858761236,12.574040858761236,9101600
2004-03-19,12.550883293151855,12.664094023553423,12.509716022507238,12.620353246396867,12974200
2004-03-22,12.41451644897461,12.550882844073417,12.337327941965945,12.440245624142456,11216800
2004-03-23,12.38364028930664,12.47626688318964,12.368202196491128,12.427380080026367,8855600
2004-03-24,12.476266860961914,12.504568558815704,12.388786298173276,12.427380057885738,10076200
2004-03-25,12.545733451843262,12.548306957573697,12.383637925000622,12.51743175934246,8376600
2004-03-26,12.550883293151855,12.64865592899726,12.440246069262228,12.504569990988516,8349200
2004-03-29,12.71041202545166,12.818475782786436,12.653806639320766,12.705265992030167,9608200
2004-03-30,12.923958778381348,12.957407483553125,12.725841034679105,12.748997679566507,14505400
2004-03-31,12.941975593566895,12.98828890553019,12.821047262556386,12.880225165286074,10403200
2004-04-01,13.01401138305664,13.034594519826284,12.9239573378632,12.988281235213607,8979400
2004-04-02,13.104065895080566,13.137514600221055,13.026877406029726,13.134941094399922,9452800
2004-04-05,13.01401138305664,13.083480328470872,12.9908547407503,13.057751162132622,9491000
2004-04-06,13.088630676269531,13.152954594841828,12.900804951819039,12.916243045618227,9925800
2004-04-07,13.142660140991211,13.186399923272909,13.014012336861718,13.044887535031437,11291200
2004-04-08,13.183831214904785,13.268738279822738,13.122079819187524,13.204414359140447,8024800
2004-04-12,13.083478927612305,13.1786789921812,13.062895793046513,13.134938236283796,9983600
2004-04-13,13.093772888183594,13.11950303701029,13.006292345182464,13.086054334287995,12863000
2004-04-14,13.170961380004883,13.250723369160985,13.047459610072893,13.070616253279193,8876400
2004-04-15,13.173543930053711,13.302191818078638,13.127230611844297,13.2352943666626,8750000
2004-04-16,13.361361503601074,13.392236702898897,13.188972929386372,13.237859724904888,10517000
2004-04-19,13.636674880981445,13.765322757217119,13.45656765795042,13.45656765795042,17597800
2004-04-20,13.451414108276367,13.657251380432934,13.433403494188394,13.649531844748907,9239600
2004-04-21,13.412822723388672,13.559481167708926,13.250726186480225,13.276455359288855,14946400
2004-04-22,13.240439414978027,13.276460663904427,13.044895071589542,13.044895071589542,18415600
2004-04-23,13.134943008422852,13.212131508721592,13.057754508124109,13.186402335790357,13696000
2004-04-26,13.042316436767578,13.168391739948664,12.998576646412019,13.134943029879391,11161600
2004-04-27,13.04745864868164,13.068042766239326,12.995999336292178,13.057750707460483,11534200
2004-04-28,12.918816566467285,13.068048540182414,12.903379452983087,13.044891888450936,9501200
2004-04-29,12.983136177062988,13.029449465140894,12.808175084658643,12.900801660814455,10371400
2004-04-30,13.011443138122559,13.18125825652469,12.929108594746083,12.983140454804674,10971200
2004-05-03,13.024311065673828,13.109219137396266,12.936830468219846,13.032030605879324,8053800
2004-05-04,12.934248924255371,13.006291372573154,12.83904983447762,12.998572819254747,10786000
2004-05-05,13.14523696899414,13.178685683840358,12.954837724683184,13.070620982608416,11156200
2004-05-06,13.140090942382812,13.23271754875838,13.057756399272346,13.057756399272346,9009600
2004-05-07,13.055176734924316,13.271305037774813,13.034592619650633,13.096343983967047,10231800
2004-05-10,12.846773147583008,13.019160778929452,12.80303237239481,12.993431603998824,13490400
2004-05-11,12.877650260925293,12.890514850295798,12.684678475851973,12.710408636098235,10300800
2004-05-12,12.844197273254395,12.864781394608132,12.676955704027446,12.864781394608132,8902400
2004-05-13,12.76444149017334,12.836483981438883,12.671814869114593,12.77987860601291,7085000
2004-05-14,12.864785194396973,12.875077258113741,12.682105480197787,12.700116100949526,8548800
2004-05-17,12.815899848937988,12.89566089199797,12.738710349646677,12.769586541965303,7597800
2004-05-18,12.890511512756348,12.988284133366893,12.74385307259303,12.787593842933934,9899400
2004-05-19,12.700115203857422,12.905951556127162,12.687250615872777,12.872502842162971,9078400
2004-05-20,12.76957893371582,12.85191343449922,12.651222230023098,12.653795735268957,7053400
2004-05-21,12.705254554748535,12.934247437584975,12.684670439592407,12.934247437584975,9992000
2004-05-24,12.821041107177734,12.841624246220928,12.71040391299401,12.76186225135444,9990000
2004-05-25,12.965127944946289,12.998576655037759,12.743853523811241,12.787594295700861,11520800
2004-05-26,12.921388626098633,13.047462952459146,12.854491203474423,12.972846973957168,7401600
2004-05-27,13.204415321350098,13.22757197374336,13.078340977268608,13.09635159785168,11214800
2004-05-28,13.212130546569824,13.250725284661113,13.170963283974766,13.219850083091059,7948400
2004-06-01,13.140090942382812,13.26359275704851,13.050037842576106,13.173539657241806,6464000
2004-06-02,13.363929748535156,13.381940357483627,13.248147542867722,13.27644922728348,11810600
2004-06-03,13.320197105407715,13.423114785676972,13.302186486822968,13.366510405055665,8386800
2004-06-04,13.44883918762207,13.505444525529189,13.327909959004023,13.38451529691114,7293600
2004-06-07,13.562054634094238,13.57234669653435,13.407677623512946,13.448844891768298,7378000
2004-06-08,13.536319732666016,13.54661179075185,13.448839201945791,13.48228789997241,8212000
2004-06-09,13.317621231079102,13.379372613464952,13.230140678577017,13.353643443348721,13833400
2004-06-10,13.284172058105469,13.379371154963668,13.181253425849974,13.379371154963668,9386000
2004-06-14,13.284180641174316,13.312621044992378,13.185932242424972,13.245398093007658,7353400
2004-06-15,13.245389938354492,13.40568913194333,13.172996945046092,13.40568913194333,9286200
2004-06-16,13.235047340393066,13.245389478014989,13.121286785393501,13.209192982618786,7924400
2004-06-17,13.209197998046875,13.242809464939867,13.175586531153881,13.235052365637852,6106800
2004-06-18,13.286757469177246,13.307441745085757,13.105774000100011,13.147141565636474,10107400
2004-06-21,13.229880332946777,13.361740162403859,13.22471024882921,13.26349179739595,5516800
2004-06-22,13.191097259521484,13.25831919436831,13.134216477995212,13.180755119920212,7195000
2004-06-23,13.263493537902832,13.28417782221073,13.10836535071745,13.201442657541065,6094000
2004-06-24,13.196271896362305,13.286763176632029,13.17300256910995,13.22471229481307,6205600
2004-06-25,12.953232765197754,13.273832183553289,12.953232765197756,13.216951402970686,10580800
2004-06-28,13.02820873260498,13.123871034129555,12.994597280503738,13.017866595607604,7731600
2004-06-29,13.06699275970459,13.147141864973523,13.030796262321125,13.030796262321125,6743400
2004-06-30,13.051484107971191,13.092851688888654,12.989433229735459,13.043727994761955,8854000
2004-07-01,13.020450592041016,13.154895393194549,12.979083036784566,13.059232120311258,9761200
2004-07-02,13.06440544128418,13.222119581113704,13.046307194380512,13.082503688187849,6780200
2004-07-06,13.098026275634766,13.198859719544808,13.03597439446179,13.046316539037486,5764600
2004-07-07,13.035968780517578,13.108362775089752,12.973917912348023,13.059238102651355,6745000
2004-07-08,13.07216739654541,13.219539453988789,13.033384860889425,13.0644102976457,8869200
2004-07-09,13.191097259521484,13.191097259521484,13.017869873182708,13.07475065470898,6813400
2004-07-12,13.141968727111816,13.286754682988011,13.064403695000593,13.191092392672617,6718600
2004-07-13,13.098026275634766,13.134222795368505,13.028218279170616,13.03597439446179,5210600
2004-07-14,13.227294921875,13.276418609868093,13.056653548611703,13.059238590598369,8310000
2004-07-15,13.144556045532227,13.27900087519907,13.12645779791174,13.276414847664416,8425000
2004-07-16,13.077341079711914,13.25056753801348,13.007533093353045,13.25056753801348,7449600
2004-07-19,13.015279769897461,13.105770990515566,12.940300766367983,13.095429841216593,9049600
2004-07-20,12.94806957244873,13.012706498861638,12.880846616661819,12.950654615541506,8366800
2004-07-21,12.720541954040527,13.015286056453773,12.72054195404053,12.914452651552486,9999800
2004-07-22,12.661076545715332,12.72829848912214,12.552486038635607,12.68175984127095,8141800
2004-07-23,11.678595542907715,12.115541652710291,11.404535696436502,12.115541652710291,50347800
2004-07-26,11.453653335571289,11.756154404495957,11.407114709582878,11.725127996316765,21925000
2004-07-27,11.31145191192627,11.520875719527996,11.233887867500556,11.466580000777695,27922000
2004-07-28,11.293356895446777,11.41745959925293,11.257160396788393,11.31145514477597,25208600
2004-07-29,11.133057594299316,11.29335679534297,11.06583468057479,11.29335679534297,26268800
2004-07-30,11.33989429473877,11.370919720733262,11.133056477641313,11.135641518857309,17788200
2004-08-02,11.430389404296875,11.531222812653253,11.290773460596883,11.321799883384111,15973400
2004-08-03,11.404528617858887,11.471750523492343,11.350233887968756,11.451067239559084,12271600
2004-08-04,11.427803993225098,11.510539145424671,11.329555630132802,11.339897770727951,10292400
2004-08-05,11.337310791015625,11.500196039737116,11.311456427978252,11.427803034207889,15254600
2004-08-06,11.246818542480469,11.34765193022884,11.177010584897603,11.308870389092121,17143200
2004-08-09,11.174429893493652,11.288190505907467,11.156331636661479,11.246822920822352,9179800
2004-08-10,11.23647689819336,11.23906292615134,11.133058464329919,11.182182146444001,10483200
2004-08-11,11.492440223693848,11.536392839244089,11.1821829278612,11.236477683404706,13898400
2004-08-12,11.334729194641113,11.541567120654797,11.324387051770174,11.489857392581118,11305000
2004-08-13,11.471755981445312,11.479513079606157,11.301114616118122,11.334726078066423,8895200
2004-08-16,11.510540962219238,11.544152431318219,11.40970754120327,11.505369891105476,9069400
2004-08-17,11.461418151855469,11.588105951950352,11.438148823185646,11.510541851811295,8221200
2004-08-18,11.523465156555176,11.533807296098946,11.414875650187726,11.479512542915222,8944000
2004-08-19,11.381265640258789,11.518295554694575,11.285603302989324,11.466585836666463,10514000
2004-08-20,11.430389404296875,11.430389404296873,11.262334052463192,11.350240277798648,9611600
2004-08-23,11.46399974822998,11.562248104887821,11.376093531489964,11.438145384716165,8768200
2004-08-24,11.381265640258789,11.505368371757756,11.373509527752866,11.505368371757756,9699600
2004-08-25,11.46399974822998,11.492440139863625,11.301114496506855,11.370922461531052,9734400
2004-08-26,11.495027542114258,11.544152223670912,11.422634520385653,11.464002102270706,5642400
2004-08-27,11.562249183654785,11.606201802985234,11.505368395080476,11.5182955780435,5444200
2004-08-30,11.46658706665039,11.54932222985777,11.464002024298072,11.505369605901762,5287800
2004-08-31,11.559660911560059,11.56224693941922,11.381263454223317,11.474340731540105,7030200
2004-09-01,11.541563034057617,11.598443813426613,11.453656823342204,11.582930604613065,7076200
2004-09-02,11.735477447509766,11.756161732522466,11.518297386281388,11.541566713780178,10707400
2004-09-03,11.761336326599121,11.862169780535767,11.740652035390942,11.748408151453365,9841800
2004-09-07,11.80269718170166,11.841478726145239,11.673423394328283,11.815624363182854,8490200
2004-09-08,11.233892440795898,11.725132246328387,11.220965259175705,11.725132246328387,23239400
2004-09-09,11.249403953552246,11.280430371017514,11.12271620088476,11.195109202409038,18173800
2004-09-10,11.107202529907227,11.166668348153209,11.032223503574217,11.130471848897448,20256000
2004-09-13,11.130606651306152,11.174817521483666,11.05258857740578,11.130606651306152,18311200
2004-09-14,11.148815155029297,11.232034598373103,11.065595711685491,11.065595711685491,18448400
2004-09-15,10.704110145568848,10.724915500637634,10.501262893917852,10.615689370634374,61406200
2004-09-16,10.412840843200684,10.753520058253557,10.389435317642915,10.717111683397874,43299200
2004-09-17,10.480454444885254,10.553272174075348,10.389433523464685,10.389433523464685,24090600
2004-09-20,10.516865730285645,10.529869572998292,10.43104612229487,10.506464044991006,14747000
2004-09-21,10.592283248901367,10.659899657033577,10.49866114044377,10.571478887051832,15514000
2004-09-22,10.511662483215332,10.649495452925247,10.506462137539096,10.602684405409235,20142000
2004-09-23,10.407638549804688,10.571477213671125,10.407638549804688,10.514263491547098,15195200
2004-09-24,10.399835586547852,10.42844145156005,10.332219198564449,10.40503593142019,14931800
2004-09-27,10.306221961975098,10.399844119349067,10.202197122214153,10.202197122214153,17705800
2004-09-28,10.399835586547852,10.418039769761787,10.324417689202358,10.350423381778384,13817200
2004-09-29,10.40503978729248,10.428445316105897,10.308817498639078,10.350427217412491,13398800
2004-09-30,10.415438652038574,10.503859396069101,10.379030285447225,10.4440455092328,12534000
2004-10-01,10.483057975769043,10.602685782939567,10.475255472133496,10.527267864137073,15593800
2004-10-04,10.59748649597168,10.63649604553921,10.493461691827637,10.493461691827637,13469800
2004-10-05,10.568876266479492,10.698906734309315,10.555873418107257,10.597483128130651,15395400
2004-10-06,10.636490821838379,10.636490821838379,10.51686205820755,10.555871588617059,12522200
2004-10-07,10.433642387390137,10.652093569613124,10.431042215053923,10.64949339727691,8238000
2004-10-08,10.402436256408691,10.477854157360525,10.379030735149627,10.41804026793261,13898800
2004-10-11,10.40503978729248,10.444049332666157,10.353028382866176,10.433646654959317,7699200
2004-10-12,10.345222473144531,10.36342665711212,10.290609921241767,10.314015442350613,11810200
2004-10-13,10.243800163269043,10.373830631941265,10.207391790769421,10.345223770104777,12224000
2004-10-14,10.181389808654785,10.342627370862688,10.181389808654785,10.272410773113897,10283600
2004-10-15,10.194391250610352,10.269809177609885,10.157982869866846,10.269809177609885,14591400
2004-10-18,10.204790115356445,10.22559447141284,10.14497523556701,10.168380756163955,10428200
2004-10-19,10.241199493408203,10.337421757781067,10.194388447593578,10.337421757781067,15291600
2004-10-20,10.259405136108398,10.272407985780896,10.209992918477527,10.215194256757293,11038000
2004-10-21,10.26720905303955,10.277611732036362,10.181389431451022,10.220397989607964,11923600
2004-10-22,10.116372108459473,10.467454020396568,10.077362566220298,10.402438778033856,22106400
2004-10-25,10.05135726928711,10.150179727363714,9.988942197611546,10.147579554068606,14432800
2004-10-26,10.2203950881958,10.272407476360282,9.960334139427186,10.077361764783822,16715800
2004-10-27,10.514267921447754,10.514267921447754,10.124176361637584,10.176188768023101,17942400
2004-10-28,10.529865264892578,10.597480655886715,10.399834827397035,10.488255564576145,12326400
2004-10-29,10.574082374572754,10.636497463792315,10.532472645777773,10.636497463792315,16822600
2004-11-01,10.54026985168457,10.605285088355814,10.48305711801045,10.584480728488982,11649200
2004-11-02,10.571476936340332,10.727513093607694,10.402436939255946,10.402436939255946,12005400
2004-11-03,10.623492240905762,10.683307148348518,10.558476986084909,10.605288048920247,13773800
2004-11-04,10.756125450134277,10.787332499123334,10.641697950417402,10.65990313705307,17884000
2004-11-05,10.766528129577637,10.854948928417704,10.701512865490946,10.836743741783566,12283600
2004-11-08,10.735320091247559,10.818539549935199,10.709314382427998,10.805536695525419,10122200
2004-11-09,10.724918365478516,10.80813782387538,10.71711585921655,10.779530949041296,10215800
2004-11-10,10.706709861755371,10.789930286423118,10.665100145448442,10.787329121123623,10052000
2004-11-11,10.652094841003418,10.688503210377212,10.235997773797683,10.446646480047109,37510800
2004-11-12,10.607888221740723,10.61308956068602,10.42844550031682,10.58708286595953,23008600
2004-11-15,10.553275108337402,10.613089015052264,10.51166439891428,10.584482148350826,13567400
2004-11-16,10.467456817626953,10.662502596837394,10.441451110553883,10.555877610551185,14366400
2004-11-17,10.47525405883789,10.60788569015537,10.379031791448359,10.480455396541885,14161200
2004-11-18,10.47525405883789,10.529867608702945,10.418041328201436,10.527266443824084,12628600
2004-11-19,10.332220077514648,10.498658905088583,10.327018740146256,10.454449025537734,18230600
2004-11-22,10.368629455566406,10.376431958404757,10.267205847151713,10.376431958404757,14761600
2004-11-23,10.327016830444336,10.363425193236687,10.243797432046543,10.35042234824706,15814800
2004-11-24,10.35042667388916,10.358229177786537,10.29841428014019,10.35042667388916,11893600
2004-11-26,10.36602783203125,10.386832188563371,10.31921678976695,10.324418126913384,6474800
2004-11-29,10.392200469970703,10.468094393922307,10.297987460694959,10.468094393922307,13666800
2004-11-30,10.287521362304688,10.39220171984469,10.26135052418314,10.3450952095413,16382800
2004-12-01,10.407902717590332,10.407902717590332,10.284902291995119,10.324158044342814,20019800
2004-12-02,10.578006744384766,10.5989434080858,10.389581762650822,10.40790084423169,25100400
2004-12-03,10.653899192810059,10.795218658480296,10.598941955598836,10.60155853904535,20564000
2004-12-06,10.570160865783691,10.68269298924812,10.533522685737697,10.669608067562484,11860600
2004-12-07,10.509968757629395,10.598947617063285,10.502118004781408,10.570160192200046,11603200
2004-12-08,10.570160865783691,10.596331707470496,10.512586012388255,10.562310112435416,12023200
2004-12-09,10.680071830749512,10.708858246804597,10.486411678459659,10.504730760637944,15715600
2004-12-10,10.606796264648438,10.661754518622496,10.533519923770056,10.533519923770056,10780000
2004-12-13,10.693161964416504,10.706246886883447,10.530906729532111,10.625118770283455,13432400
2004-12-14,10.80830192565918,10.837089330759653,10.674834227292642,10.693153303572073,14325800
2004-12-15,10.852798461914062,10.876351717009948,10.732414603470986,10.847564294302154,12765800
2004-12-16,10.763816833496094,10.884199662580869,10.716710335451593,10.858029829585096,13292600
2004-12-17,10.716713905334473,10.805692764801359,10.71671390533447,10.72718224134598,22433000
2004-12-20,10.716713905334473,10.784756092778341,10.677458144449048,10.782139507933199,11756400
2004-12-21,10.729795455932617,10.77166778851097,10.677454790630891,10.716710539185975,14368000
2004-12-22,10.881586074829102,10.936543338241675,10.729798206376765,10.732414791070758,14404000
2004-12-23,10.863263130187988,10.939157044443695,10.813540047562775,10.860646546182513,8831800
2004-12-27,10.899907112121582,10.957480970525442,10.847566424041679,10.850183009203658,8800600
2004-12-28,10.952244758605957,10.960096509258234,10.865883487954159,10.926074918606117,10439400
2004-12-29,10.876351356506348,10.923457865136744,10.808308178122283,10.920840282259855,10343200
2004-12-30,10.899907112121582,10.967949307804542,10.813544827042403,10.860651346482756,9978600
2004-12-31,10.89728832244873,10.962713925727906,10.871118480463254,10.907756658569115,9805800
2005-01-03,10.871116638183594,10.983648736618699,10.837095050715575,10.965329650670222,14072000
2005-01-04,10.71932315826416,10.899898336846835,10.703621663302041,10.871110931663234,16860200
2005-01-05,10.669607162475586,10.782139276394082,10.661756409793279,10.729798595775987,13271000
2005-01-06,10.758583068847656,10.769051401762798,10.612029402981177,10.648667569869003,10038600
2005-01-07,10.771669387817383,10.850179898269117,10.690541294638583,10.748116134850331,9732800
2005-01-10,10.831855773925781,10.868493928539738,10.7324086411773,10.74811113528964,10577000
2005-01-11,10.771669387817383,10.81354172661266,10.732413633433863,10.797839225196192,10594000
2005-01-12,10.771669387817383,10.795222640784432,10.690541294638583,10.774285972229142,10857200
2005-01-13,10.661751747131348,10.779516979125944,10.62773016986079,10.771666229876974,9431200
2005-01-14,10.721943855285645,10.75858201859686,10.664369028187977,10.664369028187977,8296400
2005-01-18,10.795225143432617,10.797841728450976,10.625118166088676,10.656523176202212,10045800
2005-01-19,10.755967140197754,10.844945987026671,10.750733971250753,10.753350555724253,8542600
2005-01-20,10.81615924835205,10.871116505526855,10.643434728690728,10.735031155630699,13351600
2005-01-21,10.706242561340332,10.834477145664373,10.680072726979601,10.792604811698089,13431600
2005-01-24,10.71932315826416,10.776897968631365,10.664365929267166,10.716706575208736,13641800
2005-01-25,10.792603492736816,10.842326571271638,10.750731163887739,10.769050245364518,9709400
2005-01-26,10.907754898071289,10.957477989144644,10.769052960966711,10.769052960966711,15601000
2005-01-27,10.928688049316406,10.991497043107085,10.868496637687677,10.907752383596238,11226400
2005-01-28,10.858025550842285,10.894663701924694,10.784748250362723,10.868492880926727,13453000
2005-01-31,10.858025550842285,10.947004345605881,10.831854729844318,10.931301853007103,14094600
2005-02-01,10.839707374572754,10.860644035036273,10.76381447617979,10.860644035036273,10813000
2005-02-02,10.970561027526855,10.973178609843528,10.824008363877887,10.847561613152207,13188200
2005-02-03,10.923457145690918,10.970562652903467,10.886817976035143,10.96532948412508,9620200
2005-02-04,11.114498138427734,11.124965472780003,10.87634906097725,10.88943397765395,15542400
2005-02-07,11.119736671447754,11.14590651507797,11.059544234130277,11.14590651507797,8667000
2005-02-08,11.161602973937988,11.221794380333876,11.106644734780872,11.164219557557374,9454600
2005-02-09,11.190394401550293,11.281990842314192,11.096182374309937,11.20348032045617,14255400
2005-02-10,11.122353553771973,11.27937461638135,11.059544529738881,11.221800759192883,8683800
2005-02-11,11.190394401550293,11.274140089623025,11.077863285820246,11.077863285820246,10168000
2005-02-14,11.216565132141113,11.24535255614982,11.161607867205642,11.24273497306788,6977200
2005-02-15,11.161602973937988,11.237495878680193,11.046453328384986,11.237495878680193,11663400
2005-02-16,11.33171272277832,11.554160342184966,11.292457965223273,11.473032245933318,33930000
2005-02-17,11.253206253051758,11.3448017185759,11.203483142955182,11.342185133124795,14434800
2005-02-18,11.242731094360352,11.271518508437488,11.190390432248748,11.271518508437488,11256600
2005-02-22,11.1982421875,11.29245517969701,11.111879945214376,11.20085877136543,17063600
2005-02-23,11.14328670501709,11.232264546934605,11.09618020146355,11.198243959724469,11546800
2005-02-24,11.164222717285156,11.20609505525116,11.098797126818573,11.156371965890058,9311000
2005-02-25,11.258437156677246,11.26628790906909,11.088330200540955,11.174692470112879,10707200
2005-02-28,11.200857162475586,11.289835975845733,11.172069752515398,11.216559658357948,13223200
2005-03-01,11.323861122131348,11.35788270811452,11.190392360828668,11.200860694718147,9999400
2005-03-02,11.263672828674316,11.357885863220517,11.216566311401218,11.25843866027558,9719200
2005-03-03,11.300312042236328,11.365737655728518,11.26629044369201,11.302928627517135,9450000
2005-03-04,11.420695304870605,11.454716904527272,11.318631504216272,11.368354612702426,13141400
2005-03-07,11.441624641418457,11.47564522093572,11.38666640082321,11.394518148516832,9485000
2005-03-08,11.363118171691895,11.462565367096218,11.344799082843132,11.402373932548079,11534600
2005-03-09,11.308159828186035,11.365734672407704,11.200861890155435,11.310777411095406,12479200
2005-03-10,11.271516799926758,11.355261447285462,11.245346971995264,11.318623288855397,9968600
2005-03-11,11.189854621887207,11.303123005929915,11.142439902760158,11.30048930146605,11803400
2005-03-14,11.152981758117676,11.260981777072299,11.089761769166063,11.221469158371589,11332000
2005-03-15,11.126642227172852,11.247812800903285,11.110836976528448,11.195129636936382,10415800
2005-03-16,11.047615051269531,11.195127683670085,11.02127397630582,11.129273991413202,14509600
2005-03-17,11.063422203063965,11.102934827156872,10.997568499474298,11.0318127066983,8479200
2005-03-18,10.921181678771973,11.092401768312715,10.905377427634626,11.066059675003617,31165400
2005-03-21,10.958056449890137,10.981763824619257,10.865861661970127,10.963324867035256,13221800
2005-03-22,10.905377388000488,11.029181709134903,10.873766876144453,10.968596402016336,13188600
2005-03-23,10.84742259979248,10.897471054916789,10.815813102074383,10.87903209751058,13798200
2005-03-24,10.852693557739258,10.913278861236545,10.776302999258657,10.913278861236545,10321600
2005-03-28,10.83161449432373,10.955419751297372,10.82371237318841,10.908005014790342,11567800
2005-03-29,10.902734756469727,10.918540000916758,10.82371054392933,10.852686322991865,10896000
2005-03-30,11.050250053405762,11.066054296862188,10.918542665414865,10.918542665414865,13239800
2005-03-31,10.976491928100586,11.039711908954452,10.934345609147176,11.039711908954452,9457400
2005-04-01,10.900102615356445,11.05024894217936,10.876395247708219,11.018639453597569,11705200
2005-04-04,10.92381477355957,10.958057982520472,10.865863181705791,10.958057982520472,9298200
2005-04-05,11.026543617248535,11.05025098928866,10.931714129088041,10.968592040073187,8743600
2005-04-06,10.987028121948242,11.084492295314964,10.958052340939078,11.060784929475417,8363000
2005-04-07,11.09503173828125,11.131909651644955,11.016007494666484,11.016007494666484,10670200
2005-04-08,11.089762687683105,11.168787931629845,11.07659214864122,11.121373187200888,7767400
2005-04-11,11.029181480407715,11.137181548222477,11.013377229655562,11.129279422846402,9955200
2005-04-12,11.150344848632812,11.171417502330112,10.981758594817695,11.002832253362339,14217000
2005-04-13,11.089762687683105,11.213567965341795,11.066055315468626,11.150348976001665,13992400
2005-04-14,11.081862449645996,11.187228789593554,11.068691908364523,11.116106660856136,13765800
2005-04-15,10.876396179199219,11.097664627916979,10.839518271887526,11.084494090283892,14048600
2005-04-18,10.792104721069336,10.886934210227361,10.731519437406758,10.831616338320032,15410600
2005-04-19,11.168791770935059,11.305766629873428,11.079230667876548,11.247816037198907,25291800
2005-04-20,11.031813621520996,11.208301079449747,10.965959912470353,11.200398955914984,16812400
2005-04-21,11.058149337768555,11.142441964066617,10.99493037046869,11.142441964066617,16392600
2005-04-22,11.097664833068848,11.210933267532992,11.034444844474681,11.05025009283513,13380200
2005-04-25,11.242546081542969,11.25571662331138,11.092399694717624,11.176692367852977,12265400
2005-04-26,11.316301345825195,11.408497143227544,11.22147184214181,11.242545511781618,17567600
2005-04-27,11.279424667358398,11.313668881859389,11.189863571250568,11.297863627894012,10492600
2005-04-28,11.245172500610352,11.305757757361583,11.226733553114205,11.22936826266924,10612000
2005-04-29,11.442739486694336,11.458544737732968,11.221470996392476,11.250446787539405,16370800
2005-05-02,11.476981163024902,11.490151700227768,11.390054813607929,11.455908504469834,10587800
2005-05-03,11.527029991149902,11.595518394647325,11.463811008526633,11.47698154616918,13355600
2005-05-04,11.571816444396973,11.653475423780407,11.508596427318171,11.584986988207698,11776000
2005-05-05,11.629764556884766,11.653471930576869,11.527031934320473,11.532300351235136,9011800
2005-05-06,11.640303611755371,11.72986471442927,11.616596231493219,11.648206741741461,11362800
2005-05-09,11.740395545959473,11.748297667055565,11.616590289600468,11.642932368000015,9263200
2005-05-10,11.65084171295166,11.69825647862181,11.595524821285872,11.621865911170104,8607000
2005-05-11,11.661377906799316,11.674548451014036,11.534938873611393,11.624499981058852,9109200
2005-05-12,11.635029792785645,11.787810840192073,11.524396072813479,11.635029792785645,7955200
2005-05-13,11.619224548339844,11.714054017198038,11.556004567485214,11.714054017198038,9995000
2005-05-16,11.658740997314453,11.685083085626387,11.611327248048818,11.645570455582448,5694200
2005-05-17,11.695622444152832,11.716695114500654,11.519133931355155,11.598158203643726,8947200
2005-05-18,11.832592010498047,11.837860426935881,11.682445658986703,11.706153030533109,12734800
2005-05-19,11.919522285461426,11.922155991899707,11.822059069678058,11.837863318003617,12546400
2005-05-20,11.866838455200195,11.90635108351949,11.787814203409484,11.90635108351949,12042800
2005-05-23,11.845767974853516,11.898450149197442,11.80889005087354,11.845767974853516,10954600
2005-05-24,11.858939170837402,11.890548678152312,11.790450732665626,11.793085444436604,7739800
2005-05-25,11.827323913574219,11.90634814586729,11.80888495953409,11.81942078695157,7436800
2005-05-26,11.824688911437988,11.866835234611298,11.811518373855256,11.837859449020721,6121200
2005-05-27,11.83523178100586,11.864207581377999,11.78781701764202,11.824694943625424,6379200
2005-05-31,11.756202697753906,11.800982731017134,11.687714287666052,11.79308060864073,12964600
2005-06-01,11.7456693649292,11.835230462992822,11.703523024949144,11.732498822094433,9291200
2005-06-02,11.795713424682617,11.8141523787351,11.66927445195946,11.711420776200512,11104000
2005-06-03,11.65084171295166,11.761476501131401,11.550743762664878,11.753573370287597,9711200
2005-06-06,11.582345962524414,11.635028104477582,11.537564936047284,11.59288178800658,8067200
2005-06-07,11.619224548339844,11.714054017198038,11.582346644861104,11.598150886439132,7902600
2005-06-08,11.563915252685547,11.64820794569721,11.5270363202508,11.62450056298467,8908600
2005-06-09,11.498055458068848,11.566542858194623,11.445372301515679,11.51122599599523,10212600
2005-06-10,11.577082633972168,11.579716340288018,11.474351005239958,11.519131046544608,9273400
2005-06-13,11.55587100982666,11.651308509301744,11.52405884709844,11.558521602016338,8915400
2005-06-14,11.59298324584961,11.664561357351825,11.555868894246291,11.555868894246291,9641600
2005-06-15,11.569124221801758,11.624795750873893,11.505499906087964,11.624795750873893,9612200
2005-06-16,11.606246948242188,11.648663526417703,11.508158800828369,11.585039164799927,7681600
2005-06-17,11.67781925201416,11.717585216533553,11.603590530287816,11.704330232123917,14473400
2005-06-20,11.640702247619629,11.677816600054362,11.60093629213084,11.61154068176655,5860800
2005-06-21,11.579733848571777,11.651311994589449,11.547921676327496,11.611546020816057,7781000
2005-06-22,11.513460159301758,11.616850497853843,11.468391979427997,11.57973612107011,10469000
2005-06-23,11.418022155761719,11.532016886346113,11.39946496811225,11.492250906359601,9401400
2005-06-24,11.187376976013184,11.399459745769414,11.168819796865165,11.380902566621396,15487000
2005-06-27,11.221842765808105,11.25895713079713,11.155566825101817,11.200633979362605,9165200
2005-06-28,11.365001678466797,11.396814868350294,11.258960746061241,11.317282904932473,10173800
2005-06-29,11.319933891296387,11.370303255590391,11.298725099199414,11.36235046419946,7701000
2005-06-30,11.068083763122559,11.30137539266835,11.046874973486236,11.282818207381943,20526600
2005-07-01,11.190028190612793,11.266908514953956,11.094590686091413,11.123752258171887,15284600
2005-07-05,11.240401268005371,11.301375019259034,11.187380306957184,11.256306848416324,11501200
2005-07-06,11.12110424041748,11.21919235997644,11.113150439005716,11.19798458255672,10375800
2005-07-07,11.070732116699219,11.147612446642748,10.972644012700206,11.012409979578734,12983600
2005-07-08,11.327880859375,11.359693019875943,11.068079357488202,11.121100299183341,12800400
2005-07-11,11.338486671447754,11.402111000426054,11.277512934805854,11.319929491221545,10255400
2005-07-12,11.351743698120117,11.43392623340141,11.277514963860018,11.383555868332921,12893000
2005-07-13,11.38090991973877,11.391514317900603,11.30402955000207,11.306681155188064,7104800
2005-07-14,11.447179794311523,11.486945760592702,11.386206054293439,11.396810446807157,12267200
2005-07-15,11.420665740966797,11.439222915585596,11.327878856582629,11.404759157883467,9868200
2005-07-18,11.38090991973877,11.505509069912653,11.37560772065785,11.420675907200115,7096600
2005-07-19,11.486945152282715,11.510803517239324,11.378251651708938,11.457783580059553,10527000
2005-07-20,11.486945152282715,11.545267285438559,11.388856043661084,11.486945152282715,12966800
2005-07-21,11.651310920715332,11.81567497533424,11.539966811186593,11.752050636709784,26064600
2005-07-22,11.672518730163574,11.7069825036041,11.439228139480125,11.585035011479938,14347600
2005-07-25,11.57178020477295,11.71493547495812,11.51610764333859,11.685774909138066,10391800
2005-07-26,11.58238410949707,11.683123831888345,11.550571938164818,11.571780726580116,11479600
2005-07-27,11.667215347290039,11.714934102190245,11.579731637500013,11.63805478488705,11134200
2005-07-28,11.76795768737793,11.826280847819548,11.664567365715607,11.725541119226957,12293000
2005-07-29,11.600942611694336,11.775911090835873,11.600942611694336,11.741448322681752,9949400
2005-08-01,11.63010025024414,11.683121198038616,11.571778117831636,11.661913425695106,10047400
2005-08-02,11.738792419433594,11.757349598964263,11.619496554247991,11.624797738722092,8803400
2005-08-03,11.842181205749512,11.85013500403214,11.630098458535107,11.661911629085,12820200
2005-08-04,11.760004997253418,11.813025960717374,11.688426848270694,11.770609392204362,9906400
2005-08-05,11.680466651916504,11.717580999422369,11.558518209881358,11.691070028853806,8597800
2005-08-08,11.577082633972168,11.680473967004898,11.521411077848146,11.67782236264237,7319400
2005-08-09,11.691075325012207,11.701679718043513,11.59828941421472,11.630101582018062,8243200
2005-08-10,11.63804817199707,11.778552753094194,11.619491001334808,11.73348461627873,8072000
2005-08-11,11.693723678588867,11.69902587363075,11.56117183641269,11.585031208456014,8301200
2005-08-12,11.553223609924316,11.68842609734506,11.505504847001536,11.630102940152618,8020000
2005-08-15,11.542617797851562,11.587684951025887,11.513456222837316,11.532013404884458,5786800
2005-08-16,11.478994369506836,11.566479109168482,11.447182196580211,11.558525307468766,8983000
2005-08-17,11.481647491455078,11.510808063905928,11.428626522042018,11.441881511572564,11194000
2005-08-18,11.539966583251953,11.579732552574761,11.457785063211043,11.49489942855734,13145600
2005-08-19,11.76795768737793,11.852790823679873,11.733493909726903,11.757353292517497,23074000
2005-08-22,11.736149787902832,11.863399538694791,11.65396721474316,11.813030161701452,12600200
2005-08-23,11.714935302734375,11.752050680241858,11.653961556622319,11.744096879416366,8960200
2005-08-24,11.619498252868652,11.77325790735622,11.598289466710044,11.728190753705055,10785200
2005-08-25,11.614192008972168,11.646004165833476,11.532009508182705,11.59033263850363,7725800
2005-08-26,11.550564765930176,11.640700038144995,11.545262572118709,11.56912193862528,10020600
2005-08-29,11.664569854736328,11.691079836253431,11.489601347366923,11.494903545928537,6421200
2005-08-30,11.502853393554688,11.643358079951835,11.45248403704966,11.611545908016591,13138600
2005-08-31,11.664569854736328,11.680476450421173,11.43127817448013,11.494903545928537,15536400
2005-09-01,11.632757186889648,11.746751922957076,11.563829619769797,11.614199998347594,9958400
2005-09-02,11.63804817199707,11.706974661415483,11.585027250980623,11.68311529752258,8507600
2005-09-06,11.802422523498535,11.84748968876097,11.757354346945256,11.757354346945256,10253200
2005-09-07,11.836884498596191,11.852790078596238,11.730842579239335,11.820977907305457,12324400
2005-09-08,11.738792419433594,11.741444022961081,11.579730591659166,11.585032787423705,17879000
2005-09-09,11.67781925201416,11.754699577396726,11.640704891150989,11.738792989330872,15940800
2005-09-12,11.730838775634766,11.770604735322555,11.63805288475041,11.63805288475041,9145200
2005-09-13,11.648134231567383,11.704160285919023,11.61878695993643,11.624122920026632,12303000
2005-09-14,11.610785484313965,11.693491353047076,11.576102246750985,11.63746427152826,10005200
2005-09-15,11.640132904052734,11.661475730540571,11.56276299535699,11.6321284536056,10943200
2005-09-16,11.578770637512207,11.69615872507819,11.533415478357528,11.658808016204036,39747600
2005-09-19,11.568100929260254,11.618791041327865,11.514742327345006,11.565432439412616,11264800
2005-09-20,11.44537353515625,11.570765042870919,11.440037574740463,11.552089690280855,14977600
2005-09-21,11.271958351135254,11.365335113815819,11.245279566863774,11.341323800879332,14035400
2005-09-22,11.263957023620605,11.2746279286844,11.16524326436856,11.234609744801379,12395200
2005-09-23,11.298637390136719,11.368003859175062,11.269291133868625,11.271958605263759,10658200
2005-09-26,11.303976058959961,11.400021335882606,11.205263310003087,11.351998697421283,15488400
2005-09-27,11.293303489685059,11.421363500809553,11.285299039300059,11.285299039300059,10018800
2005-09-28,11.437376022338867,11.472059277211397,11.298644020579752,11.360007093712307,11590600
2005-09-29,11.498733520507812,11.501402010141728,11.351998140291053,11.456046845940563,15022800
2005-09-30,11.522745132446289,11.576103731448905,11.461383099798999,11.522745132446289,9953400
2005-10-03,11.528078079223633,11.59477605610097,11.504066766838578,11.528078079223633,13063800
2005-10-04,11.48272705078125,11.63212990806874,11.474722599333253,11.570767874864144,9836800
2005-10-05,11.370675086975098,11.520078977719646,11.370675086975098,11.46138441033237,10305600
2005-10-06,11.394679069519043,11.44003421085158,11.322645151682721,11.378672210708809,13721400
2005-10-07,11.258614540100098,11.384005998237559,11.215927891381604,11.37600256964346,14741800
2005-10-10,11.199923515319824,11.282629368306086,11.167908773212044,11.242610177373633,12022200
2005-10-11,11.114548683166504,11.205257954939505,11.09320586390059,11.165238769436941,11594800
2005-10-12,11.130559921264648,11.205261337843185,11.074532841100273,11.079868801960236,17748200
2005-10-13,11.130559921264648,11.183917494403333,11.071865369535528,11.071865369535528,9680400
2005-10-14,11.223936080932617,11.263955276338372,11.085204159317861,11.130559315293079,10720800
2005-10-17,11.229272842407227,11.293303356077198,11.183917683197146,11.191922133487447,9956200
2005-10-18,11.13856315612793,11.263955689786826,11.13856315612793,11.20792861061619,11762000
2005-10-19,11.151898384094238,11.178578177956302,11.013166509201726,11.143894954800656,14578800
2005-10-20,11.231941223144531,11.456046512533062,11.226606279493165,11.445375607499757,21683000
2005-10-21,11.1865873336792,11.376009387279929,11.1545725823864,11.309311395077087,13578600
2005-10-24,11.311979293823242,11.335990610471281,11.221269988456273,11.25328473807681,11878600
2005-10-25,11.327982902526855,11.365333602632772,11.221266761899981,11.271956852367977,11748200
2005-10-26,11.295971870422363,11.432035325151697,11.28796843712375,11.33332258279,10462600
2005-10-27,11.245283126831055,11.33865991907231,11.2372786748313,11.298640712265655,8195200
2005-10-28,11.426701545715332,11.464052261888664,11.295973021377986,11.31198090733685,12878000
2005-10-31,11.413357734680176,11.46404884959628,11.311977540308733,11.365335108828278,19920400
2005-11-01,11.378678321838379,11.421364997808155,11.330655684156053,11.370673870404236,11631400
2005-11-02,11.351998329162598,11.376009647614332,11.309311653885139,11.360002780466921,12415400
2005-11-03,11.360006332397461,11.416032420392298,11.335995006438111,11.373345731768003,9076400
2005-11-04,11.285293579101562,11.392010712270611,11.213259666871956,11.381338795407704,11434800
2005-11-07,11.314644813537598,11.330652694451414,11.234607444429248,11.298636932623781,10704000
2005-11-08,11.2426118850708,11.349329065280283,11.205261177316618,11.314645829052633,9146200
2005-11-09,11.253283500671387,11.314645521417804,11.210596833294296,11.250615011486953,9225400
2005-11-10,11.343993186950684,11.38401136652227,11.266623281622968,11.306642478925017,9571800
2005-11-11,11.408025741577148,11.40802574157715,11.269294793904312,11.325320870971888,8627000
2005-11-14,11.360006332397461,11.416032420392298,11.33332651592544,11.397357057727353,6991200
2005-11-15,11.327982902526855,11.38400895268573,11.271956852367977,11.330651391237419,8944200
2005-11-16,11.2426118850708,11.338657143713244,11.23727592428728,11.322649261362685,10351400
2005-11-17,11.170580863952637,11.287969996444879,11.170580863952637,11.253286751142106,14969200
2005-11-18,11.258614540100098,11.333315920924965,11.175908712951149,11.330648450636929,17160400
2005-11-21,11.245283126831055,11.290637277996606,11.215935844203603,11.290637277996606,13533000
2005-11-22,11.295971870422363,11.319983188048784,11.223937917543097,11.24794923516952,13147600
2005-11-23,11.378678321838379,11.421364997808155,11.301308403602338,11.325319722443501,9917600
2005-11-25,11.418695449829102,11.450710199406725,11.400020094431277,11.4320348440089,3958400
2005-11-28,11.413357734680176,11.546753691439806,11.40535430294832,11.45871288919825,15625800
2005-11-29,11.561060905456543,11.61477103420122,11.491238455193312,11.504665731270606,14827800
2005-11-30,11.464381217956543,11.595970963098097,11.459010103416546,11.555688116265793,13232000
2005-12-01,11.50466251373291,11.526145944561156,11.467065741457068,11.467065741457068,10905200
2005-12-02,11.499292373657227,11.528832989928326,11.44289721046802,11.4482683247387,8286800
2005-12-05,11.453644752502441,11.55569289768094,11.440216448378527,11.469757078353902,9906000
2005-12-06,11.424104690551758,11.475128765678004,11.373079590989684,11.448274204966468,16146600
2005-12-07,11.332794189453125,11.461697884354791,11.271027899673296,11.389189363890946,12944600
2005-12-08,11.246856689453125,11.316679129453217,11.20120272817836,11.303251855349586,13954400
2005-12-09,11.147493362426758,11.276398070972219,11.0776709176971,11.233430176268872,18714200
2005-12-12,11.050813674926758,11.20388682653542,11.037385378750248,11.126007216226403,19171400
2005-12-13,10.999794006347656,11.072302538657311,10.948769938915973,11.066931422437818,20553000
2005-12-14,11.03470516204834,11.117955922364558,11.002479490882806,11.04276132373082,13085800
2005-12-15,11.053497314453125,11.072295697388508,10.97024660114282,11.010529435681525,13107800
2005-12-16,11.066930770874023,11.14749546055185,11.053503493333654,11.099157466293642,16554200
2005-12-19,11.12332534790039,11.214632264432472,11.040075617004014,11.040075617004014,14156200
2005-12-20,11.069613456726074,11.158234280946923,11.048128999681447,11.147492052424608,11937600
2005-12-21,11.066930770874023,11.128697067108211,11.032020054156185,11.053503493333654,9821400
2005-12-22,11.085729598999023,11.088415669273786,11.013221068115172,11.072302320932158,11072200
2005-12-23,11.050813674926758,11.085724376567212,11.040071447759617,11.0669259912423,5063200
2005-12-27,11.002480506896973,11.104528645750648,10.91385862246352,11.037391227035261,14248000
2005-12-28,10.951448440551758,11.05081249458191,10.93802117024459,11.005158546215478,9763000
2005-12-29,10.90311336517334,10.98367906483213,10.854774355152236,10.921911755244277,11163400
2005-12-30,10.825235366821289,10.921912367850652,10.825235366821289,10.844033757946622,11743200
2006-01-03,10.983678817749023,11.007848322215871,10.835975721320844,10.954138198463388,13640800
2006-01-04,10.962199211120605,11.029336639422146,10.919231297985053,11.007853195072299,19993200
2006-01-05,11.015904426574707,11.045445045711107,10.897742974464512,10.935339753570691,16613000
2006-01-06,11.120640754699707,11.160923611210277,10.972938654886937,11.026648788755834,17122800
2006-01-09,11.17435073852539,11.190463061364794,11.077672703746636,11.142125068411,13819600
2006-01-10,11.185089111328125,11.206572542514346,11.058870495640175,11.058870495640175,13849800
2006-01-11,11.190459251403809,11.228057048911372,11.136750160977757,11.1877742066566,10574400
2006-01-12,11.12869644165039,11.179721527645924,11.085728541274735,11.085728541274735,17086000
2006-01-13,11.093789100646973,11.158240458593099,11.02396560103016,11.112587498750914,10548400
2006-01-17,11.018595695495605,11.085733131660088,10.983684966283976,11.032024002277282,11574000
2006-01-18,10.962199211120605,11.010538241452583,10.903117946395776,11.010538241452583,12906200
2006-01-19,10.991739273071289,11.048134464053371,10.90311738058304,10.994424319312234,10907600
2006-01-20,10.766152381896973,10.975620720226768,10.570111317279416,10.964879515918168,18971600
2006-01-23,10.876259803771973,10.919227702760072,10.741984991379727,10.741984991379727,13222200
2006-01-24,10.983678817749023,11.091098040818588,10.92996869399654,11.064243491160047,15888400
2006-01-25,11.048134803771973,11.061562084261181,10.983683447649438,11.048134803771973,13699000
2006-01-26,11.139440536499023,11.16629611899901,11.05081967533838,11.085730395934775,14573200
2006-01-27,11.271026611328125,11.276397726056182,11.069614418985221,11.139436861579192,13646400
2006-01-30,11.211945533752441,11.268340702548734,11.155550364956145,11.238800083340562,12143400
2006-01-31,11.112580299377441,11.209258298098886,11.066926344676672,11.209258298098886,13115000
2006-02-01,11.14480972290039,11.155551954040005,11.01859106809877,11.061558968221687,12966600
2006-02-02,11.072297096252441,11.147490637493865,11.005159713162552,11.096466595142209,12468400
2006-02-03,10.97830581665039,11.072297748741098,10.881627815394104,11.015902589486673,12538000
2006-02-06,10.99441909790039,11.01053244100101,10.911169386302157,10.964879505535567,13500600
2006-02-07,11.018595695495605,11.13944328547887,10.905805294468541,11.117959838612943,20573000
2006-02-08,11.072297096252441,11.088410436990676,10.921908989334428,11.080353254403976,18185800
2006-02-09,11.010534286499023,11.123324633802417,10.98367973459883,11.042759953666351,15045200
2006-02-10,11.053497314453125,11.123319733293835,10.93264983527205,10.98635993984531,12782000
2006-02-13,10.940713882446289,11.112585505386962,10.91117325517167,11.112585505386962,11791600
2006-02-14,11.10184383392334,11.12869839220165,10.994423551938636,11.007851855513524,14048800
2006-02-15,11.10184383392334,11.12869839220165,11.040077530334642,11.115271113062494,13561600
2006-02-16,11.168984413146973,11.177040578021966,11.053507935903971,11.085733619839965,14381400
2006-02-17,11.222691535949707,11.252232165088175,11.072303344170125,11.182408673590754,14525200
2006-02-21,11.238802909851074,11.289828001110656,11.171665494560601,11.222690585820182,20793200
2006-02-22,11.300562858581543,11.32473132885534,11.257593957379266,11.292505677388622,11821200
2006-02-23,11.287145614624023,11.362340240907027,11.262976096253771,11.327428486719777,9523400
2006-02-24,11.340849876403809,11.370390497332828,11.236115692699439,11.28176863454577,10691400
2006-02-27,11.42141342163086,11.421413421630861,11.327421477482888,11.354276025972206,13199800
2006-02-28,11.271026611328125,11.434842025010013,11.25759831229029,11.418728680825842,16189400
2006-03-01,11.362332344055176,11.381130731451998,11.23879876688784,11.252227064544382,11036800
2006-03-02,11.254918098449707,11.319370478417946,11.198522906249888,11.297886010283259,11537800
2006-03-03,11.225374221801758,11.292511628659947,11.16360793042449,11.179721276867246,10586800
2006-03-06,11.265661239624023,11.330112600346038,11.19852380795098,11.21732220686456,10945800
2006-03-07,11.225374221801758,11.289826583137252,11.198519668832695,11.265657075690882,11242600
2006-03-08,11.340849876403809,11.416043439179159,11.198518911311762,11.203890026429354,13843000
2006-03-09,11.386506080627441,11.437530147619803,11.311311478637633,11.311311478637633,13296600
2006-03-10,11.485868453979492,11.528836356255928,11.42141608834704,11.445585597404762,15399000
2006-03-13,11.493979454040527,11.577836960007277,11.472338141588091,11.521030062691496,13502200
2006-03-14,11.57513427734375,11.596774561556089,11.480455067159857,11.48857107666489,11377200
2006-03-15,11.558906555175781,11.583252526738141,11.510214612051058,11.548085894055832,12805400
2006-03-16,11.54808235168457,11.567017986878456,11.499390423496084,11.553492680584927,14209000
2006-03-17,11.57513427734375,11.588659583965805,11.518327370382265,11.548082632184888,16508800
2006-03-20,11.602181434631348,11.629233071732303,11.548079192343877,11.5832458046179,11851600
2006-03-21,11.564315795898438,11.594072095216498,11.499392867212222,11.577841105066208,14625800
2006-03-22,11.56972599029541,11.618417928260431,11.548084670348764,11.583251299304598,16481600
2006-03-23,11.472341537475586,11.58866104655232,11.41553462334459,11.564315078794051,12053200
2006-03-24,11.539974212646484,11.567024841263198,11.450706312679058,11.456115612870132,9723600
2006-03-27,11.466933250427246,11.537266517331028,11.450703290307192,11.512920545235882,9339200
2006-03-28,11.404712677001953,11.493981559347413,11.391187370199091,11.4452896293253,10910400
2006-03-29,11.404712677001953,11.456109255618731,11.366841405188035,11.38848168968966,8702000
2006-03-30,11.393890380859375,11.43176164722909,11.334378833098944,11.35601911448966,13586200
2006-03-31,11.326264381408691,11.412827582698606,11.310034426113557,11.39389194691111,14535800
2006-04-03,11.326264381408691,11.423648240838535,11.307328745621197,11.388481617841146,11291600
2006-04-04,11.383068084716797,11.396593386401173,11.274863607413046,11.312734864895047,9257600
2006-04-05,11.347911834716797,11.383078476732546,11.293809546673025,11.374962462781026,13148800
2006-04-06,11.277572631835938,11.361431185887762,11.247817369347976,11.361431185887762,10988400
2006-04-07,11.185601234436035,11.328972404651324,11.174781605973442,11.30462643475929,11893400
2006-04-10,11.220768928527832,11.226179259229559,11.15043669323553,11.185602294924148,7726200
2006-04-11,11.169371604919434,11.364138337880036,11.109859003004111,11.364138337880036,11085200
2006-04-12,11.131495475769043,11.182892043817365,11.063867923745937,11.161250731850986,10010000
2006-04-13,11.161251068115234,11.207238341472008,11.112560178553034,11.136905107376842,9029000
2006-04-17,11.101743698120117,11.199127577704235,11.053051758328056,11.172075926755886,9270800
2006-04-18,11.172073364257812,11.22347097331331,11.104445800270884,11.104445800270884,11528400
2006-04-19,11.277572631835938,11.393892128911304,11.199125438855274,11.220765723566045,16677600
2006-04-20,11.310039520263672,11.426359067872449,11.239706242590113,11.29110387594738,12246600
2006-04-21,11.320857048034668,11.366844341341023,11.277575435936642,11.364138660132692,13110600
2006-04-24,11.242409706115723,11.334383259754523,11.231589045237037,11.293806297416957,12466400
2006-04-25,11.185601234436035,11.258639144112133,11.158550615407096,11.239703504408881,12600800
2006-04-26,11.285691261291504,11.301921220613373,11.18560169653659,11.18560169653659,12248600
2006-04-27,11.374959945678711,11.399305918315255,11.25593576385287,11.261346094651556,13146400
2006-04-28,11.350613594055176,11.38578022711491,11.315447992910492,11.364138904642749,11529400
2006-05-01,11.353316307067871,11.412827864477284,11.337085319457243,11.38577725037435,13265600
2006-05-02,11.42635440826416,11.442584364250935,11.3587268398798,11.388482103160486,10551400
2006-05-03,11.339792251586914,11.423650823256198,11.31544731314082,11.402010533999118,14313200
2006-05-04,11.383068084716797,11.396593386401173,11.307324537838422,11.347901474805923,13301800
2006-05-05,11.553496360778809,11.602188304477387,11.372254928501365,11.434472182801759,18958000
2006-05-08,11.732032775878906,11.832122341407448,11.5832523000934,11.591367279817058,27358400
2006-05-09,11.813179969787598,11.813179969787598,11.680630549310699,11.680630549310699,13929600
2006-05-10,11.788838386535645,11.837529287114789,11.75908209090991,11.81318332086781,14902400
2006-05-11,11.73473834991455,11.791545271291497,11.704982048646148,11.778019961237225,16969400
2006-05-12,11.680628776550293,11.737435662418852,11.661693147927439,11.707679379750264,14767800
2006-05-15,11.886224746704102,11.902455739656713,11.64547069344019,11.683341978414497,18623200
2006-05-16,11.859171867370605,11.956555742727765,11.805069599737191,11.940324752863264,16978000
2006-05-17,11.780730247497559,11.894345176530587,11.686051999899622,11.83753719605632,19862400
2006-05-18,11.780730247497559,11.880818828089021,11.729333631932322,11.7888462629456,15375800
2006-05-19,11.807774543762207,11.834825159933253,11.704980344865481,11.832120511082092,16014600
2006-05-22,11.794248580932617,11.829415208611467,11.734737017070211,11.780723272414564,15634200
2006-05-23,11.788838386535645,11.840234967761573,11.772607398399385,11.829414309004067,13705800
2006-05-24,11.910563468933105,11.948434730851098,11.753668093570784,11.77260372452978,20534800
2006-05-25,12.002538681030273,12.002538681030273,11.861873236840307,11.953846756813952,14125400
2006-05-26,12.035001754760742,12.108038615864222,11.961963861742529,12.035001754760742,12337000
2006-05-30,11.813179969787598,11.989012013016408,11.802360346014144,11.959255725831731,16652200
2006-05-31,11.910563468933105,11.926794452004172,11.78342437991049,11.821295641828481,14599800
2006-06-01,11.88081169128418,11.915978318659747,11.813184117362256,11.897042680514799,9973400
2006-06-02,11.872695922851562,11.937618843540468,11.794247694660957,11.834824649080874,12120400
2006-06-05,11.748269081115723,11.8699989916055,11.737448415313189,11.845653009507545,11428600
2006-06-06,11.767200469970703,11.824007396993693,11.686047569664273,11.794251092767809,16578600
2006-06-07,11.73473834991455,11.848352192668441,11.72662233834998,11.799660250941058,11577400
2006-06-08,11.737446784973145,11.77261342798896,11.645473202257786,11.759088113572213,23080400
2006-06-09,11.780730247497559,11.859178528030423,11.74826928145191,11.848357862043372,13947800
2006-06-12,11.715802192687988,11.815890720972844,11.70498153235585,11.813185039932325,13990600
2006-06-13,11.69128131866455,11.783917940580867,11.650411823360066,11.76484578659996,18118600
2006-06-14,11.664030075073242,11.748492133719488,11.576842830394183,11.669479407784925,12402600
2006-06-15,11.726705551147461,11.748501860686128,11.585025901404316,11.702184053319709,14639400
2006-06-16,11.773015022277832,11.816608649842193,11.696726433878714,11.696726433878714,16754800
2006-06-19,11.696730613708496,11.80571524124212,11.642238299941685,11.773019229369371,11623000
2006-06-20,11.661307334899902,11.748494597865744,11.634061704980887,11.688554004173078,11303800
2006-06-21,11.718520164489746,11.753940303935575,11.628608782024289,11.628608782024289,9266400
2006-06-22,11.680381774902344,11.729424749860021,11.612266647389388,11.721251267151862,8044600
2006-06-23,11.647686004638672,11.721250462022063,11.6340631879427,11.644961857041194,7681400
2006-06-26,11.669485092163086,11.68038272354091,11.57684846964768,11.64223841533241,9625600
2006-06-27,11.582295417785645,11.655859877635837,11.51690547971058,11.631338391019106,12008800
2006-06-28,11.557777404785156,11.595922759373334,11.541430435030575,11.560502592647346,10224200
2006-06-29,11.732150077819824,11.756671565592994,11.557774476235966,11.593194633987073,14379000
2006-06-30,11.721251487731934,11.849308262459564,11.721251487731934,11.781193133664761,22568000
2006-07-03,11.816611289978027,11.838408628307327,11.745772019116393,11.770293505059707,5875600
2006-07-05,11.721251487731934,11.816612252302903,11.672208511851327,11.770294463612542,11837800
2006-07-06,11.805710792541504,11.87655004619617,11.726697019321806,11.764841312778476,10246000
2006-07-07,11.764840126037598,11.849303223996023,11.748492127910628,11.7784629381331,5874000
2006-07-10,11.887449264526367,11.920144226242057,11.781189859434807,11.797536820615605,9588800
2006-07-11,11.936493873596191,12.010058327121387,11.884725717770552,11.906523054824344,15525400
2006-07-12,11.871106147766113,11.95284410535939,11.835685985045702,11.941946473206935,8300400
2006-07-13,11.743048667907715,11.892902793962216,11.674933534011837,11.852033297882906,12870400
2006-07-14,11.620439529418945,11.764843246772816,11.544149890610491,11.715800278736744,13775200
2006-07-17,11.634065628051758,11.66948579037368,11.59047198186882,11.595921317561,11175800
2006-07-18,11.8656587600708,11.911977601902636,11.73487779857954,11.811166432944102,23951200
2006-07-19,11.93921947479248,11.96374096228666,11.865655012309936,11.95829162735969,16154800
2006-07-20,11.94466781616211,11.980087970563982,11.892900697693435,11.936494334128708,10657600
2006-07-21,11.961014747619629,12.075447643248726,11.925594596392163,12.075447643248726,18399800
2006-07-24,11.98826789855957,12.031861558434684,11.952847725112655,11.952847725112655,11459200
2006-07-25,12.056377410888672,12.094521715496482,11.91197367505786,11.952842127414364,10983800
2006-07-26,12.110869407653809,12.162636528378462,11.999160644460579,12.015507609239773,16632800
2006-07-27,12.072726249694824,12.162637682575683,12.048204760844694,12.138116193725555,12820000
2006-07-28,12.129938125610352,12.170806565343245,12.072721686371885,12.121764645534578,12831000
2006-07-31,12.124490737915039,12.203504522506009,12.105418588441935,12.129940071957954,12836200
2006-08-01,12.072726249694824,12.162637682575683,12.053654096072991,12.12449337533202,9094400
2006-08-02,12.072726249694824,12.121769227395083,12.040030238325038,12.067276914466525,9120600
2006-08-03,11.9937105178833,12.083621936295579,11.958290364276403,12.042753487691545,11378000
2006-08-04,11.9473876953125,12.0427494555011,11.920142072032274,12.040024269560735,9781800
2006-08-07,11.88200569152832,11.977366475828468,11.846585526207722,11.947395646661393,10029400
2006-08-08,11.936493873596191,11.988260990067594,11.906523054824344,11.936493873596191,8162800
2006-08-09,11.920143127441406,12.015503856719338,11.909244461422785,11.97463541818051,7719000
2006-08-10,11.961014747619629,12.037303344705695,11.909246594436214,11.925594596392163,8430600
2006-08-11,11.922869682312012,11.955565686971433,11.882001235519047,11.911972053446412,5677400
2006-08-14,11.98553466796875,12.029128294812512,11.95556385463478,11.98553466796875,8528800
2006-08-15,12.075450897216797,12.083624380720186,12.018234433984146,12.05365459475627,9501200
2006-08-16,12.07817554473877,12.113594664573233,12.045479533477764,12.094522511014855,9839400
2006-08-17,12.037302017211914,12.075446311548331,11.974636242322937,12.03185268382756,9517200
2006-08-18,12.072726249694824,12.10269603441883,11.92287212930269,11.92287212930269,9963000
2006-08-21,12.040032386779785,12.135394211259976,12.010062596707892,12.08362603703071,8328400
2006-08-22,12.099968910217285,12.129939726923704,12.02095512787385,12.064548759622959,8017800
2006-08-23,12.075450897216797,12.108145870584817,12.023683769437893,12.078176084620903,7561200
2006-08-24,12.127216339111328,12.151737825567064,12.037304915009836,12.069999883832713,10326200
2006-08-25,12.129938125610352,12.157183752098947,12.083619313354905,12.110865979197529,5025800
2006-08-28,12.181709289550781,12.25527375280001,12.083623338551812,12.129942166236603,8918600
2006-08-29,12.298869132995605,12.304318468750179,12.165364044749396,12.173537528703994,14100000
2006-08-30,12.249820709228516,12.369703963868323,12.24164722890455,12.320661003216413,12119200
2006-08-31,12.208953857421875,12.298865270750909,12.206228670723126,12.293415936707605,7306800
2006-09-01,12.279792785644531,12.29614078732762,12.22530048605507,12.255271302796983,7852000
2006-09-05,12.255277633666992,12.279799129181933,12.208959830669162,12.26345111905374,8144800
2006-09-06,12.178986549377441,12.222580194931696,12.127218380725548,12.154465058793516,9858000
2006-09-07,12.121767044067383,12.178983494627262,12.08907103858668,12.165360678687419,14780600
2006-09-08,12.15173625946045,12.170808408761983,12.075447662254314,12.105418479543633,8646200
2006-09-11,12.138110160827637,12.22529740243765,12.069995063360192,12.069995063360192,8995000
2006-09-12,12.200780868530273,12.25254902876424,12.116318778640036,12.116318778640036,10300800
2006-09-13,12.239189147949219,12.285829805112623,12.19529162790154,12.285829805112623,10795800
2006-09-14,12.230960845947266,12.277601511331994,12.187062271562176,12.187062271562176,7799800
2006-09-15,12.236449241638184,12.299552929952375,12.20078321366905,12.26388585538344,15846400
2006-09-18,12.192550659179688,12.288577229141865,12.148653127556889,12.214499948290943,8969000
2006-09-19,12.176088333129883,12.225473181328665,12.132190806575364,12.219985859684401,8292600
2006-09-20,12.195295333862305,12.236448682700685,12.151397800474848,12.189808011363905,8288200
2006-09-21,12.126703262329102,12.22272877284206,12.091036195595901,12.19529321172395,12089600
2006-09-22,12.069089889526367,12.126705205064294,12.055371060169945,12.099268592951184,9691600
2006-09-25,12.181574821472168,12.239190124896275,12.07457362662802,12.11847115017965,12606800
2006-09-26,12.247424125671387,12.272116555223135,12.156885915048184,12.20078345129576,10611400
2006-09-27,12.266627311706543,12.318756347375754,12.165114471265978,12.222729782332273,11340200
2006-09-28,12.332473754882812,12.343448398543307,12.25565229585897,12.294063548670703,9706200
2006-09-29,12.258401870727539,12.332479178112072,12.244684083419312,12.288581630765693,9214800
2006-10-02,12.209012985229492,12.326987801174296,12.209012985229492,12.31875734081527,9450600
2006-10-03,12.225470542907715,12.296803615689324,12.209008581527637,12.209008581527637,10755000
2006-10-04,12.291318893432617,12.29680621505258,12.0142159545217,12.0142159545217,10242000
2006-10-05,12.299551010131836,12.332473894887455,12.258396619237583,12.26937126302267,8949800
2006-10-06,12.280349731445312,12.316016814595057,12.252914157699388,12.2968117036529,10106200
2006-10-09,12.187056541442871,12.252903325460995,12.118466621115257,12.222723593060985,15335800
2006-10-10,12.088293075561523,12.20626787241881,12.058113330328323,12.200780550867357,25847200
2006-10-11,12.104757308959961,12.112988816841433,12.044398848561697,12.069091279006397,10412400
2006-10-12,12.08554744720459,12.140419609562048,12.060855026473707,12.126701830622546,11042400
2006-10-13,12.07731819152832,12.126703037906639,12.03342066659199,12.104753752138697,16628600
2006-10-16,12.140419960021973,12.20352258224484,12.071830016745013,12.11298440135098,14568800
2006-10-17,12.014216423034668,12.13493436358272,12.003241779366766,12.09926729496185,16209800
2006-10-18,12.060859680175781,12.112988725499195,11.995013897219689,12.049885034149817,20173800
2006-10-19,12.32149600982666,12.38459862509176,12.23644411276534,12.263880715010618,35323000
2006-10-20,12.826318740844727,12.927831558686995,12.373624719586907,12.403804460550685,53627400
2006-10-23,12.971731185913086,13.032090677647746,12.812603043975702,12.826320824842782,30265400
2006-10-24,12.903139114379883,12.960755459111864,12.864728915624843,12.908626435144805,20931600
2006-10-25,12.947038650512695,12.971731074501195,12.894910665025675,12.936065053873037,14119400
2006-10-26,12.933320045471191,12.949782009280865,12.864730099496821,12.938807366741083,15688600
2006-10-27,12.859245300292969,12.900399694588952,12.82906555068921,12.883937727550613,13495800
2006-10-30,12.82906436920166,12.94703917227893,12.801628806597487,12.886680725229825,10973600
2006-10-31,12.818092346191406,12.878450800652578,12.760475983087906,12.845527912164687,12161800
2006-11-01,12.796143531799316,12.867477680541134,12.75773331936901,12.823580145392244,10464600
2006-11-02,12.815347671508789,12.848271605337251,12.733039930137064,12.760475495061067,15476800
2006-11-03,12.757728576660156,12.848267797959007,12.73029301986624,12.840036293641308,11942600
2006-11-06,12.842788696289062,12.867481131845784,12.711096055519903,12.812608936541949,18737000
2006-11-07,12.872962951660156,12.897655378666142,12.776937428081162,12.804372992932384,16346000
2006-11-08,12.861989974975586,12.894912863707331,12.765963400158334,12.801630473467586,14765000
2006-11-09,12.798888206481934,12.897656879398589,12.76596426890988,12.812605990503704,16073600
2006-11-10,12.749499320983887,12.826319724529117,12.697370292921477,12.798884165148536,9880800
2006-11-13,12.733037948608398,12.78516593249168,12.67267845924914,12.733037948608398,13673200
2006-11-14,12.77145004272461,12.78791200951388,12.664449875093615,12.71109159103003,16383000
2006-11-15,12.798888206481934,12.826323774525475,12.722066732080311,12.749503346723687,19823800
2006-11-16,12.933320045471191,12.947037825346161,12.826319897207096,12.840037677082067,14747000
2006-11-17,12.966249465942383,12.996429224848011,12.908634133449842,12.930583429599407,18904800
2006-11-20,12.905887603759766,12.993682672090124,12.883938313377293,12.925092709544547,12338400
2006-11-21,12.892166137695312,12.938806796534687,12.845524432256468,12.859242211526904,12110600
2006-11-22,12.922345161437988,12.944294446107365,12.861986721796198,12.894909602200766,7258600
2006-11-24,12.872962951660156,12.947040232678114,12.853757846944356,12.86747667596968,4565800
2006-11-27,12.77145004272461,12.883937532618694,12.727552511219594,12.856501967902949,18962400
2006-11-28,12.807119369506836,12.881196663204227,12.716580106121171,12.722067429350595,14540000
2006-11-29,12.881684303283691,12.928637817710662,12.804350342575972,12.870636293583676,15077800
2006-11-30,12.934165000915527,12.98387894958958,12.818162977752195,12.829210990167075,21071200
2006-12-01,12.86235237121582,12.903781885811437,12.768446384582571,12.884448393292502,15461000
2006-12-04,12.934165000915527,13.0529274467879,12.854068491302328,12.906544969878327,14004400
2006-12-05,13.257315635681152,13.257315635681152,12.939692027137578,12.978360082762947,26343400
2006-12-06,13.362269401550293,13.406460410606234,13.23798185933147,13.271124852724235,29681000
2006-12-07,13.456177711486816,13.527987718292653,13.392653191036322,13.417510703699293,24190600
2006-12-08,13.508648872375488,13.527982368623778,13.436838893967058,13.47274335637301,16320400
2006-12-11,13.481030464172363,13.577697949509131,13.417505966151547,13.4920774242133,18181400
2006-12-12,13.505885124206543,13.577695090536618,13.450646121246914,13.467217084617358,16227000
2006-12-13,13.489313125610352,13.572171103364465,13.439598128238615,13.572171103364465,12960800
2006-12-14,13.533502578735352,13.580455041139468,13.45893009115567,13.503121077840344,15830200
2006-12-15,13.514172554016113,13.630173528716645,13.362266064176438,13.533506049799534,23760200
2006-12-18,13.505885124206543,13.561123073569824,13.483789101584152,13.492074583269375,10438400
2006-12-19,13.469978332519531,13.494835828806252,13.367786871605778,13.4423583068697,15461400
2006-12-20,13.464458465576172,13.483791962674916,13.434076954821986,13.45893445874845,12103600
2006-12-21,13.43960189819336,13.497602393531373,13.431316414172686,13.46445940385203,14383200
2006-12-22,13.362269401550293,13.478270405223354,13.326363877443352,13.458936904611177,7878000
2006-12-26,13.409213066101074,13.423022549796713,13.34292712292359,13.370546090314864,5260400
2006-12-27,13.447884559631348,13.472742060072665,13.337407599356045,13.447884559631348,9620800
2006-12-28,13.406457901000977,13.481030412372762,13.39540988740592,13.436839411589101,7907000
2006-12-29,13.32636547088623,13.436843533534406,13.309793445409936,13.37608049371822,12339600
2007-01-03,13.417499542236328,13.500357497654477,13.334640533222112,13.356736549918187,15753400
2007-01-04,13.423026084899902,13.450646113161287,13.32635861997592,13.373311087625755,11810400
2007-01-05,13.329120635986328,13.414741146670716,13.30426313634224,13.39540765290269,11607000
2007-01-08,13.414738655090332,13.442357625744458,13.260069680077116,13.260069680077116,17551000
2007-01-09,13.425792694091797,13.48655572113398,13.384363165909098,13.406459195232316,13724000
2007-01-10,13.445123672485352,13.475505180311028,13.359503155303578,13.392647193075119,8928000
2007-01-11,13.461698532104492,13.497603000205638,13.423030479877832,13.464460009036621,11009600
2007-01-12,13.409213066101074,13.442356037689818,13.326355110331184,13.423022549796713,13667200
2007-01-16,13.395406723022461,13.447883194807668,13.351215732677993,13.389882717529863,12685200
2007-01-17,13.423026084899902,13.494837104783157,13.389883104582585,13.403692591915105,14400200
2007-01-18,13.353981018066406,13.533507560201604,13.312552545448249,13.373314516007534,15223000
2007-01-19,13.329120635986328,13.376074159134665,13.276644160558316,13.370550153258604,13008200
2007-01-22,13.265595436096191,13.353977418171986,13.254548478533966,13.287691458413306,12198800
2007-01-23,13.29045295715332,13.32083446109319,13.240737960451048,13.298739492334589,12149000
2007-01-24,13.293217658996582,13.312551154918278,13.240740124126397,13.309788624874317,8641600
2007-01-25,13.240739822387695,13.318074857908629,13.229692863253119,13.276645336965396,11596600
2007-01-26,13.210357666015625,13.284929108352786,13.20207113073656,13.257310133679493,14459000
2007-01-29,13.177218437194824,13.235218937316562,13.135789960077895,13.191027929567133,10077800
2007-01-30,13.204840660095215,13.243507666573297,13.157887113945467,13.210364668677355,8986000
2007-01-31,13.22416877746582,13.249026279163173,13.116453287976116,13.202072752136406,10604400
2007-02-01,13.284932136535645,13.331885668498504,13.215883630517068,13.254551678908605,10398600
2007-02-02,13.32359504699707,13.370547507257232,13.268356052764505,13.284927013516947,10703600
2007-02-05,13.229691505432129,13.323597496815186,13.213119488036398,13.287691985922624,9192800
2007-02-06,13.271126747131348,13.301508267743557,13.218650245635567,13.2573172523795,11168800
2007-02-07,13.265595436096191,13.293215463992587,13.21864296906682,13.265595436096191,9242400
2007-02-08,13.218644142150879,13.271120619416534,13.160643658815717,13.243501642665438,9076600
2007-02-09,13.191028594970703,13.254554159561906,13.15788560088596,13.179981632673645,9828400
2007-02-12,13.235215187072754,13.359502690399712,13.202072204051044,13.215881692510386,13925400
2007-02-13,13.315315246582031,13.373315745738806,13.282172254720548,13.284933731710375,19411800
2007-02-14,13.22416877746582,13.409218248415522,13.182739256771406,13.395408759382876,32846800
2007-02-15,13.2158842086792,13.284932717718478,13.141312746081816,13.254552258762368,19195000
2007-02-16,13.221404075622559,13.284928557614748,13.191022572583618,13.257309584086425,17492200
2007-02-20,13.196555137634277,13.224175182673982,13.119221118717087,13.124745127725028,17828800
2007-02-21,13.138545989990234,13.196546466065495,13.124736503343215,13.133021984612167,16489600
2007-02-22,13.063984870910645,13.185510987832675,13.04188988375941,13.171700435566288,16721000
2007-02-23,13.052927017211914,13.237977531483496,13.030832046705761,13.166166506746553,29516200
2007-02-26,13.179980278015137,13.22969529083086,13.141313279957727,13.174456270635982,18709000
2007-02-27,12.812634468078613,13.213115821784427,12.583394085825214,13.11092437685682,30318600
2007-02-28,12.89273738861084,12.953500412285985,12.793307369359368,12.912070886399002,27629200
2007-03-01,12.84854507446289,12.96178457291862,12.779496574097289,12.82092504215875,27342000
2007-03-02,12.674541473388672,12.961783463180176,12.652446503033547,12.829210480260192,34050600
2007-03-05,12.78502082824707,12.90102180538229,12.641399818272614,12.677305334165357,29572400
2007-03-06,12.961784362792969,12.997689877408032,12.856830348931657,12.895497339934119,25097800
2007-03-07,12.912071228027344,12.981119737268132,12.887213722556796,12.914832704814456,26321800
2007-03-08,13.022541999816895,13.080542462361253,12.950731000251071,12.953493529093784,17422400
2007-03-09,13.138545989990234,13.166164963284274,13.022545037839713,13.044640005755685,26127200
2007-03-12,13.243500709533691,13.254548720894263,13.110927733995892,13.138546708800968,26009000
2007-03-13,13.090517044067383,13.315831250123534,13.06269975490416,13.171184529838023,32198000
2007-03-14,13.084943771362305,13.168393454015119,12.95976871682294,13.143358443107246,32553400
2007-03-15,13.09607982635498,13.109987939658618,12.984812797683826,13.059917882868701,19059000
2007-03-16,13.132234573364258,13.16005184809638,13.02374985471031,13.143361483257106,28231600
2007-03-19,13.16561508178711,13.212902856356221,13.08494657810043,13.168396278653315,15513600
2007-03-20,13.246283531188965,13.282445459921366,13.140581064310556,13.190650039551564,14456000
2007-03-21,13.424310684204102,13.449345703930295,13.176742745312117,13.268538171348377,24361000
2007-03-22,13.421530723571777,13.47438196514299,13.326954091572244,13.326954091572244,16486800
2007-03-23,13.365901947021484,13.427098924978457,13.343649175750578,13.388155779413522,16012200
2007-03-26,13.393712043762207,13.40483789286141,13.26297350148135,13.338078553783934,14385200
2007-03-27,13.357550621032715,13.399274944253206,13.310261781371437,13.35198716571253,13230600
2007-03-28,13.32695484161377,13.435439589488015,13.237941660736396,13.293575164064958,22657800
2007-03-29,13.382589340209961,13.46325787297968,13.032098985958509,13.243506102105298,18947800
2007-03-30,13.351987838745117,13.491071045398712,13.240720848973979,13.424310639311898,17937600
2007-04-02,13.496638298034668,13.535581437074319,13.36589970744074,13.407625105623767,22443400
2007-04-03,13.627370834350586,13.67187741078295,13.499413498627117,13.499413498627117,19033200
2007-04-04,13.758113861083984,13.808183912428076,13.613467163992265,13.632938732723755,22203000
2007-04-05,13.774800300598145,13.844341900826658,13.71360335283846,13.724730263543968,17959200
2007-04-09,13.805397033691406,13.894410185870173,13.74976354829956,13.79705132115432,14632800
2007-04-10,13.930573463439941,13.994551606461771,13.8109618296233,13.847122696687435,26317400
2007-04-11,13.80817985534668,13.963953420550549,13.797052944734846,13.930573749835649,24374000
2007-04-12,13.816524505615234,13.894411818765462,13.53279571290142,13.810962111430776,15512400
2007-04-13,13.874940872192383,13.988989058211514,13.766456141725481,13.988989058211514,13829600
2007-04-16,13.98342514038086,14.030712919330568,13.888848521360824,13.91110128171345,20130200
2007-04-17,14.345039367675781,14.514721020217609,14.119724229872952,14.200392730445376,50341600
2007-04-18,14.370079040527344,14.392332866292703,14.283847057367804,14.350607473543064,22955600
2007-04-19,14.395113945007324,14.436839337412191,14.272721087671624,14.286629198099643,18696200
2007-04-20,14.489694595336914,14.50638496914649,14.358955986631313,14.478567679463861,21201000
2007-04-23,14.367300033569336,14.520291395111192,14.350609661700396,14.489692910578624,14465800
2007-04-24,14.383984565734863,14.459089622512561,14.289407945472647,14.459089622512561,16117400
2007-04-25,14.392330169677734,14.48134333381961,14.322788568871855,14.461871770483613,21349800
2007-04-26,14.486907005310059,14.52863132974359,14.422927797828173,14.461871986201688,15173600
2007-04-27,14.481346130371094,14.498035438670248,14.395114146715773,14.42293036796158,13926200
2007-04-30,14.517499923706055,14.562006492660235,14.42292333203838,14.442394889635814,23486000
2007-05-01,14.639897346496582,14.642678543492833,14.50081415203161,14.517503456250248,20552200
2007-05-02,14.662148475646973,14.723345413966083,14.603733795135339,14.63155000648742,17473000
2007-05-03,14.717784881591797,14.742819901227387,14.628771714247623,14.687186406357114,16194400
2007-05-04,14.801231384277344,14.831829852877961,14.728908599410772,14.742816704832757,18067000
2007-05-07,14.912500381469727,14.923627291771338,14.784544096362922,14.801233400694766,14151800
2007-05-08,14.762297630310059,14.887472780763785,14.720572226451784,14.842966178504806,15197400
2007-05-09,14.773414611816406,14.854083105765863,14.701090768578828,14.767851157635024,11234400
2007-05-10,14.598174095153809,14.753947677702111,14.584265985900734,14.72891265659829,14908400
2007-05-11,14.656591415405273,14.667718329248638,14.51194471880425,14.589832054586898,12985200
2007-05-14,14.631548881530762,14.731688932491624,14.60373267231735,14.61485958045086,13295800
2007-05-15,14.592615127563477,14.684410586885123,14.509165385257191,14.548108527592056,31652800
2007-05-16,14.670506477355957,14.684414594682755,14.50082468705356,14.603746028617461,16792200
2007-05-17,14.520282745361328,14.740034402351636,14.492465475483876,14.737252144803719,18808400
2007-05-18,14.639897346496582,14.645460801609648,14.489687241805479,14.56479229415103,25827200
2007-05-21,14.439613342285156,14.692744646018427,14.395106774412941,14.639893428270259,26409400
2007-05-22,14.320012092590332,14.456314152097484,14.303321719654441,14.450750694452188,19057200
2007-05-23,14.278285026550293,14.400677888021821,14.253250002485565,14.364515950790361,15167600
2007-05-24,14.253251075744629,14.395115515379803,14.228216049794783,14.261595730687603,17765600
2007-05-25,14.434056282043457,14.514724803643034,14.322790343639223,14.342261909387984,18502400
2007-05-29,14.514721870422363,14.5620096459358,14.439616820088782,14.472996488752417,16716400
2007-05-30,14.756730079650879,14.75673007965088,14.442401691494288,14.567576807231054,29334600
2007-05-31,14.74003791809082,14.870775403776651,14.709439444487563,14.731692204576824,21255400
2007-06-01,14.687186241149902,14.7789816658214,14.584264966526023,14.745600932602322,17018400
2007-06-04,14.651022911071777,14.687184838044145,14.523066629317915,14.676057928034101,20438800
2007-06-05,14.553675651550293,14.645471133996804,14.492478663252621,14.59540106377531,19282600
2007-06-06,14.464651107788086,14.553664260484837,14.420144531439712,14.534192699652452,11280800
2007-06-07,14.29218864440918,14.486905319130496,14.258807915402892,14.461870302936035,18724600
2007-06-08,14.372858047485352,14.386767217029083,14.194831712980413,14.256028663386733,13315200
2007-06-11,14.361733436584473,14.422929331150268,14.275501459128053,14.372859287610506,21803400
2007-06-12,14.225425720214844,14.400670802441876,14.203172965951273,14.281059197554256,22790200
2007-06-13,14.382250785827637,14.421454569080334,14.298242526254288,14.329044735793566,20020800
2007-06-14,14.368245124816895,14.47465505539056,14.301037897097476,14.382246319026835,17990600
2007-06-15,14.443853378295898,14.600668468280288,14.382246839674783,14.446653189950185,26360400
2007-06-18,14.4942626953125,14.564269762378434,14.42985632179861,14.443858589790253,11100800
2007-06-19,14.390647888183594,14.471856316130093,14.312240340220201,14.443853925635374,21341400
2007-06-20,14.418648719787598,14.583865357338098,14.371043382753117,14.432649912483905,19981600
2007-06-21,14.58667278289795,14.603474863837798,14.382252271800338,14.393453659093572,18870400
2007-06-22,14.45505142211914,14.63426925007184,14.404646274479632,14.575463600566582,30157400
2007-06-25,14.497061729431152,14.572669480417517,14.421453978444786,14.469058265238274,21450600
2007-06-26,14.547463417053223,14.656674230725262,14.455053609655232,14.533462222417286,22278800
2007-06-27,14.684677124023438,14.707079890788012,14.491458067681199,14.491458067681199,18175600
2007-06-28,14.737881660461426,14.81908901115821,14.623070163039138,14.651072550421118,16126400
2007-06-29,14.648268699645996,14.82748649320481,14.547458423713586,14.796683234645206,19029200
2007-07-02,14.718279838562012,14.838692027619912,14.651072613046336,14.743482414602562,18294600
2007-07-03,14.81348705291748,14.835888745646923,14.70147538460296,14.788284480957836,8382800
2007-07-05,14.749079704284668,14.841489491222069,14.695874749159234,14.813487108150248,10865400
2007-07-06,14.729477882385254,14.743480142200543,14.645469664605745,14.71547669079241,12349600
2007-07-09,14.757486343383789,14.841494589680815,14.721082378306713,14.765886847546648,19237800
2007-07-10,14.58946418762207,14.824687844103854,14.581063686104944,14.824687844103854,14505200
2007-07-11,14.58667278289795,14.63707795749441,14.50546432735664,14.564270008311482,12185400
2007-07-12,14.737881660461426,14.743482351582342,14.575464822622646,14.603468278227231,23446200
2007-07-13,14.87229061126709,14.91429417982445,14.698673511140976,14.737877269083427,16634800
2007-07-16,15.079519271850586,15.258738230577485,14.942306041780965,14.953507426993188,33549400
2007-07-17,14.889093399047852,15.227928208137278,14.788284181473244,15.213927016937117,33030000
2007-07-18,14.961908340454102,15.00391300203579,14.86109800723638,14.9283052521225,28491200
2007-07-19,15.037518501281738,15.104724688719879,14.961910739246512,15.093524369628915,14462400
2007-07-20,14.90029525756836,15.093515334288794,14.866692183964894,15.04871088007669,22396600
2007-07-23,15.020707130432129,15.051510392383292,14.883493959478217,14.933899102994225,14063800
2007-07-24,14.903105735778809,15.065521586324751,14.830297783150208,14.833098664217612,18704400
2007-07-25,15.135526657104492,15.177531321777824,14.891902379378962,14.97311082802847,25611600
2007-07-26,14.835886001586914,15.183121254559007,14.718274733010356,14.883491325693312,29326200
2007-07-27,14.63986587524414,14.866688976633348,14.623064876178272,14.819083653428207,24074400
2007-07-30,14.670668601989746,15.07950927725303,14.502652208058096,14.858287941161532,19912000
2007-07-31,14.592263221740723,14.805084089635525,14.572661341864452,14.768681208849499,19887000
2007-08-01,14.917099952697754,14.975905608904522,14.61186922086209,14.662274374245788,24743400
2007-08-02,15.026311874389648,15.065515648095644,14.88629778645526,14.88629778645526,19595400
2007-08-03,14.919900894165039,15.191528567057052,14.908700578960254,15.071116365768184,22044200
2007-08-06,15.18592643737793,15.191527128561347,14.883496591031639,14.883496591031639,23334800
2007-08-07,15.25032901763916,15.34273879701138,15.040307957126686,15.107515166508515,22657200
2007-08-08,15.642372131347656,15.647972822355861,15.22793061074383,15.23073042213664,25070400
2007-08-09,15.63957405090332,15.880398466245921,15.34834554391073,15.34834554391073,34244000
2007-08-10,15.395944595336914,15.717977333139743,15.149519571667511,15.513556951174154,29816800
2007-08-13,15.267134666442871,15.429550435842181,15.180325556518474,15.398748237052173,19106400
2007-08-14,15.160724639892578,15.359544380114517,15.065515021329265,15.339942494077011,26200600
2007-08-15,15.073920249938965,15.30914293945965,15.012313697032347,15.166329011075957,14280600
2007-08-16,15.003911972045898,15.202731744341735,14.79389081500084,14.981509202547459,29002000
2007-08-17,15.247529029846191,15.91959577475088,14.886292553584855,15.38194237882713,28468600
2007-08-20,15.267134666442871,15.367944970039561,15.16352455140076,15.227930896871403,15993800
2007-08-21,15.129915237426758,15.359538153542019,15.115914048536263,15.233526385305337,16781600
2007-08-22,15.107515335083008,15.261530567532905,15.059910005360027,15.22512661753561,15279400
2007-08-23,15.115918159484863,15.169123119027338,15.015107862901202,15.087915774088303,13930000
2007-08-24,15.1215238571167,15.325944329220606,15.023514407554172,15.023514407554172,13493400
2007-08-27,15.12431812286377,15.163522956534363,15.037510090292258,15.11591762118846,9995800
2007-08-28,14.914299964904785,15.121521282122227,14.8918982666293,15.121521282122227,15706000
2007-08-29,14.984306335449219,15.037512369383418,14.863895209704419,14.975905832500725,15922800
2007-08-30,14.953502655029297,15.020708808410019,14.877894931309072,14.903097505882481,13982600
2007-08-31,15.05990982055664,15.115915650275443,14.95069904012727,15.05711000977076,15035200
2007-09-04,15.225137710571289,15.244739605261996,15.029117695441068,15.029117695441068,12463000
2007-09-05,15.034707069396973,15.219525557485952,14.942298359463653,15.157920106937851,18938600
2007-09-06,15.3063383102417,15.412749304077447,14.897497476323554,14.995506899446879,19000200
2007-09-07,15.286736488342285,15.401547985138961,15.15232310684051,15.286736488342285,23982600
2007-09-10,15.281137466430664,15.407150359172695,15.202729919045721,15.289537969872562,20339400
2007-09-11,15.586363792419434,15.664771317527562,15.317537076429492,15.320336887373747,23866200
2007-09-12,15.732878684997559,15.879388428833222,15.575098712838814,15.665258389847201,18437000
2007-09-13,15.741328239440918,15.834305995688622,15.670890936145849,15.763868692393554,14353000
2007-09-14,15.890660285949707,15.935740129074585,15.682165339754485,15.699070683971906,15459800
2007-09-17,15.57509994506836,15.806134270029231,15.507480719356412,15.777959771780623,21078400
2007-09-18,15.893474578857422,15.899109692629667,15.611725338973555,15.611725338973555,19898800
2007-09-19,15.952642440795898,15.992087164340983,15.744148594975277,15.918832831298412,17220600
2007-09-20,15.86529541015625,15.961090166482853,15.823032606710965,15.93573269937323,12583400
2007-09-21,15.932917594909668,16.02026023684763,15.865298386457258,15.885020745154872,21948800
2007-09-24,15.975184440612793,16.166774037591363,15.921651389381946,15.921651389381946,20872800
2007-09-25,16.06534194946289,16.135779260145494,15.930102441926858,15.972364183463581,15230200
2007-09-26,16.1583251953125,16.251302999028333,16.034355865146555,16.107610225065407,14776200
2007-09-27,16.152685165405273,16.225939498165207,16.09633509993481,16.147050051379416,14274400
2007-09-28,16.192127227783203,16.27946879386001,16.06815688916385,16.144229303829018,13061200
2007-10-01,16.313276290893555,16.434428511940833,16.217481536455885,16.231568779063952,19918600
2007-10-02,16.318912506103516,16.38653278434996,16.240023077139213,16.34145295711495,17565600
2007-10-03,16.220314025878906,16.34991850114928,16.163963926912604,16.271029007469703,12628400
2007-10-04,16.304828643798828,16.378084049993827,16.22030408454836,16.242844540235463,11534600
2007-10-05,16.361181259155273,16.420348352376735,16.29356203112739,16.333006759941696,10896400
2007-10-08,16.28510856628418,16.378086346850523,16.254115972762065,16.33018840919228,6021600
2007-10-09,16.307641983032227,16.307641983032227,16.144226951314934,16.228751485919016,16272000
2007-10-10,16.304828643798828,16.397806411326002,16.27947116854488,16.33863932732948,13236400
2007-10-11,16.113237380981445,16.39216957954344,16.03716496319181,16.341454634350352,12950600
2007-10-12,16.28510856628418,16.321736274518337,16.101972174689866,16.116059424075857,10410200
2007-10-15,16.240018844604492,16.4062508657323,16.104779398146075,16.366806161530377,13801000
2007-10-16,16.273832321166992,16.369627086284286,16.180855649758115,16.248474851730418,14228200
2007-10-17,16.648563385009766,16.74435817391915,16.35836199866139,16.44006846510531,32814800
2007-10-18,16.724634170532227,16.806341703743882,16.558402084765202,16.634474504501434,20771800
2007-10-19,16.55558204650879,16.834514219453258,16.535859689054803,16.772529053290516,24173600
2007-10-22,16.69363784790039,16.735900652113976,16.451333396623053,16.493596200836638,18251800
2007-10-23,16.834514617919922,16.842966749946584,16.693640018606786,16.710545357448005,11663000
2007-10-24,16.955663681030273,16.961298792921063,16.724629467446345,16.76407417589418,18633200
2007-10-25,17.271230697631836,17.316310539567134,16.9303143258219,16.969759053166758,19553800
2007-10-26,17.347301483154297,17.352936597208988,17.152894884814014,17.282499283707537,16187400
2007-10-29,17.42337417602539,17.47690614817793,17.268412298920133,17.327579385213173,16951200
2007-10-30,17.39237403869629,17.51070923472214,17.28530906606103,17.42054959717276,13738200
2007-10-31,17.400835037231445,17.48536068095193,17.223333764910123,17.46563831736067,16640000
2007-11-01,17.15852928161621,17.468453018152072,17.13598882633968,17.364206099468273,20035400
2007-11-02,17.048643112182617,17.22896349764295,16.907768516371267,17.226145403845518,17152600
2007-11-05,17.00074577331543,17.11062778290102,16.882410557370132,17.045825599678437,17845400
2007-11-06,17.189525604248047,17.212066065830324,16.975396593158244,17.014841326138864,15285600
2007-11-07,16.8936767578125,17.186696096755384,16.88522462825432,17.158521615036392,14486800
2007-11-08,17.319122314453125,17.367019158811825,16.87677619100524,17.107810430967024,26091200
2007-11-09,17.138811111450195,17.398019961784048,17.08246103426813,17.327582634003544,18189800
2007-11-12,16.86550521850586,17.147254384001013,16.84859988165255,17.085269223659992,16680200
2007-11-13,17.197975158691406,17.243054997484265,16.806343857655676,16.972575964727117,15326800
2007-11-14,17.288137435913086,17.398019492319502,17.116270188800158,17.27123209077814,16542800
2007-11-15,17.454360961914062,17.583965319680896,17.183882021847335,17.183882021847335,21229800
2007-11-16,17.643138885498047,17.671314457209718,17.383930074479668,17.536074937358194,21454000
2007-11-19,17.552976608276367,17.626232009098914,17.471269074585067,17.609326668573402,16893400
2007-11-20,17.691028594970703,17.778370139698996,17.496621002304163,17.614956198899577,21572400
2007-11-21,17.538890838623047,17.876990154084243,17.507898249110788,17.6910356917988,18067800
2007-11-23,17.552976608276367,17.679763975247695,17.4459116011908,17.62059689559041,9446000
2007-11-26,17.39237403869629,17.710750863360598,17.35574635007071,17.56705820209976,16760800
2007-11-27,17.744571685791016,17.83754947540921,17.378297792155553,17.454370235991803,21048000
2007-11-28,17.843711853027344,17.90886577346923,17.70207261364368,17.90886577346923,25499000
2007-11-29,17.787050247192383,17.89469525661727,17.7388923592949,17.821043351188596,15031600
2007-11-30,17.591596603393555,17.874875138589083,17.483951538066986,17.874875138589083,21684200
2007-12-03,17.619918823242188,17.846541354476322,17.551931523561212,17.591590331449503,17112000
2007-12-04,17.77573013305664,17.82955267192565,17.4244642334397,17.549107494895054,16878600
2007-12-05,17.8607120513916,17.8607120513916,17.690745356590245,17.801223816273314,14622000
2007-12-06,17.866371154785156,17.894698566584815,17.67090941987593,17.821046647532807,15824600
2007-12-07,17.889041900634766,18.059008608228122,17.863546786433563,17.863546786433563,13413800
2007-12-10,17.92302894592285,17.988182864418594,17.812550515403043,17.869206425588526,8487800
2007-12-11,17.838048934936523,18.098664657337096,17.82954984442568,17.91453426580325,17336600
2007-12-12,18.064672470092773,18.14399119543339,17.83238415574053,17.911701800459287,23241400
2007-12-13,18.155324935913086,18.169489730800326,17.95419846435308,18.010854402035662,12418200
2007-12-14,18.076005935668945,18.220477530854872,18.056176522224252,18.06184114267532,19006000
2007-12-17,17.696407318115234,18.17231525975132,17.642583714323678,18.12982305471816,23869200
2007-12-18,17.625585556030273,17.792719885240935,17.52927083952546,17.789886495584643,23756400
2007-12-19,17.804052352905273,17.84654455791087,17.591593489120623,17.61992198599824,14402000
2007-12-20,17.64258575439453,17.83521523307503,17.534940695607382,17.775727003647113,15065400
2007-12-21,17.866371154785156,17.979682963226775,17.648246625939006,17.704902530159817,25318800
2007-12-24,17.906030654907227,17.974017958721493,17.7898865330499,17.85787383686417,4593800
2007-12-26,17.84937858581543,17.9740218228342,17.778558957735406,17.9740218228342,9484400
2007-12-27,17.64825439453125,17.903205535441195,17.622759280440256,17.81822218201187,7729800
2007-12-28,17.639753341674805,17.778559209529337,17.563268012590523,17.653917051367053,8346400
2007-12-31,17.384803771972656,17.619925479882074,17.342312639163087,17.58026665701106,11729200
2008-01-02,17.305479049682617,17.444285953592196,17.203498643646423,17.407459455718808,15453800
2008-01-03,17.486774444580078,17.59158714366616,17.29981075511405,17.328138161152037,13902600
2008-01-04,17.520774841308594,17.76439452488324,17.46978462471754,17.472618014873557,18027400
2008-01-07,17.934354782104492,17.97118019377603,17.534932306071024,17.59158711806455,23782000
2008-01-08,18.00801658630371,18.243138291700102,17.934364641847868,18.01368228674214,20883200
2008-01-09,18.489582061767578,18.50091345824724,18.01650760526696,18.02217330350679,35949600
2008-01-10,18.571739196777344,18.580237206631985,18.33095288550686,18.41310391617441,28944200
2008-01-11,18.064672470092773,18.520750007847486,17.976855734424248,18.520750007847486,32147800
2008-01-14,18.214811325073242,18.277130789586888,18.05900726067967,18.05900726067967,22931400
2008-01-15,18.019350051879883,18.186483371165657,18.00518633947183,18.025015752967498,22999400
2008-01-16,17.747394561767578,18.08732782265623,17.699236665414748,17.925859199547677,25334000
2008-01-17,17.574600219726562,17.934364081665517,17.53494139851818,17.917366980881138,37273000
2008-01-18,17.20633888244629,17.69074492332627,17.042036811623262,17.65958411123074,33758200
2008-01-22,16.653942108154297,16.826742153953422,16.348000830879457,16.6369450103207,37369800
2008-01-23,16.676612854003906,16.69644227190202,16.002410484223542,16.297019441833633,32257400
2008-01-24,16.962726593017578,17.00238543282111,16.696443958984133,16.75876561045959,30700600
2008-01-25,16.546293258666992,17.093020721809935,16.495303054183708,17.093020721809935,25926400
2008-01-28,16.829572677612305,16.8324049866399,16.444313812567792,16.534962830152203,18341400
2008-01-29,16.58595848083496,16.900397836546162,16.509473144530464,16.900397836546162,26833600
2008-01-30,16.365001678466797,16.668109635243766,16.305513443350996,16.571794886694512,23066800
2008-01-31,16.71343231201172,16.81541274986585,16.214862603262574,16.231858622490414,24041800
2008-02-01,16.78708267211914,16.98821121925713,16.57462380676824,16.795581761555912,16520200
2008-02-04,16.60862159729004,16.840909920556594,16.563297072765394,16.832410829280665,15315800
2008-02-05,16.260189056396484,16.571795026352646,16.234693943900297,16.566129325728838,24709600
2008-02-06,16.348007202148438,16.48398079594492,16.30834837236889,16.401830825953883,16816400
2008-02-07,16.55763053894043,16.62278447212719,16.384830460191186,16.384830460191186,23313200
2008-02-08,16.784250259399414,16.934387510857558,16.710598328671363,16.73892574496177,20221800
2008-02-11,16.855064392089844,16.911720286842982,16.656769300764527,16.812572200869667,13635800
2008-02-12,16.974044799804688,17.138346825257575,16.89756056657283,16.940051687188134,23823800
2008-02-13,16.823917388916016,17.124193120851686,16.71627120869422,17.124193120851686,29032000
2008-02-14,16.58595848083496,16.908895847039368,16.543467347747054,16.86073901341536,25045400
2008-02-15,16.645442962646484,16.66244006042261,16.432984103242298,16.55479393575043,20761400
2008-02-19,16.45848274230957,16.727597571443074,16.421657310156068,16.713433860566965,17218000
2008-02-20,16.49530792236328,16.509471632095043,16.3026784442703,16.45281679316799,14832000
2008-02-21,16.427316665649414,16.588785284638572,16.353663668546826,16.520797985822448,17465200
2008-02-22,16.503807067871094,16.52363755960644,16.25735504358785,16.430155123824118,14768400
2008-02-25,16.64828109741211,16.733264449270045,16.48681240469545,16.48681240469545,16020800
2008-02-26,16.860733032226562,16.880562436757664,16.520798685002422,16.60011630312684,16807800
2008-02-27,17.010875701904297,17.11285614675201,16.792751101673772,16.792751101673772,19804800
2008-02-28,16.843732833862305,17.030696528301757,16.755917224435795,16.996703424027665,15436000
2008-02-29,16.560457229614258,16.806910248773566,16.48113961275645,16.741755257072956,15967400
2008-03-03,16.719097137451172,16.7559236448882,16.529299981234246,16.529299981234246,12492600
2008-03-04,16.81825065612793,16.87773998508691,16.577464271551843,16.597293687664123,20105800
2008-03-05,16.906064987182617,16.996714042291746,16.72193348614233,16.781422806563054,16079400
2008-03-06,16.741764068603516,16.954223008969663,16.719102343554592,16.857908246112128,14563200
2008-03-07,16.670936584472656,16.826740598658873,16.571789557828282,16.642609171323276,18332600
2008-03-10,16.61711883544922,16.809748325879507,16.61428652557018,16.670941368125796,18909600
2008-03-11,16.846576690673828,16.906064930272322,16.676608902449882,16.716267728848877,29836200
2008-03-12,16.87508201599121,16.960612954003032,16.809509094400923,16.86367883348455,22601200
2008-03-13,16.80095672607422,16.849423243385797,16.624194887098064,16.729681668212905,17542000
2008-03-14,16.401819229125977,16.800960067561554,16.28777976640959,16.800960067561554,26531400
2008-03-17,16.447429656982422,16.541513242216457,16.17943586848373,16.222201332239365,21630200
2008-03-18,16.937807083129883,16.937807083129883,16.51870933608083,16.59283601569679,18364800
2008-03-19,17.0946102142334,17.34264820731575,16.926401028295633,16.926401028295633,23258600
2008-03-20,17.402517318725586,17.431026905089233,17.117417104805064,17.151628825955644,31028600
2008-03-24,17.44243621826172,17.53366822609096,17.25997220260324,17.46239315200116,14037600
2008-03-25,17.507999420166016,17.62489043317034,17.411065329803595,17.442426518975367,15298200
2008-03-26,17.433883666992188,17.59068861346124,17.39111818724093,17.50800926598019,16547800
2008-03-27,17.479496002197266,17.64770518630191,17.450985325823794,17.49375079659845,16830400
2008-03-28,17.37401580810547,17.562182005031826,17.35691048229408,17.556480954809082,13671600
2008-03-31,17.35405731201172,17.448140945816284,17.288484364619816,17.334100375308594,18541400
2008-04-01,17.51655387878418,17.533660280339276,17.362600615071617,17.39396071989972,25873200
2008-04-02,17.23716163635254,17.49660283212535,17.165886570617467,17.49660283212535,18167000
2008-04-03,17.265670776367188,17.362604900630373,17.17728931120717,17.188693581725445,16176200
2008-04-04,17.177288055419922,17.371156289773083,17.163033262099752,17.25711576806969,15262800
2008-04-07,17.211496353149414,17.27992087007448,17.18298677218027,17.18298677218027,16193200
2008-04-08,17.251415252685547,17.268521658818205,17.06895127088832,17.182991803297146,19942800
2008-04-09,17.32839012145996,17.34264600177462,17.19439376458412,17.248562412038527,12995600
2008-04-10,17.485197067260742,17.527961447846835,17.24001070331142,17.356901750360397,14842200
2008-04-11,17.18869400024414,17.533665035038396,17.13167373383548,17.39681704820029,15567600
2008-04-14,17.391109466552734,17.490894085840708,17.148774769670066,17.21719819787588,20029600
2008-04-15,17.37401580810547,17.453844649654418,17.225763488167797,17.399674884394134,23441800
2008-04-16,17.433883666992188,17.630602481191037,17.259972311108363,17.60494341085455,23117600
2008-04-17,17.299882888793945,17.499453277060507,17.259969028654858,17.388264355938443,16659800
2008-04-18,17.137374877929688,17.413922447093682,17.006229034075634,17.32268937357449,22254200
2008-04-21,17.205793380737305,17.231452437387095,17.006224148539786,17.083200230918404,12428800
2008-04-22,17.074655532836914,17.220057284145852,17.020486871360376,17.168739146927553,17274000
2008-04-23,17.19725227355957,17.217209210181828,17.037595693010022,17.037595693010022,18987200
2008-04-24,17.177288055419922,17.391113217935523,17.04614221676073,17.18584071389782,12836600
2008-04-25,16.91499900817871,17.248565791534546,16.80951112855113,17.177290726280273,18802400
2008-04-28,16.815210342407227,17.077503102503023,16.780998621549863,16.91499606896679,16098000
2008-04-29,16.7410888671875,16.820916597934552,16.641303116182417,16.763896324156114,14869000
2008-04-30,16.783849716186523,17.040440350274487,16.73253158936893,16.74108533555255,23359200
2008-05-01,16.846574783325195,16.86653171496542,16.649855991055308,16.709726785975985,15127600
2008-05-02,16.755342483520508,16.963465543716385,16.706874873572872,16.846574480111272,16519000
2008-05-05,16.644149780273438,16.81520946318703,16.575725254565437,16.755338682924368,14121400
2008-05-06,16.6127872467041,16.644148439812426,16.501598353007935,16.60708511272342,13390400
2008-05-07,16.259260177612305,16.61563534256134,16.247856998887663,16.612784819772855,29866200
2008-05-08,16.048294067382812,16.413222056047683,15.97986952572255,16.350499650156713,28002800
2008-05-09,16.00838279724121,16.06255146446566,15.917150785299317,16.04829666651937,20830000
2008-05-12,16.07964324951172,16.096748556460806,15.96560279452269,16.016920890510715,17243400
2008-05-13,16.10816192626953,16.18228750262024,16.042589008228635,16.048291142958842,20876800
2008-05-14,16.119564056396484,16.25070987507305,16.01977834321756,16.148073638692832,20732200
2008-05-15,16.253572463989258,16.299188482068626,16.03974717532252,16.108171746227406,16503200
2008-05-16,16.27066993713379,16.364753534478325,16.187990609934847,16.267819413382924,17961000
2008-05-19,16.398969650268555,16.490201660730218,16.233610951574693,16.279226956805527,20009200
2008-05-20,16.276371002197266,16.43602751102653,16.23930767044617,16.393262044577497,17955200
2008-05-21,16.150928497314453,16.336242994647996,16.093908233684488,16.225054078733656,25203800
2008-05-22,16.6127872467041,16.65555162020294,16.116712466093293,16.159477927162982,25230600
2008-05-23,16.715425491333008,16.832316533052637,16.538662579408896,16.567173252737454,30583000
2008-05-27,16.704023361206055,16.735384562098258,16.567175374416458,16.69261909041414,15614200
2008-05-28,16.376161575317383,16.775302448256458,16.34765197906661,16.775302448256458,24045600
2008-05-29,16.49874496459961,16.57287161079096,16.290621990797447,16.40181087251374,24705200
2008-05-30,16.324838638305664,16.53296276259298,16.25641519236745,16.447431823813616,26831600
2008-06-02,16.25071144104004,16.356198210786573,16.09390654815823,16.26496623356185,19121200
2008-06-03,16.07964324951172,16.32197785690043,16.04828207001122,16.210789011449837,18839800
2008-06-04,16.16518783569336,16.242165050098016,16.036892478352268,16.036892478352268,14971800
2008-06-05,16.30487632751465,16.32483324995702,16.096753359493682,16.179432659652488,15701400
2008-06-06,15.908597946166992,16.282079764116048,15.891492622681866,16.253569079021787,24947800
2008-06-09,15.925702095031738,16.036891032176758,15.823065818414403,15.823065818414403,19351600
2008-06-10,16.538663864135742,16.70687304334232,15.965612880354296,16.00267621477502,32680000
2008-06-11,16.39804458618164,16.59606157812448,16.36073686245088,16.564493588409402,23459000
2008-06-12,16.39804458618164,16.52718586467864,16.286122509731683,16.446831777943764,19044000
2008-06-13,15.904438972473145,16.386565699470708,15.47396875870692,16.36647717707434,61756600
2008-06-16,15.548582077026367,15.933135459056347,15.508405037742106,15.904436791894577,35384800
2008-06-17,15.485445022583008,15.697810765780623,15.485445022583008,15.654763315415307,28668600
2008-06-18,15.255863189697266,15.496926535144764,15.241514402594662,15.43379055820257,26037200
2008-06-19,15.313262939453125,15.382137571214223,15.209949897068945,15.32474240966082,25221200
2008-06-20,15.399353981018066,15.465359280616296,15.189858614099602,15.230035657790495,33273000
2008-06-23,15.284567832946777,15.453886226447976,15.21569318510315,15.453886226447976,17910600
2008-06-24,15.316132545471191,15.35918001218215,15.10376781637826,15.209950180924727,21827400
2008-06-25,15.525629043579102,15.663380508821534,15.324743770814363,15.341961882912695,23750600
2008-06-26,15.27308464050293,15.67485621226061,15.247256382017314,15.473969879010546,30532200
2008-06-27,14.877055168151855,15.27882792808032,14.874185847538419,15.258738304815468,35673200
2008-06-30,14.917229652404785,15.181251987755385,14.762260092182206,14.882792337269493,30142000
2008-07-01,14.635978698730469,14.899999749780559,14.613019775295648,14.899999749780559,35340600
2008-07-02,14.742173194885254,14.796700135841123,14.598683088778447,14.638860143329532,32505400
2008-07-03,14.773743629455566,14.85122843089896,14.690519091452352,14.742175625747945,14904400
2008-07-07,14.719212532043457,14.859832196077964,14.635988023680426,14.828264203613198,23402400
2008-07-08,14.770872116088867,14.8311376989075,14.635991063810613,14.658950006642081,26657400
2008-07-09,14.604413986206055,14.819649015112002,14.595804935367248,14.816779696413056,23205400
2008-07-10,14.360486030578613,14.621637906228065,14.262912742163305,14.621637906228065,30312600
2008-07-11,14.42648696899414,14.492492247862893,14.211251935610038,14.251428966683019,26927400
2008-07-14,14.62450885772705,14.710602687760893,14.503977714628162,14.503977714628162,25123000
2008-07-15,14.862699508666992,14.922965066389283,14.518323172801876,14.5355423727549,38457400
2008-07-16,15.020537376403809,15.09515171524612,14.707729046550897,14.888526802821657,27188400
2008-07-17,14.446578025817871,14.739297854081425,14.262910940180076,14.693381082671975,79214400
2008-07-18,14.35761833190918,14.486759634347633,14.248566649621178,14.486759634347633,36493800
2008-07-21,14.234213829040527,14.3777038922153,14.188297052614292,14.3777038922153,21760400
2008-07-22,14.736432075500488,14.957406949524236,14.36622846851196,14.383446578992688,43142600
2008-07-23,15.066452026367188,15.080800809348666,14.641721700611967,14.785211719910702,25824200
2008-07-24,14.882791519165039,15.178380738541371,14.78808753932071,15.046370125493926,21340400
2008-07-25,14.940190315246582,14.99471616172733,14.788090057602153,14.99471616172733,16853600
2008-07-28,14.679037094116211,14.940189022118483,14.667557623826706,14.922969816684226,14040000
2008-07-29,14.799564361572266,14.868440070480041,14.670423091584098,14.69625134558173,16244800
2008-07-30,14.724954605102539,14.922970550998844,14.63599034809502,14.879923082666233,19487000
2008-07-31,14.779480934143066,14.879923570555725,14.699126825012941,14.779480934143066,21216800
2008-08-01,15.250128746032715,15.273087689154947,14.848357094077631,14.905752262397884,33156000
2008-08-04,15.468226432800293,15.519882933720712,15.181246358683346,15.244381230564443,22279000
2008-08-05,15.758074760437012,15.783903009150759,15.511271738226112,15.525620522013297,25483200
2008-08-06,15.887228012084961,15.921665338151454,15.669122392597172,15.746607197303923,20380000
2008-08-07,15.499799728393555,15.829827387945684,15.451013621103574,15.829827387945684,19928800
2008-08-08,15.90156364440918,15.936000941970656,15.413697367530125,15.496921840150483,19658200
2008-08-11,15.884346961975098,16.022098363504238,15.74085692222919,15.824081408019925,14183600
2008-08-12,15.723642349243164,16.019231547184415,15.531365083536935,15.838433749973976,16690800
2008-08-13,15.844173431396484,15.910178732913671,15.611720216214735,15.657636995302447,19036800
2008-08-14,15.789647102355957,16.024970724631334,15.712162334815185,15.798256156057485,15411800
2008-08-15,15.801129341125488,15.961837543692782,15.712165089888218,15.84704612682222,23892000
2008-08-18,15.591632843017578,15.887222061760687,15.47970965942065,15.803997551422887,21137600
2008-08-19,15.591632843017578,15.666247204006416,15.4911891287243,15.56293416975845,16564200
2008-08-20,15.597371101379395,15.709294282238423,15.46823090647095,15.654767351751158,11033200
2008-08-21,15.356301307678223,15.565797698190678,15.273077928900657,15.551447820538236,11670800
2008-08-22,15.60311222076416,15.643289271167632,15.327611508218192,15.387877083823401,14812600
2008-08-25,15.373523712158203,15.666243542532909,15.316127473796893,15.537102279905511,12329200
2008-08-26,15.359173774719238,15.465356096144356,15.252991453294124,15.373522559548238,9461400
2008-08-27,15.436666488647461,15.499801393408166,15.273087848791139,15.379270224984634,13595400
2008-08-28,15.244389533996582,15.373530856639325,15.181254627726675,15.281697270480642,20861000
2008-08-29,14.943058013916016,15.235777931410052,14.93444895875936,15.235777931410052,17841200
2008-09-02,14.911486625671387,15.19846674284632,14.897137838761092,14.986102069192539,25723800
2008-09-03,14.825396537780762,14.934449316259832,14.713474439094961,14.825396537780762,22448800
2008-09-04,14.839739799499512,15.00331835890284,14.693380439148896,14.848349946396937,25899000
2008-09-05,14.902875900268555,14.95453240314321,14.773734643081918,14.834000198188301,18284200
2008-09-08,15.319002151489258,15.36204852118449,15.009063034919599,15.129595278499743,22306800
2008-09-09,15.462489128112793,15.646156229231208,15.258732411488669,15.258732411488669,29463600
2008-09-10,15.442399978637695,15.525623377808358,15.298909924888108,15.517014324900897,24609000
2008-09-11,15.650501251220703,15.774780477897414,15.332577212210847,15.373040011123528,27409200
2008-09-12,15.751656532287598,15.766107372820702,15.477086152044784,15.563792297771867,20364200
2008-09-15,15.823908805847168,16.11871052686223,15.47419346031559,15.537777366985173,32162400
2008-09-16,15.852814674377441,15.904838586112449,15.520440907768819,15.615817344263974,32829400
2008-09-17,15.219852447509766,15.8643694260361,15.216962721362805,15.768993027792952,37536000
2008-09-18,15.430839538574219,15.618703733373412,15.058001977988372,15.381706470643238,40347200
2008-09-19,15.23719596862793,15.823908572953044,14.485740288121438,15.823908572953044,47807400
2008-09-22,14.84991455078125,15.219861458187186,14.829683148190535,15.176507822619223,23355200
2008-09-23,14.647587776184082,15.127362703709839,14.61579528238266,14.86435357661791,25686000
2008-09-24,14.505971908569336,14.76898112523701,14.413485223753993,14.74007944968031,21740600
2008-09-25,14.873031616210938,15.095578086412324,14.555108717368071,14.56666983069687,26174800
2008-09-26,15.16783332824707,15.219857235483246,14.69383870900942,14.72274038968354,27516800
2008-09-29,14.748748779296875,15.306559681235447,14.569555976856309,15.052221865683736,39031200
2008-09-30,15.283442497253418,15.289223053985179,14.742972019382622,14.974189878539212,35193200
2008-10-01,15.6533842086792,15.68806643524337,15.17938973636583,15.208291408081287,29096400
2008-10-02,15.491533279418945,15.685178024238986,15.28921935539111,15.332571866599276,30669000
2008-10-03,15.193842887878418,15.896164422378494,15.141818988839281,15.543558240563959,27695800
2008-10-06,14.716952323913574,15.11291198279225,14.081106853287034,14.838341746370126,46243600
2008-10-07,14.248745918273926,14.899043662944397,14.185161999625498,14.82678835798101,34820200
2008-10-08,13.70249080657959,14.33544664175114,13.425030805068339,14.060877468760987,49084200
2008-10-09,12.514613151550293,13.76607501796931,12.514613151550291,13.748733355416666,46288400
2008-10-10,11.994379043579102,13.020404018367556,11.644663678240578,12.153340473048585,73567200
2008-10-13,13.659136772155762,13.737172601866282,12.488601531553963,12.552186526694685,50478400
2008-10-14,12.638890266418457,13.612890887134238,12.32674810864168,13.612890887134238,57665600
2008-10-15,12.777626037597656,13.679372908388803,12.690919904548434,13.534862319130667,56256000
2008-10-16,13.231388092041016,13.26896115081074,12.176461540283526,12.948147493109078,53069400
2008-10-17,12.774733543395996,13.344104392004834,12.401896039275039,12.994389106369546,42030000
2008-10-20,13.427925109863281,13.546423761490356,12.87011408811113,13.031966362113552,27773000
2008-10-21,13.303644180297852,13.621568130678982,13.294973897956059,13.399021696170674,21927000
2008-10-22,13.11578369140625,13.358561568065047,12.780519109594431,13.179367612118641,31891200
2008-10-23,12.445252418518066,13.179365378434083,11.994378980416322,13.179365378434083,56321200
2008-10-24,12.02617073059082,12.427909969478755,11.849867645316953,11.849867645316953,40797600
2008-10-27,11.852750778198242,12.491488028992096,11.849861053297397,11.893214644503438,29412000
2008-10-28,13.078200340270996,13.098431722208431,11.884543293324162,12.011713239819615,36079600
2008-10-29,12.673578262329102,13.237169782071108,12.572421290656974,12.890344146650772,29859200
2008-10-30,12.907686233520508,13.150464075946813,12.679359230012652,12.988611813486497,25942200
2008-10-31,12.734273910522461,13.294974617025964,12.572421648709335,13.046416219520511,31870200
2008-11-03,13.136014938354492,13.193819404043241,12.763177292316964,12.864334280375916,18576200
2008-11-04,13.303644180297852,13.581105343046248,13.182255817399652,13.497288938648001,23774200
2008-11-05,12.927918434143066,13.422144432639836,12.89034536859098,13.214049913683958,23496800
2008-11-06,12.858553886413574,13.138903705344791,12.676470218685177,12.933698914547612,34002800
2008-11-07,13.367228507995605,13.560872153924915,12.858551756911863,12.95970872082595,29180800
2008-11-10,13.266069412231445,13.667808579399859,13.037742470342275,13.546419139681955,22561600
2008-11-11,12.84410572052002,13.231394292914523,12.696705347849365,13.176480644768343,27487000
2008-11-12,12.667798042297363,12.881673084468183,12.37299632515835,12.62733415354915,35027800
2008-11-13,13.375903129577637,13.401915086241761,12.520400492113083,12.673581402174834,37546800
2008-11-14,13.011735916137695,13.636021729279603,13.00017480232265,13.17647792915233,33382200
2008-11-17,12.708259582519531,12.985719605848239,12.485713177601257,12.896122657625622,30672000
2008-11-18,12.569530487060547,12.644675502074753,12.14755876381273,12.520396317509247,38923200
2008-11-19,12.216927528381348,12.8903464211858,12.199585857665442,12.615777134619194,32379800
2008-11-20,11.870101928710938,12.647568647103734,11.849870530641391,12.13889176309606,42268800
2008-11-21,12.716931343078613,12.800747746082958,11.705357258970087,12.034841212818058,50104800
2008-11-24,13.072427749633789,13.326766695001114,12.630225700069111,12.858552695313321,36720800
2008-11-25,13.026190757751465,13.442381060157114,12.792083092475817,13.245847577584406,32370600
2008-11-26,13.227302551269531,13.247705969518611,12.752192000820436,12.900845635478438,21349000
2008-11-28,13.66161060333252,13.673270021812677,13.174841556771081,13.174841556771081,12565600
2008-12-01,12.921255111694336,13.556677841957756,12.912509992023725,13.463404719428997,25153200
2008-12-02,12.80466079711914,13.122372659758295,12.516096362944701,13.122372659758295,28670000
2008-12-03,13.448830604553223,13.524615709304872,12.679326810509583,12.728877668929027,39894200
2008-12-04,13.043672561645508,13.574163736652924,12.886273787899643,13.282685020191572,32059200
2008-12-05,13.40218734741211,13.434250174792242,12.656001650238226,12.92124827241833,28276200
2008-12-08,13.40218734741211,13.716984803250428,13.24478861949295,13.550842072192228,26908400
2008-12-09,13.066987037658691,13.568329506788729,12.93582143658586,13.27102118165788,26635000
2008-12-10,13.206900596618652,13.373043370432027,12.9620584385932,12.9620584385932,29363800
2008-12-11,12.889187812805176,13.303087011993949,12.795914722511847,13.169007083685157,33283400
2008-12-12,12.991212844848633,13.011616276321877,12.53359111854251,12.75220026595895,30458000
2008-12-15,13.107800483703613,13.19524389126222,12.77842916626617,13.081567350245706,20399200
2008-12-16,13.54210090637207,13.63828941656349,13.037842860082705,13.195241633903358,35063000
2008-12-17,13.256453514099121,13.539188259488215,13.119458144782227,13.431341432527681,26407400
2008-12-18,13.169002532958984,13.539180468598195,13.049496357823694,13.428418295186626,31094400
2008-12-19,12.950400352478027,13.410936177987939,12.877530668348353,13.247708797155477,50547600
2008-12-22,13.017438888549805,13.061161138952613,12.825062988202882,13.037842308896977,22376800
2008-12-23,12.81631851196289,13.154433752024834,12.784255677766012,13.037841829836726,20176200
2008-12-24,12.854209899902344,12.927079573058032,12.825062475401257,12.8396361876518,5316600
2008-12-26,12.994118690490723,13.096135772756789,12.903759909124487,12.944566742030915,9626600
2008-12-29,12.944573402404785,13.075739084166148,12.743453431639608,13.075739084166148,13950600
2008-12-30,13.096138000488281,13.157348260260152,12.98246148608252,13.005779203751475,16001800
2008-12-31,13.195242881774902,13.262282859504458,13.134032612357027,13.166094340216508,15550400
2009-01-02,13.378874778747559,13.408022208352275,13.128202881295596,13.233135406917642,16355800
2009-01-05,13.244791984558105,13.375957624482272,13.169008010325822,13.282684527625758,20237200
2009-01-06,13.032008171081543,13.399271836283413,12.95913851978464,13.320572479454441,21307800
2009-01-07,13.096138000488281,13.169007675046126,12.889188391600717,12.889188391600717,21581000
2009-01-08,13.186502456665039,13.198160764551584,12.988296767848688,13.069910482571844,20087000
2009-01-09,12.999953269958496,13.19232922215759,12.897936140725385,13.183585214481413,19802400
2009-01-12,12.746360778808594,13.020350299801956,12.682235122274983,12.959140052330477,20469800
2009-01-13,12.830900192260742,12.918343632252787,12.714308197668906,12.766774484044866,22602400
2009-01-14,12.422821044921875,12.688066599558658,12.3208039515627,12.679322594957279,27053600
2009-01-15,12.638514518737793,12.647258522482051,12.358695279893361,12.408246116981248,28061600
2009-01-16,12.778421401977539,12.96496752126293,12.670574635247407,12.795910517624012,28353200
2009-01-20,12.49860668182373,12.970801853704405,12.49860668182373,12.76093683868945,28331800
2009-01-21,12.618115425109863,12.664751980895238,12.288744124430098,12.650178265694157,23800600
2009-01-22,12.568567276000977,12.600630126322208,12.329554716029003,12.428657566156666,23489400
2009-01-23,12.300399780273438,12.434479698171035,12.113853614171937,12.4315654007832,31255800
2009-01-26,12.542329788208008,12.644348014039323,12.277084180091629,12.329550442084157,25210800
2009-01-27,12.629773139953613,12.804659922603982,12.533584631163778,12.615198314813544,19822800
2009-01-28,12.784255981445312,12.82506282160959,12.606453796241246,12.82506282160959,18563600
2009-01-29,12.69389820098877,12.967888913019314,12.63268793583845,12.737620454326478,21258400
2009-01-30,12.451973915100098,12.731793278789167,12.396592234936442,12.661837881915245,22607400
2009-02-02,12.312061309814453,12.387845285855287,12.105110578816202,12.30331619234213,15966800
2009-02-03,12.62685775756836,12.679324014857945,12.236276237692016,12.387845301872707,17950000
2009-02-04,12.358702659606934,12.69390264215995,12.32372439993781,12.635606654614888,18307000
2009-02-05,12.443222999572754,12.501518951163234,12.215870011462954,12.306228792023338,22119800
2009-02-06,12.69389820098877,12.734705044422316,12.434482314672856,12.45488573638963,18722400
2009-02-09,12.332468032836914,12.638520540642473,12.242109207449108,12.626861122159527,19688400
2009-02-10,11.854436874389648,12.332462823123471,11.74076037196069,12.245018333344694,45488000
2009-02-11,12.029328346252441,12.122601458853461,11.93896953196255,11.93896953196255,21237400
2009-02-12,12.938736915588379,12.956226034630077,12.285825371337433,12.431564694309868,61226200
2009-02-13,12.781344413757324,12.935828927548625,12.73470785213624,12.883362656736988,22736400
2009-02-17,12.416996002197266,12.588968532675878,12.370359440299845,12.533587962892486,26421200
2009-02-18,12.44031047821045,12.545242983671926,12.314974553565124,12.469457902215101,18108200
2009-02-19,12.6210298538208,12.743451508962078,12.440313337272755,12.565649290723087,19813000
2009-02-20,12.486949920654297,12.670581847813345,12.35286996008245,12.524842470173544,30173200
2009-02-23,12.268340110778809,12.588966277396334,12.218788147194273,12.53941542571494,23461400
2009-02-24,12.551074981689453,12.591881827505258,12.297487676571532,12.451972165321141,26216000
2009-02-25,12.349953651428223,12.615199254960418,12.288743384129207,12.516096440898766,26349400
2009-02-26,11.971034049987793,12.46654822503947,11.953544921961251,12.46654822503947,21334000
2009-02-27,11.906901359558105,12.035152665885766,11.790310576963437,11.938964186140021,35448000
2009-03-02,11.568791389465332,11.86901526330814,11.548387965560886,11.790315866003903,31199000
2009-03-03,11.318120002746582,11.746592994256833,11.297715468004997,11.603769034387799,37264600
2009-03-04,11.580450057983398,11.752422556849984,11.321034160620938,11.440540398009368,33883400
2009-03-05,11.03246784210205,11.495918998232398,10.912961625082424,11.414305321800343,36464600
2009-03-06,11.396821022033691,11.428883869026409,11.105342212141236,11.119917042158594,33002400
2009-03-09,11.29480266571045,11.621258586263867,11.288972956712655,11.507582040565115,35127400
2009-03-10,11.414305686950684,11.562959332622146,11.26565204127922,11.55130102983243,35181400
2009-03-11,11.655845642089844,11.76777977976839,11.502672907284333,11.535074983217662,27254000
2009-03-12,12.02994155883789,12.03583294809225,11.591042610562786,11.658793025154113,25473600
2009-03-13,12.141875267028809,12.209624555495704,11.909170456424537,12.100636667411354,24396800
2009-03-16,12.156607627868652,12.374583483830023,12.112422755722656,12.212574158741335,23204000
2009-03-17,12.209624290466309,12.27442732117241,12.024049472548404,12.177222213279487,20241600
2009-03-18,12.268539428710938,12.445276635607492,12.077073184849874,12.165441788298152,28792800
2009-03-19,12.424656867980957,12.445276170559472,12.312722708506362,12.32745062125277,22777600
2009-03-20,12.560153007507324,12.70743435351218,12.462947903451216,12.465893035957615,38328800
2009-03-23,13.001998901367188,13.00199890136719,12.666197564332183,12.713327556834155,26501400
2009-03-24,12.966655731201172,13.060915745597498,12.786972227611923,12.842938760013489,21878800
2009-03-25,13.181682586669922,13.222921190394462,12.969597054752079,13.078586077358569,24485400
2009-03-26,13.211137771606445,13.255322629839627,12.907738524319312,13.240594718317775,27807800
2009-03-27,13.284778594970703,13.314235541997087,13.087422106398277,13.087422106398277,23103600
2009-03-30,12.937196731567383,13.155173682731835,12.792861598918938,13.108043682975715,22905800
2009-03-31,12.946028709411621,13.172842085052661,12.919518025929749,13.040288667643308,23836600
2009-04-01,13.214090347290039,13.25238383449348,12.813484669781236,12.890070520519961,21254800
2009-04-02,13.355472564697266,13.499808778887713,13.15222471075643,13.343689787280187,24926400
2009-04-03,13.24648666381836,13.479190372436074,13.102150428041899,13.364311084607703,17886600
2009-04-06,13.252375602722168,13.32307001738913,13.119822170637292,13.166952154971085,16084000
2009-04-07,13.143386840820312,13.305396094694974,13.096256855626457,13.208190991837169,15666200
2009-04-08,13.252375602722168,13.296559330972153,13.113930782137134,13.164005898887275,13595600
2009-04-09,13.252375602722168,13.470351358890667,13.202299362304565,13.46445997039051,16203000
2009-04-13,13.175786972045898,13.246482501238248,13.078581883532147,13.240591113499942,13174400
2009-04-14,13.022619247436523,13.137498543145623,12.90479481856441,13.137498543145623,16458200
2009-04-15,13.26416015625,13.290670848463511,12.990216711266287,13.019673660207804,16665600
2009-04-16,13.284778594970703,13.405549268609795,13.060911415908349,13.36431066644049,17325600
2009-04-17,13.26121711730957,13.384932951397168,13.155174331709983,13.328966425072,22426000
2009-04-20,13.05797004699707,13.255326592457484,12.90479724931074,13.211141721015442,27665400
2009-04-21,12.692704200744629,13.24059089085361,12.55425940039075,13.007886135606498,37523000
2009-04-22,12.645578384399414,12.731001847776527,12.548372141866631,12.725110458198692,28969200
2009-04-23,12.642631530761719,12.710381945873658,12.574882239317395,12.686816388675139,28034600
2009-04-24,12.60433578491211,12.692704353227715,12.539531643769255,12.65146576292492,29316200
2009-04-27,12.442331314086914,12.657361991234506,12.395201318050013,12.495351576419154,23763600
2009-04-28,12.454117774963379,12.533649884645685,12.371640530997214,12.404042626460543,18167600
2009-04-29,12.580779075622559,12.692713273443612,12.47768252741113,12.48062766150227,20426400
2009-04-30,12.680927276611328,12.981381442842215,12.607286582643006,12.704492838041741,35959200
2009-05-01,12.510082244873047,12.728058083599286,12.424658764768058,12.707438777872962,21220200
2009-05-04,12.716273307800293,12.736893733960533,12.439384728852263,12.548372631122442,26789000
2009-05-05,12.707438468933105,12.88712194903798,12.672091249071316,12.76045986055972,22393600
2009-05-06,12.64852237701416,12.839988588195148,12.592555866571942,12.81347789931882,19488600
2009-05-07,12.607288360595703,12.760461160491264,12.539539047430587,12.760461160491264,27057600
2009-05-08,12.642631530761719,12.716272211505675,12.521860859288338,12.651469176544971,24158600
2009-05-11,12.592557907104492,12.72216511613091,12.530699997591958,12.586666517103144,18437800
2009-05-12,13.078587532043457,13.164009881973657,12.624960593282834,12.654416421028724,37052200
2009-05-13,12.851777076721191,13.075644341628616,12.795809417743286,12.969601539005286,23717800
2009-05-14,13.22586441040039,13.305395342941704,12.934246870968373,12.937192003272067,34590000
2009-05-15,13.243542671203613,13.2788910147842,13.146337535526657,13.205250317826438,34102200
2009-05-18,13.570505142211914,13.585233054261652,13.161063119423824,13.296561708149673,28462000
2009-05-19,13.738408088684082,13.82383156586558,13.49686669529822,13.591126696440613,31889400
2009-05-20,13.844449043273926,13.92987250917863,13.708950449977449,13.788482526129998,33379200
2009-05-21,13.750187873840332,13.791426474896543,13.667710671727908,13.738405095347813,28366400
2009-05-22,13.932821273803711,14.053591986032474,13.738409855980143,13.747246381077762,24576400
2009-05-26,13.906304359436035,13.985836420771822,13.809099255803957,13.844446464064033,28784800
2009-05-27,13.735459327697754,13.900413724298316,13.708948639148728,13.882740681044,19064800
2009-05-28,13.814996719360352,13.903365340702829,13.655932526743099,13.741356014296954,18940200
2009-05-29,14.480703353881836,14.480703353881834,13.82972000860252,13.847393052757319,45436800
2009-06-01,14.43946647644043,14.566128551786484,14.351097874114002,14.507215775679617,42668400
2009-06-02,14.6279878616333,14.707519948442364,14.398229248852353,14.436521601870611,33442000
2009-06-03,14.46008586883545,14.580856554949941,14.365825875949396,14.533726558506915,26862800
2009-06-04,14.657439231872559,14.666276876830382,14.348148626368909,14.47481067531181,21710200
2009-06-05,14.563179016113281,14.71046036138668,14.501321120778652,14.701623840243872,19833400
2009-06-08,14.545509338378906,14.619150028049583,14.377608655823185,14.501324475109401,15849400
2009-06-09,14.46008586883545,14.610312381351427,14.392336569177832,14.58380168812299,20304400
2009-06-10,14.259788513183594,14.539623464837778,14.15374570003732,14.521949288090674,28236200
2009-06-11,14.432086944580078,14.619245750538841,14.283547562111854,14.295429851427492,20569000
2009-06-12,14.524184226989746,14.568746506052815,14.4023819485853,14.461797942914114,17240800
2009-06-15,14.292459487915039,14.455852581125281,14.289488065652453,14.440998869608995,17630000
2009-06-16,14.209282875061035,14.357822309841438,14.206311451736495,14.316230316159528,15866200
2009-06-17,14.23898696899414,14.449912644926426,14.212249831674153,14.224133255653188,16653800
2009-06-18,14.720248222351074,14.74698534861832,14.24789308047321,14.25680621140577,24154600
2009-06-19,14.500415802001953,14.821260298250817,14.470707243751193,14.773727738315221,30718400
2009-06-22,14.256815910339355,14.500420500603186,14.256815910339357,14.41426735365803,21359600
2009-06-23,14.200369834899902,14.417237275161831,14.185516117974062,14.316230413493786,18727000
2009-06-24,14.111241340637207,14.405349816689437,14.06965049485045,14.295429857663802,17777000
2009-06-25,14.215227127075195,14.26870142807022,14.01618477702302,14.087483089505554,20630200
2009-06-26,14.298401832580566,14.34593439149766,14.149862444306454,14.176599579526417,26200600
2009-06-29,14.345939636230469,14.408325930129662,14.2954356364554,14.301377350150467,17526600
2009-06-30,14.256815910339355,14.334055920288332,14.203341621426224,14.322172493137415,31447400
2009-07-01,14.610340118408203,14.735112710098363,14.381589233710194,14.402384665658555,24212400
2009-07-02,14.52121639251709,14.684609554598774,14.488537533447547,14.488537533447547,22199200
2009-07-06,14.556859970092773,14.571713682184647,14.37267144696923,14.461794852786067,16671800
2009-07-07,14.449911117553711,14.607362502203227,14.423173983059872,14.47664825204755,17109000
2009-07-08,14.411287307739258,14.52120724321943,14.310280503922398,14.423170727780137,21321000
2009-07-09,14.470707893371582,14.512298743524125,14.411291907468375,14.473679315962862,17427000
2009-07-10,14.351880073547363,14.518243509149752,14.265726932529892,14.408324648731616,15619200
2009-07-13,14.571717262268066,14.61033782980799,14.289492130121006,14.372674978150522,20608400
2009-07-14,14.643012046813965,14.660836046752072,14.47961895887675,14.562800647295948,15369200
2009-07-15,15.011397361755371,15.026252214266163,14.67272757660622,14.69649443401058,20127200
2009-07-16,15.08863639831543,15.115373542511394,14.901476388943683,14.957920967461396,15817800
2009-07-17,14.94900131225586,15.017329282835373,14.862848210247403,14.9460310236504,19808400
2009-07-20,15.159929275512695,15.159929275512695,14.874733928201286,15.035156736038543,19104800
2009-07-21,14.957914352416992,15.100513147242689,14.794521269374998,15.100513147242689,28738600
2009-07-22,14.595477104187012,14.954942065505106,14.512294296108331,14.949000355409105,28358800
2009-07-23,14.610340118408203,14.859886435054571,14.521216676734367,14.595486400340238,26749000
2009-07-24,14.663810729980469,14.746992436898314,14.509329607657495,14.678664444320688,16574000
2009-07-27,14.711338996887207,14.732134417539841,14.601420182971092,14.663806444928987,16257600
2009-07-28,14.672723770141602,14.779672334183859,14.55686320351777,14.684607195760927,16079600
2009-07-29,14.640044212341309,14.83611619256853,14.58359964326246,14.681635066743176,18125000
2009-07-30,14.755902290344238,15.00247821889958,14.720253154465182,14.80046456014226,19436600
2009-07-31,14.806411743164062,14.913360323588151,14.70540487645976,14.746995739232235,16822200
2009-08-03,14.735107421875,14.883646815778038,14.645984012186306,14.862851391292864,18436000
2009-08-04,14.705404281616211,14.898506003267054,14.660841997153408,14.723229422054525,17580200
2009-08-05,14.607364654541016,14.732138344985701,14.556861800425459,14.708371496037863,15010000
2009-08-06,14.672723770141602,14.720256339353066,14.616279198348561,14.678665482951265,13811600
2009-08-07,14.65787410736084,14.77967642047025,14.60737010114827,14.752939272067398,13305400
2009-08-10,14.687575340270996,14.699458764154633,14.550919365406184,14.6341010660603,13499200
2009-08-11,14.568746566772461,14.699460848227979,14.542009425876351,14.681635709875293,12509000
2009-08-12,14.396437644958496,14.583597596768819,14.38752564405607,14.544977037415597,24894800
2009-08-13,14.295435905456543,14.452888488173635,14.087480455280067,14.387530769564048,26560600
2009-08-14,14.399406433105469,14.399406433105467,14.259779067095225,14.274632776970366,14806400
2009-08-17,14.467741012573242,14.49447815586554,14.295434726186011,14.390499872721746,16211600
2009-08-18,14.44100284576416,14.542009698457685,14.402382278575672,14.482593702767518,15516200
2009-08-19,14.663810729980469,14.69945987105015,14.354848485334523,14.354848485334523,17039600
2009-08-20,14.681624412536621,14.729158078233848,14.592501055884249,14.672712416850873,11873200
2009-08-21,14.827205657958984,14.848001087218174,14.631133658325261,14.735110804621213,17650000
2009-08-24,14.574687004089355,14.794524691538083,14.50041730068478,14.794524691538083,21742400
2009-08-25,14.479620933532715,14.601423193871092,14.46476608720445,14.592510059421002,21427800
2009-08-26,14.610340118408203,14.651930982304924,14.467742385076857,14.503391535093181,13591400
2009-08-27,14.687575340270996,14.74699132642351,14.48556166731185,14.6103353515587,13884800
2009-08-28,14.574687004089355,14.746992126689785,14.533095018239575,14.74105041442553,13716200
2009-08-31,14.48853588104248,14.666782740572504,14.4083244542742,14.50933131021212,21321600
2009-09-01,14.417235374450684,14.631132496434478,14.37267422954793,14.473681077899634,24552800
2009-09-02,14.79451847076416,14.94305781511574,14.423170109885215,14.423170109885215,40824000
2009-09-03,14.729170799255371,14.809381096231595,14.625192515638064,14.744024515981858,22579800
2009-09-04,14.839085578918457,14.87770613839088,14.571714218364178,14.645983914821963,15117600
2009-09-08,14.975746154785156,15.088636445439127,14.77076213748656,14.836118719851717,31283600
2009-09-09,15.041102409362793,15.094576692727376,14.925241839828157,14.969802987121394,15813000
2009-09-10,15.026248931884766,15.09160550893778,14.901475224300121,15.011394082618914,21545000
2009-09-11,15.427580833435059,15.496468340650742,14.975326476554867,15.014262645301397,34130200
2009-09-14,15.622270584106445,15.715118079297477,15.247887181359907,15.298803918247723,33162200
2009-09-15,15.709123611450195,15.7480597948427,15.469518526202421,15.598306473746943,27725400
2009-09-16,15.77502155303955,15.819948027047362,15.544402337880694,15.706135130747883,26104600
2009-09-17,15.999641418457031,16.008627393035535,15.700134829784814,15.724095905291534,27358600
2009-09-18,16.101472854614258,16.209295403650657,15.963700105301928,16.077512922898894,124169000
2009-09-21,15.873844146728516,16.10146857895103,15.807952352586414,16.017607126425883,24711600
2009-09-22,15.828927993774414,15.966701938488027,15.792987511144808,15.966701938488027,19425600
2009-09-23,15.748063087463379,15.918781817804408,15.625264241663873,15.855884541472918,20835200
2009-09-24,15.676177024841309,15.915782099800008,15.643231112810653,15.74805911859248,24283000
2009-09-25,15.864872932434082,15.957719293829529,15.655217978673182,15.673188795005002,21737000
2009-09-28,15.912786483764648,16.06253978852521,15.843900100678038,15.882835137296311,15193400
2009-09-29,15.966702461242676,16.035588864591173,15.930760834908988,15.993658109729251,17321200
2009-09-30,16.083515167236328,16.15839186620621,15.754057006252191,15.969702264894334,28275800
2009-10-01,15.909790992736816,16.083505377018287,15.88583105776558,15.993653621453795,28071000
2009-10-02,16.134422302246094,16.19731956467574,15.84689620338286,15.891822656185871,25169000
2009-10-05,16.11345672607422,16.173358281548346,15.963703408652476,16.116452432237853,15554600
2009-10-06,16.269201278686523,16.36803902246279,16.071526933661204,16.11645338856445,19109800
2009-10-07,16.41595458984375,16.556721892909287,16.269195876085025,16.430929688996233,20761400
2009-10-08,16.350065231323242,16.475857454076454,16.269198312756036,16.475857454076454,18030400
2009-10-09,16.3680362701416,16.44291292070487,16.248233172229565,16.37402539676289,11828400
2009-10-12,16.409969329833984,16.547742112126617,16.33209696243229,16.42194986982304,16013800
2009-10-13,16.412960052490234,16.460881058704473,16.338083408872553,16.403975220864723,11937400
2009-10-14,16.424938201904297,16.481844031471375,16.35006156917179,16.448898130264794,16081000
2009-10-15,16.448898315429688,16.535755484583568,16.27817968227993,16.391992485222023,24241800
2009-10-16,16.475858688354492,16.532765677457714,16.380016661212007,16.448903046812724,22090800
2009-10-19,16.409969329833984,16.62261877326746,16.374027709866812,16.514796198420296,20656000
2009-10-20,16.194326400756836,16.21828748402057,15.927765633348125,16.05056332875643,26859600
2009-10-21,16.194326400756836,16.380020225941443,16.083509246980398,16.119449729348666,16511200
2009-10-22,16.218286514282227,16.25422699450151,15.996651077454242,16.047567805081552,16361000
2009-10-23,15.945737838745117,16.21828890077862,15.909796210709814,16.146406787235446,21709400
2009-10-26,15.942734718322754,16.263206659520748,15.786991163507304,15.897809417960369,21567600
2009-10-27,16.011627197265625,16.14939999894528,15.900810043090885,15.945736503108197,14735200
2009-10-28,16.026596069335938,16.173354791451683,15.942734595285165,15.948724863792632,16017200
2009-10-29,16.200313568115234,16.206303837783626,15.918777748863539,16.029594881410986,14807000
2009-10-30,15.966702461242676,16.254228616747895,15.90680089321391,16.19133248445501,21812200
2009-11-02,16.08949851989746,16.149398939287,15.921774375035863,16.02660125149482,18603600
2009-11-03,15.909790992736816,16.077515107643713,15.80496413499942,16.068530274845383,16314800
2009-11-04,16.020612716674805,16.173360619816616,15.882838776407468,15.999646198079551,14114400
2009-11-05,16.29315948486328,16.317119418731373,16.008627986570016,16.026597651339333,16305800
2009-11-06,16.320117950439453,16.323112514243856,16.116453335923772,16.164374354484686,10680400
2009-11-09,16.616622924804688,16.622613192788187,16.22426894083644,16.350062283436337,19230400
2009-11-10,16.715471267700195,16.829283004217245,16.5477470850307,16.577697301476764,16139400
2009-11-11,16.81130027770996,16.85323100518705,16.69449292473045,16.790334913971414,14304600
2009-11-12,16.754404067993164,16.886187744703946,16.72744841980481,16.805320800138883,15196000
2009-11-13,16.910140991210938,16.982023072096712,16.742418040022322,16.7903390464372,23351000
2009-11-16,16.994009017944336,17.098835895800033,16.901161538609806,16.967053371848976,16239400
2009-11-17,17.032939910888672,17.0479150122855,16.9071476881229,16.964053530441653,11344000
2009-11-18,16.946088790893555,17.07188105021889,16.859231578010444,17.05091567366467,15253200
2009-11-19,17.03594207763672,17.065892291789122,16.78435639416325,16.844257964995492,18154400
2009-11-20,17.21564292907715,17.278539054381707,16.979032390043145,16.979032390043145,20697600
2009-11-23,17.44326400756836,17.476208772185252,17.28452474065048,17.28452474065048,18542400
2009-11-24,17.42828941345215,17.500171503342997,17.329452825195165,17.500171503342997,15581400
2009-11-25,17.404325485229492,17.48219668409455,17.368385019793834,17.48219668409455,13380600
2009-11-27,17.247482299804688,17.3530540461346,17.01220746475761,17.18715509448228,15675400
2009-11-30,17.25350570678711,17.289701549942126,17.132851362076913,17.28065287681465,18884800
2009-12-01,17.518953323364258,17.573246539887133,17.307808690002716,17.371151734817474,15359800
2009-12-02,17.482759475708008,17.5551523619171,17.398302067335646,17.443547765047065,13599400
2009-12-03,17.274621963500977,17.521962362052594,17.24144195748755,17.521962362052594,20241800
2009-12-04,17.34098243713379,17.503864329083793,17.13587071326832,17.374161293385182,24927200
2009-12-07,17.455608367919922,17.52498424502688,17.1026961473351,17.181120701694294,16705400
2009-12-08,17.398300170898438,17.416398678139423,17.214302707875273,17.35305447811886,18290800
2009-12-09,17.44354248046875,17.449574164400126,17.20223369997433,17.328920924798457,19494600
2009-12-10,17.669776916503906,17.77233170064819,17.470696733693707,17.488795245943564,30755400
2009-12-11,17.829635620117188,17.917110000086108,17.67580120697935,17.67580120697935,30435600
2009-12-14,17.808523178100586,17.932193430004933,17.77232616487561,17.829637527158958,16670200
2009-12-15,17.814552307128906,17.853764003995625,17.7512081224875,17.84169948607651,15299800
2009-12-16,17.621503829956055,17.85677974793357,17.60943931288048,17.781371050645543,19605000
2009-12-17,17.187150955200195,17.57626012764026,17.17508528691241,17.573243135245583,25472000
2009-12-18,17.169050216674805,17.271606082473188,16.98505397715431,17.271606082473188,37737800
2009-12-21,17.247482299804688,17.377185388521855,17.16302490274076,17.199220765675907,14616200
2009-12-22,17.274621963500977,17.36812914857107,17.2203276174145,17.238426116325073,12111800
2009-12-23,17.280654907226562,17.343997927851685,17.190164713384213,17.253507734009332,10937600
2009-12-24,17.325897216796875,17.347011554309542,17.208259864756265,17.340979872716005,5814200
2009-12-28,17.325897216796875,17.368127042467307,17.277635709532902,17.31684854376147,7679600
2009-12-29,17.41639518737793,17.485771058594743,17.328920812547608,17.328920812547608,9551000
2009-12-30,17.398300170898438,17.464660213469617,17.337972964074254,17.416398678139423,9625200
2009-12-31,17.19318389892578,17.419410002859017,17.172069554610317,17.368132638277306,10848800
2010-01-04,17.20525550842285,17.259549884166812,17.163026805209967,17.241451375370204,13870400
2010-01-05,16.99712371826172,17.19017099313154,16.933780674496727,17.14794114664255,23172400
2010-01-06,16.991092681884766,17.02427155085193,16.885519787603304,16.997124366681916,19264600
2010-01-07,16.94886589050293,17.003160268634907,16.816146938761378,16.991095746219067,13234600
2010-01-08,16.635162353515625,16.78296278490559,16.51450795386838,16.72866842012889,28712400
2010-01-11,16.972993850708008,17.02728821800888,16.529590234632778,16.635163126893666,28642400
2010-01-12,17.15699577331543,17.193191644069437,16.909655213645408,16.918703893672415,23269800
2010-01-13,17.20223045349121,17.32288482096798,17.099674586329552,17.150953095233046,15157400
2010-01-14,17.232410430908203,17.268606314101753,17.123821630681174,17.205263230851447,12392600
2010-01-15,16.979026794433594,17.298759014306995,16.90361807832825,17.178105758925867,27460800
2010-01-19,17.018239974975586,17.039355475911258,16.867422529678834,16.957913917373517,14615400
2010-01-20,16.74073600769043,17.0091908694762,16.67739295841091,16.939814984458756,18810200
2010-01-21,16.399887084960938,16.764866141585944,16.34559271788104,16.75581631330884,27396800
2010-01-22,16.36067771911621,16.547691037642526,16.28225199961928,16.393856592054004,23551400
2010-01-25,16.39385223388672,16.45116358689393,16.252084648961414,16.436082075814074,16853200
2010-01-26,16.33051109313965,16.43909982655599,16.249069543077397,16.309396745047103,15515000
2010-01-27,16.44211196899414,16.487357647951473,16.19778852443169,16.288278731700945,20414800
2010-01-28,16.34256935119629,16.541648221948545,16.32748784520577,16.502435385857073,20905200
2010-01-29,16.363691329956055,16.571818971348854,16.25811958808558,16.421001539736356,22146800
2010-02-01,16.402896881103516,16.45719122436157,16.288275361931497,16.442108567399195,14517600
2010-02-02,16.604997634887695,16.653259163038125,16.333526970533633,16.448147380737407,16888600
2010-02-03,16.550704956054688,16.577852140317095,16.44814905446844,16.56578646939031,15899400
2010-02-04,16.116352081298828,16.493395689506933,16.10730340290848,16.454182832072473,21342800
2010-02-05,16.01378631591797,16.11634216024408,15.84487046919112,16.059031981308486,29285000
2010-02-08,15.88107681274414,16.06809011522698,15.856945470155,16.06809011522698,16721200
2010-02-09,16.291296005249023,16.583882146760292,16.098249905934768,16.194772955591894,31495000
2010-02-10,16.224943161010742,16.469266717899682,16.037928675943867,16.469266717899682,18717600
2010-02-11,16.35464096069336,16.387820976319585,16.068087640138895,16.167626536372005,26327200
2010-02-12,16.28224754333496,16.40893476683168,16.173658823379352,16.26414903979385,24640000
2010-02-16,16.53562355041504,16.53562355041504,16.26716869909706,16.442116326092016,19339400
2010-02-17,16.6894588470459,16.755817739734944,16.51752590289242,16.532608567756355,17064600
2010-02-18,16.86440086364746,16.867416705227853,16.63515893223958,16.63515893223958,17264600
2010-02-19,16.80708885192871,16.861383199670748,16.644205808702598,16.831219033900023,18944800
2010-02-22,16.70453453063965,16.849319087760115,16.671354520553535,16.83122058662804,13487600
2010-02-23,16.538631439208984,16.77088914965631,16.526565774845594,16.713578969897824,14835600
2010-02-24,16.63817596435547,16.644208798593326,16.496407236379532,16.589914441098095,14470600
2010-02-25,16.02284049987793,16.161593384499263,15.869007255799549,16.02887333404803,63648600
2010-02-26,15.902190208435059,16.01379478460185,15.754388620555513,16.01379478460185,63095400
2010-03-01,16.068090438842773,16.09825346704094,15.923305832329175,16.053008924743686,39449800
2010-03-02,16.077129364013672,16.19476671352614,16.031884849163916,16.1012606924496,24506200
2010-03-03,16.267169952392578,16.32448016811493,16.04094378151819,16.077139646677267,26574200
2010-03-04,16.430049896240234,16.601981660824883,16.384804210551394,16.49942577048969,28983200
2010-03-05,16.49942398071289,16.57483268158393,16.396868101502456,16.49640698831659,24238600
2010-03-08,16.42702865600586,16.55069886084648,16.384799973959595,16.505454337502034,18915600
2010-03-09,16.34256935119629,16.466239541350795,16.273193503123775,16.390830860753045,23070000
2010-03-10,16.348608016967773,16.399885385760534,16.30034649019112,16.366705370355543,21574800
2010-03-11,16.299949645996094,16.354688377230307,16.11748798192403,16.354688377230307,29130600
2010-03-12,16.223920822143555,16.35164489192147,16.19655146148134,16.32731605574939,22334400
2010-03-15,16.315155029296875,16.372934283014423,16.23000525111064,16.339482708733716,23874000
2010-03-16,16.330360412597656,16.382057457828886,16.290826627380106,16.36077030272627,22287800
2010-03-17,16.372936248779297,16.418552248286627,16.299950881580187,16.366854038174118,26074400
2010-03-18,16.40639305114746,16.433762427554115,16.342531559553077,16.391188099824525,23496200
2010-03-19,16.649675369262695,16.743947921396412,16.299955696567892,16.649675369262695,43610800
2010-03-22,16.585813522338867,16.68008491238119,16.543239196505127,16.570608571693015,18127400
2010-03-23,16.816926956176758,16.829091377223488,16.546274968233707,16.63750580595811,19081200
2010-03-24,16.61014175415039,16.835178975278335,16.607101227947208,16.792604648053338,17052600
2010-03-25,16.664873123168945,16.78043278877066,16.619258289949798,16.698324696900723,16638800
2010-03-26,16.6192626953125,16.71657575738415,16.573646689938762,16.661837014960945,16276800
2010-03-29,16.655750274658203,16.71352952703256,16.62533922599047,16.664873009227076,13853600
2010-03-30,16.686159133911133,16.740897858073385,16.60709273237833,16.695283027980054,13631600
2010-03-31,16.725692749023438,16.81388304375154,16.573640996759586,16.661831291487694,22922000
2010-04-01,16.816926956176758,16.856460744547114,16.76522990682271,16.835173587746855,14346000
2010-04-05,16.683116912841797,16.89598957848653,16.619255461167185,16.89598957848653,19191800
2010-04-06,16.509782791137695,16.67703951955974,16.488495634432873,16.67703951955974,17604200
2010-04-07,16.366853713989258,16.51282328543315,16.287787297814123,16.51282328543315,24060800
2010-04-08,16.348608016967773,16.35469022780012,16.251294963776417,16.35469022780012,19466800
2010-04-09,16.601009368896484,16.607091577831984,16.375972278533993,16.394218905340487,20640600
2010-04-12,16.652713775634766,16.683124833772904,16.576687870384298,16.61926335177769,16930400
2010-04-13,16.731782913208008,16.75002954977738,16.619264887855262,16.62838762610827,15055000
2010-04-14,16.710493087768555,16.74394466945024,16.61926223958598,16.73482077258776,13865200
2010-04-15,16.500656127929688,16.655749569410844,16.46112350642988,16.65270788464142,20351000
2010-04-16,16.716567993164062,16.768265025850635,16.47328429091791,16.49153091660517,35075600
2010-04-19,16.8230037689209,16.8230037689209,16.701361917609308,16.719608543324846,26468600
2010-04-20,16.564523696899414,16.813888559612202,16.51890769223063,16.792601400116954,32508800
2010-04-21,16.4793701171875,16.59797147009719,16.421590863254256,16.594929785116907,19263200
2010-04-22,16.515865325927734,16.57668511195685,16.42159280148171,16.464167115727317,20295600
2010-04-23,16.385101318359375,16.561480792636846,16.34252700250147,16.561480792636846,21675400
2010-04-26,16.3394832611084,16.52802713335379,16.3394832611084,16.421591357101462,17890800
2010-04-27,16.07795524597168,16.37901828742044,16.068832510191218,16.318197342070253,27600400
2010-04-28,16.226959228515625,16.290820670471874,15.983676716256682,16.120522331859352,24754600
2010-04-29,16.342529296875,16.4793749998981,16.28779055164045,16.30603602667646,17437600
2010-04-30,16.25433921813965,16.409431558655204,16.239134268687266,16.306036278290406,19349600
2010-05-03,16.348608016967773,16.40638843984352,16.19959791179612,16.333403069918454,16123400
2010-05-04,16.172224044799805,16.36076788790695,16.132690265417367,16.23608550068182,23282800
2010-05-05,16.318187713623047,16.391173036991336,16.17830043390138,16.248244073762212,23670400
2010-05-06,15.904619216918945,16.482416563410215,15.57314622215436,16.32124085472143,47912000
2010-05-07,16.01714324951172,16.068841487965614,15.673506862407722,15.871173595154822,43535600
2010-05-10,16.43376350402832,16.448968456347238,16.19352131317351,16.375983061127528,35311400
2010-05-11,16.302993774414062,16.44288114850497,16.269542193639467,16.306034299910326,23165200
2010-05-12,16.427675247192383,16.452002929939567,16.24521240630465,16.360772089527238,24005400
2010-05-13,16.26649284362793,16.421585081189434,16.25432842811575,16.406380141830464,19319800
2010-05-14,16.22088050842285,16.315153009720486,16.074910969681945,16.226962717544904,25868200
2010-05-17,16.242176055908203,16.28475038170648,16.071877592651724,16.263463218807342,17393400
2010-05-18,16.14789581298828,16.336440823219355,16.141814763682728,16.330358613850983,20435600
2010-05-19,16.153974533081055,16.2239181856152,15.953266307529246,16.117482444815973,21119200
2010-05-20,15.673495292663574,15.96543438587594,15.670453607907268,15.96543438587594,29290400
2010-05-21,15.688697814941406,15.728231590232106,15.296404066446602,15.460620216057821,34233400
2010-05-24,15.649168968200684,15.773851381788688,15.51536381900427,15.573143077962557,16832600
2010-05-25,15.393717765808105,15.427169334072602,15.186927307502785,15.317691896138877,28693800
2010-05-26,15.229509353637695,15.472792009752965,15.186933873762213,15.457587061257613,32607800
2010-05-27,15.579227447509766,15.58530965877931,15.284246581284359,15.390683538406615,22663600
2010-05-28,15.630929946899414,15.798186742427195,15.50928800829912,15.564026764662902,23577000
2010-06-01,15.597460746765137,15.84682539531417,15.427162456998545,15.545762575203307,24274800
2010-06-02,15.938065528869629,15.93806552886963,15.560976651463575,15.673495789758848,18742200
2010-06-03,16.041465759277344,16.11749166334975,15.950234906403105,16.017136913143823,23564400
2010-06-04,15.591392517089844,15.855962337947146,15.515366613160245,15.855962337947146,23942800
2010-06-07,15.448467254638672,15.661340070128855,15.439344515138533,15.579231934437061,20177800
2010-06-08,15.679580688476562,15.758647107265684,15.363312693193931,15.445420797357484,22429800
2010-06-09,15.615715026855469,15.767766784312924,15.56097630136576,15.679577646635364,17645800
2010-06-10,15.95023250579834,15.965437452311741,15.770811352788886,15.770811352788886,18790000
2010-06-11,15.83983325958252,15.864366758183948,15.680361424102395,15.858233091064244,14946000
2010-06-14,15.796893119812012,15.937965083892298,15.781559541290278,15.928764000877615,13656400
2010-06-15,16.002365112304688,16.008498777035918,15.81222618514422,15.895028904200455,16368600
2010-06-16,16.06983757019043,16.082103732306866,15.876631185861257,15.895032183851662,16784800
2010-06-17,16.05756187438965,16.161831802270488,15.95942560931081,16.100496344127073,20740200
2010-06-18,16.0422306060791,16.171034033788278,16.02689586193367,16.06676409093368,28405800
2010-06-21,16.09437370300293,16.247711868431555,16.029971954293476,16.198643702289488,18346400
2010-06-22,16.088232040405273,16.278372113351875,16.07903212941252,16.088232040405273,20805000
2010-06-23,16.020769119262695,16.146506345205967,15.950232546527335,16.118905433663436,20718000
2010-06-24,15.88582706451416,16.09436697592232,15.845958830601074,15.980897108498631,17401400
2010-06-25,15.413545608520508,15.925695481199003,15.413545608520508,15.882760999512268,57969600
2010-06-28,15.665019035339355,15.757021650661967,15.520880863745342,15.55768167589904,23525400
2010-06-29,15.435014724731445,15.625153653696364,15.364478164591342,15.51168377978405,23502600
2010-06-30,15.37060832977295,15.511680248056708,15.336873766050239,15.450344784004205,21933800
2010-07-01,15.343013763427734,15.425816498600177,15.171275797034951,15.425816498600177,26030800
2010-07-02,15.349146842956543,15.47488406492354,15.287811355926449,15.401282416389114,16270200
2010-07-06,15.465678215026855,15.542347251916786,15.339941041322435,15.514746351841344,18338200
2010-07-07,15.784635543823242,15.821436386265951,15.42582352790435,15.499426382667455,23480000
2010-07-08,16.075969696044922,16.08210336190045,15.812229083519975,15.849029908776014,21562600
2010-07-09,16.06983757019043,16.097438482237454,15.968633836058949,16.057570238196828,12948000
2010-07-12,16.085166931152344,16.091300595540304,15.931828831083928,15.996230552342215,10770600
2010-07-13,16.16796875,16.23850413173916,16.13116676571077,16.174102414048207,13706400
2010-07-14,16.198640823364258,16.229307983048674,16.07596984487228,16.11890550625848,12392600
2010-07-15,16.207839965820312,16.23850829392211,16.04530192145064,16.167972894103624,14970600
2010-07-16,16.060638427734375,16.278379502372218,16.01157026370556,16.18330942274507,19563800
2010-07-19,16.029964447021484,16.121967069215835,15.962495311469782,16.112767157959443,11367400
2010-07-20,16.32744789123535,16.364248722294395,15.922634070076576,15.93796882207206,19539000
2010-07-21,16.585054397583008,16.802794283668796,16.339712428603693,16.407181587060727,36364000
2010-07-22,16.64024543762207,16.769050013889945,16.551310253632277,16.563576409091073,20692000
2010-07-23,16.79051971435547,16.815054368629593,16.548245267843672,16.62184806078934,16177400
2010-07-26,16.848785400390625,16.861052725807188,16.77518378764433,16.815052010309888,13305800
2010-07-27,16.882530212402344,16.9438657068551,16.811994803238715,16.839595717248592,17905400
2010-07-28,16.83039093017578,16.928527224939042,16.79665635949899,16.882525324947615,12954800
2010-07-29,16.86412811279297,16.96226442275572,16.762924385088013,16.89172902308731,18292600
2010-07-30,16.900928497314453,16.956130316468474,16.692388551594163,16.77825752811061,16672600
2010-08-02,17.29961395263672,17.32414862373216,17.066540426617564,17.118674847879117,32091200
2010-08-03,17.290409088134766,17.336409828459,17.192272771590456,17.25667450997069,15427400
2010-08-04,17.34254264831543,17.388544556272354,17.238272670839905,17.333342734674893,11974400
2010-08-05,17.28734016418457,17.302673742956852,17.112534792451026,17.29960749515322,15099800
2010-08-06,17.40387535095215,17.416142680428127,17.066531979501203,17.204535341536726,18090600
2010-08-09,17.514280319213867,17.603216709917636,17.28427313835193,17.287339386017536,18731000
2010-08-10,17.474403381347656,17.60320794684605,17.33333266141605,17.370133464468548,15376000
2010-08-11,17.186138153076172,17.403878020223885,17.16773715604,17.247473639986303,24302000
2010-08-12,17.078800201416016,17.13400202084678,16.974530228033135,17.0297320474639,18782800
2010-08-13,17.091073989868164,17.16774308250343,16.98067030929298,17.063473069724367,14906800
2010-08-16,17.137073516845703,17.152407099252912,16.903998852697693,17.0236024333022,13958400
2010-08-17,17.210670471191406,17.302673110338365,17.02053152763742,17.180003314768094,18060600
2010-08-18,17.124799728393555,17.210668693410586,17.05426434000429,17.207602446035796,16616800
2010-08-19,16.953062057495117,17.091066598531572,16.857993172463228,17.091066598531572,18781400
2010-08-20,16.95919418334961,17.002128665580255,16.842656895954356,16.842656895954356,19263200
2010-08-23,17.05120277404785,17.134005520104704,16.992934694916276,17.023601858695567,15240000
2010-08-24,17.06960105895996,17.15547003978454,16.91319667676132,16.91319667676132,24366400
2010-08-25,16.986791610717773,17.08492788425758,16.88558909045089,16.995991520775675,15853800
2010-08-26,16.916255950927734,17.026659549260646,16.857987905086095,16.99905864967742,14817400
2010-08-27,17.222936630249023,17.235203959934765,16.876392170827,17.002129375413478,19665600
2010-08-30,17.03586769104004,17.247475080054173,17.02360035865834,17.235207747672472,10220000
2010-08-31,17.137073516845703,17.186141682475178,16.867198020944926,16.928533520451104,18567800
2010-09-01,17.575620651245117,17.578686899756825,17.256676991669934,17.290411574685415,24166000
2010-09-02,17.597084045410156,17.609350206647136,17.437612250558555,17.609350206647136,14701200
2010-09-03,17.65228843688965,17.664554599913394,17.508150199996006,17.59095294226189,14865400
2010-09-07,17.673755645751953,17.728957473808098,17.603220236541826,17.640021065286838,14392200
2010-09-08,17.735088348388672,17.851624482715643,17.69522010776257,17.704420021031257,18378800
2010-09-09,17.87615966796875,17.937495154602257,17.728955201974603,17.85775867101557,18106600
2010-09-10,17.946691513061523,17.983492329800875,17.787219747355184,17.873088709705954,18445600
2010-09-13,17.93124771118164,18.076477910910548,17.844728194104,18.07029777701357,18019600
2010-09-14,17.795278549194336,17.959047882122476,17.782918288174265,17.875617888346056,20985200
2010-09-15,17.742759704589844,17.798379737040733,17.680960716302316,17.72730995751796,17402400
2010-09-16,17.77056312561035,17.823093660647217,17.6902237634089,17.736574166162622,16574000
2010-09-17,17.786022186279297,17.915801487405655,17.73967176231117,17.813832204912124,19971200
2010-09-20,17.91270637512207,17.92197598550402,17.78292593607541,17.804555812793208,14062200
2010-09-21,17.955963134765625,17.983773140014595,17.813823631821865,17.86326351018229,14754000
2010-09-22,17.993045806884766,18.08265596999901,17.952875530533575,17.968326452873182,15176000
2010-09-23,17.881799697875977,18.011580093293766,17.835450482807783,17.928150091683648,12696000
2010-09-24,18.113550186157227,18.169170189922728,17.99304057091182,18.02085057279457,13812000
2010-09-27,18.107376098632812,18.187716654772114,18.091926354372156,18.153726510154712,10544400
2010-09-28,18.261869430541992,18.302039694383723,18.033210467497238,18.104280208915984,19884000
2010-09-29,18.156810760498047,18.23097116183568,18.051750879534495,18.23097116183568,15742000
2010-09-30,18.082656860351562,18.280416417141033,17.999226826317265,18.18771677223846,15849600
2010-10-01,18.268054962158203,18.305135760699763,18.082655684409843,18.243335608537024,16454400
2010-10-04,18.19388771057129,18.243327574781834,18.091917327596157,18.209337447123456,11523800
2010-10-05,18.434913635253906,18.453454033132648,18.23406345049011,18.277324378873832,20063000
2010-10-06,18.478178024291992,18.481268680750986,18.34221860859799,18.425648651889787,14123400
2010-10-07,18.36693572998047,18.44109615234472,18.292776486356146,18.438005496262083,14960800
2010-10-08,18.357669830322266,18.44728001499514,18.249520420365457,18.379299712313628,16189400
2010-10-11,18.404010772705078,18.42254998844107,18.332941028658148,18.404010772705078,12997000
2010-10-12,18.416372299194336,18.478172443568756,18.33603293662539,18.33603293662539,16164400
2010-10-13,18.521427154541016,18.530697939857017,18.434907683187596,18.45344807508021,24011000
2010-10-14,18.51216697692871,18.533796855784,18.441097206584185,18.521436588226695,14491600
2010-10-15,18.521427154541016,18.533787415802756,18.45962820571108,18.527607285171886,19697600
2010-10-18,18.53997230529785,18.53997230529785,18.478172161865587,18.48126281734403,19661800
2010-10-19,18.64502716064453,18.68519741983896,18.487437957250044,18.527607037705096,35052800
2010-10-20,18.895322799682617,19.05909218264844,18.654302351107948,18.654302351107948,32398000
2010-10-21,18.994203567504883,19.080723068188192,18.852062872288283,18.852062872288283,23266400
2010-10-22,19.037464141845703,19.077634416932987,18.981844123644805,19.00038452262505,9534600
2010-10-25,18.852066040039062,19.08072627436121,18.84588708501467,18.93858673400041,21228200
2010-10-26,18.92313575744629,18.96330485619059,18.77790557028485,18.78408570364703,15502200
2010-10-27,18.907684326171875,18.910774982139802,18.632674882020442,18.85515496211593,19029400
2010-10-28,18.91387367248535,19.022024287986188,18.811904371931348,18.93550355983743,16533600
2010-10-29,18.94785499572754,19.00347501690548,18.858244830636423,18.895325630581656,14239600
2010-11-01,19.068361282348633,19.142521690406824,18.913861512738794,18.963301391864356,17996800
2010-11-02,19.114704132080078,19.139423472505847,19.08998361291508,19.09616374270633,13196000
2010-11-03,19.14252471923828,19.14252471923828,18.935494382259023,19.105445098712103,15687400
2010-11-04,19.297019958496094,19.358820097279235,19.120890329144878,19.139429545662097,27487000
2010-11-05,19.337186813354492,19.358816681300933,19.157966560381816,19.28774576806046,16013800
2010-11-08,19.30010986328125,19.334099999303216,19.25066998690556,19.31247012706008,11142200
2010-11-09,19.355731964111328,19.377361838692888,19.266121810136426,19.309382738039307,16637600
2010-11-10,19.327922821044922,19.35573282942731,19.250672928731603,19.33101347683175,18013800
2010-11-11,19.40517807006836,19.40517807006836,19.269218646412273,19.309388931551172,16253600
2010-11-12,19.442243576049805,19.454603836151204,19.278474255293773,19.38044463302138,20022800
2010-11-15,19.454612731933594,19.56894342204125,19.411352980537107,19.43298285623535,22949400
2010-11-16,19.182693481445312,19.46079238154817,19.102352934784193,19.439162506387053,23609000
2010-11-17,19.31865692138672,19.380457082854296,19.1888764644308,19.20123673247232,16749200
2010-11-18,19.726533889770508,19.760524033298218,19.420623776761,19.429894566012127,41436000
2010-11-19,19.874855041503906,19.877945697732592,19.63692519771418,19.652374942637675,40774800
2010-11-22,19.859399795532227,19.87176006027686,19.64619171175583,19.7945101737325,33680600
2010-11-23,19.65855598449707,19.775976173071893,19.553496063928023,19.754346293431798,17662200
2010-11-24,19.964458465576172,19.97063741846549,19.720348570562706,19.726528702191608,16093000
2010-11-26,19.809959411621094,19.89029994689834,19.775969275829922,19.813050066914634,9016800
2010-11-29,19.722841262817383,19.803737002054515,19.56105097122858,19.772622799699672,22397800
2010-11-30,19.654396057128906,19.781962537951326,19.576612312365434,19.585947168819363,23550600
2010-12-01,20.130430221557617,20.161545615429453,19.85974433553433,19.893968182890696,20951600
2010-12-02,20.192655563354492,20.211322897820466,20.071313141783836,20.11487183805172,22773600
2010-12-03,20.06819725036621,20.205097340052774,20.061975598003393,20.161538652201678,20677800
2010-12-06,19.909523010253906,20.065089275220483,19.909523010253906,20.02775460598939,22221600
2010-12-07,19.956195831298828,20.08998395694997,19.949974176655875,20.033979570078063,19714600
2010-12-08,20.03396987915039,20.049527568889125,19.934406836624934,19.934406836624934,18226600
2010-12-09,20.17087745666504,20.195768819998918,20.086869698855956,20.102427394382396,19622400
2010-12-10,20.114877700805664,20.192661448779567,19.99975689924651,20.183327778826158,17909400
2010-12-13,20.177101135253906,20.21443818400126,20.005978336147304,20.033979342379343,18748400
2010-12-14,19.88152313232422,20.186434044083057,19.819295906973483,20.170878721352377,27936800
2010-12-15,20.142873764038086,20.208211811438044,19.834850862360838,19.881521574438246,26126600
2010-12-16,20.329551696777344,20.357555070030944,20.12731592601245,20.177096271905572,28817200
2010-12-17,20.441570281982422,20.457127982808895,20.177105984335466,20.229998369110483,29294200
2010-12-20,20.32022476196289,20.454012898167388,20.282890083617506,20.366895483666138,18271400
2010-12-21,20.376235961914062,20.410461011014544,20.27356318838492,20.332677240108413,18720200
2010-12-22,20.407339096069336,20.407339096069336,20.233104293366782,20.351337087004502,15419800
2010-12-23,20.40422821044922,20.497567260297977,20.370003180040037,20.38555850146266,13063600
2010-12-27,20.245548248291016,20.39489404770269,20.242436234573642,20.39489404770269,9923800
2010-12-28,20.33578109741211,20.35756044957762,20.242439660261994,20.26110937195483,9861600
2010-12-29,20.3637752532959,20.42911566158127,20.332662242637017,20.34510792165468,8747200
2010-12-30,20.37933921813965,20.410452238374916,20.335780515056015,20.357559866597832,9285800
2010-12-31,20.463342666625977,20.472678708204015,20.335778583645514,20.335778583645514,10773400
2011-01-03,20.29221534729004,20.49756311444027,20.257990323803245,20.49756311444027,18945600
2011-01-04,19.87218475341797,20.282883893155642,19.853517419942662,20.229989158690955,27940400
2011-01-05,19.753957748413086,19.897079535131567,19.557942405020455,19.84729799249533,34379000
2011-01-06,19.6108341217041,19.806849458568784,19.548608085645334,19.794403776602806,21712400
2011-01-07,19.576602935791016,19.601494291898316,19.464595393963723,19.533044249488427,16592800
2011-01-10,19.62017250061035,19.663731208429315,19.464605008750762,19.508163716569726,14904600
2011-01-11,19.505050659179688,19.732179042724287,19.498827817411737,19.707288862538185,15504000
2011-01-12,19.613941192626953,19.71350424949225,19.508155296346924,19.66683354732434,14223200
2011-01-13,19.7259521484375,19.869073910428767,19.641945587211655,19.6792814410169,17947600
2011-01-14,19.641952514648438,19.716624248594584,19.59528179076774,19.716624248594584,12631400
2011-01-18,19.75084686279297,19.831742616002142,19.65439459916224,19.666840282253755,16344000
2011-01-19,19.732175827026367,19.887743285215674,19.66061493868555,19.813071569940696,18326800
2011-01-20,19.57971954345703,19.87529793872513,19.523715165958425,19.794402199278046,20580000
2011-01-21,19.52994155883789,19.663729686432635,19.514385048233176,19.657506844813614,16708200
2011-01-24,19.67928695678711,19.685509798646372,19.501940117898148,19.56105533523256,15062800
2011-01-25,19.589059829711914,19.69795779470394,19.45838369598452,19.669955596492944,18195800
2011-01-26,19.589059829711914,19.691734952114178,19.55794680364897,19.65439789657561,13657000
2011-01-27,19.50815773010254,19.66683600087599,19.489489209529317,19.660613160684917,13520400
2011-01-28,19.355701446533203,19.688615687743482,19.333922098931442,19.554827588540984,23842400
2011-01-31,19.55483055114746,19.55483055114746,19.25614129288361,19.389929412355343,15717800
2011-02-01,19.617053985595703,19.70106054578884,19.554826772095,19.564161625595602,16028000
2011-02-02,19.557941436767578,19.750844756572253,19.46460119730632,19.648170849230528,15595200
2011-02-03,19.467714309692383,19.5952795955381,19.33081535487049,19.508162186731955,12997400
2011-02-04,19.464595794677734,19.557936008231316,19.402368590013612,19.49259797743233,9374600
2011-02-07,19.4521541595459,19.498823682580458,19.389926941947696,19.498823682580458,12012800
2011-02-08,19.56104850769043,19.57660501346592,19.396147410076683,19.424149595226687,13056800
2011-02-09,19.648174285888672,20.145989774678554,19.561055685186133,19.94375156473443,29979600
2011-02-10,19.769514083862305,19.769514083862305,19.54549655052906,19.65128247606025,18352400
2011-02-11,19.778839111328125,19.806841290761447,19.6388282141615,19.673053232011682,19098000
2011-02-14,19.645057678222656,19.834850159849953,19.60149898149878,19.80995879778747,12122600
2011-02-15,19.660612106323242,19.669946959551947,19.461485978429277,19.573494722090967,16289200
2011-02-16,19.7259521484375,19.753954335512784,19.564161866100918,19.626389080366586,12992800
2011-02-17,20.083755493164062,20.13664784789634,19.685502078554904,19.719727101915915,18450600
2011-02-18,20.083755493164062,20.114868503373017,19.94996741287208,20.09931081138328,24652400
2011-02-22,19.83796501159668,19.99664332284017,19.70417806746589,19.7135117366903,17950200
2011-02-23,19.88463592529297,20.01842287072769,19.81929786631388,19.84418804678346,18192200
2011-02-24,19.875293731689453,20.027750324139475,19.822400192187736,19.974855597752544,17057000
2011-02-25,20.009084701538086,20.03708807695794,19.822404235899064,19.841072757217148,11435400
2011-02-28,19.88774299621582,20.061980161020205,19.8690756611111,19.965526724180155,19370000
2011-03-01,20.195772171020508,20.301556922085446,19.97486425199158,19.99975561945561,31084000
2011-03-02,20.04642677307129,20.16776922486547,19.953085329950454,20.096207135303295,20776000
2011-03-03,20.4011173248291,20.49756839380449,20.15532044455753,20.15843245852255,29005800
2011-03-04,20.28911018371582,20.394897303053344,20.152210043551257,20.34511457071302,23050800
2011-03-07,20.29221534729004,20.454004425233535,20.06197622237295,20.32332835761334,23630000
2011-03-08,20.422901153564453,20.485127203883536,20.292225023631385,20.348229418427223,20717600
2011-03-09,20.41667366027832,20.435340995282143,20.304664902713437,20.38867028400161,14819200
2011-03-10,20.31399917602539,20.39178290588897,20.21443609675085,20.30155349439469,17761800
2011-03-11,20.310863494873047,20.404881721409613,20.204311736382238,20.345336685204266,12006400
2011-03-14,20.038217544555664,20.24819010933307,19.909727298823213,20.16357321121397,17802600
2011-03-15,19.75303077697754,19.828245129398532,19.539924839858223,19.727960123164923,25421200
2011-03-16,19.304880142211914,19.702886753007235,19.207729722386095,19.64647629191867,31957200
2011-03-17,19.517990112304688,19.677820183712935,19.40203578289499,19.564999238128696,20128800
2011-03-18,19.64961051940918,19.83764458934954,19.571262791018786,19.734226209529783,23653000
2011-03-21,19.922258377075195,20.01314202024744,19.759294974125726,19.784366818652423,12545600
2011-03-22,19.903453826904297,19.984936123395006,19.821972725904896,19.95673089699304,8418800
2011-03-23,20.141633987426758,20.22311629857401,19.82197629136145,19.834512215459725,12962600
2011-03-24,20.27326011657715,20.392347809750525,20.232517765267605,20.23878692284587,13312800
2011-03-25,20.439353942871094,20.492629819591105,20.31399711042546,20.329667611099683,12419400
2011-03-28,20.379810333251953,20.523969863791677,20.379810333251953,20.433086213693898,11600200
2011-03-29,20.596057891845703,20.599192471471667,20.395487833490428,20.433093225067232,11569600
2011-03-30,20.696334838867188,20.837359784175735,20.561576659379632,20.59604984885199,18826200
2011-03-31,20.790355682373047,20.950185745627746,20.671267975213013,20.671267975213013,17723000
2011-04-01,21.066133499145508,21.147615790315225,20.8718303097354,20.962713943928073,18720200
2011-04-04,21.204025268554688,21.244765216782934,21.047329849393567,21.06613253457855,13485600
2011-04-05,21.144487380981445,21.23850322962154,21.094343682253538,21.153888726747137,12470200
2011-04-06,21.194623947143555,21.254168978315963,21.06300035390387,21.1695544943712,14099800
2011-04-07,21.135086059570312,21.232236487238637,20.978390587339767,21.131951480650415,12734600
2011-04-08,21.081804275512695,21.197759766431375,20.95331525296535,21.119412043346994,11201800
2011-04-11,21.12254524230957,21.26043560006469,20.934511197383422,21.07867071152622,14664000
2011-04-12,20.965856552124023,21.037935136895356,20.81229564497419,20.990928403776387,16587400
2011-04-13,21.08493995666504,21.144484994437892,20.987789540073873,21.06927184581837,8497400
2011-04-14,21.407737731933594,21.457881437935754,21.025400342109375,21.103748089500126,23879600
2011-04-15,21.313716888427734,21.42026865230487,21.26984235142151,21.414001886010954,17532200
2011-04-18,21.09433937072754,21.20089351325389,20.8843680549331,21.175821669014436,16104600
2011-04-19,21.025400161743164,21.15389161403381,20.9815256148594,21.063007940922166,10701800
2011-04-20,21.263568878173828,21.326248483305296,21.188355742998528,21.276104799200123,12817800
2011-04-21,21.272966384887695,21.363850002701767,21.144477401758856,21.276100962324602,10948800
2011-04-25,21.22910499572754,21.304320554844885,21.097481353747444,21.29491681671759,10709200
2011-04-26,20.975248336791992,21.006586941579478,20.624249746618215,20.884364709220684,32800000
2011-04-27,20.9971981048584,21.128821757948284,20.859305292487825,21.11315364171399,16872600
2011-04-28,21.125686645507812,21.13822018036713,20.890643415669853,20.97839250558535,14084400
2011-04-29,21.141353607177734,21.23850403843383,21.08180856041652,21.172692224584548,14824200
2011-05-02,21.22283363342285,21.26670817125114,21.1758245168974,21.235369557228502,12514200
2011-05-03,21.272966384887695,21.27923553976151,21.17581600318184,21.222825100807327,10542400
2011-05-04,21.141353607177734,21.28864773907133,21.059871289133426,21.266710467788236,13529000
2011-05-05,20.903173446655273,21.229100290982082,20.809157605069426,21.216564367240707,14206200
2011-05-06,20.965856552124023,21.17896250920238,20.912580660600277,21.13508796430243,17042600
2011-05-09,20.98152732849121,21.08494693644248,20.94392193722433,20.95332328504105,8884200
2011-05-10,21.103734970092773,21.14134272621505,20.990916483689976,20.99718324755268,11111800
2011-05-11,21.097475051879883,21.20716138743305,20.96585144921608,21.088073707544293,11215400
2011-05-12,21.407737731933594,21.445345511435214,21.050472195110455,21.110017248242148,17097400
2011-05-13,21.36699104309082,21.551890521101065,21.31684735286128,21.395195075607873,16011000
2011-05-16,21.257312774658203,21.382669656810837,21.222839572291637,21.34192729529563,12364600
2011-05-17,21.30744743347168,21.36699247185522,21.153886556095237,21.225967517874412,13276400
2011-05-18,21.404600143432617,21.420268254367798,21.20089557341209,21.310581913889944,13418000
2011-05-19,21.45473861694336,21.52995175607073,21.313713682206718,21.439070508074057,12960200
2011-05-20,21.404600143432617,21.473544135316626,21.276108722456488,21.41086690961011,12970600
2011-05-23,21.150747299194336,21.279238692341572,21.053596903095368,21.182085905260223,13230200
2011-05-24,21.144487380981445,21.24163780853782,21.063005066040173,21.204032425475045,10881000
2011-05-25,20.9689884185791,21.15388792088235,20.9407819913734,21.08494153324959,13132000
2011-05-26,20.903173446655273,20.96898764404323,20.77781899120748,20.915709370396648,14872400
2011-05-27,20.8436279296875,21.04419789998663,20.834226585920764,20.956448836853593,9097400
2011-05-31,20.937644958496094,21.07240313916987,20.884369080109035,20.978387305130845,20294000
2011-06-01,20.92198371887207,21.053607364340188,20.871840011465036,20.871840011465036,14883000
2011-06-02,20.696334838867188,20.921976664147074,20.56471123778151,20.887503474674716,14264200
2011-06-03,20.53650665283203,20.630524885444004,20.436221653837983,20.455024343967185,12937800
2011-06-06,20.502031326293945,20.61171765893576,20.483228638121844,20.53023774953483,10445400
2011-06-07,20.433090209960938,20.59292027352892,20.426823442617426,20.53337522434052,11522000
2011-06-08,20.495765686035156,20.53650564297275,20.39234611344412,20.442489805966876,11753000
2011-06-09,20.649322509765625,20.784080668258905,20.455019325827152,20.50829758642767,13112000
2011-06-10,20.492631912231445,20.62739010244959,20.445622796391078,20.5835155652607,14003200
2011-06-13,20.55576515197754,20.596800055217038,20.451596849570045,20.549450607914274,19081600
2011-06-14,20.710437774658203,20.783038173367594,20.612584016270358,20.64414951172196,14045000
2011-06-15,20.5084171295166,20.675716434422437,20.404248819871917,20.64730820904285,16378400
2011-06-16,20.672561645507812,20.757791148471153,20.45475799988754,20.508419593135045,15538800
2011-06-17,20.713594436645508,20.906147084010133,20.713594436645504,20.79566424074401,21317400
2011-06-20,20.77988624572754,20.877740017941665,20.634683019499292,20.634683019499292,11091800
2011-06-21,20.915616989135742,20.925086396888325,20.760941968200477,20.868267542079906,14265000
2011-06-22,20.959814071655273,21.092390627818432,20.868272428125433,20.925091296237284,15701200
2011-06-23,20.51156997680664,20.824072430031446,20.33795616485254,20.811445752044552,26467800
2011-06-24,20.49579429626465,20.637840266413573,20.429506016308913,20.539986482901806,32073800
2011-06-27,20.58416748046875,20.66308240060931,20.47052980280296,20.47052980280296,14777600
2011-06-28,20.843008041381836,20.865104122391806,20.628359365159767,20.682020932142233,12932400
2011-06-29,21.05766487121582,21.095544914025446,20.89036556331964,20.893522835627063,17035400
2011-06-30,21.240755081176758,21.303886098219365,21.092394542003316,21.142901282272543,15594600
2011-07-01,21.49327850341797,21.49327850341797,21.155522552818343,21.155522552818343,16487000
2011-07-05,21.5595645904541,21.714237213017796,21.490119051423402,21.490119051423402,14801200
2011-07-06,21.632169723510742,21.701615277726443,21.556412031772524,21.562724169295045,11486000
2011-07-07,21.70160675048828,21.745798920662224,21.647945173604583,21.723702835575253,12423400
2011-07-08,21.679521560668945,21.679521560668945,21.50275279113619,21.57535321792549,12671600
2011-07-11,21.496423721313477,21.553242560031876,21.37331663880565,21.385943314997764,14152400
2011-07-12,21.41751480102539,21.60375531666539,21.37963717013061,21.455394840213078,13343400
2011-07-13,21.483808517456055,21.600603528382376,21.39226687239924,21.518531293453243,14688000
2011-07-14,21.36069107055664,21.56902762609425,21.265994606642387,21.455389942763258,15011200
2011-07-15,21.316505432128906,21.423831014042012,21.237590483893097,21.417516469539013,17491600
2011-07-18,21.187084197998047,21.284937954051923,21.019782500338398,21.23127637223482,14792000
2011-07-19,21.88153648376465,22.026739697753385,21.31650517228863,21.37016675844452,37415400
2011-07-20,21.739486694335938,21.887844745986857,21.71739060934175,21.859436525976886,15833800
2011-07-21,21.887845993041992,21.976232746347215,21.62269295800466,21.723703982060705,22086600
2011-07-22,22.010953903198242,22.03936212275084,21.932038971161997,21.954135055800442,13323200
2011-07-25,21.862598419189453,21.95729491419999,21.78368346920076,21.818406239859236,13154800
2011-07-26,21.840499877929688,21.925726954701755,21.808931974843187,21.891004187940908,11830600
2011-07-27,21.68267059326172,21.8594392956122,21.63532114561985,21.707921544816823,18677600
2011-07-28,21.72054672241211,21.868907190891704,21.66057300728732,21.67004241450214,15270200
2011-07-29,21.468017578125,21.73317057887443,21.433294817318412,21.578497995103927,20545600
2011-08-01,21.379636764526367,21.625850993843013,21.187084116821225,21.622693721897374,17654200
2011-08-02,21.171300888061523,21.34175745455142,21.171300888061527,21.275469191187508,18127600
2011-08-03,21.591129302978516,21.64163361516048,21.133421179772988,21.149205131994655,28086000
2011-08-04,20.77672576904297,21.505899060209593,20.75147240969093,21.392261351418313,32324800
2011-08-05,21.076608657836914,21.231283729558395,20.530518426261967,20.918778721357313,43916600
2011-08-08,20.55576515197754,21.2154929173058,20.50210116061151,20.890363738542653,50096800
2011-08-09,21.048194885253906,21.1081710159841,20.072806086371646,20.776727273297222,43128400
2011-08-10,20.189598083496094,20.991374167771536,20.10752707522097,20.909301955349974,38237200
2011-08-11,20.98190689086914,21.247059961827755,20.17381738479946,20.202226814423103,38406600
2011-08-12,21.193391799926758,21.385944407178766,20.959804299173896,21.073441982414177,20310400
2011-08-15,21.527992248535156,21.59743777325504,21.231273745130984,21.297561998283808,23081600
2011-08-16,21.51852798461914,21.616384160243065,21.32913258630761,21.367012629287178,21413800
2011-08-17,21.8689022064209,21.890998287650156,21.515364906752794,21.61006136561008,23176000
2011-08-18,21.38910484313965,21.761583435917707,21.168141578238217,21.543777442765748,39569000
2011-08-19,21.180768966674805,21.55324757193399,21.10501130019798,21.316502756937716,30478200
2011-08-22,21.23442840576172,21.483799874743063,21.202862915270074,21.468018333643517,19652800
2011-08-23,21.799467086791992,21.799467086791992,21.25021965697345,21.297569113127015,23951200
2011-08-24,21.995166778564453,22.004636183715117,21.63847220423332,21.726856530029192,19475400
2011-08-25,21.455392837524414,21.969917344926014,21.389104581353116,21.969917344926014,25320000
2011-08-26,21.622692108154297,21.707919177982912,21.054503614987915,21.442766153367057,19849600
2011-08-29,22.010953903198242,22.048831529268377,21.739486344330153,21.767894563882752,17660600
2011-08-30,22.051990509033203,22.184567027133333,21.944664940838248,22.02673715083524,31678000
2011-08-31,22.238231658935547,22.33924269729681,21.988862539460182,22.055150807607284,22322800
2011-09-01,22.238231658935547,22.4434110079393,22.026740173662457,22.12459393974249,23530000
2011-09-02,22.014108657836914,22.093023589483597,21.938350997778024,22.007796522953917,17530000
2011-09-06,21.916263580322266,21.950986356641792,21.27231719443318,21.28494387748515,25784600
2011-09-07,22.34871482849121,22.364496373533097,22.06777779883821,22.099343297215135,21287400
2011-09-08,22.46550178527832,22.654897136385877,22.269794299393947,22.304517061397796,24867600
2011-09-09,21.897315979003906,22.301360041469852,21.69529394777093,22.28873336348122,32891200
2011-09-12,21.900468826293945,21.950975533599223,21.527990288940785,21.60690521288601,29144200
2011-09-13,21.960853576660156,22.033951552858383,21.79559206593794,21.916359999745787,21421800
2011-09-14,22.173789978027344,22.405794305083724,21.782881733100083,22.03713042641186,22250000
2011-09-15,22.571054458618164,22.571054458618164,22.199214221558307,22.21828463031501,21186000
2011-09-16,22.637798309326172,22.780813045729765,22.571055512638278,22.68546827164848,34620600
2011-09-19,22.402626037597656,22.46619005936515,22.231006815904685,22.26914522896518,28571200
2011-09-20,22.453460693359375,22.717245733507976,22.41214350350615,22.49795426341845,18313400
2011-09-21,22.018068313598633,22.58695346276037,22.014889506977894,22.51703426541818,23531000
2011-09-22,21.554065704345703,21.65894451857622,21.172691284059468,21.411050902918223,36341000
2011-09-23,21.42693328857422,21.51909926957972,21.252137745055094,21.40786530102779,24284400
2011-09-26,21.852802276611328,21.894117055366234,21.503208786024793,21.61444274784071,24008200
2011-09-27,22.1102294921875,22.377193421646947,22.018063518012124,22.28502744747157,22249200
2011-09-28,21.63033676147461,22.29774553093701,21.57630917148013,22.18968792622899,19032600
2011-09-29,21.944971084594727,22.132479440898802,21.671651929014786,21.900477494125326,21372600
2011-09-30,21.47142219543457,21.96085397509036,21.47142219543457,21.754275264401116,25026200
2011-10-03,20.791311264038086,21.268030428956397,20.695968885885858,21.163151630741794,38471200
2011-10-04,20.73092269897461,20.794484266668427,20.130255700450835,20.60697351995042,30800000
2011-10-05,20.826261520385742,20.8485083077795,20.5148064968731,20.80719353825337,23037800
2011-10-06,20.78177261352539,20.9756385578099,20.483027894519385,20.966104564602222,25205400
2011-10-07,20.943857192993164,21.137723131916164,20.781772038789672,21.137723131916164,18857800
2011-10-10,21.261672973632812,21.271206967959728,20.978819826579926,21.153615380250574,12354400
2011-10-11,21.229887008666992,21.3570101349929,21.163144215212217,21.207640219088137,11161000
2011-10-12,21.446002960205078,21.60173051079975,21.22671141211972,21.372904969270433,17549600
2011-10-13,21.420576095581055,21.47778247758336,21.258490942454774,21.391971692220682,12909400
2011-10-14,21.563594818115234,21.674828796783405,21.404688441526737,21.674828796783405,13503000
2011-10-17,21.293453216552734,21.563593555998086,21.23624682734041,21.55405956191582,20232800
2011-10-18,21.210819244384766,21.449178773040437,21.102764088592412,21.36972559682188,23650600
2011-10-19,21.3029842376709,21.554056553913018,21.252135468088838,21.290271439095783,15389400
2011-10-20,21.331586837768555,21.477780371948974,21.156788903032073,21.44917597139292,13323600
2011-10-21,21.671648025512695,21.712962802158707,21.439643695809064,21.592194853311483,23146600
2011-10-24,21.569955825805664,21.817849424343397,21.487323818053333,21.73839622354442,13609200
2011-10-25,21.277568817138672,21.589026469396696,21.229898830580428,21.582671279428784,14228200
2011-10-26,21.442827224731445,21.465074020859248,21.10594647630501,21.385620831157247,16041200
2011-10-27,21.79242515563965,21.957686756567785,21.643052741014927,21.90683796578967,26704600
2011-10-28,21.906829833984375,21.922721439108248,21.735210682464295,21.776525461180448,17307400
2011-10-31,21.712968826293945,21.94497322036583,21.703434830939592,21.817847624629966,18998600
2011-11-01,21.306161880493164,21.452355419049383,21.223529906624602,21.33476385718713,23682800
2011-11-02,21.538171768188477,21.630337768497686,21.40469097796928,21.426937776339148,14538600
2011-11-03,21.817842483520508,21.871870060943614,21.61444254815947,21.64304452748282,17363400
2011-11-04,21.541351318359375,21.658942927926,21.38562372439652,21.598557719672968,15177200
2011-11-07,21.678001403808594,21.69706938763615,21.382435530890522,21.50320589438022,12513800
2011-11-08,21.817842483520508,21.840089275678167,21.54770217168649,21.70342971679011,12063600
2011-11-09,21.3029842376709,21.608084129318456,21.24895666226546,21.563590546664756,18243400
2011-11-10,21.417396545410156,21.531809305438664,21.26484781518438,21.487315723729616,16201600
2011-11-11,21.649404525756836,21.805132088026138,21.59537451765957,21.60173213024455,12882400
2011-11-14,21.544527053833008,21.601733446991055,21.426935461030666,21.54452705383301,9428600
2011-11-15,21.611270904541016,21.754285697992174,21.44600931155925,21.54135169895359,12217600
2011-11-16,21.296630859375,21.547703196939626,21.264850072597405,21.50638599188201,17781400
2011-11-17,21.172683715820312,21.41739843683141,21.007419747976126,21.274383686524978,17467200
2011-11-18,21.417396545410156,21.519096507133458,21.26166900942849,21.360190165395903,18688400
2011-11-21,20.959753036499023,21.2553190353216,20.781778645713548,21.194936252573225,18588200
2011-11-22,20.966108322143555,21.09005510549412,20.829448737331525,20.851695533709346,11787600
2011-11-23,20.616518020629883,20.816739219614234,20.594271220742733,20.804026416147387,14089600
2011-11-25,20.575197219848633,20.772242002188857,20.575197219848633,20.705501614150776,7572600
2011-11-28,20.71186065673828,20.896192672128485,20.578379855822348,20.7404650710599,21318200
2011-11-29,21.188833236694336,21.288070075046775,20.811089940676915,20.862308087386133,21656200
2011-11-30,21.521759033203125,21.75544624663301,21.358496463899105,21.55697013410004,25300400
2011-12-01,21.393712997436523,21.633804039011526,21.345694300655047,21.448133047367087,15429000
2011-12-02,21.249656677246094,21.624200554224466,21.182431479412116,21.59538835953428,21170400
2011-12-05,21.227258682250977,21.508967202487288,21.08960632140829,21.428936816935344,17955200
2011-12-06,21.345701217651367,21.454541352781742,21.172835318620916,21.284877352529588,16730800
2011-12-07,21.377710342407227,21.470545857299427,21.19203931262283,21.304083775572884,16832800
2011-12-08,21.36170768737793,21.524967885626758,21.30728517896189,21.35210199130468,16118200
2011-12-09,21.630605697631836,21.688227654776952,21.42252627225598,21.483350127668263,18298200
2011-12-12,21.412918090820312,21.608192320510764,21.23044900891818,21.53136387611308,13380200
2011-12-13,21.281673431396484,21.534567208164336,21.22084957903496,21.476945253909378,14276200
2011-12-14,21.21124839782715,21.41932783308037,21.150424539527606,21.208046499407992,15762200
2011-12-15,21.412918090820312,21.57297877467595,21.380906442515627,21.419321885880578,13474600
2011-12-16,21.588991165161133,21.678624779539305,21.531369207013334,21.598594417796964,23957200
2011-12-19,21.566577911376953,21.726638598864984,21.51855921666409,21.595387662805308,11762000
2011-12-20,21.89630699157715,21.973135453348927,21.713837868411204,21.729842475016746,15931000
2011-12-21,22.270849227905273,22.344478236194046,21.870697414523093,21.934720727731104,18730400
2011-12-22,22.14920425415039,22.28045278069413,22.053166840712237,22.19722051853659,15586800
2011-12-23,22.389305114746094,22.39890837181361,22.155615275989398,22.162019075590372,9255200
2011-12-27,22.37008285522461,22.47252160691638,22.347674454614925,22.347674454614925,10099800
2011-12-28,22.251630783081055,22.424496566789283,22.21641724701096,22.35086759800685,8210000
2011-12-29,22.45973014831543,22.4693334044816,22.251650642824785,22.280460411323297,8734000
2011-12-30,22.398897171020508,22.501335932405077,22.398897171020508,22.408500423285822,7862000
2012-01-03,22.453311920166016,22.635780997064472,22.440506772728842,22.456513817608343,15639600
2012-01-04,22.31246566772461,22.430911491850054,22.24844235012508,22.37969332623703,14239200
2012-01-05,22.20682144165039,22.366882134762765,22.200417646219776,22.331668586891453,14287600
2012-01-06,22.065969467163086,22.29005348310149,21.966732609009302,22.2388353261724,13646600
2012-01-09,22.065969467163086,22.142797923723023,22.02435456201241,22.088377868756925,10522600
2012-01-10,22.19721221923828,22.254834157290375,22.123585679819026,22.238829555923218,12964400
2012-01-11,21.78746223449707,22.01474814096743,21.624202074989675,21.886701531706535,23428800
2012-01-12,21.630605697631836,21.928318735826142,21.560178589750826,21.902708434354363,15237000
2012-01-13,21.44493293762207,21.585787141969647,21.31048252928988,21.556974944565564,19991800
2012-01-17,21.560178756713867,21.729842731195937,21.550575504170776,21.685025924439646,15577000
2012-01-18,21.637008666992188,21.710637678636616,21.505760136234233,21.595393755743657,13282200
2012-01-19,21.59219741821289,21.685032960137878,21.531375984928893,21.65622319316129,13544800
2012-01-20,21.79706573486328,21.8066714287668,21.57618362173318,21.62100042395277,19158600
2012-01-23,21.937925338745117,21.96673754288438,21.739451577859032,21.76826133966515,13803200
2012-01-24,21.736244201660156,21.928316558965612,21.67542035228596,21.81947645201445,14751200
2012-01-25,21.905912399291992,21.928320804610685,21.621004484954494,21.739450308686433,14476000
2012-01-26,21.771451950073242,21.96672615328797,21.69142161899612,21.96672615328797,14721000
2012-01-27,21.588991165161133,21.813075201106567,21.521765954377504,21.73944863600999,16825000
2012-01-30,21.59539031982422,21.630603870790715,21.457738013954977,21.540970265542384,10591600
2012-01-31,21.617799758911133,21.76185586768936,21.50575774697208,21.76185586768936,13543400
2012-02-01,21.720239639282227,21.877098464089276,21.704235032369645,21.72984289189634,14915000
2012-02-02,21.713836669921875,21.845085183107233,21.68822636996725,21.790665127453128,13150000
2012-02-03,21.793859481811523,21.925107949566584,21.71702860854186,21.851481415597885,16555800
2012-02-06,21.77785873413086,21.841884480362058,21.67221808459875,21.717034885794344,14586400
2012-02-07,21.944324493408203,22.23243181984593,21.649810928480377,21.797066489777976,24269600
2012-02-08,21.8739013671875,22.04036346256145,21.832284011594208,22.037161563900487,16428400
2012-02-09,21.758657455444336,21.893107891311203,21.694631693841252,21.883504637654006,16311400
2012-02-10,21.749046325683594,21.749046325683594,21.58258184813136,21.61779539367771,10994600
2012-02-13,21.90911293029785,21.960331092543687,21.797068468365193,21.902709133559092,11091000
2012-02-14,22.056373596191406,22.065976851183397,21.800275398849045,21.918721242528235,12596000
2012-02-15,21.89630699157715,22.16840972719896,21.84188693291934,22.162008373023298,14776800
2012-02-16,22.043563842773438,22.085178753167053,21.90270961939057,21.963533478093698,11752000
2012-02-17,22.10438346862793,22.142796473225296,21.960327374390484,22.11078482195001,14841800
2012-02-21,22.03076171875,22.10439073899973,21.928322935576404,22.049968227365913,13424800
2012-02-22,22.168405532836914,22.197215284675607,21.960326147672344,21.960326147672344,13766400
2012-02-23,22.14600944519043,22.184424911329934,22.062777156388332,22.117197235002386,11120000
2012-02-24,22.088375091552734,22.248435780621957,22.03395504342895,22.200417085434733,12485400
2012-02-27,22.03396224975586,22.08838231567802,21.934722929290224,21.989145437545478,12086200
2012-02-28,22.040367126464844,22.12039750996133,22.024362515165638,22.072378791396744,9049000
2012-02-29,22.363679885864258,22.402095330847626,22.056363652994253,22.056363652994253,23464400
2012-03-01,22.280454635620117,22.395698564407212,22.213229417549826,22.366888803376977,15294200
2012-03-02,22.14600944519043,22.28045991317821,22.078784211196538,22.219638478041066,11995800
2012-03-05,22.162006378173828,22.197217486469693,22.088377378951005,22.09477873255047,10338600
2012-03-06,22.01154899597168,22.117187205869318,21.973133547251823,22.03075549916533,13161200
2012-03-07,22.021156311035156,22.069175020212516,21.92832079124772,22.008351159098993,10933800
2012-03-08,22.1748046875,22.248433672120175,22.120384644533647,22.145994938517365,33754800
2012-03-09,22.251630783081055,22.325257309531956,22.187605061893823,22.22602049460616,36742600
2012-03-12,22.456514358520508,22.517335757396907,22.19721439075323,22.242033629028974,18143600
2012-03-13,22.653217315673828,22.66611623997656,22.414593366618945,22.414593366618945,18068000
2012-03-14,22.6435489654541,22.77253577804369,22.60485218361158,22.656447892734942,12918000
2012-03-15,22.679019927978516,22.682242814567473,22.501662756835138,22.65967030735093,17991400
2012-03-16,22.624202728271484,22.72094099649888,22.53391023361942,22.695143140884007,22898800
2012-03-19,22.70159149169922,22.74351115758236,22.572604687157444,22.640322205992675,10652400
2012-03-20,22.76286506652832,22.820909022771605,22.55003886711587,22.58228496275783,10180400
2012-03-21,22.93376350402832,23.02405351440265,22.68546351528065,22.727385634538923,19870800
2012-03-22,23.03050422668457,23.08209992972251,22.875722038007822,22.898294543032286,14252800
2012-03-23,23.053085327148438,23.088556771158064,22.988593134523363,23.024064578532986,16206600
2012-03-26,23.185293197631836,23.185293197631836,23.085327119415435,23.13369748497576,11536400
2012-03-27,23.175617218017578,23.211088651742788,23.104674350567155,23.159492944426578,11430400
2012-03-28,23.430368423461914,23.481961677024547,23.185293703437036,23.204640865995643,26260600
2012-03-29,23.801198959350586,23.98822970632712,23.30460135197428,23.330399205395608,41063600
2012-03-30,23.865697860717773,23.90761753485973,23.639970293243227,23.739936378072745,26555800
2012-04-02,23.907615661621094,23.9269628235216,23.746382751866314,23.807652044843195,14579000
2012-04-03,23.78508186340332,23.8882708373353,23.68834112399619,23.7560586574935,12989200
2012-04-04,23.688337326049805,23.733482341143255,23.607720876208816,23.633518730610447,12487400
2012-04-05,23.691558837890625,23.707680649117858,23.56257204698071,23.63028955865927,11531400
2012-04-09,23.498083114624023,23.57547421573048,23.45616098718485,23.527103854956916,9806800
2012-04-10,23.223981857299805,23.417463272348687,23.201409353573222,23.40456434733087,17290600
2012-04-11,23.256242752075195,23.369105330652978,23.16595022899327,23.35620639878413,12026600
2012-04-12,23.28847885131836,23.30137777764827,23.15949204823789,23.265906345295676,10640600
2012-04-13,23.19818878173828,23.411014915217876,23.198188781738278,23.288478805651966,10525600
2012-04-16,23.359426498413086,23.472289051632924,23.262685761242285,23.28848361918372,14147600
2012-04-17,23.846349716186523,24.017258691102658,23.59805208280457,23.59805208280457,22614400
2012-04-18,23.91729164123535,23.975335592977057,23.77540833937057,23.80442908513182,11779800
2012-04-19,23.80442237854004,23.97210349176339,23.675435582096725,23.955981679844548,10731200
2012-04-20,23.904382705688477,23.975325557034175,23.778621272927715,23.849564124273414,13461000
2012-04-23,23.762508392333984,23.885044525109773,23.64642049382256,23.856023780591467,10472200
2012-04-24,23.901166915893555,23.975332675069907,23.768954751820804,23.836672277241394,10288000
2012-04-25,24.1623592376709,24.201056014137105,23.962429582923214,24.036597789428825,18596000
2012-04-26,24.413883209228516,24.49772499848806,24.126888870067074,24.16880853458755,16782000
2012-04-27,24.710552215576172,25.094287286944983,24.481601803482945,24.494500730107468,25103000
2012-04-30,24.610591888427734,24.797622659073767,24.484830412356548,24.64283797917591,26517600
2012-05-01,24.80729103088379,24.82986353568931,24.597687794707642,24.681529581221803,13841000
2012-05-02,24.88145637512207,24.910477109296114,24.71377282138907,24.746018901655194,16558600
2012-05-03,24.97175407409668,25.036246254489527,24.894360505362485,24.945956217851947,15612000
2012-05-04,24.829870223999023,25.023349240194143,24.816971294890127,24.929833849319014,13160800
2012-05-07,24.92015266418457,24.97497125100737,24.781492293844384,24.82018906936435,8965400
2012-05-08,24.87500762939453,24.920152637343325,24.707326522758795,24.833087967790203,10561600
2012-05-09,24.758920669555664,24.891132812116034,24.6654053038902,24.69765138786003,14070800
2012-05-10,24.96208381652832,25.05559675248263,24.894363819814867,24.89758916732963,12659200
2012-05-11,24.981430053710938,25.068494751622644,24.89436289558001,24.89436289558001,10604000
2012-05-14,24.78795051574707,24.910486651785693,24.707334054090808,24.868566977403336,15411800
2012-05-15,24.691205978393555,24.878236731109947,24.591242368591494,24.68798063156223,16397800
2012-05-16,24.613813400268555,24.778269175524603,24.481601250517482,24.720227697353273,17804400
2012-05-17,24.22364044189453,24.604150320339716,24.18171829836687,24.562228176812056,22310800
2012-05-18,23.878591537475586,24.27844840818495,23.691560798191716,24.26554948200483,31913000
2012-05-21,24.02692222595215,24.05594296074108,23.904383674039014,23.93018152288581,13488800
2012-05-22,23.923742294311523,24.049503779496227,23.833452249586013,24.049503779496227,15260600
2012-05-23,24.03982925415039,24.046277488426636,23.804428109452164,23.862472058814802,18000000
2012-05-24,24.365509033203125,24.459024387295607,24.055942237009855,24.117211511123116,20204600
2012-05-25,24.259109497070312,24.407443508247063,24.18816660906851,24.38487099481189,8999600
2012-05-29,24.333271026611328,24.420338177682723,24.204284203680498,24.420338177682723,10533800
2012-05-30,24.204280853271484,24.26555013923188,24.126889754313236,24.207506199958523,13884600
2012-05-31,24.097867965698242,24.255875503423006,24.07529546030899,24.17203371474068,15147600
2012-06-01,23.569021224975586,24.00757485553226,23.543225833933462,23.8592409011114,20843400
2012-06-04,23.746383666992188,23.778629758142035,23.398119978048108,23.54967931269335,13397200
2012-06-05,23.617399215698242,23.74638605347973,23.556132374421992,23.646422422803244,12275200
2012-06-06,24.059175491333008,24.059175491333008,23.636746046250657,23.66576678970562,12496400
2012-06-07,23.952760696411133,24.20428364217077,23.926962840379645,24.181711133197954,14342800
2012-06-08,24.26232147216797,24.304243592706296,23.910834998161533,23.914060344407176,11594200
2012-06-11,24.07529640197754,24.436456502331794,24.062397475505076,24.417109342732434,10657200
2012-06-12,24.249431610107422,24.265555887143396,23.972110774579672,24.17849118771922,11911200
2012-06-13,24.249431610107422,24.392283715528766,24.178004318887748,24.223457599296992,9376200
2012-06-14,24.590333938598633,24.67474824457942,24.252679191693773,24.281900576348704,13945400
2012-06-15,24.703964233398438,24.739677878746896,24.48643746774363,24.713706345144555,19748800
2012-06-18,24.668249130249023,24.81110121183862,24.600066743991892,24.66175439012092,10457200
2012-06-19,24.590333938598633,24.75591517959448,24.564362401927706,24.75591517959448,11115400
2012-06-20,24.531883239746094,24.590323507246985,24.298122169742527,24.5740916133406,14706800
2012-06-21,24.24293327331543,24.6714944800536,24.226701376729842,24.606561939675977,12804000
2012-06-22,24.330596923828125,24.447477487711804,24.304622914738896,24.3338418172009,15252800
2012-06-25,24.275405883789062,24.29813252655877,24.080605734760375,24.174759676811536,9734200
2012-06-26,24.37605094909668,24.4669575066802,24.090341794385143,24.34682956872031,11859400
2012-06-27,24.785133361816406,24.830589122951253,24.427999353606427,24.427999353606427,13644400
2012-06-28,24.859804153442383,24.892270426032187,24.574097486827146,24.70720994755069,10891200
2012-06-29,25.38576316833496,25.38576316833496,25.025381895393984,25.041613790930327,18519800
2012-07-02,25.622764587402344,25.64873858805155,25.327318380323018,25.35653727329059,13350200
2012-07-03,25.700695037841797,25.7656275837928,25.55459309392526,25.613033376088303,7335000
2012-07-05,25.470182418823242,25.694203945091058,25.389015486351507,25.655242925778072,10546400
2012-07-06,25.372785568237305,25.418238855810916,25.27213687973711,25.330577174762954,10036000
2012-07-09,25.31758689880371,25.392259078435078,25.22992523764952,25.343558430795845,8615600
2012-07-10,25.31758689880371,25.499400007837828,25.26563888078377,25.496152637457122,11583400
2012-07-11,25.14875602722168,25.30784248314019,25.04810984774514,25.2916105867504,13645600
2012-07-12,24.882530212402344,25.087069954270092,24.843569199991347,25.009150406465867,19104000
2012-07-13,25.090312957763672,25.190959126036436,24.78512460620455,24.879278512047627,13307400
2012-07-16,24.830589294433594,25.12928301412524,24.73968024855428,25.031881703477943,17575600
2012-07-17,25.223434448242188,25.5383625140969,24.92149338765156,25.343559912153545,21209600
2012-07-18,25.14226722717285,25.220186780822267,24.940972363475744,25.20719977571104,13852000
2012-07-19,25.177976608276367,25.194208504153195,24.837074593635148,25.168234498329237,18050400
2012-07-20,25.009145736694336,25.11303927337329,24.931226203439447,25.08706526994923,16436000
2012-07-23,24.960445404052734,24.999406409664164,24.79486670349315,24.85330697340163,10655800
2012-07-24,24.8890323638916,24.983183837138117,24.707216728854313,24.966951934897015,10445800
2012-07-25,25.005897521972656,25.07083252833843,24.911746097522418,24.98317088899894,9020400
2012-07-26,25.60004425048828,25.619525994273765,25.22667594965957,25.22667594965957,14144600
2012-07-27,25.97666358947754,26.051335773976756,25.61628224127907,25.66498289209308,17825000
2012-07-30,26.337045669555664,26.35327756893274,25.833809725523153,25.898742277067576,15947800
2012-07-31,26.233152389526367,26.405225882328732,26.1000374372721,26.200683636378823,16333600
2012-08-01,26.301321029663086,26.379240554351167,26.16495876518765,26.2883340293789,12954600
2012-08-02,25.892250061035156,26.298084701490254,25.817575397303468,26.210425509039904,13393200
2012-08-03,26.242895126342773,26.29484067888578,25.976667667386593,26.035107962133967,11834200
2012-08-06,26.181196212768555,26.379243655605872,26.17470395037172,26.30132412175724,9179400
2012-08-07,25.898740768432617,26.29159085655197,25.89224850446358,26.246135100697053,12782800
2012-08-08,25.83055305480957,25.97340758919564,25.76562052664345,25.879253689442745,8790200
2012-08-09,25.726669311523438,25.90199017669529,25.593556835033656,25.801343976640716,9583400
2012-08-10,25.5805606842041,25.71692048269527,25.522120416705427,25.7006885887895,40577600
2012-08-13,25.518871307373047,25.57731157088757,25.35653751727905,25.525366046106363,8898200
2012-08-14,25.570823669433594,25.75912901551894,25.48640939062586,25.713675744703426,10841200
2012-08-15,25.551345825195312,25.681213394631932,25.473426274340483,25.59679910294545,7692500
2012-08-16,25.681209564208984,25.733157575042586,25.525370485743153,25.58381075942221,8824100
2012-08-17,25.6682186126709,25.798086142758443,25.499392557469072,25.752632878780368,10541000
2012-08-20,25.6292781829834,25.70719776524382,25.492915817754085,25.67473147905355,9211800
2012-08-21,25.492904663085938,25.772119060783243,25.473425395298893,25.590305956056728,8329000
2012-08-22,25.174726486206055,25.486407090968182,25.122778480237073,25.41497982126946,13479200
2012-08-23,24.74617576599121,25.220190373494695,24.68773547317471,25.20071110156196,14973300
2012-08-24,24.979923248291016,25.03186877065166,24.720188205436976,24.720188205436976,9317800
2012-08-27,24.785133361816406,25.03837627234681,24.752667084164262,25.03837627234681,9589400
2012-08-28,24.67474365234375,24.88253076914943,24.525396816953283,24.76565020631901,16148800
2012-08-29,24.3240966796875,24.707204557512487,24.272151150279633,24.707204557512487,23435400
2012-08-30,24.116315841674805,24.43449127072852,24.109823577702162,24.27215742421534,17041800
2012-08-31,24.285146713256836,24.402027291900666,24.122812851475754,24.29163897784009,20710300
2012-09-04,24.20721435546875,24.408509149982336,24.16825583054277,24.36305588622396,17293400
2012-09-05,24.356571197509766,24.427998492036178,24.09683850843514,24.259172367988576,20839200
2012-09-06,24.77214813232422,24.869546962528215,24.479946687675962,24.5318922350478,19851400
2012-09-07,24.609804153442383,24.999404268112617,24.50591062439585,24.921484740581995,16391700
2012-09-10,24.45396614074707,24.66175322874459,24.4085128700612,24.64876622611756,18216900
2012-09-11,24.52540397644043,24.56436500109673,24.389044105671196,24.434497395927607,16505000
2012-09-12,24.54827117919922,24.731322570621444,24.522120624159733,24.705172015581958,14632200
2012-09-13,25.071273803710938,25.162800760926245,24.58750092770296,24.66595011146149,23803400
2012-09-14,24.920913696289062,25.2020259941622,24.849000900016197,25.2020259941622,25087400
2012-09-17,25.071273803710938,25.09088797004151,24.86207431778512,24.94706238827204,23594400
2012-09-18,25.247785568237305,25.49621088539995,25.038586088685975,25.090887205501062,24373700
2012-09-19,25.182422637939453,25.372010528214958,25.110509817913876,25.273947138388152,26276800
2012-09-20,25.260866165161133,25.41122816687578,25.09089248743959,25.09742888149021,26953000
2012-09-21,24.86208152770996,25.32624535970258,24.764020643038094,25.319706471077932,98967500
2012-09-24,24.920913696289062,24.999365379780244,24.718253081907108,24.718253081907108,21902000
2012-09-25,24.633268356323242,25.01898045747131,24.620193073962533,24.97975461038918,20299200
2012-09-26,24.685569763183594,24.966682130859567,24.672496973210407,24.698645047012175,16677400
2012-09-27,25.04512596130371,25.071274026886258,24.777088961709378,24.881688705603395,15176100
2012-09-28,24.79670524597168,24.98629309636809,24.7770935696738,24.95360364406486,22721200
2012-10-01,25.090890884399414,25.23471398901964,24.940528892291294,24.94706528592431,16671400
2012-10-02,25.064741134643555,25.29355232703927,24.914379137661378,25.20856673778084,10276000
2012-10-03,24.999366760253906,25.18241571079848,24.933990353734483,25.051665391614538,13637100
2012-10-04,25.058212280273438,25.202035432829042,24.9666852819217,25.143197895102205,9654500
2012-10-05,25.221633911132812,25.234706694619998,25.005895575781956,25.162796410023866,12287900
2012-10-08,25.221633911132812,25.287007803985354,25.13010696974344,25.195483356450136,9434600
2012-10-09,25.20856285095215,25.385075383807912,25.143186453308584,25.169337012366007,13078700
2012-10-10,24.90130615234375,25.31970522493777,24.875155586842826,25.26740658779111,13754500
2012-10-11,24.914377212524414,25.02551335628484,24.855539697046904,24.973214728001924,10843800
2012-10-12,24.99283218383789,25.097431958457104,24.91438297633732,25.0124438622492,12059700
2012-10-15,24.927452087402344,25.00590127547746,24.849000405472502,24.901301526759063,13785100
2012-10-16,24.77708625793457,24.98628572289392,24.47635984493296,24.96013516631042,25811800
2012-10-17,24.67249298095703,24.940530021433382,24.646342417531294,24.881692500652964,15449600
2012-10-18,24.737876892089844,24.88823895176574,24.489451426868104,24.685575744103794,23063300
2012-10-19,24.450227737426758,24.803250506254983,24.450227737426758,24.796714109770893,19864500
2012-10-22,24.339080810546875,24.502518099761282,24.162568238932703,24.430605293490125,13340500
2012-10-23,23.933761596679688,24.175648132574803,23.887999346479408,24.16257284768107,13287300
2012-10-24,24.110280990600586,24.214880805346642,23.927229444402766,23.927229444402766,13531400
2012-10-25,24.247543334960938,24.312917218075146,24.090642524091542,24.18870584261664,10457900
2012-10-26,24.214868545532227,24.358691659331257,24.044892373967418,24.26716717949868,11896500
2012-10-31,24.306385040283203,24.456746992590848,24.136408924558584,24.29330976262329,11643500
2012-11-01,24.404451370239258,24.554813340996365,24.286776350715517,24.286776350715517,10622300
2012-11-02,24.24101448059082,24.613651216670863,24.188713362756292,24.56788898549293,11237500
2012-11-05,24.038354873657227,24.18218047469235,23.946830398036667,24.15602991198507,12139600
2012-11-06,24.463293075561523,24.502518924080466,24.09719513147218,24.13641848613592,11448400
2012-11-07,24.005666732788086,24.443677414176932,23.796467229161355,24.371764617207468,16745000
2012-11-08,23.770309448242188,24.260621103547994,23.770309448242188,23.95989722015207,12921700
2012-11-09,23.724557876586914,23.874919885782663,23.567656979160173,23.567656979160173,11520300
2012-11-12,23.58726692199707,23.724553623977453,23.52842940774052,23.724553623977453,10169700
2012-11-13,23.63956069946289,23.90106126336759,23.521885695091193,23.55457264211573,12105200
2012-11-14,23.5414981842041,23.770311809051112,23.449973731807013,23.659173192673013,13508300
2012-11-15,23.81608009338379,23.848767049861056,23.44344330306213,23.46959386578591,17643600
2012-11-16,23.901063919067383,23.959901427790797,23.711476113863664,23.85530168937745,15624800
2012-11-19,24.34561538696289,24.37830234024575,24.064503099791875,24.090651166105356,14076200
2012-11-20,24.352157592773438,24.3652328759785,24.090656916382752,24.339082309568376,12278600
2012-11-21,24.44367790222168,24.49597902610001,24.3325417547625,24.404454553167778,8631300
2012-11-23,24.79670524597168,24.809780528121955,24.5090565202308,24.54827987282656,5365500
2012-11-26,24.4240665435791,24.698639965926944,24.339078463105057,24.567892142249807,13217000
2012-11-27,24.463293075561523,24.705182067312215,24.410994438058133,24.47636835840117,11873700
2012-11-28,24.723295211791992,24.729876453694278,24.223035454374095,24.39417787542559,14846300
2012-11-29,24.993167877197266,24.993167877197266,24.68379682020831,24.802279245822564,12433700
2012-11-30,24.960256576538086,24.999751559254488,24.7891166733655,24.97342157077689,13039500
2012-12-03,24.604812622070312,24.973422429568927,24.571901390824504,24.94709495115188,12864900
2012-12-04,24.45341682434082,24.677216692714435,24.446833072084253,24.558734261753948,11794200
2012-12-05,24.558740615844727,24.68380432045378,24.40734691732858,24.486334388083435,14561400
2012-12-06,24.604812622070312,24.644305095178883,24.55215264330423,24.57848263268727,8974700
2012-12-07,24.822031021118164,24.84177977043975,24.6113961087735,24.64430734302119,10654700
2012-12-10,24.77595329284668,24.868105747554495,24.690382080203964,24.815448278135488,8603200
2012-12-11,24.920766830444336,25.006338046872756,24.736461912874983,24.769373146588627,10671300
2012-12-12,24.77595329284668,24.966841955293475,24.683800838138865,24.94051196510094,14681700
2012-12-13,24.74962043762207,24.87468662107585,24.70354421560198,24.815445405483477,11442100
2012-12-14,24.789112091064453,24.861518290510514,24.683794667588028,24.69695965939326,11800900
2012-12-17,24.68379783630371,24.89443271029624,24.604810386297952,24.87468647553624,17588900
2012-12-18,24.53898811340332,24.815447985229675,24.440254417795796,24.703546783715232,17952100
2012-12-19,24.209875106811523,24.545576260485756,24.203293863645936,24.519246265890423,17991900
2012-12-20,24.387596130371094,24.420507364524095,24.124303746180896,24.15063122692357,16182700
2012-12-21,24.28227424621582,24.47974412608803,24.04530938598287,24.354680454727642,27942400
2012-12-24,24.176958084106445,24.223034308140132,24.071640641891456,24.170376842515584,4851800
2012-12-26,23.9729061126709,24.223035996982887,23.854426179013704,24.15721353262155,9982100
2012-12-27,23.9729061126709,24.058477325113483,23.828096188882743,23.92682988542475,11380600
2012-12-28,23.676700592041016,23.972904168612764,23.663535598043136,23.841259250565702,14053400
2012-12-31,23.861011505126953,23.88075774562192,23.41999539429611,23.61746533214524,15651400
2013-01-02,24.74962043762207,24.749620437622074,24.130880805519542,24.34809943301351,21872400
2013-01-03,24.74962043762207,24.749620437622074,24.427086883481415,24.650886752278634,16357900
2013-01-04,24.789112091064453,24.92734073857124,24.69695965939326,24.782530850644555,15311300
2013-01-07,24.552148818969727,24.69696122705394,24.4205014035264,24.69696122705394,14610200
2013-01-08,24.381017684936523,24.53899263138041,24.29544645754896,24.479751398722325,14324300
2013-01-09,24.374427795410156,24.486328989360214,24.24278287683249,24.486328989360214,10563700
2013-01-10,24.328357696533203,24.466586402419228,24.196710233846584,24.4336751644892,15603700
2013-01-11,24.295440673828125,24.31518690969124,24.038729563744035,24.24936444950359,15644800
2013-01-14,24.348100662231445,24.427088116687045,24.223034472463677,24.32177067375761,11001500
2013-01-15,24.5653076171875,24.637713802971557,24.223025427731464,24.348091570800285,12721600
2013-01-16,24.5653076171875,24.631130052828482,24.433660234940568,24.49290143140344,9168000
2013-01-17,24.69038200378418,24.789118211217563,24.571902070216606,24.637724534528154,12121800
2013-01-18,24.81544303894043,24.822024279616056,24.55873196617684,24.677214386062424,14056100
2013-01-22,24.440250396728516,24.84177388798292,24.387590425628964,24.84177388798292,21249400
2013-01-23,24.440250396728516,24.525819083316854,24.381009184724334,24.40733917027411,13570200
2013-01-24,24.427091598510742,24.51924406033862,24.354685375369908,24.48633282553813,13258900
2013-01-25,24.387596130371094,24.5192435779493,24.295443670356217,24.47316734794186,14040700
2013-01-28,24.36126136779785,24.42708633417902,24.262527684674676,24.40075634762655,13386500
2013-01-29,24.63114356994629,24.729879788557344,24.262533710526544,24.27569870707244,17705800
2013-01-30,24.68379783630371,24.756204045044722,24.565315405812193,24.617975379793204,13219400
2013-01-31,24.512659072875977,24.70354520994295,24.427087866694716,24.70354520994295,12969100
2013-02-01,24.710132598876953,24.82203129876397,24.598231388023684,24.710132598876953,11932600
2013-02-04,24.585063934326172,24.73646011816377,24.552152703000345,24.670635144546118,9456300
2013-02-05,25.105072021484375,25.118237017306477,24.723297186508287,24.723297186508287,17897300
2013-02-06,25.216968536376953,25.295955985639917,25.012914905568074,25.098486106999633,16823700
2013-02-07,25.611906051635742,25.71064223779556,25.243293802400014,25.28937001968379,18805300
2013-02-08,25.51976203918457,25.631660743527057,25.407860823875733,25.572419514473285,12308000
2013-02-11,25.414432525634766,25.559244908197062,25.28278513339314,25.480254966272994,12159900
2013-02-12,24.723295211791992,25.118235011045275,24.538987795969923,25.085323779601836,30700500
2013-02-13,24.492904663085938,24.973415537367355,24.36125726346897,24.795691924529248,19943800
2013-02-14,24.249374389648438,24.690390577809133,24.157221903224823,24.512669360258986,22748600
2013-02-15,24.63114356994629,24.63114356994629,24.051898787724873,24.315191185743785,25204300
2013-02-19,24.795696258544922,24.861521225341537,24.65746759472064,24.690378822636077,14850600
2013-02-20,24.835193634033203,24.933929838268583,24.624558741899303,24.815447397572516,12949300
2013-02-21,24.822031021118164,24.87469100468744,24.63772610055814,24.762789795085837,14135100
2013-02-22,25.355207443237305,25.355207443237305,24.82203629565074,24.854947536891867,20102800
2013-02-25,24.8286075592041,25.486842096735785,24.8286075592041,25.381524671169334,15874600
2013-02-26,25.085323333740234,25.137980800920612,24.868104690335525,24.980005888413515,15770000
2013-02-27,25.30912208557129,25.36836330285008,24.960256023389146,25.032662234614985,14271100
2013-02-28,25.48684310913086,25.651401750050425,25.289370731254913,25.322284468211297,19005500
2013-03-01,25.473684310913086,25.53292553648829,25.33545562155967,25.33545562155967,13724500
2013-03-04,25.55267333984375,25.55267333984375,25.309127180212972,25.407860888241817,9934300
2013-03-05,25.460521697998047,25.671156628430936,25.381534226827323,25.657991631408077,13240700
2013-03-06,25.68431854248047,25.697483537923095,25.473683637330783,25.53950610357776,11653900
2013-03-07,25.750141143798828,25.79621737260663,25.565836228567623,25.69748367271826,15094900
2013-03-08,25.81597328186035,25.947618251558833,25.690907045293212,25.783059528468886,11183600
2013-03-11,25.875211715698242,25.92128795228778,25.78964048590342,25.80280548363851,9200400
2013-03-12,25.644821166992188,25.875204799325537,25.539503724229082,25.8554560525184,11375900
2013-03-13,25.585153579711914,25.770792650510465,25.558632989842792,25.73764317774539,14358300
2013-03-14,25.870243072509766,25.93654201669335,25.63156282682069,25.737642654999988,14572500
2013-03-15,25.74427032470703,25.817198141051122,25.63155910100756,25.737638913767057,20781900
2013-03-18,25.69786262512207,25.817202751933106,25.571893615329394,25.59841420554133,11479900
2013-03-19,26.075769424438477,26.1221791833258,25.737638290668322,25.803937223609598,15192000
2013-03-20,26.43379783630371,26.466947316108964,26.09566909566104,26.122189691162518,19271900
2013-03-21,26.566387176513672,26.80506737794168,26.36085644103019,26.420526491387193,23063600
2013-03-22,26.546493530273438,26.705611951656056,26.44704262005302,26.50671266035693,16128500
2013-03-25,26.599546432495117,26.68573709898731,26.49346658494437,26.59291754852329,15718400
2013-03-26,26.977455139160156,26.98408655205178,26.606176949804663,26.606176949804663,13666500
2013-03-27,26.66584014892578,26.877999782215284,26.559760332281034,26.818329727281217,14559900
2013-03-28,26.811704635620117,26.917784477267897,26.533245999723288,26.771926275716527,14227200
2013-04-01,26.818330764770508,26.844851352243246,26.632689181603748,26.778549883561396,8200500
2013-04-02,26.997337341308594,27.11667743990118,26.798435490892885,26.805066901449187,13359200
2013-04-03,26.6326847076416,27.06363532968076,26.573017189564982,27.03711474666315,13639200
2013-04-04,26.87799835205078,26.911147818774214,26.652578437532373,26.698988196773616,11435900
2013-04-05,26.57302474975586,26.758663825410597,26.526612451699453,26.659212875371146,10729500
2013-04-08,27.090167999267578,27.096796883408526,26.36749822903384,26.559768747982062,22757900
2013-04-09,26.990713119506836,27.26917426676941,26.858112693626694,27.057014597018288,21056100
2013-04-10,27.229387283325195,27.295686216848882,26.990707076012423,27.037116835307444,9703700
2013-04-11,27.30232048034668,27.454810066697654,27.22276124597714,27.269171010121244,10962500
2013-04-12,27.23601722717285,27.255906400330243,26.970816449078008,27.12330601128282,10394700
2013-04-15,26.57965850830078,27.176359259704167,26.553137912873257,27.08353717570783,16050600
2013-04-16,28.091285705566406,28.16421604899502,27.348727037200995,27.448177965356773,32135700
2013-04-17,28.21062469482422,28.310075619056786,27.865864694397924,27.938795034949536,24208000
2013-04-18,27.912281036376953,28.276932825164213,27.90565215346385,28.16422158250015,16034200
2013-04-19,28.283554077148438,28.356484415229218,27.97857496257607,28.031613598999012,13875800
2013-04-22,28.323341369628906,28.40952948948989,28.111181717576017,28.190740954810213,10544100
2013-04-23,28.310083389282227,28.482462172236886,28.018361947007453,28.363122042059523,11216200
2013-04-24,27.94542121887207,28.44267068875135,27.91226923090018,28.27028945620724,11368200
2013-04-25,28.078031539916992,28.20400308028732,27.899023876804023,28.018361475831764,10197100
2013-04-26,27.912281036376953,28.13107210964931,27.90565215346385,27.96532221625243,15159800
2013-04-29,28.00510025024414,28.038249719720373,27.79293808148297,28.00510025024414,11311100
2013-04-30,28.064777374267578,28.104555735999135,27.7664270155657,27.945437230786826,13432200
2013-05-01,27.985206604003906,28.217257932525712,27.938796844127992,27.945428255048682,8710600
2013-05-02,27.8194580078125,27.952058411709636,27.50784996716792,27.620558666537963,18709600
2013-05-03,28.00510025024414,28.1244378345301,27.819458668720916,27.958687958006532,11757800
2013-05-06,27.899023056030273,28.038252358418852,27.759791224499054,28.038252358418852,9356100
2013-05-07,28.310083389282227,28.316712272450857,27.945434115581516,27.9852124728788,13785300
2013-05-08,28.150949478149414,28.296810132475468,27.952050195340355,28.203990635774016,12636300
2013-05-09,27.925535202026367,28.21725656902684,27.845975978818107,28.1841045743098,10113700
2013-05-10,27.94542121887207,28.00509125642325,27.74651940760709,27.918900640151193,9927000
2013-05-13,27.971952438354492,28.137702339686832,27.845983423833314,27.93880296391658,9291000
2013-05-14,28.190736770629883,28.290185170126467,27.85260563657184,27.96531685763858,13023900
2013-05-15,28.455934524536133,28.57527462511854,28.104545633455793,28.17747597593861,12306200
2013-05-16,28.568649291992188,28.794069228963895,28.369749942697723,28.449309176587022,12330000
2013-05-17,28.489097595214844,28.59517744484601,28.217267822463544,28.542136255458868,12611200
2013-05-20,28.09791374206543,28.47582317704711,28.04487257898077,28.47582317704711,9966000
2013-05-21,28.071401596069336,28.2172623092419,27.89239141057827,28.1642211302182,9148800
2013-05-22,28.01173210144043,28.41616224768618,27.872502797397924,28.031621279405737,13615600
2013-05-23,27.799570083618164,27.892389611781038,27.554260969310224,27.799570083618168,10934200
2013-05-24,28.00510025024414,28.091288365053863,27.514479502911733,27.54100009014968,11542100
2013-05-28,28.21062469482422,28.542124403410032,28.111176299733714,28.243774159854386,14412100
2013-05-29,27.448184967041016,28.13107375853767,27.388514900754902,28.071403692251558,16986600
2013-05-30,27.030492782592773,27.58078111074616,27.017232487690652,27.507853282498477,20874500
2013-05-31,26.51333999633789,27.030478580089497,26.51333999633789,26.950919381621862,26184400
2013-06-03,27.05702018737793,27.07690937016937,26.274680295099742,26.486840008686038,16577200
2013-06-04,27.461441040039062,27.660342934821276,27.149832961222728,27.574152282358494,19241000
2013-06-05,26.95093536376953,27.448185075063115,26.91778335970237,27.448185075063115,16429300
2013-06-06,27.043750762939453,27.043750762939453,26.725511299953247,26.884629766875133,11171600
2013-06-07,27.454811096191406,27.666970748560658,27.16972108910599,27.31558179853831,14459600
2013-06-10,27.30232048034668,27.52774041867909,27.209500952058473,27.514480124760425,11247400
2013-06-11,27.043750762939453,27.169719760014484,26.78518135733456,27.103420820320768,16491600
2013-06-12,26.963634490966797,27.33080405329692,26.890200069176164,27.23066828900127,11611100
2013-06-13,26.976991653442383,27.023722195143623,26.489657042398395,26.910234464333055,17861200
2013-06-14,26.930261611938477,27.230674061757316,26.876853822360204,26.95696550672761,13635100
2013-06-17,27.15723419189453,27.310777736282013,26.970312059009434,27.063773125451984,12409200
2013-06-18,27.324142456054688,27.364198308953263,27.083812431911767,27.17059883987988,9893100
2013-06-19,26.976991653442383,27.664600378437893,26.976991653442386,27.37753988134542,16936100
2013-06-20,26.12248420715332,26.93693251027705,26.015671189696608,26.8835272748603,24899700
2013-06-21,26.54306411743164,26.68325829884072,26.23597695172356,26.456280274920903,21938300
2013-06-24,26.38951301574707,26.70995203822517,26.12248177032681,26.33610778531221,16433700
2013-06-25,26.516357421875,26.656549028395926,26.32943273322391,26.58311460213548,12942100
2013-06-26,26.923595428466797,27.023731245667303,26.743347901556636,26.75669985317491,13855600
2013-06-27,26.876848220825195,27.290750863922607,26.863498822836416,27.137207320821197,11459100
2013-06-28,26.776710510253906,26.9970112137817,26.77003326512172,26.870171569121627,16316000
2013-07-01,27.01036262512207,27.317449682956408,26.943605454852975,27.037066511878834,10754300
2013-07-02,26.950288772583008,27.197295984147704,26.82344908985621,27.017048510826285,12248300
2013-07-03,27.0304012298584,27.077131774650464,26.723311518422953,26.863505699422838,5264800
2013-07-05,27.050432205200195,27.23735441426591,26.803427493702774,27.18394916022889,10402200
2013-07-08,27.06377410888672,27.21064041293762,26.983662437633694,27.13720853422375,9936300
2013-07-09,27.257368087768555,27.41758630524776,27.183933676997817,27.277394728297793,8760500
2013-07-10,27.15723419189453,27.34415632477963,27.057095879778622,27.31745243533231,9539300
2013-07-11,27.390892028808594,27.471003712273898,27.1972951603263,27.37086538125404,13489600
2013-07-12,27.390892028808594,27.45765176502968,27.19061791339242,27.390892028808594,10686400
2013-07-15,27.377532958984375,27.537753737608163,27.324127730525035,27.40423684652549,11418400
2013-07-16,26.856828689575195,27.03707616963427,26.36949404198898,26.556416222810068,33575600
2013-07-17,27.264041900634766,27.357502948900617,26.910224347450463,27.070442559728328,18513100
2013-07-18,27.244033813476562,27.41760408607973,27.19730325752093,27.27741241821283,9708800
2013-07-19,27.430950164794922,27.437624865663512,27.230676032628335,27.290758526940685,11401100
2013-07-22,27.264041900634766,27.46431593929338,27.2106341321271,27.424262659535202,9425100
2013-07-23,27.344160079956055,27.457650352381258,27.23067235415427,27.337485379989122,9400900
2013-07-24,27.277406692504883,27.457654176194747,27.20397224952489,27.45097692867451,10511000
2013-07-25,27.264041900634766,27.2907457848886,27.023712035595402,27.244015260755678,9147300
2013-07-26,27.13054656982422,27.137223819501234,26.70996897203289,27.137223819501234,12279600
2013-07-29,26.89021110534668,27.157245012976116,26.8768591553028,27.110514461134578,10132000
2013-07-30,26.91690444946289,27.190612951462278,26.87017391594761,26.983661626878124,10769400
2013-07-31,26.756694793701172,27.09048588116776,26.74334284460764,26.976995587184692,13557100
2013-08-01,27.08380699157715,27.20397197951102,26.970319251097234,26.970319251097234,12001100
2013-08-02,26.85015296936035,26.97699265201254,26.643201600863353,26.723310740084543,25516600
2013-08-05,26.89689064025879,27.017055654245183,26.823456182086627,26.823456182086627,9933200
2013-08-06,26.950288772583008,26.990344615528976,26.7433399505879,26.85682768566604,8645600
2013-08-07,26.80342674255371,26.92359174404958,26.74334424180578,26.91023979425848,9301800
2013-08-08,26.8367977142334,26.943610735572083,26.716632746899464,26.903554897586336,9481100
2013-08-09,26.81009864807129,26.916911688636365,26.736664205190845,26.87018114255313,9021600
2013-08-12,26.58979606628418,26.77004099090579,26.509684381315026,26.729987695044805,13970000
2013-08-13,26.469636917114258,26.736668285971692,26.369498562152625,26.656559129976877,13548700
2013-08-14,26.38951301574707,26.48965132441903,26.269348063989913,26.42956884854045,13787100
2013-08-15,26.09578514099121,26.30273651472455,26.049054596377825,26.235976774831368,14227800
2013-08-16,26.069080352783203,26.155866738362114,25.84210233816239,26.055728405261558,20565200
2013-08-19,25.88882827758789,26.09577960743765,25.82874579773623,26.06907571714288,11913000
2013-08-20,25.80204963684082,26.12916344547708,25.80204963684082,25.935564021887,10238200
2013-08-21,25.555042266845703,25.83542807631313,25.535015618535045,25.788697532505832,15799000
2013-08-22,25.575075149536133,25.71526680117273,25.43488095127553,25.581749851060923,10307900
2013-08-23,25.715267181396484,25.775349682503975,25.61512883067599,25.775349682503975,11302800
2013-08-26,25.44822883605957,25.768667937169216,25.441554135600942,25.768667937169216,12740600
2013-08-27,25.468246459960938,25.528328923286335,25.234591304085527,25.35475623073632,16742500
2013-08-28,25.601764678955078,25.721929623899214,25.40149061958913,25.408167864654263,19245200
2013-08-29,25.434873580932617,25.681880758381826,25.434873580932617,25.681880758381826,14215700
2013-08-30,25.48828887939453,25.555046081477414,25.36812387834613,25.474936929653154,14296600
2013-09-03,25.301359176635742,25.635150181358515,25.234599447717226,25.54836380707608,19068500
2013-09-04,25.728612899780273,25.855452572898077,25.241278307329647,25.288008847247966,19138600
2013-09-05,25.528339385986328,25.82874927911281,25.408174410086342,25.788695984895142,14290500
2013-09-06,25.601764678955078,25.782012096371282,25.434869205046315,25.621793867527654,13976900
2013-09-09,25.715267181396484,25.735293832890967,25.54837162794502,25.715267181396484,10605500
2013-09-10,25.7886962890625,25.888832072411223,25.708584606435295,25.882157372170717,11757300
2013-09-11,25.88882827758789,25.88882827758789,25.72193278318029,25.822071098474108,11996500
2013-09-12,25.84848403930664,25.96279969273599,25.74089419409656,25.9493506414417,12114100
2013-09-13,26.0166015625,26.050225483943976,25.83504316031177,25.929186549151822,11623600
2013-09-16,26.13091468811035,26.35954347971289,26.050222927881457,26.245227801339215,13351500
2013-09-17,26.08383560180664,26.285566217827906,26.08383560180664,26.097284651560585,12881700
2013-09-18,26.621788024902344,26.628511268030305,25.94262760263075,26.097287846016474,18030500
2013-09-19,26.43350601196289,26.675581237853898,26.32591616762992,26.655408943649036,14251700
2013-09-20,26.494028091430664,26.494028091430664,26.077115158726354,26.446957690180902,30675300
2013-09-23,25.97624969482422,26.35281288427051,25.848484985424072,26.332640589162843,19016200
2013-09-24,25.908998489379883,26.137627186988922,25.90227524760186,26.036763169456076,15083300
2013-09-25,25.774524688720703,26.009876733628246,25.754349824053694,25.989704434106145,11446100
2013-09-26,26.05021858215332,26.05021858215332,25.814864020126024,25.88210928005284,10941100
2013-09-27,25.82159423828125,25.942633161675133,25.653484907472507,25.935907351961685,12609600
2013-09-30,25.471923828125,25.75434624274135,25.384506267110375,25.680377734586244,18101500
2013-10-01,25.518993377685547,25.613134179411364,25.297087860636584,25.552614726138415,13196000
2013-10-02,25.169326782226562,25.424853658609326,25.021389764561082,25.424853658609326,25664200
2013-10-03,24.987760543823242,25.18949114473229,24.967588253275466,25.18949114473229,14437900
2013-10-04,25.014663696289062,25.06173409384172,24.81965629777418,25.048285042377493,17217500
2013-10-07,24.913799285888672,25.13570480686499,24.765864837048962,24.933974147433023,16708600
2013-10-08,25.068456649780273,25.155874199329165,24.812932374397676,24.947417755064638,20471300
2013-10-09,24.933975219726562,25.1626014291423,24.88690225086169,25.13570588783402,18998900
2013-10-10,25.40467643737793,25.458472644313115,25.18277349663112,25.397953194083197,17174400
2013-10-11,25.39795684814453,25.498820902943045,25.229847525002306,25.498820902943045,14266900
2013-10-14,25.492095947265625,25.5189940527973,25.22312002223792,25.25674393672478,14202900
2013-10-15,25.32398223876953,25.80141198591712,25.283635087476917,25.67364985453996,21676600
2013-10-16,25.5526123046875,25.713998353170037,25.40467530734053,25.559335547683173,17995100
2013-10-17,25.92245864868164,25.929184458486162,25.55934187358323,25.592965792316114,15900200
2013-10-18,26.077112197875977,26.077112197875977,25.835034410280652,25.942626818228966,18896600
2013-10-21,26.104005813598633,26.191423347460862,25.95606884323851,26.191423347460862,12977500
2013-10-22,26.285572052001953,26.3931619087695,26.016596127510823,26.130911793220136,17110200
2013-10-23,26.285572052001953,26.3931619087695,26.090564635003112,26.27884880820471,12591800
2013-10-24,26.090557098388672,26.473846012726344,26.063659000680538,26.325911605619172,17143800
2013-10-25,26.245227813720703,26.31247308489718,25.97625442444923,26.117465646202614,14383400
2013-10-28,26.63524627685547,26.722663858580994,26.218335800014366,26.238508101510583,16552100
2013-10-29,26.762996673583984,26.870586509416867,26.460399458696493,26.608336444895716,14199600
2013-10-30,26.641965866088867,26.82352425007406,26.56799735056029,26.81680100554637,12360000
2013-10-31,26.60833168029785,26.80333902443364,26.567984537156235,26.567984537156235,14853500
2013-11-01,26.63524627685547,26.709214802535133,26.44696462250371,26.608348164763743,12430400
2013-11-04,26.5679988861084,26.76973214562582,26.426787656562166,26.702486870738362,10252100
2013-11-05,26.56125831604004,26.655399074332195,26.37297679945573,26.467117557747887,10575000
2013-11-06,26.931106567382812,27.045422213459236,26.507470456866333,26.64195839601456,17198000
2013-11-07,26.78317642211914,27.065598830823596,26.736103455523907,26.95128573162736,16233200
2013-11-08,26.931106567382812,26.931106567382812,26.55454341594068,26.722652698589943,11903600
2013-11-11,26.810070037841797,26.93110893721173,26.74282734492264,26.90421083398634,9567800
2013-11-12,26.81679916381836,26.890767674266915,26.641964036368204,26.83697146116083,10509200
2013-11-13,26.978187561035156,26.97818756103516,26.662143729778993,26.776456855624925,11770500
2013-11-14,27.038700103759766,27.1933603571327,26.917661198486257,26.95800835529224,10887200
2013-11-15,27.045427322387695,27.112670022092033,26.87059219892512,27.005080163478354,12021500
2013-11-18,27.011808395385742,27.058881372044745,26.897495271750422,27.058881372044745,9553900
2013-11-19,26.991634368896484,27.05215383199403,26.84369733351474,26.991634368896488,11014800
2013-11-20,26.937835693359375,27.200085796173013,26.8571413808441,26.931109884744238,14422500
2013-11-21,27.186641693115234,27.22698885671763,26.96473614101938,27.031981413690033,26364300
2013-11-22,27.186641693115234,27.206813992344,26.958012896324746,27.126122230284082,26396500
2013-11-25,27.14629554748535,27.48924003810377,27.119400002553387,27.22026406762442,14059100
2013-11-26,27.065597534179688,27.300949530158288,27.05887429078503,27.226983592239563,14240400
2013-11-27,27.214563369750977,27.343223077607284,26.875989541688377,27.146849637383784,9909100
2013-11-29,27.214563369750977,27.41093680997448,27.160392900479884,27.268736422135383,8641100
2013-12-02,27.140087127685547,27.221344146592624,26.916627096798507,27.15362781157501,16738800
2013-12-03,27.322908401489258,27.34999492917848,27.092678082357786,27.119764610047007,16592300
2013-12-04,27.336456298828125,27.40417262952901,27.045282534599053,27.22134241130746,13196100
2013-12-05,26.97079849243164,27.356772537199703,26.950482301629076,27.27551294021724,18171200
2013-12-06,27.39739418029785,27.424480707116288,27.11976373819232,27.11976373819232,12557100
2013-12-09,27.356782913208008,27.424496686595624,27.221352783317894,27.356782913208008,12237100
2013-12-10,26.984342575073242,27.282289301984296,26.91662881883758,27.261973108622218,15967800
2013-12-11,27.173933029174805,27.316133400611676,27.011416473880516,27.052046258482342,14963500
2013-12-12,26.550962448120117,27.22811019277881,26.53064884237672,27.079139445471178,19817700
2013-12-13,26.56451416015625,26.842144720424667,26.550970890982853,26.727030807122517,14037400
2013-12-16,26.591594696044922,26.794738521561722,26.544194556194796,26.720251849478988,14562100
2013-12-17,26.476478576660156,26.578051782322245,26.3207348889285,26.49002184295603,17655700
2013-12-18,27.099454879760742,27.14008467710269,26.40876382363059,26.584821112551378,23884500
2013-12-19,26.991111755371094,27.153625781032485,26.787967931737423,27.06559842676334,14791800
2013-12-20,27.113000869750977,27.21457149864053,26.98434112346449,27.031741266902433,22237200
2013-12-23,27.194255828857422,27.248428893318188,26.997882344857977,27.153626030511848,10943200
2013-12-24,27.214563369750977,27.295822948327586,27.15361997737518,27.201020106654877,4783800
2013-12-26,27.417724609375,27.45158149392865,27.180721251270025,27.234894333047635,8588300
2013-12-27,27.532833099365234,27.620863048322153,27.44480315040832,27.553146709465217,6762200
2013-12-30,27.824007034301758,27.85786391233817,27.60054698965584,27.60731991513165,10927500
2013-12-31,27.972980499267578,28.027150987700267,27.74952045380789,27.85109367140124,11729200
2014-01-02,27.532833099365234,27.91880718995007,27.43125988263693,27.84432050876454,12698600
2014-01-03,27.39739418029785,27.58022436165223,27.32290752310384,27.546367494685875,10403400
2014-01-06,27.26874351501465,27.48543061468818,27.194256840168002,27.410943939841534,11036300
2014-01-07,27.349990844726562,27.573450790120912,27.28227711872934,27.410934231369286,11872300
2014-01-08,27.0452823638916,27.383856265917295,26.970798275261604,27.383856265917295,15339600
2014-01-09,26.903078079223633,27.085908270019885,26.760877680753268,27.052051401305064,14070200
2014-01-10,27.173933029174805,27.282276538333328,27.018189396203994,27.058816597692807,13290000
2014-01-13,26.767650604248047,27.173940817372227,26.747336997681654,27.085910883728257,14091900
2014-01-14,26.875991821289062,27.031735485434318,26.80150774261279,26.842134952233753,12801100
2014-01-15,26.92339515686035,27.045281966447522,26.801510930387018,26.97079787891211,12844900
2014-01-16,26.889545440673828,26.96403213114839,26.801518063853464,26.936945592227726,11063100
2014-01-17,26.59836769104004,26.91662801873863,26.59836769104004,26.8963144090946,13992700
2014-01-21,27.03174591064453,27.03174591064453,26.76765861380482,26.842145304321566,17579000
2014-01-22,27.0181941986084,27.146851331379754,26.916621010606008,27.07913759478714,9841700
2014-01-23,26.57128143310547,26.84213900960343,26.49002183535355,26.82182540172241,14828100
2014-01-24,26.300418853759766,26.578049329417674,26.286875588713812,26.462935451197566,16507500
2014-01-27,26.22593116760254,26.395218099422678,26.212387903083297,26.28687456638233,14601900
2014-01-28,26.320728302001953,26.46293127096448,26.151441390339528,26.25301457058229,8915500
2014-01-29,25.663904190063477,26.11759200333677,25.60973112292481,26.11759200333677,23776100
2014-01-30,25.846736907958984,26.009253558165344,25.73162299236181,25.73162299236181,13662000
2014-01-31,25.609731674194336,25.839962048261544,25.542017921927425,25.697761618632583,16185000
2014-02-03,25.189899444580078,25.745160450859053,25.12218311264731,25.745160450859053,23164900
2014-02-04,25.379493713378906,25.426893842419137,25.196663537175183,25.35240718732355,17759700
2014-02-05,25.467529296875,25.5420159685405,25.311785612080715,25.386272283746216,13665200
2014-02-06,25.751934051513672,26.3681385429585,25.67744736851799,26.24625171316816,22661500
2014-02-07,25.697751998901367,25.968609489689936,25.643578950875792,25.846722714745493,20389000
2014-02-10,26.11758804321289,26.151444913483946,25.623270504537338,25.77901417427509,20877200
2014-02-11,26.16499137878418,26.2597916603848,26.076961438820486,26.1853049868089,15361300
2014-02-12,26.076955795288086,26.354586238368686,26.00247172094585,26.307186107826634,10633400
2014-02-13,26.171762466430664,26.246246551664278,25.819645314406397,25.819645314406397,10435600
2014-02-14,26.36136245727539,26.422305858893193,25.914445039782745,26.137902456972217,16030100
2014-02-18,25.37273406982422,25.80610833695468,25.230531039641598,25.718078381720556,46098500
2014-02-19,25.1221866607666,25.460760618906928,25.08832978157543,25.393046860524585,26645100
2014-02-20,25.257606506347656,25.406579814044527,24.979976076711925,25.09509251896312,22639900
2014-02-21,25.17635154724121,25.47429560359956,25.149265019450418,25.453981999313196,19419800
2014-02-24,25.39304542541504,25.46075917997048,25.20344484616847,25.257615333189992,24223500
2014-02-25,25.57587432861328,25.690988221976923,25.393044101111595,25.481074043934044,22845500
2014-02-26,25.643592834472656,25.69099298560121,25.542022189103392,25.66390903003811,18195100
2014-02-27,25.779014587402344,25.80610111729872,25.596184385272313,25.623270915168685,18423400
2014-02-28,25.867050170898438,25.995707341351984,25.758706610749602,25.78579314656537,15763200
2014-03-03,25.8128719329834,25.839958463377968,25.63004172749063,25.650357916843415,18683400
2014-03-04,25.941530227661133,25.995700702343907,25.887357169864785,25.961843832777976,20425200
2014-03-05,25.968610763549805,26.03632707690352,25.900897033309324,26.01601089134079,14367400
2014-03-06,26.049882888793945,26.10405338245967,25.91445277995791,26.002482738168503,14700000
2014-03-07,26.10404396057129,26.144673753491688,25.975386824327007,26.110816884281462,17047600
2014-03-10,26.171762466430664,26.171762466430664,26.029559470897613,26.104046139244986,14540800
2014-03-11,26.273324966430664,26.30041148893762,26.09726773636135,26.30041148893762,13812100
2014-03-12,26.25627326965332,26.276747824422788,26.078818449717236,26.11977016283638,15673700
2014-03-13,25.915019989013672,26.26992706891901,25.880892255430435,26.24262592348463,18302800
2014-03-14,26.051517486572266,26.153895468283206,25.853590714087467,25.90136641126451,14687200
2014-03-17,26.119762420654297,26.188012652042552,25.969608787304814,26.051509585686606,19203000
2014-03-18,26.208499908447266,26.249449021635495,26.031045072696802,26.119772490572036,16880400
2014-03-19,26.03104019165039,26.33817150087452,26.003739052257142,26.181193854733287,20882200
2014-03-20,26.242618560791016,26.25626912967837,25.901362149346607,26.010564096865625,13228000
2014-03-21,26.23579216003418,26.501974349849654,26.126590211743146,26.467846625600103,19189100
2014-03-24,26.208499908447266,26.297224722742055,26.078820773803365,26.263099593891717,15693000
2014-03-25,26.35865020751953,26.481502750569653,26.249448236317235,26.269925395879167,16898900
2014-03-26,26.351821899414062,26.577049788995584,26.351821899414066,26.406421574265973,15835500
2014-03-27,26.495147705078125,26.618000222081807,26.263093240024475,26.28356779166515,13031500
2014-03-28,26.583881378173828,26.638481063300365,26.495153960815223,26.542929661643605,11502100
2014-03-31,26.385953903198242,26.638482997856205,26.249450775098044,26.61118445510066,24489800
2014-04-01,26.215320587158203,26.5429264692567,26.14707033806356,26.2972214067878,20515700
2014-04-02,26.160720825195312,26.304047909985194,26.140243667668113,26.269922785546665,15709100
2014-04-03,25.983257293701172,26.269913970673347,25.962782746624317,26.201661141118432,18114000
2014-04-04,26.085647583007812,26.26309981668317,26.031045293519725,26.099298155379834,15453600
2014-04-07,26.35865020751953,26.542929022094718,26.112945121419276,26.119771709133374,17295700
2014-04-08,26.549760818481445,26.549760818481445,26.26310396059984,26.39278051322433,14769900
2014-04-09,26.611181259155273,26.611181259155273,26.41325187735991,26.508803274480346,12031400
2014-04-10,26.54292106628418,26.891004035120762,26.495145380926935,26.604347319397718,21025700
2014-04-11,26.365482330322266,26.768165171840042,26.324530606181487,26.501985473877273,18084200
2014-04-14,26.433719635009766,26.481495321283703,26.20849177165829,26.42006906699155,19389800
2014-04-15,27.42336654663086,27.62129589817296,26.95925759991554,27.18448809034205,47529200
2014-04-16,27.703203201293945,27.703203201293945,27.382421253202114,27.382421253202114,21919900
2014-04-17,27.79192543029785,27.79192543029785,27.471143542126175,27.59399606935873,18547100
2014-04-21,27.812400817871094,27.819224801330908,27.539394615036635,27.621298038035036,12630900
2014-04-22,27.78509521484375,27.81922033382285,27.587165879753382,27.696370426214017,17404900
2014-04-23,27.79875373840332,27.853356027259338,27.682727779954938,27.77827918187253,12072500
2014-04-24,27.77828025817871,27.907956793865587,27.61447598884428,27.77828025817871,11392600
2014-04-25,27.989850997924805,27.9898509979248,27.600818879417854,27.614469448927913,16811400
2014-04-28,28.003501892089844,28.174130107573855,27.805575140849157,27.860174815942468,20736700
2014-04-29,27.689544677734375,28.003499947565135,27.655419557723164,27.962550844983593,18928400
2014-04-30,27.83970832824707,27.90113460775938,27.703205195599633,27.771455460133,12362000
2014-05-01,27.832868576049805,27.84651914321656,27.4779616404525,27.839695161422917,15385800
2014-05-02,27.94890785217285,27.955731836592918,27.730503900604194,27.839705876388525,14197000
2014-05-05,27.819232940673828,27.93526152207912,27.67590581386218,27.744158686330252,10163500
2014-05-06,27.63495635986328,27.75098233628498,27.607655211206115,27.655430919565738,9359900
2014-05-07,27.921594619750977,27.962546319284314,27.730491895754096,27.778267576753315,11115600
2014-05-08,27.79875373840332,27.955731413493716,27.744154053127737,27.880654568106912,8538700
2014-05-09,27.89429473876953,27.94889700726481,27.785092805358428,27.83286848850207,8516400
2014-05-12,27.86017608642578,27.962554061816817,27.771448681325552,27.90112779729821,8906000
2014-05-13,28.058103561401367,28.133180391156614,27.86017421087933,27.8670007973552,11579600
2014-05-14,27.907957077026367,28.10588647843605,27.86700796196268,27.996684498965287,10036100
2014-05-15,27.655427932739258,27.955732724792217,27.600825641322054,27.723678193430207,12379200
2014-05-16,27.907957077026367,27.921607649907784,27.607652284376908,27.655427987671583,13823900
2014-05-19,27.78509521484375,27.79874578315133,27.587165879753382,27.710018390941908,7559500
2014-05-20,27.69637680053711,27.935255291948426,27.689550213022333,27.846527879318383,9639500
2014-05-21,27.89429473876953,27.90112132412117,27.6417657559275,27.675890871947324,8607300
2014-05-22,27.69637680053711,27.873829022216903,27.662249070123817,27.82605332393464,8430400
2014-05-23,27.69637680053711,27.778277625652375,27.662249070123817,27.730501927370113,6255200
2014-05-27,27.826061248779297,27.86018638533112,27.62813181176529,27.68273411311303,11282900
2014-05-28,27.69637680053711,27.907954149049907,27.662249070123817,27.778277625652375,7536700
2014-05-29,27.7509765625,27.89430365775866,27.710024848034543,27.764627133988487,9867100
2014-05-30,27.921594619750977,27.92841860121686,27.634940533755653,27.669065648243762,10446100
2014-06-02,27.887483596801758,27.907958155124543,27.764631039703726,27.812406744843997,7472100
2014-06-03,27.901124954223633,27.98302576404288,27.785096420364887,27.79192300660471,10493100
2014-06-04,27.83970832824707,27.928433151424308,27.785106033755817,27.92160916640325,7864700
2014-06-05,27.907957077026367,27.983033926083873,27.73050483672909,27.798755097555606,10131700
2014-06-06,27.976207733154297,28.023983432677838,27.873829746415087,27.942080001854325,8760600
2014-06-09,27.921594619750977,28.044447114771643,27.88064292021764,27.88064292021764,7316400
2014-06-10,28.03080177307129,28.085404049293352,27.85334958250926,27.873824134302616,9168600
2014-06-11,27.887483596801758,28.023986727308536,27.839707891661487,27.96938443367356,9648600
2014-06-12,27.79464340209961,27.973432788237243,27.76026163496874,27.78776809793771,11583600
2014-06-13,27.760265350341797,27.870288593782266,27.6777485735517,27.774018583666983,9194600
2014-06-16,27.959686279296875,28.03532775906822,27.60898797318402,27.63649181960525,12878200
2014-06-17,28.138473510742188,28.331016177570127,27.925304926157427,28.317262942570892,26926600
2014-06-18,28.578567504882812,28.585442810403276,28.021573323922034,28.049079792326292,18518200
2014-06-19,28.73672103881836,28.791731343421343,28.557931646746926,28.564809574297783,13275200
2014-06-20,28.667959213256836,28.798613624868256,28.55793596425632,28.791735696277566,23402600
2014-06-23,28.695463180541992,28.702341108533282,28.42040639359196,28.509798472191225,13099300
2014-06-24,28.777984619140625,28.805491089242633,28.516681022655664,28.55106279870249,14962800
2014-06-25,28.85362434387207,28.867377578085847,28.509801358011362,28.60607137434657,17621800
2014-06-26,28.901756286621094,28.915509519376155,28.729844811924256,28.819239513251674,16903300
2014-06-27,29.011781692504883,29.08054786141659,28.819241665874348,28.874254601003717,18674400
2014-06-30,29.128684997558594,29.218079712098554,28.757355527772294,28.867378782913274,14058700
2014-07-01,29.080537796020508,29.19056100503673,28.98426781602634,29.149301317970565,11497700
2014-07-02,29.080537796020508,29.163054546992623,28.98426781602634,29.094291025042562,6707000
2014-07-03,29.039278030395508,29.101166249247225,28.88799513472238,29.059906562292678,7537700
2014-07-07,28.977401733398438,29.01866143732801,28.832996704386858,28.853625244771003,8991900
2014-07-08,28.83986473083496,29.05303587925728,28.819236195657542,28.860495889173013,10090500
2014-07-09,28.846742630004883,28.99114762242794,28.736719403897705,28.832989398846408,9891600
2014-07-10,29.05991554260254,29.08054670403551,28.571687566985524,28.578565495183522,12564500
2014-07-11,28.860492706298828,29.05303267514886,28.79860448443127,28.9636379939712,9773000
2014-07-14,29.142425537109375,29.14930083992754,28.86736620749963,28.87424413347797,11857700
2014-07-15,28.949892044067383,29.176816455697715,28.84674673045805,29.16306322258427,10541900
2014-07-16,28.963634490966797,29.149299134114276,28.894870974168477,29.05990446374845,10331400
2014-07-17,28.894878387451172,28.984273080752143,28.76422662275029,28.832990157190608,9983500
2014-07-18,29.176815032958984,29.204321497844585,28.894880325783756,28.977397097279688,19272400
2014-07-21,29.15618896484375,29.273087515765305,28.94301777867015,28.963646317500757,17607200
2014-07-22,28.324132919311523,28.4204055461925,27.92529967201949,28.262244685039896,24706000
2014-07-23,28.062828063964844,28.227861598883838,27.939051601195228,28.17972659926907,17531700
2014-07-24,28.17284393310547,28.262235981510536,27.9596728311148,28.172843933105465,14856000
2014-07-25,28.19348907470703,28.22099554726553,28.062837264796567,28.138476129590035,10809900
2014-07-28,27.973438262939453,28.193484763435322,27.925303254903557,28.18660945792785,11709100
2014-07-29,27.746505737304688,28.042193627906585,27.746505737304688,28.02156509424241,10863600
2014-07-30,27.244518280029297,27.84964715012163,27.23764297813317,27.815265394321344,20346200
2014-07-31,27.017614364624023,27.320177687107673,26.99010789262691,27.182647950283634,15434700
2014-08-01,27.017614364624023,27.155144101448066,26.859456085382924,26.907591099797102,13566700
2014-08-04,27.093250274658203,27.13450735100073,26.90070763346937,27.100125579661622,11012900
2014-08-05,26.94196891784668,27.18264395453928,26.886955981939135,27.051992166500604,11639200
2014-08-06,27.450822830200195,27.478329295519654,26.907584567525916,26.907584567525916,17567500
2014-08-07,27.05885887145996,27.51270495580109,27.04510826501476,27.478323193367434,14367400
2014-08-08,27.12763023376465,27.217024931803223,26.996975838978848,27.05198876797515,13667000
2014-08-11,27.210147857666016,27.41644110155179,27.175766087545203,27.175766087545203,14102600
2014-08-12,27.285799026489258,27.39582230388793,27.189528986660648,27.203282224230712,13297500
2014-08-13,27.464574813842773,27.574598046956126,27.299541275753146,27.299541275753146,9638900
2014-08-14,27.629608154296875,27.636483458031687,27.45769670616071,27.45769670616071,6902000
2014-08-15,28.110958099365234,28.296622760732475,27.959675199771127,28.09032694377313,23221600
2014-08-18,28.434160232543945,28.48229524130596,28.049080162447847,28.049080162447847,14891500
2014-08-19,28.37226676940918,28.52354969663429,28.30350323330363,28.434155001168474,10260400
2014-08-20,28.36539077758789,28.42727900784724,28.25536754858913,28.296627243148926,6782500
2014-08-21,28.475419998168945,28.66796003363942,28.34476820597987,28.39290321484749,11951000
2014-08-22,28.2760066986084,28.551066185938183,28.227871681799936,28.392907898830142,11244600
2014-08-25,28.475419998168945,28.502926466996513,28.276002033910952,28.413531754887543,10229300
2014-08-26,28.606063842773438,28.674829995737145,28.475412086883164,28.475412086883164,8416500
2014-08-27,28.606063842773438,28.681705299453256,28.49604062119202,28.557928847279097,7693100
2014-08-28,28.62669563293457,28.67483062949276,28.49604125099613,28.54417624755432,9746400
2014-08-29,28.688575744628906,28.70920427355804,28.516664341793227,28.6060563825927,7666700
2014-09-02,28.633573532104492,28.771103230376475,28.406651759642415,28.55105676240563,9798100
2014-09-03,28.729843139648438,28.777978139908885,28.647326371082062,28.66795490743346,8635400
2014-09-04,28.791732788085938,28.998026031229525,28.69546278282966,28.7435977854578,16785300
2014-09-05,28.771100997924805,28.784854229000924,28.61294277529037,28.784854229000924,12768100
2014-09-08,28.729843139648438,28.83986637212386,28.62669783473066,28.654201675478934,9097700
2014-09-09,28.83986473083496,28.901752959527855,28.709212969443584,28.722966200615407,11892500
2014-09-10,28.998022079467773,29.01177531022455,28.76422502608419,28.81236002215264,17558000
2014-09-11,29.056903839111328,29.13309638021022,28.856033074809062,28.86988650430627,19614000
2014-09-12,28.717500686645508,29.03612163010682,28.648236183204855,29.02227084323584,12966800
2014-09-15,28.745216369628906,28.800630103210437,28.627466149176527,28.710584107276574,12259600
2014-09-16,28.842172622680664,28.95299738940268,28.52355174863873,28.5997442711859,15232800
2014-09-17,28.821399688720703,28.93914987140887,28.620528932318237,28.932224478068377,16693800
2014-09-18,28.94607925415039,29.00841836620164,28.779840741256564,28.918372394956165,12586400
2014-09-19,29.126163482666016,29.333959605896368,28.91836735943566,29.077677808654634,47559700
2014-09-22,29.243915557861328,29.264694376980987,28.904513206037933,28.987631124787562,11518100
2014-09-23,29.01534080505371,29.20235812216232,29.00841541209617,29.091533338942913,10251300
2014-09-24,29.2785587310791,29.327044421967994,28.987641943473758,28.987641943473758,13540900
2014-09-25,28.939146041870117,29.20928126501591,28.93222064944607,29.133091379267164,11076300
2014-09-26,29.230066299438477,29.26469855033371,28.8906638992139,29.091534653586173,9939600
2014-09-29,29.264698028564453,29.271623421711478,29.008416205783412,29.02226963434878,12441100
2014-09-30,29.54868507385254,29.652584461209475,29.146946236766155,29.16079702229398,22613700
2014-10-01,29.604110717773438,29.680300637971563,29.34782616359633,29.472504421771074,30409700
2014-10-02,29.54868507385254,29.63180299837538,29.382446582535678,29.507124790455528,16643200
2014-10-03,29.784198760986328,29.8326844545643,29.548695688348108,29.687227373830375,14046300
2014-10-06,30.199779510498047,30.25519322019626,29.76340843684457,29.804966076847126,20328100
2014-10-07,30.421432495117188,30.573817571699355,30.116664984224254,30.116664984224254,24936600
2014-10-08,30.857807159423828,30.864735195254752,30.13744468475357,30.1859330087556,26115600
2014-10-09,30.386804580688477,30.996342331740934,30.386804580688477,30.781618115208236,25029300
2014-10-10,30.802391052246094,31.079451667978308,30.372942738113927,30.39372419994036,25920800
2014-10-13,30.525331497192383,30.91321957699645,30.4976246395768,30.670788536267143,20175200
2014-10-14,30.227495193481445,30.559969621958718,30.109744989389693,30.504558538348444,21027400
2014-10-15,29.943498611450195,30.15129474454018,29.576392021582176,29.576392021582176,22988600
2014-10-16,29.47941780090332,29.742624977483302,29.354739604725044,29.54175689899246,22519200
2014-10-17,29.701074600219727,29.80497136091689,29.30626109657303,29.569468337489777,23236000
2014-10-20,29.985071182250977,30.10974944164983,29.58332953701639,29.611036404054417,17647800
2014-10-21,28.17722511291504,28.530478244804065,27.886308437590873,28.260343030605817,55953500
2014-10-22,28.135656356811523,28.475058602063207,27.775475298964693,27.8378143790203,27728200
2014-10-23,28.30191421508789,28.66209552021752,28.218796265372433,28.35732530080754,23346800
2014-10-24,28.419660568237305,28.585899087388206,28.34346802372113,28.38502831407676,13396000
2014-10-27,28.232641220092773,28.336540617467584,28.09411221328827,28.191083574959997,17222500
2014-10-28,28.0941104888916,28.30190662861541,28.05947559704491,28.232639487193293,18658700
2014-10-29,28.371177673339844,28.419663362385926,28.066410107582787,28.1564560910706,25761800
2014-10-30,28.675939559936523,28.807543157404318,28.28112612526203,28.398876295269353,18295600
2014-10-31,29.0084228515625,29.015348246296117,28.675948416638267,28.973790593350547,18477700
2014-11-03,28.959932327270508,29.28547867084507,28.80754724584955,28.946078897843922,13230600
2014-11-04,28.966854095458984,29.126164550518762,28.856029316188224,28.932221847362715,10105300
2014-11-05,29.306264877319336,29.465575378091266,29.084615255178225,29.299336840349472,20676800
2014-11-06,29.292402267456055,29.52097721267567,29.167724063783144,29.389373616474746,11528800
2014-11-07,29.313190460205078,29.410161840230373,29.18851221666629,29.403236445487966,11803800
2014-11-10,29.36167335510254,29.486351586772454,29.153877183076577,29.264701984308537,9088900
2014-11-11,29.444791793823242,29.583323458275814,29.34089502718761,29.35474845786004,8563700
2014-11-12,29.583311080932617,29.707989262548733,29.306250510218405,29.4447794744402,12768800
2014-11-13,29.638734817504883,29.83960558282963,29.527910023234593,29.54176345280232,12007700
2014-11-14,29.597164154052734,29.76340260832205,29.437853733274544,29.57638533812054,10939500
2014-11-17,29.728769302368164,29.777257612566324,29.597165724032386,29.6110191494789,10664000
2014-11-18,30.15130043029785,30.379878069390518,29.611029853928553,29.749561516202437,26143000
2014-11-19,30.62923812866211,30.774695202102954,30.17208543908232,30.248275352118952,25402300
2014-11-20,30.65000343322754,30.76775359055672,30.372940198391728,30.449132720085117,13465400
2014-11-21,30.823177337646484,30.989415861168165,30.670792244607583,30.87859105957761,14382700
2014-11-24,30.663850784301758,31.017103828576257,30.615365124151733,30.830086578453177,12890800
2014-11-25,30.774675369262695,30.885500112216064,30.55995127379729,30.663850626309326,10741700
2014-11-26,30.8897705078125,30.945564599374478,30.66658882049344,30.68053800851783,9199200
2014-11-28,31.26638412475586,31.384948207594405,30.79212247233163,30.79212247233163,10502000
2014-12-01,31.07110023498535,31.22453862100892,30.778175309524205,30.813046944383597,10065700
2014-12-02,31.064123153686523,31.154788861068877,30.847914787279265,30.9455564170971,9878100
2014-12-03,30.54801368713379,30.994376939537577,30.52011531872484,30.980427755333103,15246500
2014-12-04,30.338781356811523,30.575912168090756,30.248112989416118,30.422473801811588,13779700
2014-12-05,30.35970687866211,30.415503621338143,30.12955196646128,30.33878443042616,12536900
2014-12-08,30.08770751953125,30.42945595240967,30.05283588202171,30.3457608297443,12802300
2014-12-09,29.32051658630371,29.662262308925744,29.062460653100114,29.397235773983965,25714600
2014-12-10,29.013641357421875,29.460007321835032,28.985745646330862,29.320518124239367,18324100
2014-12-11,28.96482276916504,29.299595272868707,28.94390031910086,29.027592779892935,16201500
2014-12-12,28.53240203857422,29.020612824934332,28.504503671231415,28.867174465083647,18432400
2014-12-15,28.295278549194336,28.72071944924142,28.288305285824002,28.685847811318883,23378500
2014-12-16,28.16973114013672,28.811380283965278,27.758239535229688,28.037217886552494,23475400
2014-12-17,28.978771209716797,29.125233677464692,28.16276375180541,28.20460865085607,20223900
2014-12-18,29.564632415771484,29.564632415771484,29.118268958028793,29.19498817617883,18030700
2014-12-19,29.25775146484375,29.84360403332712,29.215903902617992,29.599497244480034,24009500
2014-12-22,29.536727905273438,29.599497919776415,29.355393785895686,29.390265424945,11190900
2014-12-23,29.96914291381836,30.087707011455734,29.620421223540877,29.669242047336898,13411300
2014-12-24,29.94821548461914,30.150474687849474,29.934266298823758,30.05980631044706,6405900
2014-12-26,29.96216583251953,30.199296679168043,29.941243383282536,29.969141755955363,6466900
2014-12-29,29.892425537109375,30.03191475382415,29.63437221553513,29.85057797393429,8694500
2014-12-30,29.82267951965332,29.98309384779937,29.745962978171722,29.808732992500673,9222000
2014-12-31,29.44605255126953,29.94820984262532,29.44605255126953,29.934260659457845,9369500
2015-01-02,29.390268325805664,29.571605123617136,29.153137432115436,29.473960799891692,9921100
2015-01-05,29.390268325805664,29.96914770119549,29.348423419030542,29.773861714280386,26292600
2015-01-06,29.613435745239258,29.948208140629106,29.460000060186303,29.578564119569698,16897500
2015-01-07,29.983089447021484,30.066781900330927,29.69713779272369,29.850573513701818,13412300
2015-01-08,30.34575843811035,30.387605996144913,30.05980677621216,30.11560352025824,21743600
2015-01-09,30.010982513427734,30.380629248999625,29.955188436315964,30.317859249414578,12733500
2015-01-12,29.738981246948242,30.12955044434391,29.613441242804452,30.038882072343398,11415800
2015-01-13,29.732017517089844,30.157458483029046,29.60647747269677,29.871506750919462,12529500
2015-01-14,29.683185577392578,29.71108128529173,29.341437215413166,29.34841313778909,13447600
2015-01-15,29.557647705078125,29.89242016875072,29.411182590536644,29.871497721188383,11193100
2015-01-16,29.662261962890625,29.704109517646675,29.460005432907185,29.5436978818843,15114900
2015-01-20,30.101655960083008,30.22022271731731,29.718062635920905,29.780832646095455,17047300
2015-01-21,30.241147994995117,30.289968822969882,29.822680334522804,29.91334872670548,10720600
2015-01-22,30.53406524658203,30.56893953821,30.03888116766987,30.248113614763117,14709100
2015-01-23,30.20627212524414,30.51314623818983,30.115603745757944,30.408528672587664,12357700
2015-01-26,29.990068435668945,30.1504801103629,29.871504325887358,30.11560846987041,11151900
2015-01-27,29.564632415771484,29.73899330773573,29.39724744938601,29.66925001516446,15274000
2015-01-28,29.236814498901367,29.850565193346295,29.222867977683094,29.704102775744985,14278500
2015-01-29,29.36237144470215,29.397245749507267,28.922983937945553,29.132216464096683,13657900
2015-01-30,28.71373748779297,29.243795850689484,28.671892595298687,29.174052589509092,19193700
2015-02-02,29.006662368774414,29.03456073489335,28.525427525628587,28.741633211713772,15197500
2015-02-03,29.034574508666992,29.188010274040604,28.85323770340378,29.118266986192225,13193100
2015-02-04,29.06943130493164,29.355382895913245,29.027583757275355,29.1322012961488,16400000
2015-02-05,29.146163940429688,29.16708639365401,28.950877955038226,29.15313720465921,11078500
2015-02-06,28.909027099609375,29.125232833197977,28.818358720069035,29.034567114192853,12366400
2015-02-09,28.75557518005371,28.909013494675847,28.62306196503802,28.86019269648407,13371100
2015-02-10,29.571598052978516,30.01098543227344,29.432108855830148,29.927292978198473,32184200
2015-02-11,29.550676345825195,29.634371470069983,29.083390541201318,29.362366307077593,20496300
2015-02-12,29.411182403564453,29.752930787941967,29.34143913844334,29.57159670230606,13818200
2015-02-13,29.28564453125,29.4530294287414,29.12523023539619,29.30656697830268,10792100
2015-02-17,29.160114288330078,29.20893512148428,29.041547507429964,29.160114288330075,12804200
2015-02-18,29.104305267333984,29.15312607991804,28.922971200669593,29.118254451005818,9789800
2015-02-19,29.36934471130371,29.46001310662488,28.964826224898253,29.069443808771574,16578300
2015-02-20,29.271686553955078,29.36932815825202,29.041529063368706,29.320507356103548,15982400
2015-02-23,29.18800163269043,29.411183280373535,29.07641080884888,29.09035999439596,11830300
2015-02-24,29.3832950592041,29.522784289693664,29.132214976430042,29.1880090723044,12782700
2015-02-25,29.32748794555664,29.46000386496377,29.111282242161586,29.41118039007941,10323300
2015-02-26,29.613435745239258,29.67620573565826,29.271690088929294,29.320510896973573,14346500
2015-02-27,30.19928741455078,30.450367370508733,29.62041099212278,29.655282616998175,28312800
2015-03-02,30.129554748535156,30.199298022784962,30.045862287328315,30.199298022784962,13514600
2015-03-03,29.955198287963867,30.101660781652512,29.878479078735786,30.06678913942223,10036300
2015-03-04,29.641338348388672,29.976110791647468,29.62041590210215,29.93426323853954,16263000
2015-03-05,29.571598052978516,29.71806051274349,29.466980489983452,29.683188878590183,9223000
2015-03-06,28.957843780517578,29.43210539879515,28.825330522085693,29.376308662275516,18180500
2015-03-09,28.8671817779541,28.978772615059682,28.818360953003875,28.964823427854558,10123300
2015-03-10,28.37897491455078,28.69980094494526,28.37200165022159,28.664926641691917,14599100
2015-03-11,27.967479705810547,28.40686979951648,27.953533178867286,28.40686979951648,18549700
2015-03-12,28.53006362915039,28.53006362915039,28.143287357339783,28.199544407230132,17728700
2015-03-13,28.065927505493164,28.530059501031268,27.85495890435972,28.438638790249296,17438400
2015-03-16,28.33315086364746,28.375342966910285,28.12218229950082,28.12921342250768,15238800
2015-03-17,28.48787498474121,28.642586599936458,28.354262115098585,28.600391791443496,21661800
2015-03-18,28.5511531829834,28.6847686759295,27.9885693991898,28.46676628606713,26247500
2015-03-19,28.143293380737305,28.494908736294825,28.101098572329985,28.46677886402328,16057600
2015-03-20,28.586332321166992,28.593363448627592,28.136262367925028,28.17845718052624,31608500
2015-03-23,28.565223693847656,28.790257251331127,28.480836780444257,28.579288626516824,17060500
2015-03-24,28.459732055664062,28.825412145863964,28.459732055664062,28.769152432320535,13485700
2015-03-25,28.4456787109375,28.621486363436976,28.29800092666479,28.544130567119304,22811300
2015-03-26,28.37535285949707,28.52303332023577,28.29096594094051,28.36832173403893,17359600
2015-03-27,28.18547821044922,28.466768785740665,28.10812243039539,28.466768785740665,14384400
2015-03-30,28.48787498474121,28.558199665562814,28.087033693201054,28.20658430929164,12561400
2015-03-31,28.5159969329834,28.762129223544814,28.375350293035662,28.487867068471544,16604800
2015-04-01,28.60741424560547,28.69883495307952,28.290960014050082,28.684770022498036,14300700
2015-04-02,28.60741424560547,28.741027062212765,28.46676762240183,28.64257523075358,14343100
2015-04-06,28.951995849609375,29.261418959251888,28.544123590459552,28.670705283929447,19843400
2015-04-07,28.8394832611084,29.09264668469165,28.811356078297074,28.867613126531342,9773400
2015-04-08,28.755096435546875,28.895743080480862,28.6496134638051,28.818387291636586,8954700
2015-04-09,28.867616653442383,28.888715396393145,28.572261078251167,28.691808996987056,12710900
2015-04-10,28.748065948486328,28.944969646196856,28.726967207580426,28.895743721769225,8720000
2015-04-13,28.621484756469727,28.811357332422098,28.621484756469727,28.811357332422098,9616300
2015-04-14,28.48787498474121,28.58632953789145,28.354262115098585,28.544134729398493,11209700
2015-04-15,28.4105281829834,28.698852731992613,28.35426842580459,28.544141082363762,11189100
2015-04-16,28.5511531829834,28.73399458934825,28.340184599387186,28.417540372648382,13121000
2015-04-17,28.34018325805664,28.593346619434403,28.199536648112222,28.45973381542323,15330300
2015-04-20,28.593351364135742,28.762127860597538,28.41754374318493,28.424574867673943,13023700
2015-04-21,28.677736282348633,28.8254167124908,28.50896248020218,28.600380505276835,19673100
2015-04-22,29.050460815429688,29.233299614768512,28.881684269214297,29.226268488206795,26887200
2015-04-23,28.79729652404785,29.120781988994125,28.77619777973423,28.994200253560866,17408800
2015-04-24,28.755096435546875,28.91683913830689,28.698839387140254,28.860582089900273,11623300
2015-04-27,28.712905883789062,28.93793945489561,28.6777422086816,28.832453794796763,10044600
2015-04-28,28.670717239379883,28.811363922173957,28.551166620090598,28.797298985633315,12174800
2015-04-29,28.47381019592285,28.65664898455476,28.410519330124874,28.593358118756786,11371400
2015-04-30,28.523035049438477,28.537099983819214,28.326128650720065,28.410518257004497,12700800
2015-05-01,28.769161224365234,28.783226157049427,28.480836810868315,28.537096541605088,10848300
2015-05-04,28.804323196411133,28.902775045944075,28.670710355275244,28.748066146368757,10204800
2015-05-05,28.65663719177246,28.930896603163088,28.607411281143936,28.930896603163088,11721300
2015-05-06,28.593351364135742,28.89574068678005,28.403478811595495,28.86057969911217,11906900
2015-05-07,28.621484756469727,28.76916253245099,28.487869231200428,28.50193416452413,13834700
2015-05-08,28.818391799926758,28.952004658079776,28.726971064026248,28.832456734881607,11144400
2015-05-11,28.790260314941406,29.106714627142992,28.74806819505579,28.81839018327308,10113500
2015-05-12,28.614452362060547,28.804324947392654,28.494904446821,28.670712098134594,12384500
2015-05-13,28.867616653442383,29.08561911318729,28.635551941879562,28.65664800221838,13183700
2015-05-14,29.18406105041504,29.254383016046326,29.015284577244508,29.043414436541436,9961000
2015-05-15,29.19814109802246,29.317689038016344,29.134850223139694,29.14891516007058,8479000
2015-05-18,29.05747413635254,29.177024675541958,29.008248232748233,29.177024675541958,11511700
2015-05-19,29.050460815429688,29.10671787576002,28.923879076421194,28.994201072487158,9072000
2015-05-20,29.07859230041504,29.2473688715658,29.050465107400406,29.092657238228654,10965200
2015-05-21,28.994184494018555,29.05747532733399,28.88166775508119,29.015280544253482,9270900
2015-05-22,28.980134963989258,29.001233708044982,28.86058703899252,28.916844097046255,11909500
2015-05-26,28.825422286987305,28.95903512974333,28.649614644229086,28.91684032974113,15194300
2015-05-27,28.916845321655273,28.973105064703653,28.712910459635385,28.79026358240861,9863100
2015-05-28,28.930904388427734,29.04342116908689,28.748065625835984,28.97309918715429,9395200
2015-05-29,28.804323196411133,28.95903477859816,28.670710355275244,28.95903477859816,19628600
2015-06-01,28.790260314941406,29.12077956130883,28.74806819505579,29.085618567200186,12684100
2015-06-02,28.825422286987305,28.944970196409265,28.607419844226886,28.71993662828768,11878600
2015-06-03,28.74102783203125,28.980126293098248,28.67773698402495,28.902770514133735,8153800
2015-06-04,28.54412841796875,28.818387906000428,28.501933618805538,28.62851533368349,10145800
2015-06-05,28.199535369873047,28.49489350562932,28.185473123865886,28.466763648393325,15975600
2015-06-08,28.241741180419922,28.31206316835058,28.14328932427225,28.1995463780944,14339300
2015-06-09,28.269861221313477,28.424570077502562,28.206570381132643,28.24876248617923,10772700
2015-06-10,28.361295700073242,28.508973504711665,28.326132018634546,28.354261890740602,11979900
2015-06-11,28.43218421936035,28.538540109117466,28.38255219207173,28.43927605454023,11944900
2015-06-12,28.332929611206055,28.4463746692239,28.247846493878555,28.389653492586742,15568600
2015-06-15,28.070585250854492,28.26202427177426,28.056404282111185,28.240754171030915,11364800
2015-06-16,28.418006896972656,28.474728056571703,28.077669120407492,28.098941921907013,12517400
2015-06-17,28.55272674560547,28.58817781431792,28.368376860711663,28.418011602600895,13898400
2015-06-18,28.822162628173828,28.88597564015606,28.474735628549805,28.474735628549805,16314600
2015-06-19,28.644906997680664,28.82216507884269,28.644906997680664,28.779622165656082,23550600
2015-06-22,28.701618194580078,28.935600078610523,28.687437228450108,28.72288829140367,8775900
2015-06-23,28.630714416503906,28.729978468942832,28.581082390284443,28.666165477411727,11094900
2015-06-24,28.495994567871094,28.68034439904363,28.495994567871094,28.623620541839042,10385100
2015-06-25,28.375473022460938,28.60236314249638,28.375473022460938,28.55982023071089,10607600
2015-06-26,28.361289978027344,28.609450183437726,28.361289978027344,28.432192121075058,16215600
2015-06-29,27.935869216918945,28.34710647842999,27.935869216918945,28.219480468540286,15500800
2015-06-30,27.815332412719727,28.084765401507656,27.737338439275078,28.084765401507656,14621300
2015-07-01,28.006778717041016,28.077680872401807,27.850790729554653,27.921695589659297,11177400
2015-07-02,27.999685287475586,28.226575395511517,27.90041849855936,28.098949371648377,8975900
2015-07-06,27.95004653930664,28.077672544898792,27.808242270642516,27.87914440497458,10252600
2015-07-07,28.538541793823242,28.630716723404564,27.93586559560235,27.999678592275146,20335000
2015-07-08,28.26201820373535,28.524359307302078,28.247837238036794,28.354193128404663,11383700
2015-07-09,28.304563522338867,28.772527360916484,28.290385258815125,28.687441551315207,13392000
2015-07-10,28.637807846069336,28.729982782061587,28.47473077761719,28.552724746168863,13360400
2015-07-13,28.829242706298828,28.907236663641847,28.708708557490592,28.758340584028407,9854200
2015-07-14,29.190853118896484,29.254666122338712,28.95687390943704,28.999416813312884,19531000
2015-07-15,29.162498474121094,29.32557557417775,29.14122566646605,29.176679444309954,11252100
2015-07-16,29.41065216064453,29.49573525814356,29.318477227253894,29.368109259523568,10483700
2015-07-17,29.247573852539062,29.29720588269728,29.10576689291153,29.29011675185016,9608300
2015-07-20,29.33974838256836,29.453193407777356,29.226303357359363,29.31847558083103,10024200
2015-07-21,29.205028533935547,29.439010403649757,29.14121554262645,29.339746351556176,13653800
2015-07-22,28.999412536621094,29.488643687700026,28.77961162279235,28.935599542589696,15528600
2015-07-23,28.956872940063477,29.084498942675463,28.701620934839504,29.06322884382113,13522200
2015-07-24,28.673255920410156,28.94978069953314,28.651985823840196,28.900145966298734,10912500
2015-07-27,28.74416160583496,28.77252353860095,28.47472865404362,28.55981174759881,10945700
2015-07-28,28.751253128051758,28.878879131371274,28.6732591588295,28.822157965864267,11021800
2015-07-29,28.77961540222168,28.86469850385603,28.70871326831689,28.737072499032987,8479900
2015-07-30,28.758344650268555,28.893059783527224,28.63780777967461,28.75125281419322,9095500
2015-07-31,29.12704849243164,29.22631258272967,28.907247503383438,28.985241489972918,15309500
2015-08-03,29.45319938659668,29.46028851878634,28.956876286278234,28.963965418467893,14672600
2015-08-04,29.672988891601562,29.687169856540315,29.311383752262113,29.43191789712776,17559900
2015-08-05,29.864439010620117,29.93534386178519,29.65172986661192,29.722632013033483,15329200
2015-08-06,29.72262191772461,29.95660378998198,29.68008172621788,29.77934577939037,11378900
2015-08-07,29.61627960205078,29.758086603509344,29.446110659351785,29.64464154329121,10886700
2015-08-10,29.552471160888672,29.77227218240836,29.481569001556643,29.701367318332327,9501900
2015-08-11,29.41065216064453,29.47446515995453,29.1908512286339,29.353930997226147,11254900
2015-08-12,29.25466537475586,29.25466537475586,28.96396230089067,29.162493142494878,9602200
2015-08-13,29.14122200012207,29.339752853044875,29.077408994672446,29.268848011021316,10270900
2015-08-14,29.247573852539062,29.247573852539062,29.041953896316276,29.077404960037462,9904800
2015-08-17,29.318490982055664,29.389395850522366,29.0490605961147,29.09160081245055,8272800
2015-08-18,29.283021926879883,29.446098967143723,29.205027971809674,29.268840961890525,11199400
2015-08-19,28.914325714111328,29.240482507985167,28.914325714111328,29.169577681167993,15796500
2015-08-20,28.751253128051758,28.94269213303103,28.659078191266996,28.729983029079506,14218000
2015-08-21,28.028039932250977,28.694531882105178,28.013858964728225,28.474730942617068,28036200
2015-08-24,27.212663650512695,27.609720054447504,25.922224928236773,26.93614145355984,44065300
2015-08-25,26.936134338378906,27.850783816369677,26.893591432876214,27.74443060972773,31363700
2015-08-26,27.460817337036133,27.531722181316642,26.865230168796092,27.474998305892235,23523300
2015-08-27,27.843687057495117,27.921681010514206,27.368634209443602,27.694790986136372,18871600
2015-08-28,27.9713191986084,27.98550016635001,27.68770525326216,27.730248156487008,14503900
2015-08-31,27.87913703918457,27.971311953257675,27.694789915780692,27.7586029017171,12673300
2015-09-01,27.47498893737793,27.673517024182082,27.326092872274813,27.418265081295413,23703200
2015-09-02,27.58135414123535,27.70188831905339,27.340283080856036,27.673526381422118,14054800
2015-09-03,27.765695571899414,27.893321560046346,27.538805527358793,27.581348424988665,13311600
2015-09-04,27.311920166015625,27.50335918106223,27.212656092601048,27.425365207738448,15450500
2015-09-08,27.58135414123535,27.673526381422118,27.368642313744065,27.56008133564028,15273900
2015-09-09,27.15593147277832,27.801150636977408,27.085029337929523,27.737337633716265,13764600
2015-09-10,27.241010665893555,27.40409042117797,27.120476513001147,27.163019410650474,14952500
2015-09-11,27.269620895385742,27.31252964523281,27.06221951053872,27.18379793933989,11802300
2015-09-14,27.248167037963867,27.333990004232557,27.069373283835034,27.333990004232557,8950000
2015-09-15,27.534238815307617,27.627212333638266,27.119435985967996,27.22671333236307,13019800
2015-09-16,27.999103546142578,28.02770847395967,27.512784306960942,27.655817130575112,22233400
2015-09-17,28.163593292236328,28.32808322086127,27.92043367423071,27.999103363611383,21232500
2015-09-18,27.877525329589844,28.106381145461704,27.684427723414867,27.79170508068203,27527300
2015-09-21,28.027708053588867,28.113531020281645,27.848914298576542,27.927583987290156,12935800
2015-09-22,27.74163818359375,27.884673725510638,27.591452092260237,27.66296849913066,15021300
2015-09-23,27.720182418823242,27.806005385027184,27.569996320230615,27.741639524462318,8910800
2015-09-24,27.999103546142578,28.03486175204612,27.541389234778038,27.548542512864486,19385700
2015-09-25,28.33523178100586,28.66421434333059,28.127833111410563,28.19934951772949,22511300
2015-09-28,28.270870208740234,28.478271637945014,28.127837374424534,28.263719658295024,19323100
2015-09-29,28.36383819580078,28.399596397398238,28.127831882716848,28.263714140057544,14166900
2015-09-30,28.692821502685547,28.771491192666407,28.463965710837353,28.52118102288752,19752600
2015-10-01,28.463964462280273,28.943133131065103,28.320928916605272,28.764339381015382,19606600
2015-10-02,28.885915756225586,28.885915756225582,28.149286431704972,28.292321967153146,15537300
2015-10-05,29.329328536987305,29.357936194663452,28.91452841338877,28.928832242226843,15664000
2015-10-06,29.293569564819336,29.565336849300525,29.272115186210087,29.35078487867909,14579400
2015-10-07,29.694063186645508,29.75842903896459,29.393688299764523,29.422295951500967,14329700
2015-10-08,30.023054122924805,30.030207402597664,29.508127113552323,29.508127113552323,11960200
2015-10-09,30.051652908325195,30.123169314867592,29.88000971317699,29.908617367064362,13931200
2015-10-12,30.037349700927734,30.244751103624974,29.901467434424074,29.91577126166279,12299100
2015-10-13,29.787033081054688,29.972977338456843,29.70836341240072,29.894307669802874,12903600
2015-10-14,29.808507919311523,30.008756138336416,29.722687643754764,29.722687643754764,14180000
2015-10-15,29.980131149291992,30.05880082650789,29.75127539457799,29.94437294915089,11801600
2015-10-16,30.051652908325195,30.187535172026166,29.95152884789542,30.151776968754966,20384200
2015-10-19,30.030210494995117,30.080272545152994,29.89432544898621,29.9658446121954,15553800
2015-10-20,30.244739532470703,30.32340918809784,30.0373382091219,30.0373382091219,16199300
2015-10-21,30.173221588134766,30.409230564124627,29.82993803702009,29.99442790141826,19254900
2015-10-22,30.924171447753906,31.360425951897184,30.330574825895614,30.352029205132187,35920200
2015-10-23,30.60234260559082,30.97423397794584,30.573734947368948,30.97423397794584,18796100
2015-10-26,30.459293365478516,30.673845249449137,30.366319882093663,30.580871766064288,14788600
2015-10-27,30.473609924316406,30.588037825469787,30.38063640207417,30.39494023074039,30166600
2015-10-28,30.559425354003906,30.638095035186815,30.187534051796675,30.573729180416795,13667300
2015-10-29,30.60234260559082,30.68101230161275,30.280513271035858,30.509369080457954,9427400
2015-10-30,30.28765869140625,30.652399451514558,30.287658691406254,30.609487971450054,15356200
2015-11-02,30.20899772644043,30.294817975409078,29.965838080882154,30.266210316360688,16252200
2015-11-03,30.151769638061523,30.26619749761454,29.9014595478441,30.16607346152757,9693100
2015-11-04,30.015888214111328,30.316260330445107,29.958672918709404,30.230440115517663,10488500
2015-11-05,30.273347854614258,30.287648948526087,30.023035060355504,30.037338882442445,9625100
2015-11-06,30.008743286132812,30.19469031974163,29.75843311955503,30.015896564135723,11926700
2015-11-09,29.708372116088867,29.88716587789271,29.565336561010533,29.822800014516275,10842700
2015-11-10,29.87286949157715,29.901477155354893,29.629709805820273,29.636860357676223,8283100
2015-11-11,30.065948486328125,30.18037634230698,29.980125548212524,29.99442937123179,9101200
2015-11-12,29.73698616027832,30.073116649510876,29.72983288049091,30.04450898671499,10725000
2015-11-13,29.593942642211914,29.88001100896328,29.57963881464792,29.651155224291724,11619500
2015-11-16,30.008743286132812,30.03735094179205,29.601093741605446,29.629701397264682,11244900
2015-11-17,29.801345825195312,30.14463228225816,29.68691791556655,29.93007756454974,12739400
2015-11-18,30.23759651184082,30.287658540912666,29.808492626031875,29.872858481720815,12966300
2015-11-19,30.831180572509766,30.96706277816176,30.26619192638984,30.26619192638984,24090700
2015-11-20,30.344873428344727,31.167325714326488,30.323419052803334,30.97422814992618,19780800
2015-11-23,30.723918914794922,30.881258295849094,30.416393430830635,30.43069725894249,13338100
2015-11-24,31.00998878479004,31.181629258939154,30.509365733532178,30.537973388615747,15767200
2015-11-25,31.00998878479004,31.11011284940638,30.924168547715478,30.98138112970647,10344900
2015-11-27,31.09645652770996,31.161315988508775,30.84422406944894,31.017183547945002,7236700
2015-11-30,30.71450424194336,31.09645561053656,30.70729885722163,31.07483395817624,16063000
2015-12-01,30.909101486206055,31.060439399620485,30.793796016590402,30.793796016590402,11153000
2015-12-02,30.822608947753906,30.937914364534386,30.692890010238617,30.86584950995833,12598500
2015-12-03,30.599206924438477,30.909090782171695,30.49831501710176,30.79378535248712,15004400
2015-12-04,31.19736099243164,31.334285354181432,30.685693233731165,30.685693233731165,16488000
2015-12-07,31.13251304626465,31.3054699095268,30.988380494146337,31.211786087384706,12030700
2015-12-08,30.995563507080078,31.16852299457206,30.844225673710714,31.024390546511707,10736200
2015-12-09,30.74334716796875,31.18295008882644,30.62804170914534,30.829825574811565,12945500
2015-12-10,30.815406799316406,31.03881229045972,30.64965540231273,30.793787888563305,15483300
2015-12-11,30.462289810180664,30.865860284336097,30.368603267250148,30.72172777577352,17313400
2015-12-14,30.592004776000977,30.8154075232944,30.246088450331747,30.491112857984774,20092900
2015-12-15,31.0388240814209,31.161337703458578,30.81541850541076,30.873072621451918,17916400
2015-12-16,31.593725204467773,31.644171169681634,31.168535819737457,31.168535819737457,21868600
2015-12-17,31.34148597717285,31.629748156341904,31.291037277992718,31.572096820147333,14697000
2015-12-18,30.628036499023438,31.291042087199713,30.628036499023438,31.24780426568297,24583700
2015-12-21,30.829824447631836,30.945129902239525,30.599213538416457,30.85865149855848,10444400
2015-12-22,31.19736099243164,31.26942586722653,30.77937702114477,30.88747708243586,12280800
2015-12-23,31.471214294433594,31.514454875060515,31.24060336262165,31.26943041637293,9092300
2015-12-24,31.377527236938477,31.507246216257474,31.2910460846599,31.341494798038507,3036600
2015-12-28,31.34148597717285,31.363104884608553,31.211767034362442,31.305450799315885,6326100
2015-12-29,31.500051498413086,31.550497484183406,31.34871354110212,31.377540604142315,7739800
2015-12-30,31.399147033691406,31.543279542444495,31.31266862807913,31.528866016659293,5112500
2015-12-31,30.959543228149414,31.233394711989614,30.894683738531967,31.20456766124878,9727900
2016-01-04,30.555986404418945,30.628051307856314,30.246102371258527,30.51274581289661,16084100
2016-01-05,30.664072036743164,30.721726136731856,30.390220559994468,30.491115234974682,15781900
2016-01-06,30.498319625854492,30.63524398520303,30.2965357806885,30.411841227797456,16245100
2016-01-07,29.99386215209961,30.34698668778938,29.871351297310785,30.015483816961694,20563600
2016-01-08,29.914581298828125,30.354184131604693,29.842516432414907,30.015475960544443,14645900
2016-01-11,29.965042114257812,30.166826021042183,29.756050068459967,29.965042114257812,15815200
2016-01-12,30.354188919067383,30.59200796411701,30.174023975520285,30.4839078983492,21814800
2016-01-13,30.15959930419922,30.678475029567963,30.11636149315039,30.390210126785803,16854300
2016-01-14,30.181228637695312,30.390217858831818,30.008269102201133,30.260501643584373,16028000
2016-01-15,29.907377243041992,29.972236725340245,29.49660143818593,29.511014961929824,21153600
2016-01-19,30.21004867553711,30.354181143272314,30.01547300555747,30.10195138655933,15462200
2016-01-20,29.820899963378906,29.99385675656784,29.3668835703353,29.871345923817234,19923500
2016-01-21,29.82809829711914,29.9145766732629,29.611900982210727,29.871338859740025,15568900
2016-01-22,30.310949325561523,30.440668297283512,29.8713464490702,30.008270808510648,15209200
2016-01-25,30.383005142211914,30.628029488080475,30.217253783109342,30.44065922316823,12505200
2016-01-26,30.325366973876953,30.628042782988338,30.217266899709127,30.383018330760468,13018500
2016-01-27,30.332563400268555,30.599206688905756,30.130779587148325,30.397422875785526,14167000
2016-01-28,30.678483963012695,30.786584020308748,30.31094871658369,30.397427112961342,16622800
2016-01-29,30.930706024169922,31.175730376838185,30.736130368287384,30.887468211350676,20457000
2016-02-01,30.988357543945312,31.09645756524933,30.67847374857804,30.700092653199746,17097800
2016-02-02,30.584794998168945,30.83702752877187,30.563176088068115,30.77216804937094,12332900
2016-02-03,30.786592483520508,30.945135795613197,30.46950036113631,30.844243847254372,15958300
2016-02-04,30.64964485168457,30.909082687808755,30.555961104604503,30.64243946694671,14413700
2016-02-05,30.584794998168945,30.981160010673765,30.455076039367086,30.937919441373666,17315700
2016-02-08,30.736143112182617,30.77217555417117,30.195648235057007,30.39022397161501,17254400
2016-02-09,31.204561233520508,31.341488321784865,30.455074563236362,30.455074563236362,24853800
2016-02-10,30.664072036743164,31.26942634113045,30.63524498674882,31.233393903186915,16729600
2016-02-11,30.56317901611328,30.707311511823505,30.253295112520846,30.289327549173723,16825300
2016-02-12,31.0676326751709,31.089251581287893,30.671270484804367,30.78657589925823,15222400
2016-02-16,31.247802734375,31.31986759943703,31.002778344426368,31.218975688710838,12675900
2016-02-17,31.34148597717285,31.43516974212629,31.190145377828642,31.291037277992718,12332500
2016-02-18,31.427980422973633,31.514458846024993,31.204574851899817,31.44239395166544,11170300
2016-02-19,31.543283462524414,31.54328346252441,31.190158909649305,31.406359074196953,12850000
2016-02-22,31.6657772064209,31.82432317496108,31.442374522493704,31.543266411892798,20716100
2016-02-23,31.485620498657227,31.745058423882636,31.464001587921285,31.521655682015158,11166400
2016-02-24,31.6441707611084,31.6657896747498,31.25501382096987,31.39194093829577,10844200
2016-02-25,31.8243408203125,31.83875434808951,31.61534879119487,31.680208291641744,10903300
2016-02-26,31.089256286621094,31.7522645819,31.067637377232092,31.73785105927455,18421000
2016-02-29,31.082050323486328,31.427966612787547,30.930709713274684,31.11087461910438,15049800
2016-03-01,31.485620498657227,31.485620498657227,31.110877134342587,31.262217756789752,12358300
2016-03-02,31.543283462524414,31.54328346252441,31.291050853585254,31.327086047076055,12856300
2016-03-03,31.68019676208496,31.69461028461637,31.37752103622029,31.42796699053107,13134800
2016-03-04,31.78829002380371,31.817117062715663,31.478406228244566,31.550471076426707,13691500
2016-03-07,31.716236114501953,31.809922656849828,31.60813879557649,31.644171235218312,10695300
2016-03-08,31.93963050842285,32.04773053877622,31.572095353597735,31.651365593545844,18900200
2016-03-09,32.292762756347656,32.307176280511605,31.918019375380844,31.99008424710196,18466600
2016-03-10,32.59544372558594,32.61706264073747,32.199081369579694,32.314386832219675,28908600
2016-03-11,32.827850341796875,32.864163780817286,32.63175444644127,32.68259381517741,16129300
2016-03-14,32.893211364746094,32.98762573981951,32.71164142270692,32.71164142270692,13206700
2016-03-15,32.856903076171875,33.089312416736696,32.733434055569255,32.74069840588946,13686300
2016-03-16,32.718902587890625,32.80605538321762,32.35576270840119,32.718902587890625,15386100
2016-03-17,33.241825103759766,33.343503827351235,32.660801847138906,32.71890278753228,24080000
2016-03-18,33.11835479736328,33.31445065821605,32.96583671799023,33.29266315274485,23853400
2016-03-21,33.169189453125,33.31444593358659,32.94404454041962,32.98761954518224,9740400
2016-03-22,33.04573059082031,33.21277461079292,32.96583937028177,33.08204402637305,13788300
2016-03-23,33.01667404174805,33.19824396424407,32.93678283256385,32.97309903349277,9292100
2016-03-24,33.103824615478516,33.11834776901902,32.82057325177764,33.00940749424489,10890200
2016-03-28,33.26362609863281,33.35804328191322,33.05300421690673,33.08932043623358,13306600
2016-03-29,33.75748062133789,33.77926812608728,33.270874545020035,33.30718797644809,25010400
2016-03-30,33.83012390136719,33.93906423959648,33.648553900446686,33.86643734744362,14312200
2016-03-31,33.69211959838867,34.04799792068928,33.6412802338511,33.80832425597993,15544500
2016-04-01,34.01168441772461,34.04073350416206,33.4887620743244,33.51054958178688,14922900
2016-04-04,34.055267333984375,34.08431919769987,33.77201858910381,34.01895388960911,10629800
2016-04-05,33.793800354003906,33.99716059488686,33.72843505703042,33.8591656509774,10696700
2016-04-06,33.92452621459961,33.939052141960055,33.6848553394956,33.82284749361382,9122700
2016-04-07,33.67032241821289,33.83010481545084,33.525065945318104,33.77200111807821,9292000
2016-04-08,34.040733337402344,34.12062455842351,33.728432802794636,33.728432802794636,11959300
2016-04-11,33.728431701660156,34.22956651878232,33.7066441950157,34.06252250325409,11880100
2016-04-12,33.880950927734375,33.96083937176162,33.66306478963557,33.7066425713628,11219100
2016-04-13,33.437931060791016,33.97537669636469,33.278148578061305,33.96811511557619,13234100
2016-04-14,33.28539276123047,33.56864133950768,33.227289067975356,33.45243672353404,12982200
2016-04-15,33.481502532958984,33.525080324679564,33.17646630252886,33.27814504600557,13647800
2016-04-18,33.56864547729492,33.61222048207088,33.278132516282895,33.48148992666916,11538100
2016-04-19,33.84463882446289,33.859164753465045,33.51781511879635,33.634019780275885,14418300
2016-04-20,32.225032806396484,32.958576929859795,31.999887849532225,32.929525073962,40360300
2016-04-21,31.70936393737793,32.15965646693883,31.13560244793983,32.14513054398054,37206900
2016-04-22,32.348506927490234,32.43565973843714,31.803797010630763,31.803797010630763,25134200
2016-04-25,32.47197341918945,32.47923776963592,32.232302494676624,32.31945530626875,11173800
2016-04-26,32.34123992919922,32.6535404776058,32.26861305444602,32.62448861948945,13935500
2016-04-27,32.450191497802734,32.580922122975544,32.137890867727506,32.42113963208913,11335500
2016-04-28,32.41386032104492,32.60995615154272,32.29039134456695,32.319443194389635,10932500
2016-04-29,32.53734588623047,32.58092368689265,32.319462423996626,32.34124993905845,11716000
2016-05-02,32.66807556152344,32.82059370356925,32.370300858727035,32.370300858727035,12577500
2016-05-03,32.56639099121094,32.7334350365896,32.42839880690804,32.58817850174877,10420500
2016-05-04,32.66807556152344,32.76249274159209,32.32672305934032,32.47924397192459,9350500
2016-05-05,32.72616958618164,33.03847012946644,32.58817464766095,32.63175243412079,8801100
2016-05-06,32.91500473022461,32.980370031815504,32.62449166303443,32.72617317592755,8564000
2016-05-09,32.856903076171875,33.04573462642909,32.80606093554406,32.91500402604414,8110600
2016-05-10,33.22730255126953,33.2926678474378,32.987628875139976,33.00215480434823,8933500
2016-05-11,33.01667404174805,33.321712952220686,33.00941246388455,33.21276989050821,8833100
2016-05-12,33.28539276123047,33.3362321075604,33.038457605969406,33.08203260537415,10463400
2016-05-13,32.93679428100586,33.285411091446015,32.849641463664874,33.22730736619329,10341200
2016-05-16,33.132877349853516,33.21276855582722,32.784263445134926,32.79878937081533,9413600
2016-05-17,32.50102615356445,33.0893138813355,32.47197429207348,33.009422647504344,17457000
2016-05-18,32.30491638183594,32.55911590499447,32.12334648123848,32.3630200798848,12524300
2016-05-19,32.18871307373047,32.23955242633562,31.985355663309853,32.13787372112532,10659500
2016-05-20,31.92000389099121,32.348509166062136,31.912739540095817,32.326718883914054,12914100
2016-05-23,31.934524536132812,32.0725167043844,31.91273425759167,32.00715140983625,13554700
2016-05-24,32.225032806396484,32.261346241,31.95631006568553,32.028936934892556,12634200
2016-05-25,32.232303619384766,32.413873599351156,32.137886454051596,32.32671801417991,9218100
2016-05-26,32.45744323730469,32.51554695111385,32.275873287457415,32.34123858022394,8695800
2016-05-27,32.522804260253906,32.65353482862374,32.42838989351574,32.47196490261422,7893900
2016-05-31,32.39208221435547,32.668069350253546,32.145146939191484,32.668069350253546,18935200
2016-06-01,32.46470642089844,32.52280736208346,32.31218833343311,32.39207678124533,8916000
2016-06-02,32.47923278808594,32.47923278808594,32.319450349225626,32.46470685995886,6693900
2016-06-03,32.71165084838867,32.71891242912615,32.45018961322766,32.50102899000471,13434900
2016-06-06,32.95131301879883,33.031204238311425,32.740693987082686,32.747955565884965,10310600
2016-06-07,32.91500473022461,33.03120940299309,32.82785191828273,32.93679224057559,9812600
2016-06-08,33.08203125,33.16192243968434,32.820570182137246,32.856886374202105,7915400
2016-06-09,33.23455047607422,33.26360232255467,32.907726900047194,32.922252823287415,8042900
2016-06-10,33.401607513427734,33.4161306706122,33.08930699375064,33.132882006378885,12357000
2016-06-13,33.02104187011719,33.42355845401441,32.999087283001394,33.284508082641544,10613500
2016-06-14,32.96249771118164,33.02836426898319,32.52338639524335,32.82344453816509,11298200
2016-06-15,32.94053268432617,33.18204427079837,32.84539429430676,33.02103654648357,8360400
2016-06-16,33.16009521484375,33.18204980207976,32.72830398457203,32.83807971253579,11305400
2016-06-17,32.779544830322266,33.09424038719767,32.47948660071836,33.05764567312657,20805400
2016-06-20,32.918601989746094,33.16011375148314,32.90396465947852,32.999105910325106,10712400
2016-06-21,33.02836227416992,33.13813800268644,32.93322107602861,33.05031686151648,7919400
2016-06-22,32.83076095581055,33.17473102972719,32.794169048151744,33.11618174404623,10738900
2016-06-23,32.99177932739258,33.05764310732516,32.816134205552196,32.95518461616181,9655300
2016-06-24,32.150150299072266,32.6112162878675,32.0696464035288,32.34775000855594,26003700
2016-06-27,32.04035949707031,32.12086336182208,31.703709509729592,31.959855632318543,15779500
2016-06-28,32.333099365234375,32.34041662918606,31.959854692683077,32.24527823889777,16509800
2016-06-29,32.523380279541016,32.72097991578899,32.37701266020182,32.486788374706215,12250900
2016-06-30,33.17473220825195,33.17473220825195,32.559978645680886,32.58193323269938,16056500
2016-07-01,33.02104187011719,33.23327885151555,32.984449960996294,33.17473235527887,11799700
2016-07-05,33.24791717529297,33.4235594610789,33.04300024461478,33.05031750994595,12339100
2016-07-06,33.130821228027344,33.33573815771913,32.87467227412883,33.29914624767185,10902600
2016-07-07,32.999088287353516,33.313783740581854,32.91126714443374,33.24059712832887,9741100
2016-07-08,33.21133804321289,33.31379654797314,32.984463645683135,33.15278873090139,11127100
2016-07-11,33.35038757324219,33.496758058290325,33.013737411880825,33.189379760510754,10937800
2016-07-12,33.35769271850586,33.45283111823299,33.06495187929617,33.40160189013883,9739000
2016-07-13,33.47480010986328,33.489434644296,33.247925741172885,33.379658885343495,8028400
2016-07-14,33.438194274902344,33.621156604076916,33.35769319516375,33.46746891759833,7621200
2016-07-15,33.394290924072266,33.59189060904122,33.25523774291777,33.57725328514159,10621000
2016-07-18,33.394290924072266,33.44552016182895,33.28451239071704,33.43820010398709,7958300
2016-07-19,33.394290924072266,33.45283742788673,33.247920476859996,33.269875066817406,7761100
2016-07-20,33.30645751953125,33.49673988439019,33.218636392864276,33.48210256464848,8478200
2016-07-21,33.26255416870117,33.3064633438214,33.1235010027304,33.182050291935724,8045100
2016-07-22,33.540653228759766,33.54797049304116,33.26986699003028,33.299141630722666,8836100
2016-07-25,33.35038757324219,33.540670041340206,33.277203726610516,33.52603271365691,9134300
2016-07-26,32.84539794921875,33.40892225524414,32.80880604192538,33.321098327599756,15819900
2016-07-27,31.762264251708984,32.24528473149148,31.542707203984715,32.128188942204325,37461100
2016-07-28,31.94523048400879,31.974502341054464,31.630534988548373,31.667126903693593,13077800
2016-07-29,31.93059539794922,32.018416558810905,31.820816853033836,31.996461966541577,16530500
2016-08-01,31.798858642578125,32.07696221074495,31.7842213188026,31.974500944316297,12349700
2016-08-02,31.857406616210938,31.894001323230725,31.696401630817423,31.725673487935403,12825200
2016-08-03,31.937904357910156,31.98181632281193,31.74030470352763,31.95254167954408,12119100
2016-08-04,31.842771530151367,32.055008561934976,31.762270427687866,31.879366239743586,11244100
2016-08-05,31.820812225341797,32.018411902382,31.769582989640703,31.945228077604426,10398200
2016-08-08,31.79154396057129,31.850093265573744,31.630538955383592,31.784226693338244,8680300
2016-08-09,31.813507080078125,31.937920187956443,31.747640495970476,31.835461677518996,7281300
2016-08-10,31.91595458984375,31.974501093434835,31.835450704594958,31.9379091797174,8412100
2016-08-11,32.01841735839844,32.10623852145326,31.923276136548125,31.99646276558084,11303300
2016-08-12,32.22333908081055,32.3404349127201,32.047696728838645,32.135517904824596,10928900
2016-08-15,32.37701416015625,32.44288070862369,32.208686364907834,32.274552913375274,10390600
2016-08-16,32.07696533203125,32.384340785874606,32.07696533203125,32.384340785874606,9706100
2016-08-17,32.245277404785156,32.25259466854756,32.04035772625619,32.20868271062353,11208500
2016-08-18,32.274559020996094,32.39165481912141,32.201375194086786,32.2086924600641,9144300
2016-08-19,32.14282989501953,32.24529117392786,32.011099548563315,32.2379711152565,9385900
2016-08-22,32.01108932495117,32.16477700655274,32.00376926861767,32.157456950219235,8687500
2016-08-23,32.09159469604492,32.18673589862602,32.0110936080897,32.09159469604492,8421100
2016-08-24,32.09159469604492,32.15746125294201,31.952544316721685,32.06964010767385,11508900
2016-08-25,31.95985221862793,32.15745183142629,31.93058037330388,32.09158529382684,9815700
2016-08-26,31.70372200012207,32.14283060949506,31.69640473307245,31.99646293422703,11824900
2016-08-29,31.864727020263672,31.915956260506523,31.71103929953512,31.718356565948007,9544600
2016-08-30,31.645177841186523,31.857412102818532,31.55735387935466,31.806182854308947,9720100
2016-08-31,31.784215927124023,31.80617051317104,31.528069783963552,31.784215927124023,10217900
2016-09-01,31.725677490234375,31.769589469127254,31.615901730678974,31.62321899793552,8457800
2016-09-02,31.952539443969727,32.07695527326146,31.81348908585163,31.85008099148445,9026000
2016-09-06,32.04768371582031,32.0550009809376,31.76226291592295,32.01109180666645,8600400
2016-09-07,31.937904357910156,32.055000139197915,31.85740048481539,31.996453644445854,8656600
2016-09-08,31.93059539794922,32.0037792333699,31.798862260764505,31.95986725704687,10020400
2016-09-09,30.935287475585938,31.784233024739308,30.935287475585938,31.784233024739308,23624200
2016-09-12,31.608572006225586,31.637846649869108,30.98650118361103,31.001138505432788,15932300
2016-09-13,31.195388793945312,31.55692600564794,31.14374102292957,31.55692600564794,12962700
2016-09-14,31.069955825805664,31.29130379322781,30.98141720175523,31.18800826273695,9823900
2016-09-15,31.254417419433594,31.2765513749744,30.900260057818137,30.996175741556637,10158500
2016-09-16,31.09209442138672,31.180633058659293,30.966664919799946,31.11422837705673,16354000
2016-09-19,31.062589645385742,31.261803748178043,31.04783554703966,31.106860384204037,7659900
2016-09-20,31.239667892456055,31.37985433499315,31.16588614682457,31.217533931685246,8407200
2016-09-21,31.379838943481445,31.438866562708693,31.06257252661448,31.19538185528399,13654700
2016-09-22,31.697113037109375,31.734003900765146,31.497898995857227,31.51265590423803,9288300
2016-09-23,31.5347900390625,31.682353481355207,31.46838536419388,31.586437806783398,8852700
2016-09-26,31.025699615478516,31.520046361338824,30.996185788795692,31.512666497371406,15036000
2016-09-27,31.42411994934082,31.453633768620257,30.98880096604364,31.128987385731886,11920400
2016-09-28,31.09947395324707,31.54954699645604,31.0109325023208,31.453631313174665,15523800
2016-09-29,31.010940551757812,31.276559344297677,30.878131155487882,31.003563502895364,12671700
2016-09-30,31.224905014038086,31.35771438247244,31.03307082329549,31.14374342059569,14375700
2016-10-03,31.010940551757812,31.217534509618392,30.90764498012414,31.217534509618392,11152800
2016-10-04,30.870744705200195,31.239658957024005,30.826473981728082,31.239658957024005,13682700
2016-10-05,30.848617553710938,31.04045176854328,30.7453191761626,30.937156205587943,9607300
2016-10-06,30.77483367919922,30.944533938465106,30.67891797695745,30.75269971938851,9722900
2016-10-07,30.789594650268555,30.944538018559186,30.671542158057584,30.863379217021304,8122800
2016-10-10,30.789594650268555,30.981431709232275,30.693676120786694,30.929781105208633,8983600
2016-10-11,30.649415969848633,30.767468492004763,30.546120364786283,30.737954657817195,12249100
2016-10-12,30.826467514038086,30.870738228221775,30.619876477031102,30.715794950466538,12216300
2016-10-13,30.811723709106445,30.907642223322235,30.627266543472302,30.730564920485527,17655600
2016-10-14,30.745323181152344,30.92240332256641,30.708432305947476,30.87813258356455,9893800
2016-10-17,30.693668365478516,30.88550537597116,30.671534408341948,30.789586870724836,10792500
2016-10-18,30.966663360595703,30.988797315151245,30.789583280374185,30.84861091197882,11297300
2016-10-19,31.025699615478516,31.077347404876743,30.848622284568425,30.93716095002347,16367400
2016-10-20,30.93716049194336,31.06996989545616,30.90764666569754,30.966674318189177,10620500
2016-10-21,31.084720611572266,31.114231617341424,30.752697168981996,30.878126683631194,14401500
2016-10-24,31.401987075805664,31.556930410480454,31.1732591903861,31.22490696861103,13439200
2016-10-25,31.387235641479492,31.638097528591484,31.306074028797184,31.46101739050342,16484700
2016-10-26,31.313444137573242,31.74876311535459,31.29131018069048,31.726629158471827,16886200
2016-10-27,31.077341079711914,31.46839216718522,30.915020695180267,31.453635256847278,14537000
2016-10-28,31.15850257873535,31.33558268762641,31.06258406914466,31.180636536874417,13398400
2016-10-31,31.283935546875,31.291312594874178,31.077341613190253,31.077341613190253,13327500
2016-11-01,31.077341079711914,31.306068968060718,30.922397743052812,31.283935009850236,12223400
2016-11-02,31.025699615478516,31.23967063703885,30.996185788795692,31.06259049153533,12034300
2016-11-03,31.010940551757812,31.151129811483425,30.959292765940976,31.151129811483425,11258000
2016-11-04,30.760068893432617,31.018310555019397,30.760068893432617,30.878121339857554,14464200
2016-11-07,31.328197479248047,31.35771129479237,31.018310859809727,31.018310859809727,14038500
2016-11-08,31.638090133666992,31.71187186544556,31.261795983655407,31.261795983655407,12036600
2016-11-09,31.188013076782227,31.224903941281543,30.767451029386397,30.811718940948563,21351000
2016-11-10,30.206707000732422,31.18064069296754,30.140302302871245,30.88551089160148,33245500
2016-11-11,30.273096084594727,30.346880607825206,29.977966435448117,30.214071280602113,13421000
2016-11-14,30.376401901245117,30.560859049971434,30.140296976042855,30.346890896539378,19514200
2016-11-15,30.575613021850586,30.634640654776014,30.37639898261595,30.383778844027855,16554000
2016-11-16,30.442806243896484,30.730561756920796,30.369024511075498,30.546104610275638,12681400
2016-11-17,30.339515686035156,30.472325078647692,30.250977029157852,30.45756816673595,12398800
2016-11-18,30.184566497802734,30.398537457270056,30.177189450569514,30.27310513756443,16345300
2016-11-21,30.516592025756836,30.51659202575684,30.051759209321823,30.18456858544611,12307000
2016-11-22,30.52396583557129,30.767450604168317,30.428050152117166,30.582993469628452,12743500
2016-11-23,30.339515686035156,30.479704941900142,30.273110989728888,30.413300245593874,9281300
2016-11-25,30.64202880859375,30.678922499841445,30.42806059816188,30.538733228124542,7402300
2016-11-28,30.80434799194336,30.833861815222413,30.450190556373983,30.62726786686212,19424400
2016-11-29,30.618324279785156,30.893627970174993,30.610882028527826,30.893627970174993,11421900
2016-11-30,30.023069381713867,30.65552734099177,30.023069381713864,30.50671353655066,22410400
2016-12-01,29.88913345336914,30.052828901346114,29.67335644458398,29.993305090146137,20409900
2016-12-02,30.030515670776367,30.127245082426846,29.90402292655842,29.98587067192516,11176300
2016-12-05,30.223962783813477,30.276047181324003,29.99330412009165,30.015625193771367,15977800
2016-12-06,30.1867618560791,30.33557564575871,30.075150804222655,30.320693982952054,11303500
2016-12-07,30.722490310668945,30.722490310668945,30.142116815756523,30.164440729121544,13726500
2016-12-08,30.49184226989746,30.66297720992572,30.395112838268197,30.55880836281184,13077100
2016-12-09,31.25078582763672,31.41448132835129,30.722499415096884,30.878752663022,28125800
2016-12-12,31.176376342773438,31.258221244275397,31.042444193570333,31.25078183082519,17561900
2016-12-13,31.072206497192383,31.221020320358804,30.908513846258153,31.042446003269173,18986000
2016-12-14,30.662981033325195,31.243354857079986,30.551372756810142,31.168946501014723,17937900
2016-12-15,30.915950775146484,31.109409581229073,30.581120409532293,30.581120409532293,14265300
2016-12-16,31.057329177856445,31.07220800634691,30.863870346827664,30.960599762342056,19675200
2016-12-19,31.0052490234375,31.10197846109871,30.938285764735564,31.020130693722948,8687300
2016-12-20,30.9978084564209,31.042453465619396,30.834112927748016,31.027571795886562,10603500
2016-12-21,30.93082618713379,31.124284954106773,30.893623451450303,30.95314726086652,9693600
2016-12-22,30.915950775146484,30.9680351833101,30.56624158296043,30.930832440105714,11894100
2016-12-23,30.953147888183594,31.02011394912576,30.767131367609444,30.968029550435947,6436600
2016-12-27,30.960603713989258,31.072211972239195,30.90851929246167,30.92340096123928,6999200
2016-12-28,30.796894073486328,31.005231664060634,30.796894073486328,30.871302383253433,8988000
2016-12-29,30.953147888183594,31.02011394912576,30.7894552801814,30.7894552801814,6875300
2016-12-30,30.848987579345703,31.131733563168343,30.767139833629603,31.020122484757724,11470200
2017-01-03,31.101961135864258,31.109403386055494,30.71504643913723,30.8787418827028,14711000
2017-01-04,30.990352630615234,31.22845354348387,30.945707645057325,31.161487484340395,9959400
2017-01-05,31.064769744873047,31.146617496546504,30.901074241526135,30.997803660630026,8968300
2017-01-06,31.057329177856445,31.109413592736257,30.908515347462245,31.02756584410006,10246600
2017-01-09,30.744815826416016,30.938274632125584,30.662968088491763,30.677849753422294,14822500
2017-01-10,30.536470413208008,30.834095120819253,30.402538301347622,30.834095120819253,19706800
2017-01-11,30.543920516967773,30.59600492999238,30.3802278639137,30.39510669187419,9266200
2017-01-12,30.469514846801758,30.536480925785884,30.357903769032337,30.514157007199433,8541200
2017-01-13,30.41743278503418,30.536483285942055,30.276058363814442,30.506719951118125,8123500
2017-01-17,30.670421600341797,30.729945443529864,30.357912198842122,30.387675539630358,12469400
2017-01-18,30.722490310668945,30.78945637399011,30.610879259004683,30.69272698510688,10390500
2017-01-19,30.610891342163086,30.722502437884035,30.5290435837528,30.610891342163086,10987100
2017-01-20,30.744815826416016,30.834102977611852,30.60344426715699,30.707613083283363,14695400
2017-01-23,30.826671600341797,30.87875602198253,30.66297608182059,30.737384425870278,11628900
2017-01-24,31.176376342773438,31.22846075208715,30.856427635053517,30.856427635053517,17040100
2017-01-25,31.340070724487305,31.436800135035938,31.17637807400606,31.206138567846914,12538200
2017-01-26,31.10941505432129,31.332634391206035,31.094533386743926,31.273107720896576,8976800
2017-01-27,30.841548919677734,31.21358207229535,30.819225000417042,31.183818738872894,12967400
2017-01-30,30.789464950561523,30.863870446805784,30.662972200880997,30.729938282855926,11626200
2017-01-31,30.93082618713379,31.020113320451507,30.77457299423108,30.79689406796381,12678000
2017-02-01,30.700164794921875,30.997792358234054,30.69272538311313,30.893623562590832,11136100
2017-02-02,30.804340362548828,30.871306430926044,30.692729302457753,30.811779775307556,9459700
2017-02-03,30.90852165222168,31.0945382685614,30.848994972566576,30.93828499204923,11882400
2017-02-06,30.923391342163086,31.005236237399007,30.804340867362313,30.90106742674673,15742800
2017-02-07,31.176376342773438,31.235900165537355,31.00523861115703,31.0275625282825,13315200
2017-02-08,31.265666961669922,31.362396377568853,31.13173479762148,31.183819212708347,14219700
2017-02-09,30.692733764648438,31.265665135528383,30.2983795481988,31.265665135528383,27240300
2017-02-10,30.194198608398438,30.65551871785189,30.171874699060098,30.521586615367593,28847300
2017-02-13,30.223962783813477,30.380218814731844,30.134675650707827,30.335573828985627,23617100
2017-02-14,30.157005310058594,30.209089722397504,29.926346580668444,30.045397071498467,32177800
2017-02-15,30.09003448486328,30.23140887181359,30.060273995641186,30.075152821058662,26600800
2017-02-16,30.655532836914062,30.71505666632959,30.13468584718638,30.171888595369552,22214800
2017-02-17,30.67784881591797,30.77457821581674,30.543916674023453,30.60344333192647,15065100
2017-02-21,30.848987579345703,30.87875091204022,30.65553159360661,30.65553159360661,17072600
2017-02-22,30.953147888183594,31.012674537193007,30.804336942433753,30.886181827241426,11186800
2017-02-23,30.9978084564209,31.2507911651025,30.968045116955235,31.005247872093175,12856800
2017-02-24,31.087087631225586,31.183817040386167,30.9531554765071,31.027563806010452,13215300
2017-02-27,31.0052490234375,31.064775704579286,30.945725180684097,31.064775704579286,12186400
2017-02-28,31.221019744873047,31.30286748802529,30.98291876755064,31.012682099312826,15946800
2017-03-01,31.369831085205078,31.51120264231735,31.16149345611598,31.258220019114596,14662000
2017-03-02,31.600496292114258,31.667462371850487,31.30286864031154,31.310310892719816,15507600
2017-03-03,31.607938766479492,31.61538101960834,31.436803843558973,31.600499351738563,11740000
2017-03-06,31.384723663330078,31.570740279239626,31.340078653691993,31.503774183976656,16307800
2017-03-07,31.243349075317383,31.429365673474248,31.213585738399157,31.250788490352924,11273700
2017-03-08,31.243349075317383,31.273109573847577,31.05733247716052,31.250788490352924,14636000
2017-03-09,31.273107528686523,31.33263419863012,31.191259776707998,31.317752531144222,14496400
2017-03-10,31.466556549072266,31.548404275511757,31.362387747562718,31.42191156054519,16369700
2017-03-13,31.54913330078125,31.61669044790362,31.40651392949638,31.46656313613832,12831500
2017-03-14,31.504087448120117,31.601667736911597,31.39899922115118,31.51159252285814,9844500
2017-03-15,31.616682052612305,31.73678329744557,31.504088746265865,31.51159382131314,22757800
2017-03-16,31.71427345275879,31.81936171137488,31.451552806218558,31.549133124396192,16004200
2017-03-17,31.54913330078125,31.78933585422961,31.534120283260688,31.7367917246278,37526500
2017-03-20,31.661727905273438,31.781829175946633,31.57915774479058,31.601675838216757,11484200
2017-03-21,31.901926040649414,31.999509204419244,31.684241622793557,31.75930669624718,17187300
2017-03-22,31.811857223510742,32.05205978006457,31.714274040085648,31.946971519502313,11605500
2017-03-23,31.654224395751953,31.81936473983204,31.571657087152477,31.684250433482983,11503300
2017-03-24,31.616682052612305,31.71426520886419,31.45904970566356,31.69925219533009,13804400
2017-03-27,31.766815185546875,31.781828201850907,31.564143760602594,31.60918280951468,12387400
2017-03-28,31.849388122558594,31.946971305329495,31.70676875038599,31.70676875038599,14123800
2017-03-29,31.841886520385742,31.924456701978816,31.744306181631107,31.90944368137636,9580100
2017-03-30,31.976980209350586,31.991993220265957,31.721764750667322,31.78932186806698,11999900
2017-03-31,31.856891632080078,32.01452687755034,31.849386555362532,31.93946179317398,11551800
2017-04-03,31.834367752075195,31.999508044246078,31.729279516489964,31.961976940599875,11240000
2017-04-04,32.03704071044922,32.04454578616865,31.804343274989854,31.9094315157006,10946200
2017-04-05,31.9544734954834,32.17215793605931,31.924447462968086,32.01452556051402,10142800
2017-04-06,32.02953338623047,32.09709052276153,31.87940896144131,31.96197911313926,14597800
2017-04-07,31.984498977661133,32.08208214993681,31.909433897664453,32.007017069940126,11028800
2017-04-10,32.04453659057617,32.127106716994284,31.94695631702657,32.07456261171712,9426900
2017-04-11,32.022037506103516,32.0895946620349,31.91694923319707,32.03705052558168,8909400
2017-04-12,32.232215881347656,32.26974986389374,31.909443102849004,31.931964065064825,13417200
2017-04-13,32.11961364746094,32.33729808692932,32.11210570765028,32.179662848745984,9891900
2017-04-17,32.329795837402344,32.329795837402344,32.11211135961988,32.11961930075199,11318100
2017-04-18,32.63755416870117,32.72012433697939,32.34480747276235,32.35982049094388,13181600
2017-04-19,32.44989013671875,32.870245982939636,32.41986410553727,32.832714875682754,13893100
2017-04-20,32.34480667114258,32.50243906298134,32.31478063552366,32.42737683737441,10838300
2017-04-21,32.329795837402344,32.352313933917586,32.19468153142982,32.26223868441608,13833800
2017-04-24,32.48741912841797,32.60001530629636,32.38983882859243,32.457395962631516,16703800
2017-04-25,32.35981369018555,32.60001620372811,32.14212926746265,32.16464735828232,18745100
2017-04-26,32.45740509033203,32.60002447410442,32.26223870891659,32.32229078425689,13626600
2017-04-27,32.28474807739258,32.48741948171385,32.21719094261882,32.40484933216373,10386200
2017-04-28,32.38983917236328,32.4273702775745,32.16464681421641,32.247216963744954,10337800
2017-05-01,32.4423942565918,32.652570807557794,32.35231613751429,32.3898501188503,13208200
2017-05-02,32.56999206542969,32.607523173455654,32.39734667775824,32.4423857254534,11823900
2017-05-03,32.5174446105957,32.645053800940396,32.389838283690715,32.52495254949582,10389000
2017-05-04,32.77265548706055,32.88525164710048,32.57749205488919,32.59250220368451,10193100
2017-05-05,32.7951774597168,32.90777363309868,32.69759716378812,32.8702425297846,8133000
2017-05-08,32.9453125,32.96032551755139,32.682591851451484,32.720122963609796,14284300
2017-05-09,32.66007614135742,32.94531779378696,32.56249580675426,32.94531779378696,8694400
2017-05-10,32.70511245727539,32.74264357231548,32.547480056042694,32.63755530482702,7597700
2017-05-11,32.780181884765625,32.787689827486446,32.60003134764206,32.64507041364353,6860100
2017-05-12,32.720115661621094,32.78767279380579,32.622532501034385,32.75764676540378,7275800
2017-05-15,32.8252067565918,32.84772484813475,32.622535342385476,32.622535342385476,8493000
2017-05-16,32.915279388427734,33.11044571119658,32.85523019457249,32.93029240275147,10454100
2017-05-17,32.975337982177734,33.15548846289304,32.81019765532182,32.91528591297912,14538800
2017-05-18,32.87775802612305,32.99785931285962,32.75765673938647,32.93030216010526,13832200
2017-05-19,32.95281982421875,33.027882047131584,32.84772870332443,32.915285849322075,11796800
2017-05-22,33.16299819946289,33.19302423568849,32.88526452297715,32.94531373198793,12857900
2017-05-23,33.320621490478516,33.47825384243327,33.18550722782026,33.21553325584201,11996100
2017-05-24,33.80103302001953,33.846072070759824,33.410703170590885,33.410703170590885,12738300
2017-05-25,34.08626174926758,34.1388058569127,33.75598409214983,33.778502177300844,16704200
2017-05-26,34.07126235961914,34.19887157451732,34.026226171311755,34.041236325120714,11341400
2017-05-30,34.101280212402344,34.12379830115341,33.861077720925785,33.89860882332408,13093500
2017-05-31,34.13131332397461,34.3039587215926,34.05624824015799,34.101287290447964,14148000
2017-06-01,34.37151336669922,34.37151336669922,33.95115751820403,34.1162978271557,11049300
2017-06-02,34.44657516479492,34.44657516479492,34.236398674810566,34.40153898176394,9923700
2017-06-05,34.521636962890625,34.521636962890625,34.296444615368024,34.36400174693687,10015200
2017-06-06,34.514137268066406,34.57418933866684,34.36400995500566,34.45408806090631,9836700
2017-06-07,34.161338806152344,34.303961043336734,34.04123752735727,34.153833728982804,12776300
2017-06-08,33.876094818115234,34.16133352147758,33.80102974083048,34.16133352147758,12879000
2017-06-09,34.018714904785156,34.04123299673714,33.75599428721209,33.82355142650802,9358800
2017-06-12,34.026222229003906,34.138815550167465,33.928639059910225,34.01871428952905,11228500
2017-06-13,34.07919692993164,34.139743193071254,33.90513075391234,34.05649352475665,10023400
2017-06-14,34.28354263305664,34.41220202272714,34.17758953980167,34.19272610841028,11497500
2017-06-15,34.24569320678711,34.31380630323106,34.086763610752705,34.19271667477564,9908700
2017-06-16,34.291107177734375,34.32137742337095,34.064061569928704,34.291107177734375,27025300
2017-06-19,34.344085693359375,34.344085693359375,34.13217663967594,34.32137939906883,7624700
2017-06-20,34.51815414428711,34.71492375664932,34.29867823614855,34.32138164491971,14920900
2017-06-21,34.22300338745117,34.57113584656585,34.185160517847116,34.52572613524435,9515800
2017-06-22,34.10948181152344,34.26841147650587,34.07920866952515,34.185161779513436,7446300
2017-06-23,34.24569320678711,34.34407943209604,34.07919388503423,34.09433044946671,9544800
2017-06-26,34.381919860839844,34.442463232377385,34.28353363421126,34.29867019884677,7747100
2017-06-27,34.09432601928711,34.35921153192998,34.05648605662501,34.31380184453301,11432200
2017-06-28,34.298675537109375,34.4349017530268,34.230562429150666,34.24569899614204,9218800
2017-06-29,33.9278564453125,34.23814900380983,33.79163016236183,34.15489928789482,9283500
2017-06-30,33.942970275878906,34.14730958076504,33.942970275878906,33.973243407048265,9352800
2017-07-03,33.87485885620117,34.260834080263166,33.87485885620117,34.13974443657809,6434500
2017-07-05,33.92026138305664,34.048920726208316,33.85214829244792,33.897557981855144,6853600
2017-07-06,33.6024055480957,33.94296814788359,33.51915588610151,33.84458480825818,13113000
2017-07-07,33.5948371887207,33.69322341935241,33.48131727984224,33.65538344972625,9566000
2017-07-10,33.58728790283203,33.73865074744583,33.47376504762015,33.640264465395944,9672000
2017-07-11,33.549434661865234,33.66295458523218,33.413208444220906,33.54186493477111,10300700
2017-07-12,33.68566131591797,33.88243382170882,33.63268476905242,33.74620759062447,7737400
2017-07-13,33.62511444091797,33.70079438944697,33.57970473959759,33.67052414223836,6371900
2017-07-14,33.8143196105957,33.84459274696812,33.67809338392503,33.69322995211124,8558700
2017-07-17,33.8521614074707,33.89757111447057,33.7613448804763,33.79918485947352,7189200
2017-07-18,33.806758880615234,33.94298514354231,33.76891889358126,33.890008584293554,9037200
2017-07-19,33.9278564453125,33.935423289029146,33.71594729016347,33.80676384979512,6986900
2017-07-20,33.92026138305664,34.04135100113834,33.86728485558366,33.9808076355996,7430300
2017-07-21,34.07919692993164,34.10947006150145,33.80674451981283,33.88999418812744,8545600
2017-07-24,33.93540954589844,34.09433918264225,33.9278427052462,34.08677234199001,9103600
2017-07-25,34.23814010620117,34.27598008896353,34.011094435615775,34.07164071764005,14096300
2017-07-26,34.61654281616211,34.654382795763524,33.53430265493041,33.715935711819355,13608900
2017-07-27,34.90413284301758,35.13874536178299,34.586273514695776,34.66195348229457,15195200
2017-07-28,34.82086944580078,34.904119109607386,34.60896331029638,34.81330260682044,11945300
2017-07-31,34.69221115112305,34.873847034157045,34.654371184200585,34.81330077747757,13622900
2017-08-01,34.58626174926758,34.85871415915052,34.54842177834044,34.79060105667979,10306800
2017-08-02,34.50300598144531,34.81329830740067,34.34407639944471,34.51057281949115,10187900
2017-08-03,34.563560485839844,34.775469550471456,34.53329023689688,34.548426804870935,14261400
2017-08-04,34.434898376464844,34.631667954048304,34.41219497170648,34.56355485276851,9523600
2017-08-07,34.54084777832031,34.63166427470994,34.434894718031686,34.450031281930684,6226300
2017-08-08,34.510589599609375,34.67708898761719,34.47274961697276,34.54086274052091,5747900
2017-08-09,34.50300598144531,34.55598250877885,34.306236435207076,34.48030258030357,9635300
2017-08-10,34.61654281616211,34.69222277536494,34.40463373378449,34.48031657999271,8901600
2017-08-11,34.50300598144531,34.7376183789254,34.48786941834942,34.7073452527336,8357600
2017-08-14,34.66194152832031,34.76789460122054,34.52571532401868,34.563555294768086,8421200
2017-08-15,34.95710372924805,35.00251343464731,34.661947861665915,34.661947861665915,9638100
2017-08-16,34.964664459228516,35.07061752422243,34.904118200943714,34.92682449130276,8087300
2017-08-17,34.70734786987305,35.06304991193814,34.699778144252186,34.90411743094887,8477000
2017-08-18,34.563560485839844,34.73762957403889,34.53329023689688,34.66194673416862,10879800
2017-08-21,34.57112503051758,34.66194153774179,34.480308523293374,34.56355530416281,9429700
2017-08-22,34.510589599609375,34.62411243452482,34.46518277524769,34.586272451888206,10536700
2017-08-23,34.46516799926758,34.55598449606152,34.389485179435646,34.53328109361413,6528400
2017-08-24,34.36677551269531,34.51813823776477,34.29109559366251,34.465161717041035,7534400
2017-08-25,34.48787307739258,34.631666111553216,34.48030623854392,34.510576480943065,8807100
2017-08-28,34.37434768676758,34.57868696428654,34.344077446657,34.53328016061853,8024000
2017-08-29,34.397056579589844,34.487873080805315,34.24569381956104,34.35921661133377,7762200
2017-08-30,34.351654052734375,34.46517686819292,34.275974100432094,34.32895064444472,7134900
2017-08-31,34.47273635864258,34.54841918181354,34.31380676049031,34.359216454392886,14264600
2017-09-01,34.64680099487305,34.661937558840314,34.465168001274584,34.54084793410655,7391200
2017-09-05,34.75275421142578,34.76032393694554,34.548417814462624,34.62409774763384,9916700
2017-09-06,34.78303527832031,34.84358154827978,34.65437878516402,34.79817184581018,9238900
2017-09-07,35.02521514892578,35.05548828439366,34.78303583919289,34.820875815025204,9418400
2017-09-08,35.04035186767578,35.09332841147035,34.82844569249752,34.95710218828286,10534900
2017-09-11,35.20686721801758,35.259843785875,34.97982437191342,35.07820777678782,10430300
2017-09-12,35.358211517333984,35.380914923924884,35.15387219700121,35.191712170321004,8567600
2017-09-13,35.47173309326172,35.554982770654654,35.305236625480894,35.32794003313168,10218000
2017-09-14,35.17422866821289,35.44884900266501,35.04454555028747,35.39545092763008,13768800
2017-09-15,35.22762680053711,35.364936967986466,35.090316633087745,35.31916594217773,16141400
2017-09-18,35.17422866821289,35.27339776898212,35.02166149240873,35.20474268536909,8535300
2017-09-19,35.07505798339844,35.2352522012686,35.00640290288598,35.19711113653428,7297900
2017-09-20,34.9224967956543,35.20474712497798,34.74704553984556,34.907239785152164,11026600
2017-09-21,34.63262176513672,34.93012619016696,34.60210774462665,34.86909814914682,7555300
2017-09-22,34.701271057128906,34.808067201089536,34.60972901089693,34.67075704171825,8024800
2017-09-25,34.85382843017578,34.907226491609336,34.59446517036591,34.70889125056701,9215300
2017-09-26,34.762290954589844,34.99114021582954,34.754663906871556,34.85383007709048,6480100
2017-09-27,34.052860260009766,34.708897020947,33.854524985994054,34.68601296509272,14816200
2017-09-28,34.25883483886719,34.327489935136555,34.06049951074311,34.07575361215641,8789500
2017-09-29,34.33510971069336,34.41139475148298,34.16728844090972,34.220686514474075,10082200
2017-10-02,34.17491912841797,34.53345158335827,34.13677805895087,34.36562738573054,10707800
2017-10-03,34.47242736816406,34.52582545333672,34.14440889640205,34.220693953775424,12038100
2017-10-04,34.708900451660156,34.7546714778694,34.281712936971125,34.411396056242225,14060300
2017-10-05,34.72416687011719,34.89961815316529,34.708909857246354,34.716536908692945,10215300
2017-10-06,34.701271057128906,34.724155113698565,34.54107393121128,34.62498601860226,5437900
2017-10-09,34.64023971557617,34.823320880565525,34.58684164869936,34.7470358493298,5268300
2017-10-10,34.99114990234375,35.01403687178683,34.73178655847951,34.78518463721829,6310400
2017-10-11,35.16660690307617,35.16660690307617,34.991155628511535,34.99878558956685,6638200
2017-10-12,35.17422866821289,35.197112726091625,35.04454555028747,35.07505956744366,7710200
2017-10-13,35.22762680053711,35.38019397658938,35.204742742621164,35.28102487565888,7126000
2017-10-16,35.56327438354492,35.662443490397344,35.16660086611224,35.181857875626235,12708600
2017-10-17,35.48699951171875,35.57091162623773,35.326805243988495,35.49462656304883,7699400
2017-10-18,35.395450592041016,35.502246741098325,35.27339743455026,35.403077641269334,6272200
2017-10-19,35.54038619995117,35.69295336740928,35.334420960379234,35.37256202474959,7515500
2017-10-20,35.38019943237305,35.540393682441014,35.30391437759499,35.53276663195186,9646800
2017-10-23,35.334415435791016,35.586151659234055,35.26576036666802,35.380186451865086,7153600
2017-10-24,35.22762680053711,35.3115388928647,35.05217556656889,35.28865192497191,9539500
2017-10-25,35.128448486328125,35.67005905478533,35.03690936869583,35.3725547399983,11994200
2017-10-26,35.26576232910156,35.66243576055517,35.25813528098624,35.334417402045,10569100
2017-10-27,35.14371871948242,35.34205694398158,35.02166554670493,35.18948975051542,9988000
2017-10-30,34.9835205078125,35.14371473329214,34.9530064905849,35.09031665813226,7201900
2017-10-31,35.07505798339844,35.21999519337953,34.96826183815166,35.02928695973123,6560500
2017-11-01,34.9377555847168,35.1589778832936,34.80807535381289,34.89961451150843,7067600
2017-11-02,34.99877166748047,35.05216973371654,34.899602583052186,34.9453736012444,8317800
2017-11-03,35.06743621826172,35.21237345008137,35.02929223780331,35.06743621826172,4730400
2017-11-06,34.6860237121582,35.029296296237675,34.6478797272805,35.021669245248624,7451300
2017-11-07,35.044551849365234,35.05218181001415,34.56396908766859,34.64025123429357,9868000
2017-11-08,35.22762680053711,35.23525384985014,34.99114753215724,35.07505962448484,7586900
2017-11-09,35.26576232910156,35.38781546878141,35.10556812889233,35.18185024995109,6532400
2017-11-10,35.50223922729492,35.57852134334076,35.19710494315919,35.24287595877241,8022900
2017-11-13,35.639564514160156,35.71584666263272,35.502254318927584,35.54802244402015,7653600
2017-11-14,36.18117904663086,36.219320124780616,35.563283104685,35.63193820934565,17200700
2017-11-15,35.70820999145508,36.20404964289509,35.68532302509745,36.09725349981499,12419100
2017-11-16,35.5098762512207,35.83789468032999,35.47936223223913,35.81501062108232,12506400
2017-11-17,34.869083404541016,35.38018284704302,34.518181046987955,35.349668839435985,19720700
2017-11-20,34.678382873535156,34.99877420414951,34.64786885919539,34.82332298666074,19160900
2017-11-21,34.9224967956543,35.05217992993384,34.739418489583095,34.754675500085234,10280800
2017-11-22,34.9682731628418,35.036928265588635,34.7394237903449,35.00641423992834,8434400
2017-11-24,34.99877166748047,35.12845185406053,34.98351466141639,35.00639871552432,2996300
2017-11-27,35.014034271240234,35.08268935451627,34.9453791879642,34.99877726273702,5649200
2017-11-28,34.96062469482422,35.204730930613785,34.922480731126704,35.082677812719005,8432800
2017-11-29,34.708900451660156,34.953006771489065,34.48767818994743,34.91486570463646,16502100
2017-11-30,35.201114654541016,35.25495051337095,34.63198894626622,34.71658899123734,17147600
2017-12-01,35.354942321777344,35.39339609805465,34.770434360556,35.22419596183241,12468800
2017-12-04,35.55488967895508,35.670253896067535,35.20111038276661,35.370310452175836,17523600
2017-12-05,35.577964782714844,35.71640068307762,35.42414972349771,35.570275203287665,13670800
2017-12-06,35.724098205566406,35.74716988091724,35.57796977145215,35.65488024567929,8154000
2017-12-07,35.20881271362305,35.62412052504626,35.16266935713267,35.60104884680108,9106500
2017-12-08,34.84733963012695,35.17035482310146,34.64737532928448,35.14728314755603,13238600
2017-12-11,34.86271286010742,34.924238290528564,34.547384394051214,34.847330769043666,9698700
2017-12-12,34.83195877075195,35.008848468489205,34.6550690730147,34.80119457971033,13999300
2017-12-13,35.30109405517578,35.416455343508176,34.916550559733054,34.95500432251052,12418700
2017-12-14,35.40107345581055,35.50874516574207,35.22418379894675,35.23187631184703,9029000
2017-12-15,35.524131774902344,35.70102145425917,35.40877047123543,35.60104224451472,21181600
2017-12-18,35.32416534423828,35.67025507316248,35.30878325252676,35.5318191815928,10156800
2017-12-19,35.477996826171875,35.67026864497037,35.30879668680196,35.408778854051015,8253200
2017-12-20,35.439537048339844,35.60873422522513,35.347244478582816,35.53951626482468,7311000
2017-12-21,35.070377349853516,35.54721355617307,35.03961608963534,35.48568516806667,9657100
2017-12-22,35.06268310546875,35.170354836501275,35.03191891550671,35.13959064653923,5406300
2017-12-26,35.23188781738281,35.27034159293976,35.07806978132001,35.14728775085652,6100400
2017-12-27,35.32416534423828,35.33185492317703,35.16265778201832,35.301093673588,5660600
2017-12-28,35.16265869140625,35.37031253413117,35.1011303229689,35.30878416569383,6538900
2017-12-29,35.28570556640625,35.51643103507721,35.13957718697562,35.14726969843697,8371500
2018-01-02,35.02422332763672,35.33185637298856,35.001148722205585,35.30878470139156,10872200
2018-01-03,34.94731521606445,35.139586982527064,34.870407683013134,34.98577191642443,12635600
2018-01-04,35.439537048339844,35.54720877922174,34.95501132553667,35.03961138089662,12709400
2018-01-05,35.43184280395508,35.531824949392835,35.2164993527056,35.39338903535117,13113100
2018-01-08,35.37800979614258,35.45491733955682,35.28572015727853,35.33955602443545,7068600
2018-01-09,35.55488967895508,35.65487180486361,35.33185375724908,35.37800003086084,9962400
2018-01-10,35.43184280395508,35.577968298183734,35.32417107833034,35.55489662378828,10700700
2018-01-11,35.40877151489258,35.55489701071143,35.27033559934439,35.55489701071143,7583200
2018-01-12,35.49336624145508,35.67794547860119,35.40107368904794,35.593345439145025,14570100
2018-01-16,35.785614013671875,35.85483195491788,35.48567057955048,35.49336309181882,16459300
2018-01-17,36.00864791870117,36.14708379346795,35.800994106550995,35.82406870823456,12143100
2018-01-18,36.054805755615234,36.20093125526854,35.84715187684394,35.95482360646581,11952900
2018-01-19,36.27014923095703,36.33936719057818,36.04711325730725,36.13940582602519,16187400
2018-01-22,36.43935012817383,36.531639765053946,36.21631414969844,36.254767920578935,9577400
2018-01-23,36.49318313598633,36.68545490916451,36.24707550102501,36.30860094284812,11463700
2018-01-24,36.785438537597656,36.877728170974976,36.51625628398154,36.554710053402545,15964500
2018-01-25,36.79312515258789,36.91617896511825,36.68545343335312,36.68545343335312,11755000
2018-01-26,37.32380294799805,37.39302091719184,36.716226256002535,36.746987515994775,16671200
2018-01-29,36.685447692871094,37.269952477469296,36.59315808137324,37.077680742112356,11662600
2018-01-30,36.462406158447266,37.03922127565567,36.45471658110451,36.708513707082844,12404800
2018-01-31,36.60084915161133,36.83926716935113,36.43164907877444,36.49317744483657,10960100
2018-02-01,36.49318313598633,36.70852658311888,36.23169340711062,36.462418948157556,10279400
2018-02-02,35.93943405151367,36.46241343012003,35.862526527414964,36.416267155360416,12912300
2018-02-05,34.524314880371094,36.085560547916714,34.15515347328891,35.877909640173165,23261500
2018-02-06,34.355125427246094,34.40896423289955,33.40914847893358,33.73985622515279,25184300
2018-02-07,34.2705192565918,34.99346001164099,34.05517289228213,34.285901349316354,18041600
2018-02-08,33.14765930175781,34.31667227382831,33.12458762308482,34.31667227382831,23295300
2018-02-09,33.17072296142578,33.42452014453099,32.4477793074781,33.34761261845888,22853100
2018-02-12,33.816749572753906,34.01671086191769,33.35529570464494,33.50142408310452,14689000
2018-02-13,33.9859619140625,34.1551620349094,33.601418318563034,33.77830802043261,13163200
2018-02-14,33.91672897338867,33.98594690736839,33.55526014823552,33.85520355086977,13457900
2018-02-15,34.439701080322266,34.478157761934305,33.93210398167205,34.03208607296414,13467300
2018-02-16,34.59354782104492,35.1011453425143,34.39358640572955,35.04730946401265,17202300
2018-02-20,33.83213806152344,34.47817125201466,33.79368136486466,34.41664288442786,14137300
2018-02-21,33.332237243652344,34.039796014373294,33.324547663029136,33.92443470201731,12792900
2018-02-22,33.470664978027344,33.701390480134414,33.23993947592027,33.40144703401183,12377800
2018-02-23,33.8705940246582,33.88597611755416,33.39375794638626,33.51681468955391,8277200
2018-02-26,33.8629035949707,34.13977541646614,33.69370643037249,34.01672159956088,12713300
2018-02-27,33.547576904296875,34.07824885601736,33.547576904296875,33.95519504315241,12774400
2018-02-28,33.23994445800781,33.77061348577549,33.23994445800781,33.70908804511452,11929400
2018-03-01,33.401451110839844,33.56295868864427,32.93230753678806,33.14765097386063,17746800
2018-03-02,33.624488830566406,33.68601427275244,33.25532737594688,33.26301695603221,14050100
2018-03-05,33.75523376464844,33.79368753449357,33.45529025248794,33.50912611703805,11992700
2018-03-06,33.78599166870117,33.87828128592737,33.524501975031896,33.80137376054454,10010500
2018-03-07,33.70139694213867,33.778304479642856,33.43221762703952,33.52450725881144,10881700
2018-03-08,34.18592071533203,34.19361029511502,33.68601294824223,33.76292341524376,12361100
2018-03-09,34.470481872558594,34.470481872558594,34.1397742013029,34.27821010712316,9778600
2018-03-12,34.2474479675293,34.67813780402769,34.09363289305475,34.57046607836171,11857700
2018-03-13,34.27821731567383,34.47818163672547,34.14747389592346,34.35512486448758,11342100
2018-03-14,33.967864990234375,34.47218579174481,33.929071765441265,34.4333925669517,15321200
2018-03-15,33.882511138916016,34.1385516973176,33.789406826648495,34.04544738505008,12456700
2018-03-16,33.719573974609375,34.15406564811048,33.711816516034524,33.90578553746196,26603300
2018-03-19,33.56440353393555,33.91354842029492,33.50233497621213,33.719579367843366,12380300
2018-03-20,33.4868278503418,33.73510808043042,33.37044519760421,33.61096796538611,13559800
2018-03-21,33.36267852783203,33.71182342995362,33.19974522675296,33.4635432683856,13054000
2018-03-22,33.17645263671875,33.649737415766715,33.1299019763086,33.269559877002486,12274100
2018-03-23,32.84284210205078,33.486817831252,32.811806342642,33.22301979574317,13475200
2018-03-26,33.12215042114258,33.21525768633592,32.78076599463119,33.060081870746195,11276100
2018-03-27,33.27733612060547,33.60320572610535,32.99802016152939,33.12992067986349,11627000
2018-03-28,33.610965728759766,33.905799592270604,33.36268551519284,33.36268551519284,16277400
2018-03-29,33.6963005065918,34.07647815220877,33.587678322129804,33.78164735430695,10450500
2018-04-02,33.10663986206055,33.75061860320746,32.9514669719013,33.70406496031978,14207900
2018-04-03,33.65750503540039,33.78164508928099,33.23853124365373,33.34715342083271,15484600
2018-04-04,34.324764251708984,34.4489043248185,33.44802332052331,33.47129865931484,13563300
2018-04-05,34.44890594482422,34.61183924349271,34.0920006280842,34.35579866581398,11707800
2018-04-06,34.076480865478516,34.54200835560985,33.913547575812295,34.35579676761076,11495100
2018-04-09,34.00666046142578,34.37908073914763,33.96786427771314,34.16183335734327,11913400
2018-04-10,34.130794525146484,34.27820993412199,33.92130760098166,34.192863080603054,10379500
2018-04-11,34.130794525146484,34.24717417652733,33.952340398843575,33.99113657570327,8424300
2018-04-12,34.161827087402344,34.456660863052704,34.09975853237385,34.20062326399447,8476400
2018-04-13,34.53425598144531,34.67391396504652,34.24718255281325,34.28597577942837,10774200
2018-04-16,34.6661491394043,34.829082432415575,34.44890474872258,34.64287380032635,8962100
2018-04-17,34.82132339477539,34.937703044624435,34.64287223055402,34.87563448998482,8406400
2018-04-18,34.53425598144531,34.89116136161145,34.39460095757757,34.83685025240359,7429000
2018-04-19,34.37907409667969,34.50321416526822,34.1540692974465,34.40234943462357,10370400
2018-04-20,33.936824798583984,34.45666040906277,33.81268473042989,34.37907397636623,14690700
2018-04-23,34.12303924560547,34.13079966603941,33.7971726209767,33.93683059145566,11878500
2018-04-24,33.41698455810547,34.216136021920484,33.15318655649674,34.12303171539168,18523900
2018-04-25,32.920433044433594,33.27733544726095,32.516976996124406,33.160955773156374,20774700
2018-04-26,33.16870880126953,33.44026429762067,32.78852814664501,32.89715330491839,13561000
2018-04-27,33.603206634521484,33.62648197849591,33.13767903689867,33.15319691945944,9777900
2018-04-30,33.52560806274414,33.89802826325959,33.33939944235274,33.75061285880535,16037700
2018-05-01,33.04456329345703,33.35491491806443,32.72645421011405,33.331636622392786,11514200
2018-05-02,32.633338928222656,33.04455217671585,32.5402316963238,32.89713683247317,13736400
2018-05-03,32.5014533996582,32.89715191734586,32.214380035662224,32.75749396518937,18352200
2018-05-04,32.866119384765625,32.974741589385125,32.40835226548837,32.42387014611017,10946200
2018-05-07,32.69542694091797,32.96698542285819,32.55576896957344,32.85060279349335,9336000
2018-05-08,32.43938446044922,32.656628845805066,32.34627718695434,32.56352453204296,15062200
2018-05-09,32.41610336303711,32.76524820916188,32.330756516236335,32.56352172014119,9295200
2018-05-10,32.7264518737793,32.86610979890923,32.540240320361974,32.57903649046758,7924200
2018-05-11,32.69542694091797,32.95146754162733,32.61784049449688,32.773016347072264,6331900
2018-05-14,32.617828369140625,32.83507270614779,32.50920620063704,32.780761621896,10715500
2018-05-15,32.369564056396484,32.524736967177624,32.16007707516168,32.4161147457374,16449700
2018-05-16,32.23765182495117,32.54024303472947,32.229894366122295,32.385070180292125,11590500
2018-05-17,32.819557189941406,32.85835040151963,32.485930242850486,32.59455241916245,14857400
2018-05-18,32.7264518737793,32.88162767500503,32.64886545303255,32.81955617062184,11950200
2018-05-21,32.904903411865234,32.99025025157019,32.79628123759793,32.82731699016924,9110200
2018-05-22,32.780765533447266,33.05232098710947,32.74972977881946,32.974734560272395,8222900
2018-05-23,32.897159576416016,32.935952803328426,32.53249673202569,32.7807769359453,8971400
2018-05-24,32.835079193115234,32.95146180220879,32.734214462549666,32.89715070722718,9269600
2018-05-25,32.897159576416016,33.03681756108748,32.74198370903289,32.85060592828103,8806500
2018-05-29,33.11439514160156,33.24629266970727,32.66438554274811,32.67990342130161,14826900
2018-05-30,33.46354675292969,33.57992642593345,33.12991969613229,33.184230802147376,10114200
2018-05-31,33.36267852783203,33.52561182891111,33.11439836626401,33.51785436874529,15571300
2018-06-01,33.45577621459961,33.61095202474333,33.393707666381566,33.44025833761199,10664700
2018-06-04,33.742855072021484,33.82044150314278,33.587679250046264,33.6419903437777,11727600
2018-06-05,33.448020935058594,33.78164791269653,33.44026051619301,33.750612156699376,9975900
2018-06-06,33.719573974609375,33.719573974609375,33.39370743928283,33.40922531616491,9202900
2018-06-07,33.70406723022461,33.929072079735604,33.618723318782536,33.618723318782536,11948100
2018-06-08,34.09975814819336,34.1385513646157,33.797166916473316,33.8049243758647,12078800
2018-06-11,34.239418029785156,34.332522346406144,34.05320643681033,34.09976007498725,7526100
2018-06-12,34.456661224365234,34.464418683925366,34.20062362262219,34.23941683988838,8243300
2018-06-13,34.27821731567383,34.54201539256983,34.25494197233204,34.410114874255136,16745000
2018-06-14,34.113826751708984,34.325176414814024,34.06685850096752,34.2468989830042,12696200
2018-06-15,34.53653335571289,34.56001897704839,34.01206792801036,34.098174905356856,21562500
2018-06-18,34.09033966064453,34.4112818949488,33.97292351800199,34.3486605494246,12161900
2018-06-19,34.12947463989258,34.24689375577782,33.81636197435219,33.894639394214245,12936400
2018-06-20,33.86332702636719,34.27037617658287,33.83984439776948,34.14513051390821,10893700
2018-06-21,33.730255126953125,33.894639500835844,33.62849209193861,33.871156872021785,10465200
2018-06-22,33.85550308227539,33.98074875458116,33.72243086186593,33.77722565686893,14924400
2018-06-25,34.113826751708984,34.2468989830042,33.78505496870398,33.78505496870398,12092400
2018-06-26,33.918121337890625,34.317340913724706,33.87897964610397,34.09816177296025,13974700
2018-06-27,33.71460723876953,34.137312576698015,33.65198588468358,33.91813335825786,15332600
2018-06-28,34.02772903442383,34.19211347756273,33.79289070297577,33.84768850344883,12668900
2018-06-29,34.3329963684082,34.520863346761146,33.90246464141661,34.105987698980925,11485600
2018-07-02,34.246891021728516,34.567833195288465,34.113818821368206,34.270373648594,9232500
2018-07-03,34.43477249145508,34.70091996712465,34.43477249145508,34.489567296496496,8214300
2018-07-05,34.959232330322266,34.96705887861127,34.544356590879104,34.56783922183855,11653000
2018-07-06,34.943572998046875,35.17840824407993,34.89660774049556,34.96705562682253,8733900
2018-07-09,34.75570297241211,35.014020824750894,34.70873473285419,34.86529254528868,7373100
2018-07-10,35.20189666748047,35.22537929812965,34.8339861948171,34.8418127430027,10606100
2018-07-11,35.06100082397461,35.22538523842496,34.943581678742696,35.217558688919524,7715600
2018-07-12,34.967071533203125,35.19408033494041,34.82617271036271,35.0923202398942,6331600
2018-07-13,35.02185821533203,35.05316739597003,34.81050556903955,34.990546048601466,5585900
2018-07-16,35.01403045654297,35.06882525805442,34.857472601041955,35.01403045654297,5831400
2018-07-17,35.42108917236328,35.530678804734855,34.97490110565414,35.02969592183993,11592200
2018-07-18,35.31930923461914,35.45238442905422,35.10013007448149,35.374104024653555,7351600
2018-07-19,35.31148910522461,35.5619804726503,35.16275780287692,35.21755558896314,10097500
2018-07-20,35.44456481933594,35.44456481933594,35.14710815760782,35.241041683096014,8588400
2018-07-23,35.18623733520508,35.50717953083535,35.04533559213889,35.444555206764996,9055700
2018-07-24,35.42890548706055,35.43673502202121,34.920096200045975,35.053168433450615,13786100
2018-07-25,36.078617095947266,36.46218365865604,35.812469660990196,36.00816621651474,21330600
2018-07-26,36.19602966308594,36.4700035967249,36.16471750321522,36.28996315660616,12673100
2018-07-27,36.17255783081055,36.39956659721898,36.05514166570116,36.25866481021326,10516900
2018-07-30,36.18819808959961,36.35258244051417,36.047296364218056,36.08643506880365,8967900
2018-07-31,36.50132369995117,36.53263288054342,36.25083233865779,36.32128322065233,12438800
2018-08-01,36.313453674316406,36.3917340910034,36.14123974369758,36.3604219243286,9904100
2018-08-02,36.149070739746094,36.501325163846104,36.149070739746094,36.3839060271152,12009700
2018-08-03,36.49348831176758,36.60307789149397,36.117751330094784,36.18820220078919,11462800
2018-08-06,36.51697540283203,36.6891863267555,36.43869499551026,36.47783370612504,10056100
2018-08-07,36.399559020996094,36.48566598247647,36.10992895736502,36.415215103637294,8632900
2018-08-08,36.12558364868164,36.446525865234484,36.10209803257814,36.39173107114685,6810000
2018-08-09,36.28213882446289,36.336933619045254,36.0707891802694,36.20386139965733,8924100
2018-08-10,36.0707893371582,36.336933777091645,35.984682377842155,36.17254939262957,7535400
2018-08-13,35.87509536743164,36.10993064584551,35.77333231855169,36.04730631235244,8143400
2018-08-14,35.92205047607422,36.0864348258822,35.906394397127016,35.937706555021414,6846100
2018-08-15,36.0707893371582,36.1255841319789,35.73419103406403,35.82812454145774,9686400
2018-08-16,36.180381774902344,36.30562745665069,35.98468521053977,36.094274808807995,10600700
2018-08-17,36.47783279418945,36.5795958281176,36.196032293152655,36.235171002788974,8885700
2018-08-20,36.5796012878418,36.68919088561726,36.470011690066336,36.540462572363786,6392000
2018-08-21,36.180381774902344,36.59525753580137,36.17255224011599,36.579601452321256,13986300
2018-08-22,35.953365325927734,36.30561966338493,35.94553579282204,36.274307503146076,7159100
2018-08-23,35.7733268737793,36.07078644041229,35.76549734023804,35.92205516404973,13144900
2018-08-24,35.71853256225586,35.85160477332008,35.67939385230121,35.73418864345615,10952900
2018-08-27,35.765499114990234,36.04730261461648,35.66373906264141,36.04730261461648,9581200
2018-08-28,35.51500701904297,35.79681051263993,35.44455614564373,35.73418917300294,8476800
2018-08-29,35.48370361328125,35.55415151204581,35.39759664444542,35.42107927736694,12410900
2018-08-30,35.18623733520508,35.47586736880017,35.139269092152304,35.444555206764996,9716500
2018-08-31,34.8887825012207,35.28017562148218,34.74788073903917,35.22538082353297,19834100
2018-09-04,35.03750991821289,35.14710249740842,34.841813363073854,34.912264242367606,11138500
2018-09-05,35.52284622192383,35.5541554072184,34.95923908131922,34.95923908131922,10554900
2018-09-06,35.82811737060547,36.00815780128086,35.46020697665171,35.5384873722226,11439400
2018-09-07,35.78898239135742,35.86725980898492,35.44455458717548,35.695045906893945,10208100
2018-09-10,36.055137634277344,36.25083420700468,35.85161152642899,35.93771849620385,8568900
2018-09-11,36.02383041381836,36.1255934817196,35.91424079581385,36.08645177292388,9278300
2018-09-12,36.19602966308594,36.24299491680009,36.02381576988892,36.133405343344506,13216400
2018-09-13,36.18024826049805,36.40918491080704,36.08551273813685,36.3223455210554,8294800
2018-09-14,36.30656051635742,36.3381360133952,36.006570708306036,36.25129662068357,7612900
2018-09-17,36.56707000732422,36.57496613897733,36.24339787385946,36.31444800127815,8527300
2018-09-18,36.259185791015625,36.73285128204396,36.259185791015625,36.622329534903464,9847400
2018-09-19,36.282867431640625,36.40128530775949,36.21181730826765,36.31444593347121,7119000
2018-09-20,36.819698333740234,36.85127684278964,36.432872138108344,36.488133023198614,9736700
2018-09-21,36.77233123779297,36.859167614905324,36.61444171410219,36.81969598685568,19240300
2018-09-24,36.36971664428711,36.73286047909772,36.18814472688181,36.70128498021734,10778900
2018-09-25,36.061824798583984,36.45654704636928,36.006563924813385,36.3618145501185,7919100
2018-09-26,36.1960334777832,36.36971225236851,35.974989954850734,36.13287947615627,10162600
2018-09-27,36.32234191894531,36.45654905656815,36.061826787018035,36.10129841167466,10826900
2018-09-28,36.464447021484375,36.464447021484375,36.29077124762267,36.314453623264654,9071900
2018-10-01,36.49601745605469,36.59074994915742,36.35391721065476,36.44864970375749,9364700
2018-10-02,36.717063903808594,36.756538539651075,36.36181627316145,36.53549202260239,7462700
2018-10-03,36.21183395385742,36.74865668577341,36.15657305599781,36.677606529740615,10542300
2018-10-04,36.1960334777832,36.23550811672869,35.864468193384496,36.04604008886362,9582300
2018-10-05,36.219722747802734,36.440766294440834,36.06972633130477,36.26708750122949,8734100
2018-10-08,36.69337844848633,36.77232470204626,36.29076309555145,36.30655234626343,9808100
2018-10-09,36.6223258972168,36.74863688304403,36.48812179230287,36.6144327781301,10824500
2018-10-10,36.061824798583984,36.867058545445,36.05392866719289,36.55127954262006,13917000
2018-10-11,35.240806579589844,36.29076934660474,35.130284817060314,36.15656219818162,17677900
2018-10-12,35.27238464355469,35.43027416439669,34.93292322776662,35.11449512271268,12420100
2018-10-15,35.45396423339844,35.73816483029827,35.201342149819205,35.24081378572356,11608500
2018-10-16,35.911842346191406,35.99867873745039,35.41449131956359,35.54080235679528,10442500
2018-10-17,36.20392608642578,36.30655471700931,35.80920382732649,35.848675450938046,11055800
2018-10-18,36.006561279296875,36.37760112863094,35.88814340906512,36.235500888949446,12716900
2018-10-19,36.574974060058594,36.70128509043694,36.18025171368969,36.18025171368969,13989200
2018-10-22,36.290771484375,36.677597676015026,36.164460460973224,36.60654753713326,14283600
2018-10-23,36.5986442565918,36.677587494995095,35.880249945752375,36.01445405333628,17483900
2018-10-24,36.8907470703125,37.41178040384203,36.50392088939253,36.5749710263053,21626000
2018-10-25,36.717063903808594,36.898638796506695,36.40918101778539,36.82758866807889,14220200
2018-10-26,36.25129318237305,36.69338322538688,35.86446702979148,36.60654384091166,21458000
2018-10-29,36.6776008605957,36.75654713925914,36.35392864680713,36.432874925470564,20932200
2018-10-30,37.60124588012695,37.68808526505323,36.346028887765414,36.80390517443299,20895400
2018-10-31,37.79861068725586,37.95650021956284,37.277577338687465,37.49862087702183,25309400
2018-11-01,37.68808364868164,38.011755789484766,37.34072612387404,37.74334452553886,16494500
2018-11-02,37.893341064453125,37.893341064453125,37.45125100123065,37.75124079454205,17584900
2018-11-05,38.43805694580078,38.50910708110324,37.83018423521136,37.89334124947674,16543500
2018-11-06,38.769630432128906,38.785419687806645,38.36701194107794,38.4064865860186,14373400
2018-11-07,38.974884033203125,39.116984320258965,38.70647271448571,38.990673288597385,12239700
2018-11-08,38.943302154541016,38.974877648664574,38.76172725299733,38.77751650580513,9762800
2018-11-09,39.2196044921875,39.385387120733114,38.96698248350126,38.99066485572438,12398100
2018-11-12,39.369590759277344,39.66168735091031,39.10907567739194,39.164336543594644,13918300
2018-11-13,39.3617057800293,39.47222753528939,39.14066226950911,39.322234154792405,13872900
2018-11-14,39.28276443481445,39.42486471264656,39.14856028991321,39.35381457373051,12106800
2018-11-15,39.2669792175293,39.274872339173974,38.895939258888674,39.2038221984022,12080100
2018-11-16,39.6064338684082,39.66959088149696,39.18013607602763,39.20381845018985,13405800
2018-11-19,39.87484359741211,40.07220473838652,39.66958933585522,39.7169570938262,13575800
2018-11-20,38.9827766418457,40.13536507797773,38.84856948887566,40.11957582401112,16255300
2018-11-21,38.46963882446289,39.03014382347667,38.359117051304395,38.86436116373893,13559200
2018-11-23,38.698570251464844,38.864352875849164,38.32753036799268,38.48541987233138,4792500
2018-11-26,38.58015060424805,38.864351096749445,38.42226110713708,38.69067234877822,9341900
2018-11-27,38.974884033203125,39.00646254399165,38.46963990655683,38.58805781626754,9180700
2018-11-28,39.2432861328125,39.25118226440093,38.84856387516243,38.84856387516243,11368700
2018-11-29,38.972755432128906,39.33081524924237,38.96479989632884,39.21146096510271,11564300
2018-11-30,40.10263442993164,40.1742463963721,38.98071564590158,38.988671182036896,25538200
2018-12-03,39.53769302368164,39.75252891642356,38.90114391665313,39.68091695217625,14877200
2018-12-04,39.45017623901367,40.19016260642162,39.3865198005709,39.760493788157085,19059900
2018-12-06,39.29103469848633,39.489956498043846,38.71813894446283,39.394471848836076,17674900
2018-12-07,39.06027603149414,39.52973149588757,38.893182485346934,39.44220543781852,15565700
2018-12-10,39.17964172363281,39.34673531850423,38.566962173798295,39.34673531850423,12331100
2018-12-11,39.41834259033203,39.79231349110163,39.13189472740681,39.45812634122595,18083600
2018-12-12,39.16372299194336,39.800272112970745,39.139850313132214,39.74457425458745,12316900
2018-12-13,39.362648010253906,39.47404373615649,38.646528293300335,38.76588259122789,13766200
2018-12-14,39.25919723510742,39.402421139878825,39.004577634470486,39.171671178268774,13835900
2018-12-17,38.45555877685547,39.410380863071964,38.20889468457649,39.25920140765894,18482700
2018-12-18,38.44760513305664,38.85340730347563,38.073631179004984,38.6783551487611,14765700
2018-12-19,38.1134147644043,38.79770314696567,37.890620303860445,38.383948510181774,17903800
2018-12-20,37.826961517333984,38.296416978784634,37.47685728725243,38.04179737616446,21130000
2018-12-21,37.85083770751953,38.78974879292136,37.58030395350027,37.60417359684427,32477700
2018-12-24,36.56977462768555,38.089536711022326,36.466337500740096,37.890614956474025,10733700
2018-12-26,37.34955978393555,37.365473893752444,36.33108103810297,36.50613321078273,14342600
2018-12-27,37.81901550292969,37.834929612789914,36.625484581167825,37.190424857634405,16966500
2018-12-28,37.556434631347656,38.200939289592554,37.42116623552837,38.105457680094354,13218200
2018-12-31,37.67578887939453,37.826971394699235,37.365471347377756,37.78718764052122,10576300
2019-01-02,37.34160614013672,37.57235619122305,37.04720268186126,37.34956167779552,11603700
2019-01-03,37.1108512878418,37.6917025915864,37.023325208387455,37.25407522962056,14714400
2019-01-04,37.85083770751953,37.85083770751953,37.110848410799356,37.19837448346818,13013700
2019-01-07,37.357513427734375,37.99406255989663,37.31772967609405,37.85083862574692,13135500
2019-01-08,37.77922058105469,37.85083253660919,37.42911937351333,37.59621292470544,15420700
2019-01-09,37.05514907836914,37.620086207272834,36.943753366788755,37.460951210903985,18032500
2019-01-10,37.4529914855957,37.468905591803214,36.872140267895944,37.12675989660528,15976600
2019-01-11,37.66782760620117,37.68374171250998,37.37342422775183,37.62804385808187,11088600
2019-01-14,37.51664352416992,37.715565275548755,37.38933372469967,37.59621101059944,11514300
2019-01-15,37.85083770751953,37.87470735086354,37.246116805461796,37.309770199481,11342900
2019-01-16,37.333641052246094,37.77127142976722,37.28590176401158,37.715573569956476,16907800
2019-01-17,37.44504165649414,37.50869505571909,37.30181771410569,37.33364289606523,12044600
2019-01-18,37.8826789855957,37.94633240156507,37.492790809796674,37.59623102546689,12760700
2019-01-22,37.970191955566406,38.02588981351519,37.56438980730454,37.954277848251664,11700400
2019-01-23,38.40782165527344,38.42373576357105,37.91449643927046,38.049761806841516,12058300
2019-01-24,37.94631576538086,38.280505917453155,37.69965471309247,38.280505917453155,10272000
2019-01-25,37.69169998168945,38.21685338674629,37.588262836138334,38.097502133732156,12066500
2019-01-28,37.53255844116211,37.63599861236951,37.349550775367696,37.57234522376097,9966900
2019-01-29,37.715576171875,37.89858387177928,37.50074025408147,37.55643811773469,11998600
2019-01-30,38.081581115722656,38.105450754932804,37.54846923602366,37.59621154974904,12952500
2019-01-31,38.29642868041992,38.81362357832726,37.77127521013981,38.07363418357265,32181500
2019-02-01,38.749977111816406,38.81363052566193,38.5112714981092,38.57492491195473,19130100
2019-02-04,39.18759536743164,39.346733417609286,38.62265817284156,38.749968005922504,15105700
2019-02-05,39.195552825927734,39.36264945622572,39.06824298660441,39.251253726231056,12651900
2019-02-06,39.195552825927734,39.27512337257106,39.00458958459574,39.15576907025907,8689100
2019-02-07,39.322853088378906,39.35468129928465,38.98866597978442,39.123931323175924,10047800
2019-02-08,39.38651657104492,39.38651657104492,39.07619904734622,39.283076384710085,9813300
2019-02-11,39.47404098510742,39.68887688522102,39.370600803132945,39.44221276983748,9369300
2019-02-12,39.513824462890625,39.62522018025828,39.354686422948696,39.53769410652494,10983300
2019-02-13,39.617271423339844,39.736622697240094,39.43426370844786,39.47404746641461,12748800
2019-02-14,36.27537536621094,37.36546585401732,36.20376340509633,37.1585885415226,58905400
2019-02-15,35.99688720703125,36.80848541104918,35.965058993260406,36.52204059302814,35701600
2019-02-19,35.670658111572266,36.27537903919891,35.622915787560004,36.06054313410233,25511300
2019-02-20,35.885494232177734,35.9968929982978,35.646788661103905,35.73431474540238,27464000
2019-02-21,36.490211486816406,36.529995235404215,35.77409187101409,35.80592008400652,23121200
2019-02-22,36.028717041015625,36.56182906699507,35.96506364055436,36.41064654970097,24728400
2019-02-25,35.7581787109375,36.25946245526671,35.678611211655955,36.156022277956275,23774400
2019-02-26,35.55925750732422,35.91731733054142,35.5353878642116,35.88548911618754,20463200
2019-02-27,35.7581787109375,35.821835138607156,35.34442103700131,35.48764496395251,17827500
2019-02-28,36.07646560668945,36.291301561597265,35.89345787516942,35.90141341336314,22533900
2019-03-01,36.108280181884766,36.31515748509702,35.96505626608194,36.179892139786176,16291600
2019-03-04,36.323116302490234,36.33902737297177,36.04462400417826,36.22763166776911,15973800
2019-03-05,36.2833366394043,36.36290718395084,36.12420162092303,36.32312342933052,13062300
2019-03-06,36.16399383544922,36.4345276795821,36.15603526147984,36.33904300378935,14232100
2019-03-07,36.028717041015625,36.2276388498292,35.90936577691104,36.19581366725152,12084000
2019-03-08,35.678619384765625,36.00485106304059,35.495611666251,35.925283545532054,15579100
2019-03-11,36.744834899902344,36.792577224302,35.88549127254319,35.917319488809625,22126900
2019-03-12,36.641395568847656,36.80053361858378,36.52204430802494,36.56182806163251,19348500
2019-03-13,36.776668548583984,36.872150176181464,36.5300043890421,36.70505656905932,16222500
2019-03-14,36.68034362792969,37.00942316927339,36.624159540027335,36.79271180373439,18504100
2019-03-15,36.359291076660156,36.84087293611329,36.23086985983332,36.696398684457684,47254500
2019-03-18,36.44758987426758,36.66430130310489,36.4074588085875,36.463642912900426,24006400
2019-03-19,36.56798553466797,36.672325691367824,36.39140517440052,36.5599574845809,14987000
2019-03-20,36.543888092041016,36.84086457627914,36.262967700791584,36.439547982035585,13376100
2019-03-21,36.527835845947266,36.72849414738179,36.47165176648981,36.54388887747835,20043000
2019-03-22,36.86494064331055,37.00941485454488,36.48770208488729,36.48770208488729,19055900
2019-03-25,36.94520568847656,37.08165492635812,36.75257543262376,36.808759512397714,11668200
2019-03-26,37.43482208251953,37.55521831980228,37.05758339671686,37.05758339671686,11434900
2019-03-27,37.41074752807617,37.65153696316138,37.18601113023715,37.44285360256854,11543600
2019-03-28,37.386661529541016,37.65955391911421,37.30639636042849,37.46692363685041,11121100
2019-03-29,37.61139678955078,37.65152784204256,37.30639527936775,37.458894503557744,16045600
2019-04-01,37.49903869628906,37.86022132759148,37.39469548232417,37.71575011215283,11522700
2019-04-02,37.378639221191406,37.66758775075808,37.378639221191406,37.52311348597475,8495000
2019-04-03,37.065608978271484,37.394688534895586,36.9532407972491,37.25823927093748,12854500
2019-04-04,37.306392669677734,37.35455176638083,37.00941922784903,37.19402450584,7814900
2019-04-05,37.29836654663086,37.38665669032506,37.081655210782195,37.31441957837551,7677600
2019-04-08,37.36259078979492,37.37864382806087,37.13785437767953,37.354565801563936,9421300
2019-04-09,37.458892822265625,37.49902693475909,37.137841354938274,37.282315586866595,8641800
2019-04-10,37.43482208251953,37.72377060255533,37.3706130012913,37.59534937829536,8059900
2019-04-11,37.49100112915039,37.52310719634364,37.35455493628371,37.49902917685024,7352400
2019-04-12,37.51508331298828,37.66758254393342,37.37863405430837,37.458896162847246,10690000
2019-04-15,37.7237663269043,37.75587239478123,37.48297694143363,37.62745118507666,10261300
2019-04-16,37.683631896972656,37.804025048020684,37.482973583423075,37.76389399767134,10804600
2019-04-17,37.94850158691406,38.16521294614529,37.84416146201993,37.88429251481022,11849300
2019-04-18,38.109031677246094,38.18929685056367,37.94047940598413,37.98863850997467,12167000
2019-04-22,38.04482650756836,38.21337879614051,37.73982494124474,38.04482650756836,9834700
2019-04-23,38.69495391845703,39.10429865055657,38.16521601829545,38.59863877164674,25327800
2019-04-24,38.51034927368164,38.71100761903959,38.46219016854652,38.55048033039256,15997300
2019-04-25,38.397987365722656,38.43811842899237,38.10101382336213,38.317725239183225,11444400
2019-04-26,38.735076904296875,38.88757917192732,38.510340587960656,38.51836863457419,10154300
2019-04-29,38.863502502441406,38.887583583211025,38.61468814164522,38.6628441795784,9731500
2019-04-30,39.377193450927734,39.47350859610634,38.839427511590394,38.95179569126598,17912900
2019-05-01,38.999969482421875,39.39326132120617,38.96786340133654,39.28891808858104,10551200
2019-05-02,38.83943176269531,39.144433327914804,38.743116606974695,38.95179995466997,8724600
2019-05-03,39.10429763793945,39.29692792657182,38.94377035621032,39.00797943182003,7076900
2019-05-06,38.90364074707031,39.01600892991586,38.73508541099864,38.79127256422476,8657800
2019-05-07,38.52640151977539,38.75916593045683,38.341796213242866,38.71100682630792,12487500
2019-05-08,38.406009674072266,38.71101124488913,38.38193165015113,38.566536977755014,9281400
2019-05-09,38.04482650756836,38.510352313406244,37.77995600112331,38.36587804840051,11450500
2019-05-10,38.67890930175781,38.76719948130075,38.04483113030249,38.05285611853186,9653800
2019-05-13,38.566532135009766,38.6307442731413,38.30968970609017,38.45416395508285,11911500
2019-05-14,39.08021926879883,39.58587916972179,38.807323789453484,38.95179804686005,16844200
2019-05-15,39.47350311279297,39.634030373660444,39.007974362457574,39.064158444490765,11422500
2019-05-16,39.7945671081543,39.85877619070541,39.497590533219245,39.54574964148526,17771300
2019-05-17,39.489559173583984,39.77047960529422,39.4654780924352,39.54574325992603,11257000
2019-05-20,39.20864486694336,39.44140931450059,39.13640773017746,39.36114719000682,13850500
2019-05-21,39.00797653198242,39.353109090411905,38.88758337598798,39.32903107157362,10587400
2019-05-22,39.85074996948242,39.898906014453594,39.104300654394585,39.15245669936576,16050400
2019-05-23,40.01126480102539,40.05139891147636,39.6982383350454,39.73034439868508,12199400
2019-05-24,39.818641662597656,40.043378024654075,39.7544295238368,39.98719393413997,6887600
2019-05-28,39.40929412841797,39.86679486822503,39.35311004190153,39.81061078170859,18614000
2019-05-29,39.01601028442383,39.353114844663644,38.855482991155775,39.120353484318585,12534600
2019-05-30,39.529693603515625,39.57785270812444,39.0641647777071,39.104298895782776,9087200
2019-05-31,39.433380126953125,39.57785438509782,39.1524565975369,39.329036926781185,11368600
2019-06-03,40.1156120300293,40.1156120300293,39.34508479564339,39.45745296793262,14167200
2019-06-04,40.131656646728516,40.35639294417342,39.8266551989087,40.131656646728516,12010600
2019-06-05,40.757728576660156,41.04667712957196,39.88285793003446,40.13970040777743,15837600
2019-06-06,41.25535202026367,41.36772019012959,40.60521795800702,40.86206036392997,15190400
2019-06-07,41.32759475708008,41.889435682796034,41.2954886865239,41.311541721801994,15293600
2019-06-10,41.23929977416992,41.36772097958216,41.00653538254679,41.36772097958216,9737400
2019-06-11,41.19916915893555,41.40785247176966,41.078772938044615,41.295484298566436,9915600
2019-06-12,41.44798278808594,41.849299434851766,41.31153659785102,41.335614616879994,11088100
2019-06-13,41.3590087890625,41.82008099511608,41.075892273571995,41.625943867759595,10353600
2019-06-14,41.50460433959961,41.68256000219221,41.29428889421134,41.29428889421134,8694300
2019-06-17,41.1486930847168,41.64212199023842,40.9383806931314,41.45607558230001,12322400
2019-06-18,40.962646484375,41.49651972203563,40.87366709714741,41.45607538757898,9221100
2019-06-19,41.350921630859375,41.44799174574755,40.825139060888596,40.88176175172075,9414100
2019-06-20,41.7877311706543,41.89288892718436,41.5369713160689,41.65830742635016,10656600
2019-06-21,41.6987419128418,41.97376769020198,41.58549654905315,41.68256356291417,21264400
2019-06-24,41.9980354309082,42.22452925367467,41.82007974566189,41.85243644687208,10780000
2019-06-25,41.868614196777344,42.14364000197768,41.77154717309047,42.06275132985613,11519900
2019-06-26,41.350921630859375,41.77154953825913,41.32665564498994,41.67448250907618,12405100
2019-06-27,41.31856155395508,41.577408981791365,41.22958217206671,41.488429599903,12374900
2019-06-28,41.18912887573242,41.57740304777628,40.86557117996827,41.47224533094339,16339900
2019-07-01,41.73918914794922,41.76345821738104,41.07589218330504,41.310473645014675,14976400
2019-07-02,42.04656982421875,42.10319250759736,41.6987430059188,41.88478940640636,8569200
2019-07-03,42.14363098144531,42.32968044177146,42.062742326637384,42.062742326637384,7253700
2019-07-05,42.151729583740234,42.15981721645224,41.64212232314493,41.97377080702648,8916300
2019-07-08,42.062747955322266,42.329686106177036,41.97376857170401,42.22452837229139,9495100
2019-07-09,41.73110580444336,42.03848833463168,41.60168206842279,41.83626355424296,10584900
2019-07-10,41.91714859008789,42.038484682060776,41.78772486531248,41.90097023877784,7620900
2019-07-11,42.09510040283203,42.111278751464866,41.78771795021717,42.05465607410219,10376500
2019-07-12,42.159828186035156,42.2973426635589,41.989960083540325,42.26498595288205,7347400
2019-07-15,42.16790771484375,42.29733143749527,41.95759223696945,42.289240719120514,5876100
2019-07-16,42.175987243652344,42.44292535603958,41.909052216969464,42.03038519793283,7132500
2019-07-17,42.20834732055664,42.27305763177975,42.07083289493757,42.2407040190205,8264200
2019-07-18,42.087005615234375,42.20025095900724,41.79580153941605,42.095096331620546,11911800
2019-07-19,41.56932830810547,42.18409341203714,41.55314995424353,42.17600269225343,10355500
2019-07-22,41.43180465698242,41.67447372162337,41.35900362901968,41.67447372162337,12090700
2019-07-23,43.94749069213867,44.19824744460941,42.67751623427142,43.07387816097474,33417900
2019-07-24,43.50259017944336,44.343845936999244,43.37316645410438,43.77761598150182,15633400
2019-07-25,42.92827224731445,43.518768182301095,42.64515881468558,43.38125682522564,19135000
2019-07-26,43.81804656982422,43.931294993957664,43.025326115114375,43.146662169548186,11451900
2019-07-29,43.672462463378906,43.92321920204417,43.59966142312333,43.81806145818498,12283900
2019-07-30,43.45405960083008,43.92321946304999,43.33272350444806,43.648193652195175,8127100
2019-07-31,42.57235336303711,43.284182230046355,42.09510285058302,43.284182230046355,16865500
2019-08-01,42.087005615234375,43.03341886164395,42.07082726816623,42.69367974462117,19527200
2019-08-02,42.329689025878906,42.65324679642983,41.989949818239666,41.989949818239666,13102300
2019-08-05,41.77963638305664,42.59662305052096,41.577411624350084,42.37821994083328,19986500
2019-08-06,42.281150817871094,42.677509597228955,41.747277604865246,41.95758998575037,19903100
2019-08-07,43.017250061035156,43.18711811439185,41.876702568103966,42.28115207745127,17937000
2019-08-08,43.429786682128906,43.50258771636672,42.75031139114427,43.04151552809552,10799000
2019-08-09,43.211395263671875,43.599669608398536,42.93637248852447,43.510690199636414,9260900
2019-08-12,43.033424377441406,43.22755839573391,42.863556340009325,43.09813468830405,6588600
2019-08-13,43.276100158691406,43.36507954992676,42.76649288161033,42.790761951941384,8581200
2019-08-14,42.863563537597656,43.65628426443117,42.847385185739206,43.146676980857805,17088900
2019-08-15,43.57539367675781,43.68055142381259,43.05769874618842,43.219479183417654,12393200
2019-08-16,44.01219940185547,44.07691281025038,43.6401065607002,43.66437254599572,14288700
2019-08-19,44.238685607910156,44.31148664201103,43.93130620677744,44.03646085604161,10936200
2019-08-20,43.58348846435547,44.23060718797692,43.55113175674803,44.182072126565764,8176700
2019-08-21,43.76142883300781,44.0121886004392,43.559204109961186,43.88276490111754,10886500
2019-08-22,44.076908111572266,44.198241110820675,43.761434907834825,43.77761325820891,7467900
2019-08-23,43.4702262878418,44.25485608725972,43.18710983415748,44.02027467624524,14160400
2019-08-26,44.11735153198242,44.11735153198242,43.46214224105822,43.68054533803295,9226900
2019-08-27,44.26295471191406,44.449001113497765,44.012194908542206,44.24677636146703,13537000
2019-08-28,44.578426361083984,44.61078306308839,44.020284051475315,44.2144211777968,10046400
2019-08-29,44.52988815307617,44.76446959743028,44.16588299557923,44.699756198006504,9262800
2019-08-30,44.52180099487305,44.66740305942155,44.33575459810656,44.618868009337135,8746700
2019-09-03,44.73211669921875,44.756385768917504,44.38428986201814,44.473269250935274,12991400
2019-09-04,45.11229705810547,45.23363005522435,44.73211354524914,44.772557877622106,10718100
2019-09-05,44.58650588989258,45.11229140193247,44.51370486646712,45.096113053870766,13677000
2019-09-06,44.67549514770508,44.84536321138677,44.29531159838456,44.84536321138677,9093500
2019-09-09,44.10117721557617,44.55416180099645,43.97175348912825,44.513714379346126,10814900
2019-09-10,44.00410842895508,44.03646204499189,43.55921149426853,43.86659398940517,12038200
2019-09-11,44.303409576416016,44.32767556500236,43.65629083323387,43.91513833050673,9740400
2019-09-12,44.578426361083984,44.740206785401064,44.47326862242215,44.57033564273041,12357900
2019-09-13,44.211769104003906,44.64362227457234,44.05695569313062,44.391029027948015,11486100
2019-09-16,43.96731948852539,44.276949374575764,43.69843274905283,44.08139283910561,11172000
2019-09-17,44.195472717285156,44.570286071980505,43.96732289020744,44.08139624961334,11347400
2019-09-18,44.187313079833984,44.236202983747134,43.85323984042388,44.162869682010026,9700400
2019-09-19,44.42361068725586,44.48879411910796,44.10583407484678,44.18731414172823,7560300
2019-09-20,43.92658233642578,44.5621356789981,43.918435571534346,44.5621356789981,19211500
2019-09-23,44.113983154296875,44.293243040765915,43.90213310432339,43.92657650401809,6485300
2019-09-24,44.244354248046875,44.496947448230706,44.03250419273488,44.203614211440595,10093000
2019-09-25,44.13842010498047,44.391013261893,43.999903382595065,44.358419994885246,10248400
2019-09-26,44.317691802978516,44.47250830848593,44.10584172737081,44.38287835440603,10031200
2019-09-27,44.252498626708984,44.5213853215426,43.99990545788271,44.4562018927177,7939900
2019-09-30,44.35843276977539,44.55398931987566,44.12213928658104,44.12213928658104,9808700
2019-10-01,44.529544830322266,44.63546831362085,44.00806174553284,44.43176500352471,14261500
2019-10-02,43.25027847290039,44.358421617309396,43.10361187426616,44.1710149875579,14343600
2019-10-03,43.86954116821289,43.983614514615205,43.03843136236887,43.592504566264886,13817500
2019-10-04,44.43989944458008,44.43989944458008,43.91026977894033,43.99989970158073,9295400
2019-10-07,43.893985748291016,44.293245579694684,43.8125056724612,44.268802178598875,5964900
2019-10-08,43.657691955566406,44.05694867569098,43.55176537117461,43.90213528947654,13301900
2019-10-09,43.86139678955078,44.0569502202283,43.62510021157185,44.04880345572746,7135000
2019-10-10,43.722877502441406,43.902137406476875,43.47843415674399,43.63324755042367,8942900
2019-10-11,43.429542541503906,43.75546906183199,43.34806246555472,43.714729023857394,8981700
2019-10-14,43.429542541503906,43.73917242498902,43.364359102397685,43.58435903737929,7306300
2019-10-15,43.600650787353516,43.73917064073528,43.40509736974641,43.53546735090632,9564300
2019-10-16,43.584354400634766,43.649537832806416,43.291021185199035,43.559907893838236,10454800
2019-10-17,43.828800201416016,44.097686925335324,43.65769018544322,43.747317021239326,13190300
2019-10-18,44.63545608520508,45.132492522993125,44.366569405841126,44.81471594362437,18122400
2019-10-21,44.187313079833984,44.45620288895845,43.739166506225104,44.366572952583624,12778900
2019-10-22,43.877689361572266,44.34213263463396,43.78806252095486,44.187319246368624,9533400
2019-10-23,44.52138900756836,44.537685643190116,44.00805586441214,44.048799007599236,8556600
2019-10-24,44.496944427490234,44.66805443457989,44.399167724619765,44.46435115711163,11051400
2019-10-25,43.79621124267578,44.45621107991319,43.73102469211444,44.44806120696012,9782400
2019-10-28,43.6495361328125,43.959165971298496,43.48657289633223,43.788055971713554,8866100
2019-10-29,43.5191650390625,43.72286830232496,43.39694183779897,43.502868405009686,7999700
2019-10-30,43.95101547241211,44.04064540660981,43.31546227830497,43.608795478128314,8620900
2019-10-31,44.350276947021484,44.38287021675923,43.87768386062003,43.96731379826619,13982000
2019-11-01,43.918434143066406,44.602877377523164,43.877690995136746,44.51324742530317,9889500
2019-11-04,43.29916763305664,43.99990739632049,43.16065089803557,43.967314126339545,17515100
2019-11-05,42.712501525878906,43.0954646803557,42.468058215724376,43.0954646803557,19284000
2019-11-06,43.022132873535156,43.022132873535156,42.70435624844998,42.80213295426109,13288900
2019-11-07,42.606571197509766,43.185087663623804,42.33768142386348,43.087310976963714,11725500
2019-11-08,42.54140090942383,42.859177593591575,42.4436241854336,42.745104230891975,7141800
2019-11-11,42.23991012573242,42.67176006281484,42.191020222033096,42.639169901947184,8198300
2019-11-12,42.13398742675781,42.29695067913124,42.02806395474076,42.29695067913124,12656900
2019-11-13,42.70436096191406,42.73695423687037,42.337694389320056,42.516954293313965,12257900
2019-11-14,42.88361740112305,42.91620756518045,42.65546760312805,42.80213422031572,8660300
2019-11-15,42.91621398925781,42.92436386269125,42.67992050020988,42.891770585489475,8982400
2019-11-18,43.20954132080078,43.543614595477,42.91620808288692,42.92435795519873,13782000
2019-11-19,43.25027847290039,43.437685102651876,43.079165368983695,43.30731513811757,12679500
2019-11-20,43.36436080932617,43.511027438420406,43.193247669872385,43.2665809844195,11970300
2019-11-21,43.15250015258789,43.46212999460641,43.00583354890887,43.27472335840882,7856100
2019-11-22,43.20954132080078,43.33991130339966,42.98139462831914,43.152504647680374,9113300
2019-11-25,43.36436080932617,43.50287756554529,42.9976942365906,43.41324761351373,10963500
2019-11-26,43.918434143066406,43.95102430983803,43.36436090049351,43.4376942151948,13219800
2019-11-27,43.959171295166016,44.08139140612931,43.67398481972048,43.94287465871779,9595200
2019-11-29,43.836029052734375,44.10692422537549,43.688266910754606,44.082298245539754,7222300
2019-12-02,44.123355865478516,44.123355865478516,43.38454493327705,43.77036876803599,13173800
2019-12-03,44.164390563964844,44.19722729410087,43.83603265705341,44.09050948690025,14498300
2019-12-04,44.5666389465332,44.58305731391002,44.098726436485705,44.1643967745096,13624000
2019-12-05,44.48454284667969,44.566634675696896,44.189021656667,44.500961212483126,14068100
2019-12-06,44.673343658447266,44.73901711328487,44.46811880930376,44.58304735526958,7843500
2019-12-09,44.38603210449219,44.74722672778173,44.34498775912701,44.574838598358276,13887200
2019-12-10,44.13976287841797,44.386032081966896,44.10692614954936,44.36140610105684,8993900
2019-12-11,44.28752899169922,44.45170951925776,44.04946738331349,44.27931824300559,8879100
2019-12-12,44.44350051879883,44.697980503098975,44.27931998478206,44.33678270196545,11233300
2019-12-13,44.673343658447266,44.780061456817045,44.19722363680532,44.279312323869654,13072200
2019-12-16,44.673343658447266,45.009915417265994,44.6322993149151,44.894986871300176,9538100
2019-12-17,44.673343658447266,44.80469056812249,44.56662899156017,44.656928426220546,9230000
2019-12-18,44.254695892333984,44.94425165949238,44.23827752508219,44.763652751206045,15132100
2019-12-19,44.59126281738281,44.607681183981086,44.26290174838376,44.36141194797342,13385900
2019-12-20,45.12484359741211,45.313650094418,44.71439387396898,45.10021448459716,23832800
2019-12-23,45.075592041015625,45.34649038286128,45.018129325742265,45.14947312229325,9300800
2019-12-24,44.911399841308594,45.14946138928055,44.85393714096809,44.98528090338671,3359300
2019-12-26,45.165889739990234,45.165889739990234,44.977083235474325,45.083797913146576,6228500
2019-12-27,45.43680191040039,45.518893767905155,45.14948823784414,45.15769585785253,6895500
2019-12-30,45.371116638183594,45.46962370331673,45.19872849132983,45.29723555646296,6431700
2019-12-31,45.43680191040039,45.4614310333939,45.133069866343185,45.3136688213695,7982600
2020-01-02,45.14126205444336,45.50245668447813,44.95245242556847,45.41215724409872,11867700
2020-01-03,44.89499282836914,45.141265185205114,44.40245437766339,44.59126088815003,11354500
2020-01-06,44.87856674194336,45.07558396722231,44.75543371619126,44.862151510362466,14698300
2020-01-07,44.5338020324707,44.82111563169975,44.45171332740051,44.69798257409446,9973900
2020-01-08,44.61588668823242,44.85394829540638,44.45170929299267,44.55021635643314,10676000
2020-01-09,45.42857360839844,45.47782870047723,45.0181239021901,45.14946768291746,15398000
2020-01-10,45.584556579589844,45.91291769230694,45.51888623593661,45.54351222337112,13040100
2020-01-13,46.077091217041016,46.15917991695127,45.494250174338816,45.584549623129995,14302900
2020-01-14,45.97037887573242,46.20844051789494,45.83082744297177,46.16739616305261,16345300
2020-01-15,46.54500961303711,46.77486050719319,45.970379246163354,45.970379246163354,17735400
2020-01-16,46.64350891113281,46.75022672196804,46.47112076927187,46.668134893832075,10234100
2020-01-17,46.74201965332031,46.91441094023633,46.62709421636516,46.68455693484273,14264300
2020-01-21,46.930816650390625,46.99649010474037,46.4382782686982,46.66812909595698,11968900
2020-01-22,47.292022705078125,47.31664868904969,46.93903565456402,46.99649837148649,12869600
2020-01-23,47.472618103027344,47.48903333680872,46.98828728791933,47.10321271328682,12858900
2020-01-24,47.34947967529297,47.505449440655184,47.168880797465164,47.489031076172395,8594300
2020-01-27,47.185298919677734,47.489030832342685,46.89798537141126,46.96365569752239,14359900
2020-01-28,46.79948043823242,47.40694746323293,46.76664683723271,47.16067823257771,15240200
2020-01-29,46.79948043823242,47.00470531902563,46.51216685771519,46.79127282085329,13163600
2020-01-30,48.318138122558594,48.41664517157735,47.41514692352506,47.554701446827366,20225600
2020-01-31,47.940528869628906,48.49874074308562,47.73530400825461,48.40844130304367,17685200
2020-02-03,48.08830261230469,48.40845297218546,48.039047506367794,48.227854048567124,12333600
2020-02-04,48.301734924316406,48.80248420556155,48.121136001510976,48.22785383148542,15417900
2020-02-05,48.309932708740234,48.49874234313865,48.05545587638953,48.350980187555614,11414900
2020-02-06,48.424861907958984,48.71217547458153,48.301725732844744,48.41665115949376,9347000
2020-02-07,48.58904266357422,48.69576048062974,48.309936694609725,48.3345658102276,8757800
2020-02-10,49.04874038696289,49.12262146008541,48.671127404995694,48.695753385542275,7984900
2020-02-11,48.917388916015625,49.08977701571108,48.69574573148621,49.02410670074807,7431200
2020-02-12,48.7696418762207,49.06516621365817,48.69576079186133,48.82710459389096,9179100
2020-02-13,48.93382263183594,49.122629152385464,48.60546155954259,48.745016111286404,8173200
2020-02-14,49.21292495727539,49.31143201907094,48.94202662298383,48.95023737149857,9965500
2020-02-18,48.86814880371094,49.196509873578115,48.80247846862745,49.09800280521126,10075700
2020-02-19,49.065162658691406,49.2539691647115,48.818893439164455,48.851727038680494,6265700
2020-02-20,49.02412796020508,49.1390534098398,48.52337867409637,48.99129122274269,7597200
2020-02-21,49.360687255859375,49.360687255859375,48.78605698603489,48.85172731692404,10842400
2020-02-24,48.145751953125,49.089784401696754,48.08007849679857,48.523364932553704,14415500
2020-02-25,47.46441650390625,48.59725887364982,47.30023595109821,48.1868090573715,15915100
2020-02-26,47.283817291259766,47.99800222185072,47.18531021277547,47.5957600265242,15837800
2020-02-27,45.092010498046875,47.52187230488677,45.050966148694926,46.914408418918356,23754000
2020-02-28,43.909915924072266,44.238273847360155,42.34199799393283,44.189021881182676,40890600
2020-03-02,45.904693603515625,45.937530331542604,44.08229903877667,44.27110552770768,25698600
2020-03-03,46.01962661743164,47.19351314070875,45.67484720265587,46.59425375625285,27099200
2020-03-04,48.367401123046875,48.43307459170696,46.306944581828624,46.306944581828624,20526100
2020-03-05,46.57783889770508,47.751722298964644,46.12634166858632,47.44799036149817,17948500
2020-03-06,45.3629035949707,45.8964895061295,44.312153269408384,45.10021601358012,22353900
2020-03-09,42.57185363769531,43.9838019478119,42.25991091375442,42.72782343392404,27898300
2020-03-10,44.04947280883789,44.16439825283918,42.005431408512145,43.68827810890764,27457400
2020-03-11,42.85916519165039,43.22036300148847,41.98080291469863,42.97409062878676,22653900
2020-03-12,38.713623046875,40.987515199302955,38.32779925237237,39.846465314223515,31913100
2020-03-13,40.13795471191406,41.040582639677865,38.597690251789906,40.99917516750195,33697200
2020-03-16,37.47975158691406,39.64937279196409,34.092827252086956,34.978895904787535,28682300
2020-03-17,39.069698333740234,39.33468967462201,37.57083849523409,37.99317061653977,32106700
2020-03-18,37.140220642089844,37.38865274721053,34.44062061814673,37.04913245035042,35408300
2020-03-19,34.63937759399414,36.98289577682343,33.98517872201999,36.734466745134135,41956900
2020-03-20,31.7161808013916,34.838113399866984,31.061982045014467,34.73874243653944,51513500
2020-03-23,31.10340118408203,32.20477126832848,30.035152660746995,32.097117508261725,44978500
2020-03-24,32.66849899291992,34.28329231936583,32.155078610405845,34.13423427945105,49096200
2020-03-25,34.457191467285156,35.980893380949205,33.049422879832576,33.64565502485866,42511700
2020-03-26,36.6765022277832,37.48803879701042,35.1528000760442,35.47575815207938,37821700
2020-03-27,35.45090866088867,36.46118698883608,35.111388299400126,36.15479133552838,23297900
2020-03-30,37.26445007324219,37.728186589152195,35.64137700597704,35.64137700597704,23446000
2020-03-31,36.643375396728516,37.68677859435991,36.48603774693506,37.32241622481092,25373900
2020-04-01,34.87952423095703,36.14651767596987,34.61453283987057,35.177640335665934,21936400
2020-04-02,36.39494323730469,36.59368518218155,34.664216602516184,34.96233267877774,17621900
2020-04-03,36.29558181762695,36.717910930854266,35.86496994513115,36.088557061173994,14207100
2020-04-06,38.64738082885742,38.928934629896084,37.00774510243716,37.58741506445172,22850000
2020-04-07,38.51487731933594,40.24560409592771,38.49003536392752,40.16279547193532,21279600
2020-04-08,39.59968566894531,39.82327273139086,38.3658201852728,38.62252880001129,18937100
2020-04-09,40.576847076416016,41.18135890888902,40.03858151488488,40.11311054403617,19165300
2020-04-13,38.86268997192383,40.278738636743576,38.50660711577188,40.03858914604625,19586000
2020-04-14,40.510597229003906,40.78387138605767,38.86268216434389,39.69906067491331,21801900
2020-04-15,39.42579650878906,40.07999552030023,39.26017606602144,39.50860515069928,12893200
2020-04-16,39.003456115722656,39.62453027781344,38.72190236921697,39.25188830771621,17606800
2020-04-17,39.798439025878906,39.9971810166122,39.22704869488995,39.9971810166122,19844600
2020-04-20,38.531436920166016,39.7487431912612,38.349257328622876,39.57484319794654,18957900
2020-04-21,37.579124450683594,38.837835006500015,36.65165151969493,37.99317385092796,26863700
2020-04-22,37.827545166015625,38.21675252778124,37.67848716189031,38.13394077051966,15811600
2020-04-23,37.322418212890625,38.17535909285471,37.239609584156,38.051146149752775,17668200
2020-04-24,37.62053298950195,37.88552438274202,37.36382119526151,37.67849965933906,15175000
2020-04-27,38.738460540771484,38.90408093122526,37.85239508463193,38.09254449284259,19175500
2020-04-28,38.70534133911133,39.74874449209234,38.56456289304971,39.66593587131237,17246700
2020-04-29,39.02001953125,39.63281411107741,38.821277562998205,39.144235630617345,15780000
2020-04-30,38.00144577026367,38.920635758502144,37.844108167183755,38.920635758502144,20801100
2020-05-01,37.76130294799805,38.415501739635154,37.43834493056726,37.777865302602976,14290400
2020-05-04,37.3803825378418,37.66193628038736,36.933208389278875,37.52944058736277,22544200
2020-05-05,37.59568405151367,38.17535064223252,37.38865936655808,37.562559343773735,13370500
2020-05-06,37.05742263793945,37.78615049275475,37.032580683905344,37.59568814095175,11892900
2020-05-07,36.933204650878906,37.46319052827828,36.85039603572541,37.38866151106167,16466000
2020-05-08,38.183631896972656,38.27472326020207,37.16507086612216,37.33069123936239,13985100
2020-05-11,37.71162414550781,38.18364025930055,37.695061788662,37.83583708343158,10874600
2020-05-12,37.11539077758789,37.9683315954,37.09882842125849,37.76130687970219,13424400
2020-05-13,36.386653900146484,37.08225689931697,36.038853980034084,37.0242902459649,15854800
2020-05-14,36.18791961669922,36.48603570186902,35.798712154511264,35.9229282429808,18000800
2020-05-15,35.82354736328125,37.00772872365065,35.77386346440568,36.40321706874706,31579400
2020-05-18,37.23959732055664,37.58739723744199,36.54399432784029,37.115381259414356,26118500
2020-05-19,36.88352584838867,37.53772473903004,36.64337640869299,37.27273018419391,17839900
2020-05-20,38.00144577026367,38.233312376685774,37.281000843919564,37.43005885060395,22295900
2020-05-21,37.40522384643555,38.167076437365566,37.289290511911645,38.158796838733764,13193500
2020-05-22,37.28929901123047,37.52116889207461,36.974623648355184,37.446639851615274,13008400
2020-05-26,38.16707992553711,38.86268315519961,38.03458422269409,38.854400396864385,22223100
2020-05-27,38.697059631347656,38.99517572855636,38.23332312914007,38.92064670425418,18447600
2020-05-28,38.99517822265625,39.301573938185804,38.77159113544928,39.16907823750167,16230600
2020-05-29,38.65565872192383,39.07798779084107,38.208484536754916,38.65565872192383,51125000
2020-06-01,38.91236114501953,39.111103073418164,38.58112038576049,38.63908704478893,17010700
2020-06-02,38.83783721923828,39.15251250691095,38.55628348467309,39.053141529695715,15255100
2020-06-03,39.66593551635742,39.84811511223238,39.02001627605745,39.14423236506224,15508300
2020-06-04,39.6824951171875,39.97233160816716,39.235324141899945,39.69905747315317,13604700
2020-06-05,40.651363372802734,40.982604100601385,40.129660332150856,40.195909741288865,20504800
2020-06-08,41.28071975708008,41.38009387750868,40.966044519227246,41.024011176670975,19896700
2020-06-09,40.576847076416016,41.06542556553073,40.31185567475516,41.06542556553073,16713700
2020-06-10,40.26216506958008,40.800430583881706,40.22076075900605,40.70933920525099,15716600
2020-06-11,37.71162414550781,39.682497225961285,37.64537471812456,39.591409001729154,26070400
2020-06-12,38.104366302490234,38.64752193994763,37.61134913834509,38.61409629107279,21822700
2020-06-15,38.689300537109375,38.81464512050861,37.1601138329227,37.2436747634254,15622300
2020-06-16,39.082035064697266,39.85080565153205,38.59737285223186,39.742177104030034,18803500
2020-06-17,38.92327880859375,39.32437703263903,38.806289037390876,39.09040067787862,12602800
2020-06-18,39.265872955322266,39.30765341116724,38.49709917966803,38.68929182667047,9380800
2020-06-19,38.4553337097168,39.93438537404964,38.4553337097168,39.91767254766984,30464600
2020-06-22,38.221351623535156,38.56395651550024,37.920527193976554,38.46367958055074,20876200
2020-06-23,38.137794494628906,38.68095016830728,38.08765920561865,38.43861897927259,14675300
2020-06-24,37.31053161621094,37.97067071587372,37.18518701413873,37.912177418278866,17631800
2020-06-25,37.54449462890625,37.58627508905579,36.792433595635444,37.16010929529885,13829700
2020-06-26,36.40805435180664,37.611349018663745,36.357915878653934,37.53614290275735,21955100
2020-06-29,37.06819534301758,37.24367521177283,36.39134032227492,36.767370889354176,17603900
2020-06-30,37.33559036254883,37.460934934744884,36.80079280478275,36.97627265574133,23679800
2020-07-01,37.452579498291016,38.04587038039686,37.36066056406291,37.54449843251913,14316500
2020-07-02,37.502716064453125,37.96230752461914,37.43586477471883,37.84532095522906,15111900
2020-07-06,37.79518508911133,37.82861073627894,37.27710030859405,37.71997897680679,15146000
2020-07-07,37.778472900390625,38.02080406496039,37.43586798027811,37.6029930312795,13043600
2020-07-08,37.6614875793457,37.75340651984997,37.160115597234665,37.71998087100381,13851200
2020-07-09,36.692161560058594,37.64477012140465,36.625313458239624,37.64477012140465,16087100
2020-07-10,37.728336334228516,37.811897263066754,36.65038313893168,36.667095962228345,15627800
2020-07-13,37.81189727783203,38.171215009737956,37.56956612140336,38.04587042878654,16705300
2020-07-14,38.32999038696289,38.38848368742464,37.327243084175294,37.527793819791135,17080100
2020-07-15,38.77286911010742,39.43300818727459,38.60574404225483,38.68930498235836,23738000
2020-07-16,38.563961029052734,39.01519453855837,38.388477966174925,38.6558767820469,13306100
2020-07-17,39.12382125854492,39.19902736503876,38.54724323385544,38.831354837538285,13899800
2020-07-20,38.53889465332031,39.13218883303341,38.313276278665306,39.04026988176889,16633200
2020-07-21,39.44135665893555,40.10149876415909,39.21573835002454,39.70875542779791,25681500
2020-07-22,40.51095962524414,40.54438527477389,39.29930692477665,40.05136810096899,29831200
2020-07-23,40.343833923339844,40.58616509710674,40.13492839857086,40.502604162257285,15935000
2020-07-24,40.51931381225586,40.77835460258174,40.16835090056471,40.444107701725265,16196800
2020-07-27,40.51095962524414,40.53602726856876,40.26027362906182,40.26027362906182,17346500
2020-07-28,40.260276794433594,41.17945991525255,40.193425490118074,40.393976215419,13872700
2020-07-29,40.1265754699707,40.52767371390009,39.95945040475542,40.22684923404168,13758100
2020-07-30,39.85081100463867,40.302047638035425,39.44135802028023,39.834098182552324,17276500
2020-07-31,39.47479248046875,39.91767120790924,39.048623391201545,39.64191436336627,14849200
2020-08-03,38.689300537109375,39.575061063605844,38.63080724822845,39.391223191325686,14137500
2020-08-04,39.01518630981445,39.157243693835426,38.62244617488632,38.680939454293586,11717200
2020-08-05,39.45806884765625,39.49984930693757,39.1154639813179,39.19067008308216,10498700
2020-08-06,39.67533493041992,39.71711539578993,38.939986626856,38.99012509788712,10745000
2020-08-07,39.94272232055664,40.17669859753265,39.44970531971885,39.666968777793414,11669700
2020-08-10,39.87588882446289,40.343835174362965,39.825750349411265,40.16000047446455,11888000
2020-08-11,40.05136489868164,40.653013791530974,39.85917221072035,40.49424356278177,16531600
2020-08-12,40.46917724609375,40.68643758248672,40.21013325593904,40.36054548407465,9562200
2020-08-13,40.427391052246094,40.71985746127038,40.15999228181109,40.327114122599376,9882900
2020-08-14,40.48589324951172,40.686440777678456,40.1349302937517,40.39397430424968,10075800
2020-08-17,40.285335540771484,40.736572182286984,40.27698072340043,40.37725447007778,9102400
2020-08-18,40.4608154296875,40.527666719294054,40.07643007738465,40.27698075855936,9829000
2020-08-19,39.58340835571289,40.42738825649442,39.45806698378965,40.210124778262816,17371000
2020-08-20,39.566707611083984,39.7756131490256,39.34944725418874,39.49985949651835,11308700
2020-08-21,39.50821304321289,39.692050930728065,39.249172224600166,39.55835151825669,14734100
2020-08-24,40.08478927612305,40.093144093750205,39.424647116001715,39.63355262077593,9257700
2020-08-25,40.03464889526367,40.15163546232644,39.817388583239236,40.10985500089615,7827800
2020-08-26,40.243553161621094,40.26026598321202,39.666975161135476,39.90930310509203,10124200
2020-08-27,40.30205154418945,40.79506868676383,40.27698390245276,40.31876436789564,10931600
2020-08-28,41.639041900634766,41.65575153394638,40.55273085198934,40.73656869486373,16420300
2020-08-31,41.388362884521484,41.839599597637694,41.23795064681609,41.613981241079586,18510800
2020-09-01,41.04575729370117,41.23794999715351,40.803429303567164,41.20452753524752,12588400
2020-09-02,42.77549362182617,42.91755103464288,41.246306855335256,41.246306855335256,26332600
2020-09-03,42.18220138549805,43.56933388348562,41.864664108808306,42.95097534153976,22289400
2020-09-04,42.65015411376953,43.009471883278735,42.0150795123668,42.56658998850841,21019500
2020-09-08,41.622344970703125,42.65015994458946,41.246314324733525,42.55824098805846,17776700
2020-09-09,41.93987274169922,42.41617709152666,41.405075098920705,41.44685556707927,15252300
2020-09-10,41.781097412109375,42.34932059192564,41.73931695222622,42.073563818936236,15439500
2020-09-11,42.666866302490234,42.783852888465624,41.86466665017468,42.11535583457382,18272300
2020-09-14,42.717403411865234,43.15544462128515,42.59946985806916,42.93642562329936,10911700
2020-09-15,43.003814697265625,43.28180368462161,42.82691436719272,42.961696030121836,12838400
2020-09-16,42.78479766845703,43.34077245529951,42.74267899937548,42.91957933758707,15353900
2020-09-17,42.58262634277344,42.65001878846989,42.06877019140834,42.30464053789726,13287100
2020-09-18,42.49838638305664,43.09647984127718,42.29621227186105,42.75110161196476,23816600
2020-09-21,41.35274124145508,42.136160712933346,40.94839622608703,41.90871603926721,17514800
2020-09-22,41.83290100097656,42.15300867539409,41.33589298547903,41.369589206670035,13034600
2020-09-23,40.61143112182617,42.051910511086604,40.577734908248104,41.89185831676249,17121200
2020-09-24,41.02421188354492,41.36116446258752,40.063892052428216,40.611441198415655,16788100
2020-09-25,41.04105758666992,41.074750593183424,40.41769037116824,40.60301636751033,12603400
2020-09-28,41.5128059387207,41.875032392952114,41.39487234217085,41.53807971901674,11215700
2020-09-29,41.209529876708984,41.74865972458,41.201107428929724,41.60545240474682,12426600
2020-09-30,41.588600158691406,41.79919668015412,41.18425522309674,41.50436283548548,15755900
2020-10-01,41.42854690551758,41.83289183082804,40.931538998968676,41.64756586835115,17577300
2020-10-02,41.58018493652344,41.76551093591531,40.89785093158392,41.07475126912246,13610100
2020-10-05,41.59702682495117,41.740230920553685,41.37800463780288,41.63914548757262,10628700
2020-10-06,41.226375579833984,41.89186138624691,41.13371580587667,41.740231627483254,10077400
2020-10-07,41.748661041259766,41.91713570974412,41.23480494741685,41.29377172407604,10135600
2020-10-08,42.50680923461914,42.57420167680625,41.73181543015848,41.87501954963331,12143900
2020-10-09,42.8016471862793,43.15544787433695,42.624743628801895,42.68371041014484,11407800
2020-10-12,43.037506103515625,43.40815483175931,42.818487130791624,42.82690957789917,11386500
2020-10-13,42.304630279541016,42.953267951563625,42.03506698901836,42.953267951563625,14365300
2020-10-14,42.22039031982422,42.53207548967689,41.824471039022946,42.16142355005705,10582100
2020-10-15,42.11088180541992,42.228815343174844,41.529633350130794,41.61387388670423,9961700
2020-10-16,42.14458084106445,42.414144169801055,42.009799176696156,42.11088783505865,13569800
2020-10-19,41.79920196533203,42.52365460491673,41.66442030309174,42.1445801756633,9930400
2020-10-20,42.32990646362305,42.6415884572215,41.94240958364136,42.02664691809014,10970700
2020-10-21,42.11088180541992,42.48153052599939,41.92555583840624,42.085608037723944,12517400
2020-10-22,42.69213104248047,43.130172233311505,42.439415836006305,43.10489846325035,20189200
2020-10-23,42.55734634399414,43.11332104389112,42.51522768149927,42.96169128815122,13491300
2020-10-26,41.95083236694336,42.54892580127478,41.445401929315075,42.405721688877826,14696400
2020-10-27,42.035072326660156,42.363602427861125,41.74023523096696,41.95925744073314,13892100
2020-10-28,40.40084457397461,41.403286287812534,40.24921478891422,41.27692706244602,19886200
2020-10-29,40.45139694213867,40.838893930511055,39.84487768141722,40.207104105075956,15369900
2020-10-30,40.48508071899414,40.53562183287685,39.90383220175711,40.27448417528756,15804000
2020-11-02,40.956817626953125,41.23480662547208,40.636713173047504,41.066328736683175,15156100
2020-11-03,41.57175827026367,42.085614373654366,41.27692438148953,41.46225037640378,15285100
2020-11-04,41.42013168334961,42.296214182355136,41.34432000335644,41.6391539148253,12930800
2020-11-05,41.6475715637207,42.29620930764422,41.5633342311377,41.91713488412421,12452400
2020-11-06,41.656005859375,42.110895261887066,41.48752794583917,41.82448377291083,9294900
2020-11-09,44.28424835205078,44.86549375294743,43.86305519426947,44.2252815670373,33442000
2020-11-10,45.472007751464844,45.724722974672225,44.183157863693296,44.28424331028657,29706700
2020-11-11,45.13505172729492,45.74156757374936,44.9244551885452,45.42988559616526,17399900
2020-11-12,44.65488815307617,44.8233660248433,44.317935622990035,44.68858437011922,15024400
2020-11-13,45.025550842285156,45.06766951690089,44.55381333162179,44.85707293037332,12447900
2020-11-16,45.362491607666016,46.01112931041339,44.88233177283776,45.91004387504114,14908200
2020-11-17,45.219295501708984,45.278262283886534,44.67174313754766,45.20244739059417,14248400
2020-11-18,44.31794738769531,45.50571203945951,44.27582871193468,45.278267334213304,15278200
2020-11-19,44.755985260009766,44.840222605084335,43.76196916357591,44.216858539255554,17189500
2020-11-20,44.36846923828125,44.85705466250611,44.301080029029855,44.806510345481875,15645600
2020-11-23,44.37691116333008,44.78967865658663,43.972566119274184,44.60435585313316,13191900
2020-11-24,44.831790924072266,45.14347289280426,44.66331305516781,44.76439849113125,13827600
2020-11-25,44.58750915527344,44.8823430883781,44.469575582031574,44.7054427285153,10194800
2020-11-27,44.39374923706055,44.80651663698395,44.31793435760245,44.73912741827011,8499300
2020-11-30,43.807945251464844,44.30885019617892,43.36647267115414,44.22395237042174,43203600
2020-12-01,44.1815071105957,44.42771535975098,43.969259290009035,44.266404943372486,18968800
2020-12-02,44.240936279296875,44.25791649359577,43.84190933988463,44.062648887125555,14913100
2020-12-03,44.80976104736328,44.94559952966661,44.06265101401741,44.06265101401741,17318900
2020-12-04,45.71818161010742,45.73516182526498,44.79278093521221,44.809761150369766,18122400
2020-12-07,44.9880485534668,45.658749191388914,44.741840309363354,45.64176897745302,16210900
2020-12-08,45.14936447143555,45.40406125250873,44.81825833217588,44.94560510338983,12485800
2020-12-09,45.276695251464844,45.50591999002313,44.99652664422531,45.310652432845835,11508400
2020-12-10,45.03898239135742,45.42951756503432,44.97955326660852,45.33613125374633,12097300
2020-12-11,45.29368591308594,45.45499633763916,44.80976111671605,44.82674133186085,10638100
2020-12-14,45.22576904296875,45.709693847383235,45.14935969286936,45.54838665879338,22292000
2020-12-15,45.709693908691406,46.03231152494875,45.50593456193809,45.66724498938924,16193700
2020-12-16,45.04747772216797,45.67572944512005,44.94559643846385,45.50593054425785,15679600
2020-12-17,45.22576904296875,45.59932406642968,45.12389098905121,45.2512377467869,12677300
2020-12-18,45.62479019165039,45.70968801931622,44.673917680841505,45.06445610858011,35480100
2020-12-21,44.835227966308594,44.996535133895435,44.13056369173784,44.724858199725745,14926600
2020-12-22,44.79277801513672,45.1493560329101,44.4786521518122,44.83523016958558,9689500
2020-12-23,45.064456939697266,45.32764215350195,44.94559544467061,44.954087170780525,7040300
2020-12-24,45.37009048461914,45.46348003875957,45.013515720058805,45.013515720058805,3265500
2020-12-28,45.98136901855469,46.21908554794662,45.616302497762895,45.718180547695894,9020500
2020-12-29,45.955894470214844,46.26153181978206,45.862504920219926,46.22757139457583,8320600
2020-12-30,46.219078063964844,46.380388458770604,45.87099181429957,45.88797202631303,8142700
2020-12-31,46.558677673339844,46.63508701110848,46.074752947019974,46.22757162255724,8495000
2021-01-04,44.79277801513672,46.3803940230993,44.17301477619064,46.07475664747774,25611100
2021-01-05,44.30036163330078,44.673916600095794,44.17301165623834,44.427711610363225,20323800
2021-01-06,42.89104461669922,44.164531678102485,42.61087590864087,44.12208275711806,38724500
2021-01-07,42.41560363769531,42.670300374363705,42.04204863982465,42.52597341108801,53225700
2021-01-08,43.366477966308594,43.40892688437031,42.31372730969599,42.47503449378843,29674000
2021-01-11,42.61935806274414,43.17969211435196,42.407110266852634,42.975932805292594,19304400
2021-01-12,42.54294204711914,42.763678295185564,42.24579323633899,42.48351293269187,18538700
2021-01-13,42.58539962768555,42.7551985200605,42.407112248081866,42.432580948412536,18864100
2021-01-14,41.795833587646484,42.60237582134871,41.787345101218634,42.58539560984881,34303600
2021-01-15,41.34587860107422,41.75339405263407,41.20154839024234,41.73641383732179,24366800
2021-01-19,41.184566497802734,41.634534088642056,40.95534169703386,41.37983734661958,29114500
2021-01-20,41.328887939453125,41.44774617795147,41.01476213218691,41.21002970095478,23115800
2021-01-21,41.55812072753906,41.676978979757855,41.14211360612881,41.41379053652733,19702500
2021-01-22,41.16758728027344,41.54963075318269,41.16758728027344,41.439264222124045,15400300
2021-01-25,41.413795471191406,41.464736116202644,40.95534262066972,41.1081580784137,16604200
2021-01-26,41.84677505493164,41.94016460071753,41.26946080702276,41.52415750730156,12922600
2021-01-27,41.20154571533203,41.87224960272095,40.9468489794733,41.50718309382038,21242400
2021-01-28,41.72792053222656,42.025066169278794,41.269464487650644,41.33738210241492,17498900
2021-01-29,40.87892150878906,41.702440648295855,40.84496108855433,41.626031322089666,18670300
2021-02-01,41.15909957885742,41.33738698213491,40.904402825797455,40.98081217557994,12183600
2021-02-02,41.566612243652344,41.89771832428785,41.286446805670266,41.43077376855458,13319800
2021-02-03,41.40530776977539,41.67698473770787,41.32040669314341,41.55812646906803,12274100
2021-02-04,41.60906219482422,41.6600028387447,41.30342804723569,41.56661327754621,20597400
2021-02-05,42.15241622924805,42.2627827582778,41.82979865223945,42.02506624818965,12742000
2021-02-08,42.38164520263672,42.59389303295116,42.016581914049176,42.4156056327618,17833200
2021-02-09,42.194862365722656,42.466539284694655,42.1354332421128,42.322209099753344,14592900
2021-02-10,42.10997009277344,42.941984474242076,42.05054095676068,42.79765425917894,22965400
2021-02-11,42.70425033569336,42.950458524204336,42.27975479907883,42.28824652345172,21928600
2021-02-12,43.035362243652344,43.17120070447016,42.78066553444949,42.933484207700076,13137100
2021-02-16,42.67879867553711,43.06084545871681,42.58540910202149,42.97594437431842,15093400
2021-02-17,42.5599365234375,42.865573922170896,42.35617717806692,42.4495667430849,12794300
2021-02-18,43.10329055786133,43.17120818070978,42.47503554362719,42.58540532423149,12747100
2021-02-19,42.54294204711914,43.154216639678225,42.42408381826461,43.120256220392974,15968800
2021-02-22,42.98443603515625,43.196683887853936,42.16940181942677,42.32222053246072,14370900
2021-02-23,42.90802001953125,43.73153935791349,42.80613873422327,43.29855523061105,16222300
2021-02-24,43.052345275878906,43.21365568523339,42.55993203765445,42.78066833644929,14442000
2021-02-25,42.59389114379883,43.08630764283787,42.43258396582641,42.84859111979542,14211100
2021-02-26,41.59208297729492,42.62785010536554,41.57510276356988,42.61936161782533,23638400
2021-03-01,42.364662170410156,42.82311495698578,41.94016657046073,41.974123757086936,13901200
2021-03-02,42.534461975097656,42.925000426576545,42.194867405146326,42.31372566656153,11755100
2021-03-03,42.43257522583008,42.92499162344428,42.203347237834926,42.21183896256293,15410700
2021-03-04,42.39862060546875,43.37496180955867,42.126943672593114,42.712749690504864,22036400
2021-03-05,43.120262145996094,43.25610060316021,42.3646605256054,42.492007257459356,21310800
2021-03-08,43.841915130615234,44.56355975973336,43.43439964955042,43.6975881479787,25084900
2021-03-09,43.179691314697266,44.045662694534826,43.1457308907089,43.909824237225656,23082700
2021-03-10,43.672115325927734,43.83342576050837,43.06084373594114,43.45137899261356,21331600
2021-03-11,43.196678161621094,43.663622727927915,43.137249029835395,43.6466425133256,17417700
2021-03-12,43.11106872558594,43.3850069437856,42.97409961648611,43.30796161581687,17598600
2021-03-15,43.684627532958984,43.761672863896884,43.205237265435414,43.230917953880954,13411900
2021-03-16,43.84727478027344,44.104091427438014,43.69318413885453,43.830153235049025,14214200
2021-03-17,43.86439895629883,44.189698538270314,43.78735363096852,43.872958096623954,17502700
2021-03-18,43.29084014892578,43.82159503946764,43.222357227049976,43.71030988321931,18007300
2021-03-19,43.49629211425781,43.72742808088751,42.94841245320913,43.19666996539669,67845700
2021-03-22,43.6589469909668,43.72743318118634,43.0768274365058,43.0768274365058,17911400
2021-03-23,43.992801666259766,44.215378481746065,43.51341147709065,43.65038056908193,16936700
2021-03-24,44.104103088378906,44.42084359477338,43.787362581984425,43.804480866134,14997400
2021-03-25,44.532127380371094,44.566370476294196,43.80447628721127,44.25818914418899,17091900
2021-03-26,45.40530014038086,45.46522391674524,44.30954408914452,44.634846921980376,17126700
2021-03-29,46.09870529174805,46.17575061445786,45.122800047824384,45.139921593493334,17514100
2021-03-30,45.49946975708008,46.04734618300417,45.31113601106826,46.013103089983645,14871800
2021-03-31,45.122806549072266,45.516592359391595,44.943035192048406,45.396744788042355,15826500
2021-04-01,44.95158386230469,45.49946347822332,44.908781634736215,45.33681044162223,15834700
2021-04-05,45.208412170410156,45.55939572673679,44.76326173655178,44.81462311295001,16368700
2021-04-06,45.533714294433594,45.927503373700404,45.28546000835846,45.40530758072607,15614300
2021-04-07,45.61076354980469,45.79909733148747,45.47379441738132,45.61076354980469,10062700
2021-04-08,45.47378921508789,45.69636607081369,45.34538250503193,45.51659145177321,9695600
2021-04-09,45.52515411376953,45.61075858762023,45.20841364180032,45.51659170702365,10828200
2021-04-12,45.67068862915039,45.84190086590858,45.4566741496031,45.65357034451619,8565300
2021-04-13,45.4481086730957,45.61932088599171,45.208413534402084,45.405306436272035,11071700
2021-04-14,45.43955612182617,45.53371975025375,45.0714509536759,45.353948370162264,9787600
2021-04-15,45.653560638427734,45.93605799325741,45.47378603197129,45.48234843806979,13078100
2021-04-16,45.953182220458984,46.055908240425666,45.69636553774163,46.00454686324297,17974100
2021-04-19,46.22712707519531,46.53530844485956,45.62788588591502,46.22712707519531,19352900
2021-04-20,46.37264633178711,46.73219228165705,46.064468287671474,46.09014897494749,14419200
2021-04-21,46.74931335449219,46.86060177422873,46.43257290742781,46.43257290742781,13866500
2021-04-22,46.60378646850586,46.971891591748324,46.50106044464327,46.62947042367257,12558900
2021-04-23,46.62947082519531,46.73219684994246,46.37265086492526,46.56954703862602,9020500
2021-04-26,45.93606185913086,46.66370968988792,45.867578932584976,46.629469859415664,11684600
2021-04-27,45.867576599121094,45.97030261651453,45.64499975156724,45.85045505195532,9852400
2021-04-28,45.87614059448242,46.269926424161724,45.74773060995147,46.210002635541024,10868100
2021-04-29,46.44969940185547,46.53530714971393,45.739173055439444,45.833339945282916,15391000
2021-04-30,46.209999084472656,46.45825662716732,45.96174154177799,46.441135079505486,14912600
2021-05-03,46.63801956176758,46.911957743712705,46.36408137982245,46.45824824216622,10417900
2021-05-04,46.346961975097656,46.757869266987,46.175749787076874,46.715067036382024,14151000
2021-05-05,46.22712707519531,46.43258241017207,45.97886949789891,46.346974659931014,9665900
2021-05-06,46.68938446044922,46.749308233989744,46.26991478006481,46.32983855360533,11572700
2021-05-07,46.6637077331543,46.88628458269827,46.3640888190773,46.6037839503389,10637500
2021-05-10,47.006134033203125,47.511208269757944,46.93765110678286,46.9804533439957,15545800
2021-05-11,46.501060485839844,47.203027636458664,46.26992448274319,47.108860753833945,12986700
2021-05-12,46.261356353759766,46.706506725210104,46.124387259898185,46.535294541482926,15836500
2021-05-13,46.6637077331543,46.89484372355709,46.08159145231917,46.201439017949966,15475800
2021-05-14,46.85203552246094,47.16877594352672,46.81779243218333,46.997567023340345,11725300
2021-05-17,46.774993896484375,47.10029674861279,46.655146336647874,46.946206095794125,12119800
2021-05-18,46.5181770324707,46.70651077747052,46.31272174105262,46.56097926571582,13232500
2021-05-19,46.37264633178711,46.38120873794654,45.89325608609536,46.32984409779336,15126100
2021-05-20,46.78356170654297,46.91196842165685,46.329848836123176,46.329848836123176,10948400
2021-05-21,46.75787353515625,47.18590241147925,46.41545239345855,46.91196419188062,16033200
2021-05-24,46.91197204589844,47.02326048674269,46.646596188133614,46.76644377107279,10326100
2021-05-25,46.90339660644531,46.92907728940861,46.52672917311383,46.92907728940861,11916500
2021-05-26,47.10886001586914,47.125981563860094,46.732195756872166,47.066057778692425,16064300
2021-05-27,47.502647399902344,47.571130323830474,46.89484389743345,47.262949002150755,59109600
2021-05-28,47.33143615722656,47.69097886278663,47.254390825234935,47.38279753482011,17011600
2021-06-01,47.32286834716797,47.63961204563472,47.168777700778996,47.374232984497944,13304000
2021-06-02,47.51121520996094,47.562579861480266,47.30575986948548,47.51121520996094,11328500
2021-06-03,47.63105392456055,47.71666166114461,47.1687819438103,47.237268133077556,17364300
2021-06-04,48.144691467285156,48.35014350781053,47.75090240267579,47.853631688539785,18935100
2021-06-07,47.97347640991211,48.23029307813111,47.77658352209083,48.204612390989546,14010800
2021-06-08,47.63961410522461,48.153247438326325,47.554006372640266,48.153247438326325,10968300
2021-06-09,47.494083404541016,47.87074763754792,47.494083404541016,47.72521938806837,9838800
2021-06-10,47.8621940612793,48.04196542527773,47.73378407807955,47.8621940612793,12444400
2021-06-11,48.076202392578125,48.11900462631973,47.648173523959876,47.93067414473646,11825800
2021-06-14,47.91232681274414,48.05032798438203,47.61045027797609,48.03307742665136,9710800
2021-06-15,47.79158020019531,48.119334244104365,47.60182733947833,48.11070731941301,11154200
2021-06-16,47.1533203125,47.834702559887546,47.12744612013588,47.81745200157561,15211700
2021-06-17,47.39482498168945,47.56732727512186,47.13607318664463,47.15332045480105,10658400
2021-06-18,46.37706756591797,47.11019823970708,46.33394281279057,47.01532180870214,31445600
2021-06-21,46.88594436645508,46.9463196747764,46.57544090068398,46.76519374981243,14404300
2021-06-22,47.058448791503906,47.308573670089,46.79969369815541,46.8686959337704,13072800
2021-06-23,46.6789436340332,47.092947182049,46.67031999958209,47.05844935403681,12339200
2021-06-24,46.91181564331055,46.93768983378107,46.57543800636442,46.799688667592726,11488400
2021-06-25,46.8514518737793,46.98082943839991,46.58407310899382,46.782452918800935,18880300
2021-06-28,46.79970169067383,46.894578135743714,46.575450967042656,46.79107805485304,10556900
2021-06-29,46.454689025878906,46.86869253895847,46.33393841250663,46.68756661890006,12300900
2021-06-30,46.670326232910156,46.73070155275492,46.35982270787527,46.402947466306074,14614200
2021-07-01,46.54094314575195,46.98944781867935,46.45469363912305,46.868697193315775,13214700
2021-07-02,46.730690002441406,46.963567588657774,46.575438278297156,46.575438278297156,10604600
2021-07-06,46.47193908691406,46.653065005036886,46.187309823971844,46.5668155078948,15278200
2021-07-07,46.8514518737793,46.90320355766917,46.33394819571311,46.33394819571311,14377700
2021-07-08,46.68756866455078,46.72206649116337,46.35119100107296,46.584065314090225,11943900
2021-07-09,46.97220230102539,47.023953984682116,46.730701024376955,46.79107634353906,10847000
2021-07-12,46.98943328857422,47.092933322566104,46.808307406536734,46.851432146516125,15107600
2021-07-13,47.4552001953125,47.69670143150708,47.22232259317876,47.394824886263855,15170800
2021-07-14,48.52470397949219,48.60232983965445,47.403444113976256,47.455195784153524,22002700
2021-07-15,48.679954528808594,48.70583200837837,48.222826302297854,48.50745554611509,15068200
2021-07-16,48.64546585083008,48.886967104164455,48.52471193395508,48.697214239282985,14860500
2021-07-19,48.06757354736328,48.602327620617345,47.575944218851035,48.36945334097017,19527000
2021-07-20,48.153839111328125,48.58509325365329,47.88646035861164,48.06758630873829,16257900
2021-07-21,48.774837493896484,49.645972608445604,48.67133743233884,49.447596119540265,20918200
2021-07-22,48.70582962036133,48.93870718382835,48.34357453601029,48.83520385103832,13402700
2021-07-23,49.17158508300781,49.44759070059355,48.688582655199134,48.809333262151306,12144000
2021-07-26,49.214717864990234,49.26646624998347,48.78346377560612,49.06808976369169,8681100
2021-07-27,49.3872184753418,49.62872301059517,49.0939655534116,49.25784421844205,12794400
2021-07-28,48.938716888427734,49.300968754406675,48.843840459659624,49.15434393918882,9858000
2021-07-29,49.206085205078125,49.37858747876591,49.04220985468869,49.223335761467624,9599100
2021-07-30,49.188838958740234,49.37859180544415,49.07671526769474,49.29234230614646,11727000
2021-08-02,49.05946350097656,49.369966955129485,48.91283540753439,49.33546584017751,9778000
2021-08-03,49.09397506713867,49.16297731635637,48.94735022286358,49.16297731635637,8825500
2021-08-04,48.38670349121094,49.119837356354935,48.30907762996527,48.94733507689709,11888400
2021-08-05,48.73170471191406,48.80933056784221,48.55057881148409,48.6799530445596,9806800
2021-08-06,48.852447509765625,48.93870027491393,48.67994526967559,48.81794640370631,10409300
2021-08-09,48.861083984375,49.05946044769148,48.6713311541561,48.99045822208198,8859900
2021-08-10,48.9904670715332,49.30959419710499,48.86971644511186,49.0249681905701,10906900
2021-08-11,48.93009948730469,49.31822891225907,48.91284892506135,49.0681006950431,8370700
2021-08-12,49.02496337890625,49.14571399347625,48.930086955970545,48.930086955970545,6169200
2021-08-13,49.36133575439453,49.421711055225586,48.96458283744559,48.99908394940823,7714200
2021-08-16,49.57696533203125,49.5855922555715,49.18883602790271,49.33546411622118,7972000
2021-08-17,49.40446472167969,49.64596923585161,49.1715871313393,49.559716448573276,10346400
2021-08-18,48.73170471191406,49.3613351921281,48.662702488774784,49.32683408055846,13873700
2021-08-19,49.042213439941406,49.145713495637615,48.25733116297966,48.352207584954286,9223700
2021-08-20,48.852447509765625,49.18882506832759,48.80069914088321,49.024949749855665,10543600
2021-08-23,48.679954528808594,48.94733321631504,48.628206150083415,48.87833099107188,8912800
2021-08-24,48.30908966064453,48.852470824685376,48.214216509012886,48.852470824685376,12067200
2021-08-25,48.3608283996582,48.4470778926762,48.06757551710685,48.35220476643931,11270700
2021-08-26,47.90370178222656,48.28320417061352,47.87782430128135,48.25732997987568,10331500
2021-08-27,47.99857711791992,48.11932772557943,47.82607483974608,48.00720075123534,8844100
2021-08-30,48.455718994140625,48.47296955583315,47.98996369906703,48.03308845819424,10034700
2021-08-31,48.56783676147461,48.74896268948009,48.30045804141348,48.43845921849493,14185700
2021-09-01,48.89559555053711,48.99047199231441,48.54196727040871,48.6282200766645,9518900
2021-09-02,48.96458435058594,49.18883500485878,48.65408091374105,48.96458435058594,11653200
2021-09-03,48.93009948730469,48.964600611791376,48.51609586408946,48.69722183233206,13220400
2021-09-07,48.015830993652344,48.89558977224611,47.87782981015966,48.81796390089349,20035300
2021-09-08,48.6627082824707,48.71445995598663,47.964078786146885,47.964078786146885,12040100
2021-09-09,48.17970657348633,48.66270903965379,48.127954899165154,48.45570892278417,12545400
2021-09-10,47.964080810546875,48.41258546265895,47.88645494210041,48.309082111258576,10573700
2021-09-13,48.3608283996582,48.64545764899066,48.076202440533,48.076202440533,20274300
2021-09-14,48.395591735839844,48.647607649953194,48.27392979524423,48.59546539753825,13918900
2021-09-15,48.56071090698242,48.664992104710024,48.16096023812085,48.38690670074341,15746000
2021-09-16,48.10013198852539,48.656306143010696,47.63955363367943,48.42167094854963,17430400
2021-09-17,47.309322357177734,47.96108563166238,47.24849138342899,47.813354213998124,33370200
2021-09-20,46.979095458984375,47.2745615932562,46.69231804261499,47.02254567857509,27542500
2021-09-21,46.97040557861328,47.639549599101606,46.874813102109314,47.26587172642579,16418200
2021-09-22,47.0399284362793,47.4136063077723,46.97909746324922,47.37015277128847,12719700
2021-09-23,46.96171569824219,47.46574422319166,46.92695419582103,47.1528973314799,13836200
2021-09-24,46.83135223388672,47.13551034589196,46.80528276987206,46.92694468865869,9682200
2021-09-27,46.58803939819336,47.1442101954383,46.55327789460569,46.79660178964049,12429500
2021-09-28,45.745086669921875,46.45768084818891,45.562593766593785,46.45768084818891,19926100
2021-09-29,46.0231819152832,46.196986138377625,45.67557678413419,45.74509648434807,13941500
2021-09-30,45.59735870361328,46.34471443838033,45.562597200824264,46.20566842722426,17672000
2021-10-01,46.0753173828125,46.2317408290285,45.6842587672725,45.86675168284472,16277400
2021-10-04,46.049251556396484,46.51851861712869,45.53653095658053,46.110082533066205,18973400
2021-10-05,46.127464294433594,46.466380690444986,45.9971103044109,46.07532203541658,17173100
2021-10-06,46.6749382019043,46.727080455453454,45.63211633619644,45.8580627865368,21284500
2021-10-07,46.822669982910156,47.17027503957859,46.761839015117204,46.91826245088169,13774400
2021-10-08,47.03123474121094,47.265869906767755,46.840053110602604,46.926953550421004,13786800
2021-10-11,47.126834869384766,47.26587758470407,46.935649892680786,47.10945411558987,12378500
2021-10-12,47.126834869384766,47.648247538112024,47.11814615000723,47.29194705787649,19474400
2021-10-13,47.13551712036133,47.300629274582406,46.7444585287439,47.07468283718605,12143300
2021-10-14,47.457061767578125,47.63086598757993,47.196357095095294,47.265876794072156,13704000
2021-10-15,47.34407424926758,47.69168258443927,47.17896211333235,47.4831169203285,17867000
2021-10-18,46.87481689453125,47.26587555048645,46.80529719738348,47.231114044392726,15861800
2021-10-19,47.05731964111328,47.10076987220968,46.72709191770838,46.961727143677116,11068500
2021-10-20,47.47443771362305,47.587407627400616,47.02254811339448,47.08337908697915,12474800
2021-10-21,47.231101989746094,47.50918733744167,47.10944006450913,47.44835637482319,14388300
2021-10-22,47.3180046081543,47.387524285906444,46.98777702247502,47.26586236356112,12828600
2021-10-25,47.126834869384766,47.335400599883634,46.944341927098144,47.25718886532653,11855000
2021-10-26,47.335391998291016,47.43098446927233,47.12682630569184,47.20503802603663,12086700
2021-10-27,48.247859954833984,48.734511028506326,48.03060554400442,48.638918557335046,24019800
2021-10-28,48.69975280761719,48.76058378154395,48.33476364901718,48.44773687846949,15928000
2021-10-29,48.98653030395508,49.073434069158,48.47380969189672,48.55202142305951,24463700
2021-11-01,48.812713623046875,49.01259057445019,48.57808180451727,49.00389854262979,11651100
2021-11-02,48.75188446044922,49.0994928152453,48.6389145629236,49.073423348899226,11498900
2021-11-03,48.91700744628906,48.951768950124276,48.47380655998871,48.66499151604294,10788300
2021-11-04,49.1863899230957,49.2124627027191,48.69105020575475,48.760573198032155,10820200
2021-11-05,49.39496612548828,49.67305152386225,49.177711700818655,49.39496612548828,12886700
2021-11-08,48.95176696777344,49.43841474160132,48.777962770675195,49.31675279814435,12828000
2021-11-09,49.0908088684082,49.1168783372875,48.74320047983423,49.021285864677694,10155800
2021-11-10,49.290679931640625,49.46448080172087,48.91700209389772,49.13425649653713,8813600
2021-11-11,49.30806350708008,49.429725449123296,49.160328780999535,49.38627522911347,7257700
2021-11-12,49.19508743286133,49.52531505287466,49.14294518284687,49.31674936785595,10162500
2021-11-15,49.20378494262695,49.25592720195876,48.8996300507906,49.125573211149074,10289200
2021-11-16,48.856178283691406,49.48186880072868,48.83010549732848,49.203783389814426,13756500
2021-11-17,48.58677673339844,48.70843867412862,48.36083360276226,48.69974995623615,13288700
2021-11-18,48.15226745605469,48.6041570281258,47.91763229468858,48.517256589859485,15380100
2021-11-19,47.908939361572266,48.221786215867674,47.70906571911441,48.17833268551858,15813700
2021-11-22,48.20440673828125,48.68236574937851,47.865490408867544,47.88286784341884,16905600
2021-11-23,48.56071090698242,48.760584583893454,48.230483246632254,48.36952594861556,13835900
2021-11-24,48.169647216796875,48.52594431042936,47.82203884079677,48.41297109097346,12598900
2021-11-26,46.692317962646484,47.57871636394385,46.561967304097585,47.43967367246814,14754300
2021-11-29,47.43098449707031,47.56133515436187,46.866121703689224,46.970402892530316,22712500
2021-11-30,45.933441162109375,46.96683437089195,45.92468172399012,46.94055939728101,30485200
2021-12-01,45.80207824707031,46.870502571875456,45.784562710840255,46.39759311590463,18719600
2021-12-02,46.47640609741211,46.71286079863072,45.98598116072759,46.06479939446713,17074200
2021-12-03,46.88801956176758,46.949322270099884,46.39759455436212,46.704111436770674,21064400
2021-12-06,48.087806701660156,48.38556415315561,47.4134735514867,47.562353947607996,26624100
2021-12-07,48.35054016113281,48.53444831791545,48.03526712622108,48.18414754415056,23832700
2021-12-08,48.166622161865234,48.47313569386923,47.606138365773944,48.271712038445614,18026300
2021-12-09,48.04401397705078,48.28046869127403,47.80755926282753,47.94768020376574,13846400
2021-12-10,49.28758239746094,49.322613464674696,48.22791766984306,48.38555413155853,23153600
2021-12-13,50.58371353149414,50.73259393125613,49.88310872870975,49.90062426637276,31362800
2021-12-14,50.61873245239258,50.94276146948532,50.2684318054872,50.2684318054872,24806600
2021-12-15,50.846431732177734,51.012824291145364,50.48737164332915,50.732582433543854,24923800
2021-12-16,51.363136291503906,51.56455994926213,50.70631870895653,50.77637751390648,24696900
2021-12-17,50.557430267333984,51.599579462988245,50.53115863725546,51.22300718245911,51874400
2021-12-20,50.39103698730469,50.6012167064159,49.918127608184854,50.09327960127513,20879500
2021-12-21,50.59246826171875,50.76762028129908,50.382285170072976,50.45234731420387,15864900
2021-12-22,50.9515266418457,50.960282739186724,50.34725570291152,50.5399199111351,12447400
2021-12-23,50.9865608215332,51.32810543135365,50.74134665132476,51.24928718749147,11027300
2021-12-27,51.363136291503906,51.398164023605396,50.793893050330716,50.793893050330716,9860000
2021-12-28,51.56455612182617,51.61709938645181,51.056615625466755,51.144193301087384,8979900
2021-12-29,51.625858306884766,51.75721980787882,51.37188806125088,51.625858306884766,9996000
2021-12-30,51.47697830200195,51.87106948932395,51.4594627669269,51.72219245230605,7703900
2021-12-31,51.85356140136719,51.97616682375425,51.40692688542187,51.45071405902479,10021300
2022-01-03,51.932373046875,51.94113248493014,51.12667846463544,51.51201022039174,20187300
2022-01-04,52.799373626708984,53.01831280743933,52.18634325251467,52.30894865920418,26141600
2022-01-05,53.237247467041016,53.59630755931603,52.58918607718669,52.62421714490778,22507300
2022-01-06,52.95701599121094,53.52625591994293,52.93074101489456,52.95701599121094,17902300
2022-01-07,52.83441162109375,53.17595625327134,52.59795687402914,52.79062110661173,12307900
2022-01-10,52.92197799682617,53.26352257755626,52.703038820384144,53.02706786610926,20954300
2022-01-11,52.93949890136719,52.97452997493025,52.40528672214521,52.92198336458566,19369600
2022-01-12,53.0183219909668,53.14968351771062,52.71180508040316,53.009562551402134,15753800
2022-01-13,53.333587646484375,53.45619305750553,52.88694983119658,53.01831468057461,14318000
2022-01-14,53.7626953125,53.81524190938301,52.86066711419182,53.36860418774286,19729600
2022-01-18,53.333587646484375,53.58755456613667,52.93949643909718,53.473708593472395,21976700
2022-01-19,53.42115783691406,53.57879430762698,53.03582609780839,53.12340043009484,18654700
2022-01-20,53.20221710205078,53.80648799486211,53.17594547128619,53.421156267079795,23002400
2022-01-21,52.93949890136719,53.68389084047342,52.89571172978689,53.49122661737069,26643200
2022-01-24,52.5103759765625,52.85192058786608,51.293074581097116,52.45783270759088,30185100
2022-01-25,52.38777160644531,52.589195269931324,51.39816548519048,51.98492427947328,19027100
2022-01-26,52.195098876953125,52.851916413193706,51.8535542926275,52.36149479087866,19190200
2022-01-27,52.238895416259766,53.359863071820016,52.10753055754693,52.44031908307156,18893800
2022-01-28,53.281044006347656,53.32483117833032,51.61710474502969,52.01119597436785,19101500
2022-01-31,53.429908752441406,53.543758045970485,52.67676088187372,52.80812236756452,22045300
2022-02-01,53.03582763671875,53.54376479206263,52.6855236159151,53.34234114936189,20841700
2022-02-02,53.578792572021484,53.65761080482475,53.03582437979154,53.0883676411627,20225600
2022-02-03,53.95537185668945,54.10424889498735,53.062099604661825,53.36861311924382,19440500
2022-02-04,53.38612747192383,54.01667336309311,53.04458289445602,53.850280793255294,17403700
2022-02-07,53.94660949707031,54.05170270273259,53.29855143255247,53.75394530151595,17846400
2022-02-08,54.29691696166992,54.58591828454049,54.06922168304957,54.148039921946385,18771700
2022-02-09,53.45619201660156,54.57715957067812,53.333586607967796,54.445794723858036,23595600
2022-02-10,53.75394821166992,54.55964278755364,52.72055501860393,52.86067595965965,23561500
2022-02-11,52.799373626708984,54.27940128577727,52.676768220019476,54.09549317574301,22781400
2022-02-14,53.14092254638672,53.23725632828107,51.91486169804476,52.68552861245248,23641300
2022-02-15,53.342350006103516,54.10425753599666,53.097139155275215,53.38613718078753,13408700
2022-02-16,53.333587646484375,53.77146602341529,53.03583021654148,53.29855657455065,15484700
2022-02-17,54.40200424194336,54.5421251776692,52.904461114983455,53.027066516150235,21468700
2022-02-18,54.76983642578125,55.01504728470371,54.288170806863235,54.40201679665015,21975000
2022-02-22,54.54212188720703,54.85739480875678,54.051700312126464,54.67348671810157,21731400
2022-02-23,53.93784713745117,54.585908467467625,53.71890799552951,54.507090242745974,19248500
2022-02-24,52.99204635620117,53.08838014573437,51.86232254091847,52.51914018873862,27207400
2022-02-25,55.04130935668945,55.085099865955954,53.35109859400462,53.36861412956185,21487800
2022-02-28,54.50709915161133,54.59467348639503,53.780219478069014,53.99040255859533,25879100
2022-03-01,54.27064514160156,54.953734315851264,53.86779451043813,54.41952218081116,15871100
2022-03-02,54.673492431640625,55.06758362476149,54.104249225938624,54.49834041905949,17319100
2022-03-03,54.70852279663086,55.19018831945599,54.55088632141584,54.83112820163216,21262800
2022-03-04,54.79609680175781,54.8136123367593,53.59631105050309,53.824006324028986,17163000
2022-03-07,53.491214752197266,54.35821191571385,53.17594184155621,54.30566531702491,29151400
2022-03-08,51.371891021728516,53.89407140697454,51.310588316249174,53.815253165537264,30242100
2022-03-09,51.63461685180664,52.40528372234391,51.37189049661687,52.387768186565005,23022700
2022-03-10,50.68879699707031,51.371886130659185,50.35600852704774,51.21424966279305,20887300
2022-03-11,50.72382354736328,51.53827749884878,50.67128028645873,50.758854615130645,19855600
2022-03-14,51.65923309326172,52.10046329727047,51.15623092999728,51.15623092999728,17799400
2022-03-15,52.6122932434082,52.850557978634825,52.04751907086494,52.13576713927457,18607200
2022-03-16,52.47110366821289,52.89468432965212,51.72101354476589,52.75349077583905,17347300
2022-03-17,53.02705764770508,53.0711800044902,52.268140992248725,52.471106526516344,15586200
2022-03-18,53.03586959838867,53.21236235466391,52.691710575127594,53.21236235466391,30197800
2022-03-21,53.45945358276367,53.91833003642782,53.168240029837506,53.388855133695756,17440100
2022-03-22,53.653602600097656,53.78597303364874,53.00058365592289,53.768323418087256,17559500
2022-03-23,53.30060958862305,53.81243487092535,52.94762408155165,53.60946938257105,15529200
2022-03-24,53.812442779541016,53.84774200869981,53.35356289943604,53.51240606433083,13151300
2022-03-25,54.297794342041016,54.36839279898517,53.87421369933521,53.93598566600149,12259800
2022-03-28,54.64196014404297,54.65960976045612,54.01541390981651,54.29780103978675,11485200
2022-03-29,54.853736877441406,55.18024627422974,54.48310513508479,54.8978592230097,14720600
2022-03-30,54.89787292480469,54.89787292480469,54.32427555661617,54.72138013216206,13641000
2022-03-31,54.71254348754883,55.277317591389874,54.71254348754883,54.90668584811388,16822900
2022-04-01,55.480289459228516,55.55088791349271,54.79197136175057,55.00376335822356,12644900
2022-04-04,55.18907928466797,55.409694404898026,54.46546195961894,55.242024759078646,11505800
2022-04-05,55.1273078918457,55.806802873157345,55.03905982304701,55.06553592684643,15721200
2022-04-06,55.683258056640625,55.824451606686836,54.97729030640957,55.39204783243521,19267400
2022-04-07,55.98329544067383,56.186260960897144,55.33909965049033,55.70973482774319,13960800
2022-04-08,56.32745361328125,56.51276950471383,55.7362033458236,56.0185904279074,12703500
2022-04-11,56.309814453125,56.74222164639195,56.15979439436374,56.398059170287965,12720100
2022-04-12,56.971656799316406,57.192271959453336,56.38040978598312,56.8128136147122,18089900
2022-04-13,57.12167739868164,57.24522134363424,56.6804471002395,56.86576301766839,11883000
2022-04-14,57.37759017944336,57.86294624420053,57.20110073733566,57.32464469333918,16388400
2022-04-18,56.865753173828125,57.51877201734138,56.636311573216865,57.15696000358366,11679400
2022-04-19,57.42171096801758,57.580554145310245,56.86576321381328,56.918708695364145,11993800
2022-04-20,58.207088470458984,58.45417631073141,57.71291278991413,57.74821201461572,14827100
2022-04-21,58.4277229309082,59.124867701272954,57.9953190671876,58.22476073743648,15120400
2022-04-22,57.580543518066406,58.54242216279352,57.518771556777864,58.31298729665827,14902200
2022-04-25,58.189449310302734,59.301344726926956,57.1657918672194,59.12485531456615,25082000
2022-04-26,57.404056549072266,58.568904105899556,57.395230059189885,57.818807316596654,21982600
2022-04-27,57.85411071777344,58.48948338236608,57.3599349709301,57.3599349709301,16971000
2022-04-28,58.410064697265625,58.48948291338311,56.91870424553486,57.05990116215201,22010600
2022-04-29,57.01577377319336,58.26886607460348,56.90987608883106,58.12767589475977,20137100
2022-05-02,55.98329544067383,57.633495707755394,55.22438220405094,57.60702296878012,24970300
2022-05-03,55.665611267089844,56.42452448725825,55.30379922190014,56.23038546178249,21686300
2022-05-04,57.38640594482422,57.46583089177524,55.542063342447655,55.595012184975104,19780200
2022-05-05,56.927528381347656,57.38640487609424,56.48629813412855,57.086371539652106,20155200
2022-05-06,57.13048553466797,57.63348770325692,56.53923867087087,56.65395610137759,18984000
2022-05-09,57.01577377319336,57.67761915201919,56.5127715545913,56.892229841090355,20055300
2022-05-10,56.486305236816406,57.64232647544604,56.34510830828509,56.91870904832335,21322200
2022-05-11,56.75102233886719,57.53641150324241,56.4421625662429,56.768675315953196,19648400
2022-05-12,56.927528381347656,56.94517462887514,55.78032704552228,56.618668554822136,22574700
2022-05-13,57.99531173706055,58.06591020092805,56.58337612291083,57.192269359007845,16167000
2022-05-16,58.207088470458984,58.57772023086763,57.74821201461572,57.74821201461572,13223200
2022-05-17,58.048248291015625,58.330635370415386,57.36875669555462,58.330635370415386,21300600
2022-05-18,54.006591796875,57.81881812291585,53.79479976226819,57.73057340551646,31437300
2022-05-19,52.9476318359375,53.79479313739576,52.647595120881064,53.79479313739576,31493900
2022-05-20,53.812442779541016,54.04188440275339,52.64759514785907,53.380039004465026,29133800
2022-05-23,55.471466064453125,55.68325469357128,54.350740855884226,54.403689696323546,19406900
2022-05-24,56.495113372802734,56.64513676166343,55.374391596868584,55.48911239453909,16154200
2022-05-25,56.53923416137695,56.89221964669455,56.12447672107664,56.477462206394236,15360500
2022-05-26,56.742218017578125,57.44818244237391,56.44217791924397,56.53924912170738,16159800
2022-05-27,57.077545166015625,57.20991558697927,56.60101569013009,56.70691337342886,17709000
2022-05-31,55.930355072021484,56.7598668434483,55.63914145141157,56.548078179659385,43159000
2022-06-01,55.65678405761719,56.19508550695329,54.82727239067021,55.96564388937412,15408300
2022-06-02,56.23920440673828,56.24803089642932,54.80961941186339,55.753851829635266,14586000
2022-06-03,55.568538665771484,56.15096246010778,55.42734512066934,56.09801361832461,13539900
2022-06-06,55.480289459228516,56.27450523810275,55.29497356626439,55.886223838608444,15112800
2022-06-07,55.81562423706055,55.92151854996061,54.9066910381694,55.047884577475976,17886300
2022-06-08,55.4979362487793,55.78032331882761,55.206726055556715,55.58618431211903,10211500
2022-06-09,54.53605651855469,55.903869577448035,54.51840690514915,55.48028895467381,13382200
2022-06-10,54.19190216064453,54.615482820059256,53.35356396612128,53.838916594639,14967600
2022-06-13,54.130130767822266,54.96846897127064,53.5388804434164,53.609478903897056,23064200
2022-06-14,52.64576721191406,54.12123515407321,52.13913085404647,53.97902149906899,24620000
2022-06-15,53.03685760498047,53.89902985565541,52.414674940206005,53.33017519606662,19684700
2022-06-16,52.5035514831543,52.90352843163091,51.77470610621507,52.121351664681185,15053800
2022-06-17,52.82353973388672,53.445725800267454,52.556889531335344,53.063525933375345,34781900
2022-06-21,53.95236587524414,54.112356685794985,52.45023030847697,52.87687473037356,17705000
2022-06-22,54.35234451293945,54.61899474154874,53.61460871012409,53.86348180474054,15207100
2022-06-23,55.001182556152344,55.027846555959854,54.42343769562317,54.48565595560128,17190900
2022-06-24,56.0322380065918,56.05001513846647,55.20562002294616,55.20562002294616,18147100
2022-06-27,55.91669464111328,56.254453403482295,55.66782154812643,55.978912914359995,12142100
2022-06-28,55.35671615600586,56.67219329435528,55.205615633048325,56.0677878118842,13150100
2022-06-29,55.75669479370117,56.09445350134975,55.490044610038,55.587817135197405,11795500
2022-06-30,55.91669464111328,56.094462589236,55.25006737863428,55.392281059004134,15514200
2022-07-01,57.2232666015625,57.2854848583168,55.83668443316302,56.103334589344406,15143200
2022-07-05,56.24554443359375,57.045498238755414,55.48114488435937,57.045498238755414,15921200
2022-07-06,56.361106872558594,56.965512407411914,56.165561811180574,56.52998454061336,13450500
2022-07-07,55.91669464111328,56.51221675872816,55.73003982137315,56.22778600734685,14828400
2022-07-08,56.121116638183594,56.36998968701744,55.89002072007231,56.02334411453001,11311500
2022-07-11,55.94335174560547,56.4055469974529,55.63226041774718,55.9877962701348,12702100
2022-07-12,55.703369140625,56.39666375835854,55.525604593625964,55.996686746327924,14731100
2022-07-13,55.44560623168945,55.99668375738256,55.09007037538609,55.40116509731183,13145300
2022-07-14,55.267845153808594,55.330063427777255,54.48566820737763,54.5123356038225,14433000
2022-07-15,55.552268981933594,55.970023129682986,55.17006910008658,55.77447805786132,21968400
2022-07-18,54.796756744384766,55.605597604755815,54.67231681993893,55.57004334062844,10780800
2022-07-19,55.578922271728516,55.68558504887357,55.0456219485663,55.18783559411894,10998200
2022-07-20,54.663429260253906,55.62337403574663,54.35233792966341,55.463383239831174,11010500
2022-07-21,54.53899002075195,55.00118525371573,54.03235365571572,54.450104365966006,11959600
2022-07-22,54.743412017822266,54.992285024829265,54.50342587936248,54.55675726256702,11644700
2022-07-25,55.2767219543457,55.37449447866604,54.494548541065036,54.70786732990848,14941700
2022-07-26,56.18334197998047,56.70775553513315,55.57893302181665,55.77447809376419,20118000
2022-07-27,56.00556945800781,56.16556025093789,54.92119156115425,55.89002318916809,12142900
2022-07-28,56.9388427734375,57.10772381543106,55.89890608399487,55.92557008403979,10837000
2022-07-29,57.03661346435547,57.14327624239451,56.55664452574292,56.62774965379483,13734200
2022-08-01,57.347721099853516,57.80991982179078,56.91219316598777,56.9655211795638,12831500
2022-08-02,56.56553268432617,57.41881458423917,56.37887790446537,57.409924323879586,15241900
2022-08-03,56.81440734863281,56.974398133271215,56.27222012362595,56.48553890938318,11317000
2022-08-04,56.592201232910156,56.645532627431734,55.92557405927558,56.56553723096994,11795600
2022-08-05,56.334442138671875,56.556651199847686,55.70336582804526,56.556651199847686,10445400
2022-08-08,55.97001647949219,56.71663902152356,55.77447143090461,56.44109857948116,9165200
2022-08-09,56.0411262512207,56.272225580616315,55.86335831875668,56.15667591591851,7910900
2022-08-10,56.57442855834961,56.69886509060417,56.08556590929067,56.55665142650736,8857300
2022-08-11,56.19222640991211,56.87663070005665,56.06778988272966,56.609977123933035,8507800
2022-08-12,56.61886978149414,56.67219778646339,56.07667912669872,56.3788835872089,9489300
2022-08-15,57.32992935180664,57.49881038347317,56.50331149455259,56.56552975128004,9863300
2022-08-16,57.80101013183594,57.97878141947856,57.17882757828986,57.39214634217977,9569600
2022-08-17,57.667701721191406,57.96990961575769,57.56104569593081,57.623263971093955,8144000
2022-08-18,57.96990203857422,58.085448311264734,57.516593646617935,57.738802711910665,6532000
2022-08-19,57.925453186035156,58.192106756980714,57.73879839888607,57.96100744758003,8921100
2022-08-22,57.06328582763672,57.7032490271109,56.8766344153118,57.632140497995415,9087900
2022-08-23,57.12549591064453,57.21438494994461,56.60108584143843,56.725522358920614,8443800
2022-08-24,57.20550537109375,57.40105044401526,56.929968285404094,57.09884257278669,6844700
2022-08-25,57.48103713989258,57.51659140270623,56.796636229255995,57.2055000796896,7913900
2022-08-26,56.09445571899414,57.59659113648145,55.978906058270226,57.534372870855,10089500
2022-08-29,55.75669479370117,56.023344977364346,55.47226747904165,55.721140531708464,9115900
2022-08-30,55.24116897583008,55.91668296891793,55.09895532514627,55.91668296891793,8456800
2022-08-31,54.85007858276367,55.578923962219655,54.841191713051664,55.44560057269431,14633600
2022-09-01,55.107845306396484,55.14339956873512,54.476772407770646,54.7345357237641,14939700
2022-09-02,54.35234451293945,55.79225845994289,54.13013542399144,55.454499695362266,11809800
2022-09-06,54.378997802734375,55.081179199192874,54.21012014904374,54.476770325107196,12181800
2022-09-07,55.38337707519531,55.54336784000812,54.50342786872481,54.50342786872481,13290700
2022-09-08,55.21449661254883,55.37448737898917,54.52120555173437,55.17894574606031,17193500
2022-09-09,55.392276763916016,55.890026301936075,54.98341288838596,55.258949965501664,11855900
2022-09-12,55.552268981933594,55.827809456714895,55.347837038957046,55.49005071192514,13026900
2022-09-13,53.747928619384766,55.303392042324475,53.57904756345524,55.28561491061394,18532800
2022-09-14,54.0323486328125,54.29011192176823,53.72125395594294,53.8990218583483,12881600
2022-09-15,53.298194885253906,54.07712276848715,53.145992706111,54.07712276848715,11451900
2022-09-16,53.30714797973633,53.53992877898618,52.92216159164644,53.414585008977674,20493500
2022-09-19,53.71003723144531,53.80851917551321,53.02959479285861,53.17284529329349,12596200
2022-09-20,53.62946319580078,53.745851889292254,53.11017795273437,53.432492460105024,11984600
2022-09-21,53.18180847167969,54.345719391927105,53.172853392897665,53.84434085635139,14165300
2022-09-22,53.056453704833984,53.47725354813046,53.002736901254934,53.31609630667059,11657600
2022-09-23,52.46554946899414,52.913207752570415,51.92836089484729,52.78786397962692,14824000
2022-09-26,51.81196594238281,52.43868818807959,51.6508086959076,52.367064642624754,18670100
2022-09-27,50.47794723510742,52.25962522840819,50.41527535084226,51.99998602875033,23829300
2022-09-28,51.015140533447266,51.25687643038596,50.05715202448385,50.72863948863738,21480100
2022-09-29,50.64805603027344,51.2926850273525,50.13772587937303,51.113621037568144,14570700
2022-09-30,50.1556282043457,51.149430015564256,50.137721465407566,50.91664582472971,16124600
2022-10-03,50.71969223022461,50.89875283726085,50.19145524259852,50.46004956851504,16277600
2022-10-04,50.83607864379883,51.75825712208888,50.549577587056866,50.988284251334115,18861400
2022-10-05,50.352596282958984,50.719675873582844,49.6990122996755,50.585377046253676,14324900
2022-10-06,49.26927185058594,50.2272603480193,49.12602132990511,50.13773005335446,17192800
2022-10-07,48.80370330810547,49.32298854297162,48.57092250943685,49.23345825472098,11479800
2022-10-10,48.69626235961914,49.20659247536732,48.36499622132114,48.88427799902925,10239100
2022-10-11,48.77684783935547,49.439383624500984,48.56197376848142,48.75894109755567,14303900
2022-10-12,49.36775588989258,50.173542181548974,49.27822559764708,49.44833451905822,18377400
2022-10-13,50.02132797241211,50.20934701832874,48.57986797409773,48.776838681552704,16220700
2022-10-14,49.22450637817383,50.55852961818558,49.18869289439968,50.39737235656371,15997900
2022-10-17,49.86017990112305,50.334700018491766,49.75274286612108,49.806463091302945,13721400
2022-10-18,50.53166961669922,50.836077409013875,50.22726182438457,50.4152809132862,11823100
2022-10-19,50.1019172668457,50.62120254614415,49.895994853960346,50.41528013325879,10182300
2022-10-20,49.31403732299805,50.066099947922744,49.20659687769886,49.93180451434116,16905100
2022-10-21,50.1019172668457,50.23621612607444,49.23346246734866,49.24241413079504,15034100
2022-10-24,51.54338073730469,51.68663126877576,50.64806406176997,50.71073595582843,17416700
2022-10-25,52.77890396118164,52.92215445263331,51.70452356761355,52.85948257608327,28829900
2022-10-26,53.172847747802734,53.522020645270835,52.698331083588286,52.832626512804445,15831400
2022-10-27,53.298194885253906,53.5757442544319,53.16389944754459,53.51307236709521,16026100
2022-10-28,54.39944076538086,54.53373963547932,53.24448482705508,53.334015130212634,12888900
2022-10-31,53.58469009399414,54.229319054099406,53.42353285396782,54.175598835636855,14016400
2022-11-01,53.39668273925781,53.97863990915365,53.1549468417024,53.74585567505057,10659500
2022-11-02,52.653564453125,53.92491224033722,52.61775097353444,53.39667537014139,14549200
2022-11-03,52.626705169677734,52.82367590154836,52.01788964876995,52.026844726779466,9194000
2022-11-04,53.056453704833984,53.351909785964196,52.42973489400267,53.09226718412759,9725900
2022-11-07,53.26238250732422,53.513070045796624,53.038553372156265,53.05645669745153,8849700
2022-11-08,53.36086654663086,53.53097888184871,52.76995774327164,53.4951653991332,10081600
2022-11-09,52.61775588989258,53.3966803592786,52.59984914842418,53.35191521328846,10115200
2022-11-10,54.50687789916992,54.65012842469176,53.43249725007516,53.94282746070683,16804800
2022-11-11,54.900814056396484,55.01720617158317,53.907012076378834,54.94557920366465,18972100
2022-11-14,54.37257385253906,55.25893874274686,54.354667111636104,54.900810755410824,16361000
2022-11-15,54.283042907714844,55.01720219906054,53.71899252985018,54.73070117879693,13295800
2022-11-16,54.18455505371094,54.64116496649013,53.97863266831159,54.42629091883924,14199500
2022-11-17,54.35466384887695,54.38152566629976,53.83538205530852,53.88909885943133,11212600
2022-11-18,54.739646911621094,54.9455692841683,54.4352391836467,54.60535149406137,10415600
2022-11-21,55.58125305175781,55.69764174417314,54.79337353162122,54.981389187395145,15399400
2022-11-22,55.8229866027832,55.95728545401751,55.554392315676246,55.93042704991531,12319600
2022-11-23,56.07368087768555,56.21693140029863,55.77822475365503,55.94833709731934,8990400
2022-11-25,56.12739944458008,56.23483990142173,55.84985346947739,56.163212930193964,5165500
2022-11-28,56.13634490966797,56.494469458387954,56.0110011468479,56.127389832117174,12267500
2022-11-29,55.93937683105469,56.01995545601231,55.49171856248156,55.975190312227305,10969600
2022-11-30,57.35498809814453,57.41810445760049,55.67788839926644,55.912320100162354,30433900
2022-12-01,57.517295837402344,57.80582878693869,57.192695409277945,57.354995623340145,12001400
2022-12-02,58.022220611572266,58.175502219901674,57.16564044345624,57.35498952653976,13643500
2022-12-05,57.228763580322266,57.52631168331386,57.03941103523586,57.174662361785565,9185100
2022-12-06,57.20170593261719,57.598441285829466,57.01235684472067,57.27384088395898,10099500
2022-12-07,57.291873931884766,57.45417413086559,57.030389895795246,57.21072383239436,12307600
2022-12-08,57.53532791137695,57.5713919493371,57.1205587987876,57.34597537406235,9946200
2022-12-09,56.93120574951172,57.56237280438906,56.886123125502706,57.35498998228062,13914900
2022-12-12,57.679588317871094,57.71565579162328,56.81398614573665,57.07547017106459,11647900
2022-12-13,57.697628021240234,58.337806828832385,57.52630922299313,58.23862298554911,17521600
2022-12-14,57.697628021240234,58.292727641355945,57.31892638684808,57.87796196906584,12826700
2022-12-15,56.90415954589844,57.607458144432044,56.34512741474567,57.33695894804096,12212300
2022-12-16,56.57956314086914,56.9312124650367,56.20086492702228,56.57956314086914,33631500
2022-12-19,56.66070556640625,57.174655038127355,56.327090027123916,56.65169041759697,10919700
2022-12-20,56.61562728881836,56.94022770420665,56.57955981164545,56.64267617690607,10286500
2022-12-21,57.52631378173828,57.751733814071954,56.868097743660044,56.868097743660044,10411300
2022-12-22,57.111549377441406,57.33696597532528,56.48940080553227,57.1836809001804,9666700
2022-12-23,57.544342041015625,57.5894246673547,56.985309907326425,57.25580910494482,6463300
2022-12-27,57.89599609375,57.96813105348021,57.4451629141888,57.64353061386267,7320700
2022-12-28,57.318931579589844,58.29273292231811,57.246800057675316,58.121414108550574,7159400
2022-12-29,57.661556243896484,57.84189017827446,57.436139685819946,57.52630493321708,7169300
2022-12-30,57.35498809814453,57.63450242156846,56.95825276489721,57.63450242156846,7650200
2023-01-03,56.7598991394043,57.30991617989516,56.06561561612765,57.30991617989516,12180500
2023-01-04,56.732845306396484,57.102531813300864,56.36316223907628,56.940231594517925,13387900
2023-01-05,56.08364486694336,56.62464327418719,55.975445873411395,56.44430932524459,9814700
2023-01-06,57.165645599365234,57.409092476953276,56.42627949813927,56.723827592738004,9990000
2023-01-09,56.45332717895508,57.45417731494208,56.42627829082049,57.07547568313816,9442600
2023-01-10,56.02052307128906,56.56152142609979,55.83117055148002,56.44430385471012,10134600
2023-01-11,55.912330627441406,56.40824988737317,55.371332176077644,56.24594966404719,10823000
2023-01-12,55.19099807739258,56.065615563222195,54.97460007321024,56.00249919203699,13907300
2023-01-13,55.389366149902344,55.416415040709275,54.63196625104959,54.73115010345407,13986400
2023-01-17,55.61478042602539,56.24594755534301,55.506581427725955,55.65986305535147,18327800
2023-01-18,53.92866516113281,55.53363014945989,53.81144757357217,55.461495191088986,19679400
2023-01-19,53.84751892089844,54.67705036424845,53.83850033066216,53.856534071550335,14894500
2023-01-20,54.17211151123047,54.181126660573256,53.5589781684047,53.847511101548136,14237700
2023-01-23,54.30735778808594,54.613924450462314,54.145057588028806,54.35244041263874,12613400
2023-01-24,54.595890045166016,55.768055467125535,53.919640366391256,54.172109252050774,10103300
2023-01-25,54.938533782958984,54.9475489335018,54.00079990562707,54.28031772663495,11265800
2023-01-26,54.83032989501953,55.09181051248415,54.6139284658383,54.83032989501953,11884800
2023-01-27,54.54179000854492,54.965570784071964,54.433587587931406,54.857371803042035,14087000
2023-01-30,54.677040100097656,55.15492210537955,54.51473990215593,54.58687485216725,15632000
2023-01-31,55.29017639160156,55.30821013007465,54.55982546156919,54.983609716726924,14344400
2023-02-01,55.2991943359375,55.524610904847236,54.65900866615009,55.12787554223242,12535400
2023-02-02,54.35243225097656,55.0196666887498,54.01881675188157,54.82129904300417,16947200
2023-02-03,53.946693420410156,54.4786732062244,53.40569160633988,54.415556843853764,15404400
2023-02-06,54.25326156616211,54.40654663124438,53.847514468274404,53.91063083637178,11330900
2023-02-07,54.16309356689453,54.31637862421715,53.685211535610456,53.80242567638102,14922700
2023-02-08,53.84751892089844,54.027849450611484,53.730301324917455,54.027849450611484,11012000
2023-02-09,53.75733947753906,54.38850652420179,53.739305740253414,54.23522491664936,12515300
2023-02-10,53.75733947753906,54.00980835995436,53.09010839588874,53.84750816396727,14420700
2023-02-13,54.64097213745117,54.78523859660257,53.85652348078943,54.00980852840362,16191800
2023-02-14,53.73028564453125,54.91146953111323,53.703236760884984,54.289317690582116,20505700
2023-02-15,53.73028564453125,54.036852270994636,53.40568528244256,54.00980338734837,13171400
2023-02-16,53.39667510986328,53.93767347069846,53.15322481561235,53.40569025872427,16538300
2023-02-17,54.20817947387695,54.30736332174976,53.540948307506625,53.64914730537509,16814700
2023-02-21,53.91964340209961,54.30736018159253,53.84751188755279,54.09096219836815,14278300
2023-02-22,54.081939697265625,54.42457382543418,53.87455687851677,53.964722125074125,12409600
2023-02-23,54.18113327026367,54.47868138904853,53.928667782860245,54.10899830838596,12222800
2023-02-24,53.955711364746094,54.018827730386555,53.54996084306889,53.8114448947702,9736200
2023-02-27,53.937679290771484,54.37047871405701,53.86554777334926,54.262279718131644,8849800
2023-02-28,53.65816116333008,53.82947996537941,53.32454558817808,53.82947996537941,16082200
2023-03-01,53.07207489013672,53.36060780879838,52.63025692367022,53.31552518517944,13275800
2023-03-02,53.84751892089844,53.9016167039786,53.01798403796404,53.054051519740405,11758300
2023-03-03,53.59503936767578,53.811440775867545,53.387656547933176,53.694223203114355,13101800
2023-03-06,54.42457580566406,54.44260954354842,53.39667682334212,53.43274085952704,16282700
2023-03-07,54.10898971557617,54.61392404978093,53.874558005871236,54.54179253894239,13961200
2023-03-08,54.136043548583984,54.39752759176722,53.85652576729323,54.136043548583984,10851600
2023-03-09,53.613075256347656,54.58687647291123,53.45077505358706,54.58687647291123,13900900
2023-03-10,53.38766098022461,54.22621091726135,53.189296732462786,53.829478982153724,13745800
2023-03-13,53.92866516113281,54.88442928245831,53.42373077128891,53.45979825047436,21956000
2023-03-14,54.12702941894531,54.51474622123904,53.513896031112644,54.09998052934756,19496900
2023-03-15,54.48768997192383,54.53277259502543,53.414708407937624,53.58602375155717,21089900
2023-03-16,54.78752517700195,54.82386930957718,54.24237705224263,54.596723679932914,15658300
2023-03-17,54.53312301635742,54.83295344428014,54.18786068986914,54.796612777781824,27351200
2023-03-20,55.060096740722656,55.060096740722656,54.48769227549159,54.66032169843899,12904100
2023-03-21,54.80569839477539,55.196389163249435,54.4059233259503,55.032844029192056,13716500
2023-03-22,54.56038284301758,55.30542027597653,54.5422107756323,54.87838882330869,10494200
2023-03-23,54.4422607421875,54.86929561849909,54.260547018279446,54.596721566669885,15479000
2023-03-24,55.332679748535156,55.441708686167026,54.433181481661755,54.742099693258254,12975600
2023-03-27,55.74153137207031,55.85964805987764,55.37810047523023,55.55072989128174,12777400
2023-03-28,55.80513381958008,56.09588339958594,55.668848528230875,55.77787745450365,10925700
2023-03-29,56.204917907714844,56.286690477032245,55.959600199762654,56.0777169034361,9441000
2023-03-30,56.19582748413086,56.4138888139895,56.02319805305291,56.223087316592725,9870700
2023-03-31,56.359371185302734,56.55926044377174,56.213998124407226,56.386631017073064,14440900
2023-04-03,56.69554901123047,56.80457794003821,56.204913632644896,56.604688682251386,12300700
2023-04-04,56.52292251586914,57.004473649037664,56.40480927378016,56.68646766057279,11433400
2023-04-05,57.058982849121094,57.25887211713684,56.786408780169744,56.813665147274676,12789600
2023-04-06,57.09532165527344,57.27703883960827,56.677374557480256,57.11349372030362,9644200
2023-04-10,56.95903778076172,56.95903778076172,56.35028914694474,56.77732404682473,7952600
2023-04-11,56.85909652709961,56.97720976078575,56.69555139403095,56.92269702707439,9913000
2023-04-12,56.95903778076172,57.26795598080882,56.6137789135076,56.7682362805475,9593700
2023-04-13,57.376983642578125,57.38606794213794,56.768231593059944,57.02263357233899,9871400
2023-04-14,57.28612518310547,57.376985511498276,57.04080749539559,57.28612518310547,8946000
2023-04-17,57.65864562988281,57.722246128721416,57.36789950205857,57.53144463220561,9452400
2023-04-18,57.749507904052734,57.785848571778025,57.413329866346785,57.70407600395325,9035700
2023-04-19,57.85853958129883,57.994828356121815,57.63139393390553,57.903968017583985,9769500
2023-04-20,58.112945556640625,58.149289694531966,57.64048216195642,57.813115083956426,10706400
2023-04-21,58.1947135925293,58.394595925525444,57.96756449494705,58.14928169343248,12931100
2023-04-24,58.10384750366211,59.048770603426966,57.80401363597211,58.83071275962236,15532300
2023-04-25,58.01299285888672,58.30373898972974,57.81310706016169,58.30373898972974,12818900
2023-04-26,57.74041748046875,57.94030674061217,57.5950444183555,57.749505246457375,13179600
2023-04-27,57.85853958129883,57.931224386161574,57.340647782519504,57.72225080647584,13795800
2023-04-28,58.28557205200195,58.29465981845664,57.676819940330844,57.79493664247014,13687600
2023-05-01,58.4218635559082,58.77621021294628,58.20379874239625,58.28557478044701,9091500
2023-05-02,58.15837478637695,58.27648803013831,57.48602213019011,58.27648803013831,10948400
2023-05-03,57.8312873840332,58.31283508213094,57.767686875453045,58.16745852998454,11084600
2023-05-04,57.8948860168457,58.08568753640431,57.70408103131944,57.91305808527523,11938300
2023-05-05,58.167449951171875,58.34008284840112,57.813106788462456,57.82219108864793,9039000
2023-05-08,58.07658767700195,58.20378866355634,57.794929339907796,57.97664652039989,7240700
2023-05-09,57.595035552978516,57.922125758877435,57.495090938290886,57.822181144189805,9067700
2023-05-10,57.69499588012695,57.822196891292094,57.23162027288711,57.531450732638156,10134000
2023-05-11,58.0220832824707,58.08568378488254,57.249786020949614,57.76768127282337,9581500
2023-05-12,58.249229431152344,58.32191770080843,57.876710714083586,58.022083787428286,8740800
2023-05-15,58.094764709472656,58.376426536619334,57.88579114712534,58.34917017030319,8150000
2023-05-16,57.440589904785156,58.05842631589771,57.38607370405145,58.05842631589771,9129600
2023-05-17,57.376983642578125,57.62229785633034,56.99537720769253,57.60412925721071,11583000
2023-05-18,57.058982849121094,57.27704418386257,56.85000928072615,57.24978435079031,13595100
2023-05-19,57.08624267578125,57.331556911632774,56.88635340778796,57.277044177429026,14251400
2023-05-22,55.88690948486328,57.12258227114376,55.82330898550772,57.04989747158052,15055400
2023-05-23,55.78696823120117,56.03228246206366,55.577991201112404,55.886909397197954,13932700
2023-05-24,55.31450653076172,55.814226239312006,55.16913346162041,55.76879780507423,11090100
2023-05-25,54.887474060058594,55.1782202112464,54.651244111956316,54.94199026314412,14463600
2023-05-26,54.751182556152344,55.09644489321543,54.61489725418319,54.92381545766756,12570300
2023-05-30,54.315067291259766,54.696673789584246,54.07883733779612,54.59672914797623,15634200
2023-05-31,54.20603561401367,54.76935583306081,53.942545838697264,54.44226555556008,59432200
2023-06-01,54.514957427978516,54.66941481035998,54.305983840420716,54.46044122280218,13402700
2023-06-02,55.568912506103516,55.71428558563288,54.587645085772245,54.76027453459848,15259800
2023-06-05,55.196388244628906,55.82330893743697,55.01467104692639,55.423533875265235,12915600
2023-06-06,54.79661178588867,55.41444816275045,54.6239788927858,55.37810403094278,10943500
2023-06-07,54.71483612060547,54.84203710875433,54.3514017550656,54.5240311724152,16817900
2023-06-08,54.85112380981445,54.88746794115313,54.49677719418017,54.633065953716645,15585900
2023-06-09,54.941986083984375,55.12369981517907,54.66940855525783,54.76026888682243,12581500
2023-06-12,54.70575714111328,55.10553570060631,54.53312769603881,55.05101949722975,14208900
2023-06-13,54.92381286621094,55.12369865952801,54.55129417952395,54.70575154099474,13397800
2023-06-14,55.29632568359375,55.496214921661206,55.06009231752006,55.178209000556905,14099700
2023-06-15,56.05619430541992,56.12027917433585,55.24139797860591,55.4885839697231,15271400
2023-06-16,56.45901870727539,56.916769804921,56.285074547421,56.3949338329941,26738000
2023-06-20,56.08366394042969,56.724516186959065,56.06535696947962,56.385781346562425,13971800
2023-06-21,56.23930740356445,56.50480391267457,55.82733066397362,56.12944810379496,13948700
2023-06-22,56.62381362915039,56.85268919514108,56.38578457716023,56.58719619278851,15193400
2023-06-23,56.02873611450195,56.73367323734937,56.010425651164695,56.70620579616159,25112100
2023-06-26,56.04704284667969,56.11112771791195,55.2871743844064,56.03788586943876,12856100
2023-06-27,55.928035736083984,56.17522177656275,55.82732992414476,56.04705201313616,9068500
2023-06-28,55.406192779541016,55.8822543358923,55.296333494956464,55.735774125658345,11173200
2023-06-29,54.94844055175781,55.25055445121994,54.71956500971902,55.13154168386157,17142300
2023-06-30,55.13154602050781,55.250558797227725,54.81111814103048,54.930134410114285,19739200
2023-07-03,55.46113204956055,55.506906466945445,54.95760298123417,55.11324019117983,9694500
2023-07-05,55.87310028076172,55.93718515781833,55.0766143142268,55.18647360455758,14716600
2023-07-06,55.44281768798828,55.86394788611782,55.38788629556811,55.598451394632875,12603900
2023-07-07,54.71041488647461,55.38788811242378,54.682950935545605,55.213943935933344,14574000
2023-07-10,54.29843521118164,55.06745717723433,54.14279802553244,54.90266650648278,15480600
2023-07-11,54.49068832397461,54.52730924809945,53.86814658330653,54.43575693778735,15967700
2023-07-12,54.78365707397461,54.97591171635868,54.42661174030017,54.70126172832942,14241300
2023-07-13,55.25055694580078,55.35126274762293,54.91182210615119,55.03999185670164,11269800
2023-07-14,55.75408172607422,55.882251466903256,55.01252373538174,55.05829814391161,11634200
2023-07-17,55.67169952392578,55.937192552960845,55.37873904940379,55.6259216122357,10014300
2023-07-18,55.451961517333984,56.07450322022927,55.305481322085875,55.809006774978535,11152900
2023-07-19,56.431556701660156,56.568883432626876,55.5526754020919,55.63507074219917,12936000
2023-07-20,57.11818313598633,57.13649359953056,56.459020417849196,56.468177395803224,11563000
2023-07-21,57.1639518737793,57.383673922133625,56.98085424124141,57.18226233550578,12815100
2023-07-24,57.18226623535156,57.502694098873086,57.12733833878949,57.14564530940103,10251100
2023-07-25,56.99001693725586,57.11818669769393,56.80691578275974,57.03579135278888,13422700
2023-07-26,57.722415924072266,57.832275215753675,56.20268233508443,56.63296950835216,17145500
2023-07-27,57.1639518737793,57.92382031979274,57.10902398096332,57.72240873316489,11517100
2023-07-28,57.20057678222656,57.46607325721172,56.96254774792645,57.30128258255636,9721800
2023-07-31,56.69705581665039,57.17311741576598,56.513954664319165,57.17311741576598,15577900
2023-08-01,56.55057144165039,57.09071788057295,56.41324471439268,56.84353186692733,9281600
2023-08-02,56.72451400756836,57.30128135652142,56.358315232452426,56.358315232452426,11059400
2023-08-03,56.431556701660156,56.87099735144428,56.330850897933075,56.64212179474231,8037400
2023-08-04,55.58013916015625,56.6604320634627,55.49774382033241,56.468177434661676,9359300
2023-08-07,56.01957702636719,56.147750264899656,55.60760384007135,55.653378250508254,6982600
2023-08-08,55.772396087646484,56.16606233943403,55.49774610770178,56.019582117305916,7956100
2023-08-09,55.90056610107422,56.42240208046302,55.61675915922475,55.76323937287136,7904100
2023-08-10,55.772396087646484,56.51395417662478,55.653383308167626,56.16606233943403,7870300
2023-08-11,56.00126647949219,56.028733919603944,55.56182585370421,55.69915257717205,8483900
2023-08-14,55.73577880859375,56.285078770032506,55.61676253641523,56.13859854749124,7176300
2023-08-15,55.36042404174805,55.75409030191115,55.26887171824264,55.56183216873183,7187400
2023-08-16,55.36957550048828,55.680846404280956,55.296337136729726,55.42450689258013,8372300
2023-08-17,55.488582611083984,55.86393833084244,55.342102415382236,55.46111866575345,12873500
2023-08-18,55.799861907958984,55.92803166204915,55.2688689354553,55.42450613139613,11083800
2023-08-21,55.323795318603516,55.78154639455266,55.22308952311653,55.71746152330887,8648500
2023-08-22,54.98506164550781,55.4611231934941,54.91181979549594,55.24140113582211,9411500
2023-08-23,55.17732238769531,55.33295609769979,55.07661657893288,55.11323750800358,7749500
2023-08-24,55.03083801269531,55.73577512849359,55.012527549541154,55.17731822556484,8955100
2023-08-25,55.28718185424805,55.451972543214,54.93929001172393,55.305492318840265,7629200
2023-08-28,55.44281768798828,55.598451394632875,55.26887002483969,55.43366070973628,6254300
2023-08-29,55.387882232666016,55.506898494664156,55.06745786462912,55.44281362105678,8189600
2023-08-30,55.36042404174805,55.60761007666655,55.19563335180237,55.51605775316116,9447900
2023-08-31,54.77449035644531,55.36041112067022,54.75617989601788,55.20477395321866,14663500
2023-09-01,54.29843521118164,55.04914671466598,54.124487562964084,54.93013045415349,11262300
2023-09-05,53.84983444213867,54.30758550233527,53.71250772713432,54.243500633296826,12474600
2023-09-06,53.81321334838867,53.858991248153814,53.48363202731484,53.66673314928513,13923500
2023-09-07,53.401241302490234,54.16110625981471,53.37377386358594,53.968851649302145,17628600
2023-09-08,53.401241302490234,53.47447965738685,53.10827740581326,53.37377386358594,14312300
2023-09-11,53.90476989746094,54.00547569708757,53.30969207732016,53.465329265569586,14767400
2023-09-12,53.373779296875,54.01463155618385,53.27307349282254,54.00547807052629,12292700
2023-09-13,53.501953125,53.72167521351804,53.41040429199656,53.46533568721709,12641400
2023-09-14,53.94487380981445,54.06483431827228,53.695726686127244,53.74186778019882,12311600
2023-09-15,53.465030670166016,54.11096721049664,53.289706496105666,53.89873157240118,55727500
2023-09-18,53.79723358154297,53.84337115736193,53.17898232141183,53.50194887221595,13617400
2023-09-19,53.68650817871094,53.880288128984674,53.44658712783433,53.76032760354637,11998900
2023-09-20,53.92642593383789,54.28630751164984,53.594233240588956,53.79723929978468,14766600
2023-09-21,53.09593200683594,53.907963178025476,52.98519760343356,53.861825603310145,15941800
2023-09-22,53.15129852294922,53.492724338207324,53.05902336859765,53.38198992889964,14644100
2023-09-25,52.59764099121094,53.04979769944054,52.35772347587198,52.96674865180945,12358800
2023-09-26,52.1639404296875,52.50536625046064,52.04398343110711,52.34849426144323,11194700
2023-09-27,51.62873458862305,52.16393679130613,51.37958746114131,52.06243201491676,13766300
2023-09-28,51.499549865722656,51.97015877711759,51.39804508559966,51.887109731568906,12484800
2023-09-29,51.65641784667969,51.924020715398854,51.32422166758988,51.80406020182278,12271600
2023-10-02,51.195037841796875,51.684102509895034,50.82593369382394,51.5918273529197,11792500
2023-10-03,50.641380310058594,51.14890071807855,50.5491016321912,50.89975356794403,13604200
2023-10-04,50.78902816772461,51.01048997841556,50.48451377793453,50.65061189598875,12100500
2023-10-05,48.33445739746094,50.70596442739462,48.20527079195031,50.512184519128674,29878100
2023-10-06,49.035762786865234,49.17417903310439,47.568565361029975,48.02072204801602,30298900
2023-10-09,48.79584503173828,49.044992161644046,48.08531511017104,48.86966444796702,15704700
2023-10-10,49.857017517089844,50.13384997580907,49.42332013723353,49.949296176686566,20909700
2023-10-11,49.56174087524414,50.087716999902334,48.92503386120304,50.03235331524664,21138900
2023-10-12,48.73125457763672,49.672475950180115,48.380602649809596,49.60787911709719,19330400
2023-10-13,48.805076599121094,49.29414128657668,48.574385177480266,48.66666385817964,14494600
2023-10-16,49.30336380004883,49.42332430761146,48.758931982736875,48.925030063955525,12816800
2023-10-17,49.89393615722656,49.92161799905162,49.100357170908126,49.19263584377739,16457200
2023-10-18,49.875484466552734,50.31841157202336,49.75552394213203,49.92162204669248,12809500
2023-10-19,50.15230941772461,50.530643176435255,49.70015624076555,49.97698521932212,16202200
2023-10-20,50.35531997680664,50.770565212913404,50.235359459693235,50.318408506914594,15686400
2023-10-23,49.903167724609375,50.65060564351523,49.875482361636564,50.17999671383642,21212700
2023-10-24,51.34267807006836,51.831742717830224,51.02893762129794,51.35190769742507,25290800
2023-10-25,51.78561019897461,51.87788888119694,51.26886365881676,51.45341398311782,16701000
2023-10-26,51.47186279296875,52.25621564598471,51.41649911115747,52.01629462456474,16228400
2023-10-27,50.97357177734375,51.80405868060982,50.8443816403247,51.25962685199338,13626500
2023-10-30,51.81329345703125,51.93325045893531,51.13967142444794,51.148901052330814,15014300
2023-10-31,52.12702560424805,52.33926125074987,51.81328518766468,52.200845015171204,16639400
2023-11-01,52.08088684082031,52.486905939299156,51.914788758728285,52.41308300500437,14110800
2023-11-02,52.680686950683594,52.73605415254919,52.00706850163983,52.13625511925489,13087200
2023-11-03,52.357723236083984,53.14207261117425,52.32081176617888,52.966748409232245,13958700
2023-11-06,52.5699577331543,52.856012818347665,52.35772206605,52.394630015058816,12673200
2023-11-07,52.763736724853516,52.96674628110347,52.348491505283775,52.523815700181494,10449300
2023-11-08,52.680686950683594,53.031338855689704,52.52381497210007,52.89292261106138,13744000
2023-11-09,52.28390121459961,52.72682830102605,52.0162983331946,52.62532351703991,12021100
2023-11-10,52.339263916015625,52.53304383963672,51.730238784584145,52.47767663857157,11678900
2023-11-13,52.533042907714844,52.68991136117637,52.22852858736547,52.24698432072645,12798200
2023-11-14,52.68991470336914,52.81910484509071,52.42231535283875,52.61609528531396,12697100
2023-11-15,52.79142379760742,52.91138432183116,52.366952428904,52.874472849751285,10201900
2023-11-16,52.736053466796875,53.08670184717201,52.42231303378088,52.82832861530164,16010400
2023-11-17,52.837554931640625,52.91137786679419,52.320808465850824,52.7729616234169,14475800
2023-11-20,52.96675109863281,53.13284920156797,52.560731949203905,52.64378100067148,13051000
2023-11-21,53.548091888427734,53.55732151657208,52.902158721193814,53.02211572649625,13891600
2023-11-22,53.90796661376953,54.0187010242294,53.640367255337026,53.760324253227914,11320600
2023-11-24,54.04637908935547,54.21247717336467,53.834143430915105,53.94487431356414,4816000
2023-11-27,53.94487380981445,54.157109466272914,53.769549620584755,54.01869674427196,16246500
2023-11-28,54.05561447143555,54.28630588822371,53.852604898239036,53.88951636974234,13739600
2023-11-29,53.732643127441406,54.13865874432922,53.61268260787872,54.0556132154838,11263600
2023-11-30,54.35581970214844,54.374422393827246,53.57452439214176,53.909365746159,22727500
2023-12-01,54.541839599609375,54.58834455179634,54.16979643401325,54.19769869570534,15371200
2023-12-04,54.47672653198242,54.83947009025831,54.355810829857106,54.49532922062478,14942200
2023-12-05,54.560447692871094,54.71856880368498,54.33721893292819,54.45813465906813,11891500
2023-12-06,54.5046272277832,54.625542926440836,54.14188367991027,54.467425399665444,14868500
2023-12-07,54.63485336303711,54.77436822039205,54.30931159967471,54.56974217188428,11587900
2023-12-08,54.513938903808594,54.64415419291264,54.29071015955842,54.63485462144829,11178700
2023-12-11,54.91388702392578,54.96039197671455,54.41162501836598,54.71856409335268,14524800
2023-12-12,55.26731872558594,55.26731872558594,54.78366303568042,55.06269625619511,12899000
2023-12-13,55.74169158935547,55.82540193013643,55.11851381951929,55.29523762122395,16196800
2023-12-14,54.91388702392578,55.84400027210298,54.66275602114588,55.77889262857861,22478300
2023-12-15,54.5046272277832,55.034791420535946,53.76053744392848,54.718556366985155,65177400
2023-12-18,54.89528274536133,55.33243709475221,54.523236037611596,54.69065670128894,16717700
2023-12-19,54.71855926513672,55.062700143128104,54.54183549279237,54.87667680028676,14612200
2023-12-20,53.58382034301758,54.56973803338329,53.5466149646377,54.41162049741904,17701000
2023-12-21,53.937259674072266,54.01166687629318,53.45360044128679,53.8070408610109,11725100
2023-12-22,54.24420166015625,54.37441694074828,53.965168409159,54.05817831012465,9029400
2023-12-26,54.467437744140625,54.606952614426746,54.0023810803187,54.0023810803187,6422500
2023-12-27,54.6069450378418,54.66275310707346,54.31861221706219,54.54183739778831,8560100
2023-12-28,54.64414978027344,54.755762369335294,54.439523743576515,54.5511398807386,8400100
2023-12-29,54.81157302856445,54.85807798052991,54.5325397686713,54.63485279185555,9244300
2024-01-02,55.63937759399414,55.69518566958305,54.56974587452788,54.69066159758684,16322600
2024-01-03,55.769588470458984,55.992817207028104,55.58356511466811,55.74168620892549,14830600
2024-01-04,55.58356475830078,56.048621370746105,55.49055485505187,55.85329844506316,12912900
2024-01-05,55.49985885620117,55.76029299266697,54.96039498771615,55.6207745785567,10412800
2024-01-08,55.90911102294922,55.97421867009214,55.267330575253716,55.50916202015658,11554600
2024-01-09,55.80678939819336,55.93700467242646,55.453345405203436,55.79748982779105,10493700
2024-01-10,55.99281692504883,56.18813985100042,55.788190879899325,56.01141961534427,12258000
2024-01-11,55.63007354736328,56.048621662260686,55.51845740516361,56.03932209112757,13754200
2024-01-12,56.16954040527344,56.23464805101817,55.68588107395502,55.8812075592898,13218000
2024-01-16,55.797489166259766,56.20673767301179,55.66727034547042,56.1695322956434,11826900
2024-01-17,55.797489166259766,56.00211164558574,55.639368086494166,55.67657346386255,8982100
2024-01-18,55.95561599731445,56.020723644479475,55.369643624728575,55.51846161083444,10397700
2024-01-19,55.6486701965332,56.0672182659932,55.47194643128564,56.04861557764609,14392600
2024-01-22,55.40684509277344,55.87190171000209,55.28592937882588,55.58356533000418,14314300
2024-01-23,55.667274475097656,55.806792876529116,55.30453088909627,55.36963853027086,14481600
2024-01-24,54.792972564697266,55.630075926493234,54.77436987353507,55.620772806861865,16370500
2024-01-25,55.0255012512207,55.034800822813914,54.560444613347606,54.885982840618546,14899700
2024-01-26,55.220829010009766,55.33244516747914,54.99760379127277,55.10921640064127,13025100
2024-01-29,55.555660247802734,55.61146831635295,55.03479558563478,55.19291667247693,14547100
2024-01-30,55.71377944946289,55.82539203468646,55.29522781974938,55.66727095319464,22061500
2024-01-31,55.332435607910156,56.22534342479568,55.146412259033944,55.899801677237235,22837000
2024-02-01,56.71830749511719,56.746209758177386,55.211524972156354,55.40684790977893,15870900
2024-02-02,56.30905532836914,56.615990846709316,56.02071895214624,56.569485895215394,17544900
2024-02-05,55.843994140625,56.16023275220736,55.69517617918037,56.16023275220736,12759600
2024-02-06,55.7509880065918,55.85330103376786,55.50916011807609,55.76959069772386,12775200
2024-02-07,55.797489166259766,56.00211164558574,55.750980670499246,55.871896372896465,10259900
2024-02-08,55.6486701965332,55.77888546686298,55.258020837443866,55.70447471347453,12874800
2024-02-09,55.397544860839844,55.416147551079156,54.90458243974899,55.313834528813125,15235300
2024-02-12,55.52775955200195,55.58356407402415,54.839474212892036,55.49055417192026,13516800
2024-02-13,55.20222091674805,56.4206705724997,54.68135975858288,55.34173932588545,24195700
2024-02-14,55.14641571044922,55.4254489771771,54.913887396825906,55.03479956527767,15872500
2024-02-15,55.24872970581055,55.42544994994971,54.997598696917706,55.267328848898416,13695800
2024-02-16,55.239418029785156,55.453343623164876,54.839469101436116,55.202212653171294,13947100
2024-02-20,56.45787048339844,56.58808576032067,55.35103353335902,55.43474386110906,18339300
2024-02-21,56.960140228271484,56.99734206382934,56.57879391602317,56.727611902556646,14373000
2024-02-22,56.87642288208008,56.9694327816672,56.271847890463114,56.727604913880555,12982800
2024-02-23,56.922935485839844,57.313581374353014,56.73691211355232,56.82062245367667,13612900
2024-02-26,56.46717071533203,56.98803537722151,56.42066576561517,56.96013311701143,10336100
2024-02-27,56.12303161621094,56.53228015408683,55.91840557322282,56.3090549691001,9931100
2024-02-28,56.17884063720703,56.262550970018744,55.86260199637393,56.15093482753619,8076500
2024-02-29,55.82539367675781,56.402062856825424,55.713781088251224,56.13232918217597,18152700
2024-03-01,55.3696403503418,55.71378480569177,55.19292011107322,55.71378480569177,10927600
2024-03-04,55.63007354736328,55.76028883182918,55.08130659989959,55.090606171032704,10150200
2024-03-05,55.36033630371094,55.90910321593037,55.26732285785162,55.72307987231189,12310000
2024-03-06,55.38823699951172,55.80678862381031,55.230119468165626,55.36033474059184,12378800
2024-03-07,55.285926818847656,55.592865875094155,55.09990701905005,55.518455116694916,13686900
2024-03-08,55.36033630371094,55.61146728538087,54.84877476983523,55.15571027092059,13239000
2024-03-11,56.03002166748047,56.076526618639214,55.41614708712412,55.60216689175911,14114300
2024-03-12,56.27184295654297,56.5043712332229,56.002109304050265,56.10442231348542,12684600
2024-03-13,56.84851837158203,56.93222870236165,56.55088242838791,56.6252931882366,13909500
2024-03-14,56.721946716308594,57.003211852498374,56.62819286307209,56.796952660082,13996600
2024-03-15,56.14066696166992,56.67507181244771,55.9156526987991,56.27192379147775,36849900
2024-03-18,56.37505340576172,56.628193102346195,56.06565925110949,56.15003914997098,15856700
2024-03-19,56.468807220458984,56.58131256003665,56.30942495409732,56.47818475170394,15030600
2024-03-20,56.95634078979492,57.012595253416634,56.403184415196954,56.42193590307085,15258800
2024-03-21,56.69383239746094,57.18136039818741,56.553198013537184,56.778212312519,13067100
2024-03-22,56.712581634521484,56.9938468147165,56.65632716789016,56.740707079596746,11502800
2024-03-25,56.628196716308594,56.91883582700631,56.36567947171907,56.70319908870525,13144700
2024-03-26,56.75945281982422,56.918835094416046,56.60944450048114,56.72194984586834,13277400
2024-03-27,57.218849182128906,57.59387175200729,56.90945860198748,56.9938385013861,12551200
2024-03-28,57.35948181152344,57.434484177350875,57.19072201781148,57.32197884036963,13683500
2024-04-01,56.89071273803711,57.47199455996118,56.843835806289796,57.35948920847151,11668700
2024-04-02,56.39380645751953,56.93758526135104,56.35630348443313,56.67507160270689,13017300
2024-04-03,56.093788146972656,56.61881544854755,56.04690764377753,56.30004733981411,13672900
2024-04-04,55.596885681152344,56.39380778381938,55.47500280399518,56.337553322866746,14320700
2024-04-05,55.79377365112305,55.95315951002272,55.231243320080864,55.5500114613996,10157800
2024-04-08,55.56875991821289,55.75627121049239,55.38124862593339,55.69064279466663,10284500
2024-04-09,55.99066162109375,56.00941310870297,55.43750525430369,55.765647346263655,10779100
2024-04-10,55.24061584472656,55.68126685773183,55.02497910419733,55.61563844002643,11861900
2024-04-11,55.36249923706055,55.66251588548493,55.11873705139594,55.45625667499352,11109000
2024-04-12,54.64058303833008,55.32499624081759,54.49995224620502,55.26874535455979,12250900
2024-04-15,54.50932312011719,55.137485400834294,54.41556926400077,54.94997411212111,12425000
2024-04-16,54.434326171875,54.73434283310394,54.31244328560052,54.61245994682946,11236800
2024-04-17,54.85622024536133,54.90310075294728,54.471823687928406,54.64058350109219,13805100
2024-04-18,55.23124694824219,55.29687537195891,54.884353340527966,54.95935572056956,11125900
2024-04-19,56.41256332397461,56.59070068617702,55.31562801064388,55.40938188176446,21207900
2024-04-22,56.768829345703125,56.84383529701134,55.99066227152375,56.38443278645005,15624500
2024-04-23,56.853206634521484,56.89070960844853,56.37505623463319,56.75007524446233,13689100
2024-04-24,57.70637893676758,57.80013637047396,56.103164373432726,56.553189325782135,19548300
2024-04-25,57.884521484375,58.681440071989954,57.537624313148086,58.006400794446456,19048500
2024-04-26,57.884521484375,58.06265525973532,57.518872824718464,57.706384132533955,10994300
2024-04-29,58.1657829284668,58.17515688384022,57.68762894537085,58.05327400510276,13409300
2024-04-30,57.91263961791992,58.90644692034786,57.631374479943794,58.25953316887447,19349200
2024-05-01,58.06264877319336,58.6626820299849,57.387609571062725,57.94076590025748,16729800
2024-05-02,58.11890411376953,58.50330064826232,57.86576440913081,58.29703787193142,10991300
2024-05-03,58.28765869140625,58.43767058011602,57.79075682773611,58.11890246956832,11628700
2024-05-06,58.4564208984375,58.48454991696978,58.03452496173791,58.40954396952426,9310700
2024-05-07,58.709564208984375,58.89707551262416,58.36267062196319,58.84082104858803,9807000
2024-05-08,58.92520523071289,59.03771416694631,58.578311618528765,58.92520523071289,10484400
2024-05-09,58.953330993652344,59.206470721460825,58.831448107711815,58.887702572718375,9113700
2024-05-10,59.30959701538086,59.40335445464424,58.86894956852512,58.99082887484659,8371700
2024-05-13,59.609615325927734,59.647114723945506,59.23459273390605,59.29084719565345,10137600
2024-05-14,59.159584045410156,59.778368790055566,58.87831890265867,59.60961256558894,10852200
2024-05-15,59.18771743774414,59.431479625750306,59.065834555500764,59.12208901880092,9838900
2024-05-16,59.365840911865234,59.75023740322128,59.13145272014862,59.29083855028551,10228000
2024-05-17,59.093963623046875,59.41273178166944,59.00958371116206,59.38460633653477,11539000
2024-05-20,58.66268539428711,59.07520738786933,58.559554001771424,59.00020501470916,11000900
2024-05-21,58.98145294189453,59.04708135893849,58.54080193333035,58.897073037626505,9796200
2024-05-22,59.06583023071289,59.08458171710663,58.74706211497998,58.79393904272417,7419400
2024-05-23,58.2126579284668,58.9533255552304,58.175154955255394,58.58768050762012,9834300
2024-05-24,58.12828063964844,58.52205114662572,58.10015519671593,58.33454342510161,8203100
2024-05-28,57.95952224731445,58.25016494515748,57.565751730701926,57.93139680369374,12347000
2024-05-29,57.84701156616211,58.015771365297645,57.25635226918773,57.63137483981787,11861800
2024-05-30,58.10015869140625,58.203290090336125,57.7532615174638,57.98764975994779,9433800
2024-05-31,59.00019836425781,59.0939522142603,57.837631311234354,58.118900014202055,19816600
2024-06-03,59.00019836425781,59.15020667014986,58.550173446581674,58.7939356024762,9369000
2024-06-04,59.94713592529297,59.97526494654582,59.00958295042863,59.253348726722585,11895600
2024-06-05,59.92837905883789,60.06901342303978,59.39397419723945,59.9940110515511,9632500
2024-06-06,60.14402389526367,60.340909158772384,59.85338118974078,59.92838356687141,8658500
2024-06-07,59.91900634765625,60.20964903735043,59.82525248722872,60.087762581129695,9523100
2024-06-10,59.618988037109375,59.994010621304625,59.41272525815394,59.947130115919904,15685300
2024-06-11,59.58149337768555,59.675250825057944,59.131468359740815,59.618996356634504,8396000
2024-06-12,58.953330993652344,59.71274660059707,58.77519364270525,59.71274660059707,9569600
2024-06-13,59.05645751953125,59.10333444826269,58.55017810567865,58.93457464364516,9668900
2024-06-14,59.09897232055664,59.23124762278919,58.66435244058351,58.93835334048331,8179200
2024-06-17,59.16511154174805,59.42966575746534,58.74938863738055,58.92890460885547,10532700
2024-06-18,59.174560546875,59.3540765144348,58.99504097508352,59.080075613239565,10651700
2024-06-20,58.749393463134766,59.278498333798964,58.532083499531275,58.95725673450857,13306300
2024-06-21,59.30683898925781,59.618630276180824,58.74939046611001,58.74939046611001,28278100
2024-06-24,60.44063186645508,60.52566290325324,59.439113161461144,59.51470111092414,13212500
2024-06-25,60.317806243896484,60.53511620303867,60.00601134323684,60.41228758118196,10235300
2024-06-26,60.51622009277344,60.57290745089822,59.74145802416044,59.90208061538824,9402500
2024-06-27,60.383941650390625,60.72407661448102,60.109940736549724,60.516220563585165,8494100
2024-06-28,60.13828659057617,60.52566221234076,60.015457976216815,60.374493523603995,17358800
2024-07-01,59.7886962890625,60.75242458925433,59.63752399974904,60.49731707101276,10033400
2024-07-02,59.66586685180664,59.88317677629532,59.39186597144774,59.7697948645549,8878200
2024-07-03,59.835941314697266,60.15717927984855,59.458008784517816,59.70366240617225,9154200
2024-07-05,60.24221420288086,60.27056148552855,59.52414671723334,59.8359415967358,11735500
2024-07-08,59.486351013183594,60.08159347222972,59.37297269858535,60.08159347222972,11235100
2024-07-09,59.23125076293945,59.74145861651229,59.13676942897346,59.58083962792372,11657500
2024-07-10,59.363525390625,59.39186906792214,58.85331757388698,59.25959376822671,11930400
2024-07-11,59.618629455566406,59.95876802151471,58.95725291536896,59.18400955651328,11431600
2024-07-12,60.18552780151367,60.57290703101903,59.89262990438258,59.95876755789093,9201500
2024-07-15,59.911529541015625,60.412287112360154,59.85483857654509,60.27056510753176,8207500
2024-07-16,60.72407531738281,60.761869291773955,59.89262950616838,59.930423480559526,9025100
2024-07-17,61.612220764160156,61.78229005868261,60.85636283953245,60.91305020155189,12508200
2024-07-18,61.59331512451172,62.1791036380635,61.149244987811045,61.224832927773434,11128200
2024-07-19,61.68780517578125,62.01849344933997,61.24373497623223,62.01849344933997,13775700
2024-07-22,61.19648742675781,61.68780187126647,60.77131784188135,61.65000789796093,11794200
2024-07-23,61.375999450683594,62.396414979066726,61.27206783898925,61.820069571838985,11810300
2024-07-24,62.179100036621094,62.330275907789705,61.253173055331374,61.498823033286925,13244600
2024-07-25,62.424774169921875,63.199532698834304,62.22636119149526,62.39643048849868,16328600
2024-07-26,63.350711822509766,63.40739918822983,62.36808996872907,62.424777334449146,13530100
2024-07-29,63.14284133911133,63.331804008947664,62.727114815314856,63.190078402338514,12140200
2024-07-30,63.945945739746094,64.08767135132234,62.698773333110395,62.8121552640642,13258000
2024-07-31,63.05780029296875,63.87980300804654,62.93497528387305,63.775871381710374,15576800
2024-08-01,64.21047973632812,64.35220531119009,63.01999499933463,63.303446149058566,16495900
2024-08-02,65.5049057006836,65.82614365631461,63.95538886048672,64.74904066272565,22514800
2024-08-05,64.34276580810547,65.71277031691635,63.99318416774193,65.18366189592649,25484300
2024-08-06,64.2955322265625,65.04193981670895,64.03097439752068,64.39001356127412,12969100
2024-08-07,64.68291473388672,65.3631919496309,64.08767577434283,64.29553905787184,13365300
2024-08-08,64.93801879882812,65.06084381954595,64.10656570946387,64.24829132319314,15240900
2024-08-09,64.89076232910156,64.99469394573904,64.48448615728128,64.90965571009802,12080400
2024-08-12,64.4089126586914,64.75850155744737,64.08767465048139,64.67346330273834,11012300
2024-08-13,64.68291473388672,64.82464035524418,64.25774507827887,64.32388274045041,9877600
2024-08-14,64.7962875366211,65.0891818265888,64.37111073249712,64.46559927238924,14328000
2024-08-15,64.8624267578125,65.11752707968428,64.72070115301098,64.83408307854494,11285100
2024-08-16,65.36319732666016,65.47657927476627,64.85298937288033,65.04195207792539,12651200
2024-08-19,65.1742172241211,65.58993650594186,65.0513850110118,65.52379885598424,9843900
2024-08-20,65.5521469116211,65.56159720752144,64.97580140558298,65.18366466460836,11957400
2024-08-21,65.73167419433594,66.26077549134006,65.50491752540053,65.64664314665936,8792400
2024-08-22,65.5049057006836,66.06235057961857,64.99469788133146,66.06235057961857,12509200
2024-08-23,65.93954467773438,65.99623204904185,65.13644234752873,65.57106234730513,11834700
2024-08-26,66.93159484863281,67.00718279922728,65.88284267010532,65.97732400411655,12912200
2024-08-27,67.55517578125,67.58351945689509,67.13000622964823,67.38510651891674,16988400
2024-08-28,67.7913818359375,67.84806918651385,67.36621228968951,67.65910654561756,13272600
2024-08-29,68.07484436035156,68.23546335275027,67.30008586990994,67.93311875180875,17201700
2024-08-30,68.47166442871094,68.56614575682006,67.81973101037035,68.21655691350666,18624200
2024-09-03,68.98187255859375,69.2464231618656,68.26380148652494,68.44332105665796,14755800
2024-09-04,68.55669403076172,69.47317803206711,67.94256180663702,69.25587170279739,18140800
2024-09-05,67.2433853149414,68.67007715258761,67.06387295466824,68.61338979760275,23866100
2024-09-06,67.21504211425781,67.71579964274505,66.97883518886093,67.07331651732703,17485700
2024-09-09,67.8858642578125,68.32048410569567,67.0638688272681,67.30007573645217,12939300
2024-09-10,67.60242462158203,68.42442010477255,67.5740737355554,67.9992505243956,10277600
2024-09-11,67.15835571289062,67.43235661525893,66.67649155986614,67.42290631973908,11418200
2024-09-12,67.30007934570312,67.44179773204357,66.76152785221983,67.08276580587578,12337800
2024-09-13,67.93270874023438,67.98978473048862,67.0479946018796,67.39045780128787,11073800
2024-09-16,68.58909606933594,68.72227820233822,68.13247368700864,68.27516364530973,10786500
2024-09-17,68.30370330810547,68.82691671413886,68.22759716464854,68.39883235848596,12974400
2024-09-18,68.25613403320312,68.85545357285255,67.7995044378408,68.38931615312522,10719700
2024-09-19,67.1811752319336,68.43689779431168,67.16214506369064,68.07539717652173,13635600
2024-09-20,68.15149688720703,68.30370918722227,66.9528504271738,66.98139567683812,48578500
2024-09-23,68.23712158203125,68.68422890577293,67.71390084653886,68.06588636476849,11613000
2024-09-24,67.8565902709961,68.32272770856723,67.16213439806315,67.75194613592564,13330600
2024-09-25,67.97074127197266,68.41785579589721,67.83755914883106,68.2180826111848,12329100
2024-09-26,67.92318725585938,68.12296046080847,67.39045145144634,67.40948161832651,10815200
2024-09-27,68.294189453125,68.68422074405929,67.98025704913401,68.05636319395876,11175700
2024-09-30,68.36078643798828,68.68422669469336,68.19906630963574,68.49396857402944,18015300
2024-10-01,68.21808624267578,69.20744439431002,68.14198009457736,68.5890946423034,13294500
2024-10-02,67.55216979980469,67.9517161562429,66.98138825376708,67.91366308545625,11155500
2024-10-03,67.08602905273438,67.53314358829654,66.7816117265042,67.40947654441231,9374800
2024-10-04,66.75306701660156,66.85771114238571,66.32498268957971,66.5532938467993,12684800
2024-10-07,65.6495590209961,66.68647797045158,65.51637690377945,66.63891707594908,14512000
2024-10-08,65.81128692626953,66.05862828379229,65.50686958542688,65.67810479326849,13549700
2024-10-09,66.18229675292969,66.34401688105886,65.70664419404478,65.8208034210147,9037700
2024-10-10,65.87787628173828,66.50574111347743,65.63053493063967,66.42963496577298,8635200
2024-10-11,66.18229675292969,66.20131966181698,65.64005312611619,66.07765260934444,8786300
2024-10-14,66.91478729248047,67.03846158212066,66.08715662368644,66.18228566795369,7659300
2024-10-15,66.91478729248047,67.74242521915535,66.74355936752792,67.02894650032968,10358700
2024-10-16,67.13359832763672,67.25726537358256,66.562816738675,66.67696870173833,7937300
2024-10-17,66.4962158203125,67.24774758326535,66.19179853411849,67.19066435231106,14674600
2024-10-18,67.00993347167969,67.11457761316214,66.22034849790556,66.46768985576243,15087500
2024-10-21,66.0681381225586,66.90529127880008,65.93495598549875,66.59135884520951,11981200
2024-10-22,66.0681381225586,66.35353256361948,65.33563636872942,65.64005371884939,18603300
2024-10-23,64.6982650756836,65.35466069171312,63.337898425242265,63.727929761389404,24655200
2024-10-24,64.02283477783203,64.72679850472265,63.689872193575084,64.3557901042072,17568800
2024-10-25,63.66133499145508,64.40335180168248,63.5376679423778,63.80403220677924,11138100
2024-10-28,63.42351150512695,64.1179674460126,63.356920436100836,63.69939086477291,10761400
2024-10-29,62.3675651550293,63.10958203270175,62.32951207695859,63.06202112852526,16525900
2024-10-30,62.71002960205078,63.29984136891197,62.13924800134611,62.31999829042396,14177800
2024-10-31,62.129730224609375,62.776617946130415,62.082169327043744,62.605382747554806,13383700
2024-11-01,61.8443489074707,62.46269869728621,61.730189678342825,62.28194839897095,12163100
2024-11-04,61.939476013183594,62.234378273430394,61.50187653550442,61.910938021273516,10984500
2024-11-05,62.18681716918945,62.28194622787213,61.492361250830214,61.492361250830214,8780200
2024-11-06,60.59813690185547,61.701650696481785,60.103457803720765,61.28307412093801,22899300
2024-11-07,60.560081481933594,61.25453375754734,60.50300187049405,61.15940470075567,14856100
2024-11-08,60.80742263793945,61.111839991578265,60.636191051841095,60.79791118329997,14719300
2024-11-11,60.27469253540039,60.997686453428464,60.170048392348356,60.87401577264505,13980900
2024-11-12,60.12248611450195,60.6457032204193,60.04637996072575,60.5791121503357,15021000
2024-11-13,59.932220458984375,60.17955818477951,59.44705646152659,59.97978498752872,13177600
2024-11-14,59.50413131713867,60.03686346199125,59.38997572500627,60.03686346199125,15910800
2024-11-15,58.733577728271484,59.580238675938126,58.400618770115905,59.447056544252256,26284300
2024-11-18,58.84773635864258,59.11410063575587,58.56234554331532,58.83822127506504,16062100
2024-11-19,59.54218292236328,59.57072091245735,58.62893094994563,58.88578374761448,16254800
2024-11-20,59.92271041870117,59.941733327415015,58.999943301616774,59.64683106611744,18904900
2024-11-21,60.655208587646484,60.702776743453114,59.88465381717379,60.07491555357795,17292300
2024-11-22,60.80742263793945,61.34015845021903,60.55057344432136,61.111839991578265,19562200
2024-11-25,61.24501419067383,61.558946587196566,60.731312241090336,61.18793821235379,36805300
2024-11-26,61.4067497253418,61.492363704207385,60.94060498079947,61.17843126593576,14473300
2024-11-27,61.29258346557617,61.92995609474509,61.12134826960289,61.79677397097491,13263400
2024-11-29,61.421993255615234,61.58493997983592,61.1248505946379,61.36447705482555,10648400
2024-12-02,61.009822845458984,61.527424721388456,60.72226381007703,61.39323245499156,16500100
2024-12-03,60.88521957397461,61.42199234363512,60.41554294346349,61.076924395743745,24874500
2024-12-04,59.629554748535156,60.722267447759506,59.33241575698851,60.65517131054153,28137700
2024-12-05,60.310096740722656,60.50180153589301,59.52411037134256,59.87876552217041,21040400
2024-12-06,59.936275482177734,60.731849116720596,59.91710463666846,60.22383450835196,15581100
2024-12-09,60.00337600708008,60.319689496448376,59.33241464744764,60.08964298995642,22348300
2024-12-10,60.30051803588867,60.425126711323124,59.22697621493648,60.099229630047354,14949400
2024-12-11,60.04172134399414,60.990658213211496,59.81167848000929,60.38678929643682,32819000
2024-12-12,61.19194412231445,61.26862385500773,60.59766248219686,60.91397232131266,17542100
2024-12-13,60.50180435180664,61.19194018395472,60.49222075701125,60.933139246899195,13429000
2024-12-16,59.955448150634766,61.211111146184,59.763743346178124,60.607242291908335,24559700
2024-12-17,60.77019500732422,60.9139708738822,59.73499121707398,59.859599893263024,21902400
2024-12-18,60.243003845214844,61.000235815736424,60.18549496310159,60.204665809294355,20946100
2024-12-19,59.859596252441406,60.549728414167376,59.81167096650369,60.099226338594924,21300600
2024-12-20,59.955448150634766,60.444295584822456,59.696647213088056,59.87876842273112,42458100
2024-12-23,59.792503356933594,60.156738474945364,58.97775882603696,59.9075247807023,13010800
2024-12-24,60.233421325683594,60.233421325683594,59.437847648573296,59.61996886242342,5019100
2024-12-26,59.97462463378906,60.137575012655795,59.81167791138769,60.0225499252915,7943800
2024-12-27,59.859596252441406,60.33885642474844,59.62954976088946,59.859596252441406,8542800
2024-12-30,59.4570198059082,59.75416244905419,59.121539125312076,59.75416244905419,8972200
2024-12-31,59.6774787902832,59.84042916045093,59.23656028165433,59.447435940766034,9256700
2025-01-02,59.27490234375,60.1471557712255,59.06402668332784,59.763746144360695,12991000
2025-01-03,59.18863296508789,59.50494644291951,59.06402429293012,59.33241248345954,10403200
2025-01-06,58.287628173828125,59.016102085649436,58.14384864795269,58.94900594863163,17924200
2025-01-07,58.316383361816406,59.159882367705755,58.10550769622775,58.57518431782104,17799600
2025-01-08,59.15029525756836,59.2078078000846,58.40265048718362,58.460163029699864,14412400
2025-01-10,58.536842346191406,59.092785950491574,58.21094525385189,59.025689812933315,22425000
2025-01-13,59.09278106689453,59.28448221180953,58.1917695973482,58.59435004589261,18016200
2025-01-14,59.466609954833984,59.4953643984388,58.75730320870378,59.10237115782305,16658300
2025-01-15,59.20780563354492,60.02254651215287,59.121538651159895,59.74457837465902,16187200
2025-01-16,59.66789627075195,59.71582156055991,58.77647198575603,58.872322565371945,12585500
2025-01-17,60.10881423950195,60.16632678062648,59.59121233877683,59.72540826806738,17948900
2025-01-21,59.830841064453125,60.60724389766363,59.71581964131772,60.29093406992499,19817100
2025-01-22,59.21738815307617,59.706235596533524,59.10236673080712,59.54328522989271,18191900
2025-01-23,58.97775650024414,59.40909139294849,58.82439338911203,59.23655743586675,16528400
2025-01-24,59.35158157348633,59.43784855597835,58.891492219017266,59.15988041813976,19244600
2025-01-27,61.22069549560547,61.5178381289991,59.87876916079839,60.26217511797253,20742900
2025-01-28,59.77333068847656,61.38364519802043,59.69664730399113,60.87562691696699,14956000
2025-01-29,60.22383499145508,60.731849603898894,59.95544680863717,59.96503405970117,11325600
2025-01-30,61.39323425292969,61.62327710021416,60.6072441647232,61.201525786084076,13201000
2025-01-31,60.84687423706055,61.27820914611234,60.760607255250186,61.05774989403367,12096800
2025-02-03,60.72226333618164,60.99065152334587,59.840426360189866,60.55931663010424,12067900
2025-02-04,60.07046890258789,60.99065122245202,59.763742681454836,60.97148037657308,15678000
2025-02-05,60.50180435180664,60.664754715048275,59.993789728955974,60.11839840008605,10686800
2025-02-06,60.73185348510742,61.09609226305321,60.300518571285465,60.98106718172391,13423400
2025-02-07,61.19194412231445,61.26862385500773,60.645587772188314,60.79895089404012,13184700
2025-02-10,61.872493743896484,61.96834431975928,61.01940753027115,61.4411551831186,16154300
2025-02-11,64.79598236083984,64.86307850127587,63.65534797342753,64.70013177634993,30589100
2025-02-12,65.85994720458984,65.965385051872,64.09627287356368,64.09627287356368,26033800
2025-02-13,66.6171646118164,66.72260243580476,65.90786159738292,66.13790443475298,24393100
2025-02-14,66.0133056640625,67.12518557727341,65.9078678301032,66.48297863437992,20779100
2025-02-18,66.18583679199219,66.49256302861882,65.58196425746483,65.70657659020493,15569100
2025-02-19,67.16352081298828,67.2210296940057,66.30085103307741,66.33919272473233,16032300
2025-02-20,67.134765625,67.16352006518855,66.5404803803604,66.81845215706619,13398000
2025-02-21,68.39042663574219,68.63005672718693,67.22103061942306,67.40315182905867,21662300
2025-02-24,67.66195678710938,68.7546768559739,67.4127467290409,67.90158690574273,21418400
2025-02-25,68.52462768554688,68.79301225229827,67.79615737948765,67.92076241035623,21555600
2025-02-26,67.86324310302734,68.32332877170428,67.60443851558294,68.31374152066898,14531200
2025-02-27,67.93033599853516,68.57254284164203,67.49899747765136,67.78655649157389,16789500
2025-02-28,68.25623321533203,68.60130112621164,67.63319352552551,68.48627605160847,22167400
2025-03-03,69.32019805908203,69.35853975430605,66.83763362500441,67.32647378501676,21717600
2025-03-04,67.2785415649414,69.63650060323283,66.98139530194152,69.08055707935378,25411900
2025-03-05,67.17311096191406,67.80573061918598,66.9430608020604,67.00057699848895,23933600
2025-03-06,67.537353515625,67.60444965807118,66.56924576353215,67.48943187840977,21694000
2025-03-07,68.46710968017578,68.84093203593918,66.76094460762899,66.76094460762899,28393300
2025-03-10,68.48627471923828,70.18285980021172,68.36166970887308,68.97512213562908,25251200
2025-03-11,68.0932846069336,69.0518049297008,67.68112057562651,68.89843816785178,28076400
2025-03-12,67.0389175415039,67.79614951726941,66.84720907824864,67.45108159634006,18923300
2025-03-13,66.73219299316406,67.33605821352727,66.40629225389085,67.33605821352727,15746600
2025-03-14,66.78047180175781,66.87702970990786,66.02730243763668,66.15283434843828,14205100
2025-03-17,67.70744323730469,67.75571850954078,66.70322475189904,66.85771593670952,15634800
2025-03-18,66.9928970336914,67.77503304268328,66.91565512640886,67.69778376850448,12657600
2025-03-19,66.89634704589844,66.99290496660764,66.18180959237378,66.19146759451384,14780000
2025-03-20,67.3115463256836,67.40810423719846,66.71287548725715,66.92530731272771,16295300
2025-03-21,66.30733489990234,67.56260998396056,65.83419592626689,67.31155349376947,47479500
2025-03-24,66.57769012451172,66.70322203438347,65.97902667827829,66.43285694680758,12575400
2025-03-25,66.44251251220703,66.70322698521743,66.23973868147488,66.57769506602847,12513900
2025-03-26,67.61087799072266,67.92952572859517,66.52941759585319,66.54872623137739,14478200
2025-03-27,68.30610656738281,68.54750502875585,67.65916045895821,67.76537637131406,11663400
2025-03-28,67.94884490966797,68.86615616135613,67.137742208676,68.37370121314304,17412900
2025-03-31,69.15583038330078,69.46482010362061,68.06470467803386,68.29645249344576,24016900
2025-04-01,69.39722442626953,69.43584905971912,68.74062039141774,69.2137592591079,15309100
2025-04-02,68.87580871582031,69.8703691683548,68.60544362583768,69.48413016828124,14606500
2025-04-03,70.66216278076172,71.40566685162943,69.83175142702032,69.9862499890638,24959600
2025-04-04,67.52397155761719,70.49800209000591,67.38878902131731,69.9282979439744,26517300
2025-04-07,66.01766204833984,66.99290664895979,63.777484343903325,63.95129155230345,34258400
2025-04-08,66.06592559814453,67.57225692583422,65.42863752507644,66.58734713077989,22774400
2025-04-09,67.54328155517578,68.04539444319651,64.96514794624488,65.5831273723505,27918700
2025-04-10,68.3254165649414,68.75993081046681,66.60666084972253,67.77502841605788,22450200
2025-04-11,68.97236633300781,69.3779139662701,68.11298842909176,68.47026079185872,19988200
2025-04-14,69.957275390625,70.16005659331273,68.4895758981352,68.84684829466019,13930200
2025-04-15,69.3875732421875,70.13107725016427,69.25239069528264,70.12142661602554,14965500
2025-04-16,69.2137680053711,70.16970386163544,68.9337449026479,69.8703721231953,15276200
2025-04-17,70.48834228515625,70.90354788370354,69.25238348954446,69.42619065560834,20754500
2025-04-21,70.2662582397461,70.94217832618618,69.34894706795127,70.85527105258988,16037200
2025-04-22,71.35737609863281,71.82085695043966,70.41109102860958,70.48834029287583,15613500
2025-04-23,70.77802276611328,71.40565279186814,69.88967094307345,70.768364766163,16353900
2025-04-24,70.02486419677734,70.90355815440967,69.81243973361352,70.50766113167953,16893900
2025-04-25,69.43585968017578,70.41110419808646,68.68269026305236,70.15039709104516,16316000
2025-04-28,69.31997680664062,69.77380705183828,68.85648856112718,69.59999988063271,15997500
2025-04-29,69.86071014404297,70.20832450232723,67.8619312673565,68.74062516382395,16244100
2025-04-30,70.05384063720703,70.95184326202924,69.22342929094577,70.82631133977546,21074700
2025-05-01,68.83718872070312,69.5613841320863,68.77925544519941,69.52275949278493,18034200
2025-05-02,69.1847915649414,69.34894072941358,68.65371207177208,69.03995103345018,12629600
2025-05-05,69.23307037353516,69.32963564406757,68.56681568161564,69.20410373913376,11932700
2025-05-06,69.25238800048828,69.42619517787357,68.71165783391007,69.21376336474755,12705500
2025-05-07,69.90899658203125,70.18901968403547,69.20410982637972,69.25239246589291,15018200
2025-05-08,68.72130584716797,69.9765806767391,68.68268121290009,69.71586623715483,14371100
2025-05-09,68.09367370605469,68.7020025342676,68.03574043361395,68.54750398523058,11228900
2025-05-12,67.13772583007812,67.9102037028684,66.33628132626484,67.73639654983533,21539000
2025-05-13,66.58734893798828,67.29223566796773,66.50044903030523,67.19567039245828,14389100
2025-05-14,66.78047180175781,66.95427161629019,66.22042562083293,66.51009934528305,16286800
2025-05-15,69.14616394042969,69.2620378339884,67.20531858296833,67.30187647748635,19817100
2025-05-16,69.52275085449219,69.77380729530867,68.97236270490329,69.38756831718234,18441200
2025-05-19,69.45516204833984,69.6869024966736,69.17513896344255,69.5517199545709,13282800
2025-05-20,69.22342681884766,69.64828311167398,68.97237035020261,69.32964273377839,12137800
2025-05-21,69.37791442871094,69.60000424853749,69.11720733898919,69.2234232484415,12094400
2025-05-22,68.69235229492188,69.5131056704549,68.51854509106452,69.36826510609093,11101800
2025-05-23,69.30066680908203,69.50344799880062,68.25783105841015,69.07858435085139,12822100
2025-05-27,69.31031799316406,69.7351815993255,69.09788619008334,69.27169335924978,10666100
2025-05-28,68.70198822021484,69.42618344242324,68.60543033063267,69.23306029636414,8710900
2025-05-29,69.03031158447266,69.19446815995514,68.03575096353126,68.5571725968874,10291100
2025-05-30,69.61931610107422,69.97658848273461,69.14617717058081,69.14617717058081,28019500
2025-06-02,69.52275085449219,69.5613754889944,68.90477143624837,69.55171748864491,10202700
2025-06-03,68.71165466308594,69.31031807220083,68.04539261937222,69.24272680449768,20139800
2025-06-04,68.91443634033203,69.37791726699777,68.24817422049146,68.80822042653436,13565900
2025-06-05,68.47026824951172,69.00134048418063,68.39301896802996,68.92409120269888,13531400
2025-06-06,68.8951187133789,69.02065062685098,68.49922907147304,68.6344116191381,9524000
2025-06-09,69.30066680908203,69.35860744910008,68.64406270174976,68.89511916343761,12281300
2025-06-10,69.86071014404297,70.1890158677097,69.2910133366247,69.42619587963567,12265000
2025-06-11,69.59033966064453,69.87036272570492,69.29100796246418,69.78345545942628,12718500
2025-06-12,69.7544937133789,69.90899225674505,69.13651427370635,69.7641517140633,12806900
2025-06-13,69.06404876708984,69.90036426836417,68.78204212949082,69.79339316336805,17467200
2025-06-16,68.57781219482422,69.6475231359899,68.30552483499082,69.23908467696567,15045900
2025-06-17,67.7026138305664,68.51947601729034,67.66371457130217,68.44167749876185,15437000
2025-06-18,67.30389404296875,68.07213762938471,67.18719627895109,68.07213762938471,16227600
2025-06-20,66.94408416748047,67.64425594091952,66.88573899278538,67.18719895440934,40859400
2025-06-23,67.81929779052734,67.88736963299863,67.0705075233433,67.23582379516291,21822800
2025-06-24,68.27635955810547,68.41250325259621,67.77068403846482,68.01379883852329,15216100
2025-06-25,67.71233367919922,68.09159218628271,67.51784480043466,68.00407441662121,12540400
2025-06-26,67.5567398071289,67.99434346643818,67.24555316913073,67.78040126170043,14454100
2025-06-27,68.39305877685547,68.61672024283682,67.55674325345768,67.67343361161315,23470700
2025-06-30,68.80148315429688,68.84038240964402,68.15965656998037,68.19855582532753,15429000
2025-07-01,69.6961441040039,70.45466103872845,68.94735383798142,69.03487159847685,21729300
2025-07-02,68.95709228515625,69.85175305742801,68.79176856607998,69.71560934944212,13050200
2025-07-03,69.38496398925781,69.43358991805621,68.50974920581203,69.0835040046779,9440500
2025-07-07,69.0543212890625,69.40440715110462,68.85010577275025,69.40440715110462,16984700
2025-07-08,68.30552673339844,68.73341112175684,67.9554408555187,68.73341112175684,17115500
2025-07-09,67.56646728515625,68.31525759142838,67.07051102453329,68.22773982622861,33704100
2025-07-10,67.84848022460938,67.92627874708911,67.25528689370893,67.3817039282819,14608400
2025-07-11,67.94572448730469,68.22773853529256,67.34279713444015,67.65398377027596,12916700
2025-07-14,67.5567398071289,68.14994049507462,67.36224352133337,67.87765311423554,13983200
2025-07-15,67.44976806640625,67.63453768134465,67.24555253270967,67.5956384245537,12639800
2025-07-16,67.36224365234375,67.58591252662495,66.895467404076,67.44004216681327,13178300
2025-07-17,68.64588928222656,68.7431411346933,67.5956390167677,67.8873723163439,20464700
2025-07-18,67.92627716064453,68.75286603967888,67.90683124011649,68.50003197643797,14928000
2025-07-21,68.14022064208984,68.67507620743629,68.00407693805174,68.25691842524054,17811700
2025-07-22,67.74151611328125,68.3249901897365,66.79822943702882,67.53729313821027,22339900
2025-07-23,67.25527954101562,67.8193002191434,66.71069736246947,67.74150912444364,21030000
2025-07-24,67.19692993164062,67.63454102773488,67.08995882499147,67.35252696650302,12511400
2025-07-25,67.26500701904297,67.3233596212991,66.85657589962774,67.22610775729738,12574800
2025-07-28,66.21473693847656,67.00243385911216,66.18556435239269,66.8468368409659,13668800
2025-07-29,67.4692153930664,67.50811465066909,66.27309475370163,66.45785695322093,16223400
2025-07-30,66.85657501220703,67.42060317111795,66.6426327850839,67.2066609439948,10448200
2025-07-31,66.02024841308594,66.75931941440432,65.87437806266762,66.27308985919274,17193400
2025-08-01,66.96353912353516,67.13858207112519,66.38978435449438,66.71069766162186,16107500
2025-08-04,67.060791015625,67.17748880008959,66.4286910001739,66.82740286597131,10701500
2025-08-05,67.1483154296875,67.57619246254212,66.85657468154875,67.00244505561813,11993400
2025-08-06,67.59564971923828,67.87766381363905,66.73988076539432,67.21639117624865,10783000
2025-08-07,68.49030303955078,68.77231710316218,67.42059938330841,67.54701641074455,15790800
2025-08-08,68.40277862548828,68.91818824919164,68.14994456775658,68.42223196486772,9232700
2025-08-11,68.80148315429688,68.90845425168295,68.03323955455788,68.36387951537151,10909400
2025-08-12,68.7625961303711,69.10295540110852,68.2860931513387,68.8695672467851,11061100
2025-08-13,68.51947784423828,68.82093783748022,68.29581637159919,68.74314673615265,10356500
2025-08-14,67.63452911376953,68.51946298102278,67.47893210631588,68.44166447729594,10722400
2025-08-15,67.99433898925781,68.45139595668844,67.65397978562038,67.81929605320511,12381100
2025-08-18,67.22610473632812,68.1207728777212,67.14831363560826,68.0527010275443,14094900
2025-08-19,68.19856262207031,68.28608781014285,67.33307450734513,67.39142710581851,13862200
2025-08-20,68.75286865234375,69.73505461002739,68.47086198795667,68.79176791415331,17530800
2025-08-21,68.71397399902344,68.95708881093178,68.39306066667838,68.65562139905826,8840400
2025-08-22,68.19856262207031,69.0640507367955,67.99434707560117,69.0057055575972,12999600
2025-08-25,67.0316162109375,68.29581620009569,66.8274006593243,68.17911841948447,13634600
2025-08-26,66.83712005615234,67.177479271804,66.69124970108037,67.13858001583317,17964200
2025-08-27,66.93437194824219,66.97327120854948,66.58428602475186,66.92464527834655,11562700
2025-08-28,66.47731018066406,67.00243902851135,66.39951166558859,66.98298569010511,16209900
2025-08-29,67.08995819091797,67.23582855490409,66.54538341259635,66.7787715434092,14601100
2025-09-02,67.15802764892578,67.43031502839942,66.38006476746892,67.06078321615301,24770100
2025-09-03,67.08995819091797,67.19692929655614,65.51457903383762,66.76905229327839,33581500
2025-09-04,66.37034606933594,67.54702091153418,66.23420236324857,67.20666164631577,16736000
2025-09-05,66.08832550048828,66.69125286775295,66.00080773485419,66.13695142757932,23978000
2025-09-08,65.57292175292969,66.01052540920429,65.31036104301985,65.99107949039693,21671700
2025-09-09,65.99108123779297,66.23419603533294,65.42705312687427,65.42705312687427,14120600
2025-09-10,65.95218658447266,66.21474731966617,65.3589858435175,65.92301399381509,16041900
2025-09-11,65.75769805908203,66.29254620236269,65.71879879823474,66.04943138652364,15128700
2025-09-12,65.16448974609375,65.85493485256897,65.09641790233633,65.73823708358144,18712400
2025-09-15,64.88031768798828,65.43887019959712,64.77252619660982,65.34087997366443,15986100
2025-09-16,64.90970611572266,65.1742879173627,64.73332074002066,65.01749759399466,18555900
2025-09-17,65.69364929199219,65.78183825049771,65.07630415392892,65.07630415392892,17372300
2025-09-18,65.12528991699219,65.69364363231217,65.01749843732205,65.45846562038378,17722900
2025-09-19,65.09588623046875,65.38986431922842,64.72352046405675,65.15467885775134,31192900
2025-09-22,64.88031768798828,65.2526835370025,64.75293114189328,64.83132631310944,13298700
2025-09-23,65.37027740478516,65.41927625667174,64.57654684221352,65.01750660449217,15072800
2025-09-24,65.11549377441406,65.43886823886022,64.63533644840827,65.07630366615524,14759300
2025-09-25,64.65493774414062,65.57605479413007,64.62553394924579,65.40947067059923,14395000
2025-09-26,64.35115814208984,64.99790705664735,64.18457401907035,64.74312650156337,17821600
2025-09-29,64.71372985839844,64.7725224953635,64.03758462860179,64.35115781937314,14818500
2025-09-30,64.98810577392578,65.30167896618386,64.63533499811362,64.74312648384371,13815000
2025-10-01,65.4388656616211,65.48786450927703,64.95870835452578,65.17429132233272,14877500
2025-10-02,64.77252197265625,65.31147939440201,64.53734395051924,65.19388664524624,14350700
2025-10-03,65.31147766113281,65.64464589397056,64.71372761875983,64.77252025369017,12249200
2025-10-06,64.77252197265625,65.16449032700093,64.51774142090602,65.15468906219432,14333300
2025-10-07,65.44866180419922,65.90922402189203,64.54713989681164,64.89010937503801,13328300
2025-10-08,64.79212188720703,65.52705971837518,64.7333217769151,65.33107181102581,12606700
2025-10-09,65.03710174560547,65.45846640495527,64.79212246635964,64.95870658196498,12705200
2025-10-10,65.69364929199219,66.04642007836401,65.04690035825222,65.18408816671072,17991700
2025-10-13,65.45846557617188,65.45846557617188,64.67452890204109,64.89991312561031,13690000
2025-10-14,66.15421295166016,66.21300559189413,65.40947377860472,65.52706653524768,14245600
2025-10-15,65.73284149169922,66.35998784361045,65.57605116563428,65.91902065868352,11193700
2025-10-16,66.23259735107422,66.74215846166473,65.81124014879597,65.83083520250732,15707200
2025-10-17,67.0655288696289,67.12432150338752,66.43838252228973,66.6343629522679,15541800
2025-10-20,67.0655288696289,67.26150929960708,66.55596778980696,67.05572760527774,17786800
2025-10-21,69.7896957397461,69.95627984931726,68.81957992240194,69.15274814154425,33651300
2025-10-22,69.38792419433594,70.18166209179373,69.09395356387,69.92688156445087,18293000
2025-10-23,68.53541564941406,69.50553164479624,68.3198326557346,69.38793888201415,13989400
2025-10-24,68.31002807617188,68.64320381647156,68.25123543572047,68.50601600463493,15688200
2025-10-27,68.65299987792969,68.7117999965022,67.85926930086605,68.3786242451756,13800000
2025-10-28,68.75099182128906,69.47612842938857,68.54520263779597,68.64320033514493,12730500
2025-10-29,66.97733306884766,68.62359411504399,66.79115390148044,68.51580263469621,19789600
2025-10-30,67.59468078613281,67.89845267650514,67.01652584426033,67.07531847435207,14751700
2025-10-31,67.51628875732422,67.68287286775298,66.53637167079172,67.17331927227266,16742700
2025-11-03,66.60497283935547,67.50649486310667,66.30120090174199,67.41830590425431,15660400
2025-11-04,67.28111267089844,67.34970656986725,66.79115411364286,67.09492602676555,12743800
2025-11-05,67.13412475585938,67.44769793881517,66.81075030826216,67.28111382078306,12850100
2025-11-06,67.6730728149414,67.7514679775491,66.55596791439153,66.92834119869096,15906700
2025-11-07,69.1331558227539,69.44672900218079,68.01605090378472,68.40801177093759,25108300
2025-11-10,69.10374450683594,69.24093976681417,68.04543981408145,68.60399221276452,15318000
2025-11-11,70.17186737060547,70.30905517284877,69.2409490730724,69.5545222605106,16160200
2025-11-12,70.0738754272461,70.4462412418629,69.90728383475697,70.05427289816534,13612600
2025-11-13,69.64271545410156,70.23066428181421,69.57412154880467,69.98568498058603,14002800
2025-11-14,69.73090362548828,70.20125964144074,69.1821449719783,69.97588289768096,13172000
2025-11-17,69.26054382324219,70.09347189783703,69.20175118715945,69.77009744703302,14772300
2025-11-18,69.7896957397461,69.90728100477325,69.15274814154425,69.56431152148734,12838900
2025-11-19,69.6819076538086,70.01507588916476,69.387929524586,69.77009660687074,12401500
2025-11-20,69.77989959716797,70.04448141524637,69.19195080035703,69.52511904395256,15396500
2025-11-21,71.48495483398438,71.72014033852818,70.05427665746251,70.24046331284934,26492500
2025-11-24,71.1321792602539,71.69073918877703,70.13266709990427,71.69073918877703,39818600
2025-11-25,71.15178680419922,71.46536000172232,70.69122453492395,71.33797346016362,17451200
2025-11-26,71.4163589477539,71.62214065138447,70.9362016392826,71.14198334291316,11795100
2025-11-28,71.65154266357422,71.75933414510548,71.2987719015036,71.53394991749256,7423000
2025-12-01,71.00025177001953,71.94758632563475,70.98051908409195,71.64167322861248,14388100
2025-12-02,69.73715209960938,70.85224088449384,69.50032221475122,70.85224088449384,19871300
2025-12-03,69.87529754638672,70.45751339427578,69.67794058058216,69.94437323728688,17001700
2025-12-04,69.52005004882812,70.39830135886356,69.44111177850974,69.89503882975501,17710000
2025-12-05,69.07598876953125,69.77661575217998,68.94770750071454,69.39176441704456,13978200
2025-12-08,69.32269287109375,69.4509741475746,68.57272284018585,68.91810129893102,17775100
2025-12-09,69.164794921875,69.69766772158269,68.90823239247449,69.44110519218218,13010600
2025-12-10,69.2832260131836,69.59900170709838,68.85890171867125,69.46085031155356,29789400
2025-12-11,68.19773864746094,69.756884226757,67.88196299470222,69.61873284921789,23124200
2025-12-12,69.58912658691406,69.68781260121206,68.12866693100831,68.1977426238054,18444500
2025-12-15,70.03319549560547,70.37857398144007,69.39177400552045,69.5003226051665,18660100
2025-12-16,69.44110870361328,70.35883287251339,69.39176569924918,70.35883287251339,17370000
2025-12-17,69.73715209960938,69.98385209220345,69.38190350797899,69.638473608309,13672700
2025-12-18,69.43123626708984,69.86543059913025,69.24374189122055,69.34242036795195,15524800
2025-12-19,69.13520050048828,69.83582754545967,69.10559770725773,69.13520050048828,36911100
2025-12-22,69.2832260131836,69.29309612106148,68.7404905388822,69.00692322209395,12828500
2025-12-23,68.94770812988281,69.33255946853012,68.77008385599288,69.27334635810989,9471000
2025-12-24,69.1845474243164,69.23389043495087,68.82929882807016,68.97732033128716,4515300
2025-12-26,68.94770812988281,69.23388098941024,68.8095567533779,69.0266463959675,5711400
2025-12-29,69.23388671875,69.49044927995605,68.92797362087204,69.07599511614383,9686900
2025-12-30,69.14506530761719,69.31281947552205,68.8786326602792,69.07598961914546,8610900
