Price,Close,High,Low,Open,Volume
Ticker,META,META,META,META,META
Date,,,,,
2012-05-18,37.8972053527832,44.60827259469764,37.66920796885579,41.683951746080545,573576400
2012-05-21,33.733768463134766,36.34087543557379,32.71273579829521,36.21200602361167,168192700
2012-05-22,30.730140686035156,33.29759452686994,30.670663523793337,32.32612601702567,101786600
2012-05-23,31.721435546875,32.21708297729492,31.087007440975867,31.096920616473653,73600000
2012-05-24,32.74247360229492,32.92090701005869,31.49344352943898,32.66317196633905,50237200
2012-05-25,31.632219314575195,32.663166892282185,30.839184170758223,32.61360290482297,37149800
2012-05-29,28.588943481445312,31.414134167882406,28.40059693148421,31.205961267242266,78063400
2012-05-30,27.944604873657227,29.292764705658225,27.61747761925503,28.450165519686994,57267900
2012-05-31,29.342329025268555,29.411719364820254,26.596441735255944,28.301468259758224,111639200
2012-06-01,27.47869300842285,28.896244969506256,27.151565778230133,28.63850807742337,41855500
2012-06-04,26.66583251953125,27.409303696975865,26.209837771589473,26.963222124956083,35230300
2012-06-05,25.644798278808594,27.51834491670046,25.52584206637735,26.46757291832805,42473400
2012-06-06,26.57661247253418,26.933479197703022,25.297843191920396,25.843054563599694,61489200
2012-06-07,26.08096694946289,27.111914500046897,25.922359924872257,26.764960924725553,26159500
2012-06-08,26.864093780517578,27.518348302525986,26.209839258509167,26.31888041834718,38034000
2012-06-11,26.77487564086914,27.82564771193513,26.606355431200964,26.943395850537318,28219600
2012-06-12,27.161479949951172,27.528259895798563,26.725309663448996,27.240783466520206,15816800
2012-06-13,27.032611846923828,27.855386522167166,26.864091641597124,27.419216245307766,17102800
2012-06-14,28.04373550415039,28.073473143062493,27.141655345333003,27.4093054400125,16855000
2012-06-15,29.74875831604004,29.837975002721937,28.103209036177,28.261816059001518,43563800
2012-06-18,31.13656997680664,31.800739468994816,29.153980347512388,29.699191739270383,42978900
2012-06-19,31.632219314575195,31.89986938464277,30.432753423208908,31.265441269589193,30849000
2012-06-20,31.32491683959961,31.652044056130535,30.878833412173424,31.64213088099386,15553600
2012-06-21,31.562829971313477,32.21708445828364,31.235702727828397,31.394309761594194,21875300
2012-06-22,32.762298583984375,33.158818091621725,31.780918663891864,32.12787039695684,74834000
2012-06-25,31.780916213989258,32.73255842117111,31.27535369164953,32.5739513866408,24352900
2012-06-26,32.811859130859375,33.148899542504914,32.217083713362484,32.40542837988886,24858700
2012-06-27,31.949434280395508,32.61360383199823,31.622307037927957,32.17743165438153,28568000
2012-06-28,31.087007522583008,31.909780292865264,30.63101090221229,31.681782928052353,17713300
2012-06-29,30.829269409179688,31.71152119763386,30.492229017709477,31.64213086246261,19526900
2012-07-02,30.50214195251465,31.453784068642104,30.284055882843496,30.977963010578375,14122000
2012-07-03,30.92840003967285,31.166310576501733,30.531880587546503,30.640923625955736,8763600
2012-07-05,31.1960506439209,31.354657680838425,30.749969061619737,31.047356783153845,10032100
2012-07-06,31.45378303527832,31.6223032241492,30.987875167574014,31.16630853117197,10945600
2012-07-09,31.889955520629883,32.593777782450964,31.71152402460221,31.82056517927273,17785200
2012-07-10,31.1960506439209,32.19725874617843,30.888749746236318,32.147694756171084,14269500
2012-07-11,30.700403213500977,31.285267371785437,30.28405926846365,31.205963853242377,13030300
2012-07-12,30.54179573059082,31.12665988033791,30.333624706483377,30.43275457590144,11300700
2012-07-13,30.452577590942383,30.79953117205568,30.293970563704004,30.769793536164048,8108300
2012-07-16,28.004079818725586,30.234493255615234,27.96442711673444,30.234493255615234,24672100
2012-07-17,27.845474243164062,28.341121699410138,26.913656496012845,28.232078653997604,30438600
2012-07-18,28.85659408569336,29.035027463668328,27.90495003340849,28.063557060331817,16841800
2012-07-19,28.7475528717041,29.243200335009345,28.38077291693041,29.1539836403548,13685100
2012-07-20,28.509641647338867,29.21346012116233,28.469988943647135,28.747552197254333,11869100
2012-07-23,28.49972915649414,28.74755288828974,27.766171137268564,27.875214184297036,12390700
2012-07-24,28.202342987060547,29.193637968809668,27.855389365299327,28.56912107149045,11539800
2012-07-25,29.084590911865234,29.233284760508724,27.835559179919166,28.142860052548357,17230200
2012-07-26,26.61626625061035,27.984252267993497,26.497310040481686,27.508431208968474,64597400
2012-07-27,23.50360107421875,24.32637765293047,22.086050961308285,22.9881291653172,123102300
2012-07-30,22.948476791381836,23.83073054710495,22.82952246098332,23.791077843142116,29285900
2012-07-31,21.521011352539062,23.16656262457904,21.421883375222112,23.16656262457904,56179400
2012-08-01,20.698232650756836,21.392139701972262,20.658581845663026,21.312836201040035,44604400
2012-08-02,19.86555290222168,20.658588153694623,19.647466790007734,20.58919780553389,56374500
2012-08-03,20.906410217285156,21.96709548947659,19.726768721609577,20.182765372429603,80647000
2012-08-06,21.729185104370117,21.957182486203088,21.114581411227928,21.20379810685736,27778900
2012-08-07,20.539628982543945,22.254570541004142,20.32154479227067,22.006746824025228,36782900
2012-08-08,20.539628982543945,20.96588607826686,20.043981548586125,20.5297158069754,29537400
2012-08-09,20.827106475830078,20.985713511616193,20.430588886364788,20.569369569991387,15610700
2012-08-10,21.620140075683594,21.63005325103932,20.946059277453152,21.223622515178885,25794700
2012-08-13,21.411970138549805,22.254571178566422,21.21371040298885,21.957181575224986,24973100
2012-08-14,20.20258903503418,21.411970011435464,20.07372153120607,21.223623452845192,39308800
2012-08-15,21.015451431274414,21.223622440780325,20.222414422300083,20.460324957768922,47861100
2012-08-16,19.697031021118164,20.301719640565356,19.518597631832264,20.2620688266935,157565300
2012-08-17,18.884166717529297,19.905201125128816,18.834602729801478,19.835810786011894,129293400
2012-08-20,19.8358097076416,19.95476402801941,18.586777999205605,18.88416569089496,101186600
2012-08-21,18.99321174621582,19.806073330749307,18.923821399840296,19.409555715214086,70640600
2012-08-22,19.270771026611328,19.359987707950552,18.794948095887232,19.1914675199481,49892200
2012-08-23,19.270771026611328,19.558245529236245,19.1914675199481,19.330248183922563,32813700
2012-08-24,19.241031646728516,19.508681692751296,19.08242463221385,19.35007467823663,29622200
2012-08-27,18.98329734802246,19.359990476601816,18.93373335829913,19.320337772227145,20704000
2012-08-28,19.171640396118164,19.211291202475632,18.78503605309571,18.93372988573937,25417000
2012-08-29,18.933732986450195,19.2112943486417,18.90399345875326,19.151817183992804,16124700
2012-08-30,18.92382049560547,19.280687277907607,18.894080966831943,19.10225388675654,30647500
2012-08-31,17.90278434753418,18.537214333198794,17.873046712300358,18.517387982546335,58764200
2012-09-04,17.57565689086914,18.1109570068931,17.397223518861157,17.922610459690798,46622400
2012-09-05,18.418256759643555,18.5867769462527,18.021739229605775,18.110955910207366,60781800
2012-09-06,18.794950485229492,19.09234009108134,18.557039934995004,18.576866286867457,46066500
2012-09-07,18.814775466918945,19.25094572262397,18.616517634867456,18.933731678745712,36371700
2012-09-10,18.646255493164062,19.03286176817431,18.388518606738852,18.894079204256204,24797800
2012-09-11,19.260860443115234,19.409554301769603,18.685909469772017,18.75529981109439,50508200
2012-09-12,20.747800827026367,20.97579818120923,20.103459573979453,20.57928063246842,121584000
2012-09-13,20.52971649169922,21.293014019231162,20.430588514197385,20.77754021694375,65041600
2012-09-14,21.808486938476562,21.887790451713954,20.718062213403755,20.946059577618144,72819800
2012-09-17,21.332666397094727,22.551958652901376,21.312840045599103,22.47265513766383,50667600
2012-09-18,21.67961883544922,21.788659981401956,21.183971418816355,21.41196877668871,36760500
2012-09-19,23.08725929260254,23.166562809536224,21.5804905801175,21.798574778998894,78782800
2012-09-20,22.393348693847656,23.03768990722958,22.34378471233547,22.81960574153338,57248900
2012-09-21,22.660999298095703,23.037690482937997,22.403262428153187,22.770040438296377,51218100
2012-09-24,20.609024047851562,21.788663741683376,20.182766893464784,21.59040587526185,79106500
2012-09-25,20.10346221923828,21.025364932337386,20.04398316104216,21.01545364671643,46291700
2012-09-26,20.440502166748047,20.599109203343502,19.627638740765075,19.974592342347012,38271900
2012-09-27,20.143112182617188,20.817193021056305,19.984505148954455,20.80727984510926,30215900
2012-09-28,21.471446990966797,21.758923414279014,20.3215450792078,20.390935418422494,65486000
2012-10-01,21.798572540283203,22.39334980157466,21.54083566403208,21.887789224014163,51262700
2012-10-02,22.076139450073242,22.294223662947203,21.63005595698434,21.887792876241804,29341400
2012-10-03,21.63996696472168,22.29422142851623,21.610227437914684,22.105874873561763,32000100
2012-10-04,21.758926391601562,22.205008015053604,21.223626174564874,22.125704489279116,46892100
2012-10-05,20.727977752685547,21.441709453214845,20.698238222800743,21.302928761909314,40529300
2012-10-08,20.222414016723633,20.569367583019922,19.984503486026274,20.222414016723633,32236700
2012-10-09,20.053895950317383,20.37111002492674,19.796159042011023,20.212502987622063,27161800
2012-10-10,19.469032287597656,19.766421908184764,19.28068760771207,19.75650873175735,39321800
2012-10-11,19.578075408935547,19.786246442434944,19.439294719935948,19.70694292147159,21817300
2012-10-12,19.350074768066406,19.627636099383228,19.31042206888128,19.578072116146586,18809400
2012-10-15,19.350074768066406,19.706939607008717,19.32033524367756,19.508681783317382,20189700
2012-10-16,19.310422897338867,19.5185957955023,19.131989524840165,19.508682620280723,21834700
2012-10-17,19.706939697265625,20.30171695255321,19.20138101555319,19.330248507005525,44074500
2012-10-18,18.814775466918945,19.61772564257373,18.725558780735078,19.528508956389867,52157400
2012-10-19,18.83460235595703,18.89407951819885,18.636342627491103,18.83460235595703,34835000
2012-10-22,19.151817321777344,19.260860366705625,18.88416724281428,19.03286299162375,32447300
2012-10-23,19.330249786376953,19.627637488330947,18.933732220189995,19.082426071166992,78381200
2012-10-24,23.02777671813965,24.038897822600973,22.65108554295027,23.919941620004767,228949900
2012-10-25,22.363609313964844,23.1070803858855,22.27439263407479,23.087255927600264,76142000
2012-10-26,21.74901008605957,22.68082590718685,21.689531032225545,22.205004820984207,73175800
2012-10-31,20.926233291625977,21.312837648585255,20.54954021855486,20.63875689950619,99378200
2012-11-01,21.025365829467773,21.2533651141246,20.827107965923105,20.896498312701,37713900
2012-11-02,20.99562644958496,21.50118707944903,20.886583404689283,21.074929966578637,38344400
2012-11-05,21.06501579284668,21.29301315706107,20.737888564399327,20.916321941869683,31806700
2012-11-06,20.9857120513916,21.183971777701473,20.807278675861692,21.055102388376593,29062700
2012-11-07,20.291805267333984,20.767628240941107,20.19267729312971,20.668498375991916,33396800
2012-11-08,19.81598472595215,20.549542721429074,19.806071550111856,20.341371701017835,34254600
2012-11-09,19.04277229309082,19.82589609645843,18.96346878433478,19.786243396708013,42295500
2012-11-12,19.895286560058594,19.994416419336492,18.705733920958224,18.983295258042574,67349200
2012-11-13,19.687116622924805,19.934940339162043,19.38972702899317,19.439292906687562,71775100
2012-11-14,22.16535758972168,22.30413828959625,19.756510351926046,19.925030583521696,229751000
2012-11-15,21.977008819580078,22.304136073021255,21.461534998780333,22.145529034428264,78857700
2012-11-16,23.35490608215332,23.721686007726138,21.986920024269715,22.05631036108879,107182200
2012-11-19,22.720478057861328,23.91003263521852,22.62134819462408,23.751423719592,85021300
2012-11-20,22.89891242980957,23.691947588720613,22.50239485035405,22.532132487097613,46655300
2012-11-21,24.108287811279297,24.316460690186002,22.849343035768502,23.017863217456913,89862400
2012-11-23,23.791080474853516,24.46516139082693,23.67212424055136,24.366031510699333,29520900
2012-11-26,25.714187622070312,25.862881463809533,24.59402344009565,24.722892822815812,123865000
2012-11-27,25.92236328125,26.26931690149423,25.238369217425102,25.813322119441043,85760600
2012-11-28,26.130535125732422,26.259402635522743,25.525844609555033,25.71419117685939,49205600
2012-11-29,27.08218002319336,27.280439786268264,25.932277935147464,26.269318397927666,88759700
2012-11-30,27.756256103515625,27.756256103515625,26.527050702963606,27.02269813338353,127049600
2012-12-03,26.80461311340332,28.62859386129811,26.745134062261165,27.756255242739734,123526100
2012-12-04,27.220958709716797,27.518348332335094,26.447749850548423,26.82444110363749,72869200
2012-12-05,27.468778610229492,27.657125155819188,27.022697074773674,27.50843131066725,58976300
2012-12-06,26.7352237701416,27.508434501667498,26.586529907741056,27.439044158596914,46001500
2012-12-07,27.250699996948242,27.53817646161445,26.606358609164417,26.834356011023353,51751900
2012-12-10,27.597644805908203,27.92477198372792,26.864086949304742,26.933477276305194,50608500
2012-12-11,27.736433029174805,27.99416995033041,27.419218938751026,27.825649728449633,77099100
2012-12-12,27.339908599853516,27.895033119693405,27.1317376139428,27.756252462419596,46704200
2012-12-13,27.99416732788086,28.49972794616306,27.191219000371458,27.349826030725293,81051600
2012-12-14,26.57661247253418,28.083380989086244,26.527048489925058,27.93468715051414,91631600
2012-12-17,26.51713752746582,26.76496124267578,26.090880434785504,26.536963878461393,57742500
2012-12-18,27.468778610229492,27.667038330928627,26.665830333813158,26.72530749372497,60512900
2012-12-19,27.171396255493164,27.97434468958213,26.715401455385543,27.587740238121736,61390300
2012-12-20,27.121828079223633,27.359738619651658,26.893828823578318,27.250695579592808,35574800
2012-12-21,26.031402587890625,26.774873713966443,25.892621916061493,26.42792014364876,54555200
2012-12-24,26.69556999206543,26.725307626796994,25.97192522217658,26.269312913961226,28230100
2012-12-26,26.27922821044922,26.943395873743487,26.15035881372698,26.7947020158482,33175400
2012-12-27,25.82322883605957,26.566699937566984,25.297843801070997,26.318876237064515,43481700
2012-12-28,25.6844482421875,25.882707959453747,24.931063963618474,25.258191173586425,56574800
2012-12-31,26.388269424438477,26.75504745575017,25.882708830074243,25.971925516770572,60374500
2013-01-02,27.756256103515625,27.93468948098598,27.18130515985831,27.201131510853884,69846400
2013-01-03,27.528261184692383,28.22216651447435,27.34982779137143,27.637302343364585,63140600
2013-01-04,28.509641647338867,28.67816185653878,27.587737084700827,27.76617046982367,72715400
2013-01-07,29.163894653320312,29.53067458088863,28.40059716266793,28.440249864348775,83781800
2013-01-08,28.807029724121094,29.342329886217787,28.608771875405466,29.253113192535004,45871300
2013-01-09,30.323713302612305,30.333626479207947,29.23328845677816,29.411721854009485,104787700
2013-01-10,31.02752685546875,31.176222589846223,30.016407584319722,30.333621621601363,95316400
2013-01-11,31.44387435913086,31.681784914383694,30.829272564080625,31.007705953206507,89598000
2013-01-14,30.680578231811523,31.929608155004303,30.353450987023894,31.80074253933083,98892800
2013-01-15,29.837974548339844,31.43395792755055,29.61988847721857,30.373272769534697,173242600
2013-01-16,29.590152740478516,30.085800183733618,29.272938679314443,29.947017613915627,75332700
2013-01-17,29.87762451171875,30.155187734944665,29.768583369991774,29.81814735343633,40256700
2013-01-18,29.401805877685547,30.175016561812157,29.015201480994705,30.046147169085256,49631500
2013-01-22,30.46249008178711,30.6210971054605,29.481108413778664,29.49102158910136,55243300
2013-01-23,30.55171012878418,31.225790998898663,30.53188377595844,30.829273396109283,48899800
2013-01-24,30.8094482421875,31.215879037205404,30.54179814086006,30.997794819871086,43845100
2013-01-25,31.26544189453125,31.65204629852646,30.859009248113125,31.13657249936954,54363600
2013-01-28,32.187339782714844,32.22698869636873,31.53308354806688,31.602473873822607,59682500
2013-01-29,30.521970748901367,31.79082700543453,30.44266534212308,31.721436665248493,72976500
2013-01-30,30.968048095703125,31.215871785864714,30.611181376832125,30.710311231045704,87682100
2013-01-31,30.710311889648438,31.19604610589268,28.489811805069863,28.89624251439147,190744900
2013-02-01,29.471195220947266,30.749966475642257,29.372065358524072,30.74005330032545,85856700
2013-02-04,27.865299224853516,28.945810777592957,27.766169360330238,28.807028210962404,92362200
2013-02-05,28.390684127807617,28.707898179845373,27.795908725609273,28.013992913699006,47948200
2013-02-06,28.797117233276367,29.035029682588046,28.410512811948724,28.489816331470934,38375900
2013-02-07,28.400598526000977,28.89624597633518,28.023907295674768,28.856595163495832,34540100
2013-02-08,28.301467895507812,28.91607154929616,28.261817083736425,28.63850830391676,37708800
2013-02-11,28.013992309570312,28.43033621657753,27.79590812618362,28.3609458805338,37361800
2013-02-12,27.131744384765625,27.91486643434184,26.86409428687769,27.429132121922137,93498700
2013-02-13,27.667041778564453,28.07347255497335,27.072264433095683,27.121830314819363,50164000
2013-02-14,28.251907348632812,28.380774866014498,27.766173028124683,27.77608620496099,35615800
2013-02-15,28.073471069335938,28.499728175876943,27.845473697707714,28.27173080424872,33109300
2013-02-19,28.678163528442383,28.826857394465105,27.875215139323604,27.98425629934289,49396400
2013-02-20,28.212251663208008,28.797115799595915,28.08338415942955,28.668248295817456,42098200
2013-02-21,27.042526245117188,28.301469363387415,26.913656846000183,28.033821170500214,49642300
2013-02-22,26.893831253051758,27.389478729737707,26.58653034691509,27.379567444059653,36350200
2013-02-25,27.032611846923828,27.39938989391758,26.91365562932765,26.923568805022743,34652000
2013-02-26,27.151567459106445,27.220957801512036,26.46757532046988,27.121829821358347,31611700
2013-02-27,26.636093139648438,27.102001033026763,26.398180714577745,27.102001033026763,44319700
2013-02-28,27.012786865234375,27.062350855478076,26.110708629434775,26.606356094851918,83027800
2013-03-01,27.538169860839844,27.87521023964652,26.576612707467064,26.81452322943447,54064800
2013-03-04,27.47869300842285,27.815733414166242,27.20113165598352,27.51834571062556,32400700
2013-03-05,27.280431747436523,27.934686125748684,26.97312901615,27.637296568769273,40622200
2013-03-06,27.21104621887207,27.885125173981436,27.111916349056134,27.85538753655816,33532600
2013-03-07,28.331205368041992,28.430335226399738,27.230867532686105,27.32999739104385,74540200
2013-03-08,27.716604232788086,28.222164853868335,27.488606861735708,28.1825140414329,44198900
2013-03-11,27.895036697387695,28.3906841263576,27.58773582083493,27.766169197783274,35642100
2013-03-12,27.587738037109375,28.073472329632192,27.359740655245712,27.855388124033695,27569600
2013-03-13,26.844266891479492,27.409304704589985,26.6856598523869,27.37956706647578,39619500
2013-03-14,26.80461311340332,27.19121749210313,26.596440215895456,26.864090273800638,27646400
2013-03-15,26.418010711669922,26.82444150025368,26.32879401263982,26.794703861073724,31597400
2013-03-18,26.2593994140625,26.556788992914278,25.5555810031951,26.140445095117638,26653700
2013-03-19,26.318876266479492,26.66582982571968,25.98183588215986,26.299051807383176,25254200
2013-03-20,25.634883880615234,26.457658480883698,25.55558037302592,26.44774530609194,44006500
2013-03-21,25.51593017578125,25.882710116061325,25.3374967935231,25.436626660415957,24336100
2013-03-22,25.506017684936523,25.783580941540997,25.40688781538171,25.575408026401394,18456300
2013-03-25,24.911239624023438,25.575407272493955,24.86167563607957,25.52584328455009,39199000
2013-03-26,24.990543365478516,25.258193440586926,24.81211187281787,24.861675861210554,26957200
2013-03-27,25.862884521484375,26.0512310850188,24.50480965401775,24.782372911292423,52297400
2013-03-28,25.357322692871094,25.94218681729001,25.297845530093976,25.862883303338883,28585700
2013-04-01,25.307758331298828,25.664623193427285,25.059934617524537,25.406886304212637,22249300
2013-04-02,25.198715209960938,25.892622362562264,25.079758995809755,25.5456687862616,35153300
2013-04-03,26.021488189697266,26.160268855003995,25.47627681249675,25.60514430303232,48195200
2013-04-04,26.834352493286133,26.992959525156525,25.88271030206377,26.38827092518001,82016800
2013-04-05,27.151567459106445,27.557998228120642,26.378358625735544,26.62618235760981,64566600
2013-04-08,26.61626625061035,26.963219815178736,26.398180180498603,26.953306640105946,27256000
2013-04-09,26.358530044555664,26.655917741359968,26.190009845501258,26.348616869229538,21311100
2013-04-10,27.329998016357422,27.597648072823766,26.665830408132514,26.77487344389543,45949400
2013-04-11,27.77608299255371,27.855386507327268,27.01278548114264,27.2407828497735,33368500
2013-04-12,27.161479949951172,27.756257269591412,27.002872916813104,27.756257269591412,28697400
2013-04-15,26.289140701293945,27.240782879619278,26.13053367157306,26.9235688201775,30275400
2013-04-16,26.685659408569336,26.874005973388734,26.170185594718895,26.576616361977315,27365900
2013-04-17,26.398181915283203,26.963221587095518,26.160271370136147,26.418008266731693,26440600
2013-04-18,25.46636390686035,26.58652619741301,24.931063808029055,26.58652619741301,39059000
2013-04-19,25.506017684936523,25.73401506139109,25.109500097462277,25.39697653009673,20380900
2013-04-22,25.743927001953125,26.1305332855889,25.476278824968244,25.585319974575082,25687600
2013-04-23,25.75383949279785,26.100793064992313,25.54566848392809,25.991750027539663,25191500
2013-04-24,25.882709503173828,26.17018403053643,25.575406734008236,25.70427612514088,19729900
2013-04-25,25.91244888305664,26.170185791924037,25.77366819779921,25.843058540427926,17150000
2013-04-26,26.61626625061035,27.379563714511836,26.36844254602505,26.36844254602505,33018000
2013-04-29,26.745134353637695,27.171391437742827,26.626180031547108,26.923567727518435,29201100
2013-04-30,27.528261184692383,27.607564704974468,26.774876796640054,26.893831131690646,36245700
2013-05-01,27.191219329833984,27.67695360252112,27.072263110254802,27.607563262243666,64567600
2013-05-02,28.717815399169922,28.767381283495922,27.736433578457,27.766173109052602,104257000
2013-05-03,28.063554763793945,28.81693902540016,27.904947749849978,28.787201392001133,58506400
2013-05-06,27.329998016357422,28.212249805363335,27.240781330868643,28.083382310071112,43939400
2013-05-07,26.655920028686523,27.607564143460994,26.616269214724475,27.31017453039302,41259100
2013-05-08,26.88391876220703,27.06235025758929,26.418008944931447,26.646006320207377,34654900
2013-05-09,26.80461311340332,27.310171812897764,26.616266566276174,26.84426392341992,33457200
2013-05-10,26.447744369506836,27.062346058873178,26.33870134140374,26.903739049311238,30847100
2013-05-13,26.586530685424805,27.092091344970868,26.29905612847416,26.368446473574483,29068800
2013-05-14,26.834352493286133,27.042525404331627,26.586528769645522,26.6559191097457,24930300
2013-05-15,26.368444442749023,26.75504884467282,26.17018470852172,26.68565850491675,30299800
2013-05-16,25.90253257751465,26.31887647373249,25.674535224780897,26.249486139486987,35499100
2013-05-17,26.021488189697266,26.368441743708846,25.971924206586223,26.170182029775155,29462700
2013-05-20,25.535757064819336,25.96201417790957,25.4663667237572,25.952101001937123,42402900
2013-05-21,25.436628341674805,25.852972297547495,25.367237997486868,25.644801264983688,26261300
2013-05-22,24.94097900390625,25.624972999811828,24.703068459840164,25.426713267717624,45314500
2013-05-23,24.841848373413086,25.30775816227377,24.55437385054223,24.584111485919806,37663100
2013-05-24,24.098377227783203,24.75263167626638,23.8703798665001,24.75263167626638,58727900
2013-05-28,23.890207290649414,24.326377572817346,23.711773907455942,24.326377572817346,50079700
2013-05-29,23.116994857788086,23.602729091814254,23.057517698104935,23.582904632416415,64237800
2013-05-30,24.336288452148438,24.564287710619375,23.721686687778764,23.919944528553366,60733200
2013-05-31,24.138032913208008,24.732810273740412,24.058729391186695,24.41559429491005,35925000
2013-06-03,23.642383575439453,24.1082914944663,23.50360100471734,24.058727506115876,35733800
2013-06-04,23.31525421142578,23.721684929240826,23.116994494603656,23.68203222957849,34760800
2013-06-05,22.700651168823242,23.503599449591437,22.591610023518072,23.14673459744159,53819700
2013-06-06,22.770042419433594,22.88899863542806,22.472654715564797,22.789868770556822,31260700
2013-06-07,23.08725929260254,23.19630044667074,22.661002180054602,22.82952238988181,38699200
2013-06-10,24.11820411682129,24.385854185559452,23.78116370968692,23.850554048083126,58393000
2013-06-11,23.820819854736328,24.13803395653261,23.79108032366348,23.820819854736328,29885900
2013-06-12,23.563077926635742,24.048812153330715,23.37473138461286,23.94968229485842,26445800
2013-06-13,23.523426055908203,23.622555917873807,23.067431337909223,23.51351288063716,31189300
2013-06-14,23.424297332763672,23.682034230106716,23.057519283627567,23.35490699323765,30677100
2013-06-17,23.810901641845703,24.03889899294853,23.543251591032064,23.70185860838575,33664500
2013-06-18,23.999248504638672,24.475071491289032,23.870381000193657,23.880294176034806,36709100
2013-06-19,24.098377227783203,24.970717752924017,23.890206217240774,23.98933608019926,31790600
2013-06-20,23.691944122314453,24.534545037090748,23.44412043507111,24.068637185741352,42765600
2013-06-21,24.31646156311035,24.484981750848384,23.840638633132844,24.375938720328264,45833900
2013-06-24,23.73160171508789,23.900121932804808,23.17647517981742,23.741514891511837,40626000
2013-06-25,24.038902282714844,24.217335674342863,23.830731252978854,23.929859234332156,24713200
2013-06-26,23.949682235717773,24.435416461213286,23.78116204395445,24.29663579414165,29890300
2013-06-27,24.44533348083496,24.62376687555924,23.999249994024254,24.028989523393328,34694100
2013-06-28,24.663415908813477,24.762545775470265,24.207421169235158,24.465158066244836,96778900
2013-07-01,24.594024658203125,24.84184837029111,24.405679998352564,24.752631682679848,20582200
2013-07-02,24.197507858276367,24.554374619948625,24.08846481648875,24.484984280900115,18394100
2013-07-03,24.30655288696289,24.494897568134785,23.939772919624037,24.009163264344743,10404400
2013-07-05,24.157855987548828,24.44533050682889,23.989335789782984,24.435417331578563,20229500
2013-07-08,24.494895935058594,24.822025065352364,24.207421398846595,24.25698538727264,27064600
2013-07-09,25.25819206237793,25.268105237664546,24.812110518949233,24.85176132935085,30387900
2013-07-10,25.575407028198242,25.605146555127458,25.248279794956577,25.35732283628544,26721800
2013-07-11,25.585323333740234,25.773669912509526,25.22845842065835,25.734017205086452,26777400
2013-07-12,25.6844482421875,25.704274592063083,25.327581507406173,25.515928049734626,16537900
2013-07-15,26.051231384277344,26.19992524530419,25.426714520921553,25.704277781384686,24234000
2013-07-16,26.09088134765625,26.5171384552505,25.78358045945259,26.16027168782369,30817600
2013-07-17,26.418010711669922,26.54688011726679,26.071057092191197,26.140449328683033,21518500
2013-07-18,25.95210075378418,26.536964895351122,25.89262358926321,26.51713854359581,24806900
2013-07-19,25.654708862304688,25.882708105672336,25.37714752545767,25.595231703086725,46539700
2013-07-22,25.82322883605957,25.902532344590572,25.4961016270261,25.763751677347518,27526300
2013-07-23,25.90253257751465,26.071052771001508,25.7439255590264,25.872794943263603,28221600
2013-07-24,26.27922821044922,26.299054562367253,25.823231570059356,26.09088164871786,82635600
2013-07-25,34.06089401245117,34.5763678239673,32.4649085882645,33.248032481615354,365457900
2013-07-26,33.71393966674805,34.42767324254188,33.267859963367044,33.4760309958102,136028900
2013-07-29,35.12157440185547,35.31983411440138,33.71393384612001,33.77341289433063,124718800
2013-07-30,37.302433013916016,37.62955840723226,35.012540134740554,35.33966930954723,173582800
2013-07-31,36.47964859008789,37.97650588470694,36.01374259647907,37.62955042909481,154828700
2013-08-01,37.16364288330078,37.95667794923698,36.59860138098867,36.975294455366914,106066500
2013-08-02,37.718772888183594,38.154945095553416,37.17356141046153,37.332168454553226,73058500
2013-08-05,38.84885025024414,38.97771966092431,37.917034298110764,38.095467703209344,79994800
2013-08-06,38.21441650390625,38.908323669598325,37.609726027824436,38.76954299275788,63950800
2013-08-07,38.5316276550293,38.60101798821811,37.371814559025154,38.273892671969335,68854800
2013-08-08,38.204505920410156,38.848845329210924,38.09546287760805,38.7893700560388,41301000
2013-08-09,38.16484832763672,38.402760734313695,37.679112230520545,38.25406500745441,43532300
2013-08-12,37.887290954589844,38.164852306743974,37.76833284810395,37.867464603508864,31161000
2013-08-13,36.69773483276367,37.98641734747277,36.449911126800785,37.90711572793927,65379200
2013-08-14,36.330955505371094,37.22311854598619,36.30121409030793,36.50938886979202,48423900
2013-08-15,36.24174499511719,36.74730375941327,35.706444810692986,36.04348524738709,56521100
2013-08-16,36.75722122192383,37.163652029585236,36.57878781548805,36.64817816449192,45840800
2013-08-19,37.480865478515625,37.94677155918033,36.8166958591782,37.104172318018136,57609600
2013-08-20,38.075626373291016,38.2441484258192,37.36189303362133,38.016147334488906,57995200
2013-08-21,37.98642349243164,38.51180862398638,37.81790516023116,38.04590255282077,46116900
2013-08-22,38.21441650390625,38.41267623431682,38.006245488645575,38.03598312468572,21931200
2013-08-23,40.19700622558594,40.27631163030773,38.5911095948679,38.660499933254556,86442300
2013-08-26,40.98012924194336,41.57490463922676,40.266395740011475,40.543960869368185,94162400
2013-08-27,39.294925689697266,40.84134695566994,39.07683962127443,40.32587320034572,72695100
2013-08-28,40.19700622558594,40.49439393031301,39.53284047774515,39.61214210097711,57918200
2013-08-29,40.920654296875,41.41630177152316,40.44483317499159,40.534049871687856,58303400
2013-08-30,40.93056869506836,41.89212220875769,40.702571314235215,41.65421354244922,67735100
2013-09-03,41.50551223754883,41.79298863724738,41.14864550433539,41.475774603610894,48774900
2013-09-04,41.416297912597656,41.80290230176329,41.079257509980735,41.64429527591355,42581900
2013-09-05,42.28863525390625,42.39767828497758,41.4063835028593,41.42620985228041,50035400
2013-09-06,43.56740951538086,44.221663966646744,42.03090325059625,42.714895337354754,117535700
2013-09-09,43.65662384033203,44.400094939323424,43.31958345752969,43.97383787338253,75794700
2013-09-10,43.220455169677734,43.874709637920446,42.85367712362239,43.85488706807085,54540300
2013-09-11,44.64792251586914,44.697486503807745,42.73472308581795,43.01228444346604,72328300
2013-09-12,44.360443115234375,45.222868548266526,44.26131514600848,45.13365186336737,68072300
2013-09-13,43.924278259277344,44.687575783952425,43.54758513949836,44.64792308050412,52765300
2013-09-16,42.13994598388672,44.54879297622042,42.06064435553515,44.45957628089361,70424200
2013-09-17,44.67766571044922,45.044443804611696,42.0606474942266,42.130037842271115,91934600
2013-09-18,44.836265563964844,45.07417799156693,44.01349280571587,44.44966117791499,79317000
2013-09-19,45.57973861694336,45.64912895676759,44.83626744897812,45.11382880827504,63972400
2013-09-20,47.076595306396484,47.1856345662617,45.34182927408554,45.91677833556244,115508400
2013-09-23,46.77920913696289,47.13607593779256,45.887045916379,46.86842583717031,75177000
2013-09-24,48.02823257446289,49.22769834389158,47.74075618233849,48.087707840771756,136716100
2013-09-25,49.029449462890625,49.108754877472926,48.03815446955362,48.80145206820195,87879700
2013-09-26,49.95134735107422,50.15951836395294,49.06909553140649,49.57465424575335,98220100
2013-09-27,50.79395294189453,50.83360186443212,49.42596490486317,49.85222201943461,81410500
2013-09-30,49.79274368286133,51.150816672763945,49.366486562130795,49.70352698825517,100095000
2013-10-01,49.98108673095703,50.5857772212216,49.019533255371165,49.53500705393293,98114000
2013-10-02,49.84230422973633,50.65516571044401,49.51517889310508,49.693612269991135,62834000
2013-10-03,48.75187683105469,50.278471676268616,48.63292251810629,50.03064798509062,82045000
2013-10-04,50.595699310302734,50.71465365525362,49.13849440406523,49.336754166643665,74447000
2013-10-07,50.08021545410156,50.84351292985674,49.961261132870405,50.28838646162851,57204000
2013-10-08,46.72964096069336,50.15952040564812,46.67016568687272,50.15952040564812,136081000
2013-10-09,46.36286544799805,47.42355074615907,44.866007949964356,46.9675559749196,147297000
2013-10-10,48.623008728027344,49.247525504991714,47.41363165477403,47.45328057247039,99774000
2013-10-11,48.68248748779297,49.43586986040457,48.36527345916814,48.751877820211554,58428000
2013-10-14,49.07901382446289,49.1979719472288,47.49294333582069,47.8894628487264,68781000
2013-10-15,49.06909942626953,50.55604183312619,48.75188534865932,49.554835609698344,81167000
2013-10-16,50.69482421875,50.79395598475752,49.465620572178466,49.60440126309878,64678000
2013-10-17,51.75550842285156,51.76542348998429,50.50647844992661,50.674996776281745,71522000
2013-10-18,53.748008728027344,54.35269920001425,53.13340318976764,53.70835602591578,88260000
2013-10-21,53.381229400634766,54.332875388340625,53.04418897991373,54.204005991199935,58235000
2013-10-22,52.22141647338867,54.283307932135514,51.74559536752401,53.85705459725906,83204000
2013-10-23,51.448204040527344,51.79515572416991,50.684906555023964,51.29950830097211,57207000
2013-10-24,51.99341583251953,52.38002022042161,51.1409016533048,51.92402549528017,46775000
2013-10-25,51.49776840209961,52.77653967083298,51.428378064865065,52.717060618279184,45085000
2013-10-28,49.79274368286133,51.24994843426526,49.17814188751336,51.091341397353204,73472000
2013-10-29,48.969966888427734,50.34786611886319,48.82127114898215,50.288387066787,102143000
2013-10-30,48.58335494995117,49.77290942868464,48.325619973945486,49.56473843481588,127073000
2013-10-31,49.772918701171875,51.54733757526259,46.0952153317252,46.74946984969008,248809000
2013-11-01,49.31692123413086,51.63655144946817,49.287183597232286,50.40734411063124,95033000
2013-11-04,47.80023956298828,49.31691949517523,47.6019798338454,48.94022638795272,80371000
2013-11-05,49.67378234863281,49.74317268115759,47.096413635250066,47.37397874683868,76835000
2013-11-06,48.692405700683594,50.01082976722667,48.2859749323301,49.822481311154775,67889000
2013-11-07,47.14598846435547,49.435877343780746,46.888249663651536,48.81136425747753,97128000
2013-11-08,47.11624526977539,48.22649827768767,46.838683908542286,47.393810412498425,70731000
2013-11-11,45.79782485961914,47.116245102279386,45.331915049357065,46.63051272184821,80910000
2013-11-12,46.20425796508789,46.957640459001766,45.43104911850653,45.599567443944984,68196000
2013-11-13,48.28596496582031,48.315706378871305,45.65903622333118,45.82755451083333,79245000
2013-11-14,48.563533782958984,49.13848279901104,47.61188790363114,48.27605738418818,75117000
2013-11-15,48.58335494995117,49.04926470131506,48.28596727564016,48.682486695714466,42453000
2013-11-18,45.43104553222656,48.41484141557823,45.40130411482803,48.048063373908114,85910000
2013-11-19,45.9564323425293,46.59086047588595,45.32200420917265,45.85730058326109,75602000
2013-11-20,46.025821685791016,47.13607089510361,45.90686735873714,46.204255067116776,53933000
2013-11-21,46.2934684753418,47.0468508685843,46.28355340958791,46.58094487837088,34886000
2013-11-22,45.82756042480469,46.858507975531744,45.55991036174152,46.630510613994176,40545000
2013-11-25,44.429840087890625,46.24391169136937,43.6566312242388,45.956435243579264,82565000
2013-11-26,45.49052047729492,45.76808182775542,43.17089035583137,44.271228254428024,82016000
2013-11-27,46.085296630859375,46.26372621478555,45.13365075481238,45.56982288426837,44993000
2013-11-29,46.60076904296875,46.79902876845123,46.09521033540368,46.34303404688434,22953900
2013-12-02,46.65033721923828,47.12615829567186,45.857298310359226,46.491730193760425,50774000
2013-12-03,46.323204040527344,46.789113791419794,45.88703570407851,46.34303038965994,32086000
2013-12-04,48.196754455566406,48.34545019537657,45.85729800902362,46.05555773494059,60890000
2013-12-05,47.919189453125,48.27605617625747,47.453279699981,47.73084480768929,43855000
2013-12-06,47.522674560546875,48.960052873931424,47.29467719492571,48.55362212973895,42938000
2013-12-09,48.41484069824219,48.54371008775358,47.32441787419434,47.671369559621446,36056000
2013-12-10,49.81257247924805,50.328046319876805,48.1174589800492,48.216586964924254,68479000
2013-12-11,48.950138092041016,50.32803725363252,48.58335629479801,50.10995118840582,65776000
2013-12-12,51.378814697265625,51.616723347366545,50.218997738181756,50.60560213071311,92723000
2013-12-13,52.8558349609375,53.03426831573388,50.893071839666625,51.21028585230701,82641000
2013-12-16,53.341583251953125,54.0255754142094,52.4494162738013,52.78645671204863,85119000
2013-12-17,54.38243865966797,54.69965272421916,53.767836882286275,54.28330690106451,78751000
2013-12-18,55.08626174926758,55.40347584042429,53.28210518775491,54.38244322085676,76003000
2013-12-19,54.57078552246094,54.70956620859466,53.48036260441874,53.85705573927462,89753200
2013-12-20,54.64017105102539,54.669912467926366,53.75791923992152,54.45182639093808,239824000
2013-12-23,57.26710891723633,57.81232037584054,54.967304967804324,55.016868958315605,98297000
2013-12-24,57.45545196533203,58.07005753102054,56.414593068135645,57.762754748176285,46617800
2013-12-26,57.227455139160156,57.871798348194936,56.87058836378643,57.812319291802645,55101000
2013-12-27,54.9573860168457,57.17788818082978,54.76904135361756,56.979628451306056,60466000
2013-12-30,53.24245071411133,54.699655496778995,52.96488933893277,54.45183175994382,68307000
2013-12-31,54.17427062988281,54.38244166220863,53.44071070167597,53.648881734001776,43076200
2014-01-02,54.233741760253906,54.739304264665485,53.718267970937525,54.352699868050664,43195500
2014-01-03,54.085052490234375,55.165564110161476,54.055311071059656,54.54104724835295,38246200
2014-01-06,56.70206832885742,56.76154360196182,53.57948792022017,53.9462659698269,68852600
2014-01-07,57.41579818725586,58.040315026485565,56.7218947897672,57.19771588296938,77207400
2014-01-08,57.72310256958008,57.90153595717921,56.73180765246933,57.0985857129831,56682400
2014-01-09,56.721900939941406,58.446752117133194,56.15686309415545,58.13945308820873,92253300
2014-01-10,57.435630798339844,57.792497602506415,56.56329392314412,56.632684270455364,42449500
2014-01-13,55.423301696777344,57.74293208099002,54.89791657204005,57.40589163947228,63010900
2014-01-14,57.237369537353516,57.27701845966187,55.61164271503189,55.96850948623688,37503600
2014-01-15,57.09858322143555,58.06014045915137,56.77145787943821,57.47527633231749,33663400
2014-01-16,56.6921501159668,57.51492664215304,56.335287152676415,56.76154045173074,34541800
2014-01-17,55.809898376464844,57.31666697734484,55.58190101851118,56.80119321008407,40849200
2014-01-21,58.00066375732422,58.070057880278654,56.00816264393539,56.107290622744586,48669200
2014-01-22,57.00936508178711,58.793698834542056,56.60293434510176,58.3377003302326,61352900
2014-01-23,56.13703155517578,56.186595544150926,55.20521192388716,55.87929276212107,47951800
2014-01-24,53.97601318359375,55.92886175050491,53.926449190188144,55.661215429816565,55200700
2014-01-27,53.083839416503906,54.46173867776235,51.398637384878896,54.253567663073625,73924100
2014-01-28,54.659996032714844,54.798776703144135,53.52992053751672,53.54974688779086,48191200
2014-01-29,53.06401062011719,54.471651233958184,52.7269702293234,54.134610843164396,92995600
2014-01-30,60.54829788208008,61.955934908076294,59.933692285119044,61.57924176501794,150178900
2014-01-31,62.02531814575195,62.818353265410806,59.64620900528566,59.943600483961255,87794600
2014-02-03,60.94480514526367,63.21487119305878,60.17159639491008,62.48131136161564,74866600
2014-02-04,62.20375061035156,62.59035498918632,61.281846115519606,61.50984347274293,45985500
2014-02-05,61.64862823486328,62.61018549427779,60.73663874545194,62.19384345297868,51685100
2014-02-06,61.618896484375,62.23349831992859,60.92498923443241,60.92498923443241,42086500
2014-02-07,63.76008224487305,64.00790594880414,61.6783646444477,61.72792862893599,60704300
2014-02-10,62.996788024902344,63.928603838299736,62.91748640193801,63.74026295644566,43666100
2014-02-11,64.28546905517578,64.43416479421988,62.798526790693785,63.19504624048488,45675600
2014-02-12,63.888946533203125,64.49363696338685,63.49243466545827,64.35485629708033,47282100
2014-02-13,66.74388122558594,66.74388122558594,63.49243546601543,63.62130106835943,61911700
2014-02-14,66.50597381591797,66.99171378129073,66.13919952885794,66.91240837106902,36694900
2014-02-18,66.71415710449219,66.95206578892343,65.49486091619318,66.35729029635495,43809900
2014-02-19,67.46753692626953,68.47866208621338,66.41676662078119,66.46633439718306,62087100
2014-02-20,69.02385711669922,69.49968196850752,65.15781328379181,67.14040296753076,130928900
2014-02-21,67.992919921875,69.3509967846032,67.8541392279297,69.08335046427459,70932400
2014-02-24,70.1638412475586,70.8180994132792,67.94334312352689,68.14159904848411,76620300
2014-02-25,69.241943359375,70.38193394287664,68.84542390907276,70.33236617547156,52077000
2014-02-26,68.6570816040039,70.60001855081087,68.25064709607514,69.57898609252256,55322700
2014-02-27,68.33988189697266,69.40056727823927,68.2704915472816,68.73639385921817,41653700
2014-02-28,67.86404418945312,69.27168105441044,66.79344394160695,68.86525410065998,66783700
2014-03-03,66.82319641113281,67.45762457600652,65.93102944084781,66.37710914450017,56824100
2014-03-04,68.20108795166016,68.30021592296902,67.03135973906492,68.06230727923186,42013500
2014-03-05,70.94696807861328,71.34348750866688,69.01394625619827,69.08333658923421,74567700
2014-03-06,70.22331237792969,71.26417483011942,69.6384521396554,71.2542597655617,46026500
2014-03-07,69.1923828125,70.56036696814381,68.86525370039622,70.46123899680373,38927000
2014-03-10,71.40296173095703,71.52191982712556,69.89619699438384,70.15392819161387,59871600
2014-03-11,69.48976135253906,71.95808319402319,69.35098069079964,71.86887029561021,59408300
2014-03-12,70.26297760009766,70.72888739865778,68.39934596883681,69.25186016131285,46340500
2014-03-13,68.23081970214844,70.72887915339062,67.55673896721345,70.66940388833068,57091000
2014-03-14,67.1304931640625,68.8256065689874,66.87275436733718,67.8937869244282,48227000
2014-03-17,68.1416244506836,68.34979551838543,66.04008363598983,67.58650160347868,52197000
2014-03-18,68.58770751953125,68.99413456077652,67.70545552248207,68.16145034184605,40827000
2014-03-19,67.6459732055664,68.68683605035677,66.88267933223965,68.56787791972951,43981000
2014-03-20,66.38701629638672,67.63604990586433,66.23832055857139,67.41796383213243,44439000
2014-03-21,66.65467834472656,67.3287592943964,65.60390799138109,66.94215482239265,59999900
2014-03-24,63.5420036315918,66.77362722769819,62.80844749951174,66.6051089043655,85696000
2014-03-25,64.32512664794922,65.6138130670214,63.22478868352083,64.32512664794922,68786000
2014-03-26,59.86429977416992,64.3846022013286,59.84447342193799,64.17643117512841,97503900
2014-03-27,60.43925094604492,61.3611555007283,57.475277546736756,59.983252420504485,112650000
2014-03-28,59.48760986328125,61.410724537436764,58.82344404428255,60.806033996861686,67052000
2014-03-31,59.715606689453125,60.98446295667987,59.348824852247304,60.25090306375818,53011000
2014-04-01,62.074886322021484,62.114539026053585,59.71560715446119,59.93368946365778,59291000
2014-04-02,62.174015045166016,63.353654571325805,61.66845254717625,62.659747410618365,66277000
2014-04-03,58.97213363647461,62.62009528877372,58.61526687729028,62.00549352656173,83859000
2014-04-04,56.2559814453125,59.67594935555454,55.82972436708435,59.41821058284049,125214400
2014-04-07,56.45424270629883,57.49510154697192,54.95738535873477,55.41338386562574,108488000
2014-04-08,57.68345260620117,58.1989264413706,56.672331288925385,57.17789383830837,78836000
2014-04-09,61.86671829223633,61.916282283930194,58.674747311480786,59.11091951396326,100215000
2014-04-10,58.64500427246094,62.630010097831274,58.16918318933326,62.530882123571686,114988000
2014-04-11,58.02048873901367,59.78499621576392,56.811111543847446,57.09858418820037,91452000
2014-04-14,58.37735366821289,59.92377501029759,57.27701576918049,59.56690825585575,72325000
2014-04-15,58.57561111450195,59.1604752100552,55.393555647173564,58.77387083496723,108623000
2014-04-16,59.200130462646484,59.66603647711265,57.237367086551046,59.269520800577396,78774000
2014-04-17,58.426918029785156,60.05264478617279,58.20883573071899,58.78378478651684,88040000
2014-04-21,60.70690155029297,60.70690155029297,58.63509505085156,58.942394050763234,60364000
2014-04-22,62.48131561279297,62.88774636582302,61.67836917325232,62.104626277831386,60631000
2014-04-23,60.82585525512695,62.927399370009056,60.72672349690757,62.897661733288196,95908700
2014-04-24,60.34012222290039,63.0959247404805,59.24969929636568,63.04635696805519,138769000
2014-04-25,57.20762634277344,59.48760379953666,57.06884566527765,59.447954878459186,92502000
2014-04-28,55.65129470825195,57.802406593220226,54.18417871985636,57.544667803311995,107758000
2014-04-29,57.643802642822266,57.77266826317482,55.35390995541837,55.60173369200576,75557000
2014-04-30,59.259605407714844,59.32899574526333,56.66241393828484,57.07875974506556,76093000
2014-05-01,60.6176872253418,61.737847787303465,59.68586755956293,59.90395365691374,82429000
2014-05-02,59.933685302734375,61.35123723080296,59.65612395675945,60.76637312214886,54189000
2014-05-05,60.68707275390625,60.81593836348935,58.66483032479672,59.1505626902803,46057000
2014-05-06,58.02048873901367,60.61768407516013,57.98083981732045,60.449161977376775,55901000
2014-05-07,56.890419006347656,58.78379229049051,55.77025460616661,58.25840715461803,78587000
2014-05-08,56.265892028808594,58.30796070880039,56.00815704079488,56.73180180187949,61251000
2014-05-09,56.74171829223633,57.14814902528205,55.88920412499658,56.35511012827504,52584000
2014-05-12,59.30917739868164,59.37856774117079,57.47527951170976,57.47527951170976,48575000
2014-05-13,59.30917739868164,60.35994760294018,58.991959542529756,59.140655294429386,48525000
2014-05-14,58.71439743041992,59.923778438212786,58.436836063971725,59.011785148970134,47429000
2014-05-15,57.41579818725586,58.86309159992199,57.019282500332324,58.74413349050401,56814000
2014-05-16,57.514930725097656,57.94118783590136,56.81111225153431,57.80240715452154,47933000
2014-05-19,58.69456481933594,59.041520271888075,57.06884193523214,57.38605597205778,43034000
2014-05-20,58.05022430419922,59.666032090353035,57.673531224919586,58.9820400461125,53931000
2014-05-21,59.96342849731445,59.97333978218325,57.742926319209495,58.050229091,58992000
2014-05-22,59.9931755065918,60.944817825251874,59.87422116213189,60.40951760294667,54200000
2014-05-23,60.81594467163086,60.915076437157786,59.626393737229336,59.88412876461895,38294000
2014-05-27,62.927398681640625,62.95713631803618,61.03402560749613,61.083589595318685,55682000
2014-05-28,62.95713806152344,63.581654913554125,62.07488619678405,62.83818373115711,47795000
2014-05-29,63.274349212646484,63.74025898103178,62.95713139610423,63.28426049684018,42700000
2014-05-30,62.74896240234375,63.61138785139423,62.015406340872225,63.39330555874875,45253500
2014-06-02,62.5308837890625,63.036442521635486,61.50984747584267,62.67957575441224,35996000
2014-06-03,62.32270431518555,62.86791571024282,61.777492920128275,62.07488061002409,32217000
2014-06-04,62.78861618041992,63.03643989382836,61.52967126252632,61.90636436572427,36514000
2014-06-05,62.639923095703125,63.79974009000534,62.27314504312444,63.105832906742215,47352000
2014-06-06,61.9559326171875,62.9274011868462,61.60898090712726,62.81835814040154,42442000
2014-06-09,62.33262634277344,62.78862110364171,61.25211471633075,61.856805229499145,37617000
2014-06-10,65.19744873046875,65.24701649038578,62.94721310163266,62.97695073239154,69338000
2014-06-11,65.2073745727539,65.22720470518964,64.33503782007095,64.75137984546649,44242000
2014-06-12,63.73035430908203,65.8913776387489,63.502353139056915,65.27677203679544,55730000
2014-06-13,63.93851089477539,64.40442063385267,63.27434523237866,64.13676681809484,29419000
2014-06-16,63.631221771240234,64.31521010640505,63.19504959700539,63.60148413444783,31046000
2014-06-17,63.839393615722656,64.31521093650203,63.37348379868205,63.54200211800058,27715000
2014-06-18,65.0289306640625,65.1776263813304,63.49242842023639,63.928592944449676,35570000
2014-06-19,63.779911041259766,65.00912217812926,63.65104542530505,64.89016406595415,34245000
2014-06-20,63.93851089477539,64.24580984481415,62.798520428241794,63.898858197515764,46466000
2014-06-23,64.80094909667969,65.08842551974074,63.66095847088032,63.76008644638901,34560000
2014-06-24,65.14791107177734,66.5852858508982,64.70182376713295,64.7910442532542,57335000
2014-06-25,66.8529281616211,66.89258086380585,64.99920404012659,65.00911910641769,44308000
2014-06-26,66.54561614990234,67.40804533494838,66.31762258477296,67.40804533494838,47714000
2014-06-27,67.01153564453125,67.11066362477122,66.25814938134332,66.72405920774928,46461000
2014-06-30,66.70423126220703,67.32874429408085,66.54562045621905,66.87274957133464,27102800
2014-07-01,67.46753692626953,67.84423387576976,66.80337107517711,66.99171954992723,33243000
2014-07-02,65.87154388427734,67.70544552205814,65.21729317503672,67.44770672727608,41895000
2014-07-03,65.71293640136719,66.41675483610268,65.1875513418449,66.27797416237904,25203200
2014-07-07,64.72164916992188,65.99050551499629,64.55313084099365,65.72285920216792,28745000
2014-07-08,62.21366882324219,64.98929390129526,61.66845736207839,64.49364643087542,68926000
2014-07-09,64.40443420410156,64.55312995941124,62.600277695028886,62.85801271854349,51432000
2014-07-10,64.3052978515625,64.77120006518645,62.50113779582958,62.75887656728699,44422000
2014-07-11,65.76249694824219,66.01032066160694,64.2259944631684,64.71172682372905,39212000
2014-07-14,67.30892944335938,67.5765757554316,66.31763448119791,66.54562808722605,38537000
2014-07-15,66.58528900146484,67.49727866396216,65.6832144074459,67.3684130256684,44213200
2014-07-16,67.0710220336914,67.348583418249,66.48615406224746,66.95206391331793,29541600
2014-07-17,65.83190155029297,67.25936114176676,65.4651196945012,66.44649958169825,38188000
2014-07-18,67.82440185546875,67.8640545628923,65.5840806083927,66.21850880120829,42456000
2014-07-21,68.79586791992188,69.35099064657093,67.90370099282167,68.21099999321954,49539000
2014-07-22,68.66700744628906,69.16265499049291,68.01275662069028,69.15274748495538,40398000
2014-07-23,70.66940307617188,70.70905577341574,69.00402760682327,69.1328932006318,78435000
2014-07-24,74.32728576660156,76.07195913017173,73.8613760109624,75.29875041357012,124168000
2014-07-25,74.53546142578125,75.01127871362357,74.01007637075645,74.33719792003076,45917000
2014-07-28,74.267822265625,74.84277520149362,73.20713687985817,74.51564602457034,41725000
2014-07-29,73.06834411621094,74.26781000391534,72.78086769573935,74.06955405468375,41324000
2014-07-30,74.02989959716797,74.53546208759643,73.48468440523732,73.56398980824169,36853000
2014-07-31,72.017578125,73.52434308979878,71.8094070974082,73.35582476693591,43992000
2014-08-01,71.73009490966797,72.58260907332962,70.9271485129785,71.59131423772114,43535000
2014-08-04,72.8700942993164,73.23686859255848,71.73010358785034,71.73010358785034,30777000
2014-08-05,72.0572280883789,72.94938744040807,71.55166557604385,72.56278303773415,34986000
2014-08-06,71.83912658691406,73.07824493548654,71.16504590277151,71.39303944364106,30986000
2014-08-07,72.53303527832031,73.35581173861154,72.06712553422821,72.36451698538706,38141000
2014-08-08,72.42399597167969,72.7907777718909,71.92834856960036,72.7610401378428,27202000
2014-08-11,72.80070495605469,73.26661480164182,72.42400802746234,72.82052752772672,24591000
2014-08-12,72.19599914550781,72.6916465252304,71.59130873720794,72.45373033761881,27419000
2014-08-13,73.12782287597656,73.60364776499685,72.41409688691618,72.48348722875456,29266000
2014-08-14,73.65320587158203,73.73250370686347,73.04851544505921,73.32607677599184,22207000
2014-08-15,72.9890365600586,74.00016153508514,72.36452353170417,73.67303242181306,38846600
2014-08-18,73.9406967163086,74.06956991759061,73.31618353580019,73.35583624673457,23974000
2014-08-19,74.63460540771484,74.92208188048768,73.86139647686842,74.15878045481955,26679000
2014-08-20,74.15876007080078,74.52554186206903,73.97041920542864,74.31737086582888,22917000
2014-08-21,73.92086029052734,74.53546585036905,73.76225703949135,74.26781199246223,20102000
2014-08-22,73.92086029052734,74.07947110454322,72.92956539186774,73.69285913612448,20897000
2014-08-25,74.36693572998047,74.62467450657232,74.1389421515557,74.28763789047328,19734000
2014-08-26,75.29875946044922,75.32849709727924,74.07947097253931,74.34711726698934,23993000
2014-08-27,73.98033142089844,74.83284559103757,73.81181311267963,74.61475951546996,36323000
2014-08-28,73.21703338623047,73.78207111086104,73.08816778692139,73.3558140510184,21947000
2014-08-29,74.16867065429688,74.16867065429688,73.36572435118055,73.65320072756283,26241000
2014-09-02,76.01248931884766,76.03231188811537,74.16868029479038,74.35702873624145,34979000
2014-09-03,75.16989135742188,76.80552939573066,74.94189021097512,76.46848520919801,32389000
2014-09-04,75.28884887695312,76.26032126146634,74.87250681058188,75.22937359975161,26676000
2014-09-05,76.58744049072266,76.70639102971656,74.94188744683315,75.437534860586,29476000
2014-09-08,77.21194458007812,77.48950588960399,76.33960795542848,76.58743163364493,28183000
2014-09-09,76.00257873535156,77.4895210964537,75.53666891879611,76.91456823504568,28882000
2014-09-10,76.75596618652344,77.27143621874612,75.84397667252483,75.85388417640868,29909000
2014-09-11,77.24169158935547,77.67786373612549,76.37926992476123,76.45856776355447,32219000
2014-09-12,76.80553436279297,77.61839590137814,76.4288374497788,77.34082696858556,26676800
2014-09-15,73.93077087402344,76.57752627783148,72.79078029709737,76.47839830657257,49679000
2014-09-16,75.41770935058594,75.56640508150878,72.43390991852267,72.87998954831217,37742000
2014-09-17,75.7646713256836,76.5775328606496,74.91215708620948,75.29876150143843,28693000
2014-09-18,76.32969665527344,76.6568257417681,75.85387184191949,76.10169553235869,23031000
2014-09-19,77.2317886352539,77.61839303794186,75.77458393451631,76.7262261229005,76671000
2014-09-22,76.13145446777344,76.85509553918531,75.28884771782946,76.32971043071308,31961000
2014-09-23,77.60848236083984,77.94551901281798,75.37806872857665,75.66554517095932,36814000
2014-09-24,77.85629272460938,77.93559812191637,76.83526031396327,77.42012060239979,30680000
2014-09-25,76.54779052734375,78.25281890170046,76.45857005692855,77.91577471554689,37533000
2014-09-26,78.10411834716797,78.15367854947415,76.6568288439902,76.91456004713233,28872000
2014-09-29,78.31230163574219,78.51055760203295,77.23179376239098,77.43996479589038,34031000
2014-09-30,78.35194396972656,79.01610968815977,77.91577182604895,78.65924294569251,35899000
2014-10-01,75.88363647460938,78.13387283246514,75.23929320182876,78.09422012428071,55090000
2014-10-02,76.40901184082031,76.8055313089207,74.9815447808508,75.9034493299178,36488000
2014-10-03,76.765869140625,77.38046705557024,76.58743578012954,77.08308316339705,23340000
2014-10-06,76.88481903076172,77.21194811610357,76.1810006599521,76.51804481051067,25729000
2014-10-07,75.62590026855469,77.27144611872832,75.57633249086457,76.37928662415447,25317000
2014-10-08,76.84516906738281,77.03351749830841,74.44623748213496,75.51683767427137,32976000
2014-10-09,75.24919891357422,77.08309295194896,75.18971607720295,76.60726807587787,32487000
2014-10-10,72.27530670166016,75.8340513642081,72.12661097070315,74.93196947592025,52146000
2014-10-13,72.35459899902344,74.1290174432135,71.88868927374166,72.59251517553656,43938000
2014-10-14,72.94939422607422,73.53426219925377,71.42280660647725,73.3558287996543,50299000
2014-10-15,72.57270050048828,73.15756843857527,69.70785877429799,71.06593554326263,61528000
2014-10-16,71.99773406982422,72.71146749097883,69.96558439551423,70.17375538285455,53529000
2014-10-17,75.28884887695312,75.33841664994127,73.10800299912064,73.58382790567372,76342000
2014-10-20,76.28014373779297,76.4189244264104,74.72381096145726,74.94189706156473,34701000
2014-10-21,78.00498962402344,78.05454982584959,76.47839473636733,76.88482166844967,32252000
2014-10-22,77.68778228759766,79.15489447131701,77.33091552658922,78.13386195736834,41862000
2014-10-23,79.3432388305664,79.92809914804467,78.32220636922007,78.68898061476429,35056000
2014-10-24,79.96775817871094,80.11645392707082,78.62951156943181,79.5018483632406,32248000
2014-10-27,79.58114624023438,80.09662377737321,79.06567626607475,80.03714094586998,30169000
2014-10-28,80.06688690185547,80.45349887638157,78.87733602986435,79.4820265326375,74212000
2014-10-29,75.19963836669922,76.21075592637104,74.1290379649428,74.79320379154,106120000
2014-10-30,73.46485137939453,74.6940546990862,72.26538569085194,74.39667082461705,83270000
2014-10-31,74.33718872070312,75.04100706231519,73.80188866589005,74.27771345782784,44544000
2014-11-03,73.23686218261719,74.8625851623741,73.05842880371803,74.81302495672301,40727000
2014-11-04,75.10050201416016,75.11040951758675,73.00886921823385,73.58382206212387,39326000
2014-11-05,74.1785888671875,76.13144075870983,73.77215438447404,75.84396437012737,35913000
2014-11-06,74.60486602783203,74.94190270758615,73.66313121214439,74.23808414429294,21383000
2014-11-07,74.94190979003906,75.1996486396671,74.36695680355406,74.7337387217562,20774000
2014-11-10,74.34711456298828,74.82293942390243,73.96051017229911,74.70398131792899,21575100
2014-11-11,73.96051788330078,74.32729974272425,73.38556498895493,74.297554540895,18715700
2014-11-12,74.0695571899414,74.48589923873872,72.89982888881086,73.63338500759374,26536600
2014-11-13,73.60364532470703,74.58502514473545,72.99895483888655,74.08937770147143,26448500
2014-11-14,74.22815704345703,74.27772481208247,73.39547298400312,73.62346656852898,19476900
2014-11-17,73.59371948242188,75.00136376304536,73.23685277048675,74.22814751186682,28701200
2014-11-18,73.69286346435547,74.14886579994374,73.25669882615414,73.80190651465088,20690500
2014-11-19,72.69165802001953,73.89112396106324,72.47357192837886,73.36573886555435,25441200
2014-11-20,72.95929718017578,73.3459015546236,71.87878945748298,72.16626586260713,19154900
2014-11-21,73.1080093383789,73.85148061978614,72.86018557790982,73.85148061978614,23060400
2014-11-24,73.36573791503906,73.70277455194987,72.7114796485935,72.89982810038478,22103800
2014-11-25,74.97163391113281,75.08067696003899,73.48469149475427,73.56399690540972,32250200
2014-11-26,76.94432067871094,77.10292394607652,74.85268762214918,74.87251019445212,32695300
2014-11-28,77.02359771728516,77.58863541249075,76.5576955457475,76.99386008537623,15992000
2014-12-01,74.44625854492188,76.6370197509076,74.14887456051014,76.58745953499626,31789900
2014-12-02,74.8031234741211,75.24921078386512,74.38678136874482,74.67425784045159,16773900
2014-12-03,74.22815704345703,75.07076373221162,73.75233974176327,74.72380447779284,16689900
2014-12-04,74.58502197265625,74.89232851723654,74.01007671078688,74.17859501921447,14362800
2014-12-05,75.69528198242188,76.09180146975538,74.70398704557819,75.14015923794307,24306400
2014-12-08,75.85387420654297,76.5775227328947,74.74362887907168,75.51683760726893,25733900
2014-12-09,76.17108917236328,76.26030963754651,74.1290242945814,74.54536629749202,25358600
2014-12-10,75.51683807373047,76.87491467073427,75.40779504082612,75.98274783923466,32210500
2014-12-11,77.0533447265625,77.83646092853333,75.81422628132174,75.8538714161481,33462100
2014-12-12,77.15247344970703,78.19332841617671,76.34951954645459,76.48830777162941,28091600
2014-12-15,76.31977844238281,77.89594098131981,75.89352140988825,77.77698289214277,29396500
2014-12-16,74.0398178100586,76.716310989884,73.94068227060002,75.52676014617933,31554600
2014-12-17,75.44746398925781,75.74485551813248,74.24799793196324,74.35704098835191,29203900
2014-12-18,77.71752166748047,77.71752166748047,75.84397491164218,76.22066425094462,34222100
2014-12-19,79.18462371826172,79.30358181365462,77.64812135840951,78.06446334781626,43335000
2014-12-22,80.74098205566406,81.17715431542001,79.30360720035024,79.38291262266613,31395800
2014-12-23,79.90828704833984,81.45470476032298,79.7001160150329,81.30600900425222,19865800
2014-12-24,80.06688690185547,80.72114517553658,80.04706433128028,80.32462569721287,7685500
2014-12-26,80.0768051147461,80.57245259137908,79.80915880507563,80.31471378589544,10647400
2014-12-29,79.32340240478516,80.2552218880294,79.0161034530679,79.78931214640728,14134700
2014-12-30,78.5303726196289,79.88844160955578,78.41141452496527,79.15488559991054,14370800
2014-12-31,77.34081268310547,79.10532368224256,77.18220945664227,78.84758493088881,19935400
2015-01-02,77.76707458496094,78.24289942003792,77.02360347970135,77.89594775017927,18177500
2015-01-05,76.5180435180664,78.56010826544401,76.19091443824999,77.30116727142449,26452200
2015-01-06,75.48709869384766,76.91455802825116,74.70397491336584,76.5576988668845,27399300
2015-01-07,75.48709869384766,76.68656446507305,75.15996960270103,76.09178911215668,22045300
2015-01-08,77.49942779541016,77.54899556062028,75.41771022722993,76.0719608627247,23961000
2015-01-09,77.0632553100586,77.93559957069412,76.52795521275381,77.51925000858212,21157000
2015-01-12,76.0521469116211,77.32100318978695,75.54658438851502,77.16239237352623,19190200
2015-01-13,75.78448486328125,77.40030023672344,75.18970949251431,76.55770116455535,25179600
2015-01-14,75.61597442626953,76.52796392716691,75.3681506990922,75.75475510845044,25918600
2015-01-15,73.40538787841797,75.90344761390922,72.89982537894511,75.73492930174481,34134000
2015-01-16,74.52555084228516,74.66433152316812,73.19721174428838,73.39547526196397,21791500
2015-01-20,75.57633209228516,75.64572244289674,74.16869494388949,75.0608619967392,22821600
2015-01-21,76.07196807861328,76.62709836230351,75.18971622763577,75.49702278772602,25096700
2015-01-22,76.97405242919922,77.07318040909078,76.01249514199291,76.49822753754762,19519500
2015-01-23,77.15247344970703,77.5093401704906,76.36934967704192,76.97404008931525,16746500
2015-01-26,76.82535552978516,77.78691280262184,76.61718450622979,77.30118041432598,19260800
2015-01-27,75.12033081054688,76.2107537532515,74.97163505404616,76.04223542527485,20110000
2015-01-28,75.57633209228516,76.96414666749793,75.33842339918556,76.23059045203527,53306400
2015-01-29,77.32099914550781,77.34082171501359,73.56399071536725,76.18100854294607,61293500
2015-01-30,75.24919891357422,77.47961242151156,75.09058810055724,77.32100160849458,42649500
2015-02-02,74.33718872070312,75.47717915800996,73.10798538908337,75.4474415265723,41955300
2015-02-03,74.7436294555664,74.9220628221404,73.21703455553974,74.53545845505992,26957700
2015-02-04,74.97163391113281,75.68536748107134,74.3570358860037,74.43633373367891,20277400
2015-02-05,74.95181274414062,75.31859460305834,74.55529324641506,75.05094072782693,15062600
2015-02-06,73.82172393798828,75.04101228973938,73.60363787494883,75.02118972172626,21211000
2015-02-09,73.7919921875,74.17859657989936,72.81060482558195,73.40538779510064,16194300
2015-02-10,74.53546142578125,74.68414960136984,73.85146556615605,74.19841724749513,15811300
2015-02-11,75.8439712524414,76.08187989931314,74.37685154361012,74.43632681458317,20877400
2015-02-12,75.56642150878906,76.20084970653022,75.22937727456244,76.1909346388522,17235000
2015-02-13,75.0806655883789,75.81422918136643,74.84275695542627,75.79439905021592,18621900
2015-02-17,74.94190979003906,76.240511544063,74.42643965376458,74.6445257909128,25254400
2015-02-18,76.04222869873047,76.23057714450246,74.79319504278403,75.27893497525078,22426400
2015-02-19,78.72864532470703,79.1449874002833,76.28014551937252,76.31979822604366,45851200
2015-02-20,79.20446014404297,79.64062473585815,78.51054921023507,78.85750845862877,36931700
2015-02-23,78.15367126464844,79.4919251728202,77.69767660584812,79.26392406193082,24139100
2015-02-24,77.76707458496094,78.78811458908662,77.4201229151023,77.81664235050326,18897100
2015-02-25,78.8674087524414,79.50183679434203,77.81663872610204,77.81663872610204,25593800
2015-02-26,79.71002197265625,80.66166411457924,79.02602611068869,79.1846293528528,31111900
2015-02-27,78.28253936767578,80.52286738421013,77.93558775433544,79.97765230397678,30739200
2015-03-02,79.05577087402344,79.1648139216467,77.83647477922692,78.31229967458121,21662500
2015-03-03,78.90707397460938,79.00620195383146,77.83647364785872,78.9169890414256,18635000
2015-03-04,80.19574737548828,80.44357106480501,78.16359009789961,78.60967727645699,28126700
2015-03-05,80.50306701660156,81.27627591588117,80.34446374743226,80.52289715211069,27825700
2015-03-06,79.31350708007812,80.62201604578073,79.13507369552867,80.19575893618928,24488600
2015-03-09,78.74846649169922,79.21437628830196,77.94551250826441,78.98637514165267,18925100
2015-03-10,76.87492370605469,78.5700371036457,76.87492370605469,77.81665085038969,23067100
2015-03-11,76.89473724365234,77.74725137569477,76.58743827616465,77.12273837509682,20215700
2015-03-12,78.24290466308594,78.36186277057135,77.23178721988889,77.42012810301617,16093300
2015-03-13,77.37057495117188,78.68899150518448,77.00379309188635,77.91578264348344,18557300
2015-03-16,77.39037322998047,77.43994098780423,76.68655493415528,77.28133021315057,19305400
2015-03-17,78.66915130615234,79.08549328255042,77.65802643435282,77.67785656445484,22170000
2015-03-18,80.20567321777344,80.53279478376231,78.48081466301844,78.56012006937081,36912400
2015-03-19,82.02965545654297,82.27747918904008,80.29488932906321,80.41384744333466,42099500
2015-03-20,83.07051086425781,83.86354220082876,82.3468623011946,82.66407634841887,44466300
2015-03-23,83.69501495361328,84.22039995418551,82.57485462339282,83.1894525200719,27357300
2015-03-24,84.56736755371094,85.32075381365149,83.78424365612457,83.97259211185474,32576500
2015-03-25,82.19817352294922,84.77553882027803,82.19817352294922,84.7557162494514,37436100
2015-03-26,82.28739166259766,83.04077034029963,81.42496237801527,81.99991523440353,32794800
2015-03-27,82.57487487792969,83.2192105646915,82.15852523837003,82.6541727284825,18372600
2015-03-30,82.47574615478516,83.60582192072232,81.69262971102367,83.08043674780185,24527700
2015-03-31,81.50426483154297,82.77312104588215,81.49434976528043,82.1783456407831,19734300
2015-04-01,80.95905303955078,81.99991571452112,80.16602165369807,81.78182962544315,22058200
2015-04-02,80.85000610351562,81.84130096035315,80.73105556100204,81.53400197488698,19664100
2015-04-06,81.72235870361328,82.08913299752324,80.09663557860715,80.09663557860715,19062900
2015-04-07,81.60340118408203,82.6938241325557,81.50427320021723,81.93053033751825,17467000
2015-04-08,81.56375122070312,82.37661281649746,81.12757900145424,81.91070295738717,18966700
2015-04-09,81.45470428466797,82.0792249439222,80.99870951489932,81.7818334335173,15927300
2015-04-10,81.3258285522461,81.89086630137822,81.19696294734906,81.49434685779899,12529700
2015-04-13,82.28739166259766,83.20929622095127,81.20687629021421,81.21679135683605,26883100
2015-04-14,82.79293060302734,82.96145645108521,81.72233806730381,82.44597896816424,19634200
2015-04-15,81.99000549316406,82.93174024592854,81.55383328923187,82.82269719494549,22390900
2015-04-16,81.5934829711914,82.34686923288393,81.4348797157183,81.7520937896446,13769700
2015-04-17,80.0768051147461,81.39522921770508,79.67037811665682,80.77071611982043,24215000
2015-04-20,82.36669158935547,82.42617442761068,80.53279749289824,80.83018899523404,28796800
2015-04-21,82.89208221435547,83.75450393656645,82.8127768072846,83.26877155347222,27171900
2015-04-22,83.89328002929688,84.00232306731073,82.92181531623818,83.58598104742843,45548000
2015-04-23,81.6926040649414,84.84491411284708,81.6926040649414,83.36788705140432,73728100
2015-04-24,80.82026672363281,82.21799607183827,80.77070651964827,82.04947020194854,29660400
2015-04-27,81.19696807861328,82.2080855388078,80.91939915648123,81.15731537545156,25446000
2015-04-28,79.97767639160156,81.1870574334667,79.53159669195371,81.1176670898997,23775300
2015-04-29,79.76949310302734,80.68148249633184,78.82775851306764,79.3134984063751,26430300
2015-04-30,78.08428955078125,80.25522762415154,77.63820990750372,79.31350057146376,28999000
2015-05-01,78.3023910522461,79.06569244843199,77.43005416244297,78.55021480579047,24136400
2015-05-04,78.12395477294922,78.99629919363905,77.9455213744427,78.63943239662602,14692000
2015-05-05,76.88481903076172,78.11402997635317,76.54778244318196,77.86620628678729,22311300
2015-05-06,77.42012023925781,78.12393862035356,76.3792652656566,77.29125464147259,28663000
2015-05-07,77.74725341796875,78.25281589629247,76.88482419764937,77.32099634075057,19749400
2015-05-08,77.82655334472656,78.5402867785136,77.35072853454227,78.41141362003725,19943600
2015-05-11,77.33091735839844,78.34203482988713,77.25161195118916,77.79682717202809,18874100
2015-05-12,76.78569793701172,77.2119550237184,76.12153220467182,77.19213245449043,21285300
2015-05-13,77.75717163085938,77.84638453847927,76.97404777995075,77.04343811798167,21512300
2015-05-14,80.66166687011719,81.13748417584368,77.98516616423179,78.25282001631018,49438000
2015-05-15,79.71993255615234,80.81035541322058,79.48202390222357,80.70131993419554,27069900
2015-05-18,80.17593383789062,80.67158131910084,79.53159816270164,79.63072614634761,21613700
2015-05-19,79.92811584472656,80.97889372327779,79.84881798989589,80.54272148829499,17955400
2015-05-20,79.84880065917969,80.39400827159317,78.76828537421387,79.76949525858087,23056900
2015-05-21,79.77941131591797,80.21557589867365,79.38289187097514,79.4919349074089,13402700
2015-05-22,79.83889770507812,80.60219150344187,79.55142125653114,79.65054924082793,19567900
2015-05-26,78.63941955566406,79.89836064406938,78.39159585170418,79.72984234049169,16321300
2015-05-27,79.84880065917969,79.95784369425823,78.73854773973413,78.90706604377216,14160900
2015-05-28,79.45227813720703,80.36426751977945,79.30358240759699,79.55140610262073,11982000
2015-05-29,78.50064086914062,79.3729776064391,78.19333432564298,79.25401950286135,16134600
2015-06-01,79.59107208251953,79.68028499738487,77.97526404401185,78.60969220409955,18119000
2015-06-02,79.7397689819336,80.64184346255054,78.86742457705175,79.0656881067887,18923300
2015-06-03,81.72235870361328,81.8115716195437,80.54271528421992,80.64184326735828,31775000
2015-06-04,81.33573913574219,82.22789838090439,80.8004390508575,81.42495203506684,20863900
2015-06-05,81.42496490478516,81.74217897970865,80.80045182186768,81.15731860152913,16143100
2015-06-08,79.96775817871094,81.28618221759938,79.43245802240331,81.10774883216351,16915500
2015-06-09,79.96775817871094,80.48323576462789,78.62951156943181,79.89836783787365,16497500
2015-06-10,81.44479370117188,81.88095832016649,80.10653951792796,80.12636965146135,21531200
2015-06-11,81.11767578125,82.17836118255288,80.65176589753155,81.59349317012513,18656800
2015-06-12,80.82026672363281,81.37538941132777,80.4931376128214,80.66166348271113,11417900
2015-06-15,80.0074234008789,80.22550952419905,79.37299516739182,79.8488201239977,18805100
2015-06-16,80.35436248779297,80.80044973232377,79.74967199139203,80.11645382849782,13693700
2015-06-17,81.07801055908203,81.50426766744737,80.63192331750164,81.0482729222393,18350300
2015-06-18,82.18827056884766,82.4658319536666,80.85993136052491,80.92932170672965,26782600
2015-06-19,81.79174041748047,82.25765020834652,81.40513602994896,82.10895446783913,23353200
2015-06-22,84.00233459472656,84.23033576812884,82.58478246899898,82.68391801750985,29383100
2015-06-23,87.114990234375,87.20421070520058,84.02215508804122,84.22041103635198,50667900
2015-06-24,88.08647155761719,88.47307599052053,86.68874202098172,86.8969206199116,41370200
2015-06-25,87.2141342163086,88.62177124936116,87.07534596347686,88.4829905595098,27302000
2015-06-26,87.24386596679688,87.57098753480791,86.07413768629777,87.35290901046051,38214600
2015-06-29,85.0531005859375,86.73829879446679,84.98371024942111,85.85604698891,35957900
2015-06-30,85.02336120605469,85.94526577599143,84.82510524900634,85.84613779746725,23016500
2015-07-01,86.1534423828125,87.18438241134707,85.73709278181144,86.01465414049228,25260000
2015-07-02,86.5301284790039,86.67882421929734,85.5883938324652,86.63917151768712,16908800
2015-07-06,86.7878646850586,87.4222927660547,85.63795906139113,85.73708703098815,24635900
2015-07-07,86.46073913574219,87.08525217657755,84.48806447658131,87.03569197122975,33059900
2015-07-08,84.90441131591797,85.99483421410602,84.70614779435104,85.5388394589721,24399300
2015-07-09,85.13239288330078,86.83742111296607,84.90439931943796,85.97499949568997,23307400
2015-07-10,87.18437194824219,87.45202577126281,86.01464381776792,86.58959659916587,23245900
2015-07-13,89.3156509399414,89.43460902659037,87.65027554174789,87.88819171504579,29976700
2015-07-14,88.89932250976562,90.00957546517817,88.86958487432253,89.67253128320421,26627800
2015-07-15,88.97863006591797,90.19791852646472,88.64158587578866,89.21653871819885,30886600
2015-07-16,90.05914306640625,90.06905813336144,88.98854272465016,89.49410525764279,21804100
2015-07-17,94.14328002929688,94.55962208176166,91.73443306435054,91.74434813121306,54001600
2015-07-20,97.05769348144531,97.74168186325699,94.52988829998111,95.01562071433614,54860500
2015-07-21,97.53350067138672,98.37609978979965,96.2943820963737,98.08862337283908,39453300
2015-07-22,96.19525909423828,96.7305592538652,95.08500607097724,95.89786759567444,28299500
2015-07-23,94.60917663574219,96.60167370688235,93.98465608131343,96.11594138019922,29418800
2015-07-24,96.10602569580078,96.90897960875544,95.04534058592735,96.50254511957137,33444900
2015-07-27,93.3502426147461,95.7690046866876,93.0132059656291,95.73926704858671,38585400
2015-07-28,94.46049499511719,94.72814129909489,92.49772770168688,94.0144077378475,35236000
2015-07-29,96.14568328857422,96.43315969636683,93.91526992468135,95.48151756866339,64648300
2015-07-30,94.38118743896484,94.97596287215094,91.00087572985284,94.08380350386177,86211300
2015-07-31,93.19164276123047,95.49144680179329,93.13215991987578,94.12345489534216,46509000
2015-08-03,93.32051086425781,94.25233058610208,91.99217919207875,92.71582030812237,29343100
2015-08-04,93.2411880493164,93.90536132444562,92.51754706831099,92.97354177648765,20136000
2015-08-05,95.60047912597656,96.24481473733888,94.35144547941924,94.42083581739578,29813200
2015-08-06,94.29197692871094,97.88045975267885,93.59806593650498,96.33404207441555,42271300
2015-08-07,93.47911834716797,94.56954129750056,92.79512240026808,94.54971116290557,23199100
2015-08-10,93.33041381835938,95.06517984634755,92.81493624905998,94.84709376418085,21624200
2015-08-11,92.80502319335938,93.93509867608628,92.0912897173257,92.91406622791892,22491000
2015-08-12,93.37006378173828,93.61788749275215,90.39617924957187,91.89302901875041,27050500
2015-08-13,92.61668395996094,93.90537037116036,92.53737855186067,93.23128952826804,17451800
2015-08-14,93.59806823730469,93.89545975027194,92.39860224416938,92.72573139583729,15929700
2015-08-17,93.1123275756836,93.6377126474633,92.5770274375553,93.59805994504866,18313500
2015-08-18,94.34153747558594,95.01561833623983,93.22137691782913,93.26102962292408,22278800
2015-08-19,94.48030853271484,95.26343236182065,93.34032552008506,93.80622774076171,23251300
2015-08-20,89.77165222167969,93.94500230840355,89.67252425697663,92.72571397289596,44598200
2015-08-21,85.31082153320312,88.40366379496989,84.8647419325636,86.75811092278607,62778700
2015-08-24,81.37539672851562,81.37539672851562,71.37323456973708,76.35944683029606,83710700
2015-08-25,82.27747344970703,86.906818634714,82.27747344970703,86.19308512483258,52021200
2015-08-26,86.4310073852539,86.69865368869964,82.53521800700533,85.20179622644653,45124300
2015-08-27,88.94889831542969,89.27601989784388,86.43100825966295,88.32437766277128,42431400
2015-08-28,90.2177505493164,90.68366036023805,89.00836956683384,89.09758247719081,33215900
2015-08-31,88.65149688720703,90.25739723335265,88.11619677182516,89.81131002237808,32850700
2015-09-01,86.47065734863281,88.61185039725655,85.7470087448094,86.0939604467878,36097400
2015-09-02,89.10749816894531,89.10749816894531,86.86716957195614,88.0368978592712,27190500
2015-09-03,87.38264465332031,89.03810527774017,86.96630262136675,88.9786300054553,27048200
2015-09-04,87.49169921875,87.62056484666776,85.9452738688334,86.44092137110574,27328700
2015-09-08,88.75062561035156,89.45444403757013,88.05672224914436,88.90923641461573,27012500
2015-09-09,89.6527099609375,91.1793049597468,89.38505611226763,89.98974658462001,32551100
2015-09-10,91.17930603027344,91.2586038724959,88.84975702108318,89.28592918671535,26437400
2015-09-11,91.24869537353516,91.27843300941659,90.33669834961984,90.88191355071163,21185000
2015-09-14,91.50643157958984,91.81373814739645,90.8026130944509,91.50643157958984,20127900
2015-09-15,92.09129333496094,92.43824502083466,90.99095544334749,91.56590827306938,18859400
2015-09-16,92.6364974975586,92.78519323250235,91.8236360512425,92.09128988673712,16321200
2015-09-17,93.51876068115234,94.67858150474673,92.09130111538875,92.5572109456304,27841800
2015-09-18,93.57823944091797,94.36136331418926,92.23999284754747,92.38868103115986,62300000
2015-09-21,94.7182388305664,95.65005097352773,93.69719864323538,93.7963341921079,28790000
2015-09-22,92.15077209472656,93.85580051611926,91.11982450125703,92.95371853571598,36888900
2015-09-23,93.15198516845703,93.49893687907516,91.99217192311355,92.58694736459891,21701400
2015-09-24,93.58814239501953,93.94500155248333,91.43702700707941,92.24988841187015,29106000
2015-09-25,91.96241760253906,95.0156074791521,91.25859918423178,94.95613220979578,28961600
2015-09-28,88.43342590332031,91.48661631363244,87.41239326500349,91.27844527151761,41199900
2015-09-29,85.91552734375,89.27601645659037,84.97380021201428,88.3243742582,42281800
2015-09-30,89.11741638183594,89.2363669340126,87.24386955525185,87.6701266808386,36169100
2015-10-01,90.15826416015625,90.15826416015625,87.59081411243095,89.26610483982176,29283700
2015-10-02,91.26851654052734,91.39738214835974,87.60072862057663,88.12611368102033,37881700
2015-10-05,93.19164276123047,93.4493740095058,91.85339605694693,92.13095744000064,27292500
2015-10-06,91.9921646118164,93.35023370872588,91.53616232784009,93.26102080293451,22172800
2015-10-07,91.59564971923828,92.84468340332685,90.57461718848344,92.29946818642871,24129300
2015-10-08,91.66504669189453,92.40851791619824,89.68245676041799,91.09009379665103,27290500
2015-10-09,92.42833709716797,92.92398456185481,91.43704216779429,92.09130045141137,20012900
2015-10-12,93.439453125,93.77648973816586,91.86329040695779,92.50763356134009,18449600
2015-10-13,93.30067443847656,94.53979300673788,92.73563667386858,92.84467971291394,19480300
2015-10-14,93.2510986328125,94.37125899929632,92.79510394655416,93.26101369813824,19253400
2015-10-15,95.1246566772461,95.46170087238444,94.07388651465796,94.16309942447175,27557500
2015-10-16,96.69091033935547,96.74047054907182,94.51997197850424,95.34274860219438,25412900
2015-10-19,97.61279296875,97.71192092884513,96.0762831168505,96.3340218634807,23729900
2015-10-20,96.15560913085938,98.72305939391678,95.71943693732862,97.87055270389423,30881800
2015-10-21,96.26463317871094,97.32531825209365,95.63020514769579,96.5223719297417,21917800
2015-10-22,98.80236053466797,98.86184337129369,96.70082019406267,96.93872885162594,26392100
2015-10-23,101.30043029785156,101.95468101232065,99.2881028202708,101.02286893032043,42809700
2015-10-26,102.86666107177734,102.90631377249261,100.66599290442497,101.31032849285491,25961200
2015-10-27,102.79727172851562,103.19379117651636,101.50859297623751,102.04389309659159,23795500
2015-10-28,103.29291534423828,103.57048424170354,102.0240592077423,102.99553144142281,24081500
2015-10-29,103.96699523925781,104.20491143508771,102.61883371480468,103.05500584418041,20316700
2015-10-30,101.08233642578125,103.80839724605376,100.76512237830508,103.60022623642685,33487100
2015-11-02,102.4106674194336,102.56927822393857,100.29921213457236,100.83451225530747,24003900
2015-11-03,101.6870346069336,102.74771986775272,101.508601218993,102.32146275006018,21242300
2015-11-04,103.03518676757812,103.23344270784227,101.58789722730766,102.29171564711855,43469300
2015-11-05,107.81324768066406,109.68679464931193,107.01029357768587,107.85290038872306,63232900
2015-11-06,106.16767883300781,107.79340181122612,104.98804308310504,107.09949842893036,35084300
2015-11-09,105.56298065185547,107.30766160951498,104.9384676533825,106.06854311517878,26383500
2015-11-10,106.97061920166016,107.20852782202208,104.32385649359138,105.03758991765582,25031700
2015-11-11,108.06105041503906,108.91356456503446,106.17758874497996,107.32748680310304,25057100
2015-11-12,107.07968139648438,108.43775825424486,107.05985882441352,107.53568374690015,20924700
2015-11-13,103.04508972167969,107.30766031600592,102.92613918796388,106.77236022534782,30278400
2015-11-16,103.13431549072266,103.26318109653731,99.59539323401559,102.42058199979361,49309200
2015-11-17,104.2148208618164,105.27550600812633,103.23344111558067,103.70926595304664,26807200
2015-11-18,106.83184814453125,106.94089118867093,104.47256900301234,104.87900354262024,23836500
2015-11-19,105.33500671386719,106.79221154484057,105.02770012717792,106.42542967949295,25520600
2015-11-20,106.38577270507812,106.93098794751003,105.69186927196496,105.90994780595753,22129600
2015-11-23,106.01899719238281,106.53447482749432,105.1565753829542,106.25691343765612,19897200
2015-11-24,104.81952667236328,105.56299789037442,103.48127999253929,105.0772654789083,23577300
2015-11-25,104.49240112304688,105.67203693474518,104.18509455509215,105.40439063411885,15150800
2015-11-27,104.53204345703125,105.03760597016995,103.94718310030555,104.85917258688451,5913100
2015-11-30,103.33258056640625,105.17638972662805,102.84684817219129,104.9186509292368,20383200
2015-12-01,106.1875228881836,106.21726052804102,103.59032727124584,103.91745643563881,22781900
2015-12-02,105.14666748046875,106.98056184228119,104.86910607171632,106.06857219552857,24429100
2015-12-03,103.47134399414062,105.91984325356124,102.45031160469321,105.34489047949106,23236500
2015-12-04,105.25569915771484,106.79220937094196,103.20371889298735,103.89762233981101,21224700
2015-12-07,104.6906509399414,105.90003188118547,103.7489238466013,105.55308019221698,15474900
2015-12-08,105.56298065185547,105.97933021381654,103.04509096380681,103.0946587287719,20401800
2015-12-09,103.689453125,105.51343981619321,102.64859793650267,105.25570100443082,23517300
2015-12-10,104.50230407714844,105.47377638393765,103.50110169711736,104.13552981310961,17454300
2015-12-11,101.23103332519531,103.43170155060821,101.02286231318246,103.24336067096584,26427700
2015-12-14,103.7489242553711,103.82822209674805,100.5767761479249,101.39955270142016,24648100
2015-12-15,103.63988494873047,104.87900357526728,103.37223109012977,104.38335612465255,21764300
2015-12-16,105.86038208007812,106.15776600892342,103.28301688185329,104.45274515312961,22680500
2015-12-17,105.29534149169922,106.81202142105839,105.20612102133595,106.55428263920624,21675700
2015-12-18,103.13431549072266,105.66211278095378,103.06492515482563,105.15655786069519,35994200
2015-12-21,103.85795593261719,104.23465280803826,102.6981427975119,103.99674416665293,16138800
2015-12-22,104.59151458740234,104.74021031732792,103.89760370207597,104.30403819300729,14597100
2015-12-23,103.71917724609375,105.18629694916336,102.95588354067894,104.96821087247928,19599700
2015-12-24,104.10577392578125,104.40316538342424,103.5903039705762,103.82821259890322,6501800
2015-12-28,105.00786590576172,105.05743367446499,103.62005157484671,104.10578394362409,13069700
2015-12-29,106.3262939453125,106.80211126586403,105.32508397063957,105.4936022898774,17179900
2015-12-30,105.29534149169922,106.31637398987019,105.13673068348878,106.06855027427608,13115000
2015-12-31,103.7489242553711,105.24577405695834,103.7092715531928,105.07725574493534,18391100
2016-01-04,101.33016967773438,101.34999224876456,98.88166997308589,101.06251580945562,37912400
2016-01-05,101.83573913574219,102.80720400484242,100.78496128818922,101.9943424037056,23258200
2016-01-06,102.07363891601562,102.86667031262355,100.0216587382853,100.24965233415533,25096200
2016-01-07,97.0676040649414,100.54705161393831,96.45300600854112,99.62514696635726,45172900
2016-01-08,96.48272705078125,99.62512982825906,96.185335578341,99.0105243146062,35402300
2016-01-11,96.66117095947266,97.74167880537391,94.55962298047022,97.05769044496105,29932400
2016-01-12,98.50497436523438,99.0898347107424,96.70081799683214,98.1381925391326,28395400
2016-01-13,94.60917663574219,99.70443122211341,94.38117550763761,99.70443122211341,33410600
2016-01-14,97.513671875,98.00931927335482,91.64520093061479,95.0156047520234,48658600
2016-01-15,94.14328002929688,95.54100193770867,92.72572798716006,93.16190017334986,46132800
2016-01-19,94.43074798583984,96.57194089410804,93.1024089757927,95.68968909706048,30998300
2016-01-20,93.52867889404297,94.17302213705045,88.59203417939084,92.02191386756155,59051400
2016-01-21,93.34031677246094,95.15438040703428,91.81372195837167,94.08378783083681,30518900
2016-01-22,97.08741760253906,97.21628320714557,94.658740742954,95.57073773002386,30495400
2016-01-25,96.16551971435547,98.61401931082437,96.08621430777822,97.86063307430014,32482000
2016-01-26,96.49263763427734,97.02793776397208,94.82726953697757,96.90898722158184,26877100
2016-01-27,93.62779998779297,96.99820414987701,93.40972146337624,96.93872887621608,58699400
2016-01-28,108.16018676757812,109.37947525506556,103.89761568722238,106.26680988493783,107475300
2016-01-29,111.23319244384766,111.85770546675377,107.89252612974619,108.04122186747985,62739500
2016-02-01,114.08811950683594,114.7126400963508,111.03493714746106,111.29266836051919,46132700
2016-02-02,113.61231231689453,116.56636696742387,112.2145828380146,113.800660773391,59778600
2016-02-03,111.70901489257812,114.33594009653787,108.79460572232335,114.26654976214986,56919300
2016-02-04,109.52815246582031,110.96553436034571,108.29894911976092,110.8267537033541,38890200
2016-02-05,103.16405487060547,108.62609161881451,102.28180305800109,108.55670128174381,76894700
2016-02-08,98.88167572021484,101.78617035717245,96.61160927481966,99.5359340469402,71229700
2016-02-09,98.67350006103516,101.50860421820283,95.97717659159063,96.29439067252645,62709000
2016-02-10,100.12078857421875,102.35120218107016,99.36740230493672,100.66600381441894,45179400
2016-02-11,101.02287292480469,104.19501376913111,98.0192428454508,98.73297642616933,43670600
2016-02-12,101.12199401855469,103.33257739174645,100.20999697033862,102.83692994590331,36176800
2016-02-16,100.72547149658203,103.02527527307458,99.36739481345849,102.89640966373365,45687200
2016-02-17,104.28421020507812,104.79968773768238,99.52599969053391,101.1318924303892,44073400
2016-02-18,102.56927490234375,105.07724955426994,102.13310276705948,104.87899361803846,29593500
2016-02-19,103.65969848632812,104.10577812781887,101.17154638342086,101.65728628804233,32404500
2016-02-22,106.2271499633789,107.30765762003908,104.42298624224054,104.5716819686285,35709700
2016-02-23,104.54195404052734,106.5344588079402,104.20491742154123,105.91985327787319,25319300
2016-02-24,105.94959259033203,106.01898292845573,101.8456324487776,103.30283711235468,34412400
2016-02-25,107.1292495727539,107.1292495727539,104.6906647979467,106.17760728719358,29906300
2016-02-26,106.98053741455078,108.49721731104735,106.22715878081382,107.75374618037416,26686200
2016-02-29,105.98924255371094,107.96192473207113,105.82072424590513,106.66332334791363,32779000
2016-03-01,108.86399841308594,108.86399841308594,106.6633226706049,106.8913238102316,26817300
2016-03-02,108.99287414550781,109.58765715180294,107.82314582969688,108.72522784305909,25670200
2016-03-03,108.62609100341797,109.33982450237566,107.59514345636568,109.29025673490047,21353100
2016-03-04,107.44645690917969,109.09201012399915,106.99046214871866,109.09201012399915,24938900
2016-03-07,104.80960845947266,107.12923479243477,103.80839853721264,107.12923479243477,31436400
2016-03-08,105.00786590576172,106.4353329390434,103.49118596438977,103.8678752924037,25617000
2016-03-09,106.57412719726562,106.57412719726562,104.57170706895532,105.77117310722923,20493300
2016-03-10,106.38577270507812,107.71411185801215,104.84926252221015,106.97064065268509,24854300
2016-03-11,108.45757293701172,108.46748044014531,106.98053816832214,107.53566842596219,20697600
2016-03-14,108.93339538574219,109.36956755961258,107.82314238088112,108.32870489486909,17249400
2016-03-15,109.70659637451172,109.86520717660716,107.89252503118654,108.16017886897775,17618500
2016-03-16,111.20346069335938,111.52067475458657,109.14156551389276,109.52816991467029,24744800
2016-03-17,110.05354309082031,111.70901112042588,109.76607426019088,111.17371103194598,24241200
2016-03-18,110.47980499267578,111.44136218101475,109.31007679907465,110.58884802823871,36256900
2016-03-21,110.8763427734375,111.39182040190052,110.06348118668943,110.68800186875113,18448000
2016-03-22,111.2728500366211,111.89736308698244,110.2022497534476,110.39059820038916,19001100
2016-03-23,111.56033325195312,112.20467647437552,111.02503307777054,111.03494814478694,18562000
2016-03-24,112.0658950805664,112.10554022242134,110.70781830114113,111.1538979953203,17839100
2016-03-28,112.70030212402344,113.5924613452869,111.96673856643613,112.33352034522979,21351800
2016-03-29,115.12899780273438,115.30743120077106,112.65076036499171,112.8391088304139,29825300
2016-03-30,113.7015151977539,115.97158129040774,113.36447858216188,115.71385007718305,33235200
2016-03-31,113.10674285888672,114.00882481846006,112.77961373752629,113.7015182667368,21207500
2016-04-01,115.0496826171875,115.15872566022439,112.36327437041805,112.75979383937225,24760500
2016-04-04,111.57023620605469,113.55282586719841,110.63841664516374,113.07700102081299,48487900
2016-04-05,111.24311065673828,112.33353349266605,110.92589660332331,111.13406761684755,22962400
2016-04-06,112.72013092041016,112.81925888791983,111.44135971949167,111.49092748473608,20814600
2016-04-07,112.65074920654297,113.88986780267528,112.08571142922581,112.79944495067478,20714500
2016-04-08,109.66695404052734,113.334749774409,108.94331298575607,113.25544436586475,48497800
2016-04-11,108.04122161865234,109.94451344389688,107.82313554554248,109.73633487376158,39762300
2016-04-12,109.6471176147461,110.19233277586882,108.04121732805838,108.38816899287326,26248100
2016-04-13,109.5479965209961,111.66936690521838,105.59272460501998,111.2530248813197,88227400
2016-04-14,109.87511444091797,111.06467276511277,109.30016919201873,109.65703593297924,28473300
2016-04-15,108.68558502197266,110.0040092092508,108.24941279448676,109.8255758037321,20922800
2016-04-18,109.4885025024414,109.8453692187513,108.24938406052614,108.78468413499098,21167200
2016-04-19,111.31250762939453,111.47111088406582,108.20975724814582,110.1328642527979,30210500
2016-04-20,111.44136810302734,112.28396723471552,110.58885390494856,111.45128316941795,21027900
2016-04-21,112.4524917602539,113.04726716588841,111.3323237239463,111.5702399365838,20875200
2016-04-22,109.59756469726562,110.7772080804233,108.06106209836771,110.24190791234285,38458200
2016-04-25,109.14157104492188,109.70660885646066,108.12053846994654,108.91357744469369,21017900
2016-04-26,107.81324768066406,109.53809888483592,107.2085571179808,109.52818381707598,22521500
2016-04-27,107.94210815429688,107.99167592774843,105.3845653289962,107.0003809625603,52213100
2016-04-28,115.71385192871094,119.73850662600852,115.21820450045342,118.53904075718287,87110100
2016-04-29,116.55645751953125,116.81418875119832,114.83159892802404,115.80307126909062,37140600
2016-05-02,117.53783416748047,117.69644497925077,115.55524439823024,116.80427807049222,28095200
2016-05-03,116.40775299072266,117.13140154931487,116.00131847739483,116.49696589580667,24117500
2016-05-04,117.03226470947266,117.27018091300097,115.5552375367194,115.59489023730747,23448400
2016-05-05,116.7844467163086,117.94426746705629,116.22932400687702,117.01244786509925,22056700
2016-05-06,118.44981384277344,118.59850957575642,116.09053493530308,116.14010270062379,26395600
2016-05-09,118.2020034790039,119.23295109756874,117.86496683832809,118.49939497852492,21138100
2016-05-10,119.45103454589844,119.45103454589844,117.96409220715282,118.57869776317375,23220000
2016-05-11,118.47955322265625,120.02597828029617,118.38042525353325,119.3618125678949,22038400
2016-05-12,119.23294830322266,119.78807102214002,117.86496407604211,118.93556437365115,22035500
2016-05-13,118.76703643798828,119.5898129985525,118.6381708270364,119.33207421366907,18124300
2016-05-16,117.636962890625,118.56878250824542,116.32845393712685,118.3407813556222,31247800
2016-05-17,116.32845306396484,117.97400620077451,116.17975731884665,117.78565775275949,21328600
2016-05-18,116.6258544921875,117.2404525320105,115.71386493678666,115.78325528202411,21642300
2016-05-19,115.79315185546875,116.46723267256223,114.87124731978179,116.03106807066389,20544100
2016-05-20,116.32845306396484,116.96288118435466,115.93193359797627,115.94184866444542,18944800
2016-05-23,114.9604721069336,116.57628009014918,114.93073446966274,116.39784670354415,20441000
2016-05-24,116.67539978027344,116.70514497841121,115.10915967909249,115.22811021972579,20183600
2016-05-25,116.8637466430664,117.63695539866552,116.35818416325954,117.10165528410167,20019800
2016-05-26,118.42999267578125,118.71746907948886,116.8934826884079,117.21069672646817,18481300
2016-05-27,118.34077453613281,118.80668431809457,117.97400028793435,118.51920790873562,13493600
2016-05-31,117.77574157714844,119.05451287235451,117.09175325681379,118.42008475793936,23547600
2016-06-01,117.74600219726562,118.04339368029719,116.79436003973605,117.46844084669195,15029500
2016-06-02,117.89469146728516,118.40025393549554,117.19087306325613,117.65678283170698,13228300
2016-06-03,117.43870544433594,117.94426794991213,116.83401496352397,117.94426794991213,14135100
2016-06-06,117.75591278076172,118.39034086163002,117.32965570489903,117.5873944761828,12744700
2016-06-07,116.7348861694336,118.26148117889139,116.64566569826142,118.20199834378337,17103000
2016-06-08,117.35939025878906,117.56756125833019,116.24913736492404,116.73487726016573,14505600
2016-06-09,117.52790832519531,117.64686642311611,116.68530926311547,117.10165126136964,13859200
2016-06-10,115.60481262207031,117.08183988833326,115.24794585716413,116.5168021043951,18510800
2016-06-13,112.95804595947266,114.47473344398178,112.32361785586525,113.99890858478645,31718200
2016-06-14,113.93944549560547,113.94935299989206,112.591283740553,113.07701615490885,17618500
2016-06-15,113.6023941040039,114.43508575331492,113.07700901672644,114.29630507225973,19819400
2016-06-16,113.39422607421875,113.50326912120767,111.95685145551776,112.87875603998215,19236300
2016-06-17,112.0361328125,113.43386208383501,111.5801381208317,113.42394701839163,24644300
2016-06-20,112.38310241699219,113.72134898225927,111.768496873375,112.77961431560489,20785400
2016-06-21,113.3843002319336,114.20707675811984,112.97787328331036,113.12656902079861,19166300
2016-06-22,112.91839599609375,113.74116494460092,112.62100452643045,113.6519520414895,14846300
2016-06-23,114.07821655273438,114.08812405618437,112.55162153068311,113.37439809581757,16176900
2016-06-24,111.10433197021484,112.69040226568598,110.03373168465441,110.04364675108916,40643100
2016-06-27,108.02140808105469,110.59877334706329,107.28785196170163,110.59877334706329,36130400
2016-06-28,111.71892547607422,111.76849324328076,109.58764761982314,109.6669454591824,26813800
2016-06-29,113.1662368774414,113.25544979409457,112.05598379354845,112.3831129472375,20968300
2016-06-30,113.28517150878906,114.17733836481317,112.68048105987158,113.67177588590296,23192700
2016-07-01,113.19596862792969,114.12778070408315,112.81927172037533,113.20587613172218,14980000
2016-07-05,113.20587158203125,113.20587158203125,111.98658312231841,112.94814036014478,14207000
2016-07-06,115.68409729003906,115.77331775259421,111.98657201223263,112.37317636968737,24337600
2016-07-07,114.84150695800781,115.95175991362886,114.35577459872714,115.6147157315916,16630200
2016-07-08,116.21940612792969,116.47714490663395,114.84150689109383,115.41645971936506,18142600
2016-07-11,116.84392547607422,117.6666944451465,116.47714366271902,116.68531467149485,17711600
2016-07-12,116.90340423583984,117.68652809012278,116.54653747786332,117.59730761913882,15217700
2016-07-13,115.7634048461914,117.36930513532349,115.66427687937613,117.35939006974824,16207700
2016-07-14,116.26897430419922,116.61592599041673,115.68410640773584,116.47714531592973,14579700
2016-07-15,115.84271240234375,117.2503492210827,115.56515106489994,116.71504911473566,16646000
2016-07-18,118.33087158203125,118.56878023365427,115.87245697199458,116.29871406943313,20868400
2016-07-19,119.5600814819336,119.79799014624474,117.6270594038179,117.95418098112819,21541300
2016-07-20,120.85867309570312,121.13623445924043,119.51051141882489,120.19450732395605,20046500
2016-07-21,119.5600814819336,121.03710880221124,119.20321470397684,120.85867541323286,17801700
2016-07-22,119.94667053222656,119.95658559783858,118.27137990381323,118.85624776725669,18422400
2016-07-25,120.57119750976562,120.78928360063776,116.75471360844328,120.33328884835058,18487400
2016-07-26,120.1647720336914,121.00737120745137,119.69886220880599,120.93798086521186,17612000
2016-07-27,122.26629638671875,123.9118493766709,120.4522326597084,121.35430699042143,52654200
2016-07-28,123.911865234375,127.21287913933396,122.55378846873343,126.40992510978877,78955800
2016-07-29,122.86109161376953,124.74454586246482,122.6330904603804,123.564910081131,35058800
2016-08-01,123.22787475585938,123.49552863184533,121.79050008090496,122.7718799792326,25006900
2016-08-02,122.01847839355469,123.71359922771306,121.00736098307196,122.98003559975676,23968400
2016-08-03,121.44354248046875,122.84126438162328,121.24527895914824,122.01848778484819,18525300
2016-08-04,123.27742767333984,123.70368475970729,121.44353372054206,121.86979080690949,21066000
2016-08-05,124.06055450439453,124.74454282193066,123.53516943332343,123.89203619159431,20184000
2016-08-08,124.16960144042969,124.35794232882907,123.46578296814388,124.15968637378344,15233900
2016-08-09,123.9713363647461,124.99236889006391,123.44595128379459,124.24889772351446,19621000
2016-08-10,123.79290008544922,124.38768305515445,123.45586346139724,123.98124853005451,10670100
2016-08-11,123.81272888183594,124.28854617688953,123.66403314101436,124.11011280049955,11729500
2016-08-12,123.79290008544922,123.91185819198618,123.09899670476595,123.61446670713357,12159000
2016-08-15,122.82144165039062,123.83255913737312,122.62317812932933,123.82265163355507,19295100
2016-08-16,122.2266616821289,122.84125966718523,121.71118410945874,122.42491763286068,14222400
2016-08-17,123.28733825683594,123.29724575959207,121.78056591019082,122.58351984921087,13794200
2016-08-18,122.83134460449219,123.17829627841067,122.56369076819846,122.93047257375757,12400800
2016-08-19,122.48439025878906,123.0791732240915,122.20682890857036,122.52404296067452,11688300
2016-08-22,123.06926727294922,123.74334812896855,122.03831963650906,122.2564057315418,14386400
2016-08-23,123.28733825683594,124.00106416721714,123.16838015694947,123.42611892521388,13309500
2016-08-24,122.40509033203125,123.60455618245257,122.01847838598128,123.3864701072888,12243700
2016-08-25,122.81151580810547,123.28734065392365,122.02839198532973,122.04822211718597,10730800
2016-08-26,123.8721923828125,124.10019350547184,122.8313374219211,122.9701180833733,17504800
2016-08-29,125.43844604492188,125.62679447879498,123.26750799294595,123.26750799294595,15925900
2016-08-30,124.74453735351562,125.49792353939242,124.06054906596344,125.49792353939242,17804300
2016-08-31,125.02210998535156,125.12123795837465,124.01098499676924,124.50663242486422,14200600
2016-09-01,125.07167053222656,125.52766525976276,124.50663276517307,125.2798415450379,13536100
2016-09-02,125.40872192382812,125.75567363178519,124.90315939910211,125.74575856499212,12118800
2016-09-06,128.60067749023438,128.80885606550805,125.36906170359678,125.56731764969224,26278400
2016-09-07,129.9091796875,130.8310765422327,128.8187494148466,128.90796231189347,27990800
2016-09-08,129.135986328125,129.93893274880375,128.67998403469946,129.78032194013753,15676600
2016-09-09,125.99357604980469,128.8187649074121,125.99357604980469,128.5808638200089,27100700
2016-09-12,127.56974029541016,127.63912307138507,124.65533093335553,124.86350195021947,21252800
2016-09-13,126.10263061523438,127.23271382454001,125.55742292648742,126.91549217773118,18016200
2016-09-14,126.65776062011719,127.67880083751398,125.78542373040794,125.78542373040794,15691100
2016-09-15,127.23271942138672,127.97619067209378,126.55863095524576,126.86593754836487,15077200
2016-09-16,127.94644927978516,128.05547720576848,127.08401236860445,127.08401236860445,24119200
2016-09-19,127.53009796142578,128.8088770046439,127.14349350960761,128.77913936419338,14958800
2016-09-20,127.5201644897461,128.04554953200335,126.91547404711588,127.53007199255828,11083800
2016-09-21,128.80886840820312,128.8782511893033,127.27235820830364,128.0059219177033,14068300
2016-09-22,128.94764709472656,129.59198275276609,128.43216949271877,129.3639891527466,15538300
2016-09-23,126.84609985351562,127.48053557425115,126.19184912463429,126.44958036417349,28326300
2016-09-26,126.20175170898438,127.04435842710664,125.69619675368692,126.261234546004,15064900
2016-09-27,127.56974029541016,127.88694679093449,126.32070663124678,126.49914001184155,15637100
2016-09-28,128.10504150390625,128.34295773604612,127.28226488446138,128.08522649569827,12047600
2016-09-29,126.9749526977539,128.16450348311392,126.4396601384275,128.05546044544167,14532200
2016-09-30,127.15340423583984,127.47061074626777,126.3405351370655,126.91548800854878,18402900
2016-10-03,127.64905548095703,127.96626200078501,126.68749816535625,127.26245105387758,13156900
2016-10-04,127.07410430908203,128.15461219346983,126.439676134895,128.04556914200202,14307500
2016-10-05,127.35164642333984,127.67877552825308,126.71721834513316,127.13356035339768,12386800
2016-10-06,127.61932373046875,127.93653026493189,126.9650654003143,127.31200957469709,11682700
2016-10-07,127.86714935302734,128.12488061142565,127.21289101329143,127.91670200297821,12804400
2016-10-10,129.10623168945312,129.5622187968677,128.07527669485478,128.55109393223088,15138700
2016-10-11,127.75810241699219,129.50277614401557,127.11375160162004,129.0963415702216,17537900
2016-10-12,127.92659759521484,128.5312880312312,127.34173729056447,127.8869373324829,11073000
2016-10-13,126.70730590820312,127.13356299112138,125.64662073391528,127.09391785301777,17139300
2016-10-14,126.76679229736328,127.82747756468643,126.46940835762544,127.37149036968442,13345300
2016-10-17,126.42974853515625,127.35165306610313,126.21166245383856,127.08399921612971,11351700
2016-10-18,127.4507827758789,128.2636366660205,126.89564496866093,127.55981068559328,13504000
2016-10-19,128.9773712158203,129.33423796043195,127.48052146462192,127.6193021360843,16752300
2016-10-20,128.8683319091797,129.5225901475642,128.37268447875977,128.93772980989888,13167500
2016-10-21,130.92031860351562,130.97979387459094,128.57093951432714,128.65024491774724,19088800
2016-10-24,132.11976623535156,132.2486393962456,130.9995983007073,131.5646435822047,17470200
2016-10-25,131.1383819580078,132.33785531705215,131.06899918775932,132.33785531705215,13336800
2016-10-26,129.89927673339844,131.10865771861535,129.8001563192087,130.49405972237582,13084700
2016-10-27,128.56105041503906,130.65268346104602,128.14470833195213,130.59320818145665,16741400
2016-10-28,130.1470947265625,131.81247794678538,128.79893312008076,129.36397844732252,24545500
2016-10-31,129.84971618652344,130.96986906704848,129.74067314937935,130.86082602990442,15669000
2016-11-01,128.37269592285156,130.7914580190806,127.53008916563782,130.2660729060755,22077800
2016-11-02,126.0629653930664,129.0963252411919,125.18071357367069,129.0963252411919,39640900
2016-11-03,118.95539093017578,122.20683707219044,118.45974346796672,120.93798077901204,63766300
2016-11-04,119.6988525390625,120.8685807587336,118.2119102714965,118.54894688858133,30545500
2016-11-07,121.08667755126953,122.13744775985919,120.29363857985611,121.76075840807688,23008900
2016-11-08,123.13865661621094,123.52526103136567,120.48198591851833,120.96771831343428,19460800
2016-11-09,122.10771942138672,122.73223255392462,119.46096356441753,120.44234350497159,31916000
2016-11-10,119.74842071533203,123.09899458034711,114.26655385062068,122.85117086824003,67846700
2016-11-11,117.98391723632812,119.6492929929524,117.12149550218804,118.48947975967299,32840100
2016-11-14,114.07821655273438,118.09295627708902,112.56153659711285,118.09295627708902,51377000
2016-11-15,116.17974853515625,117.4585197457244,114.82167948776944,115.71384632804714,34681400
2016-11-16,115.3272476196289,116.85384270738923,113.21579215799538,113.4834460222608,32397900
2016-11-17,116.7646255493164,116.7646255493164,115.00012186201369,115.79315323316041,18597800
2016-11-18,116.00132751464844,118.09296038833645,115.82289412759988,117.35940426957241,22879300
2016-11-21,120.70996856689453,120.88840193947225,116.77453443017264,117.17104631325257,35415400
2016-11-22,120.41259002685547,121.90944741009723,119.8475522489798,121.33449456580837,26089200
2016-11-23,119.78807067871094,120.25398048631503,118.89591132957436,120.1746826431112,15672100
2016-11-25,119.33206176757812,120.08544791090246,119.02476280883141,119.956582313391,8658600
2016-11-28,119.36181640625,120.63067260297757,118.7769485125518,119.07433999246336,18101300
2016-11-29,119.81782531738281,121.03711389084626,119.35191547307484,119.52043380225591,18891000
2016-11-30,117.38912963867188,120.72979587256935,116.92321986768252,119.27259129112748,30188900
2016-12-01,114.09803771972656,117.41887401276296,113.00761487823426,117.34948367456744,43277000
2016-12-02,114.39542388916016,115.46602411126555,113.30500109833989,114.1079474834293,25070400
2016-12-05,116.40775299072266,116.54653366283962,114.06829657078045,114.94063330451269,20201500
2016-12-06,116.2887954711914,116.77453538901771,115.31733076149767,116.66549235138156,19131200
2016-12-07,116.92322540283203,116.92322540283203,115.55524122231965,115.98149831351243,21913700
2016-12-08,117.87489318847656,118.45975361374464,116.61594429137091,116.95298852728969,22442800
2016-12-09,118.63817596435547,118.8959147603996,117.91452734726307,118.18218121011122,17464700
2016-12-12,116.74479675292969,118.20200146235725,116.6258462055347,118.18217889211805,17805500
2016-12-13,119.26268005371094,120.46214590530373,116.58618700476563,116.83401071533387,29768000
2016-12-14,119.1635513305664,120.63067101558892,117.81538974853905,118.95538032255946,25913100
2016-12-15,119.5204086303711,121.43360781520325,118.58858913800326,119.03467631674435,20139600
2016-12-16,118.82650756835938,120.44231533120018,118.23172465214314,119.84753997796288,25324300
2016-12-19,118.2020034790039,119.31225650583835,117.47836242673877,118.80669398184463,15918100
2016-12-20,118.05329895019531,118.72737974439885,117.76583010181065,118.45973346511748,13684400
2016-12-21,118.00373840332031,118.16234164462446,117.44861571428666,117.88478030010764,10767600
2016-12-22,116.3780288696289,117.95418421297317,115.91211903214315,117.82531859189469,16258600
2016-12-23,116.2491455078125,116.53662192626203,115.28759584152499,115.98149922193446,10890000
2016-12-27,116.98271179199219,117.64687755150477,115.84272115876652,115.94184913492097,12051500
2016-12-28,115.9021987915039,117.22062283384116,115.63455249413994,117.1611475595336,12087400
2016-12-29,115.337158203125,116.50688646838205,115.04968177930134,115.98150139011045,9934900
2016-12-30,114.04847717285156,115.81298082138268,113.77090825792048,115.58497967486277,18684100
2017-01-03,115.84271240234375,116.81417708339714,114.50446591796576,115.01993589279297,20663900
2017-01-04,117.65679168701172,118.61834893035878,116.26897734289162,116.52671612923757,19630900
2017-01-05,119.61954498291016,119.897106324449,117.2900036515899,117.82530376583452,19492200
2017-01-06,122.33570861816406,122.80161087351247,118.98512697809012,119.92686168149302,28545300
2017-01-09,123.81272888183594,124.33811394482323,121.96891984679928,122.47448234040083,22880400
2017-01-10,123.26751708984375,124.40750771697775,123.19812675060845,123.73342689455781,17324600
2017-01-11,124.99236297607422,125.02210817423183,122.98003565723667,123.26751206892482,18356500
2017-01-12,125.51776123046875,125.62680427300404,123.71360483985741,124.5165512776356,18653900
2017-01-13,127.2227783203125,128.14469040284416,126.26122866190143,126.38017920443747,24884300
2017-01-17,126.75688171386719,127.22278396443527,126.2909719003192,126.92539246894255,15294500
2017-01-18,126.80642700195312,127.31198189663876,125.73582681971469,127.29216689164106,13145900
2017-01-19,126.43966674804688,127.23270568839588,126.34053120826837,127.11374001546973,12195500
2017-01-20,125.9341049194336,127.36156443165372,125.67636612797139,126.984882655558,19097200
2017-01-23,127.8076400756836,128.12486169391622,125.84488047223688,126.20174722976896,16593600
2017-01-24,128.2438201904297,128.7692052929933,127.26244789082912,128.25374282033934,15162700
2017-01-25,130.33544921875,130.59319557336823,128.6403434102612,128.868337001996,18731300
2017-01-26,131.62413024902344,131.98099700352165,130.2957987673754,130.48414721085487,20020100
2017-01-27,131.0293731689453,131.79267459691135,129.93895768352738,131.52502069667042,19539500
2017-01-30,129.83981323242188,130.43459627532897,128.4718364352734,130.43459627532897,18956100
2017-01-31,129.18556213378906,129.5225987787039,128.39252316707874,129.0368588191783,19790500
2017-02-01,132.0702362060547,132.32798260148505,129.54243078556556,131.0987712854846,50139800
2017-02-02,129.7010040283203,134.3105337826802,129.26483190952933,132.06029042034913,54366400
2017-02-03,129.83981323242188,131.69354514477098,129.6217271250867,130.0975596097968,24804900
2017-02-06,130.910400390625,130.910400390625,129.16572683440322,129.8398000972754,17058500
2017-02-07,130.6923370361328,131.8422429355763,130.5139111858548,131.08886413557653,14596400
2017-02-08,133.03176879882812,133.26968501345638,131.28709526943223,131.44570607918442,22390600
2017-02-09,132.97232055664062,133.32918738814553,132.14954383050534,133.31927988275683,16470600
2017-02-10,133.0218505859375,133.7653216800901,132.51628056130053,132.93263768486915,15061900
2017-02-13,132.88304138183594,133.52737680800615,132.5360822286951,133.52737680800615,13526200
2017-02-14,132.68479919433594,133.06148088772704,131.3961130829501,132.93262286475797,14364900
2017-02-15,132.27838134765625,132.5361125519002,131.50517260896603,132.28828885037237,13226500
2017-02-16,132.67491149902344,132.70464913722722,131.86205751151937,131.9116252838458,12831100
2017-02-17,132.3675994873047,132.92272218053802,132.01073273794628,132.3378618520214,12276500
2017-02-21,132.55596923828125,132.74431770932767,131.7431000739675,132.3378831271708,14759100
2017-02-22,134.93507385253906,135.59923970363147,132.2982405839225,132.43702128227073,27360100
2017-02-23,134.1816864013672,134.93506512568158,133.1606538025624,134.70707152013233,18422500
2017-02-24,134.260986328125,134.43941215318864,132.99213004113886,132.99213004113886,12625700
2017-02-27,135.22251892089844,135.98580497892124,133.84461983930063,134.08252089594887,14306700
2017-02-28,134.36009216308594,135.61904080959457,133.57697591702748,135.5992106780862,16112100
2017-03-01,136.22373962402344,136.28321489624622,135.11349420663987,135.28201251992422,16257000
2017-03-02,135.56948852539062,136.62027385191215,135.1234088342414,135.8966176658228,12294800
2017-03-03,135.9759063720703,136.1345171708499,134.8953986665561,135.44061383363706,11160600
2017-03-06,136.22373962402344,136.63017415215825,135.32165765941963,135.68844704805903,12748200
2017-03-07,136.10479736328125,137.1654750763817,135.79749835412093,135.83714349602923,13527100
2017-03-08,136.52113342285156,136.7887872783457,135.8569676618517,135.95608807524832,10184500
2017-03-09,137.03662109375,137.36375024656763,136.20392182932292,136.52114347785908,15535300
2017-03-10,137.58181762695312,138.2757361835011,137.01678737846046,137.70078330502554,16314100
2017-03-13,138.384765625,138.464055901305,137.46285355889685,137.5025138230082,10955500
2017-03-14,138.10720825195312,138.2459889284164,137.31416933246618,138.2459889284164,12944000
2017-03-15,138.50375366210938,138.88045064335492,137.28446491487114,138.07748890028475,19344800
2017-03-16,138.77139282226562,139.02912407752672,138.5136464410432,138.9795563022177,13612900
2017-03-17,138.6226806640625,139.1183281336502,138.48389997761635,139.1183281336502,20592800
2017-03-20,138.72181701660156,138.96964075283933,138.03782108443167,138.49382341453176,12099500
2017-03-21,137.3042449951172,141.0711684713505,137.19520195596974,139.92126280869712,29894800
2017-03-22,138.37484741210938,138.57310336111672,136.4021802994412,136.7292942960257,17055400
2017-03-23,138.31536865234375,139.16788282494235,137.87919649995018,138.26580088485196,13022800
2017-03-24,139.11830139160156,139.79238968616346,138.54334862228498,138.86057020230413,16664700
2017-03-27,139.09848022460938,139.4255941663199,137.56197040712587,137.83953171436661,12800500
2017-03-28,140.5259552001953,140.71430364548038,138.79118917924654,139.13814843382002,14679400
2017-03-29,141.40818786621094,141.61636641593626,140.1988070797008,140.75394483698258,16527600
2017-03-30,141.17031860351562,141.70561122543,140.6151958471716,141.16039597332048,12404000
2017-03-31,140.81344604492188,141.38839891214158,140.65483522790402,141.07117727810586,11478300
2017-04-03,141.0414276123047,141.22977605070557,139.59414562683457,140.69446837041266,13564000
2017-04-04,140.49623107910156,140.8530978713493,140.04024386598326,140.62510426479014,12948600
2017-04-05,140.6151580810547,142.19131301077414,140.0600203478477,141.02157740896234,17158100
2017-04-06,139.9411163330078,140.9819791304997,139.6833850728322,140.8729360731251,15103400
2017-04-07,139.5544891357422,140.3177904129647,139.01919656693676,139.9708311616929,11818300
2017-04-10,139.81219482421875,140.19879914386186,139.40577550169084,139.77254969249276,9039400
2017-04-11,138.7019805908203,139.80231853484233,137.6016426467983,139.57432494311445,16638100
2017-04-12,138.36495971679688,139.17781376188134,138.22617902002824,138.5037404135655,11612500
2017-04-13,138.17657470703125,139.35621788061988,138.1170994421373,138.40456826444395,10965600
2017-04-17,140.18890380859375,140.31777696831105,138.53344336666163,138.54335086896384,11519700
2017-04-18,139.73292541503906,140.67465247513135,139.38596617534043,140.04022439113626,14807500
2017-04-19,141.03150939941406,141.7947954720787,140.04021464181127,140.11952003753441,15563900
2017-04-20,142.5482177734375,142.99429747868146,141.4478797666567,141.7056110100073,15968200
2017-04-21,142.4292449951172,142.91498494495352,141.03153067180185,142.64733108476128,12382000
2017-04-24,144.20367431640625,144.4019302767182,143.0835062080014,143.69811934871674,14407200
2017-04-25,145.21481323242188,145.86905645127544,144.52089461618425,144.52089461618425,17767500
2017-04-26,145.28419494628906,146.30522760143754,144.81828507926463,145.80958009404657,12395000
2017-04-27,146.41427612304688,146.4638439008284,144.8678582624205,145.3932434297881,11275100
2017-04-28,148.9420166015625,150.21087250463083,147.7722962108408,148.19854563682924,30652200
2017-05-01,151.13284301757812,151.24188607309432,150.1018877425229,150.41910940437415,25218300
2017-05-02,151.45004272460938,152.10430102820618,150.3397972101135,152.00516548185732,21870400
2017-05-03,150.47857666015625,152.26291059801594,150.0225743270519,152.26291059801594,29782500
2017-05-04,149.53683471679688,150.20100045359757,147.42537183830993,148.86274635084632,36225500
2017-05-05,148.93215942382812,150.31005880567795,148.4860645934915,150.13161784835117,17148500
2017-05-08,149.7449951171875,149.76482524912447,148.43649380256366,149.39805100106364,15827500
2017-05-09,149.1700439453125,151.26167667196853,148.9024052280234,150.17126141873845,17453900
2017-05-10,148.98170471191406,149.20971343090036,147.56416025732196,148.92222943772975,12080700
2017-05-11,148.73387145996094,149.33856191870754,148.10936599506186,149.00152530260848,11841900
2017-05-12,149.02137756347656,149.15025075239907,148.32747409612668,149.09076034723097,9598200
2017-05-15,148.88255310058594,150.16131660548032,148.46621114257482,148.8627229713597,15064700
2017-05-16,148.4761505126953,148.9024151897901,147.73267932967968,148.80327964833737,14550800
2017-05-17,143.5890655517578,147.37580402588802,143.16280089933753,146.7116382892881,28300100
2017-05-18,146.37460327148438,146.86032807430684,143.25201537381787,143.46019395071266,23031600
2017-05-19,146.7711181640625,148.08954217542922,146.67199775119826,147.15772256393998,16187900
2017-05-22,146.94955444335938,147.29649856630866,146.4043392490573,146.79094363666076,12586700
2017-05-23,146.7810516357422,147.5146002237686,145.96818251002998,147.22713134148054,12817800
2017-05-24,148.73387145996094,148.92221990012186,147.12797865599347,147.21719156155635,17862400
2017-05-25,150.63717651367188,151.2616820019777,148.6446641256672,148.99162338380555,19891400
2017-05-26,150.80569458007812,150.9246451250914,149.8342147092718,150.90481499226937,14996200
2017-05-30,151.05352783203125,151.5689903102576,150.31996413091787,150.64709327630788,13226000
2017-05-31,150.1415252685547,152.01507193790442,149.77473588685828,151.37072120711613,18023900
2017-06-01,150.21092224121094,150.9643009562491,148.99163369059534,150.42900833981997,14530600
2017-06-02,152.27279663085938,152.2926267623618,149.98290803597695,150.52812320760572,16854400
2017-06-05,152.29263305664062,153.36323331264384,152.07454697897558,152.30254055982212,12520400
2017-06-06,151.47976684570312,153.17488773085245,151.1526377230968,152.07454981879818,13457100
2017-06-07,151.7870635986328,152.41158419858272,151.01385482058015,151.9357669026947,12066700
2017-06-08,153.36325073242188,153.38306574103552,151.76726523329793,152.738730063994,17799400
2017-06-09,148.2977294921875,154.2355765189017,145.33375216789125,153.42272253131102,35577700
2017-06-12,147.1478271484375,147.90120587712488,143.30159784069716,146.8801732723935,33170200
2017-06-13,149.3682861328125,149.86393350934978,147.6037826824164,148.8429011237596,20483400
2017-06-14,148.9420166015625,151.07329398341562,147.7524660831804,149.9432187220593,20808800
2017-06-15,148.49598693847656,148.7338880465079,145.095837385243,146.3845238489349,18994200
2017-06-16,149.32864379882812,149.51699222559805,147.30640912004958,148.28778126338656,22882400
2017-06-19,151.53924560546875,152.23316413203648,150.38935502415814,150.38935502415814,19026500
2017-06-20,150.92465209960938,152.50080739770982,150.88500695809267,151.5491727417081,14743900
2017-06-21,152.5701904296875,152.73870873513582,150.55786314127224,151.0336804228886,15039800
2017-06-22,152.0646209716797,153.20461910250506,151.57889618527363,151.67801659276364,13005500
2017-06-23,153.72010803222656,153.848966084101,151.32116105356948,151.39055895731403,18027000
2017-06-26,152.25296020507812,155.13763161811121,151.86635584953456,154.88980792543055,18049700
2017-06-27,149.2692108154297,151.97544207339217,149.08086233530724,151.50953218865624,19360800
2017-06-28,151.9060516357422,152.13404525105895,148.55546968682364,149.60623996937028,16719100
2017-06-29,149.7251739501953,151.17247114907758,147.62363361780703,150.954385062589,23973500
2017-06-30,149.66567993164062,150.59749943430077,148.75369055962113,150.57766930366012,17666000
2017-07-03,147.1378936767578,150.82551188802339,146.513388179951,150.39926234458315,13862700
2017-07-05,149.03126525878906,149.5368353167702,146.84051209406786,147.7029337798581,14334300
2017-07-06,147.52452087402344,148.73388679020908,146.71165175922079,147.73268434179258,14951800
2017-07-07,150.1217041015625,150.66691932911039,147.89129054647026,147.95076582111912,13615900
2017-07-10,152.1637725830078,152.63958991672814,150.19109021622765,150.36953117009799,13378700
2017-07-11,153.91836547851562,154.0670536651799,151.57890887725088,152.0348960669947,13667700
2017-07-12,157.51675415039062,157.77450050597156,154.84026093554425,155.12774492815996,22739400
2017-07-13,157.87364196777344,158.38911962169666,157.04095776787105,157.35817943981206,13929200
2017-07-14,158.57745361328125,158.92441289452822,157.9430254533134,158.7360644347633,16371200
2017-07-17,158.3395233154297,159.3803859407482,157.42753386186237,158.85500087647526,12858800
2017-07-18,161.44229125976562,162.3047129997704,158.03223431515994,158.2701505412813,23722900
2017-07-19,162.71115112304688,164.25756881192095,161.74959381953613,162.16593587992836,26273600
2017-07-20,163.09774780273438,163.56365761328536,161.39271937390092,163.3654016595521,18523100
2017-07-21,162.9986114501953,163.61322456745162,162.32453818567117,162.7309727206717,14744000
2017-07-24,164.55494689941406,164.72346521064173,162.87965616444126,163.2067852836335,17367000
2017-07-25,163.84121704101562,164.09894826523268,162.43358012236655,163.57356318735518,15383200
2017-07-26,164.16836547851562,164.56487742794627,162.6715154745594,164.56487742794627,35236900
2017-07-27,168.956298828125,173.96234091022987,166.04188951147168,173.17920949811622,68910700
2017-07-28,170.94879150390625,171.92025620826385,167.57839511068912,167.59822524268463,24557600
2017-07-31,167.7766876220703,171.21648266404438,167.08278411056878,170.50274901622507,25478900
2017-08-01,168.38133239746094,168.98602281995704,167.5783860436129,168.34168726157375,14385000
2017-08-02,167.82623291015625,169.06535155963175,165.45703865739745,168.81752782973666,17433800
2017-08-03,167.12237548828125,168.2227132474897,166.78533890912553,167.82620140447796,10793800
2017-08-04,168.1434326171875,168.57960478431247,167.22153563973112,167.49909699590893,10777700
2017-08-07,170.48289489746094,170.5622003056138,168.18309856486772,168.47056743420688,12787800
2017-08-08,169.73941040039062,171.54357426096124,169.13471994586473,170.38376111886248,14393500
2017-08-09,169.68984985351562,169.95750370568328,168.08395699242854,168.50029902582298,10815000
2017-08-10,165.9427490234375,169.10498196142535,165.39754896595718,168.57959690991828,20832700
2017-08-11,166.61685180664062,167.3504154920727,165.3975632914955,166.48797862685876,13791200
2017-08-14,169.26361083984375,169.59073998483981,167.81631357343335,168.60935254985165,12954200
2017-08-15,169.51141357421875,170.0070609823305,168.53002626081243,169.99715347951332,8729200
2017-08-16,168.52012634277344,169.88811809103936,167.76674769388046,169.75924491882324,15779900
2017-08-17,165.45700073242188,168.38131704969933,165.3975254710332,167.86583957440308,17216000
2017-08-18,165.9526824951172,167.20170862118172,164.76313164277576,165.38763714282814,15093600
2017-08-21,166.31944274902344,166.53752881826688,164.37651338334706,165.70484480440558,11907500
2017-08-22,168.16326904296875,168.3912626385125,165.6949392553481,166.81510735138656,11391000
2017-08-23,167.24136352539062,167.88569913801135,166.73579346303475,167.3702215723392,9856500
2017-08-24,166.27981567382812,167.81631070227277,164.96139161235615,167.40989127995266,14030400
2017-08-25,164.8721923828125,166.91425767160555,164.73339656128155,166.39878003407793,12614500
2017-08-28,165.78416442871094,166.24015161191866,164.88208243998466,165.45703529677854,8553700
2017-08-29,166.58709716796875,166.96377891310692,163.56364494827855,163.81146865274565,11121000
2017-08-30,168.4407958984375,168.69852707859633,166.17073766000243,166.7060301498575,11138300
2017-08-31,170.4729766845703,170.65140249723558,168.57959988950745,168.9166365085145,17226500
2017-09-01,170.5225372314453,171.4146965089108,169.81871126183174,170.89921897310757,11677600
2017-09-05,169.23387145996094,170.88933217599208,168.0740582083449,169.77908669600956,13210900
2017-09-06,170.59193420410156,170.97853860664867,168.0938819688554,169.42221349289323,13906300
2017-09-07,171.70220947265625,171.80132989469368,168.7877998226505,170.4432606176892,18049500
2017-09-08,169.4618682861328,171.97976592385857,169.31318009436023,171.58323886919754,10998500
2017-09-11,171.99957275390625,172.37626965643292,170.70097885430292,170.8992348092265,12372000
2017-09-12,171.45437622070312,172.4853162832958,170.25490271066695,172.24740005686974,11186300
2017-09-13,171.54359436035156,171.66254491420898,170.56220691314613,171.5039340917587,9119300
2017-09-14,169.47178649902344,170.78028793039803,169.01578417953888,170.76045779669172,15615700
2017-09-15,170.1458740234375,170.83977750162398,168.77788207646884,169.3924952651152,15660500
2017-09-18,168.53004455566406,170.57212480456852,167.86587877181054,170.49281939554658,12954000
2017-09-19,171.0181884765625,171.05783361438,168.87698801140778,169.13471922211838,13168600
2017-09-20,170.6712646484375,171.54360912101532,169.214059734455,170.99839382565418,12264100
2017-09-21,169.6204833984375,170.77038919709977,168.53005287798862,170.19543629776865,11161400
2017-09-22,169.05543518066406,170.2350785987358,167.74693370393516,168.7283211559523,12097100
2017-09-25,161.45217895507812,167.8262123734979,160.1535851894885,167.7667371057546,41251600
2017-09-26,162.78054809570312,164.05931190771838,161.3629884717262,163.06801697172008,23363300
2017-09-27,166.2202911376953,166.8745492821353,164.1286738025781,164.4557877488411,19242500
2017-09-28,167.2611846923828,167.59823645502036,165.7048595606887,166.47806837469517,12178700
2017-09-29,169.38255310058594,170.1656845346237,167.34048804629552,167.36031817937436,15340400
2017-10-02,167.99472045898438,170.37382177980214,167.2809870375476,169.89800454083004,13392300
2017-10-03,168.48049926757812,169.24378550157076,167.72710541195005,167.82624095904663,8190300
2017-10-04,166.953857421875,169.18427057520137,166.82498426604315,168.35158662818927,12127900
2017-10-05,169.7493438720703,169.81872664946934,167.13232594495176,167.70726367526288,14580600
2017-10-06,170.73069763183594,170.86947829754834,168.2722907852345,168.76793818077277,13124500
2017-10-09,170.99835205078125,173.3576385019914,170.50270465353262,171.19660798448908,14570400
2017-10-10,170.09628295898438,171.692268303277,169.31316666781586,171.49401235464845,11341100
2017-10-11,171.2362518310547,171.27589696361235,169.90790543804349,170.45312054794098,11283700
2017-10-12,171.04795837402344,172.3366449225625,170.7902119887387,171.10743365494713,10351000
2017-10-13,172.22756958007812,173.12963638159022,171.69226190018958,171.94008560822274,13658300
2017-10-16,173.0008087158203,173.47662608352306,172.5448063575492,172.97107107571148,11498800
2017-10-17,174.5769500732422,174.59678020703677,172.84218395224192,173.18914322682605,15990100
2017-10-18,174.4976348876953,175.2014609013485,174.22007353396262,175.1122328672521,12752400
2017-10-19,173.04042053222656,174.49762512074045,171.12722879922828,173.4071947735673,14048400
2017-10-20,173.456787109375,174.34896164506213,173.10984295046387,173.97226472159687,12602200
2017-10-23,169.77908325195312,173.81364566494935,169.75925311850992,173.6748649827668,13852700
2017-10-24,170.30445861816406,171.73192562535988,170.00706713733842,170.80010604422043,12267900
2017-10-25,169.11489868164062,170.75052904885155,167.41977792071228,170.40356981897858,15868200
2017-10-26,169.1446533203125,170.79019135559645,168.90673709939878,169.88812449396312,11833100
2017-10-27,176.33155822753906,176.6586873904045,172.38619326398225,172.63401701227778,30285300
2017-10-30,178.30419921875,179.1170682534274,176.0638783107652,177.69950875728185,24353200
2017-10-31,178.49253845214844,179.22610204614108,177.38229312152882,178.99810847845131,20174200
2017-11-01,181.06993103027344,181.30783212692842,178.9981283084503,180.77253953349484,40918300
2017-11-02,177.3624725341797,180.35618721285795,175.79622485794295,179.05759338106873,35529900
2017-11-03,177.3624725341797,178.29429211221563,175.17171938884402,177.72924678793294,17822100
2017-11-06,178.60159301757812,178.87915436815607,176.75778397390508,177.00560768877534,13312700
2017-11-07,178.680908203125,179.17655565999914,177.40214441981212,178.92873193156206,12928200
2017-11-08,177.99691772460938,178.78004920090777,177.55083802500116,178.2249113264606,10494100
2017-11-09,177.73919677734375,177.83831720190759,175.54842816881282,176.75780928060541,12610300
2017-11-10,176.90650939941406,177.54093758377465,176.41086190769605,176.79746634619764,11070200
2017-11-13,177.21376037597656,177.48139905824718,175.75655593534208,175.95481185308375,9523400
2017-11-14,176.51986694335938,177.41202618592067,175.6376000771949,176.57934220940243,9585900
2017-11-15,176.40090942382812,177.0155224951972,174.8643994343432,175.1221457670316,10253700
2017-11-16,178.02667236328125,178.2645886179067,176.9461644013693,177.20389566607543,15607600
2017-11-17,177.4417724609375,178.4132371475223,177.34263692873233,177.73916393159448,13018000
2017-11-20,177.18408203125,177.9374608211352,176.5496538066198,177.31294010162227,10052400
2017-11-21,180.27687072753906,180.3066083610986,177.43185952665146,177.59045519698293,14504000
2017-11-22,179.29551696777344,180.14803124978954,178.86926738974583,179.72178167176193,10376300
2017-11-24,181.18887329101562,181.55564754888903,178.72054364440257,178.8295866840351,9426300
2017-11-27,181.4367218017578,182.13062527335998,180.4057816619433,180.9708119438332,12344500
2017-11-28,180.83201599121094,182.6460874948777,180.5048868552094,181.9125238148173,14379700
2017-11-29,173.60545349121094,180.38590591518195,172.48528558931875,180.30660052048577,41933500
2017-11-30,175.63760375976562,176.7280340799437,173.6748443094032,175.31048978967033,25307600
2017-12-01,173.5757293701172,175.93500076065592,170.8397459809802,174.49762629405086,20182500
2017-12-04,169.97735595703125,175.0329665400423,169.3032674871811,174.75539002236656,24459400
2017-12-05,171.32550048828125,173.85330552479402,167.5387466853713,168.96621377074135,20184900
2017-12-06,174.52740478515625,175.2312309289118,170.40361373033093,170.99839681310922,20255800
2017-12-07,178.57183837890625,178.81966207017962,174.26962272863028,174.26962272863028,20404500
2017-12-08,177.4417724609375,180.69321825461432,177.184041253546,179.94974714095116,19883800
2017-12-11,177.4814453125,178.65118124615287,177.2435441995923,177.73919168609788,13168600
2017-12-12,175.41954040527344,177.62020101993312,175.06267366014723,177.04526332730197,16854100
2017-12-13,176.7478790283203,177.6003932248488,175.7070163856114,175.75658415449456,14615700
2017-12-14,176.83709716796875,178.7899493372519,176.1332711313096,176.73796162726978,13591000
2017-12-15,178.6114959716797,178.91881007609734,176.8073472388738,177.46160545969784,28463100
2017-12-18,179.2459259033203,179.72174315322292,178.1852332488342,179.43425920206263,17265400
2017-12-19,177.9473419189453,178.51238727197827,176.66857815433568,178.38351409476869,14920600
2017-12-20,176.34144592285156,178.24473028084086,175.81606084556094,178.24473028084086,11860500
2017-12-21,175.90528869628906,177.12457726923319,175.5087767602626,176.39102867498815,11600700
2017-12-22,175.657470703125,175.9845998677344,174.6959133445353,175.5979954233708,8509500
2017-12-26,174.45797729492188,175.45917959756298,173.14946089848007,175.09240536187474,8897300
2017-12-27,176.07379150390625,176.8866605648524,174.7256298639161,175.0131138492593,9496100
2017-12-28,176.37118530273438,177.38231032746017,176.133269083399,176.40092293940634,12220800
2017-12-29,174.9239044189453,177.29309862097264,174.9239044189453,176.45049190698796,10261500
2018-01-02,179.84071350097656,179.9993243104074,176.00440719436878,176.13326524181693,18151900
2018-01-03,183.0624237060547,183.1714667479119,179.751502436514,180.2967176457999,16886600
2018-01-04,182.7253875732422,184.58902679333156,182.49739398545236,183.2904177909751,13880900
2018-01-05,185.2234344482422,185.2729870861427,183.3201351725939,183.97439335322562,13574500
2018-01-08,186.64102172851562,187.25561978932296,184.7079995002011,185.57042131145806,17994700
2018-01-09,186.2345428466797,187.1564548445506,185.47125676755513,187.05731931756827,12393100
2018-01-10,186.20481872558594,186.25438649267394,184.01406560430883,185.31265942183705,10529900
2018-01-11,186.13543701171875,186.75994247751348,185.74883262776623,186.75994247751348,9588600
2018-01-12,177.80856323242188,179.900196098337,175.8557110489199,176.50996931999322,77551300
2018-01-16,176.83709716796875,180.16784864759262,176.49013790148217,179.920024921805,36183800
2018-01-17,176.0540008544922,177.759029491726,174.2696668008799,177.69953908497098,27992400
2018-01-18,178.23483276367188,179.40455352930326,175.53850932395844,176.57937203338523,23304900
2018-01-19,179.71180725097656,180.78240732864808,178.60156204122384,179.27565029425693,26826500
2018-01-22,183.75633239746094,183.77616253090503,178.8395181205241,179.22612252990405,21059500
2018-01-23,187.70167541503906,187.89993134877497,183.93475217022402,184.43039956754288,25678800
2018-01-24,184.92605590820312,189.00027831623893,184.8963182730025,188.23697705218504,24334500
2018-01-25,185.84793090820312,186.97800629027577,184.97560183538238,186.31384063928158,17377700
2018-01-26,188.3460235595703,188.3460235595703,185.18379053333774,186.11561012268066,17759200
2018-01-29,184.36102294921875,187.19612699413045,184.0140788066284,187.10691408254664,20453200
2018-01-30,185.4910888671875,186.54185899582595,180.25705323045165,185.98673629586293,20858600
2018-01-31,185.26309204101562,188.17750129074471,183.6076314733445,186.7302041689349,43275100
2018-02-01,191.40911865234375,193.61971705502415,186.2543884657204,186.58151758081607,54211300
2018-02-02,188.62359619140625,192.51939309299877,188.32620469017658,190.36826980548153,26677500
2018-02-05,179.68209838867188,188.9507112516344,179.03776278898312,185.30273835188007,33128200
2018-02-06,183.69683837890625,184.15284064583065,176.19274455076217,177.01552105619726,37758500
2018-02-07,178.6114959716797,183.4688497349977,178.3835023950745,182.54693767366223,27601900
2018-02-08,170.0863800048828,180.25706018855595,169.98724446493733,179.43428361007963,38478300
2018-02-09,174.5769500732422,175.36006640958556,165.72467851601013,173.2386958723722,39887600
2018-02-12,174.87432861328125,176.00440414043877,170.34410387550926,175.51866421721985,32092100
2018-02-13,171.64273071289062,174.438189995717,171.59317806149062,174.09123068014512,21809400
2018-02-14,177.95726013183594,178.24472899006133,171.70219189296904,171.94009298227024,28929700
2018-02-15,178.39344787597656,178.92874049961085,175.30059731132724,178.92874049961085,20922100
2018-02-16,175.81607055664062,178.3141380320879,174.76530034402083,177.43188614357126,20645300
2018-02-20,174.47779846191406,176.40091286195545,173.58563916080317,174.2398973821292,21204900
2018-02-21,176.3612823486328,179.69203387545096,174.8644173430519,175.1717314731892,23200800
2018-02-22,177.431884765625,178.64126578893575,175.86563696287894,177.144400765712,18464200
2018-02-23,181.69444274902344,181.79357829332676,177.94734908895566,178.333953510202,19007300
2018-02-26,183.32015991210938,184.04381608499364,181.62505409148218,182.97321577019545,17599700
2018-02-27,179.88035583496094,183.09214121299286,179.88035583496094,182.8443175201962,15849800
2018-02-28,176.7677001953125,181.2880021705322,176.58925926157562,180.71304935776007,18783000
2018-03-01,174.40843200683594,178.55203754433077,172.89175197746962,177.45169956950028,23201600
2018-03-02,175.08250427246094,175.56824422955643,171.48411399147727,171.7814903672907,20025900
2018-03-05,178.82957458496094,179.5730456796201,174.35884051442227,174.66613948006142,16189300
2018-03-06,178.21499633789062,180.79236913443495,177.55083056841832,180.1975861426294,15086800
2018-03-07,182.1107940673828,182.21983711221935,176.51989139549858,177.18405716824475,19097300
2018-03-08,180.752685546875,182.79475036213273,179.87043380263384,181.9620663818067,17225900
2018-03-09,183.61756896972656,183.89513036018627,181.61516395654738,182.30906743269665,18526300
2018-03-12,183.15162658691406,184.4799731493412,182.61633403635287,183.61753636516113,15301200
2018-03-13,180.2967071533203,184.3709294787594,179.53340590474082,183.9942326059095,18067500
2018-03-14,182.5865936279297,182.64606889642647,180.26696740080482,181.0104385089314,16821700
2018-03-15,182.2594757080078,182.3982563850015,180.6040150874547,181.6448777278871,15614300
2018-03-16,183.47877502441406,183.71669125303876,181.81340680192181,182.88400714179264,24403400
2018-03-19,171.05784606933594,175.6277161779473,168.57960881143305,175.46910536321113,88140100
2018-03-20,166.6862335205078,168.71839111673953,160.54020808694554,166.01216024033104,129851800
2018-03-21,167.9154510498047,171.89053835571883,161.8784684318624,163.36541085752074,106598800
2018-03-22,163.45458984375,168.78776041038594,162.2947768075999,164.68380077248662,73743000
2018-03-23,158.0025177001953,165.1497616790438,157.63574337133988,163.99985578873338,53609700
2018-03-26,158.66665649414062,159.69761164261664,147.72276764529062,159.42005028555604,126116600
2018-03-27,150.89492797851562,161.43239879930223,149.43772310039506,154.94932094848795,79117000
2018-03-28,151.69784545898438,154.52304175315547,149.48726224034175,150.32985376379096,60029200
2018-03-29,158.39903259277344,160.01484839731296,152.79822149720238,153.79942407263744,59434300
2018-04-02,154.03732299804688,157.81415436982158,152.76846666122913,156.43625498252916,36796000
2018-04-03,154.75103759765625,156.01989377884564,149.4971719367533,155.18720974605736,42543900
2018-04-04,153.74984741210938,154.2058346026059,149.19979225519137,150.7065647617034,49885600
2018-04-05,157.95294189453125,160.163540638369,155.28635592058296,160.15361800773965,41449600
2018-04-06,155.83152770996094,160.01479265860203,155.4449233723357,156.35691270401688,41644800
2018-04-09,156.55519104003906,159.13256374388507,154.6816443469837,156.44616312562118,34915200
2018-04-10,163.6033172607422,164.5351369644708,155.6432197611317,156.5552093299407,57889300
2018-04-11,164.8721923828125,167.181896432086,161.8289094590176,163.9205425232201,56144600
2018-04-12,162.44349670410156,165.99233439844414,161.68021049227764,165.52642456735143,38263000
2018-04-13,163.0878448486328,164.25756559646135,162.34437365692347,163.14732012381594,19990600
2018-04-16,163.3951416015625,164.33686873955153,161.96767451300823,164.27739346518842,18119400
2018-04-17,167.1918182373047,167.52885490688664,164.21793323895758,164.38645157374856,22743000
2018-04-18,164.9117889404297,166.6564621887032,164.32692869041242,165.42726642608474,20969600
2018-04-19,166.63665771484375,166.8646512778077,163.76189379199397,164.7531885669164,22235000
2018-04-20,164.83250427246094,166.9637821214487,164.3665944890333,166.32935403086026,19119400
2018-04-23,164.39634704589844,166.98362741013062,163.6528758507278,165.81390665685637,23088100
2018-04-24,158.29989624023438,164.65410063060472,156.81295378466345,163.98991968960416,35079900
2018-04-25,158.29989624023438,159.65796550934834,154.8303638439022,158.7459759517135,41083600
2018-04-26,172.64393615722656,174.73556915565018,169.31318444234256,171.7121164622946,77556900
2018-04-27,172.078857421875,175.55831178416844,171.09748526919364,175.27082782711136,29804700
2018-04-30,170.50271606445312,174.19033415685408,170.2152472102316,172.2771272099344,20750500
2018-05-01,172.34652709960938,172.5051379094044,168.7481218729266,170.50271803213053,26025900
2018-05-02,174.53729248046875,176.52978969481686,172.6835608149028,172.73312858287306,30424500
2018-05-03,172.505126953125,174.58683697712183,170.62165773984208,173.60546479650847,24026100
2018-05-04,175.07257080078125,175.4393450271891,171.5534713246815,171.5733014554478,17677800
2018-05-07,176.42076110839844,177.93744115159146,175.62772213378423,175.8061630879036,18697200
2018-05-08,177.3624725341797,177.48142307573013,175.5682312779849,176.69830680059127,15577200
2018-05-09,181.06993103027344,181.41687517154858,177.22370195744594,178.10595381811453,23282800
2018-05-10,183.91493225097656,184.50971521116793,180.91131006652415,181.55564566843228,21071400
2018-05-11,185.36224365234375,186.68066771899814,182.5766922045635,183.24087311580786,21207800
2018-05-14,185.0152587890625,186.22463964155665,184.5790866618078,186.07595147360985,15646700
2018-05-15,182.71548461914062,183.6770267635761,181.6052240370376,183.2706073472122,15429400
2018-05-16,181.60520935058594,182.715469842902,181.06991679922325,182.1008567642753,16975500
2018-05-17,182.16033935546875,182.45773084082737,180.63375191536812,181.0897390837533,14840700
2018-05-18,181.08973693847656,182.58660185086396,181.02035416409177,181.89269847722036,13130500
2018-05-21,182.88401794433594,183.68696446517723,181.53585615441685,182.17028434226341,13532900
2018-05-22,182.20001220703125,183.80590516255953,181.83322279516887,183.32016519872033,12731400
2018-05-23,185.2729949951172,185.28291762388713,180.5940822551595,180.91130385662845,16628100
2018-05-24,184.31146240234375,185.17389929266875,183.41930299961913,184.26190975571723,12354700
2018-05-25,183.31024169921875,184.70797106682298,182.84433191001733,184.40067208372395,10965100
2018-05-29,184.12310791015625,185.18378551702415,182.1107806072386,182.7352860669987,16398900
2018-05-30,186.03628540039062,186.36341448561328,183.63735390138223,184.91611748365472,13736900
2018-05-31,190.11053466796875,191.04235429390687,185.8479635737623,186.23456797963453,30782600
2018-06-01,192.30130004882812,192.8564227638772,190.39801568610582,191.38931057039616,17307200
2018-06-04,191.5974578857422,192.29136122110037,189.80321671647377,190.16999095245777,18939800
2018-06-05,191.2604522705078,193.30251747081502,190.94323062240224,192.608614023035,15544300
2018-06-06,189.6743621826172,190.8540055315744,187.4637787950018,189.36706318434292,22558900
2018-06-07,186.5418701171875,189.30759140462192,185.14415578072197,189.089505312926,21503200
2018-06-08,187.45388793945312,187.83056974855285,184.80711701547244,185.897547550669,12677100
2018-06-11,189.87261962890625,190.92340493501214,187.15648126723664,187.16638877095053,12928900
2018-06-12,190.72515869140625,191.59750316254966,189.89247449220306,190.49716506861625,11562700
2018-06-13,190.73504638671875,192.80684900024443,190.2393989599829,191.0621755034795,15853800
2018-06-14,195.0967254638672,195.5626352258746,191.2306818280166,191.41903025852488,19120900
2018-06-15,194.14511108398438,195.35449206501337,192.94563760655214,194.08562068452486,21860900
2018-06-18,196.58367919921875,197.8426278934485,192.44007398845233,193.10423972255302,16826000
2018-06-19,195.77081298828125,196.23672274838665,192.10301017452244,194.5316945041622,19994000
2018-06-20,200.2415771484375,201.7780873250161,197.07934388123675,197.36682788332428,28230900
2018-06-21,199.7459259033203,201.61947269261083,198.34819643922546,200.99495205419396,19045700
2018-06-22,199.9838409423828,200.4794883982593,197.574986441324,199.40888807845093,17420200
2018-06-25,194.64073181152344,198.25895162835792,191.42893134979929,198.25895162835792,25275100
2018-06-26,197.26768493652344,197.3668204768252,194.52179383053024,195.87987812805744,17897600
2018-06-27,194.1352081298828,199.002470184042,194.09556298551814,197.44612978191714,18734400
2018-06-28,194.52178955078125,195.62212746969882,191.5776425549196,193.4809269043523,18172400
2018-06-29,192.62841796875,195.87986378997832,192.2715512261294,195.60230244860216,15811600
2018-07-02,195.64195251464844,195.7311654210613,190.54669758251922,191.68668061146298,13961600
2018-07-03,191.05226135253906,193.69901691364683,190.84409789460955,192.85642532638016,13489500
2018-07-05,196.72247314453125,196.92072910262948,192.34095142893256,193.04477747503526,19684200
2018-07-06,201.46084594726562,201.8672804615918,195.97898669624203,196.72245782568604,19740100
2018-07-09,202.95773315429688,204.00850337931018,200.3605301041744,203.1460664886615,18149400
2018-07-10,201.76817321777344,203.1262576236307,200.4993168556891,202.71982305231717,13190100
2018-07-11,200.77688598632812,202.71983087408967,199.99376957871684,200.4596794465484,12927400
2018-07-12,205.11871337890625,205.27732417340758,201.42118809709686,201.65908916289092,15454700
2018-07-13,205.5152587890625,206.61558156891698,204.65282197037004,206.00098359257464,11486800
2018-07-16,205.42604064941406,206.9030755155876,205.0394362382626,205.69369451127582,11078200
2018-07-17,208.16201782226562,208.62792762711905,203.05684010179664,203.1163153745933,15349900
2018-07-18,207.53749084472656,209.15330629398784,206.62550139589192,207.9934931321234,15334900
2018-07-19,206.27854919433594,208.1620185532827,205.95142006684583,206.95263758230453,11350400
2018-07-20,208.11244201660156,209.65885955343802,206.68497502076514,207.03193426662722,16163900
2018-07-23,209.07400512695312,209.7778160156813,206.98237234156252,208.7468760040104,16732000
2018-07-24,212.80128479003906,214.3179648512432,210.74931211204074,213.2374569875546,28468700
2018-07-25,215.6066436767578,216.71688913952175,212.40476534156258,213.8421399408823,58954200
2018-07-26,174.72564697265625,178.56196881429327,172.23750202897924,173.36757769624603,169803700
2018-07-27,173.3675537109375,178.36367304186427,171.4940070710951,178.304197771704,60073700
2018-07-30,169.57089233398438,173.77398788664595,165.11006556914384,173.77398788664595,65280800
2018-07-31,171.07766723632812,172.72322031956105,168.52012470510036,169.1842904402936,40356500
2018-08-01,170.15576171875,173.55591105496342,169.41229055168418,172.41591285655338,34042100
2018-08-02,174.83465576171875,175.2509977548073,168.78776667052847,169.19418603518955,32400000
2018-08-03,176.232421875,177.29311477333417,174.61660620316653,176.1432089562507,24763400
2018-08-06,184.0735321044922,184.17265250798692,176.82716960465777,177.41202990093845,49716200
2018-08-07,182.20989990234375,186.6608191251113,182.1206869980598,184.87648540963886,33398600
2018-08-08,183.56797790527344,185.22345365929073,182.16034099625344,183.14172836898882,22205200
2018-08-09,181.49618530273438,184.9459025536132,180.8914947897321,184.23216899315278,19732100
2018-08-10,178.69081115722656,180.5148052478118,177.8581270811096,180.4553148486952,21500400
2018-08-13,178.48265075683594,181.02036329471073,177.3426525399582,178.53221852730192,17423300
2018-08-14,179.53341674804688,180.40576108482483,177.0650870456417,179.13690484548934,19102000
2018-08-15,177.96717834472656,179.29550992645753,173.25852740680355,177.778829887056,33020200
2018-08-16,173.17921447753906,178.928727872026,172.49521858241766,178.84942246561022,31351800
2018-08-17,172.28704833984375,174.68598006708459,170.54235971933474,172.9809517112012,24893200
2018-08-20,170.99835205078125,173.05033953585055,169.42219695776055,172.52493937888548,21518000
2018-08-21,171.11734008789062,172.65385038129463,169.89805145870795,171.30568856027688,19578500
2018-08-22,172.12844848632812,172.72323148588757,170.63159860958226,170.71090401792085,16894100
2018-08-23,171.39488220214844,174.0218227633762,171.32549942463032,171.58323065334875,18053600
2018-08-24,173.129638671875,173.29817210641073,171.41470282486748,172.18791159408283,14631600
2018-08-27,175.91517639160156,177.11463459175593,174.25970081625167,174.45797187085108,17921900
2018-08-28,174.72564697265625,176.6884219152467,174.29939739356377,176.54964122368625,15910700
2018-08-29,174.36874389648438,175.25099563625966,173.228760961996,174.76527087984044,18494100
2018-08-30,176.0936279296875,178.2249059445459,174.1705133762454,174.36876933386665,24216500
2018-08-31,174.2002410888672,176.07378776467226,173.45676994567535,175.60787797152864,18065200
2018-09-04,169.67002868652344,172.37625936831316,167.3305722557498,171.98965498520033,29809000
2018-09-05,165.72467041015625,169.6402972782341,165.2191154678236,168.01457428368036,31226700
2018-09-06,161.1151580810547,165.52641733879844,158.6071832066759,165.52641733879844,41514800
2018-09-07,161.62071228027344,163.19688265178635,158.7657932814878,158.91448146466843,24300600
2018-09-10,162.75079345703125,163.57357005954762,160.7483886000716,162.08662767267808,20197700
2018-09-11,164.4954833984375,165.73460206315278,162.29480743982631,162.51289353489304,20457100
2018-09-12,160.58978271484375,163.05811259821402,160.3915267490299,161.82890140863114,24078100
2018-09-13,159.95535278320312,161.89829752903972,159.45970531115873,160.5897809423815,25453800
2018-09-14,160.906982421875,161.42244483751762,158.9442077878408,160.31219947956913,21770400
2018-09-17,159.18214416503906,160.64925644912427,158.37919767933,160.51047576179135,21005300
2018-09-18,158.90455627441406,160.35183818281627,157.48699687338012,158.00247439429774,22465200
2018-09-19,161.64053344726562,162.01723032504097,158.0916961212628,158.68647907291242,19629000
2018-09-20,164.5747833251953,165.0010328711957,163.03827320694597,163.0680108438316,18936000
2018-09-21,161.5116729736328,165.79407425981805,161.39272242433654,165.18938375762875,45994800
2018-09-24,163.97007751464844,164.25754635300876,159.47951325288895,159.62820142342736,19222800
2018-09-25,163.47442626953125,164.1484994614074,159.74714820541337,160.57984731873293,27622800
2018-09-26,165.49667358398438,167.8262225515981,162.78053535259377,162.8697482596192,25252200
2018-09-27,167.37020874023438,170.2747103408988,165.75440851792655,166.09144511635068,27266900
2018-09-28,163.02833557128906,167.32062837868668,161.14486653621015,166.86464128007933,34265600
2018-10-01,161.0259246826172,164.43598110783617,159.8561889898001,161.61078496604685,26407700
2018-10-02,157.94300842285156,160.86732517104096,157.28875019925482,160.17342180932874,36031000
2018-10-03,161.01600646972656,162.2353099596169,158.14125761142583,158.60716737566852,23109500
2018-10-04,157.4671630859375,160.05444275841546,155.98022109315608,160.05444275841546,25739600
2018-10-05,155.96043395996094,159.4993490128948,154.84026584295069,157.82407327832271,25744000
2018-10-08,155.881103515625,156.9616111911632,153.0459998514154,154.18598279335635,24046000
2018-10-09,156.52545166015625,159.19203724206622,156.04963436470246,156.31728821100234,18844400
2018-10-10,150.06222534179688,156.31729367976462,149.99282743901162,155.45487196546546,30610000
2018-10-11,152.01507568359375,153.4623577358115,147.86154772210898,148.8231049644271,35338900
2018-10-12,152.40167236328125,155.52424502235203,149.9829105618363,155.36563421957825,25293500
2018-10-15,152.18359375,154.21575127301105,151.22203650924783,151.9853377997949,15433500
2018-10-16,157.3977813720703,158.0718696768923,153.66059587760898,154.04720023041824,19180100
2018-10-17,158.03221130371094,159.09290397401355,156.57500677356987,158.1709919672502,17592000
2018-10-18,153.57139587402344,157.27884404695308,151.94567293006756,157.13014074433553,21675100
2018-10-19,152.70901489257812,155.9802917844528,152.21336733702023,154.5032566235436,19761300
2018-10-22,153.43260192871094,155.97031409723388,153.1153954706244,153.41277179821876,15424700
2018-10-23,153.04603576660156,153.42273271016217,149.53685809172077,149.90363240458046,19095000
2018-10-24,144.76870727539062,153.30375736648972,144.33255020490628,152.93698307673407,27744600
2018-10-25,149.63595581054688,150.884997012413,145.72034414609865,146.4439851572699,22105700
2018-10-26,144.10455322265625,147.70295901067368,142.54822789589622,144.5506480855384,31303300
2018-10-29,140.8531036376953,147.53443741709603,137.81974334238814,147.2073082503133,31336800
2018-10-30,144.94712829589844,145.36347030089044,138.5235421638017,138.72179810056574,50528300
2018-10-31,150.46864318847656,155.03851319057912,147.66329198875871,153.65070640888268,60101300
2018-11-01,150.42898559570312,151.42028039369788,148.04988413089902,150.20099202743262,25640800
2018-11-02,149.04119873046875,152.78829235465014,147.66329938322704,150.4785733533387,24708700
2018-11-05,147.38572692871094,148.88259199421714,146.15653086279244,148.79337907832831,15971200
2018-11-06,148.634765625,149.6557982024448,146.71165102252405,148.0102449729076,16667100
2018-11-07,150.21092224121094,151.67803452879494,148.5257238550179,150.25058250966376,21877400
2018-11-08,146.582763671875,149.62604610195993,145.46261078434273,149.17996644756505,24145800
2018-11-09,143.69810485839844,146.47371827479716,142.8158530669091,145.47251594430753,17326900
2018-11-12,140.31781005859375,143.77741992263816,139.26703978036954,143.22229714364886,18542100
2018-11-13,140.9224853515625,143.61880866548017,140.3871776398214,140.76387453875333,15141700
2018-11-14,142.96453857421875,144.3127001195929,140.31778324911562,142.44906103823376,22068400
2018-11-15,142.5977783203125,143.57915059692607,139.60406346804558,141.09100582748175,30320300
2018-11-16,138.31536865234375,140.53587455272964,136.57069516872846,139.8419711857212,37250600
2018-11-19,130.40484619140625,136.55087150244032,130.06780955803708,136.41209082246715,44362700
2018-11-20,131.2771759033203,132.99212696522133,125.74575612786026,125.92418951177702,41939500
2018-11-21,133.64639282226562,135.99575702053914,132.9623968845504,133.23003563116546,25469700
2018-11-23,130.58326721191406,133.32915819969682,130.11735741928078,132.48655152128535,11886100
2018-11-26,135.1927947998047,135.80739275884446,131.6241273338603,131.84221340822126,24263600
2018-11-27,133.82481384277344,135.4207992647516,132.54605005480934,134.56828503078884,20750300
2018-11-28,135.56948852539062,135.5992261630699,130.70224193837456,135.09367119656213,29847500
2018-11-29,137.47276306152344,138.77137202577873,134.47906349380332,134.73679471044042,24238700
2018-11-30,139.38595581054688,139.7428225266298,136.16424786361634,137.05640709084486,25732600
2018-12-03,139.86178588867188,142.42923590401517,139.53465677508606,141.75516267065694,24819200
2018-12-04,136.7292938232422,142.14177045558748,135.96600766590524,139.50492247762543,30307400
2018-12-06,138.41452026367188,138.4839030454518,132.50639563988096,132.65509895962774,28218100
2018-12-07,136.22373962402344,139.64370391046762,135.47036096593592,138.03781105661508,21195500
2018-12-10,140.6151580810547,141.80470868601358,137.79986966063885,138.38474502452306,26422200
2018-12-11,140.84315490722656,142.6274884192268,139.87169032189857,142.6274884192268,20300300
2018-12-12,143.2421112060547,145.9086968728815,141.26942893510338,141.83447428129028,23696900
2018-12-13,143.74765014648438,144.58034925477108,141.9435015181053,144.30278792732813,18148600
2018-12-14,142.80592346191406,144.73894525603407,141.2694135290645,142.09219001086083,21785800
2018-12-17,138.96963500976562,143.6584556703444,137.21503879444398,141.83447667724295,24334000
2018-12-18,142.409423828125,144.65965227927774,138.61276268293932,139.85188126324957,24709100
2018-12-19,132.0801239013672,143.64853234129407,131.34656030788761,139.98074462581263,57404900
2018-12-20,132.23873901367188,134.3898623454241,128.86834226632146,129.5622456994865,40297900
2018-12-21,123.86228942871094,133.7256702363829,122.34560950669906,132.22882044679108,56901500
2018-12-24,122.98003387451172,128.610596359982,121.94908634639599,122.02839174770781,22066000
2018-12-26,133.01194763183594,133.0714380339725,124.79411924435239,124.90316229266219,39723400
2018-12-27,133.3489990234375,133.8149088534254,128.54121253354535,131.2871037414817,31202500
2018-12-28,132.0404815673828,134.73680498535606,131.04918663800913,134.1618521112041,22627600
2018-12-31,129.94883728027344,133.4679369965346,128.81876176479938,133.27958855629578,24625300
2019-01-02,134.49888610839844,136.31295760854468,127.44087119055204,127.867135867288,28146200
2019-01-03,130.5931854248047,135.97590905312902,129.9785723489049,133.51750212740563,22717900
2019-01-04,136.74911499023438,136.79868275555486,132.5856798446048,132.8434110479297,29002100
2019-01-07,136.84825134277344,137.66110522026977,134.72688105755734,136.36251144124867,20089300
2019-01-08,141.2892608642578,141.8939513581992,138.32528366838775,138.672242933716,26263800
2019-01-09,142.97447204589844,143.440381900863,140.04024734863347,141.70561566989826,22205900
2019-01-10,142.94471740722656,143.30158416591036,139.61396603483087,141.8344719917478,16125000
2019-01-11,142.5482177734375,144.09463548546228,141.32892921218115,141.9038669761201,12908000
2019-01-14,144.12437438964844,145.2941103141186,140.0402439732112,140.76388506255958,20520300
2019-01-15,147.65338134765625,149.36831739412628,144.7191567349876,144.73897174350674,24069000
2019-01-16,146.25564575195312,148.34727863691265,145.72035315090284,147.70294298969063,18025700
2019-01-17,147.00901794433594,147.70292126063728,145.22468432673398,145.67076394964502,15787900
2019-01-18,148.73387145996094,151.10306552764828,147.2568518257791,148.44640261116092,31029600
2019-01-22,146.28541564941406,150.21093551946126,145.0958495060428,147.90121627162742,22378700
2019-01-23,143.04385375976562,147.50468070575025,141.81464266708224,146.98920313450117,20098400
2019-01-24,144.560546875,145.16523741000162,141.27936295387815,143.3809034439345,20955500
2019-01-25,147.7128448486328,148.5257139119325,145.26434528122348,146.1961648899975,22237200
2019-01-28,146.18626403808594,147.6632989240889,144.93723787589587,146.76121691063824,15508500
2019-01-29,142.934814453125,146.81078115325562,142.18142064639198,146.80085852361344,17632100
2019-01-30,149.11058044433594,149.63596554324403,144.43166719952566,144.94714479455325,44613200
2019-01-31,165.2389678955078,170.1855203225295,163.56367690583363,164.15845996314852,77233600
2019-02-01,164.26748657226562,167.62797571991626,164.21791880145875,164.39634462521155,30806500
2019-02-04,167.7766876220703,167.82625539988373,162.19569163663832,164.2575871607872,20036000
2019-02-05,169.67002868652344,170.4828825909837,167.22152921815598,167.6775163746691,22557000
2019-02-06,169.00587463378906,170.96863432011753,167.79649363363717,169.7096855492788,13281200
2019-02-07,164.931640625,167.76674447768966,163.81147261341835,166.7357893716431,17517600
2019-02-08,165.87338256835938,165.91302771016467,162.78054722489733,163.03827846153243,12561400
2019-02-11,164.34677124023438,166.83493106571902,163.64296034708318,166.43840403876956,12811200
2019-02-12,163.6033172607422,166.8745937282717,163.06802462560077,165.40748138940162,16292300
2019-02-13,162.6417694091797,164.77304749739332,162.30471763106678,163.9403633711484,14205100
2019-02-14,162.5227813720703,163.43477078382617,160.83758321717448,161.76940276043504,12755200
2019-02-15,161.08543395996094,163.26627988684206,159.45971080072653,163.07793142082744,15504400
2019-02-19,160.87722778320312,162.72103673167507,158.93429842947643,159.10281673177204,14345400
2019-02-20,161.1448974609375,162.2948031818548,159.84630355453947,160.83759846030406,11770700
2019-02-21,158.6468048095703,160.82766535586853,158.20072519817566,160.5203512781938,15607800
2019-02-22,160.48069763183594,160.9961751087072,158.91445019800312,159.1821040010266,15858500
2019-02-25,163.1869659423828,164.6243556864197,161.48193745891135,161.65047090724298,18737100
2019-02-26,162.70123291015625,164.79286570447985,162.37410378581643,162.90939636367105,13784100
2019-02-27,161.3927001953125,162.50294550505402,159.013598781307,161.48191309499717,12697500
2019-02-28,160.04457092285156,162.07672864976868,159.459710516976,160.95656048607134,11114200
2019-03-01,160.86734008789062,161.70994682907624,160.2824797092118,161.18456172606506,11097800
2019-03-04,165.9130401611328,166.04191335210177,162.40386249854723,162.4732452834034,18894700
2019-03-05,169.76913452148438,170.383747556052,165.10014468976811,165.91299852445002,28187900
2019-03-06,171.00828552246094,172.05907087000372,169.77908947123353,171.39488994598577,21531700
2019-03-07,167.65769958496094,170.24497969856398,166.1509272067736,170.0070634938106,18306500
2019-03-08,168.1236114501953,168.14342645636808,164.52520632922034,164.75319990787847,13184800
2019-03-11,170.57212829589844,172.7827117860263,170.08638832793187,170.10621846208326,18884000
2019-03-12,170.42340087890625,172.28703995062727,169.72949754133722,170.5919191804617,12155300
2019-03-13,171.8607635498047,172.5150217058317,170.6216451297341,170.8199161777112,11973300
2019-03-14,168.6886444091797,169.66010913612425,166.69614718712864,168.282209886595,18037400
2019-03-15,164.53512573242188,166.12120364657443,161.095331167797,165.7048615974504,37135400
2019-03-18,159.07310485839844,162.4732393410278,157.89346142533574,162.14612531215909,37524200
2019-03-19,160.1634979248047,162.39391108315573,159.42002687202103,160.0742699027431,25611500
2019-03-20,163.9998321533203,164.6739054309311,159.8363965610117,160.0941277919876,20211500
2019-03-21,164.63426208496094,164.94156108992567,162.32454310685958,163.45461871032083,16223000
2019-03-22,162.90940856933594,165.96259883263585,162.66158483165862,164.20800253461144,16389200
2019-03-25,164.84242248535156,165.09024621068198,160.58977401410408,161.5810689154257,12631200
2019-03-26,166.2202911376953,167.97488702470906,164.9018824729319,165.89317719143233,15437900
2019-03-27,164.42608642578125,167.4693691440519,163.35548607827695,166.38886129251935,10620300
2019-03-28,164.10885620117188,165.26866929524382,161.90818054802259,163.13739153814683,10443000
2019-03-29,165.2389678955078,165.73461540128307,163.37532843348518,164.94157636685037,13455500
2019-04-01,167.2314453125,167.42970126577598,165.82380838049292,166.36902359647164,10381500
2019-04-02,172.6835479736328,173.37745129573844,168.07403328839868,168.65889357946216,23946500
2019-04-03,172.029296875,176.41083330215372,171.44443655984026,172.98094656020862,27391100
2019-04-04,174.48773193359375,176.45049159357944,174.0019919889176,174.48773193359375,17847700
2019-04-05,174.1903533935547,175.45920974547903,173.57575535226783,175.3402591893489,9594100
2019-04-08,173.40721130371094,173.97225666273442,172.7133078920715,173.68478779432664,7297400
2019-04-09,176.03414916992188,177.63013455501002,174.0218217442837,174.09120452139553,19751000
2019-04-10,176.27203369140625,177.23357565021945,175.00316253881672,176.628885268312,11701500
2019-04-11,175.9647674560547,176.84701938823807,175.45921245872302,176.6884236862657,8071000
2019-04-12,177.5409393310547,178.0663244673695,176.4009410133073,176.4505087881591,12329800
2019-04-15,178.08612060546875,178.9287273107787,175.3303220264931,176.94613753448198,10834800
2019-04-16,177.3129119873047,178.6015983684305,176.74788176597113,177.44178516320514,11215200
2019-04-17,177.2237091064453,179.16665385460973,176.80736704454446,178.036578222033,9973700
2019-04-18,176.7280731201172,177.32285617632473,175.79625339084072,177.24355076043295,11655600
2019-04-22,179.8605194091797,180.0885129633047,176.69828677961848,176.69828677961848,13389900
2019-04-23,182.18019104003906,182.61636325336974,179.90020955051304,181.14925091158926,19954800
2019-04-24,180.9906005859375,183.52831277227625,180.0686885860498,182.88397722335475,37289900
2019-04-25,191.5776824951172,196.7522440438531,190.44760670435662,195.26530141780168,54148800
2019-04-26,189.82305908203125,191.22077334549448,187.4439423312348,190.82426145000804,22075000
2019-04-29,193.08441162109375,193.70893222320188,188.99035900897894,189.28775049217137,19641300
2019-04-30,191.71641540527344,195.67168724983304,190.6061700282569,192.49954679695807,23494700
2019-05-01,191.3496551513672,194.4722280655926,191.32982501791042,193.08442124281683,15996600
2019-05-02,190.85400390625,192.31120860420398,188.0982053229263,191.31991371449158,13209500
2019-05-03,193.7683868408203,194.45238264146778,192.0237135185275,192.68787918882006,14575400
2019-05-06,192.19224548339844,192.5887573629574,188.89123190151273,189.5752277508168,13994900
2019-05-07,188.11802673339844,191.2207693086788,186.2147424485166,190.86390255989102,16253000
2019-05-08,187.8900146484375,189.05975040851527,186.90864245139556,187.74132647493377,12505700
2019-05-09,187.0077667236328,188.1180272372568,184.63857264576686,185.57039222153955,12967000
2019-05-10,186.7004852294922,188.3460384588898,182.98312920727724,186.61127231518952,12578500
2019-05-13,179.95965576171875,183.81579202350136,179.26575240984758,181.90260027291666,16833300
2019-05-14,179.15672302246094,181.89270662678092,176.54962772139402,180.93114936380755,17628100
2019-05-15,184.64852905273438,185.64973158540738,178.45293512934813,178.84944709006015,16746900
2019-05-16,185.36224365234375,186.93839895440448,183.4391290758097,183.4391290758097,12953100
2019-05-17,183.68695068359375,185.94710187859604,182.67582563552642,183.2309483674975,10485400
2019-05-20,181.12939453125,182.62624429559708,179.7911404457111,180.29671049516125,10352000
2019-05-21,183.21112060546875,184.08344978385523,182.28920853365662,182.96329689409416,7502800
2019-05-22,183.706787109375,185.11442412107527,182.01166609208295,183.12191159405262,9213800
2019-05-23,179.29551696777344,182.299139526583,178.10596602508983,180.83202720147187,12768800
2019-05-24,179.48379516601562,182.03142951029403,179.25580164669992,180.74274352441589,8807700
2019-05-28,182.70555114746094,183.1020781625244,179.87044727508288,179.95966018123755,14843300
2019-05-29,180.60401916503906,182.95338322360334,179.77133508427698,181.902613056076,12797700
2019-05-30,181.41685485839844,181.88276462179326,179.3153147348018,181.48625275445895,8581500
2019-05-31,175.9250946044922,178.96836186561143,175.61779562749524,178.71063065528207,15226500
2019-06-03,162.72105407714844,173.52617771495474,159.60838865233333,173.47660994406445,56059600
2019-06-04,166.0418701171875,166.81507880974615,159.43984347214894,162.284869681599,46044300
2019-06-05,166.70608520507812,167.2513005027395,163.19690741588292,166.02208920673587,19758300
2019-06-06,166.8646697998047,168.22273895188772,165.77423937596896,166.83493216333275,12446400
2019-06-07,171.84097290039062,172.35643534550604,167.37022332653441,168.68864732746155,16917300
2019-06-10,173.2981719970703,176.31170166929564,172.28704702028858,173.22877409748656,14767900
2019-06-11,176.54962158203125,178.41324564337222,175.25101260252274,176.9263033452393,15266600
2019-06-12,173.51625061035156,177.70943887898022,171.37506514713394,176.8271870333414,17699800
2019-06-13,175.9250946044922,176.4802172888684,173.08999078703468,174.00198021507543,12253600
2019-06-14,179.7515106201172,180.2570655866755,178.43308655435038,178.9386415209087,16773700
2019-06-17,187.36463928222656,187.85037921736884,182.80469192297429,183.39945977368052,29459900
2019-06-18,186.82936096191406,192.8366059556519,185.6497175479434,192.31122084075142,37571400
2019-06-19,185.84793090820312,186.46254392368624,182.94344462284235,185.37211367521388,21417100
2019-06-20,187.880126953125,189.4959425300229,186.00658013966265,189.2877639392114,14635700
2019-06-21,189.47610473632812,190.3286189470669,187.10691055343167,187.10691055343167,22751200
2019-06-24,190.92343139648438,192.29140827063097,189.90239871192748,190.74499042318408,15509000
2019-06-25,187.19613647460938,191.4587078245781,186.4923255240796,191.20097658051884,16750300
2019-06-26,186.02639770507812,189.09940270619464,185.6794384524873,187.89002176271006,12808600
2019-06-27,187.85035705566406,197.14870674653582,186.63106873590073,188.22705390484202,11159000
2019-06-28,191.31991577148438,191.5181717263665,188.28655579650456,188.8912462907689,16378900
2019-07-01,191.31991577148438,193.58006693425207,190.25922296762738,193.51068415672523,14181800
2019-07-02,193.302490234375,193.302490234375,191.03243174807002,191.3199005909455,9050000
2019-07-03,195.4833221435547,195.68157806883858,192.46979275174988,192.46979275174988,10246100
2019-07-05,194.6903076171875,195.35448849502401,192.47972427873574,194.47222153436704,11164100
2019-07-08,194.05589294433594,194.96788247841616,191.95435250171457,193.4908626913121,9723900
2019-07-09,197.4758758544922,197.7236995947651,193.19347436211507,193.27277977411768,14698600
2019-07-10,200.96517944335938,201.19318812542681,197.93181994343857,198.25894902444378,20571700
2019-07-11,199.47825622558594,202.02589122238965,198.46714638045125,201.49058353876885,13678500
2019-07-12,203.0865936279297,203.5128583262566,197.42630787650432,197.9417703650457,15366300
2019-07-15,202.1349334716797,203.5425703225195,200.06313089638468,202.47197008541062,16030300
2019-07-16,202.06553649902344,203.6813519280797,201.33198799824166,202.11510426620137,12132700
2019-07-17,200.04331970214844,202.58103230029513,199.835141111631,202.4025913475716,12083700
2019-07-18,199.03219604492188,200.70748690695692,197.6443891848717,198.40767539491912,11937900
2019-07-19,196.6332550048828,200.56869692864873,196.34578614217662,200.41999361955826,12098300
2019-07-22,200.55880737304688,200.80663111774905,197.07935231681313,198.16978284388716,13589000
2019-07-23,200.5984344482422,202.46207368084626,199.21062765329847,201.07425175994294,14583700
2019-07-24,202.87840270996094,203.02709088347058,195.50316678471034,195.90960129358152,32532500
2019-07-25,198.96278381347656,206.84357436312692,196.53409947895375,204.9006299207003,39889900
2019-07-26,198.01113891601562,201.11389652131422,194.54160707017806,198.44731105393143,24434000
2019-07-29,194.23431396484375,197.8921943558041,193.59988587033834,197.26767376438386,16530800
2019-07-30,195.32473754882812,196.9802133181637,191.8155603102032,193.68910703842727,11903600
2019-07-31,192.53921508789062,197.0297800289434,191.00270488074463,195.23553857855745,14593500
2019-08-01,191.05226135253906,196.74229950931516,189.21837486781064,192.4797284250376,17777000
2019-08-02,187.3745574951172,190.9432098931184,186.43283040922628,189.43645260607656,15297000
2019-08-05,180.1480255126953,184.0537300029914,177.7788312071651,183.082265195433,23086700
2019-08-06,182.90380859375,184.17266480045308,181.496171712125,182.09095467662416,18035700
2019-08-07,183.53823852539062,184.74761947288266,179.642456959587,182.00174358272056,15833200
2019-08-08,188.50462341308594,188.68304921720795,182.44781156029177,184.9954313391032,14828900
2019-08-09,186.21475219726562,189.31749493498137,185.49109603275392,188.34603017251814,11058800
2019-08-12,183.75633239746094,185.95700830499604,182.85426552621433,185.22345975312427,10930900
2019-08-13,186.8095245361328,189.71402651548019,183.75633436925915,183.9050376827455,13577000
2019-08-14,178.14561462402344,184.37094543800103,177.74908758513192,184.18259698527254,18903700
2019-08-15,181.00054931640625,181.60523986775857,178.46283655202973,179.37482613135495,12925900
2019-08-16,182.10086059570312,183.48868245880848,180.77252912929748,182.15042836330673,12654600
2019-08-19,184.54934692382812,185.86777079310215,183.24084568294282,184.39073612918813,9691200
2019-08-20,182.20989990234375,184.38083799567198,180.8022630617929,183.8356228151167,10083400
2019-08-21,181.9521942138672,184.28172831068724,181.5457596471759,183.38956889079205,8398200
2019-08-22,180.455322265625,182.5073100296377,178.34387435197104,181.83322161224697,10821400
2019-08-23,176.20265197753906,181.5358228805133,175.12214426793494,179.26574930151776,17323400
2019-08-26,178.78994750976562,178.92872818974976,176.68840717687456,177.8382977570461,8773600
2019-08-27,179.72178649902344,182.4379251180127,179.43430247852694,180.3462920632788,14399600
2019-08-28,180.17776489257812,180.366113353468,177.36249086127862,178.9584763378182,9386100
2019-08-29,183.9546356201172,184.4601906665712,181.87290989761235,182.1703014473934,10128700
2019-08-30,184.05369567871094,185.17386359419388,181.86294273673383,185.1540334637899,10774500
2019-09-03,180.80226135253906,184.0537071473467,180.5247000134183,182.3982466154627,9779400
2019-09-04,185.5109100341797,186.11560047297843,182.289201903489,183.04258051332087,11308000
2019-09-05,189.23817443847656,189.6941767095341,186.30395025187858,186.88881056344226,13876700
2019-09-06,185.85789489746094,188.5542183610433,184.72781926389777,188.5542183610433,15226800
2019-09-09,187.11683654785156,187.33492265535642,184.232179627603,186.09580391997025,14722400
2019-09-10,184.54934692382812,186.46255371002326,182.94345422448225,185.80829552660163,15455900
2019-09-11,186.8491668701172,187.7908939279725,184.46014271342045,184.836839586946,11761700
2019-09-12,185.83804321289062,189.2679148582642,185.60012700806035,188.20723725439157,11419800
2019-09-13,185.56048583984375,186.33369461463457,184.916135110212,185.6992665141406,11441100
2019-09-16,184.5989227294922,186.15524773256575,184.15284308534797,185.3027335816854,8444800
2019-09-17,186.44276428222656,186.68068052612696,183.9248665269878,185.03512720589518,9671100
2019-09-18,186.502197265625,187.43401676879316,184.3907345669975,186.4526295019752,9681900
2019-09-19,188.48480224609375,189.4364519578799,186.51212004849356,187.01769010280083,10392700
2019-09-20,188.27659606933594,191.41901359518056,186.48235507335187,189.00025209471,19934200
2019-09-23,185.1937255859375,188.4451717375327,183.59774014788326,187.6917779121405,13327600
2019-09-24,179.70193481445312,186.40308276455025,178.81968297541698,186.3436074918448,18546600
2019-09-25,181.2086944580078,181.82329240046013,176.32160317476445,179.87044041290727,18068300
2019-09-26,178.54212951660156,179.8208933142129,176.12336747985688,179.7515105349739,16083300
2019-09-27,175.55831909179688,179.18644664593606,174.13085212743323,178.91880793458682,14656200
2019-09-30,176.52981567382812,177.11467609445455,175.31052705731037,176.32163706810007,10740000
2019-10-01,174.27957153320312,178.27448917320316,173.3576744436468,177.59049320303617,17073000
2019-10-02,173.080078125,174.99326982848052,171.58321329643329,173.31797919637933,16151700
2019-10-03,177.8184814453125,178.27446862221802,172.11853585227658,174.04165035077614,16086300
2019-10-04,178.87916564941406,179.40455074799638,176.54963165829395,177.98700626999957,10430200
2019-10-07,178.11585998535156,179.6028023321276,176.5397047279993,178.43308161312447,9178300
2019-10-08,176.20265197753906,178.79983953206306,176.17291434340012,176.70820688385956,9466900
2019-10-09,178.28439331054688,179.14681503079768,176.3910164266779,177.60039741133014,7556900
2019-10-10,178.4628143310547,180.02906204160385,177.61030013736234,178.750298314045,8605000
2019-10-11,182.5865936279297,184.86657471804284,180.5544362405254,180.5643437432887,14930500
2019-10-14,181.6845245361328,183.0128560461247,180.98071364132852,182.59651401131947,7006000
2019-10-15,187.2456817626953,188.7227165199571,182.06121398365255,182.19999465624394,15039100
2019-10-16,187.89996337890625,188.04865157306457,185.27302264974318,186.6806748089256,10516900
2019-10-17,188.7326202392578,189.17869988321854,187.12672747061578,188.6434073356574,9603000
2019-10-18,184.232177734375,189.82308080594515,182.31897056109966,188.5740394528963,16874200
2019-10-21,188.1081085205078,188.2568118261365,185.12431641612076,185.4117852721347,8122600
2019-10-22,180.752685546875,188.99034270257863,179.92000156654896,188.3460071495554,19537600
2019-10-23,184.52955627441406,184.75756501272738,180.41568811771867,180.42559562226924,12300400
2019-10-24,184.75755310058594,185.10449724902045,181.20871545130507,183.01286435066095,11413500
2019-10-25,186.25437927246094,187.354717104941,183.47875080867757,184.21231440565035,8061200
2019-10-28,187.75123596191406,187.8801091309516,183.46885013420712,185.57039034704746,13657900
2019-10-29,187.6620330810547,190.85400383481056,186.82934900423825,190.02131975799415,13574900
2019-10-30,186.61126708984375,188.79211286995138,184.36102340547032,187.90986100375494,28734600
2019-10-31,189.98167419433594,196.36561619589327,186.6112773601283,194.9877167981132,42286500
2019-11-01,191.9344940185547,192.42023391509704,188.25679878716807,191.17120791450583,21711800
2019-11-04,193.02493286132812,195.6518581424761,192.1228509247985,192.85641455328835,16371300
2019-11-05,192.62841796875,194.0459623103527,191.91468448350878,193.66926543593132,9942000
2019-11-06,189.88255310058594,192.67799702946178,189.68429713326918,192.34096037242722,10973000
2019-11-07,188.7623748779297,191.7560897403017,187.82064773896667,190.23940973863412,13473000
2019-11-08,189.1787109375,190.66565325489464,188.04863538131843,188.34602686998926,10760800
2019-11-11,187.9594268798828,188.42533669366813,186.89873407480903,188.27663338286612,8631200
2019-11-12,192.777099609375,193.36195990702896,188.08827947364168,188.3460106744829,17615500
2019-11-13,191.5082550048828,193.99639963970563,191.06217534637915,193.00510478704902,10860700
2019-11-14,191.4686279296875,192.34097239154565,189.78342941324834,191.25054181422297,9040500
2019-11-15,193.40164184570312,193.5998978013367,191.69661340052664,192.56894263050637,11524300
2019-11-18,195.6815948486328,196.90089838930183,191.36947138160062,192.8663211407008,16167200
2019-11-19,197.58489990234375,198.25897315059532,195.14630787716936,195.6816004492539,19056800
2019-11-20,195.7906494140625,197.85254461233583,193.72875421578917,196.8513422129747,12355400
2019-11-21,196.20700073242188,197.3569064960922,195.1463230093173,195.70144575703117,12131000
2019-11-22,197.08924865722656,197.5650659483158,195.89968274056503,196.65307650457854,9959800
2019-11-25,198.05079650878906,199.22053232730747,197.51550393147346,197.78315778311097,15272300
2019-11-26,197.23794555664062,198.4076662668738,196.31603344305245,198.25897808369487,11735500
2019-11-27,200.2415771484375,201.37165277087047,197.68403439746598,198.15985173165873,12736600
2019-11-29,199.88470458984375,202.02590522077313,199.45845503998015,199.84505944895685,7985200
2019-12-02,197.96157836914062,200.41998536000102,196.32594791826912,200.37043271830595,11503400
2019-12-03,197.08924865722656,197.1982765694296,193.3818004856772,195.8798677343239,11595300
2019-12-04,196.98019409179688,198.28869534720863,196.32593590111196,198.25895771362823,8456300
2019-12-05,197.62454223632812,199.5377340396137,196.4845592072776,198.12018966216903,9740400
2019-12-06,199.29983520507812,199.81531276903877,198.31844784549213,198.7546200053081,12270600
2019-12-09,199.5873260498047,201.37166002475382,198.46717301699957,198.90333009891077,11954800
2019-12-10,199.1213836669922,200.2911194084233,198.4076501936345,199.90451503751777,9475700
2019-12-11,200.49928283691406,200.8660722022871,198.53652334826828,198.53652334826828,8036800
2019-12-12,195.0372772216797,201.88712880922554,192.41035171100938,200.58853487278247,23734800
2019-12-13,192.4202423095703,195.08682785364928,191.48842273830536,194.69030084143077,18798000
2019-12-16,196.1970672607422,197.38661800925215,193.11413979219375,193.57014206086777,14911500
2019-12-17,196.66297912597656,197.2676695724178,194.42265827366506,197.10905877067222,10175700
2019-12-18,200.73721313476562,202.52154694337764,198.34818884451172,198.34818884451172,23274400
2019-12-19,204.2662353515625,204.50415158534474,200.74713524741477,201.01478911967473,16514600
2019-12-20,204.504150390625,205.90187989475402,201.6591236098735,205.67387116647618,27306900
2019-12-23,204.38516235351562,206.77418654233378,203.8895149347214,204.90063990433006,13348900
2019-12-24,203.3343963623047,204.98985695947684,203.21544581969275,204.50413215983875,6046300
2019-12-26,205.9811553955078,206.0109081576368,203.52274834107865,203.78049468916097,9350700
2019-12-27,206.28846740722656,207.11122883413438,204.79160248082297,206.85349761464175,10284200
2019-12-30,202.6305389404297,206.09014751837975,202.12496899853826,206.05050238860184,10524300
2019-12-31,203.46327209472656,203.77057108431418,201.8276416093914,202.22415350706075,8953500
2020-01-02,207.95384216308594,207.96374966670473,204.47440252196083,204.95021983697868,12077100
2020-01-03,206.853515625,208.56845165508497,205.14848709907997,205.40623346697336,11188400
2020-01-06,210.74928283691406,210.92770864240686,204.72220857183618,204.900634377329,17058900
2020-01-07,211.2052764892578,212.7120488834595,209.90668266717276,210.96737540793467,14912400
2020-01-08,213.3465118408203,214.35763697955275,210.75923127692005,211.14583572320578,13475000
2020-01-09,216.3997039794922,216.47900939550698,214.39728382151253,215.64631009033232,12642800
2020-01-10,216.16175842285156,217.96592235915483,215.52733030671448,217.291833977407,12119400
2020-01-13,219.97825622558594,220.0377314997937,217.30176300451834,217.68836741282854,14463400
2020-01-14,217.153076171875,220.44418277007725,216.72682659039995,219.68088139924777,13288900
2020-01-15,219.22483825683594,219.75022328905106,218.2236359574362,218.689545721998,10036500
2020-01-16,219.8394775390625,220.69199177101737,218.4714857160289,220.6325164962698,10015300
2020-01-17,220.20623779296875,220.35492597036807,218.61025247639355,220.0971947542229,15905900
2020-01-21,219.51235961914062,220.43425667675686,217.21254803831434,220.22609320450323,14275800
2020-01-22,219.39337158203125,220.8109158803091,219.35371131964186,220.37474374977492,12212800
2020-01-23,217.8469696044922,219.56192073379037,217.36124476665748,218.82835703609265,11195000
2020-01-24,216.04281616210938,219.849385004895,214.22874465282248,218.87792022361282,11905800
2020-01-27,212.99951171875,214.17915496687039,210.6501478512568,211.2449307896908,13810700
2020-01-28,215.89407348632812,216.83581558449814,211.661255862369,214.25844322543006,13413800
2020-01-29,221.2867431640625,222.24830037009562,216.54835503324057,219.5123320537504,33181300
2020-01-30,207.70603942871094,209.58949387187724,202.9676505550127,204.7321544388939,48775500
2020-01-31,200.15234375,206.8733215207169,199.30973708992997,206.6155751830227,31359900
2020-02-03,202.4125213623047,203.35424855404304,200.7372304509798,201.66905013841216,15495600
2020-02-04,208.00340270996094,208.7667039889746,203.4137026585634,204.8213395474977,19628900
2020-02-05,208.28099060058594,210.8781786296722,206.89318366732485,210.6600925221653,12538200
2020-02-06,209.0145263671875,209.35156298788317,207.5176614545207,208.63782948172818,10567500
2020-02-07,210.48165893554688,210.9673989072856,208.10254197559698,208.46933139342443,12242500
2020-02-10,211.2052764892578,211.93884011724154,208.82617492027316,209.67868908891847,11856400
2020-02-11,205.38638305664062,209.0244333528046,204.71229469095942,208.36026761626928,25030800
2020-02-12,208.92527770996094,209.3812799539733,205.5945267186927,206.0406214604717,13813700
2020-02-13,211.28460693359375,212.46425035483114,207.35907224095146,207.69612402270548,15396600
2020-02-14,212.31553649902344,213.05900768129823,210.79885649725966,212.13711067573826,10741700
2020-02-18,215.904052734375,216.08247857284684,211.5423456848754,211.69104900956313,15609200
2020-02-19,215.5967254638672,216.41950201628228,214.228733710941,216.09237289597561,12135100
2020-02-20,212.71205139160156,216.8655792462106,211.09623594075467,214.63516582675354,13109200
2020-02-21,208.35035705566406,212.3750270986265,207.0121180018901,211.62163328593365,14092300
2020-02-24,198.97271728515625,201.87720413639323,196.44491221736035,200.0433176124331,23080100
2020-02-25,195.05709838867188,201.72850871686512,194.24422932404505,200.48939011295317,21433500
2020-02-26,195.4833221435547,199.4584237811993,193.7882165875262,195.47341464137563,16524500
2020-02-27,188.0981903076172,194.1748323367813,187.85036660497212,190.15017782597852,21682600
2020-02-28,190.79452514648438,191.06217899708437,180.2372408143527,181.1095700157063,32568900
2020-03-02,194.72994995117188,194.85882311350568,187.2060261645802,192.34092588951376,24949000
2020-03-03,184.27183532714844,195.52304013932957,182.36855065568687,194.51191495806617,27984100
2020-03-04,190.0906982421875,190.1600961433349,184.76744964693935,187.52324816700101,23062500
2020-03-05,183.55807495117188,187.34482873238224,182.2892186883273,185.15406034636916,19333400
2020-03-06,179.5135955810547,182.18018136792298,174.72563924503544,176.77762701445522,24559600
2020-03-09,168.02444458007812,173.47656520067062,163.75196702300315,168.12358009628952,29949000
2020-03-10,176.63885498046875,176.73797540293373,168.02449918050053,173.14949241413558,24517800
2020-03-11,168.75802612304688,174.3489279887689,166.2004838159884,172.49519649384075,20373900
2020-03-12,153.12530517578125,165.14971564244885,152.9964320146646,158.15116182187842,43266300
2020-03-13,168.7976837158203,169.30323863758935,156.22807243704884,162.10644356283814,35028600
2020-03-16,144.73895263671875,157.74475108781604,141.85429617806886,150.9940357178259,39120400
2020-03-17,148.11927795410156,152.5999350106582,138.78128207529338,149.42779444555768,34255600
2020-03-18,145.68069458007812,146.8900603543709,135.9065269708406,138.53345221468916,37553100
2020-03-19,151.79698181152344,158.53777453936144,143.53949408136737,145.3436428023484,39862300
2020-03-20,148.4265899658203,157.88355234458237,146.71165392213462,154.661843728049,32568400
2020-03-23,146.81077575683594,150.98411867363274,141.01169473830404,148.35719332818863,29830800
2020-03-24,159.57864379882812,159.90577292075932,151.24186544509297,153.8588832945832,30440400
2020-03-25,154.85018920898438,161.5711676910729,151.72760107288883,157.53659002543301,35184300
2020-03-26,161.91810607910156,162.57236434633546,155.65313014783945,156.8724186451682,26556800
2020-03-27,155.4251251220703,158.69640141000696,153.4028901241598,156.822854600928,24879900
2020-03-30,164.50538635253906,165.2984253012151,156.68407016221562,157.79431561478617,22515200
2020-03-31,165.34799194335938,169.4420295847573,162.77061915923906,164.03947541807867,23676300
2020-04-01,158.21067810058594,162.72105796616114,156.66424529203292,160.21308298396346,19507600
2020-04-02,156.81292724609375,159.9454224525926,154.56268380888545,157.71500914670497,20886300
2020-04-03,152.8378448486328,156.53538582342665,149.5170159130177,155.7819919969896,25983300
2020-04-06,164.10885620117188,164.75319176700359,157.13013237963017,158.7558552370419,28453600
2020-04-07,167.36032104492188,171.88062340287595,164.5648621453682,170.2945455005244,31411900
2020-04-08,172.76284790039062,173.47658133079966,166.2797868877923,169.75922601656825,21664200
2020-04-09,173.66494750976562,175.53849417465915,170.07646498649927,174.36875838401778,23534300
2020-04-13,173.26841735839844,173.476595928935,167.97490657571132,172.15817198476006,19355400
2020-04-14,176.6190185546875,179.65237866656275,175.08250836457879,177.4219650400709,21011800
2020-04-15,175.429443359375,176.63882423505683,171.3155759570851,173.6649398114376,17423000
2020-04-16,174.7156982421875,176.50003180261834,171.00825046251217,176.40089627805543,23593200
2020-04-17,177.67970275878906,178.71064279610266,175.1221601097714,177.64004249237715,20974800
2020-04-20,176.6884002685547,178.92872119383586,175.23119562271654,175.86562372440423,16110700
2020-04-21,169.31317138671875,173.85330382885846,166.87457928534005,173.72443065197643,24850500
2020-04-22,180.6932373046875,183.17147461150617,176.58927692963414,176.89657593552604,33242000
2020-04-23,183.5184326171875,185.42171704056207,181.5556577930537,182.4775699303214,21426600
2020-04-24,188.41543579101562,188.7524724391057,179.2558651348406,181.63496693142514,28792000
2020-04-27,185.86778259277344,192.0633753458659,185.77856968735904,190.98286759995668,29197800
2020-04-28,181.31776428222656,187.55300290864224,180.97080499676386,187.01771028708674,21731000
2020-04-29,192.4995574951172,195.19588081139872,188.34602947753794,189.26792646662525,45954500
2020-04-30,202.92799377441406,207.86463833916753,199.815328268595,205.11874712075365,46230100
2020-05-01,200.50921630859375,205.47559813020527,197.3172456375188,199.84505056505395,30415600
2020-05-04,203.47317504882812,204.11752577558354,197.02975853702785,198.45722553825703,19250700
2020-05-05,205.26744079589844,208.54862447224508,204.70239544631238,205.21787302604636,21071200
2020-05-06,206.6552276611328,209.75798521785813,204.86098649767018,206.30826843159727,21857000
2020-05-07,209.4209442138672,209.75799595802985,207.2202684404872,209.3218238046091,15152000
2020-05-08,210.50146484375,211.3539790092418,209.0145225871451,210.3924218065606,12506000
2020-05-11,211.32423400878906,213.1283979401851,208.53869783260805,209.05417540242968,12911900
2020-05-12,208.2710418701172,213.40594163272354,208.17190634052415,211.43325955110413,14704600
2020-05-13,203.31460571289062,208.94515391846076,200.3506282880669,207.60689964991752,20684600
2020-05-14,205.00967407226562,205.1286246073233,198.9429547689931,200.79667119478012,17178900
2020-05-15,209.04428100585938,209.50026820601656,202.3431175559014,203.483115808215,19383200
2020-05-18,211.3341827392578,212.7715574590944,209.10376899697167,210.30322747228502,20151900
2020-05-19,214.99203491210938,218.57060997564648,210.97728768832476,211.41345984857227,31843200
2020-05-20,227.9680938720703,229.3261630716245,221.2471155272125,221.554414532137,50162900
2020-05-21,229.37571716308594,235.13513788236287,229.18736871943992,232.67673086362328,47782600
2020-05-22,232.8650665283203,233.93566673401017,226.74877938987345,229.4946551120467,33925600
2020-05-26,230.17864990234375,238.8029116509228,229.6532648675815,237.6827588107858,33178300
2020-05-27,227.1453094482422,228.5529463704739,219.20504286108883,227.07592667175928,34697600
2020-05-28,223.49734497070312,229.61363241933896,222.05004782499321,222.3474393070935,29377200
2020-05-29,223.1305694580078,225.50968633673713,220.93981615980846,223.23961250402408,23241500
2020-06-01,229.89117431640625,230.4165593357448,221.55438164960725,222.6348893213822,18223800
2020-06-02,230.69415283203125,230.97171419695508,224.58777255178694,228.9296491010326,20919000
2020-06-03,228.15643310546875,230.62474767491267,226.5406176115093,230.08945509538248,15380300
2020-06-04,224.32012939453125,229.6136559660789,222.6547611255217,227.56166814251998,17041500
2020-06-05,228.7611083984375,229.33606120551264,223.3486320600808,224.73645387486997,16750400
2020-06-08,229.38563537597656,229.53433868756787,225.43037837858236,227.03627128724105,15466500
2020-06-09,236.59234619140625,237.68277660516696,228.40425596266664,229.50459387983992,27462900
2020-06-10,234.6692352294922,239.11024723031758,233.23186066323433,238.86242350765383,20720700
2020-06-11,222.47630310058594,230.8626644574939,221.60397389010276,227.93834758086746,26708200
2020-06-12,226.59019470214844,229.64338487185313,222.5457096121225,227.89869613147326,22091400
2020-06-15,230.47605895996094,231.73500768933346,222.84309143034983,223.13056028932934,15340300
2020-06-16,233.59861755371094,236.3841686950243,230.97169233929125,235.07565227624718,15236700
2020-06-17,233.4796905517578,235.52175566028157,229.71276684259786,232.95430545591276,19578100
2020-06-18,233.88609313964844,234.08434907073345,230.12907744767057,232.94436612252622,15782500
2020-06-19,236.71128845214844,238.73353839854053,233.49950284758046,235.71999361104298,30081300
2020-06-22,237.13755798339844,238.6046701431826,234.8476692734358,236.48329974456362,18917800
2020-06-23,240.13128662109375,243.0556036069175,237.77199987359415,239.17963684344247,24017900
2020-06-24,231.9828338623047,241.1027438042469,230.65448721701455,239.10032389575963,20834900
2020-06-25,233.62838745117188,235.2342955619814,230.71399299280617,232.57761722029736,18704300
2020-06-26,214.19900512695312,231.06092603450634,213.52491672530047,230.61484635194967,76343900
2020-06-29,218.71926879882812,218.82831182425448,205.30705230117124,207.9240697854468,58514300
2020-06-30,225.0933380126953,225.51958755508608,216.56819590528403,218.66973623252326,33927100
2020-07-01,235.4821319580078,236.9195066930874,225.57908939189207,226.51090911870492,43399700
2020-07-02,231.38803100585938,237.9107526220283,230.58508463591335,236.91945781943653,30633600
2020-07-06,238.18832397460938,238.30727451561665,230.24805771723553,231.72507735460576,26206200
2020-07-07,238.76327514648438,245.49416043715738,236.7410403335655,237.32590065741434,27887800
2020-07-08,241.4596405029297,244.83996011938856,234.53048293332122,236.03725558473903,29791300
2020-07-09,242.37158203125,244.38390929366182,237.15737675477754,242.86722943826686,22174900
2020-07-10,242.93663024902344,243.35297226079538,237.23668499997524,241.5686385489451,22982700
2020-07-13,236.91949462890625,247.97242734468227,236.34454173895932,244.8597617859769,24674900
2020-07-14,237.64312744140625,238.23791044505438,230.0101595663755,234.6989803126721,23378100
2020-07-15,238.18832397460938,242.6888110381981,235.9777407071234,239.44727266211922,19133600
2020-07-16,238.83265686035156,239.6554333868777,234.27270970400994,235.92817026004732,18880700
2020-07-17,239.923095703125,242.0345586123702,235.78939791848782,238.90206319911425,18152400
2020-07-20,243.28359985351562,243.9081204995895,233.58873665026343,237.97025842481224,20872200
2020-07-21,239.64552307128906,244.760607979897,237.99006253468102,244.0766121329838,19364200
2020-07-22,237.7819061279297,239.79423359282484,236.04714002881593,238.1685105392652,15427900
2020-07-23,230.57521057128906,240.30971907894218,229.73260381650778,237.54401283404957,21771800
2020-07-24,228.70164489746094,231.45744341133576,224.92479875703089,228.18616733253234,18325800
2020-07-27,231.4673614501953,232.90473604428718,228.82060585600848,229.44512648952175,13163100
2020-07-28,228.1167755126953,232.91465428162354,227.82930664968208,232.58752515242662,14170100
2020-07-29,231.25917053222656,231.66560505382344,228.30511609365914,229.12789264007753,13588300
2020-07-30,232.45864868164062,232.84525307867406,227.006526857551,228.21590781769854,20615300
2020-07-31,251.46176147460938,253.622792101852,246.83241636433706,253.59305446658362,53005100
2020-08-03,249.7666473388672,253.17668878432048,248.15083195595844,250.45062805293662,23124900
2020-08-04,247.65521240234375,250.59935953342313,245.27609551181612,249.37014838368583,17183500
2020-08-05,246.9513702392578,250.07395811822374,245.61313125623738,248.01206299801274,13050100
2020-08-06,262.970703125,264.27921961993843,246.50529465278117,246.87206891607784,45241600
2020-08-07,266.10321044921875,276.46225445247427,261.13681322492374,261.78114887182363,72766400
2020-08-10,260.7105407714844,271.4759881242458,257.42935729827803,265.70667519444817,30248800
2020-08-11,253.90037536621094,263.6051612054622,252.909080435801,257.9250303635218,28238300
2020-08-12,257.62762451171875,261.60269615659547,255.8630906956138,256.7156199692329,21415700
2020-08-13,259.02532958984375,262.85174340322044,257.3104088778803,259.2731532998424,17374000
2020-08-14,258.9658508300781,260.3635801658666,256.42813849404035,260.02654355504006,14792700
2020-08-17,258.8865966796875,261.8010062968293,257.14190786073965,260.2149283025059,13351100
2020-08-18,260.0562744140625,262.8418103841831,257.00309973841337,258.67839037193426,18690400
2020-08-19,260.3040771484375,265.57777232444016,259.0748813750512,259.1145416344258,23291500
2020-08-20,266.6682434082031,267.2828413890221,259.18394896753364,259.22360923298226,20299700
2020-08-21,264.6856994628906,268.13538685587196,264.10083901697624,266.35106787687636,15538600
2020-08-24,269.0274963378906,274.8364690436469,266.43027868500394,268.7102747578856,23685600
2020-08-25,278.3753967285156,280.6256249023249,267.90732667241116,270.0386043174784,42127200
2020-08-26,301.2644348144531,302.01782861437897,281.5277498480447,281.5277498480447,69015200
2020-08-27,290.6675109863281,298.6077933403888,289.47794492699086,297.5471004668706,30301300
2020-08-28,291.1036376953125,294.64256742942354,288.44697486350793,292.4319691112148,17157400
2020-08-31,290.64764404296875,294.29560160361154,289.0119834406697,291.3911151342261,17345100
2020-09-01,292.8681335449219,298.8654548902185,290.1618878926202,292.1444774615667,17295900
2020-09-02,299.86663818359375,300.9570683728257,290.49889143544044,296.27815631241344,24341400
2020-09-03,288.5857849121094,295.009387165798,281.16099531666765,293.4133865436839,32294100
2020-09-04,280.26885986328125,286.4842689246918,268.779753885079,284.7495025903727,30333700
2020-09-08,268.79949951171875,276.86862339008695,267.07465625372083,268.9184500464888,24864000
2020-09-09,271.3372802734375,276.05585435687937,268.9879158627583,273.36942301001955,22918800
2020-09-10,265.75628662109375,276.7299300973121,264.7055162870741,273.1117092111557,24814700
2020-09-11,264.2891540527344,269.02757334919295,260.353741816169,267.7091340150961,18913900
2020-09-14,263.8330993652344,274.2318021676468,263.3870348658596,268.59133245530916,24093800
2020-09-15,270.04852294921875,272.1302176752278,266.95565798812197,268.31375717626827,18478500
2020-09-16,261.22601318359375,270.0683767325323,259.51109242016884,264.9632142037472,29183400
2020-09-17,252.6017608642578,259.2236031998785,248.01206086978098,256.0316325737268,31281400
2020-09-18,250.33169555664062,256.9436457361105,247.87328848243533,256.1505916786772,28130800
2020-09-21,245.98980712890625,247.77414085618435,242.00481278493712,245.38511667482754,24709400
2020-09-22,252.5323486328125,253.0973939255421,246.0591948416241,251.10488171008313,30293100
2020-09-23,246.85226440429688,255.7441658916591,245.98982754107175,253.03793500420102,19641300
2020-09-24,247.35780334472656,250.04421905053735,243.4818368410572,244.35418115160107,20006800
2020-09-25,252.6017608642578,253.52365781403032,244.46322349269434,247.2289294679709,18351300
2020-09-28,254.58438110351562,257.3401799062247,252.60179116625955,257.14190881173045,18826300
2020-09-29,259.5110778808594,261.0376501133525,254.66363171848434,255.56571362963953,20200200
2020-09-30,259.62017822265625,263.7637844416188,257.8358591600378,259.6994987709962,20142500
2020-10-01,264.3089599609375,265.99414311385937,262.4948733807721,263.04010371853553,20009800
2020-10-02,257.67718505859375,262.84182274311667,256.92379129394055,258.9361186241271,16367600
2020-10-05,262.34619140625,262.56427749613204,258.5693602261399,259.91753703229796,12822300
2020-10-06,256.40838623046875,263.377189356894,255.9920289905563,259.50122200607643,18696900
2020-10-07,255.87301635742188,257.9150812844997,252.60175552330386,256.9535240905326,23133400
2020-10-08,261.4638671875,262.3163660024035,256.8939834586803,257.48876625498326,16312800
2020-10-09,262.14794921875,262.44532558890444,259.88779804981755,262.21731687050624,14107800
2020-10-12,273.3495788574219,277.74100816754435,265.5381699141355,267.8479040582493,31019300
2020-10-13,273.7362060546875,276.6704306794632,271.01014490194666,275.16364297199124,18063300
2020-10-14,269.4538269042969,276.3234943187368,269.1366052288324,275.2033260754507,15577800
2020-10-15,264.3981628417969,266.69797414764406,261.374725658758,265.2705071475953,15416100
2020-10-16,263.61505126953125,269.00769806378014,262.9905306285475,265.0524410067769,16622700
2020-10-19,259.1244812011719,266.21223369649806,257.6177238415861,263.2185339846654,13587000
2020-10-20,265.2308349609375,267.3522203594009,260.5915825452743,260.77000834928066,18763200
2020-10-21,276.30364990234375,280.586021057658,273.9641781096813,277.12641139284636,28998600
2020-10-22,275.698974609375,279.9912991191895,272.64579916463043,277.4337409477791,16720000
2020-10-23,282.3109130859375,282.75697768725735,274.41029068205205,276.3730354317049,17535200
2020-10-26,274.6977233886719,282.7470636277034,271.8725570411759,280.6950758632085,21322900
2020-10-27,280.82391357421875,282.0332944455136,273.90466494967404,276.3333493209198,16287200
2020-10-28,265.33990478515625,276.3630986342593,264.9334702679964,276.3630986342593,23121800
2020-10-29,278.3853454589844,281.13125181160507,271.3967282134318,274.14260431413163,32368100
2020-10-30,260.819580078125,274.2913040530158,256.84450820010375,272.1104432269322,47247800
2020-11-02,259.0848083496094,268.1155201945895,255.0998139298487,262.29662424575497,27165700
2020-11-03,262.99053955078125,267.69919058864355,258.6090327892569,260.8691840773539,17961900
2020-11-04,284.8783264160156,286.42474400302376,276.1945736182633,278.55386026436815,35364400
2020-11-05,292.1147766113281,294.7912849671993,286.4346761422821,289.35897797355784,23823600
2020-11-06,290.8558349609375,292.03547829068356,285.5524012917974,291.3911426677605,13891000
2020-11-09,276.34320068359375,290.03297747871085,276.10529964648913,287.3465774283641,25117700
2020-11-10,270.0584411621094,271.6147812934847,261.70183307109477,270.7226220038531,29067700
2020-11-11,274.0732421875,275.976511574874,270.10806233656234,271.0894346690546,14957000
2020-11-12,272.6853942871094,277.3147548914051,272.04105863712016,274.7671196771608,12899500
2020-11-13,274.5390625,275.34200873781197,270.7225720876857,275.30234848169823,10391200
2020-11-16,276.5316162109375,276.97771101570106,272.23932261444486,272.6556495304327,12970400
2020-11-17,272.6061096191406,275.26277280878617,270.91100373531947,275.26277280878617,15040300
2020-11-18,269.6024475097656,274.9752786275152,269.4735743456771,272.1302371447207,12152900
2020-11-19,270.5639953613281,271.0893803762783,266.8466399955723,268.66069610321836,12963700
2020-11-20,267.3522644042969,270.62352569100193,267.06478039364754,270.1873534858517,18114700
2020-11-23,266.09326171875,268.5913440305697,262.22721796464464,268.53186876142325,20990800
2020-11-24,274.5093688964844,275.4015281647024,265.53813281939904,266.15273075412887,16930400
2020-11-25,273.19091796875,277.74095726511155,270.27650896816573,275.7187377457832,12467000
2020-11-27,275.3915710449219,276.70008727544644,272.4276096494007,274.9752442227903,7808400
2020-11-30,274.5589294433594,275.2825855577572,268.65082074499577,273.62710988582904,16693300
2020-12-01,284.0555419921875,286.7816029719664,276.53161731822826,276.7298883993437,20738900
2020-12-02,285.01708984375,289.24001566629744,278.3853247499967,282.8758892964831,17361600
2020-12-03,279.39642333984375,284.1546259028688,278.6232146670543,283.7581140646024,12921700
2020-12-04,277.26519775390625,280.9924460351421,276.86865558933414,277.8599504969249,10880300
2020-12-07,283.0939636230469,285.9786352022847,275.7782332052152,276.759605404161,13007700
2020-12-08,280.9328918457031,283.9365133618974,279.09899073142617,283.5201865587322,10747700
2020-12-09,275.5007019042969,285.1261672616319,269.38439883876845,281.190725155916,25189700
2020-12-10,274.7076416015625,276.30364214337,269.4934206756961,273.1414089490046,20065100
2020-12-11,271.1686706542969,274.0731873049459,267.8974100331047,272.1401504139316,14391400
2020-12-14,271.8031005859375,274.8067223651834,269.195990642688,270.9902316584008,16376900
2020-12-15,273.1512756347656,273.6766606794515,265.1416267975304,272.43754215406807,23979500
2020-12-16,273.2702941894531,275.4412023141703,270.13779849415783,272.3682121480805,15885000
2020-12-17,272.09063720703125,277.99874638748975,271.2281852255585,274.65808738822363,16377800
2020-12-18,273.9939270019531,275.58000502369697,268.77973596741606,273.3694063229228,26693200
2020-12-21,270.4153137207031,272.2789527626678,265.45883978012307,270.6036621505985,16553700
2020-12-22,264.7649841308594,269.1365988136433,262.3264068441914,269.1365988136433,17312900
2020-12-23,265.7760314941406,269.80071617130704,263.91242270147467,264.5666808927801,14329000
2020-12-24,265.0722351074219,268.0461196379881,263.88269944634607,266.539362366525,6702000
2020-12-28,274.5887145996094,274.8860909984067,263.34743294623155,266.4006082309336,23299700
2020-12-29,274.3705749511719,278.0681154649613,273.8749275486116,274.53910837888566,16383000
2020-12-30,269.5032958984375,275.65922775816074,269.3446851099402,275.53038485367665,11803800
2020-12-31,270.7820739746094,274.67785503035066,267.4612305554548,269.6321684495214,12900400
2021-01-04,266.5988464355469,272.6060909653944,262.89141327903155,272.3880048825454,15106100
2021-01-05,268.6111145019531,270.0286586014506,265.87513156715966,265.95445208081543,9871600
2021-01-06,261.017822265625,265.41917344429424,257.7465616404671,259.7192285430629,24354100
2021-01-07,266.4005432128906,269.24555432407766,262.4750244472199,263.5852697343255,15789800
2021-01-08,265.24078369140625,266.6087754939091,260.88898455886226,265.97433223689694,18528300
2021-01-11,254.6041717529297,261.17646160643693,253.67235215141747,258.21249961443124,30412300
2021-01-12,248.9042510986328,257.4591315544968,248.1211347255168,254.3960337186707,26383500
2021-01-13,249.44943237304688,251.73932102815726,247.03067054871875,249.36021946787713,19528900
2021-01-14,243.50167846679688,252.809936966483,242.48064593056202,251.19412144026523,29739400
2021-01-15,249.171875,251.65011213394098,245.008439640171,245.7419881512037,24942900
2021-01-19,258.8271484375,259.9175790632424,250.52009092310539,254.6636970490017,28028500
2021-01-20,265.1515808105469,267.96685480321304,261.3053516121977,266.588940318972,25199900
2021-01-21,270.4945983886719,271.21825445969336,265.1614276987964,266.91603879863516,20838700
2021-01-22,272.1104431152344,276.045884978016,269.6322059283925,269.6421285577539,21954000
2021-01-25,275.5898742675781,277.6616767485915,269.14645813213235,275.7187474305936,19087000
2021-01-26,279.5946960449219,282.905647414727,275.39161562612856,275.71875986267514,19373600
2021-01-27,269.77093505859375,280.9824749008099,265.7859112858123,280.07047053060734,35346200
2021-01-28,262.6931457519531,284.2934698675285,262.39576938583184,274.76711024718605,37758800
2021-01-29,256.0811767578125,264.23954399219105,252.63149015597307,262.9905028421915,30389500
2021-02-01,259.72918701171875,261.870387630748,252.69098715556086,257.2608421338814,22914300
2021-02-02,264.7550354003906,266.5096467798123,260.9782041542652,261.7018603405953,17320800
2021-02-03,264.3287658691406,266.8565858893887,261.5432297590339,263.30773338307216,14223400
2021-02-04,264.170166015625,265.82564179565304,261.70185141583977,264.6856587205512,16060000
2021-02-05,265.7660827636719,266.826775223993,263.3572441964044,264.47738165942167,12454400
2021-02-08,264.2593994140625,267.51084570093855,262.6931666745466,266.4105228067336,13755200
2021-02-09,267.10443115234375,271.01013559908193,263.43662780833625,264.12062373060746,14613400
2021-02-10,269.5032958984375,271.41648748458033,265.38942878125584,270.07826378822955,14687200
2021-02-11,268.0362243652344,271.19842705014383,266.15273998135564,269.52316661445394,12828600
2021-02-12,268.145263671875,268.8193369263752,266.0040631117695,268.1650786786831,9097600
2021-02-16,271.58502197265625,274.19213198727215,267.6991332689265,268.4426043262391,15417200
2021-02-17,271.1885986328125,271.58511060907136,267.23331074573196,268.87886418653466,12763200
2021-02-18,267.044921875,269.5826341540799,263.71415560125973,267.22334767932983,15249100
2021-02-19,259.2831115722656,267.91728234501386,257.8853820254984,267.5108477745137,25622600
2021-02-22,258.0638122558594,260.77998110839724,255.2881983758087,255.7045555837775,17434900
2021-02-23,263.5456848144531,265.1317629288438,252.74059005475976,257.24106288095317,21924600
2021-02-24,262.0091247558594,264.061112241261,256.1406765125581,260.046350171747,15736100
2021-02-25,252.47286987304688,264.6162309249058,251.8285191906388,260.01660862597595,19053100
2021-02-26,255.3773651123047,263.23832572593903,254.2373821267223,254.2373821267223,26619500
2021-03-01,262.60394287109375,264.3287863643085,255.6549557487879,258.549550247898,22157300
2021-03-02,256.7453918457031,264.3882674335836,256.398432563095,263.4663703912783,15191700
2021-03-03,253.1865997314453,258.7180112130726,252.8793007742391,258.02412302824894,15513500
2021-03-04,255.39723205566406,264.17016770191015,251.29325665679738,254.2374037140958,31626500
2021-03-05,261.97943115234375,263.13925956786613,253.38490565331423,258.4008708631088,26820100
2021-03-08,253.08750915527344,263.2680973162432,252.82977791576698,263.23835967806787,18391800
2021-03-09,263.4266662597656,266.19238717808435,257.548295450208,258.90636446418875,22039700
2021-03-10,262.5940246582031,266.6286023414046,260.58169713163056,266.30148832067624,14210300
2021-03-11,271.4958190917969,275.4808132153141,265.4885751472502,265.77602885197024,21834000
2021-03-12,266.06353759765625,267.3918690959222,261.72166121793634,266.79711637424987,20600200
2021-03-15,271.36700439453125,273.5577578590137,266.1627056801156,266.7376434653385,16844800
2021-03-16,276.8488464355469,279.6839656622003,272.40783426494863,273.6766905634166,22437700
2021-03-17,281.53765869140625,283.7383344580266,273.0125169715293,273.3098933243491,21315000
2021-03-18,276.194580078125,282.7073948287662,275.85754344250125,277.4336987025886,18728300
2021-03-19,287.5845031738281,290.2510884508248,278.75209364143296,278.77190864559003,38930500
2021-03-22,290.9846496582031,297.1009209099775,284.2537502914889,287.9215527185959,28273100
2021-03-23,288.10009765625,295.40593764976325,287.28722841970466,290.59815039937365,23000900
2021-03-24,279.6839599609375,289.1805518720229,278.71248006006977,288.46681832793877,18675000
2021-03-25,276.3134765625,285.5523504792906,275.33210448455355,278.53399727437875,24505600
2021-03-26,280.5562744140625,282.0234017709081,275.3519761388524,275.87736123084443,17629200
2021-03-29,288.2884216308594,290.62786332998365,282.2217010191801,283.28236368680797,21718800
2021-03-30,285.492919921875,289.92400915990584,284.20424870355055,287.30697620636784,17474500
2021-03-31,291.96612548828125,293.91897791757447,286.0976455694347,287.465637558229,19498200
2021-04-01,296.06011962890625,299.7675526384254,294.0180546849759,295.8023732906898,17616000
2021-04-05,306.22088623046875,308.0646800732676,298.0625189777315,298.2707126711446,28237000
2021-04-06,303.5939636230469,308.63965066599314,302.59274616641994,306.1514909677622,17335200
2021-04-07,310.3645324707031,311.5144382436948,302.84060742545347,303.6732915537741,22855200
2021-04-08,310.2951354980469,313.13025479645944,307.35098827565594,312.10922220428597,20894100
2021-04-09,309.739990234375,312.00014135434753,307.62852729625877,308.68922008003193,15988600
2021-04-12,308.8280334472656,309.43270883850846,305.24944299017716,308.3422783563518,10881900
2021-04-13,307.0634765625,311.69280618114584,306.62730444507133,309.4921305893615,14036900
2021-04-14,300.1839294433594,305.3485674115409,299.32150771904355,304.62491124248805,17421400
2021-04-15,305.140380859375,307.44019211811167,301.4527628934411,303.67325362495666,14558300
2021-04-16,303.5146484375,306.2605545198828,301.9583082701033,305.4873457507172,13059200
2021-04-19,299.6089782714844,305.0214705207689,297.9436100033605,302.35488466496423,14553500
2021-04-20,300.0153503417969,302.4440345825293,294.6227044761672,299.3610921759027,16796400
2021-04-21,298.8456726074219,299.3512426834739,294.80120275476366,299.3215050467602,14863500
2021-04-22,293.9387512207031,300.2830627469146,293.46294903258087,298.7068772430014,16375400
2021-04-23,298.5086669921875,299.95594921584023,294.5633020173308,296.1593026919247,17536800
2021-04-26,300.4020080566406,303.1379613464025,298.9348807476967,300.6993844190325,16172600
2021-04-27,300.9273986816406,302.6819797559511,298.48879145737527,301.6312095868947,15309300
2021-04-28,304.4266662597656,308.2134199936871,302.71171521224556,304.6843823594291,33907200
2021-04-29,326.6416015625,328.92156779722495,318.81034742600906,327.2462769479481,56526800
2021-04-30,322.2501525878906,326.9489112739997,321.67521482139733,323.30095307824286,26332400
2021-05-03,319.77191162109375,325.6899436819477,319.0383630387981,323.3306871128496,18719500
2021-05-04,315.588623046875,319.3852993731885,310.3942475633502,317.2341761756683,24032600
2021-05-05,312.27764892578125,318.26507744993745,311.75226393909975,315.42006647006315,15577600
2021-05-06,317.234130859375,317.45221691160214,310.54289138430175,311.7820098056116,19012200
2021-05-07,316.3023681640625,320.12878226692106,315.9752541529607,319.5736595346805,15916700
2021-05-10,303.3064880371094,311.84152221893976,302.1763973813296,311.61354376348527,24239200
2021-05-11,303.8616027832031,304.1689017601003,297.08114978173637,298.1319198805301,18920100
2021-05-12,299.9162292480469,302.3052533431608,295.5941984466041,298.5086075749561,24645500
2021-05-13,302.60272216796875,306.17135997571603,300.1343770402389,303.41556107862255,18079200
2021-05-14,313.189697265625,314.09177920917216,306.389398865007,306.8454162772955,19245700
2021-05-17,312.7138977050781,312.93198380502577,308.8676684434134,310.82052071278764,15401300
2021-05-18,307.26171875,313.7447950229054,307.1130305847325,312.8427131510615,14522400
2021-05-19,310.8601989746094,311.92089189720036,300.9274338517154,301.54203191843607,19106200
2021-05-20,315.8364562988281,316.47089956123494,310.43391719826906,310.8502441187937,17320200
2021-05-21,313.4771728515625,317.14494554649013,313.0608157149479,316.5105325905979,13600900
2021-05-24,321.8041076660156,323.1126243548416,315.261554473809,315.43998031721526,16445400
2021-05-25,324.9365539550781,326.31443809358075,321.97256172204254,324.2327128158944,16437000
2021-05-26,324.80767822265625,326.9587711328472,322.9836993061915,325.4916740978203,9686900
2021-05-27,329.85333251953125,330.874364915751,323.9154865674109,325.1446823934072,20477700
2021-05-28,325.86834716796875,329.97229186707585,325.47180505048374,328.1185754503067,12037400
2021-06-01,326.264892578125,328.5349663508822,323.7965779781596,327.2760024770691,11765900
2021-06-02,326.2846984863281,328.9810217269072,324.2723711221696,327.50400205992975,11654300
2021-06-03,323.2017517089844,324.53008305587247,320.66403954598695,322.94400539102026,12610800
2021-06-04,327.47430419921875,329.56592209571414,322.3492958182066,323.06302941716547,13289400
2021-06-07,333.6499938964844,334.7503468667708,326.0665946490602,326.6118249458043,20136700
2021-06-08,330.77520751953125,335.3549841833115,329.3477407344681,333.7689368682755,14580500
2021-06-09,327.3751220703125,333.86809119455836,327.1272983594341,332.81732108058753,13727900
2021-06-10,329.5658874511719,331.03301476478316,325.6899208387667,327.91044194205926,13240200
2021-06-11,328.3763427734375,329.932652701607,326.06660882425405,329.6848289882906,13587900
2021-06-14,333.83837890625,333.887961803341,326.9389747420912,329.0107774921073,12250800
2021-06-15,333.8185729980469,336.96099128707715,332.1135444811946,334.0564741044241,15795200
2021-06-16,328.1979064941406,334.61158579150225,325.8584650203184,333.76900931696525,17232200
2021-06-17,333.5806579589844,335.0378626785236,327.2760066360262,327.61304327329054,17794100
2021-06-18,326.790283203125,333.2237774793998,326.136024933211,331.6178845677562,23039500
2021-06-21,329.3973693847656,330.02188997148664,324.79774682676305,328.20780348130495,11337500
2021-06-22,336.0787048339844,336.9609718056598,329.70468596146765,329.79389887120124,15345300
2021-06-23,337.62506103515625,340.43044200043016,335.25588241355655,336.3958652776023,14817800
2021-06-24,340.19256591796875,341.8975943029009,338.8146817809146,338.87415705290726,12329100
2021-06-25,338.39837646484375,341.12443777248404,336.7230854592673,339.607757600492,14594400
2021-06-28,352.5440673828125,355.02230417325995,338.7947842578023,339.4787800321189,29156100
2021-06-29,348.8268127441406,353.63456930188124,346.01150831701534,353.1686594409052,21417300
2021-06-30,344.6831359863281,349.8478041184627,344.1478585298199,349.1043329547267,15107500
2021-07-01,351.3049621582031,351.5825234790626,343.4836320334063,343.80085361493576,17137000
2021-07-02,351.6123046875,353.33714809146704,349.5503944039377,352.00881658759465,11521300
2021-07-06,349.708984375,355.6666759065299,346.14031698296947,353.3966023047787,13488500
2021-07-07,347.4389343261719,353.386703632117,346.95320951346713,352.1674302856265,14218900
2021-07-08,342.64105224609375,345.2977151324137,339.5779548488796,342.7203727736386,14406500
2021-07-09,347.3695373535156,347.65699106432334,342.2643449286511,342.31392781983334,13018700
2021-07-12,350.0857238769531,351.106756452849,346.59637658645624,348.17253190738757,10018600
2021-07-13,349.0249938964844,355.36927477322456,345.76362542747296,348.4401335756202,11456000
2021-07-14,344.60382080078125,352.1079297982053,343.711661519161,351.47348659674924,13894200
2021-07-15,341.4613952636719,346.18989077833317,337.25831503012074,346.18989077833317,14781600
2021-07-16,338.1900939941406,342.9780339499707,337.1789843191966,341.9074490148484,11026100
2021-07-19,334.016845703125,336.832119732579,331.627821241965,334.6314437321854,14372300
2021-07-20,338.685791015625,340.4602172096877,331.5881164912914,335.85067210625715,11024300
2021-07-21,343.216064453125,343.5035182097744,338.27940466793854,338.52722840762203,9279700
2021-07-22,348.1328430175781,348.47980226768016,342.20488888598493,343.66209353487886,12385400
2021-07-23,366.5708923339844,372.0626434415521,354.0805724928568,357.76819015543896,33694300
2021-07-26,369.2177429199219,371.1805179940251,365.0146616219209,366.36280835828956,14925200
2021-07-27,364.6081848144531,369.9016960963588,361.3765536706244,368.67250006703915,15705400
2021-07-28,370.030517578125,374.2633354358964,363.73578961843754,371.2993736977979,29676900
2021-07-29,355.2008056640625,362.3381109905446,353.6345427376173,357.8574688091655,33413200
2021-07-30,353.1983642578125,357.58982369964633,349.86762788183586,350.91839806606083,15976200
2021-08-02,348.8862609863281,356.2713900270993,347.6867723455861,354.9827187252499,13180400
2021-08-03,348.1824035644531,350.69037839785096,344.673241474728,349.6594535052351,12406100
2021-08-04,355.79559326171875,357.3420109483392,348.45009412431125,349.35217615015995,14180600
2021-08-05,359.8103332519531,360.7322303053442,353.7931655774242,356.5093343422309,10247200
2021-08-06,360.3456115722656,361.9713194447513,358.25396364410295,358.25396364410295,8925000
2021-08-09,358.4621276855469,362.59584065348304,357.60962860812293,360.59343588294473,7798900
2021-08-10,357.9862976074219,360.93044438701185,355.91449509614256,358.6801858194568,7469900
2021-08-11,356.8264465332031,359.2055478614427,354.6951688902367,358.9478318000606,8400300
2021-08-12,359.49310302734375,359.84006230584646,354.0013206031575,355.32968244107315,7170700
2021-08-13,360.0185241699219,361.48565171493726,358.3333407586783,359.81036068275256,7195700
2021-08-16,363.3690490722656,363.75566859668425,354.2689693273235,359.36420928344654,11222100
2021-08-17,355.3296203613281,361.49547500530264,351.9790392177138,359.82018443349546,12328700
2021-08-18,352.3557434082031,356.72732678810877,352.05833682157106,353.14876713538985,10042400
2021-08-19,352.0286560058594,354.45734072172434,347.94452567302466,348.29148495413693,12004500
2021-08-20,356.24163818359375,356.85623617233426,350.23439359725023,351.5131724701607,8697700
2021-08-23,360.1869812011719,362.50660746457834,355.97397818922514,356.3110147999508,10942000
2021-08-24,362.3282165527344,364.75687096002576,358.69015087883326,360.49431489699504,9235100
2021-08-25,365.18316650390625,367.63163602444916,362.21917398865673,362.4174450823312,9684500
2021-08-26,361.2080383300781,366.2239880737597,360.96021460656846,365.17321790623237,7888700
2021-08-27,369.38616943359375,370.4864920908366,360.91058112633107,361.9217211377598,11219100
2021-08-30,377.34625244140625,378.16901374968154,367.2945094411481,369.31675914421385,13547300
2021-08-31,376.0774230957031,379.4280043335616,375.50245517516845,376.6424683877028,12345400
2021-09-01,378.72418212890625,380.984333157656,375.51239652276655,376.28560528913044,11567200
2021-09-02,372.0130615234375,378.4267392307583,370.8036808192902,378.1789155639405,14832900
2021-09-03,372.984619140625,373.8767784772449,369.862016084577,371.48775419959367,7509600
2021-09-07,378.8530578613281,379.62626663292235,369.9016665912914,372.60791241783016,10793800
2021-09-08,374.283203125,377.5544640235521,371.5274046568623,376.85065315181134,11067200
2021-09-09,374.7094421386719,376.52349834929333,373.2918978058561,374.3525905242219,9098900
2021-09-10,375.3934631347656,380.4490731082647,374.9672135938655,378.04020354167477,11549600
2021-09-13,373.2324523925781,378.4268279867525,371.0912517788471,378.35743008330803,13026300
2021-09-14,373.2522888183594,375.2943540089102,371.8446366690672,374.1147105903398,8711600
2021-09-15,370.6650085449219,374.27330631053246,364.4694153158542,373.7181835773616,17940300
2021-09-16,369.8124694824219,370.30811692774245,366.4916255483903,369.5448307526397,11934200
2021-09-17,361.5450744628906,368.17683971497365,358.4423166085418,368.17683971497365,26299000
2021-09-20,352.6036071777344,357.88719567110746,346.7549430803481,356.17224460756535,19822800
2021-09-21,354.3681640625,356.90587696102074,352.09808993580305,355.3792741190918,11751900
2021-09-22,340.2222900390625,346.7945796004399,337.7242379588481,344.20731461578043,43692900
2021-09-23,342.94842529296875,346.6261516912537,340.0142004303476,342.35364221559206,21806300
2021-09-24,349.887451171875,351.2653656500242,339.38964145891316,340.2520632105395,18801900
2021-09-27,350.5020446777344,352.05838496337213,344.05862769451767,346.76487371815995,15205800
2021-09-28,337.68463134765625,346.5567335840848,335.96971038098803,344.94091791460124,21710300
2021-09-29,336.6536865234375,342.2247899359048,335.93006052156835,340.1628793575019,14452200
2021-09-30,336.43560791015625,339.81589707106764,335.2063815997219,337.4863781379668,16547100
2021-10-01,340.0240783691406,342.0165605763661,335.69212443224353,338.6362412870357,14905300
2021-10-04,323.3901062011719,333.0155700215492,319.89083684616867,332.60913553248565,42885000
2021-10-05,330.0615234375,332.26219920558924,323.3207305857964,325.7196471719252,35377900
2021-10-06,330.7356262207031,331.4691747245333,322.96384802328623,326.8695521281811,26443000
2021-10-07,326.3540954589844,335.89034718472595,326.1161943728777,334.0663682700986,28307500
2021-10-08,327.1768493652344,330.4976931247865,325.84851791179705,328.6241616109095,15946100
2021-10-11,322.6169738769531,327.58334131762484,322.47817805429816,324.7779897434607,14708200
2021-10-12,320.9515686035156,321.55627427951157,314.6072867063975,320.2180199902008,31658700
2021-10-13,321.71484375,324.15342064578897,319.8512045646959,324.1236830099349,14761500
2021-10-14,325.67010498046875,327.6427721065974,324.25256056573227,325.5015715404052,14302200
2021-10-15,321.93292236328125,326.2054007094238,319.70250897020327,325.8187812003698,21596400
2021-10-18,332.4208068847656,332.96603719606185,324.6490589958284,326.0864486097068,21585000
2021-10-19,337.0303039550781,339.4788032818057,334.34390356078706,336.6932673587245,18786300
2021-10-20,337.8135070800781,340.9856631638522,336.4950980479875,340.46027802674394,13639500
2021-10-21,338.9038391113281,339.33008857467996,334.85933976758366,337.3177615304855,16354400
2021-10-22,321.7841796875,326.7604987774042,318.3146480041585,323.5090531528066,35224500
2021-10-25,325.8286437988281,326.6910653116191,316.9367294999241,317.5116670911474,38409000
2021-10-26,313.06085205078125,327.33549311220946,306.90491895434997,325.4024861336373,65654000
2021-10-27,309.5020751953125,316.47087668883006,309.3434643911741,311.4549272341347,29971800
2021-10-28,314.16119384765625,322.68630580861134,305.42785792385024,310.2653818889196,50806800
2021-10-29,320.7532958984375,323.1621352287927,316.81785396180146,317.4027143186417,37059400
2021-11-01,327.10748291015625,330.54727722256507,323.16211854762673,323.20177881185055,31518900
2021-11-02,325.22406005859375,331.8756714897865,320.9813185412225,328.495351808014,28353000
2021-11-03,328.7332458496094,329.25863099399135,320.38655881984874,324.6391926245561,20786500
2021-11-04,332.92645263671875,334.33407468373866,329.754296337419,331.10247335279496,22495300
2021-11-05,338.160400390625,343.7711325959284,336.6833808173762,337.3475313931403,26872800
2021-11-08,335.6722412109375,341.7885434537286,335.3946798762904,341.4217692170789,18342500
2021-11-09,332.45050048828125,338.33879345813114,331.5583413038614,337.0401998142938,17556700
2021-11-10,324.7878723144531,330.2895468537602,322.67640935822544,329.59562832992003,21872600
2021-11-11,324.8869934082031,329.5659067272054,324.15344483445233,326.94890382100857,12376600
2021-11-12,337.92254638671875,338.88407343601807,326.9092438798421,327.3057558051871,25414300
2021-11-15,344.5344543457031,350.57143667963453,340.2124230860424,341.3424835453799,25076600
2021-11-16,339.9745178222656,343.632398718103,337.90271494458875,340.83693961443635,18181100
2021-11-17,337.8035583496094,344.2767129547134,337.1394076955589,341.2433529254867,13602800
2021-11-18,335.74163818359375,339.47880868836324,332.38113429115987,336.7626706173694,17487200
2021-11-19,342.29412841796875,349.0349521165506,336.94114182774706,339.2211383258241,26488500
2021-11-22,338.04150390625,350.74988229883314,337.5458564263731,346.011493601287,27116800
2021-11-23,334.314208984375,338.42807681771274,330.59685306534936,335.9795771756377,17225000
2021-11-24,338.0910949707031,338.8048286329041,329.91291062344874,333.0751443245411,13566200
2021-11-26,330.22021484375,334.8099159410741,329.0108336264247,332.87687841888254,14750700
2021-11-29,335.0874328613281,337.70446606683015,332.3911093701691,333.95737234216773,16650900
2021-11-30,321.6354675292969,332.8866683420481,320.6144352058721,332.0837220610982,25390000
2021-12-01,307.8962097167969,327.62297267144055,307.588910710239,327.41480920775433,30329600
2021-12-02,307.6880187988281,311.8613615896398,304.52578585047945,308.6892060123132,24396200
2021-12-03,304.1689147949219,311.0187659884353,296.89281406704816,310.9989509816925,27471000
2021-12-06,315.1029052734375,317.3135037928877,303.6732762774191,305.4477026203686,21758300
2021-12-07,319.9999694824219,323.69751110387506,318.2057277678104,318.7707732364584,18794000
2021-12-08,327.68243408203125,329.85337229580705,320.25764508948055,322.1708369530798,19937700
2021-12-09,326.9488525390625,333.20392019867387,325.1446887738211,326.67129120994196,16879200
2021-12-10,326.87945556640625,332.1134908245347,323.5288743506199,329.6649914939151,14528000
2021-12-13,331.5782165527344,338.120768847072,326.72087766442525,328.0690544396318,22948700
2021-12-14,330.834716796875,332.77767638581724,324.79773509646463,325.194246965992,20461000
2021-12-15,338.685791015625,339.1318555324003,321.1597059007008,329.59560422727736,24681300
2021-12-16,331.9846496582031,341.46142630217054,330.8347439657992,336.0291497145093,22635000
2021-12-17,330.8843078613281,334.17538368642465,327.8707631250314,329.9029054140039,40012600
2021-12-20,322.6169738769531,327.0282185308509,319.7223791299833,326.90926796967403,17901800
2021-12-21,331.2907409667969,333.0750595421487,320.9316979963412,323.5685458479466,16116800
2021-12-22,327.5733947753906,331.5980494399973,325.40245663710306,330.89420831620754,16764600
2021-12-23,332.3216857910156,333.73926046044926,325.50157217835203,327.2264458403401,13987700
2021-12-27,343.16644287109375,344.841733582663,335.06758091224634,335.90026495348917,17795000
2021-12-28,343.2061462402344,349.63964092460617,342.19503626000375,343.6125808087769,16637600
2021-12-29,339.9547119140625,346.64595320724465,338.66604050651506,343.8901542995369,10747000
2021-12-30,341.3622741699219,344.2073157522339,340.2322137913024,341.0054225509634,10593300
2021-12-31,333.4220275878906,340.4503044176008,333.3427070591163,340.03394727133025,12870500
2022-01-03,335.5929870605469,338.1108543487535,334.2547328826255,335.3550557110125,14537900
2022-01-04,333.6004943847656,340.10338695496097,328.9810562034639,336.9907364863114,15998000
2022-01-05,321.34808349609375,332.8371878445383,321.0209392355223,330.1210192265055,20564500
2022-01-06,329.5658874511719,336.2174978797131,319.9106849971609,320.0098205355799,27962800
2022-01-07,328.9017333984375,334.0663712007667,326.01706169641426,329.8434453738167,14722000
2022-01-10,325.2141418457031,325.4817805917903,312.6841591437298,322.4781581002386,24942400
2022-01-11,331.4592590332031,331.71700537861085,322.4483923442952,323.9353346411827,16226800
2022-01-12,330.35894775390625,333.44186036917864,327.15705433912973,332.2622170190989,14104900
2022-01-13,323.63800048828125,332.70834363177676,322.9242668826204,332.0640079361479,14797100
2022-01-14,329.0107727050781,329.8335644167679,318.4138277573684,318.9887957429694,16868500
2022-01-18,315.3804626464844,321.38770724912837,314.8749228247817,320.4757328930127,22645600
2022-01-19,316.8078918457031,324.25252524740955,316.5501455249458,316.7979692173923,20814700
2022-01-20,313.8042907714844,324.966280302167,313.22935307761765,321.080391235349,16925000
2022-01-21,300.5309143066406,315.53910466818434,300.4020411181144,312.0695722161433,28710700
2022-01-24,306.0226745605469,306.83554373052056,286.4941809831775,295.24730262476083,38878100
2022-01-25,297.5371398925781,303.56422945511866,294.98950489574133,297.3388990759173,25108500
2022-01-26,292.06524658203125,304.83313084274204,288.3181527448159,304.3374833497139,28348800
2022-01-27,292.0751647949219,299.0835972488767,291.69846786561044,295.15807763400534,21629900
2022-01-28,299.08355712890625,299.27190556829635,290.4791251947652,293.0465751951822,21871600
2022-01-31,310.5330505371094,311.0584356248489,296.7143971894849,298.0625437346582,21579500
2022-02-01,316.22308349609375,316.87734178183337,309.40296951956975,311.8217315752421,18023800
2022-02-02,320.1882629394531,325.1447375979586,314.11162016781816,324.96631177071333,58458300
2022-02-03,235.6902618408203,245.84112671168018,233.6977646059621,242.52028286095725,188119900
2022-02-04,235.02610778808594,240.49805995464288,228.1068735160375,232.92456740840566,89342200
2022-02-07,222.95216369628906,236.2256032374625,222.05998911424538,235.63082018276674,88613800
2022-02-08,218.26329040527344,223.80464005138572,214.26837341391084,218.927471258292,94729700
2022-02-09,229.9804229736328,231.33849218278192,220.27565229753864,222.24831952087897,86563300
2022-02-10,226.08462524414062,232.9542913411008,224.72654100471263,226.28288119030293,49310400
2022-02-11,217.6387939453125,228.41416445140362,216.86558514893198,226.471234956997,46156900
2022-02-14,215.8048858642578,219.0761618951234,212.9103067167767,217.4008711781249,38184000
2022-02-15,219.07614135742188,219.22482952062984,213.18784807906465,218.55075634614357,42685500
2022-02-16,214.65499877929688,215.56700343123342,210.51139320740756,210.5609609793981,45817500
2022-02-17,205.90185546875,215.60662518366414,205.3566402879214,212.15692341599396,38747500
2022-02-18,204.36538696289062,208.91542751919894,203.39390694304603,207.56726567370444,37128400
2022-02-22,200.32086181640625,205.673847868195,198.31844201699187,200.57859302783234,39852400
2022-02-23,196.72247314453125,205.13857243054682,196.32596122833482,202.38277377288952,44481400
2022-02-24,205.79281616210938,206.53628729690607,188.56410689144704,189.3967909321892,49957200
2022-02-25,208.64773559570312,209.48043476464565,201.4112801723448,203.15596878731102,37627600
2022-02-28,209.19296264648438,211.29450300532383,205.02952706959343,205.87211866348667,34239800
2022-03-01,201.71859741210938,209.9066875471143,200.45964869899032,208.0430483616429,27094900
2022-03-02,206.29837036132812,207.32931034252405,200.2613883982864,202.99735671935014,29452100
2022-03-03,201.203125,207.25993738193364,199.66661489556296,207.20046210869705,27263500
2022-03-04,198.31846618652344,204.09771758664783,197.05951735897975,200.60835511137336,32130900
2022-03-07,185.83804321289062,199.1412180323185,185.6496947748115,199.0420824988162,38560600
2022-03-08,188.63348388671875,194.98768728769406,184.489878816178,186.21473724141336,37508100
2022-03-09,196.7720489501953,197.36683197473633,192.2319162323501,194.03608031442005,31894700
2022-03-10,193.51071166992188,194.57138949862542,189.40675080392904,193.14392221898237,24853000
2022-03-11,185.97682189941406,191.8750230568434,185.0450023478886,190.96303363699852,34694500
2022-03-14,185.00538635253906,190.61610442525557,184.20243984151935,185.40189829285765,31010500
2022-03-15,190.3583526611328,190.60617637861344,184.29163289751435,189.1390642063968,31721700
2022-03-16,201.85740661621094,201.9565270410888,192.82670851974942,193.0051343601064,40640300
2022-03-17,206.0307159423828,206.22897188521705,199.3593059035766,199.94416622902315,29499700
2022-03-18,214.6054229736328,214.91272195046668,204.20673477217082,204.90063812727288,52128000
2022-03-21,209.64895629882812,212.8409269719916,205.82255751754292,212.63274839506389,30142300
2022-03-22,214.76402282714844,217.5495740565906,208.3503439487697,209.52998723836356,31998800
2022-03-23,211.601806640625,214.91272782980164,210.3131203024904,211.47293346902381,23717300
2022-03-24,217.65863037109375,218.74904569512475,212.9202267914641,213.12840537772053,31502300
2022-03-25,219.88905334472656,223.53701150483215,216.9845512720911,218.59044425279404,40039000
2022-03-28,221.64361572265625,222.08969538769563,217.6288684853834,220.19633368710993,26224100
2022-03-29,227.8590545654297,228.88008713930483,223.32882944801673,224.10205341388328,31417900
2022-03-30,225.86651611328125,229.13777670598705,224.73644069693836,226.9172861340614,25588000
2022-03-31,220.42431640625,226.50095848284667,220.3251808740348,226.46129821957717,24192300
2022-04-01,222.89263916015625,225.3014782348387,220.76134629011395,222.59524769852732,19544800
2022-04-04,231.85397338867188,232.3099757174328,223.89387621416836,224.01282676690582,28054800
2022-04-05,229.82180786132812,234.7981125352081,229.00895390219355,232.04231390079502,29727200
2022-04-06,221.3561553955078,226.99662582724713,219.4826086293868,224.9347306089512,28995100
2022-04-07,221.00917053222656,223.55680540444948,216.6573870066658,221.98063519171617,21037200
2022-04-08,220.3946075439453,223.17023642278167,218.11462613897402,220.44417531652394,18375700
2022-04-11,214.57569885253906,218.6895666015548,213.34648774183083,216.51862836918798,20516600
2022-04-12,212.27589416503906,220.09721050095476,211.27469173834876,218.32279924455113,20128800
2022-04-13,213.11849975585938,214.72439268188097,209.49035672762682,209.97609668254103,19231800
2022-04-14,208.35035705566406,213.1184982815987,208.1719312322115,213.01936274015176,18379500
2022-04-18,208.93524169921875,211.5225221343132,206.4867419526521,208.17194034933556,16580800
2022-04-19,215.41827392578125,216.5285192787811,207.18061642952617,208.687388784282,20089900
2022-04-20,198.6753387451172,212.29573726150196,197.18839627011295,211.75052199547486,43036500
2022-04-21,186.4328155517578,201.20310164547175,183.96448611723164,199.84503264434116,49954100
2022-04-22,182.50730895996094,191.04235885583572,181.67462485450002,188.71280973536275,36426800
2022-04-25,185.36224365234375,185.55057698247137,180.0786398818122,181.13931758710004,29281100
2022-04-26,179.37478637695312,185.5604712136734,177.93741197946932,185.00534856024166,31747400
2022-04-27,173.4270477294922,179.6325637703488,167.5288458276173,172.91157012244597,71062900
2022-04-28,203.93910217285156,206.71473100829363,191.22078637719784,201.15356583343285,100890600
2022-04-29,198.72486877441406,210.63031381765938,198.15982348077375,202.68014045202173,49193400
2022-05-02,209.29208374023438,210.03555486785692,199.24035469981607,199.41878050998523,49915300
2022-05-03,210.1842498779297,213.02926131184137,206.27854567365722,208.61800216969073,41556300
2022-05-04,221.46522521972656,222.3474771871542,205.1584250796747,208.81629101701284,41375900
2022-05-05,206.4668731689453,218.25336736113462,204.3653331000741,216.83582310266792,41129200
2022-05-06,201.99615478515625,207.55731947021067,199.27009396161898,205.53506951603146,34747200
2022-05-09,194.50198364257812,200.80661996260716,193.87746300031426,198.10037393010384,36303200
2022-05-10,195.92942810058594,201.19321664925386,192.49955626673494,197.77323719295447,34452500
2022-05-11,187.0970001220703,198.92314071841457,186.6310903208202,194.62092459185249,31153400
2022-05-12,189.5752410888672,196.3259569009474,183.17146941432156,185.4316205639354,38262200
2022-05-13,196.89097595214844,198.14992463211743,189.61487546891254,190.90356178395524,24549800
2022-05-16,198.2986297607422,203.58223351596016,194.22440702177838,195.33466762129902,27112600
2022-05-17,200.8561553955078,203.67144423340272,196.6332448276037,200.36050797611236,24872700
2022-05-18,190.56655883789062,199.25029771068165,189.96186827462572,198.25900269719568,23960000
2022-05-19,189.6248321533203,193.59001253512267,187.94955614781753,189.5356192249608,24446900
2022-05-20,191.85519409179688,196.18716276985003,186.23455423988324,193.2727535593855,31465600
2022-05-23,194.52178955078125,195.27518333819546,189.57523779332573,193.49084953374,25059200
2022-05-24,179.70193481445312,182.08103647842762,174.57694209488812,178.97829378660447,50406300
2022-05-25,182.22975158691406,183.83564455779268,177.75901682951374,178.82960205945918,28030200
2022-05-26,189.9618682861328,191.15141927719574,180.67342372355273,181.28803691760507,23056500
2022-05-27,193.43136596679688,193.62962190857738,188.14776268187097,189.69418020410123,22562700
2022-05-31,191.954345703125,195.87988020083372,190.33853016005855,193.19346434021034,26131100
2022-06-01,186.99786376953125,197.79306430443702,183.38955104588305,194.79934956020318,36623500
2022-06-02,197.12887573242188,199.1907706394857,186.09576026067737,186.8094936948901,31951600
2022-06-03,189.1192626953125,194.89851447671586,188.12796767536602,194.27399377384188,19465000
2022-06-06,192.5590362548828,195.2057918492942,186.75995498137883,192.30130502364528,30574200
2022-06-07,193.94683837890625,194.81918271881858,189.8230631492287,190.2592201932253,18828700
2022-06-08,194.92820739746094,200.27128572414287,192.71762424539412,192.9753554461062,22267200
2022-06-09,182.39825439453125,197.713756969315,182.0810327786021,192.5887643538881,23501600
2022-06-10,174.04165649414062,181.50610603720847,173.4964412625436,181.44661563615782,27450800
2022-06-13,162.830078125,171.07765810739633,162.60208455665708,169.10497601341515,31749300
2022-06-14,162.30470275878906,165.29841746325724,159.9553387871744,164.58468395588787,27244300
2022-06-15,167.87579345703125,170.661329641027,162.55252968231065,165.74450039607447,30008300
2022-06-16,159.46957397460938,163.64293132817664,158.22054809461787,162.29476992753766,26944100
2022-06-17,162.3146209716797,164.45580630957073,158.5080373272939,160.27254091529267,31374200
2022-06-21,155.68287658691406,166.29963714436744,154.61227621435427,164.48556555136005,50724900
2022-06-22,154.4933319091797,159.39031650682068,154.08689732866276,157.00130705086892,47267800
2022-06-23,157.36807250976562,158.35936745470903,152.90724525752032,154.90966528157492,40499200
2022-06-24,168.67877197265625,168.76798489831867,159.8958970874468,160.3221467051422,68736000
2022-06-27,168.0145721435547,170.25489309350084,166.54744485240766,169.8286435619368,29174600
2022-06-28,159.28126525878906,169.80882791035233,159.2118824778089,168.42100590518334,27744500
2022-06-29,162.5128936767578,164.8820879607232,158.92441086091708,162.1461193919892,28595200
2022-06-30,159.84628295898438,163.7916319403162,157.11031481693823,160.7384422088374,35250600
2022-07-01,158.63690185546875,159.2217621433084,153.65069034030827,158.91446318278108,31423900
2022-07-05,166.7259063720703,166.78538165116808,155.65314317652565,156.76338872224667,28618600
2022-07-06,168.2921600341797,170.09630910779737,164.0196809116976,166.7358195899737,23085900
2022-07-07,170.69110107421875,171.216486252937,166.31948617118198,167.97494712830814,24083400
2022-07-08,169.39248657226562,170.89924401158672,166.6862404572748,168.5003120381291,19249200
2022-07-11,161.46212768554688,166.03199804940502,160.5005703656967,165.61565598193803,21885600
2022-07-12,161.8487091064453,164.46572681989724,160.6888959849567,163.36538896731187,16639700
2022-07-13,162.0668182373047,163.54383804509905,158.22058895738138,158.76580420983865,16555100
2022-07-14,156.6741943359375,161.17466745622266,155.910892869986,159.81659800297987,23765200
2022-07-15,163.2662811279297,163.54384251386296,158.42877188312036,159.1424903569766,23342800
2022-07-18,165.77423095703125,170.19541257482624,164.198075800227,165.29841367168555,23574300
2022-07-19,174.2498016357422,174.95362761088478,168.0343789009671,168.88689304820255,25933700
2022-07-20,181.49618530273438,182.00175539820398,175.16181129811827,175.9449427642158,24784300
2022-07-21,181.5754852294922,182.24957362777684,177.31291412933265,179.05760283598016,27195800
2022-07-22,167.79649353027344,174.0713921211751,166.94397930324826,171.5634172107559,42583900
2022-07-25,165.19927978515625,169.08516888643103,163.37530090151066,167.52882872010937,26166300
2022-07-26,157.7645721435547,164.55494803766118,156.57502132751043,164.49547276575285,28468400
2022-07-27,168.10377502441406,169.38253866879188,160.60958871085882,161.17461888480676,43846600
2022-07-28,159.32090759277344,160.1040238594666,153.50201173331402,159.65794420750422,73214300
2022-07-29,157.7150115966797,158.74595155199424,153.8192150963796,156.3172822730475,42065400
2022-08-01,158.53778076171875,163.7520014408737,153.87869791368956,155.88111777957656,40596700
2022-08-02,158.79550170898438,160.8276588857589,156.63447137985204,156.93186281747023,27374500
2022-08-03,167.33058166503906,168.06413020831988,160.16352379387357,161.2737692383806,31721900
2022-08-04,169.08517456054688,170.65140715656858,165.34798863611059,166.83493095275554,23938200
2022-08-05,165.65528869628906,170.1161156749895,164.3566948181987,165.53633815049744,25832700
2022-08-08,168.76795959472656,175.96475524575519,165.67512429444318,166.53754603180064,27299100
2022-08-09,167.06295776367188,168.05425283857693,165.1497655295671,167.4792998800165,18655100
2022-08-10,176.7875213623047,178.90889175358808,172.43573754030913,174.4579875213586,30262100
2022-08-11,175.94493103027344,181.50609582783787,174.8346704958459,178.14560684060112,24079100
2022-08-12,178.9287109375,179.88036059846178,177.35255583980407,179.23600990455236,21274000
2022-08-15,179.31532287597656,179.86053806278343,176.64873733810558,177.4021310965874,15878700
2022-08-16,177.90771484375,179.4144874788809,175.4988601284712,177.87797720382963,21156700
2022-08-17,173.32791137695312,176.5892647931606,172.65382301032733,175.2212730535076,20118100
2022-08-18,173.1395721435547,174.22998746603588,170.36394337785367,172.82235051275006,18844500
2022-08-19,166.49790954589844,170.81995621310926,165.59582749443462,168.718400594473,26240800
2022-08-22,161.63063049316406,164.0493923798729,160.84749908058643,164.0493923798729,19499700
2022-08-23,159.70751953125,163.61322379839797,159.30108499815987,161.06558868342577,18111800
2022-08-24,161.8388214111328,164.01968258138805,158.3792114315186,159.20198812284912,20891500
2022-08-25,167.31072998046875,167.40986550779851,162.5921723231533,163.74206276000646,15550500
2022-08-26,160.37168884277344,169.43212368762408,160.26264579796614,167.01336169441478,24023600
2022-08-29,157.78440856933594,161.6306376497114,157.62579775394812,159.2614434264603,20052700
2022-08-30,155.7919158935547,160.25274310903546,154.5527972225878,158.95414916201582,19567900
2022-08-31,161.5116729736328,166.3789346284713,160.72855664749912,165.61564843587365,40953000
2022-09-01,163.92051696777344,165.9031066673711,158.95413521562654,162.15601334520824,30145700
2022-09-02,158.92442321777344,166.46816372077225,157.8339926567037,165.99234635137884,22634200
2022-09-06,157.15988159179688,160.2824694990789,156.31729003024532,158.70631429044778,19339800
2022-09-07,158.9937744140625,159.55881971779763,155.44493716925498,156.3866642161884,16831200
2022-09-08,160.64923095703125,160.81774925591185,156.36684533746566,157.32840249210523,22530800
2022-09-09,167.6775360107422,168.06414043912878,161.6009082069204,161.82890181187642,22086800
2022-09-12,167.48919677734375,169.89803617879264,165.8238134418822,165.93285648840623,23220400
2022-09-13,151.79698181152344,160.2229878472796,151.34097953534305,160.13375981705477,44444100
2022-09-14,150.1514434814453,152.20341611044483,147.75251157835422,151.995252646758,43064200
2022-09-15,148.24813842773438,152.85765313710925,147.40553180836312,148.49596212449558,34606300
2022-09-16,145.0165252685547,147.28659907579265,143.03393545484252,146.7612139852357,40122800
2022-09-19,146.73147583007812,147.28659855580412,143.83689652739272,143.9756772088242,22169500
2022-09-20,144.81826782226562,147.54432878807003,143.9558461024819,144.51096882445577,23217400
2022-09-21,140.88282775878906,148.29772457574842,140.76387720990476,145.11566125945427,38338600
2022-09-22,141.5767364501953,143.32140992498688,139.64369940950394,140.31778776687358,34418500
2022-09-23,139.1876983642578,141.37845127369607,137.68092612104357,140.1889006084037,31710700
2022-09-26,135.18289184570312,141.00180367529504,135.00446600941672,138.90024802794656,30497000
2022-09-27,133.2300262451172,138.2063307938041,132.95246488791165,136.71938846907756,30826500
2022-09-28,140.37725830078125,140.79360030483306,133.10115804366748,133.44810215073147,32658500
2022-09-29,135.22251892089844,138.62265261379272,134.0230456317868,138.14683537453897,38985400
2022-09-30,134.49888610839844,139.76267478552438,134.32046028508566,134.8656755106968,33166400
2022-10-03,137.4033660888672,138.4045683423802,134.91522170833778,135.9461615943145,27723100
2022-10-04,139.05882263183594,141.1504551039004,138.12700317139624,139.26700117923596,34670700
2022-10-05,137.77017211914062,138.98947583553354,133.60673622730505,137.03662351437458,27979300
2022-10-06,137.85939025878906,140.2186618566196,135.41089062341658,136.5211360812192,36231100
2022-10-07,132.2882843017578,137.08614736813666,131.28708202735578,135.5694675770126,33214800
2022-10-10,132.62533569335938,134.92514708155127,130.72205133380032,132.3874346021392,24024000
2022-10-11,127.42102813720703,131.50517303734162,125.88452572051676,130.4742179650908,38481400
2022-10-12,126.39009094238281,128.54119891036558,125.150972403732,127.20295996419793,34605200
2022-10-13,129.15579223632812,129.99839886279543,121.46335006942364,122.4546448648166,34325700
2022-10-14,125.65653991699219,130.6427443431372,125.41862370269885,129.8596280507722,23559400
2022-10-17,132.87315368652344,133.61662481645823,129.0467549994207,129.1657206658623,29612200
2022-10-18,131.6439971923828,136.64011802643662,130.2561749252832,135.8966466738358,25445000
2022-10-19,132.0702362060547,135.80742280613526,131.06903364385218,131.73319951691272,30691000
2022-10-20,130.38502502441406,135.57941606596407,130.1669389228935,131.7728319195805,26356300
2022-10-21,128.8782501220703,128.98729317086242,124.348040097076,125.21046185736593,46348600
2022-10-24,128.59075927734375,132.31802218177478,123.48558967928369,126.14225997579203,63563400
2022-10-25,136.3129425048828,137.1456416326247,129.45318430388568,129.740668266427,38433200
2022-10-26,128.68992614746094,134.37004234989396,127.411147107178,130.53372035500666,82791500
2022-10-27,97.08741760253906,101.60771958540467,95.54099253236453,97.12707030310553,232316600
2022-10-28,98.33645629882812,99.97209448364832,96.66117297131608,98.7131532212235,95928300
2022-10-31,92.34903717041016,98.45540986504903,91.7939068796394,97.36498697989708,121361400
2022-11-01,94.37127685546875,96.64134321393725,92.73564622724912,93.50885508342138,110189600
2022-11-02,89.7518310546875,94.37126083616003,89.69235578753322,93.38988111321918,71821100
2022-11-03,88.13601684570312,89.67251911799346,87.64036948761363,89.2958298485177,60664000
2022-11-04,89.9996566772461,90.59443205045059,87.32315615335703,89.56348454083917,55638100
2022-11-07,95.87804412841797,96.0366473799833,92.28955386062118,93.95492959844655,81987300
2022-11-08,95.6302261352539,96.94865024901628,93.96485029760152,95.08501088129792,52088300
2022-11-09,100.5866928100586,103.98683455524989,99.86304421903829,100.83451653036997,107677300
2022-11-10,110.89615631103516,111.76849304628479,103.69935366554259,106.18750582793226,80671000
2022-11-11,112.0361328125,113.89977184094667,107.86278269236072,108.2791322482135,59961700
2022-11-14,113.22570037841797,115.25785030828123,109.83547376457382,110.02381464557875,53395000
2022-11-15,116.06080627441406,117.70635184117295,113.41405076200675,115.05959632876564,50670500
2022-11-16,112.24432373046875,115.0695126545756,111.67928594564738,113.50326491314802,33287800
2022-11-17,110.47980499267578,111.35214927717924,108.84417458519039,109.44886503222872,35093800
2022-11-18,111.07460021972656,113.32483638895054,109.65704816363142,112.80936635172509,33357700
2022-11-21,108.90365600585938,111.39180826964389,108.23949025208182,110.54920157215746,24351100
2022-11-22,110.46990203857422,110.64833541657183,107.37705934094218,108.90365433870404,29029000
2022-11-23,111.26292419433594,111.68918125303959,109.76607451912598,110.74745423549801,21343100
2022-11-25,110.44017028808594,111.74867927547221,110.05355831267225,110.33112724222208,12007600
2022-11-28,107.83305358886719,111.06467694794803,107.4365341325355,109.81564330754605,23309400
2022-11-29,108.50714874267578,109.97426865619343,107.59515916661431,108.5864541570239,23899200
2022-11-30,117.07191467285156,117.13139750383256,108.42782278422197,108.55669594886484,43348600
2022-12-01,119.39155578613281,120.14493443708561,117.36931335693296,118.16234470998532,36551400
2022-12-02,122.41500091552734,122.96021611715648,116.58618982465244,116.80427590530408,39950500
2022-12-05,121.3642349243164,123.58473338295278,120.29363461707071,120.69015408971502,35474900
2022-12-06,113.12657165527344,119.5005978799502,112.74987476980014,118.8661697773399,43689200
2022-12-07,112.938232421875,114.87125452292487,111.8973697133219,112.76971409777941,29461100
2022-12-08,114.32603454589844,116.3185317086247,113.59247092643747,115.3768046454245,30619400
2022-12-09,114.89107513427734,116.5167980904086,112.8787477899795,114.29629973425023,26033400
2022-12-12,113.71143341064453,114.71264334504619,112.15510077026792,114.17734320872192,24747100
2022-12-13,119.10408782958984,122.22666838420444,117.60723036165444,121.06684756358977,44701100
2022-12-14,120.53153228759766,123.05933707765865,118.35068673133345,118.35068673133345,36922000
2022-12-15,115.13890838623047,117.59731559346363,113.01753782717437,117.2999316503039,34531000
2022-12-16,118.39035034179688,122.2365718354215,117.78565984708287,119.1833892878749,67064000
2022-12-19,113.48343658447266,116.77453514998675,113.33474084591141,115.81297794533405,29769900
2022-12-20,116.07071685791016,116.30863308058215,111.48102416799355,112.27406311760701,28742500
2022-12-21,118.71747589111328,119.29242116853779,114.61351572943319,115.68410844245172,20392800
2022-12-22,116.10044860839844,117.5873907944349,113.38429543656028,116.17974644378964,23618100
2022-12-23,117.01243591308594,117.15121657626835,114.53419898057305,115.01993130171148,17796600
2022-12-27,115.862548828125,117.56757731975019,115.0397797831497,116.90341153100645,21392300
2022-12-28,114.61353302001953,117.1215082124014,114.50448996270025,115.2380461604093,19612500
2022-12-29,119.21311950683594,119.97641320548192,114.76220023247431,115.38672082161865,22366200
2022-12-30,119.29242706298828,119.37173247171707,116.71506178314314,117.13141139747924,19583800
2023-01-03,123.65412139892578,125.26993689605494,121.21553689802785,121.75083704158786,35528500
2023-01-04,126.26123809814453,127.92661388492843,124.75446556758857,126.27114560210994,32397100
2023-01-05,125.83497619628906,127.40122394307504,123.45586693938299,125.03202218975811,25447100
2023-01-06,128.88816833496094,129.1954673366725,124.94281126846515,127.84730565506447,27584500
2023-01-09,128.34295654296875,131.79265868414586,128.15460808502064,130.0182474045574,26649100
2023-01-10,131.83230590820312,132.27838555996667,126.04314012341165,126.16209066362623,28684400
2023-01-11,131.73318481445312,132.6848346183648,129.20537967608695,129.81999282847258,25423000
2023-01-12,135.51991271972656,136.4814547169637,130.61299157779078,132.27837463301904,30757700
2023-01-13,135.78756713867188,136.19400166584558,133.66619672063948,133.79506989412366,22423800
2023-01-17,134.1816864013672,135.55958579083892,133.08134839064078,134.99454040313262,21147600
2023-01-18,131.86203002929688,136.05520252766846,131.6439439772816,134.62773568755287,20215500
2023-01-19,134.96478271484375,136.25346899669938,130.98969596078695,131.33665519565676,28625200
2023-01-20,138.15673828125,138.72178352390978,133.43818092786725,134.70703694097787,28688600
2023-01-23,142.02281188964844,142.5085366667069,137.4529422032484,138.07744764888903,27470100
2023-01-24,141.89393615722656,143.73774507844354,140.1294326346161,140.45656173163377,21970200
2023-01-25,140.26821899414062,141.9236795516066,139.088575721669,139.9906576507307,26622000
2023-01-26,146.01773071289062,146.2258941555542,142.05255141383566,143.1429666455006,25482100
2023-01-27,150.41909790039062,151.85647252156616,146.1069589109038,146.94956565053786,35771900
2023-01-30,145.77980041503906,149.80445459430712,145.6707573898194,148.1093490783874,28040100
2023-01-31,147.67320251464844,148.5752845041938,146.23582793433843,146.66207748102659,29842100
2023-02-01,151.7870635986328,152.24306588807985,145.77981918793483,146.7413764088904,55661000
2023-02-02,187.12673950195312,195.4437029742972,178.591689945036,181.78366068183163,150475700
2023-02-03,184.90623474121094,195.05709986672147,181.29792194431568,181.87287479600266,76809700
2023-02-06,184.44032287597656,189.03993051222616,183.90503029642124,184.90623267945966,42483800
2023-02-07,189.95191955566406,192.09312012094964,182.79476933118949,183.96450515195008,47080700
2023-02-08,181.8332061767578,189.16879710609436,181.32765125110058,188.34602056954392,36139100
2023-02-09,176.37118530273438,185.02518547134846,175.72684967356224,184.50972301839462,37118800
2023-02-10,172.6339874267578,177.33273033452983,171.84096366888724,174.8148481387777,33433600
2023-02-13,177.86802673339844,179.42436690011945,174.28946686476417,176.66856844178548,31463200
2023-02-14,177.9176025390625,179.92992995474845,174.34895001230046,175.61780626083268,24034600
2023-02-15,175.61776733398438,176.63879963381342,173.8036962731151,174.88420383297984,25308900
2023-02-16,170.9388885498047,174.3192076619539,170.29453781345282,171.2461875370984,25827500
2023-02-17,171.37506103515625,171.67243739377372,168.22273550017792,168.73821306504692,24171300
2023-02-21,170.58200073242188,176.61898207084855,170.38374480954582,172.79258376810682,34592600
2023-02-22,169.63035583496094,171.25607864920406,168.21281157738866,169.5808031973344,22433200
2023-02-23,170.54237365722656,172.17801937262993,167.90554063056828,170.50272851531994,20017800
2023-02-24,168.90675354003906,169.2338827034018,166.20052243980692,167.17198729933313,19791300
2023-02-27,168.06411743164062,171.61295470878045,167.5883001524476,170.3837588103686,19277000
2023-02-28,173.4171142578125,176.00439428377393,170.3738319696767,170.4035696035187,46051100
2023-03-01,171.91033935546875,176.30178310717199,171.54356512627285,173.0701524358075,30998400
2023-03-02,173.01068115234375,173.4864984236013,169.93766120564743,170.87940337141325,17352000
2023-03-03,183.63739013671875,184.9954593827126,175.50877454317353,177.36249126591966,45877700
2023-03-06,183.2904052734375,188.00897827423148,183.03267406683992,186.36342525082924,33209400
2023-03-07,182.90380859375,188.7028895567601,182.4081611653204,187.35472794639318,36701500
2023-03-08,183.3598175048828,183.64728636833115,179.76141220423,181.2780921799188,19432400
2023-03-09,180.1083526611328,187.28531725397823,178.73045350925022,184.72779000880985,26582800
2023-03-10,177.9473419189453,183.16156276961232,177.2435310110156,179.4342842678197,25665000
2023-03-13,179.32522583007812,182.1801597351484,173.29816667086516,176.41083178227044,24728000
2023-03-14,192.33103942871094,192.62843092188572,184.93597286944848,185.94709789585886,41642600
2023-03-15,196.02854919433594,196.05828682863768,189.17869840894608,191.27033106859906,42123600
2023-03-16,203.1460418701172,203.96881839258782,194.38299921959626,196.53410718154342,50447100
2023-03-17,193.90719604492188,200.14243431213578,193.72875509737597,198.81410277601756,50141100
2023-03-20,196.0880584716797,197.62456872290872,191.9543602012637,196.75222429620607,25186300
2023-03-21,200.40017700195312,201.77807628307767,196.22681889275694,201.4311170239478,31827000
2023-03-22,198.0706329345703,205.56482001084692,197.93185225263778,200.7372186543796,28477800
2023-03-23,202.50172424316406,206.07039199137296,200.39026123164382,201.07425714388052,27389700
2023-03-24,204.2166748046875,205.77301519457242,201.7780976074665,203.39389815045016,27716400
2023-03-27,201.07423400878906,204.06794854611732,199.6071219370876,203.02708597881872,18527200
2023-03-28,198.93304443359375,199.2800036835634,196.17724594410166,198.40765937001166,19127300
2023-03-29,203.5624237060547,203.92919799665844,200.7768721952202,201.7879972778657,18851100
2023-03-30,206.0307159423828,206.2785396524153,201.05442673562075,201.60954942594012,22608300
2023-03-31,210.0950164794922,210.3230100418726,204.97002432137518,205.4359340744729,25440300
2023-04-03,211.21524047851562,211.63158257831822,206.38762336988356,207.02205158757732,17924600
2023-04-04,212.850830078125,214.35760247602127,210.6897994530681,211.53240612071065,21026400
2023-04-05,209.63905334472656,213.31676429191103,208.11246576583304,212.28580906573094,19396600
2023-04-06,214.21884155273438,215.0515256680938,206.83368218453202,207.42846519605177,26104400
2023-04-10,212.88055419921875,213.78263608007165,208.82616217554968,212.84090906340407,16106100
2023-04-11,211.9884033203125,214.13951126472867,211.55223117933252,213.60420359135924,16710100
2023-04-12,212.13710021972656,214.95237399428152,210.7294633324491,212.96978427260183,18972200
2023-04-13,218.4318389892578,219.22486281474858,213.81240108857065,213.85204622946125,23310400
2023-04-14,219.56190490722656,220.17650288269624,215.656200722299,215.98332984258553,21591200
2023-04-17,216.95481872558594,219.05635923123276,215.2398826549583,217.87671579141596,15481900
2023-04-18,215.99322509765625,218.5210298831025,214.32785708077208,217.9956448449694,12281000
2023-04-19,213.8223114013672,215.43812696265397,211.07642023535394,211.61172796314864,15898100
2023-04-20,211.21524047851562,214.86319894876422,210.91784894266752,211.62165994734744,16475400
2023-04-21,211.03675842285156,211.55223597623976,207.7555749142046,208.3800955053103,17717200
2023-04-24,210.93763732910156,212.05780541816344,208.87575722630933,211.8198891943213,15750900
2023-04-25,205.74327087402344,209.42096668543763,205.32692880816302,208.98480961117474,19198200
2023-04-26,207.5771484375,212.24615412653236,207.06168597416203,210.65016871382687,41992700
2023-04-27,236.48330688476562,239.58606473531918,234.7088956844878,237.80173090551267,71196500
2023-04-28,238.22799682617188,238.3370247438833,233.69777188796778,236.92938780573903,39554000
2023-05-01,241.0630645751953,241.87593357965255,234.40157736953907,236.54276266287647,29143900
2023-05-02,237.15737915039062,242.78792649051843,236.90955544437884,241.06306805133124,24350100
2023-05-03,234.9666290283203,239.6455421682171,230.72388806474677,237.38539100541473,34463900
2023-05-04,231.48716735839844,236.1264197905397,230.90229192706437,234.00504951049967,17889400
2023-05-05,230.75364685058594,232.63710128355595,227.84915978671643,230.21835421073968,27000500
2023-05-08,231.23934936523438,233.56888314152786,228.26546487348705,229.40544787827335,16400500
2023-05-09,231.33847045898438,233.82663017174102,229.06841194563827,229.44510882268386,16865600
2023-05-10,231.051025390625,234.68907598893915,228.71156873771375,234.1141231112111,19119000
2023-05-11,233.7374267578125,236.13637381843506,230.27781710507037,231.0212883085138,20449000
2023-05-12,231.774658203125,234.89724621443213,229.43520163353872,234.67916012630428,16161400
2023-05-15,236.78070068359375,238.16850749476043,233.2814308927608,234.8575861552915,20653200
2023-05-16,236.74107360839844,237.55392762383548,233.4697971599243,233.7374359129555,18163800
2023-05-17,240.3791046142578,241.71734364737938,236.06696576918233,236.37426476658152,21193100
2023-05-18,244.701171875,244.93907298959624,239.09043865770303,239.19948171054665,22943300
2023-05-19,243.50167846679688,246.52513093495048,241.29109507655596,245.31574994768903,21733600
2023-05-22,246.15834045410156,251.36263833291363,242.9861848843443,243.27366885675846,27738500
2023-05-23,244.5921173095703,249.41971879486397,244.50288926983555,244.66150008940815,17748100
2023-05-24,247.04063415527344,247.41731597045813,242.81770776525903,243.14483693110247,17724300
2023-05-25,250.4903106689453,253.39479746511117,247.00094838612523,251.19412157731733,22371400
2023-05-26,259.7588806152344,260.0265193027739,250.510098930214,250.7281698558531,25727200
2023-05-30,260.2347106933594,266.31135290723864,259.0154374005094,262.940956499197,23816500
2023-05-31,262.4155578613281,262.6931191922848,256.20015042244955,257.7366452452606,25473700
2023-06-01,270.23687744140625,271.6147918186333,263.5754050196668,263.5852973969688,25609500
2023-06-02,270.23687744140625,272.9530459308971,268.7598577796487,270.2864603355899,19416900
2023-06-05,269.0274963378906,273.17110112649306,267.2134100069179,267.9469584402539,20742900
2023-06-06,268.7598876953125,274.16245738799296,267.3423431472537,267.7884379849693,19419000
2023-06-07,261.30535888671875,271.8626442161029,260.5123047633767,269.3051165166383,26163600
2023-06-08,262.2767639160156,265.32004620136956,256.6264017277857,258.35124499287787,20899400
2023-06-09,262.6435852050781,265.61746978448156,259.42187691072445,260.1950856912926,16949800
2023-06-12,268.6904602050781,269.38437870914413,263.0202523851898,264.8442615526915,15442500
2023-06-13,268.9581298828125,273.3198212360052,266.7475314444002,272.4871371800981,16164000
2023-06-14,270.97039794921875,272.5961054401529,265.98418708228354,269.5231162343789,19175100
2023-06-15,279.37664794921875,281.5178487136144,269.0572939381977,269.9296080997618,25973500
2023-06-16,278.5538635253906,285.3442395585109,277.6914418131458,282.2712193553558,43127700
2023-06-20,281.8548278808594,282.32073763157575,273.8154418388248,276.30360138540755,20701600
2023-06-21,279.18829345703125,281.52773476017416,275.93681733767835,281.06182497496616,20556200
2023-06-22,282.40008544921875,282.77678233751567,275.3718084998464,276.6505570919048,17563100
2023-06-23,286.2165832519531,287.1484028647073,276.5217204794401,279.05943296679476,51092000
2023-06-26,276.0459289550781,287.26739598525796,275.18350711697116,286.18688802988873,24232700
2023-06-27,284.5511779785156,286.8311743118034,278.2068969133884,279.555073656432,26108300
2023-06-28,282.8065185546875,287.02941407913994,281.5872149884615,282.3406087612761,16722100
2023-06-29,279.0792541503906,284.0753889556589,278.2465700581659,282.0234012362909,15395700
2023-06-30,284.4817810058594,286.533738166813,281.94406884139056,282.2811054294308,19694900
2023-07-03,283.5301513671875,286.88073290993367,282.3703532958794,284.2042548786633,8629300
2023-07-05,291.8074645996094,295.52482034373986,283.8671830495328,285.14596189605084,33865500
2023-07-06,289.44818115234375,295.5248235823149,288.7741078971482,293.3142553701415,47600500
2023-07-07,288.00091552734375,293.6215711054286,286.1471988438877,289.6365461155744,25586000
2023-07-10,291.5398254394531,295.5347425297434,284.5511784998187,292.9771848405433,37058300
2023-07-11,295.693359375,297.56689097448395,289.35897054625923,291.3415603139649,27585900
2023-07-12,306.64715576171875,306.75621392994793,297.48760071490796,299.1232312229929,36677100
2023-07-13,310.6817626953125,313.48711417229805,307.58892720415946,310.8899261701611,30281000
2023-07-14,306.1812438964844,312.13893578938223,304.68437895121997,309.0758382489042,23054100
2023-07-17,307.916015625,308.9965234309528,302.05745916188715,304.8628406574557,25323100
2023-07-18,309.3335266113281,311.46483460786504,304.94209795929135,308.1737286500036,20731900
2023-07-19,313.25909423828125,315.90583453833557,307.81686495769065,310.3050247039344,21763700
2023-07-20,299.88653564453125,312.7932151799263,299.5891592620239,310.77096502311366,23836900
2023-07-21,291.69842529296875,302.800909197342,288.66506554438087,301.9186725328554,42139300
2023-07-24,289.07147216796875,294.9300282701008,285.79028868592326,293.2051849386824,24915700
2023-07-25,291.90655517578125,295.7032006134998,289.3192602453753,292.6202885787987,19585600
2023-07-26,295.970947265625,299.1430730271776,289.3589964867336,298.56813525384524,47256900
2023-07-27,308.99652099609375,322.51779778619095,307.14280439627186,322.28978907131307,64229200
2023-07-28,322.64666748046875,323.3604010020382,311.51441512024616,314.12152548725567,39220300
2023-07-31,315.8265686035156,322.8251083416329,314.8253510504006,320.87225613271846,25799600
2023-08-01,319.9007568359375,321.31833148178566,311.92084528786495,314.7757793342165,22817900
2023-08-02,311.5738830566406,315.6183830009451,307.94574026174797,315.2317634870685,20461100
2023-08-03,310.46368408203125,313.1996679680387,307.23205269504695,307.23205269504695,15180200
2023-08-04,308.0250549316406,315.6381920030264,307.4996698792332,312.21821272193796,17612800
2023-08-07,313.8042907714844,314.30986081830895,307.75738622328373,310.5032922794214,16236500
2023-08-08,309.9184265136719,315.12272430973746,307.41042158153704,311.6630848225731,15183500
2023-08-09,302.5531005859375,310.89981675139177,300.21365919986573,310.1563455945085,19955800
2023-08-10,303.0784912109375,309.6210435617212,301.22477459946464,305.2593520785052,14358900
2023-08-11,299.0141906738281,302.0673654764671,297.745304234176,299.93608761646493,14046300
2023-08-14,303.5245666503906,303.5443816563155,295.65368327400716,298.35992905267074,15641900
2023-08-15,299.3215026855469,304.5555384693023,297.4182031951271,303.4750306746695,11623600
2023-08-16,291.7281799316406,298.4590504137435,291.7182573021849,297.5867363272898,18547700
2023-08-17,282.60821533203125,293.47279727093206,282.4694497986728,290.4989130347723,23950100
2023-08-18,280.7842712402344,283.20303313726754,271.9914906051631,276.60100568899685,35347900
2023-08-21,287.37640380859375,287.97118683695453,279.39649145484435,280.98256944649927,20181500
2023-08-22,285.096435546875,290.35028671568716,284.2538287834448,290.0033274305193,12980200
2023-08-23,291.6785888671875,294.81108424364885,285.1658046520825,285.9885660720524,18287000
2023-08-24,284.2537536621094,296.8531007592996,284.1447257666273,295.90146632306767,18360900
2023-08-25,283.0146789550781,285.8795355852113,273.6271155393811,283.6391995492964,23701400
2023-08-28,287.7332458496094,288.9128891125971,283.3120491446648,285.4929098624364,14239300
2023-08-29,295.39593505859375,296.5458406851911,285.67133525084813,286.0678471302465,20844500
2023-08-30,292.5311279296875,295.69336104721475,290.87565215344677,294.5831156113279,17717000
2023-08-31,293.31427001953125,298.478908110715,293.0862612959808,293.2250268545487,17229900
2023-09-01,293.7999572753906,299.1132828754372,291.906580579667,296.7639190428538,12842300
2023-09-05,297.5371398925781,298.7663660643128,292.9375475703508,294.43438220602286,14956000
2023-09-06,296.56573486328125,300.6597577520027,293.0862797748744,299.08360235135336,15418100
2023-09-07,296.070068359375,304.3770944136162,289.6762039967024,295.40588744923144,33748700
2023-09-08,295.29681396484375,302.59272896122013,294.196461037625,296.61522269992525,17548000
2023-09-11,304.88262939453125,306.3497566042671,298.6572991967648,298.78617236239313,19489300
2023-09-12,299.03399658203125,305.9730602651931,297.6164522615025,303.66332641243866,13480400
2023-09-13,302.4044189453125,304.5059592872475,298.69698571008445,299.7279106218778,13210900
2023-09-14,309.0064392089844,310.1464222632418,302.37467408444013,304.06977984776057,19343100
2023-09-15,297.69573974609375,309.2839784085415,296.1493222742044,308.89735891461083,28131100
2023-09-18,299.9162292480469,300.9571069378391,295.2075789541885,295.5941984466041,14234200
2023-09-19,302.41436767578125,303.50479820729083,297.2001463854222,299.8469173004536,15924400
2023-09-20,297.06134033203125,305.3782883735429,296.8234089972703,302.39448120124234,19379500
2023-09-21,293.1556396484375,297.64620415124955,290.7170325130372,293.1259020127335,21319600
2023-09-22,296.47650146484375,302.7216782460861,295.673554918272,296.6945875794634,25369600
2023-09-25,298.211181640625,298.33016242036194,291.1432755959158,293.06638980081726,18987000
2023-09-26,296.35748291015625,297.6858143028395,293.43318142131056,295.0688117797383,19417200
2023-09-27,295.1481018066406,298.67710884740836,284.29344198108106,297.83453247540683,36429800
2023-09-28,301.3139953613281,303.6633594810206,294.1172148146599,296.3377057544672,22167100
2023-09-29,297.59661865234375,307.93584693640213,296.75401197888146,304.704216042569,25373700
2023-10-02,304.1490783691406,304.5059299768926,299.00425592730016,300.104578636452,16265600
2023-10-03,298.3202819824219,304.0995177904984,297.03161074620874,301.61138822655596,17362300
2023-10-04,302.91986083984375,304.2283772759008,295.9015067543039,296.1295154558936,16880500
2023-10-05,302.1367492675781,303.5443709364718,296.8927913275171,301.97813847002794,19130000
2023-10-06,312.68408203125,313.5564262133331,298.2904937826192,298.81587876702196,21803900
2023-10-09,315.588623046875,317.5414751678971,309.10557632186953,309.7796495788927,22503700
2023-10-10,319.038330078125,321.83378880843856,315.3903722999116,316.34200688294163,19038000
2023-10-11,324.96624755859375,325.97735729844595,320.1386470354326,320.1981222994289,22036300
2023-10-12,321.3381652832031,327.662631720703,319.8809605389769,325.1447341503426,20530500
2023-10-13,311.9505920410156,322.22039260310345,309.65078063069194,320.71363525767725,21341000
2023-10-16,318.3542785644531,319.0184593069993,312.7732847084799,315.86614950354686,16536100
2023-10-17,321.1795654296875,321.57607736131524,314.5378771302187,315.4102215309524,16387800
2023-10-18,314.2107238769531,323.10263972349975,312.8129945346358,318.5922603419994,16851000
2023-10-19,310.0869445800781,319.08791890346794,309.0361744423842,317.09540654240755,18709200
2023-10-20,305.9631652832031,312.5552703274842,303.80214965849547,311.4053948634876,22312300
2023-10-23,311.2764892578125,314.5973026301898,304.5852493700825,306.8057400373974,17796800
2023-10-24,309.8292236328125,315.5787524774694,307.9259542753489,314.02241214997355,19525500
2023-10-25,296.922607421875,308.1738123771197,296.2386114119102,307.3014678860385,42192500
2023-10-26,285.8398742675781,292.43197892863674,276.9677733145693,292.43197892863674,66684100
2023-10-27,294.1469421386719,296.70446963131815,290.41966369017985,291.9165286472556,29596300
2023-10-30,300.0252685546875,306.7065853975363,296.4466788252207,296.48633908521356,28435100
2023-10-31,298.64739990234375,301.0364242117363,294.2757858177128,300.6696499436243,19434200
2023-11-01,309.13525390625,310.0174904458716,299.22230704539163,299.22230704539163,20434600
2023-11-02,308.1638488769531,316.04465564125337,305.64595129379006,314.537867992154,21631800
2023-11-03,311.86138916015625,312.8031011868626,308.31253639094047,309.82921641467783,16764300
2023-11-06,313.0509033203125,315.5588780950848,311.7126794666905,313.2293593857912,12887700
2023-11-07,316.044677734375,318.2056935641624,312.37687415015614,314.2999888616323,14055600
2023-11-08,316.996337890625,318.5328331561884,312.1389980732464,315.3706296985377,13609700
2023-11-09,317.75958251953125,321.35798801019484,316.0248163657783,316.6394446432929,16103100
2023-11-10,325.9079895019531,326.23513373605715,316.67903707934255,317.1548694871678,19096200
2023-11-13,326.3243713378906,329.43702160039675,322.86476180916407,323.36040926035906,16908900
2023-11-14,333.38238525390625,335.1568115946723,330.4283155624995,331.62780417236013,17179400
2023-11-15,329.8137512207031,335.4542221949826,327.14716524859887,334.98831233456497,14531200
2023-11-16,331.2808532714844,331.667442561079,323.5388423305294,326.5028044744622,18932600
2023-11-17,332.1234130859375,332.57940021629366,326.4829433416986,327.38502522586845,14494400
2023-11-20,337.0105285644531,338.89398282519466,331.2808452491062,331.97476378028864,16960500
2023-11-21,334.04656982421875,336.94113402174503,332.9759543798253,335.3847937518308,12027900
2023-11-22,338.51727294921875,339.9348475941971,335.6326012688178,336.25712187256374,10702700
2023-11-24,335.28570556640625,338.8840808634013,333.83839314189083,337.1691599420157,5467500
2023-11-27,331.78643798828125,336.94115367224947,331.290790504135,333.25353518012435,15684500
2023-11-28,336.0390930175781,336.4257126007519,330.4977574222185,330.4977574222185,12637200
2023-11-29,329.30816650390625,336.9411188190531,327.90051448369286,336.7329553677821,16024500
2023-11-30,324.3021240234375,330.5968527575102,319.5934731970562,329.0008824720162,23146400
2023-12-01,321.99237060546875,324.0145901307329,317.9677163074989,322.6466287760831,15276400
2023-12-04,317.234130859375,318.06681480826546,310.92951085266947,314.5279155884596,19037100
2023-12-05,315.519287109375,319.0780324511932,312.6445377227283,316.2032830645465,16952100
2023-12-06,314.68658447265625,319.4447879881586,314.2801499252027,319.12756635327975,11294300
2023-12-07,323.7469787597656,325.38260919838507,315.0037509944529,315.0037509944529,15905100
2023-12-08,329.85333251953125,330.2696896309997,320.18820857643453,320.27742147491017,14087400
2023-12-11,322.4483947753906,327.0182798666103,317.2143590609615,326.5325248079935,25802500
2023-12-12,331.3105773925781,331.55840111361704,321.73466518140424,321.77432544730783,18485500
2023-12-13,331.8260803222656,335.4244860310397,329.74438501312073,331.0231337882988,16353300
2023-12-14,330.26971435546875,331.7863942469266,325.77914995119795,330.9437875845794,19607300
2023-12-15,332.0045166015625,335.7119500187242,328.3367132008549,329.0999994185291,31776900
2023-12-18,341.6199951171875,344.5344041297469,334.08614889595844,334.5421662666255,18993900
2023-12-19,347.3100891113281,350.52190536641285,342.11571317990683,342.57170039286814,17729400
2023-12-20,346.2394714355469,351.87001904403724,344.7624517579326,345.61495082632456,16369900
2023-12-21,351.0075378417969,353.30734881378453,346.17001484965505,349.9072152421134,15289600
2023-12-22,350.313720703125,354.0905518678329,348.1625974502464,352.4846287114761,11772800
2023-12-26,351.7412109375,353.87251950657867,350.3732491736726,351.899821776478,9898600
2023-12-27,354.71502685546875,355.87485515386163,352.21697469605425,352.9703684711443,13207900
2023-12-28,355.2008056640625,358.7496281934857,354.69523557044886,356.5687975042497,11798800
2023-12-29,350.87872314453125,356.8661526201397,348.7573678571759,355.8649351224526,14987100
2024-01-02,343.2754821777344,350.0856725621482,337.05015209068665,348.2616937741124,19042200
2024-01-03,341.4713134765625,344.92103019558954,340.1925347420734,341.9768834940871,15451100
2024-01-04,344.0982666015625,345.11929909621364,340.41064851615806,341.5010789113967,12099900
2024-01-05,348.8862609863281,350.4227560194501,343.2457904424102,343.96941637649724,13920700
2024-01-08,355.5378723144531,355.85509397846937,348.98539656002515,351.61235254100137,13890200
2024-01-09,354.3184814453125,357.5005594299917,352.26649401636956,353.29744904498443,13463900
2024-01-10,367.24493408203125,369.6934331035195,355.9540733781254,357.0346111797429,22117200
2024-01-11,366.45196533203125,369.53487766691745,359.77061774846607,368.8905420914892,17205400
2024-01-12,371.2300109863281,373.7776460956339,366.32311946752475,366.9377174545656,19310000
2024-01-16,364.26123046875,372.3402781857288,364.0332519935997,370.3973485723364,15306900
2024-01-17,365.1632995605469,365.33183300535507,355.48825160061466,363.1113118453537,12724800
2024-01-18,372.8558044433594,373.5695380749773,367.7209034488459,368.2561809836166,16354300
2024-01-19,380.11199951171875,381.0140511493726,374.67969316917856,375.7007255933001,21670800
2024-01-22,378.45660400390625,386.95200941692633,377.84200594402876,384.5729074665943,17680500
2024-01-23,381.84686279296875,384.9991737703087,378.75399684615104,381.27189472675775,15506100
2024-01-24,387.29888916015625,392.70142765086376,384.434032676857,386.60497070171994,15698500
2024-01-25,389.7573547363281,392.04724373031695,382.3028273437507,386.7735774043585,15091100
2024-01-26,390.708984375,393.3359097959545,388.18116424199445,390.91714783237995,13163700
2024-01-29,397.52899169921875,399.42236821595463,389.6779545768719,391.55148583828355,18742400
2024-01-30,396.57745361328125,402.82259967131563,396.0917287704335,400.0767235620257,18614700
2024-01-31,386.7437744140625,394.5353371545359,383.7302296999333,385.61368380179516,20180800
2024-02-01,391.3434143066406,397.01362256052823,389.6284631736777,390.5107301891786,29727100
2024-02-02,470.8551330566406,481.72963881592403,449.0664915252919,455.59912098341835,84707600
2024-02-05,455.4107666015625,467.7920294868746,455.2224181615912,465.7896247984481,40832400
2024-02-06,450.7616271972656,463.0536781539214,449.056598724922,459.9608428440702,21655200
2024-02-07,465.50213623046875,467.415327994543,452.2088689116338,454.01303276517825,23066000
2024-02-08,465.90863037109375,466.49349076622264,460.9818932185822,464.2432621017178,18815100
2024-02-09,464.0350646972656,469.4673719159905,463.4006516600271,468.832958878752,18413100
2024-02-12,464.81817626953125,474.9789490756288,462.5183648227148,464.1143653554513,19382000
2024-02-13,456.1145935058594,463.8169740536251,451.1283814896447,452.892885158852,20916600
2024-02-14,469.1600341796875,469.982795609744,462.03262165462274,463.85660058253393,16858400
2024-02-15,479.81640625,484.3664456134725,468.109217437991,471.1425770136393,24212300
2024-02-16,469.19970703125,474.7905945088787,465.12546928119934,473.9479877976202,23324600
2024-02-20,467.6433410644531,472.03476994795795,462.49851842146023,465.63101374806274,18015500
2024-02-21,464.4479675292969,465.4105449209844,458.2557345756037,462.9296784768427,12921800
2024-02-22,482.40948486328125,486.23992842019754,472.41654676636847,476.5645485214587,21625800
2024-02-23,480.3255615234375,490.57648938610384,478.65842637192833,484.31478426826664,18374300
2024-02-26,478.0530700683594,482.41941959747976,476.92181062419036,479.7698406915825,12101400
2024-02-27,483.3224792480469,483.5407967474676,476.2470722599557,476.30661064306867,10809600
2024-02-28,480.31561279296875,487.29180850441577,479.0553434545367,481.2881234084936,12715500
2024-02-29,486.37890625,487.936897879875,478.916439479653,484.7018378583035,17732000
2024-03-01,498.4556884765625,500.3907764734073,488.0856846060254,488.34367413066025,16273600
2024-03-04,494.377197265625,500.5595280134549,492.62075453598,499.1503823962354,12324100
2024-03-05,486.4681701660156,491.7871336101802,484.15601582408954,491.2115858850194,15325300
2024-03-06,492.2932434082031,499.120593170195,490.50703156108455,493.8214657207925,11757900
2024-03-07,508.27001953125,515.8713680175964,497.542754953555,499.4282074814689,18586400
2024-03-08,502.07781982421875,519.5629636532714,495.52832561465306,510.2547468573878,18597100
2024-03-11,479.88885498046875,493.51378374449246,472.35694844915304,493.2061587428033,20428300
2024-03-12,495.9252624511719,498.4656675759742,481.02022594568126,489.48494207040557,15448200
2024-03-13,491.7772521972656,497.14585137802413,487.27198978393096,491.59863706276775,12090700
2024-03-14,488.0657958984375,497.51295454338015,484.42390097766923,496.43130042569084,12620000
2024-03-15,480.3949890136719,488.0658087524492,477.61640039856326,485.2674143918524,29153600
2024-03-18,493.1764831542969,493.61311813323977,483.0843037003027,488.14527802239974,11755300
2024-03-19,492.44207763671875,492.82910735533255,477.59658066238825,484.4338634191074,10903100
2024-03-20,501.65106201171875,504.3105740199144,491.3802985259637,495.6771461475813,11711100
2024-03-21,503.8739318847656,511.09818381772453,502.13732529141583,510.7707530405325,9712500
2024-03-22,505.6800231933594,506.0670529466161,500.4801361234696,503.11978200634246,8120600
2024-03-25,499.1701965332031,503.33806453967446,496.4114740821437,501.91901611098194,8380600
2024-03-26,492.0948181152344,506.09681547367757,491.41999934541593,501.2640919046953,11205400
2024-03-27,490.0802917480469,496.0641709946274,484.3346265696149,495.47865983348026,9989700
2024-03-28,481.8636779785156,489.1177599265289,481.4369761827551,489.06812442310434,15212800
2024-04-01,487.5895080566406,493.6229620607857,478.0927438247273,483.4712757226848,9247000
2024-04-02,493.5634460449219,493.7222251422253,480.94079550745505,481.3873636113719,11081000
2024-04-03,502.86175537109375,503.35792871942033,494.9329149557214,495.1115300929547,12099200
2024-04-04,507.009765625,525.9437264523161,506.672341112813,512.4676419362434,26476300
2024-04-05,523.3040771484375,526.6383471527769,510.4729824465434,512.9042437043852,19263300
2024-04-08,515.2760009765625,527.4223143515474,514.9187707168354,525.2292670059732,13260600
2024-04-09,512.9440307617188,521.8453515412855,502.8617544246005,518.2331950359386,10863800
2024-04-10,515.8516235351562,518.5607107573752,501.92896968081385,505.39228040139363,11418500
2024-04-11,519.1560668945312,519.8507216900733,513.3309966786047,517.1217682967572,10369500
2024-04-12,507.9822692871094,516.2088319033819,505.4319310018834,513.7875035345007,11984500
2024-04-15,496.4016418457031,514.561606133432,493.4742067241122,512.7654003120283,13512900
2024-04-16,495.9351501464844,500.90678605584037,493.30540740997316,494.29775401725584,9847900
2024-04-17,490.387939453125,499.30912582005857,483.4117439696621,499.2495874459534,12193700
2024-04-18,497.95953369140625,508.28989617034574,495.22067754794534,495.994706718665,14808700
2024-04-19,477.38824462890625,498.95191950753076,472.0891167696375,498.95191950753076,25215400
2024-04-22,478.0431213378906,488.24444280786287,469.7768574979575,485.97196069601875,17271100
2024-04-23,492.3031921386719,494.94283793154807,485.22775549164936,487.4903047021122,15079200
2024-04-24,489.72308349609375,506.09680361298444,480.87133784126775,504.17164864318624,37772700
2024-04-25,438.0019836425781,442.35836983181287,411.32769996695043,418.17488602057387,82890700
2024-04-26,439.8973388671875,443.02322464354364,428.65403477490287,438.0813276050655,32691400
2024-04-29,429.30902099609375,436.3943909124522,425.2800958497785,436.19590946046895,21502600
2024-04-30,426.8778076171875,436.2554660770885,426.4312394735651,427.751047303974,18429500
2024-05-01,435.8287658691406,446.5163293249573,423.8412003264866,425.3198175578289,20344900
2024-05-02,438.2996520996094,440.562201203768,428.9715998380439,435.48139130558843,15221300
2024-05-03,448.5010070800781,450.69411509659585,440.4530898609674,442.5171576767287,16489100
2024-05-06,462.115966796875,462.592304076786,449.8704131384758,452.093259876696,15094600
2024-05-07,464.65643310546875,467.92126239654385,457.7794773876033,462.7213751109802,13406800
2024-05-08,468.9830627441406,471.94023656788784,459.4565282400275,459.95270159665824,11683900
2024-05-09,471.7814636230469,472.4363857703792,464.05107464244514,466.4029313871889,9437700
2024-05-10,472.55548095703125,473.8455194723548,466.0059870918143,473.4386537168411,10750000
2024-05-13,464.4281921386719,469.7273199211645,459.30767949531514,469.13190584002666,14668800
2024-05-14,468.23876953125,468.9234911376046,456.55883016199584,459.82365909681533,10478600
2024-05-15,477.8546142578125,478.8072585621629,467.59375353224107,471.34482265738814,13100500
2024-05-16,469.6082458496094,474.0341037096342,469.1319085251691,471.36468862920213,16608200
2024-05-17,468.29833984375,469.1815126685142,464.83505951456476,467.2265884372279,10807300
2024-05-20,465.2518005371094,469.5784476860999,463.4655886777014,466.3533210681569,11745100
2024-05-21,461.0740051269531,467.0975562508918,458.73205140568564,463.54493846751484,11742200
2024-05-22,464.1999206542969,470.09446225330197,462.0862174173585,464.28922821985554,10078600
2024-05-23,462.2152099609375,470.72953068178265,458.0076699601858,469.26087705798136,11747900
2024-05-24,474.55999755859375,476.1775273800848,462.7312126296393,464.04111742441904,12024300
2024-05-28,476.2469787597656,477.17975667341176,471.20584122977107,472.93251456909275,10175800
2024-05-29,470.7295837402344,476.177587920808,470.0746615435936,471.02730593181747,9226200
2024-05-30,463.4754943847656,468.1196997588506,461.1534068397315,468.06016138210737,10719600
2024-05-31,463.2571716308594,465.52965393072293,450.9818484598858,462.2350557963907,16919800
2024-06-03,473.8356018066406,475.92946902820285,464.65639510838076,467.2563385385533,11279400
2024-06-04,473.3394470214844,475.224929995745,469.60824398888354,473.34938017945996,7088700
2024-06-05,491.2711486816406,492.84897628065335,480.2064891730306,480.7423648637953,15690500
2024-06-06,489.9810791015625,498.97173709860135,487.133049134123,489.20704994565904,10667300
2024-06-07,489.1872253417969,495.091700375797,486.41859982731586,492.11466024786785,9380700
2024-06-10,498.7534484863281,498.81298686453346,489.63378005499686,490.0803178915368,11220900
2024-06-11,503.586181640625,503.71519155721654,494.4565798764981,496.33212967798784,9673700
2024-06-12,504.94561767578125,510.07606269277613,500.6090680736091,510.05619637989713,11983200
2024-06-13,500.241943359375,505.4616660517263,497.52289299395886,501.83960690092306,9954600
2024-06-14,500.7982177734375,503.76827047428316,497.41095233353604,499.29827689365226,10243300
2024-06-17,503.25177001953125,507.3442927979167,492.70258957460356,498.3248520419291,11266600
2024-06-18,496.1593017578125,502.6259016154662,491.7191073037055,501.1955013675605,13060400
2024-06-20,498.3547058105469,500.311571178102,493.45755572406864,498.6526933024228,11801200
2024-06-21,491.48077392578125,500.09297514636967,489.1067263628177,500.09297514636967,22359200
2024-06-24,495.5832824707031,504.41398837827114,490.99409338175263,495.8713572448748,13525300
2024-06-25,507.1952819824219,507.3045339423374,492.1959639995384,493.73561634252076,12063200
2024-06-26,509.69842529296875,510.38382668285755,501.3147021974166,503.2715671209678,8882300
2024-06-27,516.0955200195312,519.3933892059828,510.47328813668884,510.8209300507455,10121200
2024-06-28,500.8578186035156,518.4000638324243,500.48034762615777,513.7016232829023,15855100
2024-07-01,501.3147277832031,503.2020522993896,489.8814984155555,501.58294679281164,10328200
2024-07-02,506.1025695800781,507.0959014143864,496.11959677091244,497.42085904872977,7739500
2024-07-03,506.5595703125,507.87077580738145,502.6458398685603,502.9935121259422,6005600
2024-07-05,536.309814453125,537.2634349299381,508.18862031678924,508.18862031678924,21354100
2024-07-08,525.7904052734375,539.1904418001548,523.1382262947874,538.7334873376542,14917500
2024-07-09,526.4659423828125,533.8960460931625,524.6680139481037,530.1909372581625,8753200
2024-07-10,531.1246337890625,535.2866968575805,524.8368259127777,527.2506151441854,10983300
2024-07-11,509.2813415527344,531.8895881515471,504.9801969068251,527.3500535200477,16458300
2024-07-12,495.5435485839844,504.7020711802023,490.93450369436476,494.44096457337395,19750500
2024-07-15,492.8515625,503.30140324613546,490.0801579921721,495.3050935222818,12539200
2024-07-16,486.52410888671875,500.5896942260501,482.55078072241344,498.15601859977784,14075800
2024-07-17,458.909423828125,475.9748899890231,456.0585659449274,475.9748899890231,28076600
2024-07-18,472.6769714355469,476.0443506761402,461.44239052902367,471.8326332921024,19267200
2024-07-19,473.61077880859375,483.46461539838543,472.53796325902186,472.88563552627363,15149400
2024-07-22,484.14996337890625,488.77889368380687,480.67330171898413,483.3354239432015,12023100
2024-07-23,485.4313659667969,491.9178220255653,484.4678328165319,486.5736915826986,9455500
2024-07-24,458.1941833496094,473.1239602274661,457.5087819303117,469.16057574428834,17649700
2024-07-25,450.3865966796875,460.4589658515136,439.69833629849063,460.17092144183493,18240500
2024-07-26,462.5946960449219,466.63753399730916,456.3565726815499,461.1046981366571,14222400
2024-07-29,462.6045837402344,470.7995717926328,461.91918231436165,466.7467910394615,11339600
2024-07-30,460.1014099121094,469.57780482339075,453.6546955153981,463.88600206485654,11390400
2024-07-31,471.663818359375,473.32269613102295,463.6377091692654,467.8792258794459,24285800
2024-08-01,494.4210510253906,523.6548039805784,488.8186744101764,517.5259626274621,43083100
2024-08-02,484.8850402832031,497.80826747717975,472.9749703834954,485.73929115246585,24044700
2024-08-05,472.5578308105469,480.256153607523,447.7940416649235,448.340392438967,21396200
2024-08-06,490.79541015625,499.20893351019396,475.4583614663161,475.8060337333228,20955000
2024-08-07,485.659912109375,506.7483318209171,483.61362022739144,499.7751518451447,20105300
2024-08-08,506.23175048828125,506.55953668319745,491.4211679453795,494.18262946631637,16156800
2024-08-09,514.3175659179688,514.883772473947,502.32804054292995,504.3246173925069,13696600
2024-08-12,512.5096435546875,514.5658480140165,505.7053134773553,513.4135489736507,9767400
2024-08-13,525.0156860351562,527.9559706517589,514.6950123852472,516.5425953987603,13743800
2024-08-14,523.24755859375,530.4392723612109,519.6417586898049,524.5388780300436,11444200
2024-08-15,533.7470703125,536.1708026803833,523.1879469001557,528.2439725420813,13482100
2024-08-16,523.903076171875,530.1014573197285,521.1614705192093,528.3532441619528,14776700
2024-08-19,525.7507934570312,528.1148678543794,519.2742493741875,523.3568293697928,9879700
2024-08-20,523.2176513671875,527.5486241898866,522.3733435694845,524.8268440690854,7944400
2024-08-21,531.5914916992188,535.8032700316064,523.4163892745524,523.6349538269176,13423300
2024-08-22,528.383056640625,540.6010274942679,525.0653618809546,533.4192569001465,15708300
2024-08-23,524.4794311523438,536.2702801804567,521.5590318946633,533.3399378997062,11323900
2024-08-26,517.6452026367188,524.4793321175962,511.51636075055256,524.0819750389632,9584000
2024-08-27,515.6385498046875,520.5158432413665,511.87384384105246,515.5193548304624,6282700
2024-08-28,513.3341064453125,517.615364659823,509.0329621910887,514.2181257900095,9106100
2024-08-29,514.7644653320312,523.6846276660798,512.2414239497651,515.5889478445253,8317400
2024-08-30,517.8338623046875,520.0489730917525,511.7646188064961,517.8735737554629,9157500
2024-09-03,508.3475036621094,521.9859301968734,505.22842718576123,516.174963281038,12459100
2024-09-04,509.3210144042969,513.1453787891634,500.70884337263965,502.6955072728807,8335200
2024-09-05,513.4135131835938,518.1517257651456,507.74159650154314,508.307802962019,8640900
2024-09-06,496.93414306640625,521.0820696565472,494.9276235238455,518.4000613773472,14744500
2024-09-09,501.4239807128906,507.9203490259209,498.7320296394815,502.78484046365617,11047800
2024-09-10,501.4239807128906,510.75135079158616,496.695711522714,504.7715041147782,9899000
2024-09-11,508.4170837402344,509.6984904565573,492.29532543071457,503.6292467318183,10782500
2024-09-12,522.09521484375,523.1978593142228,511.7844250205015,513.6022393471186,11970500
2024-09-13,521.121826171875,524.0621107021185,513.6618931917054,516.8703967615143,10321400
2024-09-16,530.2294921875,531.0447481141917,514.4403261539426,521.5394368849483,9527600
2024-09-17,533.2520141601562,538.9989183875797,527.5349067624319,534.5246604241431,11690800
2024-09-18,534.8726806640625,541.0869276726933,530.845860739671,533.9977098303668,10323500
2024-09-19,555.9016723632812,558.8547141847413,543.3936793129712,546.8537527288971,15647000
2024-09-20,558.1387329101562,561.2707373843093,553.1176339334665,556.7964799560907,22066800
2024-09-23,561.1812744140625,570.6965366558616,559.1927153838685,566.2421838477487,12830700
2024-09-24,560.1075439453125,564.5022427843289,551.0198138385321,563.4383563302257,12993000
2024-09-25,565.0589599609375,573.5799422527921,560.4951905177006,560.8233197330189,16543400
2024-09-26,564.591796875,574.0971081324976,559.1331504876267,572.436617382725,14400800
2024-09-27,564.1143798828125,567.574513670228,561.2807076961036,566.8386958935577,9398400
2024-09-30,569.1653442382812,571.3925205491627,561.5690344960939,564.4524692436476,12792300
2024-10-01,573.1723022460938,579.7047261626475,566.8387463764593,574.6736740742251,15259300
2024-10-02,569.5332641601562,572.705018338464,566.0831432657689,571.5715250916941,6524700
2024-10-03,579.4362182617188,580.0228091163762,565.476496817631,566.8884172422595,11581000
2024-10-04,592.5309448242188,593.4357124935896,578.1039391514795,580.3907699305325,14169500
2024-10-07,581.434814453125,599.5008565761534,580.698996622439,594.7978731184487,12014200
2024-10-08,589.4984741210938,590.1646244921006,582.6180152740485,586.3167671153983,7857400
2024-10-09,587.1320190429688,590.9898285010107,578.2829068901802,590.5920924118491,9529700
2024-10-10,580.4901733398438,586.8535252444071,579.187669721319,584.2087686773417,7740400
2024-10-11,586.5751953125,587.8279971754954,579.3766215385939,581.4844891955055,8587100
2024-10-14,587.04248046875,596.6670986656153,586.585150741633,590.8207303998246,8252000
2024-10-15,582.9163208007812,587.2314602827565,576.821381994876,586.7840223253323,9564200
2024-10-16,573.4904174804688,578.7501945674716,570.7462571969033,578.0740918292597,11268400
2024-10-17,573.6296997070312,581.6236855285798,571.9096154864388,579.9931131702996,8701200
2024-10-18,573.1723022460938,580.6293988605148,571.9593103260983,577.7758214109436,7694300
2024-10-21,571.8697509765625,573.9378692579733,565.8543723443174,572.7348299431258,8171900
2024-10-22,578.6806640625,580.1919884331684,568.8472245196812,571.0047942012734,8544500
2024-10-23,560.4654541015625,581.6535493433651,559.2822589840049,576.6522939692993,14248400
2024-10-24,564.531982421875,565.625665478875,558.3077837170615,563.885676542558,7184700
2024-10-25,569.9707641601562,577.9647500652169,568.4494872870167,570.6468669862153,11337900
2024-10-28,574.8526000976562,580.410649118249,570.8357328269512,578.67066002025,10925100
2024-10-29,589.8862915039062,590.2740144668209,572.108565553997,576.8313941446783,13019100
2024-10-30,588.4144897460938,597.7607396333722,586.0083507825154,597.5419666261413,26864900
2024-10-31,564.3331909179688,586.5255172425846,559.7893261973286,581.6535232859577,26838400
2024-11-01,563.91552734375,570.3882965161611,559.3418659763402,564.3629652502584,15303200
2024-11-04,557.4727172851562,565.4369071400736,554.698698856843,560.8731367595427,12064600
2024-11-05,569.1554565429688,570.1994379718212,563.4283964137084,564.0547974082218,9775400
2024-11-06,568.777587890625,569.7221655728422,551.9941447200907,559.5308004818795,18305400
2024-11-07,588.3153076171875,591.397550397011,571.9196451578358,573.5900277629676,14653700
2024-11-08,585.96875,589.707190216614,581.1763151778936,588.1561165108458,9415700
2024-11-11,579.833984375,583.6420920185832,573.2121093173138,583.0057385461188,10209100
2024-11-12,581.4745483398438,596.2296222338206,577.059944903041,585.1732389751623,16287700
2024-11-13,576.68212890625,582.2898800347385,571.8797417717248,579.2771839216865,10757600
2024-11-14,573.8583984375,577.4378414789874,569.7321744285508,573.6993404002395,11053700
2024-11-15,550.910400390625,569.2946185704093,548.3451422976771,567.9523048385856,17712900
2024-11-18,551.228515625,556.6970522455416,546.9431739007064,553.8533670815018,14327300
2024-11-19,557.8803100585938,558.2183311036446,547.4502671516217,548.7030690284671,9522400
2024-11-20,562.2849731445312,563.1101814515828,551.0297217043255,559.7097624878369,9797300
2024-11-21,559.8688354492188,566.739279664007,545.9091133005595,566.2620449532839,11154700
2024-11-22,555.9415283203125,560.6047022245103,551.4175681293176,560.3262747981044,9164000
2024-11-25,561.8773193359375,569.3145718667378,553.207230520728,558.8845280879963,13599800
2024-11-26,570.259033203125,574.1964018053228,561.9667762936829,562.7621877433986,10356600
2024-11-27,565.9439697265625,571.6908743519631,560.8731072719025,571.601423170664,7200200
2024-11-29,571.0346069335938,575.1509386081322,563.6570700717043,565.7450327371056,7130500
2024-12-02,589.4387817382812,591.0992116485587,572.2775064388576,574.196458750282,12522400
2024-12-03,610.1396484375,610.6864900333547,587.8677630350062,591.5963112149323,14907200
2024-12-04,610.2688598632812,614.2459775975443,601.6384609762498,609.4535434454373,14697000
2024-12-05,605.4466552734375,616.353933785045,603.5774048146206,613.5500580968196,8081200
2024-12-06,620.2017211914062,626.1872423031517,605.0489118572826,606.6098772133706,16935500
2024-12-09,610.06005859375,622.8166811211822,602.7023662786942,620.3508267816162,11426000
2024-12-10,615.7772827148438,622.0114355661352,609.2349055981941,614.0273408137083,10938900
2024-12-11,629.0607299804688,634.7480401253283,617.9745502630952,619.8039905100828,10837200
2024-12-12,627.1815185546875,633.017934128409,623.6220417827839,627.887478818055,7474700
2024-12-13,616.80126953125,627.469929936179,613.3611012669363,623.6319649076017,8453300
2024-12-16,621.1697387695312,628.0457867533739,615.5376035416824,626.8814975325155,10885600
2024-12-17,616.393310546875,629.2597075495864,613.507549791668,623.0901898648054,12897800
2024-12-18,594.2527465820312,624.2743396016706,593.3870305020766,617.9456355913278,17075500
2024-12-19,592.6407470703125,608.512310503509,592.0735432784724,607.3878634532757,14958100
2024-12-20,582.3714599609375,600.143601343373,577.1472819775203,587.6752614717944,48989400
2024-12-23,596.899658203125,598.1336103729398,583.3665730831542,586.7000720639313,10205800
2024-12-24,604.7608642578125,604.99967413285,596.3325519539701,599.7555744761255,4726100
2024-12-26,600.3824462890625,603.3179490935831,595.994163249834,602.5019749107529,6081400
2024-12-27,596.85986328125,598.8898077827639,586.8990872280444,596.4618063664631,8084200
2024-12-30,588.3319702148438,594.0039468527602,582.6998357068834,585.8542270232425,7025900
2024-12-31,582.6302490234375,591.0486006579675,580.9783795227164,589.3570104919964,6019500
2025-01-02,596.2926635742188,601.9347590067932,584.9288491785778,586.8194676993116,12682300
2025-01-03,601.6560668945312,606.5021084147011,593.4764662702436,601.7854323342851,11436800
2025-01-06,627.1004028320312,627.8864953892827,602.641281410124,608.8207596792694,14560800
2025-01-07,614.8509521484375,628.9910220723464,605.2384303850833,628.5930258941997,12071500
2025-01-08,607.7161865234375,613.4080846789525,599.8251969713253,610.3830585744919,10085800
2025-01-10,612.8308715820312,626.8117543633127,594.4020036952091,607.0295902270824,19256600
2025-01-13,605.3379516601562,605.9747576676493,595.5065414878209,604.1139601037415,10785000
2025-01-14,591.3272094726562,602.5119163465189,585.6552325061541,602.0939991024484,13598000
2025-01-15,614.084716796875,619.3984789584875,603.5169556717734,607.2087300599234,15524300
2025-01-16,608.2933349609375,613.2190007447427,606.7111893194766,608.4923634164871,8355300
2025-01-17,609.756103515625,621.896049094774,600.7008255237737,620.9805911305821,17280600
2025-01-21,613.4280395507812,618.443229069153,606.0146693079478,614.7912965163201,11674000
2025-01-22,620.4332885742188,630.583131584813,616.3832997551551,620.2342601357851,12274000
2025-01-23,633.3197021484375,633.4689279487995,618.0949656788501,624.27438359991,9910200
2025-01-24,644.305419921875,648.7932479651176,631.0808064099955,633.2699982280365,19065300
2025-01-27,656.6343994140625,660.6047649681485,622.0254349357211,623.5280177511174,28399200
2025-01-28,671.013427734375,679.2228513674787,656.2264682196907,662.7243805632816,20950100
2025-01-29,673.1627197265625,677.7002892439266,662.3959298804792,671.6800579089199,21377800
2025-01-30,683.6210327148438,707.294001197109,672.774619401076,693.3927409364592,29322900
2025-01-31,685.7903442382812,701.8310551092019,682.2080746968453,687.6014000766061,19303900
2025-02-03,694.0296020507812,700.5374135449807,671.9288188867163,672.5855459885331,21415700
2025-02-04,700.7265014648438,704.2292080677055,688.2083581609453,699.0448111623289,13826300
2025-02-05,701.4032592773438,714.6080133658552,695.5720948734453,700.089744095976,17778200
2025-02-06,708.4880981445312,715.3641456188349,700.0398655613205,702.4081644926629,13080700
2025-02-07,711.0056762695312,721.4440718312758,708.249280988419,713.2744305821955,16427100
2025-02-10,713.8715209960938,717.652818700605,707.8313687608933,715.0257888589608,12904300
2025-02-11,716.2597045898438,720.1007048878689,706.5476987131067,709.8115954275665,12998000
2025-02-12,721.8123168945312,723.5238281436095,709.0951445232752,711.7818770685368,12016500
2025-02-13,724.9766845703125,725.4145229257568,714.5084061760308,717.9713316181679,12569100
2025-02-14,733.0467529296875,737.2658892402018,722.0511132817282,722.5685751543255,16901200
2025-02-18,712.8466186523438,733.375157429416,702.9654654069245,732.3800758046814,21938700
2025-02-19,700.3085327148438,703.5226265523086,691.9697448143099,700.6368658835008,17535500
2025-02-20,691.4225463867188,702.1594553078776,690.2284362839436,693.8505479928752,12587400
2025-02-21,680.18798828125,700.4080528713276,679.0038387952945,693.1539301625503,15660400
2025-02-24,664.8439331054688,683.8898111914191,659.1918764054572,682.9046900378296,15677000
2025-02-25,654.2660522460938,664.7144074530656,638.7029638185587,662.6943629602742,20579700
2025-02-26,670.386474609375,679.6506817176414,654.763681609393,656.4055905153153,14488700
2025-02-27,655.0025024414062,685.2629678985895,654.3358147754243,679.0934498337167,12500000
2025-02-28,664.91357421875,666.336533697634,639.4394474020801,654.8035105893175,17534200
2025-03-03,651.8281860351562,677.8993359462462,647.6389313945824,670.3665609910959,10843800
2025-03-04,636.8521728515625,646.554217672348,620.5826142922276,642.3350817447994,21495200
2025-03-05,653.2410888671875,656.2562148067185,634.5236092639633,637.8472080229061,13770000
2025-03-06,624.8416137695312,647.3603163884869,621.0403945748483,644.8129097915485,13446500
2025-03-07,622.582763671875,631.6678640718745,597.6559802759192,622.2942118555259,21375700
2025-03-10,595.048828125,607.109212093194,583.9835257431913,605.0792675215534,21999900
2025-03-11,602.7308349609375,611.9054572036264,590.4117211785095,592.1232321992892,17401500
2025-03-12,616.5126953125,630.2149870827395,606.352891273559,626.8018648059933,15747000
2025-03-13,587.7349853515625,617.4481060645986,583.6252936627146,617.1993356753703,16480300
2025-03-14,605.1494750976562,606.4044031406513,592.381232702444,600.3688460487675,12364500
2025-03-17,602.4603881835938,610.6272679434014,595.5881924170304,605.01006095703,15473900
2025-03-18,580.01123046875,597.8290917063831,572.34227369431,597.6298861819188,20297700
2025-03-19,581.7044067382812,589.9311027976759,572.4518964146898,581.9235510596104,20537500
2025-03-20,583.6365356445312,607.7389439842362,577.172720940167,580.4096129893901,24336500
2025-03-21,593.8452758789062,595.1300513212973,578.6069941650959,581.0670032780688,25015900
2025-03-24,616.3540649414062,620.0291850741187,609.7309218178737,612.4897086743648,15741300
2025-03-25,623.7840576171875,631.3235347184631,618.6747423038911,624.2322549021957,15312500
2025-03-26,608.5158081054688,624.2222248223229,604.163437823038,622.3697410659778,12609800
2025-03-27,600.1497192382812,611.7726353131792,597.67968012305,599.5720414465346,10436500
2025-03-28,574.4139404296875,599.3230823357646,571.605306475786,597.8888875675808,17602800
2025-03-31,574.0354614257812,576.3660506926756,551.0684674021583,561.2273418254761,21124700
2025-04-01,583.6365356445312,587.5307390242879,567.70106709451,568.537705940541,12836600
2025-04-02,581.5748901367188,590.2696609066593,571.0475136953103,572.5912500878843,13470800
2025-04-03,529.4758911132812,550.3314393515183,528.1612075786397,544.016982785148,34777500
2025-04-04,502.6943664550781,515.9108358048159,492.2068365877987,504.5767280238223,38589800
2025-04-07,514.1678466796875,537.1945936136326,479.9563819403582,483.14348777248983,36606100
2025-04-08,508.3912658691406,545.2220987278512,500.83185110030036,541.0589647931961,28034200
2025-04-09,583.407470703125,585.5189153793327,500.08485719899596,507.2159828753818,39216600
2025-04-10,544.0867309570312,578.9555415344041,533.141064552052,573.1689763297147,28173500
2025-04-11,541.3777465820312,545.1923169106578,526.4581815568449,533.3502556297472,17642300
2025-04-14,529.3364868164062,555.5204964254532,526.1494412576809,553.926912857093,14130900
2025-04-15,519.4166259765625,535.7703838427552,515.4128199804695,529.9638803667925,15558700
2025-04-16,500.2840881347656,511.29947867102186,493.6310371089192,506.459094542153,18735100
2025-04-17,499.45745849609375,505.25396236597624,496.0014523688267,503.21224251554713,14593500
2025-04-21,482.7052917480469,491.50963495584347,477.8648771062618,489.3483735420339,16166000
2025-04-22,498.2622985839844,504.8356859267328,484.3984265448332,489.886213659528,17399400
2025-04-23,518.1716918945312,533.1809196011152,514.4368162114096,526.398387792126,18173900
2025-04-24,530.9998168945312,531.746792125581,515.4129094243589,516.6379293508005,13910000
2025-04-25,545.0628051757812,547.6423253119987,534.0872308807745,544.5946691393716,17098900
2025-04-28,547.5228271484375,556.2375374162976,538.409766598872,553.3990561017924,15179000
2025-04-29,552.203857421875,554.3252716550422,541.9254723342877,543.7978948573555,11835000
2025-04-30,546.7858276367188,546.8854000110363,527.3644731031741,536.2286028212618,29244000
2025-05-01,569.9022827148438,590.558627980007,568.1991573093333,589.6921415778174,31159000
2025-05-02,594.6121826171875,601.9026676753685,575.9975586829169,581.1068737819331,24739300
2025-05-05,596.8531494140625,600.7772617327329,585.6783683283057,588.8355666226496,13887700
2025-05-06,584.9413452148438,593.6262086030198,584.2143087960085,590.1403242884969,10600700
2025-05-07,594.4030151367188,600.6477471780503,584.3038959778277,587.9790163444538,13139100
2025-05-08,595.5982055664062,608.8345844494372,594.2137969163823,603.8447803031055,14622800
2025-05-09,590.1004028320312,604.5219836999701,589.3235802814015,601.2850913628599,10427300
2025-05-12,636.85107421875,637.8072242767122,618.5253206919152,628.3753866174048,21965100
2025-05-13,653.3840942382812,658.2543254316694,640.2373210195778,642.9363519991007,18570800
2025-05-14,656.7007446289062,659.9973927569988,651.6711237576287,658.543319934739,12348200
2025-05-15,641.2831420898438,654.6589696292252,636.0045299274248,651.6412216753015,14341800
2025-05-16,637.7575073242188,637.8570797042149,623.6247337876389,635.3871011059229,18519000
2025-05-19,637.8471069335938,640.4067492915384,625.2680394833011,625.7162367689098,9592400
2025-05-20,634.5304565429688,636.7713819580241,629.7100110253076,633.4448867170665,6743500
2025-05-21,632.9368286132812,644.0020038994464,627.6283091588355,629.2417703261709,11464600
2025-05-22,634.0025634765625,640.6556140942819,628.166212891271,631.4927078056375,8228400
2025-05-23,624.5309448242188,629.8992205141227,620.1387579436545,621.4832888202177,8454100
2025-05-27,639.7294921875,640.4864367881302,630.1980812771392,632.847326590347,9508400
2025-05-28,640.984375,648.2549209907568,639.958499945528,640.0082861312126,9042900
2025-05-29,642.4484252929688,650.6850908623647,636.9208212538034,649.0218431897822,8858800
2025-05-30,644.878662109375,646.7909017255059,630.2280264669267,639.9087965132786,16241000
2025-06-02,668.1942138671875,670.5446811489596,641.6616412070963,641.791121766507,15766300
2025-06-03,664.1605224609375,672.8553550898889,662.3479161440031,668.7420068089284,11585000
2025-06-04,685.1753540039062,686.2211069583093,665.8735130698844,666.6204881500277,14031900
2025-06-05,681.8588256835938,691.5794719470881,679.4983890924821,688.8704104821669,13083100
2025-06-06,694.8960571289062,699.9754637799698,689.0795839414949,693.3622292653906,11728000
2025-06-09,691.2608032226562,702.3459199881064,691.1412920544841,695.6430820189607,12773200
2025-06-10,699.567138671875,700.3937473880201,688.7708312874433,698.5213248498013,10850100
2025-06-11,691.3404541015625,706.0110265671628,689.1991010267074,700.871864292101,9582500
2025-06-12,690.5635375976562,692.575410020333,684.2292032313352,690.5037820202001,7322700
2025-06-13,680.1158447265625,691.7686684593297,678.2633610655403,685.175373097979,9274400
2025-06-16,699.8262939453125,704.839891030923,691.2444358848513,697.0454302800655,13720300
2025-06-17,694.9523315429688,703.6637707541142,693.7861706289875,699.7067687984049,10066100
2025-06-18,693.4970703125,699.2980647722242,692.6299173050131,695.8991705300261,10068300
2025-06-20,680.120849609375,699.5272759324512,676.4528788689065,698.4607641474819,22538600
2025-06-23,696.248046875,696.7663067524254,676.5326356722177,681.4564999402276,11080100
2025-06-24,709.8734130859375,710.860169242287,699.8163481052391,702.5872956643889,13823200
2025-06-25,706.3648681640625,714.2390846812559,703.0756608117819,710.9897247556078,9320400
2025-06-26,723.718017578125,725.84100327131,708.7271116959034,712.0262960706955,13964800
2025-06-27,731.2333984375,733.0275060697373,723.4887618360168,724.1466398304902,18775700
2025-06-30,735.6788940429688,745.4568450948445,731.8514114766995,742.1177521024767,15402100
2025-07-01,716.8704223632812,735.3399177465482,713.0330238804761,734.4727647300622,13431200
2025-07-02,711.2388916015625,717.946886332231,710.4713875973353,712.9931517050737,9336700
2025-07-03,716.6611328125,726.6484187341657,712.0861007528597,724.23628063908,8601700
2025-07-07,716.0032348632812,724.6250009558648,711.1790804792781,715.2556849998467,9457100
2025-07-08,718.3157348632812,720.5484076114845,712.4748926138262,719.2128191233631,7770700
2025-07-09,730.3861694335938,735.1206520424314,720.3589752323313,720.3589752323313,11418000
2025-07-10,724.8642578125,733.3962917497249,717.2492014044612,729.1601755610233,9913600
2025-07-11,715.1660766601562,722.791049443565,707.3815924903404,720.1397657932962,10873900
2025-07-14,718.5648193359375,725.6217068153527,714.2091004956787,715.2556580979717,8939400
2025-07-15,708.0692749023438,722.1032338104419,707.5011297082585,721.5351494521201,11529500
2025-07-16,700.6136474609375,711.6375132851348,696.985585155631,711.0394977501286,13067600
2025-07-17,699.1185913085938,703.5939743779064,694.8326508122145,702.0888975460598,11803300
2025-07-18,701.9793090820312,702.4078970710398,689.3905635084973,699.896109861645,12779800
2025-07-21,710.6408081054688,714.6576719200774,703.4544009949688,704.4909815749821,9404400
2025-07-22,702.5075073242188,714.258969568067,699.1185901916039,713.8503357336546,8921100
2025-07-23,711.2489013671875,712.2954590710364,702.6271347622425,704.062433018762,8771600
2025-07-24,712.4649047851562,721.256099225235,711.6675303636672,714.7075545657141,10920800
2025-07-25,710.3517456054688,718.2957401275581,709.5743254141869,714.5778842585692,8271700
2025-07-28,715.28564453125,722.3724029167645,710.3518030699777,712.8635901780652,8715700
2025-07-29,697.7132568359375,722.1032896273051,697.6235240780348,717.6479213169642,13267000
2025-07-30,692.9389038085938,706.1854660197899,688.9419939778502,705.7768321791035,27077300
2025-07-31,770.913330078125,782.1863801577031,763.0092430876867,772.667590247117,38831100
2025-08-01,747.5598754882812,763.497629588928,742.8752172910131,758.2448261685668,19028700
2025-08-04,773.8338012695312,774.3122137700193,755.9324499017634,757.5172825632864,15801700
2025-08-05,760.9659423828125,780.571667176634,760.507423214992,773.913496774336,11640300
2025-08-06,769.468017578125,771.1126516160077,757.9757159507556,767.4845283360178,9733900
2025-08-07,759.3412475585938,772.4682063669705,757.0686667309535,770.9631295472946,9019700
2025-08-08,766.786865234375,767.3849416766147,756.101914160301,760.2582747146965,7320800
2025-08-11,763.3681030273438,770.9333352985195,762.1720109386977,767.5643719861222,7612000
2025-08-12,787.419189453125,791.077183084039,769.9065806861354,770.4747258826147,14563100
2025-08-13,777.5316162109375,792.8613769942957,775.6876233736197,788.5654595317508,8811800
2025-08-14,779.5748901367188,785.2363270315518,769.986322264654,775.3387743217048,8116200
2025-08-15,782.664794921875,793.6488143059948,778.269228256533,781.5883668624648,13375400
2025-08-18,764.8631591796875,773.2755899130946,754.0884756033142,772.5579712024165,16513700
2025-08-19,749.0250244140625,764.6637703117248,746.9119549568848,764.613945820292,12286700
2025-08-20,745.2772827148438,747.7492222984731,728.6119336256934,745.1278092436016,11898200
2025-08-21,736.6854858398438,743.0646026719377,730.7150636889187,742.2772053426181,8876300
2025-08-22,752.32421875,754.4273720053774,731.9908982789533,736.81505282597,10612700
2025-08-25,750.8390502929688,756.40083816002,747.679423323267,752.3541041091971,6861200
2025-08-26,751.636474609375,752.4039786334924,745.4966249237331,748.3472672479323,7601800
2025-08-27,744.9384765625,751.6863799088018,740.4133296583533,749.8423869559551,8315400
2025-08-28,748.6563110351562,750.5899760103364,738.3799934657852,741.5695520935569,7468000
2025-08-29,736.2868041992188,744.6992345800578,732.9477115811937,742.8453254860702,9070500
2025-09-02,732.7084350585938,733.5955420945892,719.3721416683287,723.6680587816751,9350900
2025-09-03,734.6421508789062,737.8317091036498,731.5921498947655,733.5955932459119,7699300
2025-09-04,746.204345703125,758.6734271200463,743.3835736708148,746.1245900119145,11439100
2025-09-05,749.9918823242188,755.4739147328357,742.596139272426,750.1613099282893,9663400
2025-09-08,749.8423461914062,764.0059463353695,749.5632925404257,753.5302710608411,13087800
2025-09-09,763.1985473632812,763.7965628893893,750.9686127504068,755.0153467057662,10999000
2025-09-10,749.5233764648438,763.1985869501963,748.5465974429485,762.6304417530438,12478300
2025-09-11,748.447021484375,754.6267189634892,745.9252571616319,752.184771170502,7923300
2025-09-12,753.1216430664062,755.095155276553,741.330272625368,746.2840072815898,8248600
2025-09-15,762.2018432617188,771.5412279036273,749.5333431691193,754.9954213012545,10533800
2025-09-16,776.4551391601562,778.8074148399552,762.6005237676653,764.494341124313,11782500
2025-09-17,773.1858520507812,780.7311297077449,763.8066193659058,777.4419223006557,9400900
2025-09-18,777.7011108398438,786.203274581819,770.8336042127465,778.1994774600552,10955000
2025-09-19,775.837158203125,788.2165669565625,766.6771780735046,783.8508708699721,23696800
2025-09-22,763.1751098632812,783.6917575585782,762.4868973227559,779.8218176027002,11706900
2025-09-23,753.4404296875,768.6009504341728,749.1216451610411,767.254476840496,10872600
2025-09-24,758.686767578125,759.1356124217834,750.5779133776451,755.5349916265823,8828200
2025-09-25,746.9672241210938,754.8068807440363,742.6185490172081,751.4954858581857,10591100
2025-09-26,741.8206787109375,749.9794521140951,735.4372562509625,748.0544659269957,9696300
2025-09-29,741.4715576171875,748.8324179023273,737.2325826153279,746.777703342028,9246800
2025-09-30,732.4749755859375,741.0426584785586,724.4159185837501,740.3245554260684,16226800
2025-10-01,715.4791259765625,719.9773751402398,708.357633728991,719.6183236513255,20419600
2025-10-02,725.1639404296875,725.8821043267139,716.2770807321521,720.7055653205383,11415300
2025-10-03,708.7167358398438,729.1037149276121,708.3377167266436,727.7372737109582,16154300
2025-10-06,713.8035278320312,715.0203947681905,688.718804278428,703.3607165744016,21654700
2025-10-07,711.230224609375,716.636147605649,703.9192222306009,715.8581417735932,12062900
2025-10-08,715.9779052734375,717.7832075860277,705.9738944950672,711.599278595462,10790600
2025-10-09,731.6072387695312,731.6072387695312,710.5918883665408,716.4167658258609,12717200
2025-10-10,703.4703979492188,733.3626856542741,702.6824691715568,729.0239332852144,16980100
2025-10-13,713.8433837890625,718.072374881022,705.8042950194317,711.1603595995662,9251800
2025-10-14,706.8117065429688,713.6937706407739,697.5158763660478,705.9439682909708,8829800
2025-10-15,715.6885986328125,722.0221626881838,707.6694770310874,715.1998794771447,10246800
2025-10-16,710.2228393554688,723.6080097298942,702.0540824517458,715.6886043056783,9017000
2025-10-17,715.0602416992188,716.6760344343375,704.2882698394852,705.2458014471516,12232400
2025-10-20,730.2706909179688,731.8665769499745,718.3118034233538,719.3191931642514,8900200
2025-10-21,731.3678588867188,736.5842723709278,726.8595646449745,734.110725168398,7647300
2025-10-22,731.5074462890625,738.6787972623451,722.1518348008319,731.9264006052239,8734500
2025-10-23,732.095947265625,740.4841042897723,731.1982575844598,732.7941435868839,9856000
2025-10-24,736.444580078125,739.2872233202683,729.2533227506186,734.8786455644157,9151300
2025-10-27,748.872314453125,753.7895182960361,746.069606274355,747.7851152228061,11321100
2025-10-28,749.49072265625,756.4326899204912,743.5860965317024,750.6776381609803,12193800
2025-10-29,749.7200927734375,757.1906533932021,740.5838813084906,752.7921200604676,26818600
2025-10-30,664.7410888671875,679.1935516668058,648.4833846789722,667.414190282622,88440100
2025-10-31,646.6680908203125,673.1392823636344,643.8953340746643,672.7602632515434,56953200
2025-11-03,636.0557250976562,657.619635334369,634.5296648817072,654.298256711345,33003600
2025-11-04,625.6926879882812,640.0752642850032,624.3860886703497,626.410791028598,27356600
2025-11-05,634.30029296875,640.5639703518489,624.9146693781357,630.6697208898194,20219900
2025-11-06,617.3344116210938,634.3501538797125,616.3968476378337,634.2005186436334,23628800
2025-11-07,620.0972290039062,620.5161224262619,599.640424749484,614.8907386759073,29946800
2025-11-10,630.1212158203125,633.3528014765299,616.5065997528014,629.4529708548182,19245000
2025-11-11,625.4533081054688,627.9268552540688,617.7832543081277,626.3709044869131,13302200
2025-11-12,607.43017578125,627.3583261459861,606.1934022078184,626.5005716840028,24493300
2025-11-13,608.3079223632812,616.0478021853295,601.4357808374693,611.4796659420805,20973800
2025-11-14,607.8790283203125,612.088052043071,593.6560102918138,600.2288811530552,20724100
2025-11-17,600.4483642578125,610.1032465254069,593.855525554584,607.4600964135232,16501300
2025-11-18,596.1395874023438,602.0940719298206,582.2656968950795,590.065358149623,25500600
2025-11-19,588.7886352539062,593.7856483585136,579.7421567881397,592.1797786556917,24744700
2025-11-20,587.6217041015625,605.1460720070379,581.8367012414765,601.9344542639864,20603000
2025-11-21,592.70849609375,596.5684523172222,580.3506215479276,586.9734117815261,21052600
2025-11-24,611.4596557617188,615.1002115339802,596.0796743085915,597.1668126146857,23554900
2025-11-25,634.569580078125,635.3974440566444,616.696082618217,622.3813086708644,25213000
2025-11-26,631.9663696289062,636.7040478933542,629.9915253276793,636.0358029520913,15209500
2025-11-28,646.2691650390625,646.3688812783262,633.8514494094911,634.4299618769652,11033200
2025-12-01,639.20751953125,643.6459879981971,636.1056017671217,637.8909364271796,13029900
2025-12-02,645.42138671875,646.1894088056151,636.414842355605,640.6737853801045,11640900
2025-12-03,637.9408569335938,647.1668624868771,635.8961867971512,642.7383773862279,11134300
2025-12-04,659.81396484375,674.3461154685141,658.3377626918029,674.2463992276428,29874600
2025-12-05,671.673095703125,672.9398207362489,660.6717397649775,662.2775487290173,21207900
2025-12-08,665.0702514648438,674.9545781663558,663.344758713728,667.603701448277,13161000
2025-12-09,655.2557983398438,662.7562492699393,651.6451938720459,662.0481300460407,12997100
2025-12-10,648.4434814453125,652.8121240146866,641.730959438269,648.2639556943986,16910900
2025-12-11,651.016845703125,653.5801862453618,639.1377070000864,641.6212380225077,13056700
2025-12-12,642.5587768554688,709.1555875928369,636.9533606253732,648.1143349664432,14016900
2025-12-15,646.3570556640625,651.8372704406642,637.5627451568915,644.5502809809109,15549100
2025-12-16,655.9798583984375,661.3602142938313,642.054686531657,642.3541401459643,14309100
2025-12-17,648.343505859375,660.0526000253047,648.0440522221027,654.4426118233187,15598500
2025-12-18,663.2669067382812,669.366012780715,655.2911433094866,655.8601356908653,20260300
2025-12-19,657.5969848632812,669.8051880946751,657.0080086354003,665.2333263832898,49977100
2025-12-22,660.3220825195312,672.380589007267,655.4807431709672,660.4718397886508,15659400
2025-12-23,663.7559814453125,664.8140915262984,657.0778915122911,658.8746741689592,8486800
2025-12-24,666.3613891601562,666.9902722948509,661.0209394131572,661.3503688947783,5627500
2025-12-26,662.10888671875,667.7588423243637,660.1424238558649,666.8704124858896,7133800
2025-12-29,657.5171508789062,659.0743707339258,653.2248195668056,656.8383689858442,8506500
2025-12-30,664.7642211914062,671.0230153954109,656.6686764849229,657.5171386037911,9187500
