Price,Close,High,Low,Open,Volume
Ticker,TM,TM,TM,TM,TM
Date,,,,,
2000-01-03,56.87040328979492,57.163172418699915,56.65082644311618,57.08998013647367,21200
2000-01-04,54.235469818115234,55.77250742429664,54.0890852841932,55.77250742429664,18800
2000-01-05,54.45506286621094,55.0406011766003,54.162293711016254,55.0406011766003,21000
2000-01-06,49.62436294555664,50.0635165999421,49.47797839409482,49.47797839409482,54800
2000-01-07,50.356292724609375,50.42948501054631,49.258408435555395,49.258408435555395,59800
2000-01-10,52.149497985839844,52.332478680527,51.23459451240405,51.23459451240405,20700
2000-01-11,51.0516242980957,51.49077805549867,51.0516242980957,51.49077805549867,39300
2000-01-12,50.06352233886719,50.356291475351796,49.91713777062489,50.06352233886719,27700
2000-01-13,50.24648666381836,50.502659574704545,50.063506013185375,50.35627505419815,13000
2000-01-14,51.34437942504883,51.34437942504883,50.86862965133134,50.86862965133134,6800
2000-01-18,49.55117416381836,49.770751006494066,49.295001180696694,49.770751006494066,17000
2000-01-19,47.20903396606445,47.318822417148326,46.76988016172897,46.84307246245155,55900
2000-01-20,48.96564483642578,48.96564483642579,48.59968336530153,48.59968336530153,14200
2000-01-21,50.2830924987793,50.28309249877929,49.91713112688134,50.06351567564052,12000
2000-01-24,50.905242919921875,51.527377448777855,50.7222621761407,50.868646771165636,50500
2000-01-25,48.746063232421875,49.55117839091533,48.746063232421875,49.477986103779564,14800
2000-01-26,50.209903717041016,50.35628827598283,49.77075004021558,49.77075004021558,7900
2000-01-27,50.13673782348633,50.429507095448294,49.9537570285101,49.9537570285101,6700
2000-01-28,50.356292724609375,50.941831012104835,50.356292724609375,50.8686387261679,52300
2000-01-31,51.08821105957031,51.08821105957031,50.722249662295454,50.94182650066037,19600
2000-02-01,52.25929641723633,52.25929641723633,51.23460433062385,51.23460433062385,16500
2000-02-02,50.94184494018555,50.94184494018555,50.72226802233992,50.94184494018555,12700
2000-02-03,50.575862884521484,50.722247437009244,50.06351695081432,50.06351695081432,8300
2000-02-04,52.69845199584961,52.69845199584961,51.96652905146281,52.11291364034017,9100
2000-02-07,53.796329498291016,54.162290923449454,53.13759893300582,53.13759893300582,26700
2000-02-08,53.28397750854492,53.50355433893728,53.137592954950016,53.28397750854492,26500
2000-02-09,53.064414978027344,53.24739571933088,52.47887660585601,52.84483808846309,19300
2000-02-10,52.62525177001953,52.77163633683461,52.11290578616677,52.11290578616677,27500
2000-02-11,51.7103385925293,52.69843423442476,51.67374245764428,52.69843423442476,21200
2000-02-14,50.539268493652344,50.90522988752384,50.35628779671661,50.79544146936239,14400
2000-02-15,49.2584114074707,49.624372859234974,48.96564224605929,49.624372859234974,9700
2000-02-16,48.30690002441406,49.038822752056696,48.233707751649796,48.89243820652817,55600
2000-02-17,50.209903717041016,50.42948055545373,49.77075004021558,50.35628827598283,17800
2000-02-18,49.404788970947266,49.990327210602935,49.03882757116247,49.33159669099031,47200
2000-02-22,47.24561309814453,47.42859378403975,47.13582468660741,47.42859378403975,19400
2000-02-23,48.23371124267578,48.3069035207375,47.39200004496596,47.39200004496596,11500
2000-02-24,48.014156341552734,48.45331021053035,47.94096403005646,48.38011789903408,15100
2000-02-25,48.16051483154297,48.45328391866481,47.648168929079745,47.86774574442112,11200
2000-02-28,48.67288589477539,48.67288589477539,47.97755895342146,48.160539727461966,17600
2000-02-29,47.611576080322266,47.721364495572814,47.24561469615376,47.428595388238016,17400
2000-03-01,48.05072784423828,48.3800930769863,47.428593515714255,47.61157420057426,25800
2000-03-02,47.64815902709961,47.94092805337979,47.574966770529564,47.904331925094766,17000
2000-03-03,47.97754669189453,48.23371971008161,47.64818138279686,47.757969819162746,19100
2000-03-06,47.20903396606445,47.64818777039994,47.13584166534188,47.4286108682322,13200
2000-03-07,48.8924446105957,49.25840602235166,48.8924446105957,48.8924446105957,17500
2000-03-08,49.7707405090332,49.95372117266935,49.03881785448859,49.03881785448859,39600
2000-03-09,50.64905548095703,50.86863231107679,50.35628637413069,50.35628637413069,14900
2000-03-10,52.51544952392578,53.02779537293969,52.33246886356367,52.40566112770852,18100
2000-03-13,51.89332580566406,52.369075619115144,51.82013352667158,52.369075619115144,16600
2000-03-14,52.149497985839844,52.771632347776176,52.14949798583984,52.47886323627672,17700
2000-03-15,51.966522216796875,52.14950292882786,51.67375307754732,52.14950292882786,15200
2000-03-16,54.16230010986328,54.16230010986328,53.21080024306839,53.503569432851435,80200
2000-03-17,53.83293533325195,54.34528142072002,53.83293533325195,54.16230067519571,10400
2000-03-20,53.137596130371094,53.8695189420842,53.064403849199785,53.8695189420842,17700
2000-03-21,54.52825164794922,54.60144393204043,53.86952109112836,54.015905659310775,47300
2000-03-22,52.844818115234375,53.13758719066503,52.552049039803705,53.13758719066503,24600
2000-03-23,53.796329498291016,53.8695217833227,52.84482979287906,52.84482979287906,21600
2000-03-24,54.7844352722168,55.406569807706234,54.45506992989886,55.04060831624186,41900
2000-03-27,57.30955123901367,57.52912806368422,57.1631666892333,57.382743513903854,31700
2000-03-28,58.201744079589844,58.20174407958984,57.65163307694721,57.688307143790055,25300
2000-03-29,59.59538269042969,59.705404935396636,59.04527146559495,59.04527146559495,22100
2000-03-30,58.311805725097656,59.30200619967479,58.238457541795654,59.265332108023784,15400
2000-03-31,61.025638580322266,61.025638580322266,59.77872048433011,60.438853593973015,21300
2000-04-03,61.46573257446289,61.90582135184568,61.062317861862,61.46573257446289,25300
2000-04-04,61.099029541015625,61.79583720084713,60.218851444386345,61.46577041461115,27500
2000-04-05,60.7322883605957,61.02568105798989,60.29219931450444,60.43889566320153,34500
2000-04-06,57.651676177978516,57.871720743543314,57.138238858327306,57.50497980093531,33600
2000-04-07,57.50495147705078,57.79834408662757,57.13821071507979,57.79834408662757,17000
2000-04-10,59.85210418701172,60.21884502149096,59.41201518563663,59.5220374359804,24000
2000-04-11,59.99879837036133,60.36553919169606,59.852102041827436,60.0354724524948,10800
2000-04-12,60.658958435058594,60.80565482788824,60.512262042228954,60.512262042228954,16100
2000-04-13,61.61246109008789,61.6124610900879,61.02567574637277,61.39241658619473,5600
2000-04-14,59.74208068847656,62.78602955105701,59.448688027023024,62.19924422814994,28000
2000-04-17,59.778751373291016,60.10881809866502,59.48535872851413,59.7054032120968,25500
2000-04-18,62.199241638183594,62.19924163818359,61.31906369047344,61.31906369047344,12100
2000-04-19,61.1723518371582,61.90583327405458,60.95230740608928,61.90583327405458,10600
2000-04-20,62.34593963623047,62.85937678617589,62.34593963623047,62.78602862189798,4800
2000-04-24,62.235904693603516,62.34592691757571,61.68579357374256,62.199230618946125,7100
2000-04-25,63.4461555480957,63.5195037047987,62.78602213776869,62.78602213776869,9400
2000-04-26,60.072147369384766,61.24571801396371,59.705406542953845,59.85210287352621,50400
2000-04-27,60.402198791503906,60.4021987915039,59.925435838079764,59.9987839847604,11500
2000-04-28,58.64186477661133,59.595391033141595,58.64186477661133,59.558716946351964,86200
2000-05-01,60.7322883605957,60.8789847092928,60.145502965807346,60.29219931450444,48300
2000-05-02,60.14551544189453,60.145515441894524,59.81544858885974,59.92547087320467,5100
2000-05-03,59.412017822265625,60.14549952377508,59.0452769715109,60.14549952377508,11800
2000-05-04,59.778751373291016,59.815425453888125,59.11861792254302,59.26531424493146,8900
2000-05-05,59.88875961303711,59.99878182910515,59.63204110887834,59.7053892529237,12900
2000-05-08,59.558692932128906,59.70538922013907,59.26530035610856,59.66871514813653,9000
2000-05-09,58.898555755615234,59.558689008168834,58.898555755615234,59.558689008168834,12700
2000-05-10,58.38514709472656,59.632066065342585,58.31179891998445,59.55871789060046,11600
2000-05-11,57.725013732910156,57.94505825794032,57.138228332829755,57.50496920788001,26200
2000-05-12,56.77145767211914,57.68830937871021,56.7347836038555,57.68830937871021,14900
2000-05-15,55.67123794555664,56.18467492265663,55.52454166638521,56.18467492265663,15300
2000-05-16,54.644378662109375,55.23116393633337,54.644378662109375,55.15781577705537,17500
2000-05-17,53.32410430908203,53.98423764990973,53.324104309082024,53.98423764990973,22900
2000-05-18,57.50495147705078,57.945040391415965,57.284907019868186,57.50495147705078,28700
2000-05-19,57.17488479614258,57.50495148194456,57.06486256754192,57.46827740574434,6800
2000-05-22,54.13093566894531,55.157809787326386,53.94756529066298,55.157809787326386,10700
2000-05-23,54.86442947387695,55.524562983589384,54.717733138385306,55.45121481584356,24300
2000-05-24,55.0111083984375,55.231152832031256,54.864412109375,55.01110839843751,31500
2000-05-25,55.15781021118164,55.37785466681135,55.011113907428495,55.15781021118164,34900
2000-05-26,55.04780578613281,55.12115396173059,54.93778352273615,55.01113169833393,6500
2000-05-30,55.34120178222656,55.37787587220816,54.42434953268669,54.937786792429016,40900
2000-05-31,53.617496490478516,54.2776298262026,53.50747426785783,54.2776298262026,13400
2000-06-01,54.57103729248047,54.93777813449982,53.47081476642239,53.47081476642239,41900
2000-06-02,54.791080474853516,55.011124974752526,54.20429514178949,54.64438414158751,25900
2000-06-05,56.18470764160156,56.33140400620104,56.07468536815195,56.2580558239013,7500
2000-06-06,56.03801345825195,56.184709828561516,55.8913170879424,56.184709828561516,6700
2000-06-07,56.25803756713867,56.3313857256356,56.03799309164791,56.3313857256356,19800
2000-06-08,55.81794738769531,56.074665936784584,55.671251073930016,56.074665936784584,5400
2000-06-09,55.267818450927734,55.267818450927734,55.19447031761529,55.19447031761529,2400
2000-06-12,55.34120178222656,55.41454996218975,55.19450542230018,55.26785360226337,6700
2000-06-13,53.544158935546875,54.57103321650257,53.544158935546875,54.57103321650257,16000
2000-06-14,50.610233306884766,51.05032229216203,50.46353697845901,51.05032229216203,39200
2000-06-15,49.766727447509766,50.7569276251684,49.656705205547695,50.7569276251684,42400
2000-06-16,49.21660232543945,49.28995046601388,48.81318755228011,49.28995046601388,40100
2000-06-19,50.64690399169922,50.64690399169922,50.206815035942235,50.31683727488148,50000
2000-06-20,52.07719421386719,52.3705868573256,51.930497892137986,52.3705868573256,8700
2000-06-21,52.81068801879883,52.884036196602715,52.700665752092995,52.81068801879883,5200
2000-06-22,52.663978576660156,53.470808332012886,52.663978576660156,53.470808332012886,10600
2000-06-23,52.22386932373047,52.663958110166405,52.15052119265782,52.663958110166405,7100
2000-06-26,51.56376647949219,52.077203699060384,51.56376647949219,52.077203699060384,9000
2000-06-27,52.333919525146484,52.517289950952886,52.26057135482393,52.37059361030777,33300
2000-06-28,53.98423385620117,53.98423385620117,53.617493137069374,53.69084128089573,47100
2000-06-29,54.86442947387695,54.86442947387696,54.49768863514783,54.57103680289366,9500
2000-06-30,54.68105697631836,55.084471883588314,54.64438289383927,54.93777555367197,7100
2000-07-03,52.517269134521484,52.81066169951881,52.26055064014883,52.81066169951881,12700
2000-07-05,51.747135162353516,52.370594622140906,51.747135162353516,52.370594622140906,5900
2000-07-06,51.96717071533203,52.150541113057265,51.893822556241936,51.893822556241936,4000
2000-07-07,52.2972412109375,52.2972412109375,52.11387079995946,52.11387079995946,1700
2000-07-10,54.57103729248047,54.79108179769208,54.57103729248047,54.71773362928821,8100
2000-07-11,55.0111083984375,55.157804687500004,54.717715820312506,54.717715820312506,28300
2000-07-12,54.791080474853516,54.86442864148652,54.27764330842249,54.571035974954505,32000
2000-07-13,53.470794677734375,54.64436493129234,52.95735769180277,54.64436493129234,25300
2000-07-14,53.32410430908203,53.36077838357245,53.10405986213946,53.10405986213946,3100
2000-07-17,52.150543212890625,52.22389137493407,51.78380240267339,51.85715056471684,17500
2000-07-18,50.17013931274414,50.68357641097398,50.13346523429915,50.68357641097398,43600
2000-07-19,49.28996276855469,49.65670356296358,49.179940530232024,49.5833554040818,19700
2000-07-20,48.95990753173828,49.25330023604832,48.62984073938948,48.99658161977703,44400
2000-07-21,48.813201904296875,48.813201904296875,48.48313517466602,48.813201904296875,8000
2000-07-24,48.59315872192383,48.81320321424952,48.55648463986954,48.66650688603239,6100
2000-07-25,49.876739501953125,49.876739501953125,49.58334691664752,49.58334691664752,34000
2000-07-26,49.766727447509766,49.876749689471836,49.546682963585624,49.84007560881781,11800
2000-07-27,48.84987258911133,49.28996153135557,48.70317627502991,49.28996153135557,16400
2000-07-28,48.59315872192383,49.06992178862949,48.59315872192382,48.99657362452093,7000
2000-07-31,49.65669631958008,49.65669631958008,48.99656298593721,49.289955578667374,24200
2000-08-01,50.28015899658203,50.353507149749916,50.133462690246276,50.243484919998096,14600
2000-08-02,51.123680114746094,51.270376470885964,50.90363558053628,51.05033193667615,12700
2000-08-03,51.05033493041992,51.05033493041992,50.90363856567734,51.05033493041992,2900
2000-08-04,51.01365280151367,51.05032688692095,50.72026011825551,50.97697871610641,8000
2000-08-07,51.05033493041992,51.2703794775338,51.01366083923428,51.01366083923428,123400
2000-08-08,50.31683349609375,50.61022611123132,50.31683349609374,50.426855726770334,8100
2000-08-09,50.31683349609375,50.35350757298594,50.02344088095617,50.243485342309356,6000
2000-08-10,50.06011199951172,50.20680829841139,49.986763850061884,50.17013422368647,4000
2000-08-11,50.976966857910156,51.19701131916732,50.683574242900605,50.683574242900605,8900
2000-08-14,50.610233306884766,50.830277799523394,50.53688514267189,50.830277799523394,4100
2000-08-15,50.610233306884766,50.75692963531052,50.57355922477833,50.75692963531052,12600
2000-08-16,49.73004913330078,49.87674544342851,49.65670097823691,49.87674544342851,6500
2000-08-17,49.069923400878906,49.36331606695292,49.069923400878906,49.28996790043441,20500
2000-08-18,49.51000213623047,49.583350287543404,48.923216925727,48.99656507703993,6100
2000-08-21,48.299774169921875,48.84988549304171,48.1897519052979,48.84988549304171,48000
2000-08-22,48.73984909057617,48.776523168146205,48.22641200459569,48.409782392445855,35900
2000-08-23,49.2532844543457,49.2532844543457,48.70317331003059,48.70317331003059,21800
2000-08-24,49.876739501953125,49.876739501953125,49.50999877032112,49.73004320930033,20700
2000-08-25,50.720252990722656,50.86694931173704,50.20681586717232,50.20681586717232,23000
2000-08-28,51.45372772216797,51.490401797522324,51.380379571459244,51.417053646813606,16500
2000-08-29,52.81068801879883,52.81068801879883,51.2703762849172,51.343724462721084,87200
2000-08-30,51.05033493041992,52.22390584836061,50.90363856567734,52.22390584836061,76100
2000-08-31,51.1970100402832,51.1970100402832,50.903617432602495,51.050313736442845,23000
2000-09-01,51.1970100402832,51.38038042008364,51.1970100402832,51.343706344123554,4900
2000-09-05,49.876739501953125,49.91341357511633,49.80339135562673,49.876739501953125,8700
2000-09-06,49.36331558227539,49.876752742863694,49.32664149937623,49.876752742863694,16100
2000-09-07,49.65669631958008,49.80339261594516,49.289955578667374,49.289955578667374,11900
2000-09-08,48.84987258911133,49.65670231655911,48.776524432070616,49.65670231655911,21600
2000-09-11,48.04302978515625,48.26307419638597,47.8963335110031,48.11637792223282,63900
2000-09-12,47.052852630615234,47.382919406667874,47.01617854438717,47.30957123421174,33800
2000-09-13,47.272884368896484,47.309558445210605,46.90614360575532,47.05283991101179,20200
2000-09-14,46.612770080566406,47.12620735918791,46.539421897906195,47.12620735918791,21100
2000-09-15,46.42938995361328,46.53941220468819,46.35604178623,46.53941220468819,16400
2000-09-18,46.282691955566406,46.35604012031374,46.13599562607175,46.35604012031374,12800
2000-09-19,46.282691955566406,46.42938828506107,46.13599562607175,46.42938828506107,13400
2000-09-20,46.31937026977539,46.429392526948256,46.17267392687824,46.282696184051105,12600
2000-09-21,45.91594314575195,46.31935798169706,45.842594993761935,46.31935798169706,17400
2000-09-22,45.14579391479492,45.21914207712603,44.705704940808296,45.18246799596047,62700
2000-09-25,45.024024963378906,45.123777360973854,44.91253435617558,45.06509974337772,27300
2000-09-26,45.252201080322266,45.51095455327875,45.20515866521704,45.369818334684076,19100
2000-09-27,45.246337890625,45.37571466801546,44.92877793338684,45.252215390222084,27100
2000-09-28,45.72265625,45.72265625,45.07577712321205,45.31100712021831,37600
2000-09-29,46.16372299194336,46.16372299194336,45.869686539765375,45.869686539765375,12600
2000-10-02,47.11051559448242,47.11639757914443,46.928214449717544,46.928214449717544,17900
2000-10-03,47.163448333740234,47.25754215840678,47.016430097679155,47.25754215840678,15100
2000-10-04,47.19873046875,47.31046126471212,47.10463665463454,47.31046126471212,19700
2000-10-05,47.163448333740234,47.251660172704995,47.016430097679155,47.251660172704995,7700
2000-10-06,47.69271469116211,47.78092652977595,47.339871823347245,47.339871823347245,54300
2000-10-09,47.48689270019531,47.89266448840499,47.48689270019531,47.81033463089009,5100
2000-10-10,47.12228775024414,47.33987637485969,46.95762802854196,47.33987637485969,18000
2000-10-11,47.34575271606445,47.633907194686586,47.04583426635712,47.04583426635712,23000
2000-10-12,47.60450744628906,47.75152569595227,47.104646294762354,47.63391289087807,29000
2000-10-13,47.45747756958008,47.457477569580085,47.04582836603322,47.33986479332093,11200
2000-10-16,46.863525390625,46.89880832479985,46.69298373104716,46.75179011688512,8300
2000-10-17,46.31073760986328,46.57536860154942,46.022583165438846,46.57536860154942,21100
2000-10-18,46.4577522277832,46.928212272846935,46.163715821278245,46.28132858922443,37200
2000-10-19,46.898807525634766,46.95761391047066,46.45775290940623,46.45775290940623,13700
2000-10-20,46.751792907714844,47.10463573044509,46.51656286368138,47.0458293410967,23500
2000-10-23,46.94584274291992,46.98700765072269,46.69297131309194,46.69297131309194,11500
2000-10-24,47.228126525878906,47.33986179690059,47.04582538822419,47.10463177263156,13400
2000-10-25,46.92819595336914,47.228109753327466,46.8987905282887,47.228109753327466,17200
2000-10-26,46.7635612487793,46.922343465400026,46.75180176333812,46.86941456431286,14600
2000-10-27,47.28106689453125,47.3163498364161,46.98703041444914,47.045836813137434,7600
2000-10-30,47.54570007324219,47.54570007324219,47.222262622569744,47.2516635799177,8600
2000-10-31,47.12228775024414,47.33987637485969,47.116410250641145,47.33987637485969,8500
2000-11-01,47.128173828125,47.192862222501475,47.07524940725769,47.12229184137041,3500
2000-11-02,47.19284439086914,47.25165077627127,47.11051455397823,47.16343895484827,11100
2000-11-03,47.3692626953125,47.545681831636884,47.28105088383076,47.28105088383076,27700
2000-11-06,47.722129821777344,47.722129821777344,47.51630514765082,47.51630514765082,12600
2000-11-07,48.451324462890625,48.4572064479788,48.28078278845391,48.28078278845391,20700
2000-11-08,48.90413284301758,49.04526904906579,48.8100390478927,48.8100390478927,11200
2000-11-09,48.92766571044922,49.04528298778225,48.75124652441022,48.86885931510289,22400
2000-11-10,48.57481002807617,49.00410512538803,48.57481002807617,48.92765279364473,13500
2000-11-13,47.79856491088867,48.28078451261864,47.66331065551087,48.28078451261864,25200
2000-11-14,47.88089370727539,47.93382260051697,47.48688594710848,47.48688594710848,20400
2000-11-15,46.34016036987305,46.66359787098926,46.28134947272326,46.63419690905589,25900
2000-11-16,44.4759521484375,44.693540738274834,44.352457376899615,44.693540738274834,46600
2000-11-17,44.12310791015625,44.39950288438503,44.10546644144208,44.10546644144208,25700
2000-11-20,43.34096908569336,43.81142918027173,43.31156813393219,43.81142918027173,33200
2000-11-21,42.9293098449707,43.33508146964077,42.87050346853825,43.33508146964077,35900
2000-11-22,42.50002670288086,43.458588405706166,42.45886177915855,43.22335834730437,28900
2000-11-24,42.370635986328125,42.51177216526722,42.341230559339955,42.341230559339955,36400
2000-11-27,41.576759338378906,42.341256033642715,41.576759338378906,42.341256033642715,21500
2000-11-28,41.45914077758789,41.811983631558455,41.42973533699022,41.69437084244837,9800
2000-11-29,40.95928192138672,41.57675582775503,40.9298764791899,41.459143032248846,20000
2000-11-30,41.900184631347656,41.900184631347656,41.45913005628084,41.45913005628084,37700
2000-12-01,42.223636627197266,42.32360794485391,41.959001126374076,41.959001126374076,12200
2000-12-04,41.60028076171875,42.22364116263524,41.60028076171875,42.22364116263524,23800
2000-12-05,41.25920486450195,41.5179539400513,41.17099301496968,41.5179539400513,31100
2000-12-06,40.63582992553711,41.16509634733068,40.4123638748418,41.16509634733068,34400
2000-12-07,40.37120056152344,40.665236975683634,40.047758711291365,40.48881333253167,42200
2000-12-08,39.81841278076172,40.37120270444998,39.81841278076172,40.37120270444998,26500
2000-12-11,40.95928192138672,41.07689471689291,40.7240518437338,40.7240518437338,36800
2000-12-12,41.04749298095703,41.19451121586499,40.91811621637556,41.13570033258943,41800
2000-12-13,41.129825592041016,41.21215545017987,41.04749573390215,41.165108535060305,14800
2000-12-14,41.370933532714844,41.51795177873489,40.95928423851502,41.10630248453507,72100
2000-12-15,41.129825592041016,41.165108535060305,41.01809029029223,41.165108535060305,43400
2000-12-18,41.04749298095703,41.2239121708623,40.92987570104639,41.16510577422721,29700
2000-12-19,40.51821517944336,40.73579923519865,40.13596697756725,40.57702155973832,21200
2000-12-20,39.40676498413086,40.047762270379195,39.40088299906582,40.047762270379195,21000
2000-12-21,39.34208297729492,39.577313064936774,39.23034767617087,39.459695777795474,22300
2000-12-22,38.518768310546875,38.812804709864025,38.43055649342385,38.812804709864025,16500
2000-12-26,38.07771301269531,38.28353759111175,37.98950119719132,38.22473120965553,15500
2000-12-27,37.989505767822266,38.13652398247068,37.93069937929087,38.01891120540789,20200
2000-12-28,37.342628479003906,37.87189497682174,37.31322528319626,37.87189497682174,29600
2000-12-29,37.01919174194336,37.37203460594915,36.907456448462696,37.34263140783537,23500
2001-01-02,37.095638275146484,37.095638275146484,36.69574853805755,37.01918817276536,21900
2001-01-03,38.518768310546875,38.930417474935126,37.072109764303214,37.189724772694014,129200
2001-01-04,38.048316955566406,38.63638988833646,37.78368593047605,38.22474063005359,55600
2001-01-05,38.53052520751953,39.01862667443443,38.22472934686581,38.34234210404668,75500
2001-01-08,38.93043518066406,38.989246076586454,38.54819127701711,38.54819127701711,37700
2001-01-09,38.95983123779297,38.95983123779297,38.6363893347476,38.93630778242236,45700
2001-01-10,36.548728942871094,37.048589973760535,36.284095708680255,37.048589973760535,84000
2001-01-11,34.66689682006836,34.93153006546064,34.11998886069765,34.22584215885457,95800
2001-01-12,34.87272644042969,35.078553324553134,34.54928675774465,34.60809315702545,44900
2001-01-16,39.64200210571289,39.69492652081972,38.83045851428156,39.43029547200392,76100
2001-01-17,40.51821517944336,40.66523337350038,40.16537241103435,40.16537241103435,70800
2001-01-18,39.471458435058594,39.51262336252668,39.28327526854153,39.40088806512447,64200
2001-01-19,39.60669708251953,39.75371526358801,39.400872526351435,39.47144286845428,42000
2001-01-22,39.45381164550781,39.51850002825632,39.10685076225718,39.40088723415385,37800
2001-01-23,38.63638687133789,38.81281053204868,38.51877408862407,38.81281053204868,27900
2001-01-24,38.518768310546875,38.524650294792245,38.40115554547577,38.518768310546875,26400
2001-01-25,39.242103576660156,39.40088127334165,39.06567992555643,39.40088127334165,49000
2001-01-26,38.80692672729492,38.93042148934588,38.783403274527146,38.81280871214683,34100
2001-01-29,39.47732925415039,39.84193604048614,39.40088139797153,39.40088139797153,46800
2001-01-30,40.0771598815918,40.1653716937786,39.76548203361899,39.988948069404984,29600
2001-01-31,40.053646087646484,40.30651761733009,39.93603330080583,40.07716954234266,21000
2001-02-01,40.547611236572266,40.87105301914906,40.53585175658705,40.87105301914906,46600
2001-02-02,39.8713493347168,40.430016863999406,39.66552020500568,40.430016863999406,24400
2001-02-05,39.5714225769043,39.81253011212012,39.106844487453564,39.106844487453564,38300
2001-02-06,39.60669708251953,39.61257906602115,39.277377792650576,39.50672579618629,9100
2001-02-07,38.97747039794922,39.195058982253265,38.818692691906875,38.818692691906875,14400
2001-02-08,39.45381164550781,39.59495238239938,39.34208083710262,39.459693631205084,11800
2001-02-09,39.418521881103516,39.60670501107652,39.37147497695033,39.48909223733329,8800
2001-02-12,39.724327087402344,39.7831334814033,39.10684873379163,39.41852665997294,33100
2001-02-13,40.13010025024414,40.253595041805696,40.12422275062759,40.165387681148104,16400
2001-02-14,40.341796875,40.66523873925914,39.93014767197911,40.66523873925914,49900
2001-02-15,40.51821517944336,40.69463432032825,40.51821517944336,40.57702155973832,10000
2001-02-16,40.46529006958008,40.87106175873683,40.45941257165001,40.87106175873683,10200
2001-02-20,39.888980865478516,40.43000678862,39.66551032014298,40.43000678862,18500
2001-02-21,39.60669708251953,39.871332500426085,39.60669708251953,39.78900267795885,12500
2001-02-22,40.312400817871094,40.52998492874934,40.17714207095081,40.430013608257156,41500
2001-02-23,40.66523361206055,40.6946345590609,40.45940903650111,40.45940903650111,42000
2001-02-26,41.141571044921875,41.31211268908134,41.10628811393689,41.31211268908134,14500
2001-02-27,41.37680435180664,41.57674695884467,41.19450321166731,41.288592530673554,15000
2001-02-28,40.92987060546875,41.16510064936453,40.888705684284986,41.16510064936453,8300
2001-03-01,39.518489837646484,39.84193166798327,39.45968345575962,39.84193166798327,10700
2001-03-02,38.93043518066406,38.989246076586454,38.78341691414094,38.930435180664055,18300
2001-03-05,39.10685729980469,39.28328100709189,39.05393287960328,39.10685729980469,29000
2001-03-06,39.8713493347168,39.95367919194495,39.66552020500568,39.66552020500568,17500
2001-03-07,39.66551208496094,39.93014756042633,39.6184696666327,39.894860138380395,11900
2001-03-08,39.841949462890625,39.90075587104264,39.65964825162699,39.90075587104264,18600
2001-03-09,40.312400817871094,40.45941904917385,40.22418898176137,40.430013608257156,30000
2001-03-12,39.930137634277344,40.31238579050077,39.8419258310506,40.31238579050077,13400
2001-03-13,39.66551208496094,39.93014756042633,39.45968748402551,39.93014756042633,20100
2001-03-14,38.283538818359375,38.95982344338374,38.077714233344864,38.95982344338374,22400
2001-03-15,39.98896026611328,40.341803135839115,39.871347471751506,39.98896026611328,26300
2001-03-16,39.812538146972656,40.106574631031954,39.812538146972656,40.018367275126714,11400
2001-03-19,41.3121223449707,41.63556424339527,41.28271690451746,41.45914057395636,14200
2001-03-20,41.34152603149414,41.72376982132779,41.34152603149414,41.606157037785145,14600
2001-03-21,43.19394302368164,43.51738484080273,43.19394302368164,43.51738484080273,59400
2001-03-22,42.317726135253906,42.92932250106314,42.28244319632038,42.92932250106314,22100
2001-03-23,43.223350524902344,43.28215690720019,43.164544142604505,43.223350524902344,11700
2001-03-26,44.1348762512207,44.48183713466688,44.07606536749582,44.37010183955821,37300
2001-03-27,44.394874572753906,44.45972800039756,44.07650442743624,44.2180007704371,44600
2001-03-28,43.80529022216797,43.83476618308923,43.48102316542847,43.83476618308923,33400
2001-03-29,42.60257339477539,42.726383263922855,42.53771996359036,42.53771996359036,90700
2001-03-30,41.71230697631836,41.77126340104914,41.15221419424566,41.15221419424566,27700
2001-04-02,40.53316879272461,40.7984750074055,40.297338547403925,40.68056213378906,54100
2001-04-03,40.409358978271484,40.83974501580724,40.20890169515888,40.65108171892421,38200
2001-04-04,40.7984733581543,40.83385081727936,40.26786095024217,40.397563306742,30200
2001-04-05,41.77125930786133,41.830215726814934,41.09324924467875,41.09324924467875,26100
2001-04-06,40.975345611572266,41.03430204376998,40.79847181689165,40.91638917937454,18600
2001-04-09,40.179412841796875,40.179412841796875,39.88462625381317,39.94358267179263,20200
2001-04-10,40.144046783447266,40.17352724984529,38.95900760211907,38.970797089825695,43100
2001-04-11,39.088706970214844,40.30322638531002,38.911833201880675,40.30322638531002,38200
2001-04-12,39.3893928527832,39.412976325822484,39.1535671185655,39.383500358089044,17600
2001-04-16,38.9354248046875,39.3835018128095,38.73496752549303,39.3835018128095,28400
2001-04-17,38.78804016113281,38.85289360440216,38.734976208417564,38.78804016113281,17700
2001-04-18,40.71592712402344,40.739510593746616,38.911834422026395,38.911834422026395,50300
2001-04-19,39.74903106689453,40.090984662675965,39.177144242453565,40.090984662675965,52100
2001-04-20,39.24790573120117,39.47194203056476,39.11819884806329,39.20663576821081,14100
2001-04-23,38.94131851196289,39.14766826865814,38.76444472160277,39.11818780423567,15600
2001-04-24,39.11819076538086,39.11819076538086,38.73496718931647,38.73496718931647,43900
2001-04-25,38.552207946777344,38.558104940804995,38.381231104683415,38.46966802274421,14200
2001-04-26,39.22431564331055,39.560372284774566,39.14767272441098,39.5014158473066,27000
2001-04-27,39.625221252441406,39.70776115521768,39.31864511328485,39.50141139827699,30400
2001-04-30,39.920005798339844,40.14993901509696,39.589846204655174,39.589846204655174,22100
2001-05-01,40.480106353759766,40.56264625880142,40.38577246337647,40.56264625880142,30300
2001-05-02,40.957664489746094,41.122744320730206,40.9399780075818,41.034307411820706,22600
2001-05-03,40.82796096801758,41.01662429004011,40.62161116238174,41.01662429004011,18800
2001-05-04,41.12274169921875,41.2937185127208,40.92818141163838,41.27013503864247,19800
2001-05-07,41.06378936767578,41.1758052581349,41.03430889760916,41.0932653396542,13500
2001-05-08,40.857418060302734,40.857418060302734,39.93178846346026,40.14992763398684,25600
2001-05-09,40.415252685546875,40.857432673362105,40.356291755368225,40.857432673362105,15400
2001-05-10,40.06739807128906,40.17941842968957,40.03792210724318,40.09098154137796,31200
2001-05-11,40.23836898803711,40.23836898803711,39.5898393984699,39.737232691466374,27100
2001-05-14,39.05923843383789,39.141778351435924,38.864678128890446,39.08871890358925,116800
2001-05-15,39.26558303833008,39.26558303833008,38.911839938506624,38.911839938506624,35800
2001-05-16,39.58986282348633,39.64881927595173,39.14768268286233,39.265595587793136,63900
2001-05-17,40.83384704589844,40.88100949022994,40.39166708141929,40.39166708141929,51500
2001-05-18,40.037933349609375,40.22069967150906,39.943599442765496,40.20890568410945,56200
2001-05-21,40.975345611572266,40.975345611572266,40.356291828277556,40.385772293420146,30900
2001-05-22,40.42704391479492,40.50368683000741,39.9141134875148,39.94359395387448,55500
2001-05-23,41.60029602050781,41.81254279596656,41.299616837014504,41.38804924504907,51400
2001-05-24,41.58260726928711,41.629774216389734,40.56264790219695,41.27603110929539,70600
2001-05-25,41.918663024902344,42.00709992436062,41.72410274571166,41.80075015768302,56800
2001-05-29,41.95993423461914,42.15449451963543,41.77127094256666,41.85970784467294,35900
2001-05-30,41.22296905517578,41.594403157991934,41.12274266156324,41.56492269018219,21500
2001-05-31,42.0070915222168,42.06604794403416,41.68872144669908,41.68872144669908,18600
2001-06-01,41.211177825927734,41.27603125389913,41.175800366433,41.270134260968725,17500
2001-06-04,41.240657806396484,41.264241282324676,40.81027174044932,40.82795822287344,20300
2001-06-05,41.0932502746582,41.0932502746582,40.621594413121116,40.68055083355243,27100
2001-06-06,40.53316879272461,40.61570870387368,40.2383821105957,40.326819014851935,18000
2001-06-07,40.29734420776367,40.47421804112069,40.14995084599563,40.14995084599563,21500
2001-06-08,40.120460510253906,40.17351994241384,39.990753678636075,40.14993647320271,11800
2001-06-11,39.94359588623047,40.149945666467964,39.77261906886573,40.12046969676995,17400
2001-06-12,39.60164260864258,39.73724646435748,39.412979308140024,39.73724646435748,29400
2001-06-13,39.206634521484375,39.48963175733973,39.18305104365572,39.354027884347104,27900
2001-06-14,39.58986282348633,40.032042964110325,39.50142589574373,40.032042964110325,29700
2001-06-15,40.267860412597656,40.50368614714876,40.267860412597656,40.50368614714876,19800
2001-06-18,39.872840881347656,39.902321345746465,39.619324181014825,39.619324181014825,15900
2001-06-19,40.50368881225586,40.50368881225586,40.26786306218762,40.26786306218762,19300
2001-06-20,40.65107345581055,40.680553917304216,40.37397780896972,40.43293423387018,11000
2001-06-21,41.06378936767578,41.0932653396542,40.86922906064776,40.916396013519076,48800
2001-06-22,40.76310729980469,41.08147749731628,40.76310729980469,40.79848026683207,13000
2001-06-25,41.14042663574219,41.15222062138245,40.82795348758895,40.82795348758895,10800
2001-06-26,41.004825592041016,41.11684146246643,40.97534512724688,41.00482559204101,18400
2001-06-27,41.087379455566406,41.21118935320996,41.0343155005255,41.09327195205734,17100
2001-06-28,41.217079162597656,41.270138610300016,41.04020534074682,41.087372292985464,18200
2001-06-29,41.535430908203125,41.62386778945446,41.21706533263694,41.21706533263694,39100
2001-07-02,42.01300048828125,42.11912387703423,41.87149963788533,41.88919061775077,22800
2001-07-03,41.83023452758789,42.03658883380198,41.81254804376119,42.03658883380198,42100
2001-07-05,41.240657806396484,41.38805115738159,41.11684793133957,41.38805115738159,26600
2001-07-06,40.43883514404297,40.710042851586635,40.41525616764492,40.68056238395733,13600
2001-07-09,40.99892044067383,41.07556333656426,40.44472019905938,40.44472019905938,10800
2001-07-10,40.7984733581543,41.02840660107292,40.76310039711686,40.93997419847931,16900
2001-07-11,41.01072311401367,41.05789006423149,40.79847633612143,40.79847633612143,11500
2001-07-12,41.27012252807617,41.44699628100248,40.7984621856636,40.975335938589915,50900
2001-07-13,40.680564880371094,40.710045349809505,40.62160843958238,40.6805648803711,53000
2001-07-16,40.415252685546875,40.62160244690983,40.391669213092904,40.50368508463997,16200
2001-07-17,40.31502151489258,40.33271249267217,40.30912902038679,40.32681550007897,11600
2001-07-18,39.94948959350586,39.94948959350586,39.707762372190146,39.79619927018583,7400
2001-07-19,40.14994430541992,40.20890074090522,39.9435945321775,39.94949152515234,14900
2001-07-20,40.35040283203125,40.42704575072436,40.12046957786409,40.155842540632015,25100
2001-07-23,39.206634521484375,39.73725152740788,39.206634521484375,39.73725152740788,16100
2001-07-24,39.183040618896484,39.4306603230847,39.11818719664424,39.32453695013442,16600
2001-07-25,39.42477798461914,39.43656747438959,39.177153718555424,39.188947706414304,8500
2001-07-26,39.684181213378906,39.684181213378906,39.42477199504369,39.42477199504369,16400
2001-07-27,39.825687408447266,39.88464385244057,39.5309006903924,39.61933310733818,10700
2001-07-30,38.97079086303711,39.05333075805811,38.764441125484616,38.911834437748816,18600
2001-07-31,39.088706970214844,39.26557624046224,38.970789625296476,38.97668661706409,14200
2001-08-01,39.000282287597656,39.20663208315452,38.91184537576238,38.97080181762317,16700
2001-08-02,39.17713928222656,39.206619742922115,39.088706896313454,39.088706896313454,7100
2001-08-03,38.91184616088867,38.97080260393903,38.91184616088867,38.97080260393903,15200
2001-08-06,38.55809783935547,38.94132141497957,38.528617372735276,38.793928078053966,36000
2001-08-07,38.764427185058594,38.764427185058594,38.558077521713365,38.558077521713365,11100
2001-08-08,38.499141693115234,38.90594424738309,38.499141693115234,38.85288480477377,15700
2001-08-09,38.534515380859375,38.55220186206237,38.4401814836597,38.4401814836597,13600
2001-08-10,38.62294387817383,38.676003310233725,38.416594145574,38.48144306317382,9800
2001-08-13,38.499141693115234,38.76444790233722,38.32816488122794,38.705491466742075,12300
2001-08-14,38.69959259033203,38.793926481163396,38.617052684898326,38.617052684898326,16400
2001-08-15,38.764427185058594,38.97077684840382,38.711367770806376,38.79390763614447,12500
2001-08-16,38.29277801513672,38.617045078388365,38.14538471331081,38.617045078388365,24800
2001-08-17,37.437904357910156,37.85060386655771,37.355364456180645,37.85060386655771,20800
2001-08-20,36.907291412353516,37.4379083356256,36.789378539665385,37.4379083356256,37100
2001-08-21,37.266929626464844,37.37894999848352,37.143119767011974,37.143119767011974,19600
2001-08-22,37.40252685546875,37.43790206077239,37.319986958803774,37.37894563430984,27400
2001-08-23,37.33177947998047,37.54992096133742,37.290509530778984,37.496859276786424,23900
2001-08-24,37.85060119628906,37.856498188307235,37.46737992971686,37.46737992971686,26200
2001-08-27,37.319984436035156,37.43789953003291,37.202069342037404,37.43789953003291,12700
2001-08-28,36.83654022216797,36.995725286112986,36.730416846204626,36.995725286112986,19100
2001-08-29,36.17031478881836,36.435623177661995,36.17031478881836,36.435623177661995,20100
2001-08-30,35.639713287353516,36.02293465661034,35.592546334743645,36.02293465661034,18300
2001-08-31,36.02293014526367,36.02293014526367,35.72814347550196,35.72814347550196,22400
2001-09-04,36.40614700317383,36.612496734343694,36.376668791441475,36.55354031087899,40200
2001-09-05,36.064205169677734,36.55355218982463,36.052415680388236,36.55355218982463,28600
2001-09-06,36.17031478881836,36.4592066453466,36.17031478881836,36.40614496757787,23300
2001-09-07,35.963966369628906,36.14083788557251,35.86374000191009,36.14083788557251,26000
2001-09-10,35.6102294921875,35.72814235716632,35.49231437816494,35.66918592467691,30300
2001-09-17,32.279151916503906,32.65647862928805,32.249673688763515,32.4265453042505,41700
2001-09-18,32.131736755371094,32.296816518090225,32.131736755371094,32.28502478517556,22400
2001-09-19,31.247394561767578,31.813384565002536,31.14127115503048,31.807489819759077,29900
2001-09-20,29.60247802734375,29.920848183251344,29.57299980899169,29.920848183251344,30800
2001-09-21,27.70994758605957,27.85734092428329,27.47411734528407,27.70994758605957,37500
2001-09-24,29.626060485839844,29.626060485839847,28.535350700904065,28.535350700904065,50100
2001-09-25,29.87337875366211,29.991710787446998,29.67221113637338,29.701794144819605,33800
2001-09-26,28.54804801940918,28.99180006116165,28.459296708242842,28.99180006116165,33000
2001-09-27,29.90887451171875,29.908874511718754,29.098288423620666,29.098288423620666,44200
2001-09-28,30.67803955078125,30.914708075225093,30.470956284671622,30.470956284671622,28200
2001-10-01,31.89096450805664,31.89096450805664,31.59512996626405,31.624712969035624,18000
2001-10-02,32.80805969238281,33.28139463128664,32.54772378320644,33.133477321814254,62400
2001-10-03,32.84355163574219,32.95597021228576,31.65429770569077,31.65429770569077,25500
2001-10-04,33.1926383972168,33.53580758744062,33.01513810370458,33.01513810370458,14800
2001-10-05,33.13347625732422,33.54764516194856,32.99147465169569,33.42931086676461,11300
2001-10-08,32.89680862426758,33.54764613819947,32.69564099371249,32.88497722573994,40500
2001-10-09,31.624717712402344,31.772635005484638,31.506383426528753,31.772635005484638,19700
2001-10-10,31.973798751831055,32.00338175546605,31.447213613197295,31.50637962046728,15300
2001-10-11,32.600975036621094,32.600975036621094,31.837723413279818,31.950139759157594,46700
2001-10-12,31.328887939453125,31.950140214437134,31.293386971125223,31.950140214437134,29200
2001-10-15,30.90289306640625,31.322977806536528,30.790476690847914,31.299312745446134,22900
2001-10-16,30.707630157470703,30.707630157470703,29.997626717516017,30.14554400679663,36000
2001-10-17,30.027210235595703,30.470962110998595,30.027210235595703,30.470962110998595,22100
2001-10-18,30.080463409423828,30.36446436582518,29.648545147165162,30.323047700748255,21100
2001-10-19,29.672212600708008,29.82012990727776,29.465127017286967,29.82012990727776,28400
2001-10-22,29.79647445678711,29.867474160230547,29.48880606581239,29.583473089416927,39800
2001-10-23,30.234294891357422,30.3467134826508,30.080461894112346,30.17512887481059,20800
2001-10-24,30.19879913330078,30.263883112081366,30.02721450870452,30.17513182155528,28100
2001-10-25,29.826047897338867,29.879298222075615,29.494712292639182,29.879298222075615,37000
2001-10-26,29.760963439941406,29.820131720390226,29.465128808814676,29.465128808814676,17000
2001-10-29,29.29946517944336,29.5538831691886,29.234381192712338,29.376382823492683,75500
2001-10-30,29.18111801147461,29.246201969541623,29.050950095340575,29.246201969541623,11800
2001-10-31,29.110130310058594,29.299464307437894,29.021379011332357,29.258047636576126,15600
2001-11-01,29.73137664794922,29.74912600130751,29.09237284258481,29.11012445298193,29000
2001-11-02,29.997631072998047,30.08638010522903,29.65446182866226,29.76096247297067,38900
2001-11-05,30.500551223754883,30.64846854516692,30.175133568056236,30.175133568056236,21700
2001-11-06,30.311220169067383,30.441388146771505,30.175136491030994,30.175136491030994,44100
2001-11-07,29.494709014892578,29.672211582315327,29.19887441190654,29.40595998822011,59900
2001-11-08,31.441301345825195,31.506385319818648,30.91471611193473,30.91471611193473,56500
2001-11-09,30.707630157470703,31.115881063351257,30.55971286819009,31.003464736031926,36700
2001-11-12,29.84971046447754,30.104128391435488,29.613041890597046,30.05679377384387,34700
2001-11-13,29.820114135742188,30.080447645083346,29.530195375103215,29.938446112782305,93800
2001-11-14,29.53612518310547,29.536125183105472,29.240290585083795,29.435542503156757,56200
2001-11-15,29.281713485717773,29.40596349208758,29.003628203523196,29.40596349208758,52600
2001-11-16,29.66037940979004,29.672213065345602,29.287627159426417,29.346793180165207,125400
2001-11-19,31.417631149291992,31.571466393149823,30.97387928414923,31.062630559993263,258600
2001-11-20,31.660215377807617,32.35838515877564,31.660215377807617,31.71938364731939,138700
2001-11-21,31.660215377807617,32.0033845698598,31.660215377807617,31.772633961360636,27500
2001-11-23,31.77855682373047,31.914640488727255,31.44722346792584,31.44722346792584,17100
2001-11-26,31.47088050842285,31.47088050842285,31.24012990667682,31.358464185198503,61500
2001-11-27,30.950220108032227,31.299305065152712,30.944302151432026,31.299305065152712,26900
2001-11-28,30.104137420654297,30.707640433724997,30.050887088411606,30.618889127640685,39000
2001-11-29,31.240131378173828,31.240131378173825,30.77271219736768,31.00346506702145,28600
2001-11-30,30.707630157470703,30.82596218326422,30.530127604702994,30.530127604702994,29200
2001-12-03,30.027210235595703,30.317129120622642,29.985793574454533,30.293461812245187,35000
2001-12-04,29.583459854125977,29.61304286257233,29.376376537962642,29.465125563301697,47100
2001-12-05,30.435461044311523,30.553795328755218,29.731375550281587,29.731375550281587,78800
2001-12-06,30.553802490234375,30.70763777318012,30.23430052446023,30.287550852089254,38400
2001-12-07,29.914794921875,30.050878564106853,29.731376661281377,30.027211254925966,29400
2001-12-10,29.015464782714844,29.133799101337342,28.99179746758246,29.021380482978238,45100
2001-12-11,28.814289093017578,28.99178939299551,28.725537814509227,28.99178939299551,77800
2001-12-12,28.93262481689453,29.104207169747085,28.755122251054352,28.962207825521602,55100
2001-12-13,28.1634578704834,28.465210478425025,28.104291843103102,28.459292521463432,44300
2001-12-14,28.281789779663086,28.34095805905614,28.10428945556209,28.10428945556209,34900
2001-12-17,28.051034927368164,28.252202533068424,27.820284314925846,28.01553396505445,60100
2001-12-18,28.311370849609375,28.613123411225917,27.98595323489733,28.074704519381942,84500
2001-12-19,28.015535354614258,28.193037917948168,27.962285037021857,28.193037917948168,39500
2001-12-20,28.145708084106445,28.222625724158306,28.033291730983915,28.133874427403143,54500
2001-12-21,28.8438777923584,29.021378127365068,28.17529086489275,28.42970883931669,60700
2001-12-24,28.63679313659668,28.90304249842823,28.577624856270358,28.577624856270358,19000
2001-12-26,28.849790573120117,29.19887550802982,28.778790897709037,28.784708853932703,64200
2001-12-27,29.027284622192383,29.252117237802945,29.027284622192383,29.22845219097542,29900
2001-12-28,29.636714935302734,29.99763356465546,29.595298265413653,29.790547958170844,54800
2001-12-31,30.151456832885742,30.37037602523354,29.630789649287333,29.630789649287333,41000
2002-01-02,30.293466567993164,30.317133880086132,29.87929763452265,29.88521333402634,28300
2002-01-03,30.47096824645996,30.577468898564124,29.938464985939152,29.938464985939152,29900
2002-01-04,31.45904541015625,31.618796340268396,31.12771215395789,31.417628753131453,62500
2002-01-07,31.11587905883789,31.328880302806432,30.79637719288508,31.328880302806432,141700
2002-01-08,30.536052703857422,30.74905401137749,30.4118026934838,30.707637341252948,44300
2002-01-09,31.06263542175293,31.388053055715865,31.00346939995569,31.121801443550172,62900
2002-01-10,30.879215240478516,31.180967801355287,30.77271460217365,31.180967801355287,69700
2002-01-11,31.54187774658203,31.713460055072243,31.464960138407477,31.713460055072243,44200
2002-01-14,31.340709686279297,31.595127553354185,31.240124776091466,31.54187724961669,49600
2002-01-15,30.843719482421875,31.145469815120357,30.67805055308076,30.914719162402847,47900
2002-01-16,31.21055030822754,31.35255190936208,31.003466990988503,31.35255190936208,34400
2002-01-17,31.151384353637695,31.198716716085087,30.766798469947794,30.766798469947794,47700
2002-01-18,31.405797958374023,31.417629354574572,31.121794794712144,31.21646176358658,38400
2002-01-22,30.38220977783203,30.76679562597215,30.35854472731529,30.70762961412229,47700
2002-01-23,30.701717376708984,30.74313404412521,30.17513209924065,30.323049413452612,42000
2002-01-24,30.985713958740234,31.417632184195355,30.979798260107163,31.228298229394174,58300
2002-01-25,32.25189971923828,32.5418187337822,32.15723270047614,32.5418187337822,185200
2002-01-28,32.535892486572266,32.719308506387655,32.48264216471382,32.512225175293175,83800
2002-01-29,30.624799728393555,31.092218982795025,30.61888402892478,31.062635971372966,85100
2002-01-30,31.056718826293945,31.18096882270654,30.068630040108648,30.340797343785464,255500
2002-01-31,30.979795455932617,31.06262877153053,30.82596022093201,30.82596022093201,64900
2002-02-01,30.82596778869629,31.003470373741287,30.796384776868496,31.003470373741287,42600
2002-02-04,30.1159610748291,30.70763023341483,29.87929250857932,30.70763023341483,45300
2002-02-05,29.110130310058594,29.47104894788766,29.015463311368944,29.465130990884962,77900
2002-02-06,28.88528823852539,29.19887217137576,28.8438715778485,28.962205861370496,34400
2002-02-07,29.40595245361328,29.713620632730454,29.346784193953255,29.435535454924135,51700
2002-02-08,30.056795120239258,30.11596339487922,29.553877199513476,29.96804609383765,67300
2002-02-11,30.559717178344727,30.94430083049292,29.8733809495631,29.96804793777301,71100
2002-02-12,31.12771987915039,31.151387191049256,30.91471858613878,31.062635899948052,53900
2002-02-13,32.393890380859375,32.393890380859375,32.01522243433721,32.01522243433721,80400
2002-02-14,31.251968383789062,31.595137618764216,31.240134728406574,31.240134728406574,119000
2002-02-15,31.376203536987305,31.654288664327925,31.36436988720282,31.506371427578728,27000
2002-02-19,29.666301727294922,30.41772209491459,29.660386026716914,30.411806394336587,71200
2002-02-20,30.139631271362305,30.1396312713623,29.77871491892068,29.93846363281759,37400
2002-02-21,30.595211029052734,31.19871382943048,30.58929533068374,30.76679562325633,43600
2002-02-22,30.967971801757812,31.06855450116364,30.867386845312677,30.94430448764845,18100
2002-02-25,31.405797958374023,31.417629354574572,31.00346277639803,31.033045780976558,26100
2002-02-26,30.175134658813477,30.500552326275173,29.997634318110663,30.263885957684522,178700
2002-02-27,30.157379150390625,30.317130101549143,30.05679421505134,30.175128503728633,53700
2002-02-28,30.44138526916504,30.44138526916504,30.06271728659132,30.086382342722768,46800
2002-03-01,31.246057510375977,31.26972256775689,30.352635575846165,30.441386876402404,45500
2002-03-04,33.10980224609375,33.133469551748526,32.54180045261016,32.54180045261016,123100
2002-03-05,32.837646484375,33.28139846389358,32.737063785729646,33.07431510960062,75800
2002-03-06,34.245826721191406,34.26949178268242,33.39973926855524,33.42932228819879,93600
2002-03-07,35.31673812866211,35.34632339797345,35.02682144853994,35.02682144853994,73600
2002-03-08,34.2990608215332,34.76056202920043,34.0564765640365,34.16889288827787,75300
2002-03-11,34.74281692504883,34.83748390888933,34.494314681818175,34.61264897587854,101800
2002-03-12,34.31090545654297,34.31090545654297,33.60681750899413,34.080152521817276,41400
2002-03-13,34.16297149658203,34.583055974939164,33.902635673457276,34.583055974939164,33300
2002-03-14,34.84931564331055,35.032731644808315,34.70139834814716,34.70139834814716,45500
2002-03-15,35.322654724121094,35.45873838096023,34.790151495586166,34.84931977488954,16500
2002-03-18,34.7014045715332,34.93215523224495,34.494318966942224,34.908487919084976,44900
2002-03-19,35.49423599243164,35.50015169128309,35.02681678680709,35.35223439256941,42400
2002-03-20,34.31681823730469,34.541653195658,34.162985217614015,34.435152544703236,61400
2002-03-21,34.65407180786133,34.79015548028684,34.304986819625675,34.34640349136216,45900
2002-03-22,33.66598129272461,33.84348161665902,33.58906365810537,33.66598129272461,68500
2002-03-25,33.310970306396484,33.896723716016105,33.28730300040329,33.75472213709547,34700
2002-03-26,33.341861724853516,33.56754649874276,33.258715299097005,33.258715299097005,35100
2002-03-27,33.69226837158203,33.85262317427599,33.19338751839094,33.19338751839094,47700
2002-03-28,34.53560256958008,34.60687058869616,34.25646628515201,34.38712620817272,74300
2002-04-01,33.2290153503418,33.341856587113305,32.90236775710232,33.110233789462946,76700
2002-04-02,32.89643096923828,33.1221157326114,32.813284547356105,32.99145577504221,43100
2002-04-03,32.6826171875,33.10429179172179,32.57571402198682,32.991448302808124,33300
2002-04-04,33.28839874267578,33.347790644739625,32.813274854012114,32.813274854012114,25900
2002-04-05,33.55565643310547,33.61504606923719,33.35966655584588,33.383423316526326,17900
2002-04-08,33.294349670410156,33.31810417323245,32.819223364842316,32.90237205421578,24500
2002-04-09,32.81328582763672,32.842980655814664,32.66480942117683,32.66480942117683,26700
2002-04-10,33.40719223022461,33.49627898239996,33.0924229661934,33.199326162575744,24400
2002-04-11,32.48663330078125,32.943940835770356,32.30846209293909,32.66480450862341,62500
2002-04-12,32.61729431152344,32.62323463621481,32.302525069982394,32.42724470166054,12300
2002-04-15,32.57572555541992,32.87267839463276,32.49257912293158,32.57572555541992,29300
2002-04-16,33.615047454833984,33.615047454833984,32.99144718746882,32.99144718746882,89200
2002-04-17,32.96769332885742,33.353732810327784,32.96175527070436,33.02114491451378,84400
2002-04-18,33.5200309753418,33.52597130001265,33.19932367578752,33.41906811163787,48000
2002-04-19,33.781349182128906,33.79322756530102,33.34779839141165,33.40718804170226,55200
2002-04-22,33.28839874267578,33.609108217112286,33.22900910618135,33.466569917728485,23700
2002-04-23,33.704139709472656,33.7813480647526,33.61505297141351,33.76352935779885,15300
2002-04-24,33.3656120300293,33.67444316984653,33.34779558955302,33.34779558955302,31600
2002-04-25,33.28839874267578,33.30621744607964,32.99144602906482,33.28839874267578,19100
2002-04-26,33.27058792114258,33.27058792114258,32.8786103636304,32.96175677498604,40700
2002-04-29,33.175559997558594,33.61504877771092,33.08053521274975,33.08053521274975,33100
2002-04-30,32.56385040283203,32.902376468344634,32.49258008809327,32.902376468344634,56400
2002-05-01,33.074588775634766,33.24088381748858,32.593526882648696,32.66479489168938,41800
2002-05-02,31.892732620239258,32.474759862780196,31.625474634998476,32.474759862780196,139900
2002-05-03,32.07683563232422,32.07683563232422,31.863031551575666,31.892726373993266,47900
2002-05-06,31.750185012817383,32.20749248405996,31.750185012817383,32.15998122585748,28000
2002-05-07,31.922420501708984,32.04714011249057,31.48292943655573,31.750187363637462,19100
2002-05-08,32.260948181152344,32.36785135770779,31.952117033944372,31.952117033944372,52800
2002-05-09,31.96400260925293,32.07090580986477,31.714563318205506,32.07090580986477,27300
2002-05-10,32.51040267944336,32.69451201723118,32.15999818632273,32.58760879793535,45800
2002-05-13,33.53786087036133,33.73384860404023,32.9617715259167,32.9617715259167,87000
2002-05-14,33.4368896484375,34.00110050290991,33.329986443776605,34.00110050290991,65200
2002-05-15,33.25870895385742,33.37749051037801,33.11023257459913,33.22901413111972,44400
2002-05-16,33.597251892089844,33.73384995815429,33.52598382839772,33.704155120413475,39700
2002-05-17,33.917945861816406,34.11987383669363,33.75165303505981,33.75165303505981,43400
2002-05-20,33.67445373535156,33.9417117541977,33.46064732027465,33.9417117541977,67800
2002-05-21,33.55565643310547,33.733827607070026,33.43687489527263,33.537839995379834,126500
2002-05-22,33.353736877441406,33.40125041073844,33.169625334270336,33.169625334270336,63300
2002-05-23,32.7538948059082,32.99739601172908,32.46288006452712,32.99145568699902,118900
2002-05-24,33.733821868896484,33.79321376049496,33.35966088131769,33.37747958158173,52900
2002-05-28,33.1102294921875,33.460633805238814,33.086472729981075,33.40718222305914,29400
2002-05-29,33.16962814331055,33.496278048465804,33.16962814331055,33.3774964707339,31200
2002-05-30,33.615047454833984,33.615047454833984,33.13992354948764,33.52596299696438,95500
2002-05-31,32.88454818725586,33.22901447820663,32.842974981874875,33.08053809739746,76900
2002-06-03,32.44506072998047,32.664805148437665,32.36785237436096,32.664805148437665,77200
2002-06-04,31.090944290161133,32.100583842298086,30.64551527588622,32.070889027793584,530300
2002-06-05,31.785829544067383,31.886792413549482,31.536388001727172,31.625474752328,82300
2002-06-06,31.090944290161133,31.655154828023175,30.93059183872299,31.59576519901417,81800
2002-06-07,31.358219146728516,31.566087492054535,30.94842504710863,30.97218181781509,28200
2002-06-10,31.120637893676758,31.27505227119166,31.061246005733434,31.209722327238442,30300
2002-06-11,30.948413848876953,31.20379337764019,30.88902194360089,31.001865430840645,118000
2002-06-12,31.2631893157959,31.625472081473934,31.049382944866565,31.328519291976527,77700
2002-06-13,30.794008255004883,30.912789842781375,30.586142175573784,30.88309501222984,56300
2002-06-14,30.021934509277344,30.318887377352432,29.784373574159627,30.318887377352432,106800
2002-06-17,30.015993118286133,30.140712765302226,29.63589385181594,29.63589385181594,68800
2002-06-18,30.485172271728516,30.52080515394881,29.932839941615654,29.932839941615654,35500
2002-06-19,30.075382232666016,30.407970217570057,30.004114187890252,30.407970217570057,23500
2002-06-20,29.469593048095703,29.814059357976028,29.41614145744427,29.724972618367005,68200
2002-06-21,29.38645362854004,29.48147844947877,29.24985559003877,29.338942350855895,69900
2002-06-24,29.8972110748291,29.962541060051038,29.62995307418042,29.962541060051038,29100
2002-06-25,30.301067352294922,30.734618216622316,30.28918896710605,30.28918896710605,42000
2002-06-26,29.730920791625977,29.9209704384332,29.404270837203708,29.873456893946145,43700
2002-06-27,30.051612854003906,30.051612854003906,29.86156330395945,29.873441684033395,21000
2002-06-28,31.477006912231445,31.595788523504968,31.197870465574283,31.29883562810656,73500
2002-07-01,30.88309097290039,31.476996568533092,30.88309097290039,31.358214996292542,30800
2002-07-02,30.740549087524414,31.298821732993574,30.5920727057413,31.239429820938454,37900
2002-07-03,31.37009048461914,31.4354204566,31.138467686192342,31.138467686192342,44100
2002-07-05,30.995933532714844,30.99593353271484,30.88309228037258,30.88309228037258,13600
2002-07-08,30.508939743041992,30.508939743041992,30.200108460929215,30.40797684639765,40400
2002-07-09,30.556442260742188,30.972176616000784,30.32481944918139,30.853395047988332,24600
2002-07-10,30.063501358032227,30.746493716082686,30.057563298780273,30.140709721728307,38500
2002-07-11,30.223867416381836,30.283259358901603,29.920976439029378,30.14072096242512,57300
2002-07-12,30.021934509277344,30.39015543133069,29.84376324154641,30.28919254365904,44900
2002-07-15,30.247623443603516,30.425794735604345,29.784377631287185,30.289196669551348,77100
2002-07-16,30.11101531982422,30.586139361648417,30.081320492004604,30.301064936553896,54900
2002-07-17,30.419851303100586,31.090963126658927,30.37827808449327,31.090963126658927,111000
2002-07-18,30.37232780456543,30.728672474431995,30.28918139460082,30.31887621736393,65800
2002-07-19,29.5527400970459,30.437660391121476,29.546802038210604,30.360452032842947,58300
2002-07-22,30.11101531982422,30.407968129160608,29.843757338307437,30.200099803283052,99200
2002-07-23,29.517108917236328,30.111014520136173,29.208277731859997,30.111014520136173,74200
2002-07-24,29.428020477294922,29.51710721883191,28.626248865741832,29.101372867609218,150300
2002-07-25,28.38275718688965,28.537171689666486,28.00265785798909,28.210523970490737,82800
2002-07-26,28.210512161254883,28.210512161254883,28.067973839799954,28.18081733840962,56800
2002-07-29,28.23428726196289,28.234287261962887,27.913577529587975,27.972967213847966,222400
2002-07-30,29.04198455810547,29.249850610530967,28.756907878250423,28.786604970514112,94300
2002-07-31,28.489652633666992,28.56685873120635,28.35899267541563,28.5074690768576,25600
2002-08-01,28.857868194580078,29.09543129964686,28.53715868241082,28.566853504151748,45200
2002-08-02,28.566848754882812,28.952888170044456,28.45400754479938,28.845985017094133,57600
2002-08-05,28.151126861572266,28.507469321867564,28.002650458854202,28.418382574008685,78100
2002-08-06,28.121429443359375,28.358992591188994,27.943258215272206,27.943258215272206,56500
2002-08-07,29.457717895507812,29.594318182040173,29.226095065807968,29.27954666232102,116000
2002-08-08,29.635894775390625,29.861577305909023,29.398331593658153,29.398331593658153,34100
2002-08-09,30.556442260742188,30.88308987359895,30.384209100402632,30.88308987359895,52700
2002-08-12,30.25949478149414,30.49705569362105,29.91502840039013,30.49705569362105,47400
2002-08-13,29.74873161315918,30.283247559720266,29.724974845407562,29.75466967231205,62500
2002-08-14,30.4079647064209,30.41984308932573,29.606190852118726,29.962535542554097,35200
2002-08-15,30.087251663208008,30.194154831340462,29.754663777288197,29.885323708465556,25400
2002-08-16,29.493356704711914,29.825944709310168,29.4874186446166,29.4874186446166,45500
2002-08-19,28.923200607299805,28.923200607299805,28.358989884237648,28.358989884237648,96300
2002-08-20,28.881637573242188,28.988540790658902,28.715342420832478,28.77473435582547,60700
2002-08-21,29.629955291748047,29.84376170826871,29.30924566696705,29.84376170826871,69000
2002-08-22,29.695276260375977,29.90314228797069,29.41613993854611,29.499286349583997,43700
2002-08-23,29.6893367767334,29.92689761607039,29.68339645304741,29.701212892966023,17900
2002-08-26,30.550500869750977,30.675222757873456,30.37826998099402,30.526746369433738,43300
2002-08-27,30.378276824951172,30.55050775251023,30.289190065588926,30.407971656215118,34000
2002-08-28,29.962543487548828,30.06944669646936,29.695285465247505,29.873456724924893,17200
2002-08-29,29.540861129760742,29.665580743400586,29.166700023271474,29.517104365571324,42400
2002-08-30,29.71903419494629,29.98629214492366,29.54086298348467,29.54086298348467,28200
2002-09-03,28.477771759033203,28.893506099824837,28.388685019731465,28.74502971136853,46000
2002-09-04,28.685644149780273,28.745036077658526,28.38869130710021,28.477778066132387,76900
2002-09-05,28.626256942749023,28.626256942749023,28.27585246770951,28.418388575701854,49700
2002-09-06,29.24985694885254,29.24985694885254,28.6678296103682,28.6678296103682,29400
2002-09-09,29.59431266784668,29.635885872325087,29.012283274009544,29.14888353508971,79800
2002-09-10,29.291423797607422,29.606193038334496,29.107312247341934,29.606193038334496,41800
2002-09-11,29.54680633544922,29.707161134163307,29.463659906242718,29.665587919560057,18100
2002-09-12,29.428020477294922,29.54680204415426,29.38050920989316,29.54680204415426,30600
2002-09-13,29.11325454711914,29.40426704002514,28.988534907302284,29.40426704002514,25500
2002-09-16,29.178586959838867,29.39833142909054,29.10137858637245,29.13107341753018,16700
2002-09-17,29.641820907592773,29.873443670513478,29.487406487502138,29.487406487502138,128500
2002-09-18,31.554210662841797,31.58984355508842,30.91279141555693,31.180049435258958,164700
2002-09-19,31.566076278686523,32.2490662020979,31.56607627868652,32.17779818086574,120900
2002-09-20,30.8533935546875,30.978113175557674,30.64552525433402,30.79400164077085,68600
2002-09-23,30.43766975402832,30.853404233051126,30.229803647302237,30.853404233051126,81600
2002-09-24,29.968473434448242,30.54456254149242,29.968473434448242,30.467354185825602,86400
2002-09-25,30.480255126953125,30.659201698958867,30.1521902039429,30.1521902039429,51200
2002-09-26,31.088674545288086,31.494282922332268,30.790433225426224,30.790433225426224,54200
2002-09-27,30.945510864257812,31.255682018533957,30.927614843068792,31.04691179092885,53100
2002-09-30,30.480255126953125,30.71884903936066,30.27148716014667,30.71884903936066,53500
2002-10-01,29.943416595458984,30.00306392462255,29.329038183155472,29.704822728005226,131700
2002-10-02,29.07852554321289,29.376766830835585,28.8876513011664,29.2872935343886,90300
2002-10-03,29.317115783691406,29.67500437351341,29.120275466509188,29.466236408683933,62700
2002-10-04,29.764490127563477,29.81817366606582,29.406599112414156,29.645193122513707,34400
2002-10-07,28.72063446044922,29.09045298847067,28.631161171627777,28.631161171627777,42900
2002-10-08,28.899578094482422,29.048698722136713,28.63712433355473,28.989049105834876,43300
2002-10-09,27.6052188873291,28.03468716349391,27.438204457887657,28.03468716349391,73100
2002-10-10,27.97503089904785,28.034678240463215,27.13995446683141,27.378548383293314,63000
2002-10-11,28.482040405273438,28.58940744118921,28.326955950839675,28.482040405273434,105800
2002-10-14,28.380638122558594,28.422391715056335,28.05853703009018,28.177833983826645,32400
2002-10-15,29.824125289916992,29.901668652782828,29.078522157669067,29.078522157669067,95700
2002-10-16,29.513952255249023,29.824123411779535,29.472198664504536,29.764476075115994,19800
2002-10-17,30.15218162536621,30.331125871060465,29.94341371795617,30.122357963650423,34600
2002-10-18,29.800270080566406,29.973250580260054,29.76448258090602,29.913603230559055,31800
2002-10-21,30.241668701171875,30.259562451295817,29.692903518231734,29.70483344344789,51800
2002-10-22,29.10237693786621,29.394652040604154,28.989043825237392,29.394652040604154,71600
2002-10-23,30.003074645996094,30.11640779746527,29.531852840857212,29.585536366447723,68000
2002-10-24,29.704814910888672,30.3012971471531,29.53183451627619,30.003056029020886,23500
2002-10-25,30.372880935668945,30.396740776366478,30.07463975314871,30.122359434543775,105300
2002-10-28,29.764490127563477,30.414656415913576,29.555719799876094,30.408690314190476,79800
2002-10-29,28.82203483581543,29.22764312654232,28.511863656118383,29.22764312654232,53000
2002-10-30,29.686931610107422,29.70482535535922,29.394654210394993,29.537810998609235,121900
2002-10-31,28.98905372619629,29.824130284317402,28.720638373957883,29.52588898147423,115000
2002-11-01,30.480255126953125,30.82621607240403,30.27148716014667,30.27148716014667,53000
2002-11-04,30.867961883544922,30.92760920890884,30.700947552206276,30.71884129473553,72200
2002-11-05,31.14234161376953,31.225848775129503,30.80831296832966,31.01708087172958,41400
2002-11-06,30.867961883544922,31.1304133007056,30.62936803129005,30.71884129473553,61900
2002-11-07,30.850082397460938,31.33919797275396,30.838152471795176,30.91569585092231,51500
2002-11-08,30.975337982177734,31.196035881288534,30.814287425940037,30.850077196904063,26200
2002-11-11,30.659208297729492,30.718855650969164,30.30131735208945,30.420614333969464,45700
2002-11-12,30.945510864257812,31.14234889413689,30.778494227093724,30.89779117495378,32400
2002-11-13,30.873933792114258,31.034984343257115,30.742709186864687,30.94551333177789,12500
2002-11-14,30.73078727722168,30.987275006066525,30.575700509575547,30.575700509575547,38300
2002-11-15,31.756729125976562,32.12058153763308,31.00515990589882,31.017089828881023,36000
2002-11-18,30.772541046142578,31.01709884990464,30.635350305046867,30.897801860786384,44700
2002-11-19,30.927623748779297,30.933589849360274,30.569735077543935,30.862012570193336,17300
2002-11-20,31.536029815673828,31.536029815673828,30.951477226158392,31.040950513241455,91000
2002-11-21,30.927623748779297,31.27954859483437,30.659208383053116,30.659208383053116,110900
2002-11-22,30.718854904174805,31.040956064800163,30.575698074318883,30.885869309506198,80000
2002-11-25,31.404804229736328,31.40480422973633,30.569727827697704,30.569727827697704,56900
2002-11-26,31.07077980041504,31.154287003241244,31.02902619900194,31.136393252750093,30300
2002-11-27,31.613571166992188,31.613571166992184,31.14234946576553,31.166209310855503,27000
2002-11-29,31.553930282592773,31.84024165602425,31.19603935925303,31.6135776321158,25300
2002-12-02,31.297441482543945,31.553929172187928,31.148320838583512,31.553929172187928,53900
2002-12-03,31.225852966308594,31.321290060015333,31.023048857756798,31.31532623714607,29400
2002-12-04,31.553930282592773,31.553930282592777,31.017095035283425,31.16621568449152,43600
2002-12-05,30.957447052001953,31.017094400303883,30.629379810139888,31.017094400303883,125600
2002-12-06,30.527976989746094,30.736744971393303,30.480257293712253,30.689027550759803,37300
2002-12-09,30.450424194335938,30.891822144396556,30.241656277320565,30.677088129523803,107900
2002-12-10,30.706918716430664,30.832179494883782,30.599551684785087,30.599551684785087,68600
2002-12-11,30.569734573364258,30.659207877397776,30.31324686222886,30.48026126933074,40200
2002-12-12,30.921661376953125,31.10657182184279,30.59956019246176,30.71885718028087,23300
2002-12-13,30.510086059570312,30.557803484611345,30.34306938342531,30.42061275894261,76700
2002-12-16,30.975337982177734,31.052881348232987,30.790427578630688,30.867970944685936,31400
2002-12-17,31.243762969970703,31.530074379239746,30.88587200183378,30.88587200183378,27100
2002-12-18,30.21183967590332,30.593588113617688,30.12236639032644,30.42060764171581,24100
2002-12-19,30.235700607299805,30.313243978391753,30.128333562834154,30.152193411693283,64100
2002-12-20,30.420618057250977,30.742719265129864,30.152200384018574,30.152200384018574,18000
2002-12-23,30.420618057250977,30.599562414272263,30.271497380499746,30.53991505373215,33800
2002-12-24,30.981298446655273,31.166208830150417,30.808320260921143,30.873931420806485,19000
2002-12-26,31.3690242767334,31.79252643403821,31.166220074229557,31.166220074229557,35900
2002-12-27,31.184101104736328,31.524095912083304,30.957439416771624,31.434624911697213,23000
2002-12-30,31.661298751831055,32.06094101743751,31.66129875183105,31.76269970564739,29900
2002-12-31,31.613571166992188,31.71497209552447,31.512170238459902,31.512170238459902,33900
2003-01-02,32.096736907958984,32.34129473919557,31.613585071681356,31.613585071681356,109900
2003-01-03,32.25181579589844,32.35321902675332,32.15041484044422,32.15041484044422,23400
2003-01-06,32.9019775390625,33.02723832912153,32.09076090275575,32.56794649017137,68200
2003-01-07,32.4665412902832,32.71706283754488,32.1444402077467,32.508294881493484,53000
2003-01-08,31.601634979248047,31.60163497924805,31.315323721131374,31.553917573928413,45700
2003-01-09,31.97146224975586,31.97146224975586,31.70901075937825,31.732870606339915,17700
2003-01-10,31.673219680786133,31.726903196532557,31.190070314468475,31.553925001705327,28000
2003-01-13,31.726903915405273,31.959534005844173,31.524099770812526,31.524099770812526,52700
2003-01-14,31.530065536499023,31.6314664700223,31.315331470920114,31.315331470920114,29700
2003-01-15,31.404804229736328,31.667255708039832,31.40480422973633,31.553924853286077,20000
2003-01-16,31.43462562561035,31.536026550097496,31.321292503654167,31.464449293083046,47700
2003-01-17,31.07077980041504,31.19007677962417,30.93955289574494,31.106569576797966,43200
2003-01-21,30.49816131591797,31.017100631681924,30.414654101358362,31.017100631681924,75200
2003-01-22,30.235700607299805,30.378857425054143,30.13429966274915,30.378857425054143,28600
2003-01-23,30.718854904174805,30.838151883154634,30.420613594425532,30.420613594425532,27400
2003-01-24,30.199909210205078,30.420607095155937,29.84201834972787,30.420607095155937,51800
2003-01-27,29.836050033569336,30.020960397410615,29.824120112476372,29.943417048006236,21900
2003-01-28,29.985177993774414,30.06272136221125,29.752550163864267,29.824127432590387,47700
2003-01-29,29.43640899658203,29.513952354826294,29.287288379020016,29.49605860884687,59900
2003-01-30,28.452219009399414,29.048701578672354,28.213625071530064,28.989051956504802,132600
2003-01-31,28.511865615844727,28.804143068375556,28.40449857413139,28.422394598017192,71000
2003-02-03,29.167993545532227,29.42448118836607,29.114310032487932,29.17395736902602,31600
2003-02-04,29.525882720947266,29.56167248884396,29.22764148134174,29.46026928417004,55100
2003-02-05,29.645187377929688,29.937462594493965,29.573610098930367,29.82413171312832,96100
2003-02-06,29.45430564880371,29.585530247796775,29.22764166814282,29.585530247796775,45400
2003-02-07,29.525882720947266,29.752546700159492,29.31711476338343,29.67500334075003,25100
2003-02-10,29.317115783691406,29.406586793446824,28.98904858838771,29.376763123528352,40500
2003-02-11,29.144140243530273,29.496065069071165,29.138174143297075,29.496065069071165,24500
2003-02-12,29.150094985961914,29.436406272133812,28.995010559227076,28.995010559227076,34300
2003-02-13,29.0487003326416,29.31711793238086,28.983086888771968,29.10834767685018,34600
2003-02-14,29.537811279296875,29.627282281806025,29.179920443060336,29.227640131385197,24700
2003-02-18,29.335012435913086,29.537816597004735,29.257469066125005,29.537816597004735,35300
2003-02-19,29.442378997802734,29.53185001495841,29.376765553315032,29.43641289808548,17800
2003-02-20,29.627290725708008,29.722730129558364,29.525889772217944,29.56764337370216,22300
2003-02-21,29.251508712768555,29.30519224046893,28.86976019374395,29.168001508657003,45200
2003-02-24,28.983083724975586,29.15009809084856,28.92940021088783,29.15009809084856,31700
2003-02-25,28.905546188354492,28.923442213588757,28.45222041449601,28.631164739034872,51400
2003-02-26,28.857831954956055,28.88168953223917,28.601344227106033,28.66099158341501,163900
2003-02-27,28.744487762451172,28.810101194454056,28.61922699702744,28.643086840555746,200900
2003-02-28,28.320993423461914,28.392570697966892,28.195732624228068,28.231522399180825,241700
2003-03-03,28.9174747467041,29.04273554042128,28.78028402852808,28.899580997716054,113600
2003-03-04,28.899578094482422,29.203783173721092,28.82203473099013,29.000979029095244,133800
2003-03-05,29.02483367919922,29.048693521448243,28.75045231953481,28.75045231953481,87500
2003-03-06,28.3031005859375,28.58941196858619,28.142050006559995,28.571518218233336,52200
2003-03-07,28.338890075683594,28.482046914756086,28.124158230176,28.18380558580576,37600
2003-03-10,28.124149322509766,28.356777121347484,27.921345192040977,28.356777121347484,25200
2003-03-11,27.527673721313477,27.825915030210048,27.4501303438882,27.766265403190367,76100
2003-03-12,28.02871322631836,28.03467705004657,27.61117502793977,27.61713885166798,31700
2003-03-13,27.92731285095215,27.969066447482888,27.599247903039025,27.945206599350932,99200
2003-03-14,27.808019638061523,27.855739340764654,27.527674348582977,27.796089712385744,78800
2003-03-17,28.142051696777344,28.165911548947914,27.497849340576405,27.497849340576405,71200
2003-03-18,27.998884201049805,28.1837945718823,27.676785420960766,27.91537702564154,72100
2003-03-19,27.980998992919922,28.13608346950584,27.742405040048666,27.897491792035154,85900
2003-03-20,28.332918167114258,28.464145042542615,28.112220283766664,28.261340905698844,67100
2003-03-21,28.643096923828125,28.684850527001288,28.124157659104036,28.124157659104036,144100
2003-03-24,28.589406967163086,28.81607095871599,28.571513219940556,28.81607095871599,49100
2003-03-25,28.344852447509766,28.54765661553161,28.03468123315868,28.03468123315868,37900
2003-03-26,28.992464065551758,29.082410580258472,28.752610505392003,28.758605872236167,57700
2003-03-27,28.668649673461914,28.758593863174696,28.566710180200044,28.752598498834082,34600
2003-03-28,28.1949405670166,28.362838245967158,28.122984745671268,28.122984745671268,47600
2003-03-31,26.95369529724121,27.18755346267557,26.623895261694432,26.923713891725072,197200
2003-04-01,27.409421920776367,27.583317296193265,27.163570705938128,27.163570705938128,48900
2003-04-02,27.499361038208008,27.523347074041094,27.16356339884762,27.313472691652997,115100
2003-04-03,26.707847595214844,26.893733706118006,26.68386155269995,26.803789477839516,120200
2003-04-04,26.593904495239258,26.76180443885356,26.479974269607485,26.683850975298135,62900
2003-04-07,27.07361602783203,27.547327599219575,26.863741670000632,27.07361602783203,96300
2003-04-08,26.497968673706055,26.737824483426934,26.473984922681588,26.683857040611464,65000
2003-04-09,26.42001724243164,26.683856800805884,26.38403818506649,26.50396608884915,50000
2003-04-10,26.16217041015625,26.354054121873766,26.13818437433299,26.174163428067878,54900
2003-04-11,25.28070831298828,25.48458508516701,25.064838520394954,25.064838520394954,206400
2003-04-14,25.160776138305664,25.298692418581812,24.687062205552134,24.765015681337562,146300
2003-04-15,25.49657440185547,25.748420931673696,25.2147441816389,25.2147441816389,164600
2003-04-16,25.41262435913086,25.67046852983252,25.358656921369246,25.646482493619736,267600
2003-04-17,26.234127044677734,26.414017744068655,25.89233402960468,25.964289851874177,92300
2003-04-21,26.354063034057617,26.62989567700091,26.354063034057617,26.623900309734772,54700
2003-04-22,26.437999725341797,26.497962520129697,25.904323074453906,26.078218381746407,127200
2003-04-23,26.569931030273438,26.695854321131705,26.384042633695838,26.438010085125793,69200
2003-04-24,26.402021408081055,26.65387018552826,26.14417726596242,26.65387018552826,60400
2003-04-25,25.676464080810547,26.018257093293823,25.574526857320667,25.724436153582957,85700
2003-04-28,25.886333465576172,26.08421481385655,25.586514904497363,25.592512556682028,75900
2003-04-29,26.150177001953125,26.198146785449417,25.814379367742113,25.99427005886313,78700
2003-04-30,27.151565551757812,27.22352364645862,26.623886581888463,26.83375863951447,192400
2003-05-01,26.80978012084961,27.03164754386684,26.68385685098654,26.743819659273377,81700
2003-05-02,27.1635684967041,27.223533597540623,26.77380563472289,26.8097824077901,138600
2003-05-05,27.763206481933594,28.482771698109634,27.583315749748277,28.482771698109634,408200
2003-05-06,28.272884368896484,28.482756395786765,28.003047271870745,28.110982110681043,351200
2003-05-07,28.50075912475586,28.716628911078352,28.392824231594616,28.482770738373883,273000
2003-05-08,28.051025390625,28.29687653278021,27.991062590073668,28.272892785020208,230400
2003-05-09,28.314861297607422,28.356835706726105,28.15295902496375,28.332849676534362,109700
2003-05-12,28.43480110168457,28.596703455339693,28.31487546558586,28.31487546558586,66600
2003-05-13,28.087007522583008,28.290884269216363,28.03903544693541,28.230921462091334,101900
2003-05-14,27.883121490478516,28.110984199054187,27.853140096900226,28.086998169218074,60600
2003-05-15,27.673254013061523,27.93109815775024,27.673254013061523,27.703235411585638,60200
2003-05-16,27.55332374572754,27.823160883947907,27.493358666437523,27.823160883947907,42900
2003-05-19,27.301475524902344,27.643268477563733,27.289482508808305,27.523342891491193,107500
2003-05-20,27.63727378845215,27.823162111300395,27.523343563926183,27.523343563926183,85300
2003-05-21,27.373437881469727,27.553328576008035,27.373437881469727,27.553328576008035,28600
2003-05-22,27.463376998901367,27.53533280590387,27.217525894828434,27.289481701830937,57800
2003-05-23,27.58330726623535,27.69723749451093,27.511351452978882,27.511351452978882,47600
2003-05-27,27.40342140197754,27.439398171207,26.99566790952428,26.99566790952428,99300
2003-05-28,27.091602325439453,27.253504604766842,26.971674456963555,27.013648867815046,134500
2003-05-29,27.6072998046875,27.793185890018407,27.331467216017078,27.37344164092629,125900
2003-05-30,28.5906925201416,28.62667156384063,28.41080187651373,28.542720461876225,162800
2003-06-02,29.022445678710938,29.20233640777608,28.78258984833426,28.78258984833426,140500
2003-06-03,29.05242919921875,29.244312962505777,29.010454768964394,29.11239201745786,62500
2003-06-04,29.91590690612793,29.9398929490166,29.238316062850135,29.412211442640576,143100
2003-06-05,30.113784790039062,30.30566853572966,29.861935944173485,29.975868490788617,85400
2003-06-06,30.311656951904297,30.851331292564446,30.311656951904293,30.61147552173012,90500
2003-06-09,30.983243942260742,31.05520203211659,30.791360277512588,30.94126953356169,155000
2003-06-10,31.193134307861328,31.29507155640686,30.9532784599126,30.98325986904747,67600
2003-06-11,31.76279067993164,31.822753499048577,31.169148705960314,31.24110454638762,205300
2003-06-12,31.708818435668945,31.912695192263975,31.594885894156246,31.912695192263975,63000
2003-06-13,31.109188079833984,31.403009116628287,30.88732060110431,31.403009116628287,49300
2003-06-16,31.36102294921875,31.361022949218746,30.97725553355829,31.04921135213607,49000
2003-06-17,31.67283058166504,31.89469566217793,31.51092829455543,31.51092829455543,121600
2003-06-18,31.69081687927246,31.780763350899466,31.570891300348176,31.600872695079246,29700
2003-06-19,31.696823120117188,31.89470220891202,31.660844064229753,31.750790560231124,53300
2003-06-20,31.93667221069336,32.08058612689248,31.81074896366544,31.81074896366544,48900
2003-06-23,31.828744888305664,32.23050072966503,31.67283792939421,32.23050072966503,71600
2003-06-24,30.82135772705078,31.103185698865122,30.803367052833245,31.061211271415438,95000
2003-06-25,30.82135772705078,31.001248457182957,30.76739027926765,30.94128335551574,146300
2003-06-26,31.121166229248047,31.181129023935863,30.941273270316604,30.941273270316604,53100
2003-06-27,31.199111938476562,31.34302582291985,31.103170111325575,31.12116077652698,37300
2003-06-30,31.061203002929688,31.325044805161337,31.001240204659293,31.27107737174433,60400
2003-07-01,31.319053649902344,31.31905364990234,30.851337321551572,31.23510479993524,70500
2003-07-02,32.23048782348633,32.34441802673513,31.57088805742096,31.768767072267146,89800
2003-07-03,32.56629180908203,32.770168515109056,32.44036627930504,32.44036627930504,61500
2003-07-07,33.9394645690918,34.11335990589193,33.39979246212382,33.4297738646052,156200
2003-07-08,34.40717697143555,34.41916998776483,33.98743054964642,33.98743054964642,105000
2003-07-09,35.348609924316406,35.6724145294853,35.21069365635947,35.24667042086657,143000
2003-07-10,34.73099136352539,34.92287740421673,34.65903552791287,34.89889136320096,79700
2003-07-11,33.591670989990234,34.17931508003203,33.279859420031194,33.44775707791913,225900
2003-07-14,33.363807678222656,33.69960527568809,33.21989605604747,33.21989605604747,178600
2003-07-15,32.60826873779297,33.028015198739126,32.572289685448716,32.9800431289468,162000
2003-07-16,31.99064064025879,32.230496412253885,31.63085926970032,32.230496412253885,103700
2003-07-17,31.31305503845215,31.600880617409032,31.241096928137154,31.600880617409032,77600
2003-07-18,32.0206184387207,32.0206184387207,31.18112567855533,31.18112567855533,121600
2003-07-21,31.337038040161133,31.66084266655029,31.21111478126567,31.54091477298753,67000
2003-07-22,31.4809513092041,31.71480943865442,31.23510016190578,31.337037382462377,63300
2003-07-23,31.570894241333008,31.66083843390497,31.331038486273105,31.331038486273105,134100
2003-07-24,31.343032836914062,31.678830450804654,31.331039819907172,31.570895585176753,79000
2003-07-25,31.65484619140625,31.660841556528748,31.18113228653051,31.492943883887925,72100
2003-07-28,31.409000396728516,31.510937633211253,31.271084101080604,31.510937633211253,66600
2003-07-29,30.731399536132812,31.103173875405524,30.581490270102897,31.001236672473436,85800
2003-07-30,30.473562240600586,30.64145992417858,30.371625014838052,30.581497119310548,56800
2003-07-31,30.761384963989258,31.115170969690734,30.46156639262984,30.521531479362224,137800
2003-08-01,30.341636657714844,30.5814924151603,30.161745983347764,30.341636657714844,131100
2003-08-04,30.02983283996582,30.155756106193603,29.77198865439401,30.03582820564762,138500
2003-08-05,30.161746978759766,30.55151202561333,30.161746978759766,30.23370279339451,84200
2003-08-06,30.85133934020996,31.07320449927357,30.491555590108025,30.52153928485925,215200
2003-08-07,31.289073944091797,31.343041391635538,30.971266912686826,31.121176235037808,211400
2003-08-08,30.85133934020996,30.94128356215938,30.719418403095776,30.827353299382885,58800
2003-08-11,31.331045150756836,31.40300097760706,31.181135843815415,31.181135843815415,35100
2003-08-12,31.301061630249023,31.32504766672197,31.031224438514204,31.211115137192635,42300
2003-08-13,31.960660934448242,32.200516719155054,31.810751640865057,31.900698131988683,60000
2003-08-14,33.357810974121094,33.393787734503114,32.56029256995579,32.68022044190829,549200
2003-08-15,33.231895446777344,33.549704746164934,32.980048898611095,33.159939616934786,98500
2003-08-18,33.1479377746582,33.26187028630519,33.010021517736995,33.010021517736995,131600
2003-08-19,33.159942626953125,33.219907730127275,32.93207980976094,33.010033300169944,96000
2003-08-20,33.37581253051758,33.57968930709375,33.29186367323941,33.447768367122464,42400
2003-08-21,34.50912094116211,34.898886042219665,34.431167463463716,34.59906743753983,81200
2003-08-22,33.5377082824707,34.119357089838424,33.501729227526994,33.699610598565876,60000
2003-08-25,33.249881744384766,33.38180036716421,33.06999104973331,33.123958486872176,48600
2003-08-26,33.47772979736328,33.56767396144119,33.27385315638011,33.27984851901199,35600
2003-08-27,33.879493713378906,33.90947510873584,33.38179385820528,33.387791509736964,89800
2003-08-28,33.27987289428711,33.333840347234705,32.83014488220215,32.99804260806802,82400
2003-08-29,33.213897705078125,33.54369764367523,33.159930276039766,33.339820943689645,47400
2003-09-02,34.239280700683594,34.359208589398655,33.87949932197262,34.089371411648315,157900
2003-09-03,35.09077453613281,35.288653652653444,34.65903495472818,34.74898146333239,347600
2003-09-04,35.708396911621094,35.79834341190752,35.30664106185999,35.348615485344446,460400
2003-09-05,35.348609924316406,35.8583005792631,35.348609924316406,35.76835638056118,98100
2003-09-08,35.67840576171875,35.696394141888675,35.49851509771788,35.55847788990687,156600
2003-09-09,35.9962272644043,36.338020350740486,35.88829236477867,35.88829236477867,333000
2003-09-10,35.67840576171875,36.39797070515616,35.67840576171875,36.01420334530525,279300
2003-09-11,36.541893005371094,36.65582554624883,36.385988327636525,36.42796275192793,236900
2003-09-12,37.92704391479492,38.13691597010088,37.47731612133885,37.47731612133885,234000
2003-09-15,37.77715301513672,37.88508792103191,37.68720649774575,37.80713442512206,254700
2003-09-16,40.055755615234375,40.08573472194957,39.516081370818384,39.63600694741416,338700
2003-09-17,39.785919189453125,40.48749347237677,39.785919189453125,40.325593474343556,243600
2003-09-18,39.98981475830078,39.99580783765808,39.216282058323735,39.51610072149919,154500
2003-09-19,38.64661407470703,38.86848147627139,38.44273963127107,38.85049309301158,203200
2003-09-22,37.38737487792969,37.537284163386396,37.243463244854375,37.47732136417738,173600
2003-09-23,37.83110809326172,37.897068546114305,37.05757561651913,37.387375593347876,112400
2003-09-24,36.57786560058594,37.71117943107364,36.57786560058594,37.687193396449715,89300
2003-09-25,36.47417068481445,36.884128489718705,36.3535944539955,36.3535944539955,180100
2003-09-26,36.353599548339844,36.54049284728919,36.17273632666664,36.53446277001305,111800
2003-09-29,36.112457275390625,36.16671648377653,35.798959882472175,36.05216798840565,172900
2003-09-30,35.90143966674805,35.99187242577838,35.44928047119756,35.7808634213078,186500
2003-10-01,37.770355224609375,37.88490136105315,36.23301254714837,36.23301254714837,300200
2003-10-02,36.757530212402344,36.99868041183286,36.47417637077581,36.68518308275259,348000
2003-10-03,37.52922439575195,37.80052045375379,37.257928337750116,37.360418981795824,175100
2003-10-06,38.01150131225586,38.0959039617044,37.77035121380283,37.89092511312949,69900
2003-10-07,37.98136520385742,38.22251764888134,37.842703352898724,38.162228387725285,179500
2003-10-08,37.107208251953125,37.22778453226078,36.86605799113907,36.86605799113907,391200
2003-10-09,37.75830078125,38.17428633516357,37.25791026150744,37.25791026150744,221400
2003-10-10,37.800506591796875,37.91505275214701,37.31820394321678,37.87285141413378,154900
2003-10-13,37.98136520385742,38.12002705481612,37.776386315527134,37.92107824250152,68500
2003-10-14,38.11400604248047,38.15620738287887,37.782420796777956,38.04165891625416,70700
2003-10-15,37.384521484375,37.95725692855497,37.37849370697969,37.589500412824655,152000
2003-10-16,38.554107666015625,38.70482509727859,37.981372228014024,38.04165920051921,258700
2003-10-17,37.4930419921875,37.776395841573716,37.35438010626253,37.40863930508541,153000
2003-10-20,37.860782623291016,37.8909260989069,37.49905631630089,37.49905631630089,89000
2003-10-21,37.63170623779297,37.842715268580164,37.45084299697601,37.55936140142636,105000
2003-10-22,36.413883209228516,36.82384100839018,36.36565179765642,36.71532263215325,243000
2003-10-23,35.931583404541016,36.22699509294634,35.67234527996102,35.720576698394794,144000
2003-10-24,35.841156005859375,35.99187575163692,35.497515169470645,35.630146981890334,99900
2003-10-27,36.160682678222656,36.26920108380986,35.84115753943862,35.88938666425465,107600
2003-10-28,36.413883209228516,36.44402669156093,35.63013886978396,35.63013886978396,80800
2003-10-29,36.48019790649414,36.82384096403064,36.32345041867423,36.32345041867423,213600
2003-10-30,36.112457275390625,36.293320536743266,36.00393885861881,36.172744262574454,164200
2003-10-31,34.979042053222656,35.62412243976001,34.816264437021495,35.62412243976001,259600
2003-11-03,35.33474349975586,35.509578986159916,35.165938092083636,35.509578986159916,265900
2003-11-04,37.2458610534668,37.55935838561785,37.07102790460237,37.31820818382521,293700
2003-11-05,38.22251892089844,38.46969915036386,37.98136646784914,37.98136646784914,351100
2003-11-06,37.6196403503418,37.740214277906794,37.450832712110355,37.55935108675905,213300
2003-11-07,38.1923713684082,38.692761880351924,38.06576737133815,38.06576737133815,179800
2003-11-10,38.1923713684082,38.6445304720585,38.186343592271584,38.6445304720585,177900
2003-11-11,37.077056884765625,37.55935960379429,36.93236491915663,37.52921611506764,224000
2003-11-12,37.993431091308594,38.041660210633246,37.318207322158955,37.52921403133051,202000
2003-11-13,37.40863800048828,37.51715639434954,37.31820753880434,37.3784945132603,165800
2003-11-14,37.49907302856445,38.13209549781707,37.468929539514484,37.52921651761443,204300
2003-11-17,36.715328216552734,36.88413358312978,36.263169013392236,36.775615190387214,275500
2003-11-18,35.87128829956055,36.53445405408616,35.87128829956055,36.413880134936115,203300
2003-11-19,35.943641662597656,36.003930936316586,35.666317902892494,35.69043361238006,113300
2003-11-20,35.43118667602539,35.99186413331289,35.41912882427942,35.599992000868916,132700
2003-11-21,35.5819091796875,35.79291585238514,35.4854486579114,35.4854486579114,64300
2003-11-24,36.31742477416992,36.594748507254984,35.93158035880761,36.184790684520365,143500
2003-11-25,35.29856491088867,35.539717430268276,34.84640566190256,34.9066949416479,337600
2003-11-26,35.672340393066406,35.81100455216705,35.58190994559243,35.81100455216705,165300
2003-11-28,35.91349411010742,36.40182682284694,35.87129277318183,36.23301917534418,73200
2003-12-01,36.86001205444336,36.956472577230315,36.775609384479814,36.83589634879656,252100
2003-12-02,37.6618537902832,38.09592512859765,37.55936315914995,37.55936315914995,263100
2003-12-03,37.71007537841797,38.21649375505008,37.619644921755416,37.74021886397215,145100
2003-12-04,38.54808044433594,38.58425401039896,38.05974995138931,38.25267103745724,120500
2003-12-05,38.02960205078125,38.58424953392722,38.00548634287043,38.58424953392722,104600
2003-12-08,38.43353271484375,38.52999325397918,38.13209324257047,38.25266949143991,84400
2003-12-09,38.439552307128906,39.156977270443925,38.40338105003078,38.75304956751367,175800
2003-12-10,38.49985122680664,38.849522131809124,38.349131484954,38.46367766083374,128000
2003-12-11,39.8864631652832,40.001007008261254,39.18712155737428,39.18712155737428,190900
2003-12-12,39.69354248046875,39.8442621975415,39.48856587305818,39.83823672057112,68700
2003-12-15,39.802066802978516,40.80284808156111,39.790011247637196,40.54360994550911,140000
2003-12-16,40.007049560546875,40.18188501704771,39.735755858846524,39.79604283704642,124900
2003-12-17,39.156982421875,39.30770214574611,38.82540178911912,38.82540178911912,112300
2003-12-18,40.93547821044922,41.08016785849212,40.296423449024516,40.45317325083823,137400
2003-12-19,41.01988220214844,41.3574929249279,41.00179657051399,41.05605346541734,101100
2003-12-22,41.56850051879883,41.67701891053567,41.146487106267344,41.146487106267344,82900
2003-12-23,41.628787994384766,42.05080136537981,41.447922492757876,41.719216145597436,131100
2003-12-24,41.53835678100586,41.53835678100586,41.146484579377315,41.478069811432455,36400
2003-12-26,40.543609619140625,40.81490330835008,40.453176856203676,40.69432935750174,65400
2003-12-29,41.05606460571289,41.05606460571289,40.71242371261019,40.724483870039684,116200
2003-12-30,41.52630615234375,41.52630615234375,40.94754283240469,41.146494017271806,78900
2003-12-31,41.44792175292969,41.496153165782715,40.995762606534086,40.995762606534086,54600
2004-01-02,41.57453536987305,41.900090582466,41.508218311774385,41.59865108187272,62800
2004-01-05,43.58211135864258,43.58211135864258,42.35223798824193,43.50976424287767,147200
2004-01-06,42.67177200317383,42.97321148282281,42.21358270621897,42.50296663050663,164500
2004-01-07,41.99051284790039,42.53310473314976,41.90611017681722,42.53310473314976,290100
2004-01-08,41.478065490722656,41.62878519875639,41.303230077451474,41.50217659635965,149600
2004-01-09,41.84584045410156,41.97846999216697,41.622773531696204,41.83981037522506,79700
2004-01-12,41.88802719116211,41.93625400653893,41.538356331974995,41.761418576945374,102300
2004-01-13,41.30924987792969,41.71920761143488,41.30322440214861,41.71920761143488,78900
2004-01-14,41.900089263916016,41.95434616450655,41.50821700555619,41.58659421698912,55700
2004-01-15,41.44792175292969,41.59864146839488,41.41777596999637,41.59864146839488,44200
2004-01-16,41.56850051879883,41.68907906495156,41.297206839257335,41.32735262569582,106900
2004-01-20,42.03874206542969,42.129170208583766,41.80964517050504,42.129170208583766,125000
2004-01-21,41.5202751159668,41.79759888217421,41.17663429701397,41.32735403514418,91600
2004-01-22,42.05080032348633,42.141233072059116,41.65892814607134,41.65892814607134,156300
2004-01-23,41.45997619628906,42.08094527104437,41.45997619628906,41.99051252426637,92400
2004-01-26,41.52630615234375,41.53233623056451,41.29721377557683,41.53233623056451,74900
2004-01-27,40.4290657043457,40.84505370099599,40.392894434933304,40.78476671877468,194200
2004-01-28,40.75460433959961,41.35145303997971,40.75460433959961,41.206763421620906,111900
2004-01-29,40.272308349609375,40.71843740329652,39.95880877705045,40.6038889518307,105300
2004-01-30,40.031150817871094,40.181870508751935,39.66942447967706,39.8201441705579,92000
2004-02-02,40.84505081176758,41.11031903429953,40.6641852782955,40.905337789724406,88600
2004-02-03,40.77269744873047,40.899301462976254,40.52551949699372,40.694324849321426,58400
2004-02-04,38.97611999511719,39.229328017455586,38.8977427980119,39.03640696239765,230200
2004-02-05,40.71241760253906,40.93548448548342,40.36877676100957,40.392892472646935,149200
2004-02-06,41.41777420043945,41.74332932388716,40.71843714235217,40.72446721860134,200600
2004-02-09,40.236141204833984,41.42984359029471,40.206000016068735,40.40494658064426,174500
2004-02-10,40.75460433959961,40.7606344152479,40.39287799390258,40.63403042423394,95700
2004-02-11,40.99575424194336,41.09221704796757,40.579766440263484,40.75460182648256,96400
2004-02-12,40.12158203125,40.266271641122216,40.091436254376724,40.15172320852351,160000
2004-02-13,40.99575424194336,41.140443851379935,40.81488878044782,40.9354672879781,154700
2004-02-17,41.79758834838867,42.0025649327791,41.598637240291914,41.598637240291914,125900
2004-02-18,41.6890754699707,41.8880266042656,41.47806878190074,41.83979518996366,89900
2004-02-19,41.51424026489258,42.020656318969394,41.50821018817237,41.86993659817022,86000
2004-02-20,41.63481140136719,41.83979259965964,41.15251108700948,41.466006061361966,187100
2004-02-23,41.85184860229492,42.19548936231167,41.85184860229492,42.111086691402335,69800
2004-02-24,41.116336822509766,41.21882972542919,40.748580346271424,41.20676957233244,123300
2004-02-25,40.76064682006836,40.95959798060919,40.53757994919517,40.75461674258491,101400
2004-02-26,41.116336822509766,41.291172245606745,40.911360215872385,40.911360215872385,53000
2004-02-27,41.67702102661133,41.83980092228206,41.52027580805616,41.59864841733374,72100
2004-03-01,42.623538970947266,42.64162920270743,42.23167134190109,42.563251997217186,217500
2004-03-02,42.87675094604492,43.033496155359195,42.563251328214015,42.563251328214015,119400
2004-03-03,42.56325149536133,42.56325149536133,42.17137927133439,42.412531763012595,109700
2004-03-04,42.074913024902344,42.213572576490805,41.91213316917636,42.20151702402237,92000
2004-03-05,42.52708053588867,42.587367509339465,42.17137957320685,42.17137957320685,87700
2004-03-08,42.225643157958984,42.65368667011681,42.20755752498916,42.50296692923301,91800
2004-03-09,42.33415222167969,42.8646839367642,42.20151814300845,42.8646839367642,170100
2004-03-10,41.6710090637207,42.50298064604147,41.646893345444354,42.48489500723495,96100
2004-03-11,41.46601486206055,42.0206624111099,41.44189915128429,41.83980147969025,163200
2004-03-12,42.237693786621094,42.328126540523215,41.658930601088855,41.658930601088855,83400
2004-03-15,41.779510498046875,42.23769516007489,41.66496203273933,42.23769516007489,106000
2004-03-16,42.05683517456055,42.20152482894288,41.59864590281512,42.16535356524759,128500
2004-03-17,42.88880920410156,42.96718181369862,42.502967034451956,42.502967034451956,120100
2004-03-18,42.61751174926758,42.834548525495144,42.44267631288421,42.834548525495144,53100
2004-03-19,42.43061065673828,42.92497111635085,42.352238064219385,42.58133036515187,130800
2004-03-22,41.41175079345703,41.58658621661686,41.14648262044202,41.58055614006632,135200
2004-03-23,42.267852783203125,42.5150308148908,41.91215173323005,42.442688268837024,122400
2004-03-24,42.04478454589844,42.12316176779689,41.91818049468042,42.11713168928111,77700
2004-03-25,42.840572357177734,42.894833848950704,42.382387713499476,42.653681373561625,164600
2004-03-26,44.24969482421875,44.60121606339623,43.54664309786023,43.722406029449864,251000
2004-03-29,45.0073127746582,45.989155285232336,44.970944983300804,45.03155642756181,238700
2004-03-30,45.10426712036133,45.27396800783127,44.98911558900809,45.12244869773277,74500
2004-03-31,45.15275573730469,45.39518756539273,45.00123642274997,45.10426844688657,81000
2004-04-01,44.26789474487305,44.576995519836366,43.9163687360131,43.9163687360131,181000
2004-04-02,44.70425796508789,45.01335402438929,44.57698230113984,44.69819589804208,125600
2004-04-05,45.39519119262695,45.39519119262695,45.00124001850612,45.092152539303676,98200
2004-04-06,44.87396240234375,45.04366330104046,44.72850514974696,45.04366330104046,76500
2004-04-07,44.66790771484375,44.9224637666319,44.48608724814265,44.880038528667896,100200
2004-04-08,44.84971237182617,45.152750968933105,44.740618291907595,45.031537379691144,67100
2004-04-12,45.06791687011719,45.09822259041542,44.546689924212906,44.546689924212906,76900
2004-04-13,44.061824798583984,44.60729537927695,43.849698634982154,44.55880807788123,171900
2004-04-14,43.57694625854492,43.63755304630894,43.29208926965239,43.39512127125137,105700
2004-04-15,43.061805725097656,43.32241921993063,42.85573698257656,42.97089318057376,173500
2004-04-16,44.13454818725586,44.352736382141714,43.516351384414435,43.516351384414435,144800
2004-04-19,44.104244232177734,44.164855662954565,43.88606065259238,44.06181900503572,44200
2004-04-20,44.43152618408203,44.97093462088324,44.33455621881588,44.33455621881588,149300
2004-04-21,44.70425796508789,44.92244613871377,44.24363797365521,44.24363797365521,60100
2004-04-22,46.255828857421875,46.395228699632234,45.352774789549265,45.352774789549265,402100
2004-04-23,45.910362243652344,46.06188159099113,45.58307989852014,45.940667962721506,76300
2004-04-26,45.425479888916016,45.89216187713822,45.28608473586382,45.89216187713822,70200
2004-04-27,45.4557991027832,45.54671162578937,45.20124773756834,45.54671162578937,64100
2004-04-28,44.70425796508789,44.97092880307327,44.54667658991312,44.97092880307327,76000
2004-04-29,43.98302459716797,44.76486478232171,43.758774356402185,44.71031542689119,140500
2004-04-30,44.37092590332031,44.52850732205624,44.03152403896934,44.03152403896934,89600
2004-05-03,43.9284782409668,45.255784187319016,43.91029204049438,44.431518811318384,208200
2004-05-04,44.7103157043457,44.78910870445627,44.04969373604783,44.04969373604783,94400
2004-05-05,44.88608169555664,45.14063766636901,44.73456237616953,44.75880602215178,109500
2004-05-06,43.364830017089844,43.80120176228608,43.03754774019075,43.667868648588716,199300
2004-05-07,42.24357223510742,42.358728364373135,41.81932011255164,41.81932011255164,218800
2004-05-10,40.431427001953125,40.52840161555533,39.78898637085278,40.51627747685301,362000
2004-05-11,41.437503814697266,41.69811722072691,40.910214935334274,40.910214935334274,332200
2004-05-12,42.340553283691406,42.87996161822667,41.976907890881414,42.11024561384555,280400
2004-05-13,41.8375129699707,41.94054499552325,41.26779885973472,41.6193247840932,253500
2004-05-14,41.261749267578125,41.40720654450634,41.146593085341415,41.40720654450634,191900
2004-05-17,40.879913330078125,41.18901405758823,40.5768746704808,40.81930652295925,266600
2004-05-18,41.81932830810547,42.00115332426334,41.461744966731146,41.54659540787089,230600
2004-05-19,41.789031982421875,42.60724011488383,41.78903198242187,42.15873954070376,230600
2004-05-20,41.558712005615234,41.62538086526798,41.116273630101794,41.51628678801821,143800
2004-05-21,41.98904037475586,42.401173180355805,41.89207039791066,42.36481001703929,114600
2004-05-24,41.946617126464844,42.45572455698823,41.85570458987098,42.140561713330015,175300
2004-05-25,42.30419158935547,42.316311099132534,41.50416984800501,41.57689615467183,131100
2004-05-26,42.38298034667969,42.58904438277115,42.298129905465295,42.51631807544581,171400
2004-05-27,43.09209442138672,43.53453287792708,42.84966258043322,42.84966258043322,181300
2004-05-28,43.849693298339844,44.092125151810194,43.57696035318758,43.63756716055442,162600
2004-06-01,44.104244232177734,44.74668933118909,44.00121219826185,44.122430435812554,220000
2004-06-02,44.17091369628906,44.34667667508092,43.60726160016449,44.00121278545638,180300
2004-06-03,44.346675872802734,44.819415436999435,44.23758177152635,44.43152632668404,248200
2004-06-04,45.189125061035156,45.370950112919346,44.78911642049436,44.83154164940025,630300
2004-06-07,46.492191314697266,46.601285418788194,45.78308195010777,45.78308195010777,557900
2004-06-08,46.067928314208984,46.273992338427355,45.758827653879436,46.03156053863952,623400
2004-06-09,45.4557991027832,46.19521417469562,45.41337387524739,45.91035709381103,668300
2004-06-10,46.29218292236328,46.395219578524696,46.031569496078056,46.031569496078056,412100
2004-06-14,45.449729919433594,45.74671108969317,45.26184745890379,45.72852488873669,367100
2004-06-15,47.21342849731445,47.692230179053475,46.37098131491388,46.66795793432041,484100
2004-06-16,47.60131072998047,47.75283005190274,47.310391597328504,47.60737279757813,423600
2004-06-17,47.36494445800781,47.74677151282825,47.36494445800781,47.74677151282825,172300
2004-06-18,48.06191635131836,48.23767464292224,47.577052816959,47.577052816959,263300
2004-06-21,48.746795654296875,49.274084550795635,48.674064716296215,48.92255861979646,329500
2004-06-22,48.443748474121094,48.89224428604363,48.14070988855147,48.75284912612264,179700
2004-06-23,49.21348190307617,49.213481903076165,48.42558407552653,48.758923863488626,327100
2004-06-24,48.95893096923828,49.38318791789585,48.95893096923828,49.24378808322179,111900
2004-06-25,48.34072494506836,48.72255196522829,48.24981242864857,48.546788999884065,330100
2004-06-28,48.48617935180664,49.3286263481241,48.45587364011081,49.21347019248279,107300
2004-06-29,49.534706115722656,49.66803925465846,48.861959856531755,48.88014143802284,288300
2004-06-30,49.46802520751953,49.619544515112274,48.90437319831444,49.443781563424416,172300
2004-07-01,49.77107238769531,50.26805561716413,49.60136684982526,50.07411105503003,254200
2004-07-02,49.42559814453125,49.619542666062614,49.40135450133956,49.51650602649741,508300
2004-07-06,48.164974212646484,48.692258618595986,48.128611046444135,48.57710705095391,364700
2004-07-07,47.63161087036133,47.69827974059821,47.128570245850284,47.42554681617653,216600
2004-07-08,46.71037673950195,47.22554151323251,46.558857416404564,47.207359934301266,275700
2004-07-09,47.88617706298828,48.092241161163166,47.20130663598715,47.27403758922727,184100
2004-07-12,48.3588981628418,48.48617381422392,48.03161593471557,48.39526131352187,155900
2004-07-13,50.23775100708008,50.26199465588108,49.558942712661626,49.7953171324706,237800
2004-07-14,48.268009185791016,48.989242852454964,48.183158710183974,48.58922950401825,483100
2004-07-15,48.255882263183594,48.880141219606536,48.21951447636049,48.87407915113545,171400
2004-07-16,48.134647369384766,48.3952607354835,48.12252786063679,48.2558655768736,152900
2004-07-19,47.92253494262695,48.28012297661758,47.91041543042531,48.03162904845423,155100
2004-07-20,47.73463821411133,47.88009543717466,47.425537569100214,47.6497877819909,148800
2004-07-21,47.38918685913086,48.17102715233441,47.38312479124474,48.06193305039896,440400
2004-07-22,47.41343307495117,47.843747438116,47.067969170776415,47.534646695221774,240600
2004-07-23,46.79522705078125,47.42554798786451,46.63764566050974,47.30433437934967,357500
2004-07-26,47.1164436340332,47.62555092326044,46.84371072394882,47.57706363400025,151500
2004-07-27,47.45585250854492,47.546760400643464,46.88613839004661,46.95280726025398,427100
2004-07-28,47.63767623901367,47.66798195449515,47.104329864161656,47.66798195449515,205600
2004-07-29,47.837677001953125,48.04980311232239,47.492213158208216,47.63767040188965,156800
2004-07-30,48.48617935180664,48.58921137316866,48.30435432963641,48.44981619697356,136100
2004-08-02,48.36497497558594,48.455882880003585,47.88011124000984,48.3346692581112,145300
2004-08-03,48.12253189086914,48.655878176482005,47.89828165623533,48.183138687688434,215900
2004-08-04,47.419498443603516,47.504348916773246,46.843726715094064,47.20131019145164,383200
2004-08-05,46.19521713256836,46.92857018350272,46.158853970638766,46.84978179132084,381300
2004-08-06,44.989112854003906,45.449728199419646,44.964869210981696,45.41942711364345,309900
2004-08-09,45.69822692871094,46.12854123407965,45.667921215712084,46.12247916667936,156200
2004-08-10,45.52853012084961,45.849750361863634,45.383068234199364,45.8255067140886,190600
2004-08-11,46.24369430541992,46.36490790131264,45.99520042263689,46.183082883471286,221700
2004-08-12,45.65580749511719,46.27400435227308,45.607320197770754,46.25582277176896,129400
2004-08-13,45.643680572509766,45.70429200249444,45.08002849127376,45.3285224070028,243600
2004-08-16,45.449729919433594,45.510336717281696,44.9951719995694,45.00123406655489,225500
2004-08-17,45.2618522644043,45.5830724887056,45.17700181360783,45.17700181360783,339300
2004-08-18,46.152793884277344,46.152793884277344,45.47398554708698,45.880056286083196,247500
2004-08-19,45.63154983520508,45.807312766115224,45.41942375445205,45.698218692584845,273200
2004-08-20,46.21339416503906,46.36491349017034,45.577011149886566,45.63762257914135,226000
2004-08-23,45.95884704589844,46.24976158753067,45.80732770679736,46.18915477669089,146200
2004-08-24,46.67401123046875,46.977049861398164,46.45582304627937,46.789162765900194,119200
2004-08-25,47.75282669067383,47.88616442442048,47.346756046265334,47.564944224395774,185600
2004-08-26,48.46799850463867,48.60739368293399,48.39526756987429,48.534667372172066,223500
2004-08-27,48.480125427246094,48.619525250856775,48.21345454034353,48.47406798309145,103600
2004-08-30,48.17707824707031,48.41951006653321,48.116471448205175,48.41951006653321,123500
2004-08-31,47.99526596069336,48.05587276979981,47.68010315493482,47.78313519281609,124200
2004-09-01,48.334651947021484,48.54677802136169,48.14070744705306,48.36495765364221,101600
2004-09-02,48.51649475097656,48.516494750976555,47.989205780598994,48.18315035177178,178700
2004-09-03,46.81340408325195,47.21341727570758,46.667946842360045,46.667946842360045,609900
2004-09-07,47.36494445800781,47.52858330321569,47.04372421163462,47.52858330321569,241800
2004-09-08,47.12856674194336,47.39523757906184,47.09219896378906,47.39523757906184,159400
2004-09-09,46.8073616027832,47.03160729084071,46.546748124875556,46.97100047309554,179700
2004-09-10,46.783111572265625,47.05584452693516,46.59522445166804,46.607348587966285,154900
2004-09-13,47.06189727783203,47.3285681115573,47.01947205719377,47.274023381023355,387500
2004-09-14,47.26797103881836,47.486159253847916,47.183120580084996,47.486159253847916,189000
2004-09-15,46.667938232421875,47.09219036675239,46.667938232421875,47.09219036675239,278200
2004-09-16,46.55278778076172,46.6679439272759,46.45581783422505,46.51642462881072,136200
2004-09-17,46.43159103393555,46.595229901074525,46.36492214850759,46.546747222220866,156700
2004-09-20,46.43159103393555,46.5043219882216,46.213402795081095,46.4982599193635,206800
2004-09-21,46.44371032714844,46.48613556094629,45.88005815011776,46.274009391957044,220000
2004-09-22,45.964900970458984,46.47400831533585,45.92247574371949,46.443702600234964,146400
2004-09-23,46.06187057495117,46.42551599679504,45.88004555202804,46.134601508920916,242700
2004-09-24,45.48611068725586,45.637630037148114,45.455804967675974,45.60732431756823,222800
2004-09-27,45.15684127807617,45.72999199974617,45.126357407880214,45.22391230516076,437200
2004-09-28,44.986114501953125,45.108063932413195,44.69344517263917,44.876362340486615,300200
2004-09-29,45.065399169921875,45.08978441297952,44.839796130515786,44.937351058436796,186100
2004-09-30,46.5714225769043,46.75434440722878,46.21168220300031,46.431186538631536,276600
2004-10-01,47.266517639160156,47.406758327993316,46.64459179538892,46.876288746618336,253200
2004-10-04,47.22993469238281,47.40675788452035,47.02262763036346,47.083600022022374,314200
2004-10-05,47.0775032043457,47.99210307021618,46.961652399395554,47.955520564187914,319000
2004-10-06,47.42505645751953,47.45554498400295,47.02872887271522,47.02872887271522,179800
2004-10-07,46.522647857666016,47.03482154398822,46.522647857666016,46.979947785551744,219700
2004-10-08,47.266517639160156,47.62016402674348,47.16896274197237,47.41285696278484,159800
2004-10-11,47.589683532714844,47.77260072237932,47.37627316692944,47.37627316692944,158700
2004-10-12,46.60800552368164,46.79702131988521,46.339721437280474,46.79702131988521,237400
2004-10-13,45.900718688964844,46.26655771156077,45.85803754719358,46.20558531644404,197800
2004-10-14,45.59585952758789,46.20559288238718,45.51049723006769,46.09584069244745,269600
2004-10-15,46.03486251831055,46.30924063282695,45.76657838721309,45.85194067403578,158300
2004-10-18,46.21778106689453,46.30314334763022,46.010469348039706,46.24826493750276,98800
2004-10-19,46.23607635498047,46.51045447387843,46.187296575475465,46.339729897506736,246400
2004-10-20,46.18729782104492,46.24217158554602,45.967793459248675,45.967793459248675,277800
2004-10-21,46.19338607788086,46.30923221643125,45.82144847350958,46.03485415178124,219200
2004-10-22,45.88241195678711,46.2909319833365,45.83973082941469,46.19337711443983,97900
2004-10-25,45.967796325683594,46.06535589340813,45.73000069422532,45.88243402987274,108100
2004-10-26,45.86412811279297,45.943391747309256,45.41902086815288,45.4556080203021,240700
2004-10-27,46.778743743896484,46.78484237997798,45.90072622401472,46.06535683494071,238900
2004-10-28,46.760433197021484,47.10188224638258,46.412885514094825,46.644582418747795,185800
2004-10-29,47.309207916259766,47.467739888191204,47.13238934021252,47.29701529621715,172600
2004-11-01,46.91898727416992,47.0348381186657,46.601927925940785,46.644609081508115,287300
2004-11-02,47.00434112548828,47.2848225566179,46.492167350861116,46.52265587873493,286100
2004-11-03,47.37627410888672,47.553097318738374,47.26652193214762,47.40676263371816,364500
2004-11-04,47.94942092895508,47.97990945127294,47.290907922810526,47.41895134313385,289000
2004-11-05,47.9311408996582,48.26649611609836,47.73602640606478,47.77870755616657,272700
2004-11-08,47.33967971801758,47.58357389976264,46.98603338708196,47.14456530300044,345700
2004-11-09,47.46773147583008,47.571385009459384,47.1994520153716,47.33968805454174,198800
2004-11-10,46.93115997314453,47.07749462247738,46.88847883992683,47.071395988619244,389000
2004-11-11,46.82750701904297,47.047011321624005,46.522640449002054,46.565321582732,246300
2004-11-12,47.70553970336914,47.85797305269781,47.15068473079904,47.28482682251173,234600
2004-11-15,48.27259063720703,48.47380376930838,48.028696354529316,48.47380376930838,182400
2004-11-16,47.96162414550781,48.229903637208935,47.82138343811044,48.229903637208935,153000
2004-11-17,48.211612701416016,48.40672717480644,47.74212009890956,47.74212009890956,315900
2004-11-18,47.31528854370117,47.48601307069628,47.08359163590701,47.27260741195239,337100
2004-11-19,47.016536712646484,47.52261648508144,47.01043807691101,47.45554544767941,147100
2004-11-22,46.47997283935547,46.47997283935547,46.095837872121166,46.35802338471917,231500
2004-11-23,46.24826431274414,46.53483967358356,46.09583100607597,46.21778044254771,148500
2004-11-24,46.39459991455078,46.479966847739774,46.30923763325723,46.339726155960115,131800
2004-11-26,46.626304626464844,46.73605680284784,46.516552450081846,46.516552450081846,94500
2004-11-29,46.36412048339844,46.68117975114985,46.321439338664675,46.64459724191973,221900
2004-11-30,45.55317306518555,45.973890519528446,45.42512963384114,45.973890519528446,414400
2004-12-01,46.071441650390625,46.15070994798575,45.406834658558395,45.425125911266385,323800
2004-12-02,46.07753372192383,46.24215962474159,46.034852587719605,46.034852587719605,276100
2004-12-03,46.284854888916016,46.32143739661239,46.06535053894639,46.12632293573891,180600
2004-12-06,45.64463424682617,45.86413860234523,45.52268945015817,45.86413860234523,404500
2004-12-07,45.260494232177734,45.577553426572344,45.254395598085104,45.577553426572344,251000
2004-12-08,45.7421875,45.760483405544946,45.52878178759864,45.729994881532335,183700
2004-12-09,45.48610305786133,45.614146492094015,44.97392932093057,45.351960988123494,277900
2004-12-10,45.681217193603516,45.82145789782308,44.76661725413358,44.833688288513045,784900
2004-12-13,45.72999572753906,45.845846538655465,45.37634931079112,45.5165900111897,382500
2004-12-14,46.553138732910156,46.6202097712434,46.08364611647355,46.32144174260193,427400
2004-12-15,46.83359909057617,47.02261951957914,46.687264445456535,46.931158621918925,210300
2004-12-16,46.8397102355957,46.96775366576382,46.705568170116024,46.9189738870629,228700
2004-12-17,47.016536712646484,47.126288896404716,46.97995420202576,46.99214682160065,168700
2004-12-20,47.345787048339844,47.52870422932605,47.10189282179611,47.10189282179611,143700
2004-12-21,47.60186767578125,47.68113131200011,47.39456063402661,47.4372417692052,124900
2004-12-22,48.08355712890625,48.272572918953145,47.57137885808638,47.57137885808638,224400
2004-12-23,48.223793029785156,48.321352567562926,48.10184825945774,48.13843076017701,118900
2004-12-27,48.87012481689453,48.97987699672673,48.60184067688339,48.60184067688339,182600
2004-12-28,48.992069244384766,49.06523891435006,48.79085614090211,48.87012444633847,123500
2004-12-29,48.67500305175781,48.85182624008968,48.49817986342594,48.85182624008968,80200
2004-12-30,49.174983978271484,49.33351591431053,48.949381017442654,49.05303454597407,96900
2004-12-31,49.918861389160156,49.918861389160156,49.296930887326205,49.296930887326205,137200
2005-01-03,49.620079040527344,50.16274113871907,49.492035645078175,50.05908762600705,245900
2005-01-04,48.821346282958984,49.998131765465914,48.50428700640247,49.510343253337105,335500
2005-01-05,48.699398040771484,48.87622124763006,48.38233413471621,48.62622837355203,207000
2005-01-06,48.97377014160156,49.223762984998615,48.87011661468357,49.0652310514272,191300
2005-01-07,48.437217712402344,48.87012782284166,48.412827820728786,48.74817836447385,163700
2005-01-10,48.7542610168457,48.99815520172725,48.53475671564178,48.80913941809401,206100
2005-01-11,49.278648376464844,49.51644400702771,48.973781706317965,49.14450629729682,182700
2005-01-12,49.44938659667969,49.49816639380296,49.12622858155861,49.27866195864572,172900
2005-01-13,48.90671157836914,49.32133044357335,48.754278240454305,49.144507213364584,171000
2005-01-14,49.69326400756836,49.84569733274495,49.23596403203859,49.33961757670365,171000
2005-01-18,49.21767807006836,49.34572151875866,48.931102643615404,49.05914609230571,171800
2005-01-19,48.534759521484375,49.053031786885334,48.45549588387079,48.87011462657054,181500
2005-01-20,47.74822235107422,48.16893989700951,47.59578899696976,48.09577021235652,359300
2005-01-21,48.053077697753906,48.229900904935135,47.92503426880799,47.955522793178986,197300
2005-01-24,47.91893005371094,48.114049143931844,47.89454481932848,47.98600107800059,105800
2005-01-25,47.4067497253418,47.5286944876717,47.07139465109284,47.25431644648218,525500
2005-01-26,48.0164909362793,48.138435719168875,47.833569110049645,47.86405763171968,194600
2005-01-27,47.3213996887207,47.449443117820614,47.193356259620785,47.315301053460026,258400
2005-01-28,46.979949951171875,47.4250526297703,46.97994995117187,47.24213544132139,326400
2005-01-31,47.675048828125,47.72992259291997,47.49822561062571,47.58968653717996,160600
2005-02-01,47.955535888671875,48.02260693908698,47.58969675579665,47.80310252898245,267100
2005-02-02,47.99820327758789,48.229900243183,47.76650166009714,48.10185681599394,280500
2005-02-03,47.26042938232422,47.455543852235145,46.979952622570764,47.44944521670471,299600
2005-02-04,47.94332504272461,47.96771493159811,47.504320998688655,47.71162807626989,255600
2005-02-07,47.39457321166992,47.58968768882253,47.327502174033455,47.40066719553063,384800
2005-02-08,47.181156158447266,47.345786737338436,47.04092011913522,47.114085130290924,220200
2005-02-09,47.431148529052734,47.705526621847376,47.284813856355285,47.284813856355285,190600
2005-02-10,47.9311408996582,47.98601467040488,47.69944389223366,47.71163651287854,159000
2005-02-11,48.22990417480469,48.412826029640904,47.864065117028254,47.97381729955079,169400
2005-02-14,48.59573745727539,48.620127345148035,48.30306810659461,48.30306810659461,136400
2005-02-15,48.80915451049805,49.02256024379663,48.37623975622592,48.455508065662606,502400
2005-02-16,48.32746124267578,48.50428445271557,48.20551179511605,48.50428445271557,254300
2005-02-17,47.52870178222656,47.83356838673576,47.522607799500925,47.711623605690164,362900
2005-02-18,48.27259063720703,48.351858953917784,48.077476141444166,48.107964671240076,147200
2005-02-22,47.52870178222656,47.94332055043488,47.44943813973644,47.729914857657484,283900
2005-02-23,47.37627410888672,47.486026285625826,47.25432931335251,47.479932302176145,188500
2005-02-24,47.01043701171875,47.08970531879562,46.83971243016234,47.01043701171875,211100
2005-02-25,47.31528854370117,47.39455682544495,46.95554824066068,47.010421987811476,231800
2005-02-28,47.42505645751953,47.6689507136988,47.223843347279434,47.55919853101293,153300
2005-03-01,47.63846206665039,47.71163173888779,47.43725360881553,47.46773748332578,254000
2005-03-02,47.668941497802734,47.94331957552354,47.32139376180532,47.644551611710526,156300
2005-03-03,47.53480911254883,47.87625828345511,47.38847441814558,47.681143806952086,257100
2005-03-04,48.0348014831543,48.23601464245121,47.66896233563991,47.68115495806829,266200
2005-03-07,47.833580017089844,48.07137565427352,47.742123735016385,47.851875925400876,153400
2005-03-08,47.9250373840332,48.315266331489966,47.86406498322358,48.315266331489966,183100
2005-03-09,47.94332504272461,48.47379465895791,47.90674253536219,48.3213613424203,379900
2005-03-10,48.266483306884766,48.364038201843606,47.99210057027909,47.99210057027909,177800
2005-03-11,48.07746505737305,48.461599975896014,47.99820141083274,48.34574917165634,139300
2005-03-14,47.79088592529297,48.0713626354502,47.34578330009162,48.0713626354502,210900
2005-03-15,47.278724670410156,47.534811561784764,47.254334778103576,47.49213041322233,149500
2005-03-16,46.99214553833008,47.10799635466011,46.36412097971221,47.10189771909118,485800
2005-03-17,46.54702377319336,46.888477480932984,46.37020526348392,46.888477480932984,237700
2005-03-18,46.6872673034668,46.87628309214607,46.540932649389134,46.87628309214607,167800
2005-03-21,46.675086975097656,46.71166948527422,46.40070419308543,46.71166948527422,193100
2005-03-22,46.400691986083984,47.1384685425599,46.37020811958849,46.49215288936004,269200
2005-03-23,46.345821380615234,46.42508502115667,45.912911371082615,46.35191536319105,250300
2005-03-24,45.6141471862793,45.87023871053792,45.57756467648347,45.729998003160674,535000
2005-03-28,46.19099044799805,46.43645965864081,46.068258183644545,46.43645965864081,254900
2005-03-29,45.43004608154297,45.85961842712864,45.36867994129827,45.77983823106778,392000
2005-03-30,46.04985046386719,46.51624151262303,45.442317774236024,45.442317774236024,273900
2005-03-31,45.644832611083984,46.05599560709058,45.626423236116175,46.05599560709058,221700
2005-04-01,45.57732391357422,46.11735716256207,45.57732391357422,45.77983638194466,164300
2005-04-04,45.52208709716797,46.05598222579766,45.36866944109527,46.05598222579766,197500
2005-04-05,46.33213424682617,46.393500375666655,46.08666504952873,46.105074419987325,291500
2005-04-06,46.52851867675781,46.82308271326381,46.467152534717215,46.577613463164894,243300
2005-04-07,46.97650909423828,47.13606015665395,46.70649240101579,46.933552318674465,235300
2005-04-08,46.49169921875,46.68807367944639,46.33214350632905,46.516246611579106,250700
2005-04-11,46.227821350097656,46.448743207216175,46.01917084862504,46.43033383277905,266000
2005-04-12,46.29533386230469,46.393518770993296,45.61415879363339,46.01917915012214,287300
2005-04-13,45.75529479980469,46.086677604138885,45.718476048857596,45.95780729388727,263100
2005-04-14,45.258209228515625,45.77982833069449,45.209114454162574,45.59572994977362,437000
2005-04-15,44.59545135498047,45.01274764361307,44.534085217639,45.01274764361307,327700
2005-04-18,44.27634811401367,44.4911319525698,44.27634811401367,44.27634811401367,254400
2005-04-19,44.58317947387695,44.64454561049384,44.27634410885637,44.34384826371579,233500
2005-04-20,44.122920989990234,44.46043704076607,44.0124600849152,44.46043704076607,459200
2005-04-21,44.669097900390625,44.6752359193063,43.963375547059464,44.122931265310754,350900
2005-04-22,44.46044158935547,44.7672769479623,44.2824812014672,44.66909206781484,193200
2005-04-25,45.15388488769531,45.20911299560917,44.810226160246586,44.90841570578486,170100
2005-04-26,44.687503814697266,44.877740248922215,44.54635748218645,44.797964736942525,258600
2005-04-27,44.7979621887207,44.87773769616257,44.31929978019756,44.62613513765455,126600
2005-04-28,44.17815017700195,44.49112352932262,43.90200024855973,44.42975739877275,197000
2005-04-29,44.619998931884766,44.71818849758843,44.39907709098772,44.613860913544244,241000
2005-05-02,44.46044158935547,44.68750144022149,44.42362284454217,44.64454467729397,225200
2005-05-03,44.859317779541016,44.859317779541016,44.282470626827575,44.491116373526395,330900
2005-05-04,45.712345123291016,45.871900872049345,45.215273180623264,45.2582299573731,303800
2005-05-05,45.43004608154297,45.871889782403024,45.23367162359809,45.871889782403024,255100
2005-05-06,45.61415100097656,46.17872700481248,45.27049217443318,46.055994719434786,391800
2005-05-09,45.47300338745117,45.841204915224516,45.331861731407336,45.841204915224516,401000
2005-05-10,45.043426513671875,45.41162796619991,44.8900088516239,45.41162796619991,229000
2005-05-11,45.03116226196289,45.17844662706185,44.890020597830606,45.07411903129924,211100
2005-05-12,44.09223937988281,44.47271690387783,44.0861013618682,44.46657888586322,226600
2005-05-13,43.88971710205078,44.30701327688731,43.65038595432901,44.092229513795324,214700
2005-05-16,44.20269775390625,44.23951649600588,43.57061771087232,43.76699213862981,225900
2005-05-17,44.466583251953125,44.60772958853248,44.178157242113535,44.356122326523845,306500
2005-05-18,44.50954055786133,44.5831827363522,43.89586978291343,43.92041717574372,540500
2005-05-19,44.607723236083984,44.70590811029648,44.47885295509124,44.55249044026668,569900
2005-05-20,44.40521240234375,44.45430718220272,44.24565670877006,44.368393658417475,451100
2005-05-23,44.88386917114258,45.05569619716002,44.65680935422793,44.66908538862078,225700
2005-05-24,45.00047302246094,45.20911881066414,44.92683085383496,45.098657898693084,348400
2005-05-25,44.8470573425293,45.190711447519455,44.65681623560742,45.190711447519455,133600
2005-05-26,44.423614501953125,44.45429990482561,43.981770919426104,44.30088225433346,277900
2005-05-27,44.423614501953125,44.521804045596966,44.33770099223233,44.435890535876176,220600
2005-05-31,44.006317138671875,44.21496757241588,43.94495101648894,44.15359676829793,290200
2005-06-01,44.2333869934082,44.47885621986059,44.0001891214072,44.15360680269794,370000
2005-06-02,44.53407669067383,44.58317146392127,44.202693994156554,44.58317146392127,233100
2005-06-03,44.09223937988281,44.42362212363281,44.04314459963779,44.368394007309114,180900
2005-06-06,44.24566650390625,44.319308689997655,44.09224879433519,44.24566650390625,148600
2005-06-07,44.34386444091797,44.49114415891523,44.07998574345654,44.1843086819572,557400
2005-06-08,44.11065673828125,44.435906204839405,44.00019580369882,44.27635048112328,286700
2005-06-09,43.79768371582031,44.00019150783603,43.63198998915543,43.79768371582031,345500
2005-06-10,43.67495346069336,43.87132794626954,43.60744929234495,43.803823777921124,271500
2005-06-13,43.80380630493164,43.95722395690148,43.71175945929788,43.84062972512032,220600
2005-06-14,43.82222366333008,44.03086943842702,43.539931042297525,43.57061644778144,257700
2005-06-15,44.012474060058594,44.012474060058594,43.63199644800259,43.9695172878859,183200
2005-06-16,44.147464752197266,44.24564961423592,43.93881431222051,44.18428349021987,252700
2005-06-17,44.687503814697266,44.71818922496283,44.442034578381566,44.46044395176639,285500
2005-06-20,44.190433502197266,44.36839858750505,44.049287164906126,44.3622605688568,271200
2005-06-21,44.45431900024414,44.60159869703898,44.31931066070839,44.38067681087814,207300
2005-06-22,44.49727249145508,44.853198008961584,44.313169372588035,44.77342248781883,236100
2005-06-23,44.0308723449707,44.644543039674126,44.01246297323933,44.644543039674126,384800
2005-06-24,44.000179290771484,44.28860521626695,43.87744704593449,44.28247188137962,253300
2005-06-27,43.601318359375,43.87746838552999,43.55836158459673,43.705641286416906,372800
2005-06-28,43.81609344482422,43.98792050947297,43.56448618449113,43.570624203067545,201900
2005-06-29,43.908138275146484,44.092236666833614,43.74858259013578,43.82835809167331,396200
2005-06-30,43.87133026123047,44.3438594646033,43.84678286399602,44.061571419313104,367800
2005-07-01,44.27634811401367,44.46044654051755,44.141339792082235,44.20884395304795,252500
2005-07-05,44.742740631103516,44.85319688132264,44.472723978736745,44.57090887291041,204200
2005-07-06,45.06184005737305,45.49140767811723,45.06184005737305,45.123206191488514,440900
2005-07-07,44.91456604003906,45.03729832368424,44.55249784399372,45.03116030492103,192200
2005-07-08,45.16001892089844,45.25207045077964,44.80409351765857,44.94523513913249,255800
2005-07-11,45.313438415527344,45.399356613655556,45.16002075347813,45.16002075347813,275700
2005-07-12,45.77983474731445,46.00689459907107,45.59573634058987,45.67551184864359,286300
2005-07-13,45.46072769165039,45.565050589537556,45.37481416610378,45.52209382676425,364500
2005-07-14,45.84120559692383,46.000761311375044,45.59574102938229,45.77370143626895,401400
2005-07-15,46.01915740966797,46.02529542666671,45.56504247240004,45.77982624800412,330000
2005-07-18,45.87187576293945,46.12348294756329,45.84732837795652,46.05597880934396,253100
2005-07-19,45.73073959350586,45.90257132642598,45.57118857869831,45.749153647770726,252300
2005-07-20,45.93939971923828,46.02531326277383,45.30731949953943,45.761434612789785,257500
2005-07-21,46.424198150634766,46.6758007505001,46.15418149346895,46.63898199977268,377700
2005-07-22,46.350555419921875,46.485563746910564,46.20941375584222,46.424197602443904,385100
2005-07-25,45.663246154785156,45.920986765311085,45.49755241806376,45.920986765311085,393100
2005-07-26,45.687782287597656,45.8289286103343,45.42390369617032,45.8289286103343,178100
2005-07-27,46.209407806396484,46.26463592472487,45.97007659643461,46.26463592472487,193500
2005-07-28,46.52851867675781,46.63897960520549,46.13576974937416,46.2830494266589,220300
2005-07-29,46.55304718017578,46.82306371391389,46.350534779872206,46.82306371391389,243000
2005-08-01,46.81692123413086,47.06239036122316,46.62668488455307,47.007157583708654,180700
2005-08-02,47.22197341918945,47.22197341918945,46.761720248702474,46.81081504388605,242600
2005-08-03,46.85988998413086,47.172863318394974,46.66351556853944,47.172863318394974,356200
2005-08-04,46.71875,46.792392171537415,46.35054850618494,46.792392171537415,322900
2005-08-05,46.074398040771484,46.178720937830185,45.89643297299936,46.178720937830185,700100
2005-08-08,45.988494873046875,46.38737717892024,45.93940008151455,46.301463634707176,280500
2005-08-09,46.41805648803711,46.51624605818539,46.30145754397012,46.39964711411841,197700
2005-08-10,48.12406539916992,48.4186294578317,47.86632477405142,47.86632477405142,557700
2005-08-11,48.885005950927734,48.885005950927734,48.48611909428782,48.48611909428782,285800
2005-08-12,49.09364318847656,49.24706082344055,48.78680791854858,49.08137183773069,362700
2005-08-15,48.85433578491211,48.92797797096515,48.492267555905826,48.60272849401692,200200
2005-08-16,48.216102600097656,48.848182618087336,48.209964582679035,48.848182618087336,120700
2005-08-17,48.872745513916016,49.02616322451518,48.51068196423172,48.51068196423172,267600
2005-08-18,48.860469818115234,48.940245335045105,48.768418263542884,48.829784405945595,301800
2005-08-19,48.602725982666016,48.70705357800134,48.541359838427795,48.57204525151525,147000
2005-08-22,49.70733642578125,49.75029319590877,49.49255257514363,49.51096195063588,280800
2005-08-23,49.73800277709961,49.86073502130112,49.51094297519831,49.79936889920036,188100
2005-08-24,49.799381256103516,50.25963430896596,49.70732970914379,49.744148455153216,371700
2005-08-25,50.76897048950195,50.824198595837444,50.38849303431767,50.38849303431767,401400
2005-08-26,50.32100296020508,50.8364841578338,50.28418421235628,50.67079511057782,348500
2005-08-29,49.9036865234375,50.0509661373676,48.234501959114695,48.234501959114695,222100
2005-08-30,50.01416778564453,50.1982708895319,49.64596625980621,50.13690006694516,219600
2005-08-31,50.30873107910156,50.382368574029535,49.68892229915182,49.8546113446761,213000
2005-09-01,49.946651458740234,50.0509743406251,49.73800569497051,49.89142335019012,321300
2005-09-02,50.357810974121094,50.48054791068263,50.179845927558425,50.327130251432266,231500
2005-09-06,51.456295013427734,51.48698042582659,50.934675776203335,50.934675776203335,289800
2005-09-07,51.4133415222168,51.548349854278385,51.21082902412442,51.548349854278385,240700
2005-09-08,51.30288314819336,51.51766701359544,51.1187846986789,51.36424929803151,571600
2005-09-09,52.25406265258789,52.28474337937237,51.54834038944049,51.61584454307678,347800
2005-09-12,52.22949981689453,52.43201221791723,52.14358631620635,52.28472791793637,369600
2005-09-13,52.38295364379883,52.71433652481356,52.235673923993794,52.71433652481356,381000
2005-09-14,52.180419921875,52.45043653352781,52.1620105496143,52.39520373480974,460800
2005-09-15,52.77568817138672,52.92910586955936,52.62840849208323,52.75114077784671,207700
2005-09-16,53.23593521118164,53.352534146751324,52.88614308640867,53.100926903034875,215100
2005-09-19,52.60386657714844,53.23594681033995,52.567047823972096,53.23594681033995,245500
2005-09-20,53.708465576171875,54.02757700942332,53.58573329072844,54.00302961594732,633800
2005-09-21,53.32185363769531,53.634827046073916,53.09479376386198,53.327991656430406,646000
2005-09-22,53.35866165161133,53.38934705717703,52.89840865973911,52.99046019450066,296500
2005-09-23,53.168434143066406,53.45686014867763,53.0825206114294,53.364808598513314,246500
2005-09-26,54.880577087402344,54.92353385397716,54.57374170274325,54.61669846931807,338600
2005-09-27,54.63619613647461,54.797055927027365,53.949453833956305,54.25879704337166,548400
2005-09-28,56.47368240356445,56.6840381914829,56.238583318433655,56.238583318433655,448900
2005-09-29,58.13178634643555,58.36070206399067,57.537847838399095,57.84719110634748,452400
2005-09-30,57.14805603027344,57.537826705457064,56.98100808362193,57.098559992732106,512100
2005-10-03,57.51927947998047,57.8471825402166,57.3522314967111,57.50071964188453,356900
2005-10-04,57.30891799926758,57.84717685213792,57.16043458889741,57.599701354719286,355200
2005-10-05,56.300445556640625,57.0428671264499,56.15814565032321,57.011935647825226,504800
2005-10-06,55.10639190673828,55.76838609922844,53.82571137658621,55.31055953101523,542100
2005-10-07,56.04060363769531,56.04060363769531,55.50234488190674,55.50234488190674,165400
2005-10-10,55.459041595458984,56.151971976233774,55.22394249207924,56.151971976233774,390200
2005-10-11,56.83871078491211,57.0738098742815,56.57267549316701,57.0738098742815,353400
2005-10-12,56.38088607788086,56.68404579169927,56.11485075526199,56.368514427615885,412200
2005-10-13,56.455142974853516,56.82016574318507,56.176735938675314,56.82016574318507,341800
2005-10-14,56.9871826171875,57.15422580362218,56.59741203537273,56.684027720220456,230400
2005-10-17,56.83253479003906,57.3398574644814,56.51700339489724,57.01195441785684,264600
2005-10-18,56.49843978881836,56.69641924075534,56.2571524792765,56.69641924075534,259500
2005-10-19,55.56421661376953,55.80550389975933,55.21775378674869,55.786944065483496,769900
2005-10-20,54.14741134643555,55.03213275548299,53.9741799746278,54.78466206444385,733800
2005-10-21,54.00513458251953,54.43202969444045,53.231776608867115,54.43202969444045,561400
2005-10-24,55.01357650756836,55.0878205518346,54.209287268922736,54.25877857823239,344800
2005-10-25,55.1373291015625,55.37861639996622,54.93934965876453,55.143512566504576,201400
2005-10-26,55.96018981933594,56.263349590868806,55.78077489522476,55.83645441232066,291500
2005-10-27,55.848819732666016,56.442762835565595,55.619908783621916,56.436574649855494,274700
2005-10-28,56.455142974853516,56.52938705392928,55.892135995653234,56.05299580688237,246800
2005-10-31,57.4202880859375,57.661575424543614,56.9315252225499,57.05526534504216,233900
2005-11-01,57.704864501953125,57.95852813033157,57.2655978305626,57.2655978305626,279600
2005-11-02,57.4759635925293,57.64300683227205,56.74591350140455,56.74591350140455,339700
2005-11-03,57.624454498291016,58.05134965127664,57.42647502679969,57.630642684332194,223100
2005-11-04,57.07381057739258,57.19754594801622,56.61598404184291,56.776839079613275,421500
2005-11-07,56.82634735107422,56.91915125912423,56.50463248606407,56.578871836341804,394400
2005-11-08,56.36850357055664,56.56029479403809,56.22002019496458,56.43655943441162,406600
2005-11-09,56.0158576965332,56.4118165475814,56.0158576965332,56.4118165475814,248800
2005-11-10,56.23860168457031,56.461329193832235,55.89213404782776,56.21385365907419,356300
2005-11-11,56.31284713745117,56.62837859643314,56.10868416536048,56.17674006279196,261400
2005-11-14,55.855018615722656,55.972570565714626,55.737466665730686,55.737466665730686,326800
2005-11-15,55.74982452392578,56.04060784878151,55.55803327570265,55.712704855289566,252500
2005-11-16,56.91915512084961,56.96246298485083,56.76448350367339,56.76448350367339,263100
2005-11-17,59.121681213378906,59.257793000416044,58.465875025149224,58.66385451896593,407300
2005-11-18,61.03961181640625,61.17571888023287,60.63746465091858,60.940619711583224,533400
2005-11-21,61.4974250793457,61.65209666922323,61.09527800162367,61.43555738743516,388000
2005-11-22,61.46030807495117,61.460308074951165,60.79831377951835,61.44793642316304,482400
2005-11-23,62.363582611083984,62.363582611083984,61.497420823668534,61.497420823668534,444700
2005-11-25,60.804500579833984,61.03341625442216,60.68076518396096,60.68694864961265,512700
2005-11-28,62.122291564941406,62.34501428288494,61.60878082031754,61.69539652179606,462800
2005-11-29,61.74489212036133,62.10991475683933,61.664459883698825,61.86862748725517,499800
2005-11-30,59.85791015625,60.359044637790944,59.85791015625,60.19818956976713,533000
2005-12-01,61.101463317871094,61.20663886120076,60.51989665677416,60.557016326137074,465600
2005-12-02,60.5198860168457,60.804481112398655,60.38996247671509,60.804481112398655,372400
2005-12-05,60.5198860168457,60.70549377143303,60.29715859942143,60.52607420071895,300500
2005-12-06,60.266231536865234,60.6312541687148,59.90739236914077,59.95688840335138,431200
2005-12-07,59.783668518066406,59.96308815065063,59.55475755803367,59.888848799376404,463400
2005-12-08,59.70944595336914,60.136336503819685,59.424850679667365,59.604265642489,307000
2005-12-09,59.98163986206055,60.24149171692391,59.73416909773699,59.74654074787226,307900
2005-12-12,60.080631256103516,60.26005086232555,59.92595967007096,60.00638719553509,277300
2005-12-13,61.051963806152344,61.19426373095349,60.50752156558651,60.903480416943815,235500
2005-12-14,60.77357482910156,60.9344299148836,60.45804340356979,60.78594648177586,264500
2005-12-15,60.10539245605469,60.23531605038709,60.012588540044895,60.22912786393224,880500
2005-12-16,60.804500579833984,60.9282406959098,60.69932502132163,60.84780844040982,166800
2005-12-19,60.792110443115234,61.243748748903485,60.77355061139809,61.09526537496501,182600
2005-12-20,61.843868255615234,62.00472797956969,60.77354383748184,61.24993010586128,691400
2005-12-21,63.67519760131836,63.774189682381405,61.97381014971557,62.177977776756435,1083100
2005-12-22,63.582393646240234,63.74944160282821,63.38441420450049,63.65044952185723,306700
2005-12-23,64.14539337158203,64.14539337158203,63.58238659396079,63.58857477838566,210400
2005-12-27,63.10601806640625,63.2235700026812,62.56775915421382,62.90803859069232,1099100
2005-12-28,63.458648681640625,63.84223585717015,63.39678100047819,63.402969184654886,767300
2005-12-29,64.12066650390625,64.31245780252334,63.90412717962837,64.02786258772909,236500
2005-12-30,64.72695922851562,64.90019062878125,64.18870047466034,64.34337204206916,413200
2006-01-03,66.10663604736328,66.10663604736328,64.96825542055517,65.45701820713114,652800
2006-01-04,65.9457778930664,66.1190140415851,65.03012470905101,65.39514740154571,477600
2006-01-05,65.63025665283203,65.6921243508729,65.3518449313439,65.45083702437154,465300
2006-01-06,66.37267303466797,66.4221690771287,65.66118276495276,65.70449062205529,422600
2006-01-09,66.94187927246094,66.97281548640213,66.50880059850557,66.62016436040889,478700
2006-01-10,65.30235290527344,65.78492755310504,64.72078616547496,64.8074018858446,834500
2006-01-11,65.98289489746094,66.16231449104403,65.39514007981943,65.58074785806451,612500
2006-01-12,65.2404556274414,65.9271976631156,65.06722425271295,65.85914180587214,563600
2006-01-13,64.51660919189453,64.6898406075981,64.23820223382837,64.6341611040657,370300
2006-01-17,63.21735763549805,63.47720471294149,62.73478314304559,63.10599392799354,823900
2006-01-18,62.51826477050781,62.7348040739571,61.82533427926728,61.89957834910824,644400
2006-01-19,64.32482147216797,64.48568124709386,63.41535176960564,63.47721946143796,636800
2006-01-20,63.45248031616211,64.7084130448225,63.35349293942487,64.50425010523853,784800
2006-01-23,63.97835922241211,64.32482207608777,63.743255382958736,63.897926974092854,421700
2006-01-24,64.37430572509766,64.47329306986174,63.95359888939703,63.97834690563841,333300
2006-01-25,62.86471176147461,63.20499109529014,62.74715986066531,62.9822636622839,786100
2006-01-26,63.600948333740234,63.70612386330202,63.19880132754353,63.70612386330202,313100
2006-01-27,63.378238677978516,63.848436960878324,63.019399419815926,63.53291028371728,372400
2006-01-30,63.72468948364258,63.910297263423274,63.19880706786649,63.3534786442831,354500
2006-01-31,64.16394805908203,64.46710298876592,63.73086958810505,63.91028916042446,267300
2006-02-01,64.21964263916016,64.32481818191555,63.74325152399409,64.03403485295482,361000
2006-02-02,63.16787338256836,63.84224393713225,62.88946642200107,63.73706367362269,397100
2006-02-03,63.5019416809082,63.94120825070349,63.248282831398434,63.248282831398434,322600
2006-02-06,63.66899108886719,64.01545380676738,63.508131375470455,63.724670574158075,162500
2006-02-07,64.52278900146484,65.69829380998473,64.47948115316049,64.96205566860937,494900
2006-02-08,64.28150939941406,64.34337708718827,63.093632801422146,63.53908298551761,616600
2006-02-09,63.42155075073242,63.99692935110079,63.2792507871131,63.84844120118416,531400
2006-02-10,63.904109954833984,64.18251690812006,63.415347200232354,63.693754153518434,467900
2006-02-13,64.31864929199219,64.58468468125356,64.2505933979809,64.38670518600348,265200
2006-02-14,66.11283874511719,66.17470645011967,65.07963343894552,65.20955703551172,379800
2006-02-15,65.6735610961914,65.89010038816835,65.40133757473322,65.66737291064848,312700
2006-02-16,66.57066345214844,66.59541147745615,65.85298959903719,66.27988005503666,221300
2006-02-17,67.15222930908203,67.33164894990637,66.63871841157136,66.78720184114204,315200
2006-02-21,66.8057632446289,66.94187029518822,66.57065937869311,66.91093880559865,282400
2006-02-22,66.03239440917969,66.13756995295901,65.4446395606087,65.70448668766427,422000
2006-02-23,66.66966247558594,67.14604903166334,66.55211052321981,66.8181459226459,250700
2006-02-24,67.2511978149414,67.31307022008446,66.65725954314206,66.73150359719264,280600
2006-02-27,66.78720092773438,67.04705282618312,66.69440173564881,66.80576548635455,318200
2006-02-28,66.11900329589844,66.60776601504402,66.0138230427697,66.57682981349998,278500
2006-03-01,66.22418212890625,66.34173403638945,65.9210271635148,66.07569873853927,297100
2006-03-02,66.09425354003906,66.24273691910084,65.76635058118526,66.20561725438577,335900
2006-03-03,65.40752410888672,65.67355943808519,64.96206916509368,64.96825735048037,670100
2006-03-06,65.09199523925781,65.64262575477969,64.8135882487859,65.4446462966168,478600
2006-03-07,65.09199523925781,65.56219822247066,64.96825984798198,65.11674326155351,363500
2006-03-08,65.54981231689453,65.74160828173842,64.91256617612756,65.11054560549401,240100
2006-03-09,65.58077239990234,66.18708727822501,65.47559682229854,65.98910777676929,169300
2006-03-10,66.00144958496094,66.08187709848836,65.33326729962059,65.426071181507,167200
2006-03-13,66.13756561279297,66.25511279863163,65.90864998529358,66.07569792758287,261300
2006-03-14,66.84288024902344,67.00374003715072,66.15613795685996,66.27368988513021,268100
2006-03-15,67.05939483642578,67.343989913497,66.75623992914137,67.12745069400813,200100
2006-03-16,66.77481079101562,66.91711071316065,66.50877550020672,66.62632740457863,316800
2006-03-17,66.94187927246094,67.08417924830543,66.79958401681998,67.0594312211932,266500
2006-03-20,67.50489807128906,68.05552879024836,67.44921382049986,68.04315713463096,286800
2006-03-21,67.49867248535156,67.77708414463325,67.15839786205403,67.68428025820602,364500
2006-03-22,67.41825103759766,67.41825103759766,67.00373232379862,67.06560001358618,362800
2006-03-23,66.32316589355469,66.89236084619807,65.93339524485684,66.82430497925377,235500
2006-03-24,66.92949676513672,66.93568495096213,66.27369067372595,66.38505441756955,156900
2006-03-27,67.59146881103516,67.64096484095332,67.37492958039473,67.44916890507076,202800
2006-03-28,67.10033416748047,67.89915169390613,66.85694605189676,67.71192786901112,205600
2006-03-29,68.1862564086914,68.26114216439673,67.43736552252504,67.65579500680388,201800
2006-03-30,68.7416763305664,68.82280414713046,68.13632445557653,68.32978565885314,301200
2006-03-31,67.96154022216797,68.13627987354272,67.80552199611216,68.05515211006113,217800
2006-04-03,68.86647033691406,69.06617355210352,68.49202740359635,68.64804568925375,308300
2006-04-04,68.89766693115234,69.06616456275934,68.80405501968197,68.89766693115234,198400
2006-04-05,70.29558563232422,70.53897373282261,69.40940307351987,69.70895546122588,338700
2006-04-06,71.73722839355469,72.07422856787706,71.21925114091822,71.76843396501668,408500
2006-04-07,71.20674133300781,72.07420258029418,71.20674133300781,72.07420258029418,411500
2006-04-10,71.71847534179688,72.00554837975935,71.4438864314369,71.98682694965521,166000
2006-04-11,71.46261596679688,72.09916846903296,71.18178019948377,72.09916846903296,187600
2006-04-12,70.84477996826172,71.08193080605079,70.72620931066733,70.98831888383405,229200
2006-04-13,70.59514617919922,70.65755253286676,70.08964376350316,70.20821916838118,148900
2006-04-17,70.31431579589844,70.80109205736298,70.1520602162769,70.62635234927826,193800
2006-04-18,71.64982604980469,71.72471653060722,70.7262005930712,70.85725536350097,155900
2006-04-19,70.88221740722656,70.96958725239261,70.3517562726328,70.70123565329703,350300
2006-04-20,71.42516326904297,71.94314507662219,71.14433228297221,71.14433228297221,168100
2006-04-21,73.33483123779297,73.73423764047304,73.11640660528042,73.22873519231554,360900
2006-04-24,72.64835357666016,72.84181471862514,72.31759082633613,72.6608329439837,366600
2006-04-25,72.3800048828125,73.01031532616902,72.25518739801403,72.98535182920932,262700
2006-04-26,72.57969665527344,72.78563714044981,72.31758235916809,72.38623077466002,335400
2006-04-27,72.685791015625,73.11016089245628,72.19901478423317,72.56097354520423,254300
2006-04-28,73.09769439697266,73.4409365718001,72.92295465753352,73.29739763651749,138800
2006-05-01,73.25369262695312,74.26469267832248,73.24121326097055,74.26469267832248,178900
2006-05-02,75.53157043457031,76.07451577369702,74.57673930403381,75.19457037179858,355800
2006-05-03,75.55029296875,75.756238248109,75.388037380134,75.6688683892234,220100
2006-05-04,75.90601348876953,76.41151596442369,75.72503170875757,76.02458890771189,271200
2006-05-05,77.05430603027344,77.38506400979766,76.09323288976351,76.44895436451785,351700
2006-05-08,75.73751831054688,76.19308904639932,75.67511194743973,76.13692474799298,318000
2006-05-09,76.0183334350586,76.1493881985793,75.50035644437179,75.73750247912841,310200
2006-05-10,75.41923522949219,76.94821722276613,75.38803443042538,76.91701166239932,444600
2006-05-11,72.81061553955078,73.83409515658033,72.7045242434527,73.79665229002816,622600
2006-05-12,69.70897674560547,72.14910532039416,69.09738765654339,72.14286325503207,1177300
2006-05-15,70.38920593261719,70.48905515332605,69.80881775576593,70.20198209700068,688900
2006-05-16,70.3018569946289,70.55772456737512,70.1146331033111,70.4266697479732,334000
2006-05-17,68.52322387695312,70.98206849511082,67.87418732334461,70.95710500136055,829500
2006-05-18,69.02249145507812,69.70273368433588,68.5669207085912,69.15978831389899,535000
2006-05-19,68.59188079833984,68.8103054441102,67.46854724680632,68.52946967557673,455400
2006-05-22,67.16899871826172,67.66825919702588,66.1517610873082,67.07539154463164,594700
2006-05-23,67.44979858398438,68.46079361091024,67.1814470528612,67.23761132711341,423000
2006-05-24,68.23614501953125,68.49825931918785,67.24387115519392,68.49201725552234,350700
2006-05-25,68.00524139404297,68.01772076013975,67.33748341732516,67.55590803376565,358400
2006-05-26,68.77908325195312,69.06615625430854,68.18621581946027,68.52945310516175,270500
2006-05-30,67.2875747680664,68.51699978018323,67.27509539856864,68.51699978018323,235200
2006-05-31,67.01296997070312,67.32500653097864,66.35145398653503,66.58860005827641,401000
2006-06-01,67.79930114746094,67.84922813813195,66.46378509546084,66.55115494848515,435400
2006-06-02,68.36719512939453,68.98502603075961,68.21741418985845,68.72291652851975,273700
2006-06-05,66.53243255615234,67.65576602352236,66.46378413529641,67.64952395945369,242000
2006-06-06,65.90836334228516,66.53243646946423,64.8848837946155,66.53243646946423,570100
2006-06-07,65.12826538085938,65.88963528122562,65.03465346894065,65.20939316516248,397400
2006-06-08,63.337154388427734,63.39332342273162,61.41501356300506,62.86909973485405,979200
2006-06-09,62.750545501708984,63.65544949690006,62.49467327222911,63.65544949690006,435000
2006-06-12,62.213844299316406,63.62424597372946,62.170159375972624,62.91280307281681,322000
2006-06-13,59.6052131652832,60.87832264814075,59.41174729889123,60.47267424858874,647300
2006-06-14,61.25901412963867,61.38382683767835,60.453959307273784,60.453959307273784,1558900
2006-06-15,62.90034103393555,63.18117208117789,61.62723108125529,61.76452795281407,579400
2006-06-16,62.825443267822266,63.34342512833252,62.64446148181385,63.34342512833252,294400
2006-06-19,62.78173828125,63.56182947450931,62.6382041680176,63.443258850817074,258600
2006-06-20,62.80673599243164,63.41208785004804,62.78801455540043,63.41208785004804,168300
2006-06-21,63.19987487792969,63.62424473700587,62.55708040638035,62.6569343785392,224500
2006-06-22,62.94402313232422,63.88637499448547,62.89409613377116,63.88637499448547,230800
2006-06-23,62.213844299316406,62.500917332904,61.97669349147915,62.33241494193548,285800
2006-06-26,62.713104248046875,62.75055187158881,62.23881212198117,62.50716374441566,169200
2006-06-27,61.3151969909668,62.49469505599581,61.30895492528433,62.48845299031335,233200
2006-06-28,61.57730484008789,61.77700808446403,61.3464007908004,61.689638212630776,254200
2006-06-29,63.798988342285156,63.798988342285156,61.90180574811956,62.06406130877693,293200
2006-06-30,65.27180480957031,65.49647151186448,64.79127060601334,65.37165879338995,325300
2006-07-03,65.55265045166016,65.64626238528022,64.72887400614492,64.72887400614492,249800
2006-07-05,63.880123138427734,64.40434225898579,63.41206831165807,64.39186289191056,348900
2006-07-06,64.44802856445312,64.72886432330286,64.14847613524009,64.36690077347876,282000
2006-07-07,65.14076232910156,65.74611412675829,65.04091308772466,65.21565283110992,236500
2006-07-10,65.83345794677734,66.29527538446006,65.63375478174935,66.15797856575973,244600
2006-07-11,65.97075653076172,66.06436843340768,64.96599861571335,65.52766527028994,227400
2006-07-12,63.9862174987793,64.75382954655076,63.7490714225516,64.52292077351053,752600
2006-07-13,61.84565353393555,63.667946146013406,61.80196860012891,63.667946146013406,750900
2006-07-14,61.13419723510742,61.3214210602269,60.62869957310433,61.159160729209994,346100
2006-07-17,60.62871170043945,60.9282641669894,60.35411797168482,60.541341834254,202100
2006-07-18,59.804927825927734,60.372831885392706,58.987388806599014,60.067037391834646,418500
2006-07-19,61.558570861816406,61.939255837794,59.91101824109042,60.02335159074446,302200
2006-07-20,61.68339538574219,62.79424972775491,61.471212774280765,62.170176501620084,677600
2006-07-21,61.64593505859375,61.90180729427429,61.36510409088051,61.683377917942316,309200
2006-07-24,62.750545501708984,62.97521217495494,62.28249072599648,62.40730342833339,203000
2006-07-25,64.02986907958984,64.41679593420035,63.474444661971766,63.6554263474526,261200
2006-07-26,63.50569534301758,64.27954484094819,63.0313983391822,64.27954484094819,293500
2006-07-27,64.34193420410156,65.02841364633237,63.9674913048211,64.52915803439168,212500
2006-07-28,65.9021224975586,65.99573442062804,64.91608579565418,64.97849691856727,308300
2006-07-31,65.66497039794922,66.21415299560726,65.61504340871674,66.21415299560726,157600
2006-08-01,64.5915756225586,64.95353921803483,64.19841122414168,64.95353921803483,205700
2006-08-02,65.59632873535156,65.92084467619253,65.05962544906437,65.80851131949753,392900
2006-08-03,66.75708770751953,67.1876995891098,65.83969966133105,66.06436631596085,393600
2006-08-04,67.48725128173828,68.94758452227606,66.99423305906478,68.64802739865583,605200
2006-08-07,65.93956756591797,66.58859941507782,65.67745323923033,65.9021199413626,383100
2006-08-08,66.84446716308594,67.96155853399475,66.55739412114899,67.39989181659651,327500
2006-08-09,67.96154022216797,68.47327981317908,67.83672278454428,68.33598301244221,453000
2006-08-10,68.2548828125,68.47330746492541,67.87419780628699,68.46082333547236,240800
2006-08-11,67.06912994384766,67.56214821366652,66.79453628437908,67.45605217895404,167900
2006-08-14,67.43111419677734,68.19872160096692,67.30005462893925,67.9303699224476,140100
2006-08-15,68.57939910888672,68.74165946350269,67.99276881540617,67.99276881540617,329900
2006-08-16,69.62159729003906,69.83378463142826,69.10985751072415,69.27835992319501,235200
2006-08-17,70.1270980834961,70.80109343330695,69.69648610784746,69.81506152405217,355500
2006-08-18,69.74016571044922,70.20822051387505,69.16601962762545,70.20822051387505,173100
2006-08-21,68.73540496826172,68.97255101189032,68.64803512264594,68.85398037072576,156600
2006-08-22,68.92890167236328,69.24718042358315,68.62310705484721,69.24718042358315,118800
2006-08-23,68.77908325195312,69.62782289426436,68.44208326797963,69.20969513613576,231500
2006-08-24,67.59335327148438,68.49826208757447,67.24387387288391,68.49826208757447,228600
2006-08-25,66.22664642333984,66.99425375505537,65.5401621282441,66.46379251354537,514800
2006-08-28,66.86317443847656,67.04415616250759,66.08932532571868,66.08932532571868,179400
2006-08-29,67.4186019897461,67.61206308626357,66.67595363400652,67.61206308626357,292100
2006-08-30,67.11906433105469,67.23139768037954,66.85071270551752,67.02545241306731,177900
2006-08-31,67.61209869384766,67.73691620999581,67.28758267446527,67.55593438255704,154500
2006-09-01,67.69944763183594,67.86794526303441,67.17522378565258,67.58711429060376,357600
2006-09-05,68.11134338378906,68.20495530878785,67.79930680799333,68.12382751314905,131600
2006-09-06,66.98802185058594,67.6183371801856,66.96306310997905,67.39991249011676,191000
2006-09-07,66.25159454345703,66.6510008980951,65.93331596790817,66.6510008980951,249300
2006-09-08,66.37640380859375,66.76333077769307,66.22038556059711,66.76333077769307,202800
2006-09-11,65.31550598144531,65.59009496262419,64.76631849648587,65.53393065782653,920500
2006-09-12,66.2016830444336,66.40138626846641,65.52768287783519,65.74610753516788,338200
2006-09-13,66.30152130126953,66.6010784683849,65.7523387164076,65.92707841335005,349500
2006-09-14,66.55738067626953,66.76332589126368,65.98947200970363,66.68843542363888,280900
2006-09-15,66.25159454345703,66.9879961412653,66.05812866824533,66.49498264202401,287500
2006-09-18,66.4013900756836,66.48251787840148,66.06438997306202,66.34522101126298,224000
2006-09-19,66.37640380859375,66.74460458844226,66.05812524951686,66.50121650247142,320700
2006-09-20,66.9568099975586,67.0941068547508,66.50123449517542,66.98801079882023,285000
2006-09-21,67.4186019897461,67.99899004059743,67.16273454867125,67.99899004059743,259300
2006-09-22,66.78205871582031,67.2813143012995,66.50746504896208,67.27507699890693,156900
2006-09-25,67.69944763183594,67.85546589680844,66.84446582571883,67.23763013938166,174500
2006-09-26,67.52472686767578,67.59337530925401,66.90689565477291,67.05667190853394,287400
2006-09-27,68.31735229492188,68.56898254856767,68.06572204127609,68.06572204127609,232200
2006-09-28,68.64445495605469,68.72623272715119,68.21039300300765,68.4431517661315,147200
2006-09-29,68.50605773925781,68.71365300257763,68.26071962786042,68.71365300257763,221100
2006-10-02,69.51258087158203,69.89631586487414,68.99044902176529,69.00932044775554,473200
2006-10-03,69.84597778320312,70.1101873040503,69.1728698327898,69.26723174721988,539200
2006-10-04,71.48155212402344,71.68914733354325,70.267441231227,70.39325869128993,989600
2006-10-05,72.57616424560547,72.9724785651845,72.21759277566821,72.9724785651845,439000
2006-10-06,71.846435546875,72.05403081414828,71.51302758398279,72.05403081414828,223100
2006-10-09,71.33690643310547,71.73322084682206,71.06640474771059,71.73322084682206,195900
2006-10-10,72.34341430664062,72.50068259861158,71.7143411387568,72.02887772269871,227800
2006-10-11,72.82779693603516,73.03539222874876,72.34970479453672,72.36857622124755,339800
2006-10-12,73.5574951171875,73.65814428647234,72.82776824222952,72.82776824222952,219300
2006-10-13,73.09830474853516,73.19266668949395,72.58246491066782,72.87813008592977,315100
2006-10-16,72.99134826660156,73.05425461433482,72.68939587770318,72.81520857316973,304600
2006-10-17,71.54449462890625,71.84015499096098,71.34319140397139,71.84015499096098,421000
2006-10-18,71.80870056152344,72.27421334562574,71.54449099212326,72.02887520269026,212800
2006-10-19,72.22388458251953,72.33083066229267,71.8716051652351,72.12323537734416,209500
2006-10-20,72.72085571289062,73.06055579231307,72.40002706019489,73.00394151213297,280700
2006-10-23,73.86576843261719,74.00416529411235,73.03539206309347,73.21153177792468,347400
2006-10-24,74.38160705566406,74.58291026936821,73.83431649311225,74.0356197068164,307400
2006-10-25,75.00440216064453,75.19312124704703,74.55146867416207,74.80938619874648,250100
2006-10-26,75.50133514404297,75.71522244784488,74.9351733151259,75.15534789297651,232600
2006-10-27,74.87859344482422,75.6020286930836,74.73390927484135,75.50137466227086,298000
2006-10-30,74.57662963867188,74.8345471544711,74.10482473956458,74.64582807449675,267800
2006-10-31,74.2306137084961,74.51998671142618,74.04188988945876,74.21803436030177,427400
2006-11-01,73.94755554199219,74.92261610863952,73.82803009984637,74.702441451619,397500
2006-11-02,74.38790893554688,74.57034074692508,73.94126752125449,74.14257076149117,284800
2006-11-03,74.0167465209961,74.62065614775301,73.7965670867075,74.62065614775301,297200
2006-11-06,75.31891632080078,75.67119568330807,74.5451543787836,74.63951629358272,426200
2006-11-07,76.24994659423828,77.3759879707214,76.08638625143071,77.3445323972961,718100
2006-11-08,77.66535949707031,77.7219785682448,76.58335306476904,76.74691340439394,471400
2006-11-09,76.99226379394531,77.66537188426462,76.84128757914446,77.66537188426462,442700
2006-11-10,76.6336898803711,76.9167708741742,76.13042944755759,76.9167708741742,803000
2006-11-13,76.04235076904297,76.21849525970386,75.66490788794863,76.01089999529565,446200
2006-11-14,78.5208969116211,78.64670960024438,77.73455560910948,78.53976833496993,1052000
2006-11-15,77.91070556640625,78.40138183596352,77.69053093255965,78.01764684578215,546800
2006-11-16,77.11178588867188,77.69053201986755,77.0551668109206,77.69053201986755,470900
2006-11-17,77.30050659179688,77.53326538403677,77.06146052368766,77.37599709725373,474400
2006-11-20,74.65213012695312,75.7718798745575,74.23065215219391,74.23065215219391,1160100
2006-11-21,74.37532043457031,74.45709821604754,74.16772514376592,74.31240928018312,448100
2006-11-22,75.29376983642578,75.48878098481336,74.99810467632366,75.32522061550098,389200
2006-11-24,74.61437225341797,74.8974532721876,74.29983565503056,74.82825483658657,499700
2006-11-27,73.87834167480469,76.0549338856633,73.84059402759503,74.65209885062745,1053900
2006-11-28,73.87834167480469,73.98528294309781,73.43170037830403,73.85317817648044,580700
2006-11-29,75.11762237548828,75.3315049291727,74.72130324450713,75.00438902370037,574000
2006-11-30,75.52021789550781,75.94798774065931,75.20568138582131,75.92911151854327,760900
2006-12-01,75.48877716064453,75.92283916514134,75.01068022811523,75.7026597255317,671500
2006-12-04,76.23108673095703,76.30657723895844,75.38183891359266,75.48878020034243,477600
2006-12-05,76.11784362792969,76.13042297792978,75.48247846537211,75.80330708401262,391200
2006-12-06,76.30657196044922,76.44496401637409,75.96057982201937,76.111556028131,472000
2006-12-07,76.52674102783203,76.99225376249314,76.33801718433462,76.99225376249314,322900
2006-12-08,76.74063110351562,77.27534231331434,76.67772474932411,76.67772474932411,515800
2006-12-11,77.16839599609375,77.18726742117515,76.79095309612515,77.18726742117515,428000
2006-12-12,77.75971984863281,77.7722991978366,77.05515630705943,77.37598490539021,499000
2006-12-13,78.1623306274414,78.42025289541931,77.89182900954965,78.38250524678429,529700
2006-12-14,79.07449340820312,79.30096012722711,78.49574725934062,78.71592190298969,337300
2006-12-15,79.11224365234375,79.38903258509147,78.84802927186318,79.26321987015591,276100
2006-12-18,79.32611083984375,79.86711404812753,79.10593623169255,79.42676483182515,221500
2006-12-19,79.70355224609375,79.87969672882403,78.8794680995386,79.26320303788407,259200
2006-12-20,80.65974426269531,80.75410137715649,80.30746490351673,80.39553474331137,306400
2006-12-21,81.82354736328125,82.21356963574674,81.54675364776602,81.75434893440244,577200
2006-12-22,82.98103332519531,83.21378729606276,82.28276181369941,82.88037932740102,348600
2006-12-26,82.79231262207031,83.34590003206102,82.47777606619266,82.56584591788264,508100
2006-12-27,84.45936584472656,84.465662720129,83.61641004580662,83.89320379444193,570600
2006-12-28,84.45936584472656,84.82422945893717,84.11338325782786,84.47194999663601,513700
2006-12-29,84.49079132080078,84.9814674825906,83.94350089393336,84.41530563403066,314400
2007-01-03,85.11357879638672,85.89362317288132,84.5788629069768,85.08212322661693,758600
2007-01-04,86.66741943359375,86.79323215669177,85.32749041530589,85.96285090623296,842700
2007-01-05,84.11965942382812,84.21401655344775,83.38364501611255,83.855449861999,1068400
2007-01-08,84.27690124511719,84.76129008916595,84.16995999882688,84.67322026287447,511600
2007-01-09,83.13829040527344,83.62896657984996,82.55954439420607,83.14457767970413,645700
2007-01-10,81.42093658447266,81.69144304165197,80.65347614052611,81.15043972618824,726200
2007-01-11,81.01202392578125,82.04999058431856,80.40182231959618,80.52134773095715,803900
2007-01-12,82.33938598632812,82.33938598632812,81.64740166692218,81.69772867186941,498500
2007-01-16,82.54068756103516,83.34590037952732,82.251309704908,82.71682726514945,641200
2007-01-17,82.47147369384766,82.96843713764929,82.27016572746734,82.81116888849922,641100
2007-01-18,83.08795166015625,83.63524202387012,82.679048506588,83.16343733821584,554200
2007-01-19,83.2452621459961,83.35220344383012,82.87411124194347,82.99992396887198,396500
2007-01-22,82.54068756103516,83.20750352645268,82.04371442529602,83.20750352645268,524800
2007-01-23,83.08795166015625,83.50942936080716,82.6601770870731,83.10053580612981,386000
2007-01-24,85.2708511352539,85.30230670653206,84.2832018706973,84.59773838569352,653200
2007-01-25,82.84893798828125,84.03788594469168,82.53440139030076,83.5409223433964,794100
2007-01-26,82.74826049804688,83.1634509933291,82.28903988296393,83.0376383096082,716400
2007-01-29,82.84893798828125,83.35219846482907,82.67279826132379,82.94330472701252,450300
2007-01-30,83.48426818847656,83.63523954011228,83.1319793039151,83.22634599757805,425300
2007-01-31,82.8992691040039,83.20751844090273,82.09405614118212,82.34568159247804,546600
2007-02-01,83.84284210205078,84.02527863313445,83.38362153572574,83.66670244376469,376100
2007-02-02,82.57843780517578,82.83006323389694,82.21357421430375,82.81747908279243,466700
2007-02-05,82.06888580322266,82.33938264508095,81.77950793624245,81.77950793624245,447400
2007-02-06,84.1070785522461,84.547427839127,83.20121167700849,83.97497856562909,571500
2007-02-07,83.62896728515625,83.85543395217017,83.1445783809252,83.72962127024962,383900
2007-02-08,83.10057830810547,83.29558947542559,82.7168432502222,83.29558947542559,444500
2007-02-09,83.07537078857422,84.10076275079012,82.86148829304798,83.96865321008788,601600
2007-02-12,82.90554809570312,83.4465514009316,82.62876396649564,83.33332283883236,282200
2007-02-13,84.83680725097656,84.84309452701224,84.32725952414002,84.32725952414002,485800
2007-02-14,85.86848449707031,86.22076392328647,84.81164621842186,84.81164621842186,949000
2007-02-15,86.03833770751953,86.25222027551654,85.63573127409803,86.23334884886353,419600
2007-02-16,86.2773666381836,86.2773666381836,85.73636342075461,86.19559366734778,399900
2007-02-20,85.97541809082031,86.40319278360612,85.44699899875572,85.86847681734726,348300
2007-02-21,85.29602813720703,85.51620758451129,85.02553128373097,85.15763127299775,319400
2007-02-22,85.33375549316406,85.56022217538576,84.96260469696247,85.45957778242621,270800
2007-02-23,85.23941040039062,85.58540254688694,85.11988496806514,85.42813426201538,410900
2007-02-26,86.20188903808594,86.49126689737804,85.49103333941818,86.12010646067628,341800
2007-02-27,83.6478500366211,86.81208692999869,81.79208632999769,86.81208692999869,1295300
2007-02-28,84.04418182373047,85.1702186076393,83.40252448376548,85.01923758679605,1209200
2007-03-01,82.584716796875,82.86151050003886,80.37666884537904,82.10032781633825,1642800
2007-03-02,81.20703887939453,82.23243103717016,80.81701665447561,81.84240881225124,1116100
2007-03-05,80.46475982666016,81.45869669024857,80.38297723442888,80.71009800445823,660400
2007-03-06,83.49686431884766,83.59123103690409,82.64762144969843,83.32072463048071,926800
2007-03-07,83.61639404296875,84.15739728479058,83.49058134463908,83.8177020394111,518300
2007-03-08,84.57258605957031,85.32118455748235,84.29579236969761,84.91228129784555,658300
2007-03-09,83.75477600097656,84.7361283119354,83.59750775630003,84.4845029600097,465900
2007-03-12,83.91836547851562,84.11967352063165,83.16347951837207,83.75480989346819,583900
2007-03-13,82.25131225585938,83.91835222110494,82.09404397238737,83.91835222110494,511100
2007-03-14,81.76690673828125,82.21984007110031,80.40811153927024,81.77949088610742,842400
2007-03-15,82.24501037597656,82.44630875165142,81.84869130035484,82.08144524691741,419600
2007-03-16,81.71659088134766,82.49035769637489,81.55303533288905,81.79837345502378,342100
2007-03-19,82.75457763671875,82.80490464230985,82.05000915733821,82.06889018346784,314500
2007-03-20,83.069091796875,83.35217272787045,82.69164415628623,82.69164415628623,327400
2007-03-21,84.0001220703125,84.0001220703125,82.42115219914133,83.025056940774,707200
2007-03-22,83.5409164428711,83.95610702661513,83.05652742850306,83.51574814142899,537600
2007-03-23,83.7799301147461,84.08817931305524,83.58491903783492,84.04414919837757,538200
2007-03-26,83.47798156738281,83.52830855707178,82.69164035141483,83.50943713579989,244800
2007-03-27,82.57213592529297,82.72311693271125,82.10662795048485,82.72311693271125,301000
2007-03-28,81.71729278564453,82.79535539387216,81.57143970386791,82.79535539387216,875300
2007-03-29,82.40852355957031,82.55437664750114,81.64120065326505,82.30071826184341,435800
2007-03-30,81.27337646484375,81.92655589802189,81.11483757957826,81.48898702645785,565700
2007-04-02,80.48704528808594,80.75973244957254,79.98606167334431,80.46167847792157,506400
2007-04-03,80.52507019042969,80.85482893255232,79.47236970315703,79.71334705939192,1219800
2007-04-04,81.00701904296875,81.48897855879696,80.69628421483979,80.94994737255055,665000
2007-04-05,80.21434020996094,80.51873702571915,79.65628502566467,79.76409031611567,991700
2007-04-09,80.08750915527344,80.4109298572963,79.84018886496865,80.37922014285799,496300
2007-04-10,80.21434020996094,80.46166050604181,79.64359920430383,79.84019072961104,930700
2007-04-11,78.97773742675781,79.73238412391281,78.86993213808515,79.69433149868121,709900
2007-04-12,78.88896179199219,78.94603347667217,78.1723628295202,78.54017425820285,532400
2007-04-13,77.0625991821289,77.19577613788408,76.61234921193589,76.73284034417912,1274600
2007-04-16,77.8299331665039,78.12798228896541,76.68210803035967,76.82796597388268,1065300
2007-04-17,77.55089569091797,77.81089699379409,77.25918466997769,77.57626249772457,876300
2007-04-18,78.41968536376953,78.75578706427738,77.96943062125985,78.0835788250383,624700
2007-04-19,78.74308776855469,78.98406995653113,78.0201508810704,78.28015696005077,805900
2007-04-20,79.85921478271484,79.97336298407394,79.27579279275643,79.27579279275643,932000
2007-04-23,79.18701934814453,79.37726314403237,79.11091892685513,79.26945784254022,640200
2007-04-24,78.56552124023438,79.13626213414055,78.39430139117368,79.13626213414055,562300
2007-04-25,77.95674896240234,78.29285065999818,77.3606411435881,77.68406185786215,982200
2007-04-26,77.58895111083984,77.73480905476312,77.0499197183154,77.30358297309871,799800
2007-04-27,77.36698150634766,77.90601278690298,77.34161470231616,77.58893499384418,411800
2007-04-30,76.99916076660156,77.81722195406383,76.99916076660156,77.36697212311437,310100
2007-05-01,77.0689468383789,77.20846187625477,76.75186896619716,77.20211896410831,336300
2007-05-02,76.30160522460938,76.72015026284738,74.90646477359638,76.70746444083947,1196000
2007-05-03,76.35233306884766,76.52355294723317,76.06696015390762,76.26988974669418,626900
2007-05-04,76.68844604492188,76.81527524475413,76.3586872224237,76.42843989557475,498200
2007-05-07,77.0689468383789,77.17675215374685,76.68845435940568,76.81528357298863,584000
2007-05-08,76.4220962524414,76.51722056449454,75.92745563563328,76.50453474250159,506100
2007-05-09,75.6357421875,76.10502085165383,75.50257008169103,76.0859969562845,1003800
2007-05-10,74.06936645507812,74.88742281585426,73.71423607492336,74.51961629237712,1303600
2007-05-11,76.06063079833984,76.25721750313089,75.24891233416866,75.3123269320151,764200
2007-05-14,77.46212005615234,77.58894926140879,76.9230886764764,77.20845680741542,925300
2007-05-15,77.24015808105469,78.00114290582208,77.05625236678746,77.3733301834778,604600
2007-05-16,77.6904067993164,77.74113557215287,77.28454758728398,77.36698607658876,881700
2007-05-17,77.04989624023438,77.41136469573372,76.70745167635772,76.74549945960311,881500
2007-05-18,77.2591781616211,77.51917944259456,76.865999946576,77.36698345279977,424300
2007-05-21,76.3396224975586,76.64401920716087,76.2445030616406,76.63767629869248,1001800
2007-05-22,75.66109466552734,75.971834358458,75.54060840493113,75.85134325963907,560500
2007-05-23,76.3396224975586,76.66304309434447,75.62302866372083,76.20011237880502,602000
2007-05-24,76.30160522460938,77.32893908719251,76.02891811012134,77.29088645939228,631700
2007-05-25,76.09866333007812,76.40306011221644,76.003539033271,76.16207791520866,384300
2007-05-29,76.23818969726562,76.79624490320417,75.8957450805908,76.45380028652934,747000
2007-05-30,76.1303939819336,76.16209886410815,75.62306748490042,75.82599711606888,810300
2007-05-31,76.58063507080078,76.62502577127754,76.04794182685632,76.34599574643883,416400
2007-06-01,77.96308135986328,77.96308135986328,77.37965460304586,77.4811218088307,804300
2007-06-04,78.79383850097656,78.86359600863894,78.08358244033403,78.47676068004708,651000
2007-06-05,79.2948226928711,79.58019079877268,79.12359795875123,79.2314080958067,807100
2007-06-06,78.22942352294922,79.58017300751408,77.87429798820298,79.58017300751408,825900
2007-06-07,78.08360290527344,79.37728133431287,77.79823472693415,78.9650790914257,890100
2007-06-08,78.92066955566406,79.07920846986846,77.04991230334154,77.36699013175036,672800
2007-06-11,78.62896728515625,79.20605131943445,78.51481906069596,79.1679986857982,402700
2007-06-12,77.58260345458984,78.38798387640907,77.55724148506421,77.93139101336571,372000
2007-06-13,78.51480865478516,78.57822808969891,77.95675343039869,78.15968304274136,313800
2007-06-14,78.45773315429688,78.64797693511693,78.00748324999903,78.31821814542815,318200
2007-06-15,79.55482482910156,79.62458233807322,79.15530850899229,79.26945672019832,495600
2007-06-18,79.26310729980469,79.64994260388991,78.81285740319571,79.64994260388991,272600
2007-06-19,79.39630126953125,79.57386895103089,79.09190920626679,79.41533000693181,232900
2007-06-20,78.44505310058594,79.54214451972018,78.24212348318942,79.35189588668807,585700
2007-06-21,79.26310729980469,79.26945021052404,78.45138890376465,79.15530200869196,530200
2007-06-22,78.01380920410156,78.7621129041566,77.7474650493928,78.66699344763391,285000
2007-06-25,78.07090759277344,78.71140619609749,77.77285364355659,78.08358857778899,305200
2007-06-26,78.31820678710938,78.96504328924567,78.21040150979043,78.90162870483586,405900
2007-06-27,78.5401840209961,78.64798933094114,77.81724689584529,78.10261986938848,651900
2007-06-28,79.06017303466797,79.36456983432915,78.50846079022764,78.56553246866369,496400
2007-06-29,79.82750701904297,80.21434233098239,79.43433363447878,79.99873174437924,545900
2007-07-02,81.24800872802734,81.29874233492332,80.53775758437592,80.70897745987102,511000
2007-07-03,81.15290069580078,81.3811971207723,80.58215963337197,81.07680027473569,237400
2007-07-05,80.65824127197266,81.03239070241304,80.2523821305833,81.03239070241304,304600
2007-07-06,80.04947662353516,80.41094518119046,79.94166647683343,80.1255722115316,305200
2007-07-09,80.49336242675781,80.72800171698012,80.32848063259557,80.47433853478194,197400
2007-07-10,79.71971130371094,80.22703779160125,79.61190599745703,80.11922764712338,320300
2007-07-11,79.69432830810547,79.78310969971955,79.26944524277769,79.60554691649139,919700
2007-07-12,80.0938491821289,80.12555405720258,79.22505432296428,79.2694450186458,383600
2007-07-13,79.89092254638672,80.11921410530498,79.58652573745715,79.71335491888097,283300
2007-07-16,79.80215454101562,80.15094212693191,79.73240186205662,79.96703638510553,224600
2007-07-17,78.61629486083984,78.93337275906813,78.4450700863907,78.63531876061758,534900
2007-07-18,77.75384521484375,77.79189301568336,76.88505000261489,77.52554873335623,751400
2007-07-19,78.4513931274414,78.65432273737677,78.29285421848492,78.43871214354326,342600
2007-07-20,77.9440689086914,78.48943828605293,77.27186066725923,78.41334270876793,679600
2007-07-23,78.12162780761719,78.3816290807366,77.86162169627465,77.9440650185165,289700
2007-07-24,77.67771911621094,78.49578043161264,77.56357091317295,78.49578043161264,418000
2007-07-25,77.55089569091797,78.2611517668315,77.04991214249107,78.24846594431637,557900
2007-07-26,75.59133911132812,77.58893004790595,74.22790855866624,77.56990615565081,1258500
2007-07-27,76.40308380126953,77.20211653045799,75.48989800994076,77.20211653045799,679900
2007-07-30,77.23379516601562,77.74745954778037,76.7328117648157,77.4430676320021,639300
2007-07-31,76.49820709228516,77.59529867880846,76.41576858577915,77.0435814294159,423700
2007-08-01,75.57233428955078,77.15138548031642,74.5893958486183,76.33966211288583,1154000
2007-08-02,75.20449829101562,75.57230964154522,74.58937152119925,74.83669177870854,776800
2007-08-03,75.40110778808594,77.07527831781496,75.40110778808594,77.07527831781496,766400
2007-08-06,76.82795715332031,77.48747960293812,75.34403043212436,77.36064557134416,797000
2007-08-07,77.62699127197266,77.93772616909035,76.97380692342654,77.01819762301477,725500
2007-08-08,78.14067840576172,78.223116917954,77.51920359329557,77.67774254320558,506600
2007-08-09,75.96549987792969,76.86599966844011,75.78159417340743,76.54892186855137,899400
2007-08-10,75.67378234863281,76.21915650440945,74.32937085142623,76.00988401337875,693200
2007-08-13,75.71817779541016,76.44745768560027,75.71817779541016,76.04793657069949,350400
2007-08-14,74.82404327392578,75.69918139528596,74.70355695904169,75.69283848243157,396000
2007-08-15,73.0927963256836,74.50696100119266,72.99767199134037,74.19622602468108,520800
2007-08-16,72.23665618896484,73.26398501475613,69.75710583204268,72.42689993830052,1393700
2007-08-17,72.61715698242188,72.92154895209565,70.96835343839005,72.02739209817791,1024100
2007-08-20,72.07177734375,72.6234895613852,71.41225500837972,72.6234895613852,823000
2007-08-21,72.60448455810547,72.91522433385556,72.07179609377503,72.07179609377503,563700
2007-08-22,73.1244888305664,73.33376136304359,72.6108242855986,72.61716719700743,442500
2007-08-23,73.1244888305664,73.34010427445243,72.85180169867233,72.99131672032378,403900
2007-08-24,73.9361801147461,74.0376473070638,72.75031254342053,72.90250849367507,231200
2007-08-27,73.04841613769531,73.56208084362993,72.9976825069739,73.21963609359841,230500
2007-08-28,71.66595458984375,73.03572872194384,71.6215638734846,72.92792338767524,274700
2007-08-29,72.80740356445312,72.91521369450481,71.44397288235977,71.67226444931615,445800
2007-08-30,71.8434829711914,72.43959073751054,71.26006102530023,71.46932868013273,322000
2007-08-31,73.35913848876953,73.81573140995127,72.95962210184777,73.46694380676398,392100
2007-09-04,74.16451263427734,74.30402767265407,73.61913830510885,73.91085420620078,381900
2007-09-05,73.09911346435547,73.30204306166384,72.61081578397145,73.23862846967184,290500
2007-09-06,73.2322998046875,73.61913031699817,72.53472468849483,72.76936403105272,438400
2007-09-07,71.84984588623047,72.2937529603464,71.42495787160607,72.2937529603464,352800
2007-09-10,71.32347106933594,72.93422664725402,70.98102651293863,72.93422664725402,409100
2007-09-11,71.81813049316406,72.09081762807986,71.61520086984699,71.6976393661801,253300
2007-09-12,71.74837493896484,72.07179569808926,71.40593028310792,71.81813245246666,370200
2007-09-13,71.26641082763672,71.71666076248209,71.19665331846961,71.50105016194642,547200
2007-09-14,71.77374267578125,71.97667230725953,71.19032059005917,71.43129801549462,211000
2007-09-17,71.4503173828125,71.67227089719842,71.15226344711266,71.34251208128559,253500
2007-09-18,72.12252044677734,72.15422532469178,70.68932739772336,70.80981851317908,440800
2007-09-19,73.21959686279297,73.77131391527323,73.01032437686362,73.18154907925044,409100
2007-09-20,73.11813354492188,73.47960199855247,72.67422177705555,73.21959591245928,609600
2007-09-21,72.96595001220703,73.13717475291186,72.66789607249584,72.6742389839133,443100
2007-09-24,72.70594024658203,73.87912713472485,72.38886244772056,72.92789373814041,431400
2007-09-25,73.11813354492188,73.51764978160116,72.82641774747299,72.92788495323306,291300
2007-09-26,73.62245178222656,73.88518548406783,72.73172879863034,73.88518548406783,364100
2007-09-27,74.25682830810547,74.3785833909846,73.69291903551756,73.69291903551756,281700
2007-09-28,74.88484954833984,75.60896108240009,74.84640261932141,75.35904626582271,290000
2007-10-01,76.09597778320312,76.17287653131116,75.30137694200207,75.43594608445702,478300
2007-10-02,75.76276397705078,76.25618419421548,75.30138124002559,75.97422699070472,398300
2007-10-03,74.41705322265625,75.60255228339534,73.93644708094423,75.60255228339534,663300
2007-10-04,74.51959228515625,74.96815610640648,74.29531037453114,74.81436349468912,490800
2007-10-05,75.40389251708984,75.96139735786205,75.13475427215627,75.28854685655001,285800
2007-10-08,75.20525360107422,75.20525360107422,74.78872727744964,74.94251988238008,146400
2007-10-09,74.20560455322266,74.29531732586655,73.69295594756089,74.01336010385464,427900
2007-10-10,73.1290283203125,73.43020404605704,72.95600738084364,73.07135304416347,552700
2007-10-11,72.84708404541016,73.73780714612235,72.5074564458697,73.37254662920425,555200
2007-10-12,72.17423248291016,72.25113123405646,71.77693449110183,71.82819543622034,428400
2007-10-15,69.27777862548828,70.52094816493772,69.00223088908389,70.52094816493772,1417900
2007-10-16,69.78401947021484,70.00830138013573,68.82921654570652,69.84809931748096,734200
2007-10-17,68.58572387695312,69.20730882175573,68.13075048896921,69.02147379472339,724500
2007-10-18,69.83528900146484,69.9121828666642,69.29059804841354,69.69431039662706,487400
2007-10-19,68.18199157714844,69.23291660504275,68.08586937200404,68.88687959990997,649100
2007-10-22,68.47679138183594,68.56650417374858,67.5476210846063,68.25250940205436,775100
2007-10-23,69.42516326904297,69.83528504578565,68.91251960382776,69.19447679753245,375800
2007-10-24,67.97053527832031,68.52804025191253,66.96446645630627,68.5024073335771,882000
2007-10-25,67.76547241210938,67.81673824544511,67.13747817619392,67.6052703496694,420200
2007-10-26,70.31587982177734,70.45044894539643,69.09193391951422,69.62380585261216,678600
2007-10-29,71.76411437988281,71.97558227524064,71.0656357357347,71.84101312973446,596800
2007-10-30,71.32196044921875,71.82819466632395,71.25787571279422,71.64236457542552,298800
2007-10-31,73.33409118652344,73.46866032040377,71.77051763080772,73.09699039503225,701100
2007-11-01,73.34049224853516,74.09024151434501,73.04572108043844,73.9813004110876,783300
2007-11-02,72.41132354736328,72.65482889306556,71.60390388048758,72.41132354736328,567100
2007-11-05,71.53984832763672,72.37290119091757,70.88622592044746,71.12973134881601,524200
2007-11-06,71.76411437988281,71.8474225811335,71.12971558278826,71.12971558278826,496300
2007-11-07,71.58468627929688,74.3337541531915,71.05281427881138,73.21233975863905,835900
2007-11-08,69.84168243408203,72.09092052332369,68.89969362367405,72.09092052332369,867600
2007-11-09,69.11758422851562,69.66867976241315,68.43191953712862,68.43191953712862,601600
2007-11-12,69.03427124023438,70.14286671575556,68.8548408330658,69.3354469949224,608900
2007-11-13,71.21299743652344,71.33475253152214,69.77117931187438,69.77117931187438,603300
2007-11-14,71.20661163330078,71.86023387083564,70.59784088692213,70.59784088692213,484000
2007-11-15,70.79649353027344,71.67439765322244,70.335110834632,71.2258338596703,486000
2007-11-16,70.61708068847656,71.30274545143963,70.07880400232831,70.66834653162779,418300
2007-11-19,69.71994018554688,70.71319004863402,69.19447761135821,70.3287060729558,531100
2007-11-20,70.53376007080078,71.31554687579525,69.56613829667003,69.84809547590835,655600
2007-11-21,69.258544921875,69.84167778681541,68.52802403363246,69.84167778681541,473100
2007-11-23,70.10442352294922,70.28384905070018,69.11757823133998,69.27137084241522,164000
2007-11-26,69.49565887451172,70.8990306300218,69.46362139257889,69.46362139257889,421800
2007-11-27,71.84101104736328,72.2190855563058,70.79008594141405,71.77052175095386,1165000
2007-11-28,71.87945556640625,72.21908313463837,70.73881773763478,70.84134939769356,514400
2007-11-29,72.19347381591797,72.43697923818858,71.75772392571062,71.7705379420491,396000
2007-11-30,72.05889129638672,72.89194404101866,71.7448965986627,72.21268880827465,458800
2007-12-03,71.07844543457031,72.28957255958056,70.87979645407002,71.77051947428436,402500
2007-12-04,70.95028686523438,71.11689837126528,70.48890416482799,70.48890416482799,291500
2007-12-05,71.98198699951172,72.31520511569488,71.0592216178066,71.0592216178066,402000
2007-12-06,72.68048095703125,72.7701937337691,71.34119386931627,71.34119386931627,290600
2007-12-07,73.18671417236328,73.41099609593915,72.95602279697688,73.21234709062614,325700
2007-12-10,73.65451049804688,73.81471257942319,72.78941534743116,72.78941534743116,530700
2007-12-11,71.1104965209961,73.57760745267329,71.06564013638302,73.57760745267329,584300
2007-12-12,72.10374450683594,73.68654171855383,71.552653891598,72.283174929471,520600
2007-12-13,70.76448059082031,71.21304457090386,70.2902836848776,71.12974122859713,437800
2007-12-14,68.11792755126953,70.19414517511157,67.93209254857368,70.19414517511157,1013800
2007-12-17,67.4066162109375,68.5088070986206,67.31049400301563,67.92566928914556,450000
2007-12-18,68.11151123046875,68.4190964605492,67.15670828233284,67.76547417989393,448500
2007-12-19,67.65654754638672,68.34221229323275,67.31051044671959,67.64372864141028,461500
2007-12-20,67.83597564697266,67.92568842925138,67.29128950057182,67.29128950057182,393200
2007-12-21,68.82279205322266,68.86123897538405,67.88721279846497,68.05381938714959,374100
2007-12-24,68.72669982910156,68.89331137941984,68.36143924235225,68.55368371494873,123500
2007-12-26,69.76480102539062,69.78402449205593,68.98301412113926,69.35468410659963,449800
2007-12-27,68.89969635009766,69.92499339373961,68.73949429815093,69.75197243980912,480300
2007-12-28,68.31016540527344,68.9958301068051,68.27171847084458,68.72669178784415,336100
2007-12-31,68.03462982177734,68.53445961480848,67.70141158941668,68.24609777697677,369100
2008-01-02,68.22044372558594,68.98300708539631,67.93848653930738,68.31015648686024,373900
2008-01-03,68.50242614746094,68.88691025013067,68.11153259120222,68.88691025013067,346200
2008-01-04,66.60559844970703,68.24606569441434,66.48384334080271,67.77186904817452,560400
2008-01-07,66.94523620605469,67.36176253108393,66.4646300361699,66.64405555735695,581800
2008-01-08,66.02886962890625,67.36175169907615,65.91993342127127,67.32970933731151,453900
2008-01-09,68.07946014404297,68.20762471431438,66.33005653839977,66.33005653839977,867800
2008-01-10,66.88755798339844,67.24641389897803,65.84304238012557,66.13140411379017,802500
2008-01-11,65.95838165283203,67.11824281484951,65.6892434089901,65.6892434089901,442600
2008-01-14,66.71454620361328,67.22078529948172,66.0096581179786,66.0096581179786,385700
2008-01-15,64.36917877197266,66.64404973286865,64.24101909346233,66.64404973286865,861500
2008-01-16,63.60662078857422,64.24742896326352,62.95299371256323,63.369520003906956,764100
2008-01-17,63.1837043762207,64.90107100533736,63.00427881465298,64.58707627259383,753200
2008-01-18,63.88857650756836,64.61909747500576,62.805613958425496,63.920618873622786,950400
2008-01-22,62.10072326660156,62.6902656207083,58.44811369568087,58.9030869182401,1348300
2008-01-23,63.60021209716797,63.90139272510395,60.23596913988705,60.87036787148891,1388700
2008-01-24,63.88857650756836,64.21539006320467,63.14524152709638,63.677113514136536,570200
2008-01-25,65.36244201660156,66.644058526731,64.84979345695818,65.83023419394956,688700
2008-01-28,65.49059295654297,65.58671515974784,64.51015723960568,65.36243327825538,629400
2008-01-29,66.52872467041016,66.52872467041016,65.8046129735122,66.47745882753776,462500
2008-01-30,67.1054458618164,68.05383940662527,66.29161658415732,66.73377587499539,637700
2008-01-31,69.41233825683594,69.78400815528661,68.16916888773177,69.08552473309634,1733400
2008-02-01,70.36075592041016,70.36075592041016,69.50847967626082,69.6366393854501,489800
2008-02-04,69.96986389160156,70.75165084509113,69.86092275867132,70.42483722425968,396000
2008-02-05,67.52194213867188,68.5728668896337,67.35533068625777,68.5728668896337,729400
2008-02-06,69.06631469726562,70.89261729264275,69.03427721708866,70.0531600217278,1096400
2008-02-07,70.73240661621094,70.99514032217284,69.67507700845191,70.64910331111444,1123000
2008-02-08,69.61100006103516,70.59784537572925,69.10476094505044,69.8801432479365,407100
2008-02-11,70.67475128173828,70.82213445976667,69.33545933016002,69.84169849738973,535400
2008-02-12,71.86666107177734,72.52028347074528,71.28993254975857,71.28993254975857,774900
2008-02-13,70.6298828125,71.62313262042022,70.008298056671,71.62313262042022,632900
2008-02-14,70.18131256103516,71.11048739300405,69.94421665379166,70.80930675398581,361600
2008-02-15,71.12332153320312,71.5462574155059,70.2390077188155,71.19381084692026,315800
2008-02-19,74.33377075195312,75.3526537112394,73.64169654056253,74.92972273026506,933800
2008-02-20,72.57154083251953,72.94961538727685,71.45012629426869,72.69970053844216,471500
2008-02-21,71.00800323486328,72.41137570909788,71.00159866858431,72.41137570909788,479600
2008-02-22,70.95669555664062,71.28350422511386,69.4892441626068,71.00795649804238,923000
2008-02-25,71.86024475097656,71.97559044435611,70.80291004316054,71.3283726710053,528100
2008-02-26,71.86024475097656,72.28958515284177,70.60426102805444,70.9374792039401,513000
2008-02-27,72.32804870605469,72.94962877170109,71.80258599299569,71.80258599299569,749200
2008-02-28,70.8541488647461,71.43087711173105,70.67472338545691,71.43087711173105,410900
2008-02-29,69.55975341796875,70.48251418471814,69.30342908149055,70.48251418471814,534000
2008-03-03,69.89936065673828,69.95062648684664,68.88047306149377,69.2072866172113,803800
2008-03-04,67.45148468017578,68.42551116889864,66.75300107378644,68.42551116889864,902100
2008-03-05,67.6693344116211,68.18198284743508,67.06697812186415,67.54758419707308,556700
2008-03-06,66.90679168701172,67.89363208908783,66.66969087462883,67.18233454091813,660100
2008-03-07,66.24032592773438,66.91317140661556,65.80457628423065,66.91317140661556,692700
2008-03-10,64.59346771240234,66.0993659858815,64.39481384836708,65.6892491340994,663200
2008-03-11,67.97053527832031,67.97053527832031,66.73377508026668,67.01573229297712,710900
2008-03-12,67.29769134521484,68.57930805624828,67.22079747149988,68.57930805624828,386000
2008-03-13,67.28487396240234,67.63732049589245,65.62518275137326,66.57998578440166,700400
2008-03-14,64.26024627685547,66.25316019363966,63.53613476228891,66.1634474356926,1261300
2008-03-17,63.56816482543945,64.41403136527308,62.709484274098706,63.02988834053535,954200
2008-03-18,65.74693298339844,65.81742229006974,64.26025786911386,64.3371566279315,675600
2008-03-19,64.61909484863281,66.3620938892126,64.55501500810706,65.36884413861732,785000
2008-03-20,66.10578918457031,66.32366166846185,64.02956669053582,65.29195987361186,560700
2008-03-24,67.97053527832031,69.22010949105201,67.23360476535936,67.28487060203022,845700
2008-03-25,68.5344467163086,68.72669116466867,67.14389385863959,68.5344467163086,409000
2008-03-26,67.69578552246094,69.2808338229971,67.61133809646337,68.20897747150543,369500
2008-03-27,66.42906188964844,67.55938091336817,66.38358942766335,67.55938091336817,432700
2008-03-28,67.42296600341797,67.97513304955055,67.11115128397886,67.35150856679915,1684000
2008-03-31,65.53910827636719,65.82493806944527,64.83103623313168,65.14934353061469,778100
2008-04-01,67.0916519165039,67.20858179607842,65.6755033554909,65.73397077334114,1421500
2008-04-02,66.20819091796875,67.09815760785712,65.81192877515271,67.02020269322679,1134300
2008-04-03,64.9869155883789,66.38357658796404,64.82451326182542,66.38357658796404,1080600
2008-04-04,63.648746490478516,64.10347119731965,63.36291669981974,64.01252625595143,1236400
2008-04-07,63.31740951538086,63.81111389508335,63.14201225595536,63.66170159839218,1166200
2008-04-08,62.64186096191406,63.17454069549728,62.40150359871208,63.17454069549728,813200
2008-04-09,61.84280776977539,62.94714663188359,61.771350345210266,62.94714663188359,738400
2008-04-10,61.97923278808594,62.5184048021615,61.719388047110584,62.08316771080035,2826700
2008-04-11,62.375484466552734,62.622339179047636,61.71938262448922,62.622339179047636,749400
2008-04-14,62.193603515625,62.92116783891285,62.070181097910975,62.92116783891285,509100
2008-04-15,62.57686996459961,62.6223424209197,61.875290676124486,61.88828068244764,541600
2008-04-16,63.648746490478516,63.82413888993792,62.64834717930041,63.22000180449035,667600
2008-04-17,64.03199005126953,64.24636231492396,63.336908281705085,63.336908281705085,558500
2008-04-18,65.96784210205078,66.2276819190089,65.20779527345513,65.27925270995667,769900
2008-04-21,67.37748718261719,67.52040204237063,66.26015823122802,66.58496292843992,554000
2008-04-22,65.32471466064453,66.05877639818436,65.03888991676384,66.05877639818436,560200
2008-04-23,65.07786560058594,65.11684057605642,64.34380881117738,64.79853337875329,378600
2008-04-24,65.02589416503906,65.41565877914613,64.23986745568746,64.51919967108728,517300
2008-04-25,66.29911041259766,66.52647758736897,65.61702375665766,65.61702375665766,518700
2008-04-28,66.23416900634766,66.64342111434199,65.88337936115565,65.88337936115565,308800
2008-04-29,66.1302490234375,66.45505377314764,65.71449934029867,65.71449934029867,283800
2008-04-30,65.93534088134766,67.02668465280118,65.71447610856708,65.71447610856708,569600
2008-05-01,66.95523834228516,67.13063069351881,65.62353713592773,65.62353713592773,506300
2008-05-02,68.17000579833984,68.29992568402818,67.11113940108878,67.11113940108878,863600
2008-05-05,68.28693389892578,68.42984378700952,67.62432961324974,68.17649654722922,572300
2008-05-06,68.63772583007812,68.79363068529558,67.81271918579517,68.31941368234641,482000
2008-05-07,68.0530776977539,69.23536653047746,67.8516954267089,68.6507171173447,355600
2008-05-08,65.32471466064453,66.90326557964583,64.47372799796672,66.90326557964583,853800
2008-05-09,65.81193542480469,66.34461500495095,65.01941105909576,66.27315756501805,683600
2008-05-12,66.00682067871094,66.01981068781568,65.42217114645611,65.6365434676374,420200
2008-05-13,65.83792877197266,66.26017598269576,65.46765151619681,65.93537119846687,309900
2008-05-14,65.46113586425781,66.0003128459015,64.98042630473427,64.98042630473427,234200
2008-05-15,67.63734436035156,67.63734436035156,66.2601704069042,66.2601704069042,649500
2008-05-16,66.17570495605469,66.84480178030242,65.80542783214449,66.7083844142435,662200
2008-05-19,68.3454360961914,68.85862835508264,67.92968628374535,67.92968628374535,592000
2008-05-20,67.04620361328125,67.52042078353129,66.77336878136477,67.52042078353129,511400
2008-05-21,65.0843734741211,66.38359239593287,65.0843734741211,65.88339033560429,599000
2008-05-22,65.27276611328125,65.86390819352593,64.64264409205042,65.60406339683637,567900
2008-05-23,64.23988342285156,64.94796035905361,63.98653611290486,64.94796035905361,754900
2008-05-27,64.46073913574219,66.22117991103805,63.72667738517386,66.22117991103805,846000
2008-05-28,63.52533721923828,63.967072041725814,62.81726002378033,63.14206489454678,1063800
2008-05-29,64.44775390625,64.64913125280937,63.83062690194602,64.161924158003,488400
2008-05-30,66.29264831542969,66.45505068273243,65.68201382841076,66.05229102761594,409900
2008-06-02,66.59146881103516,67.70230042090314,66.32512654677998,66.92926355805488,424000
2008-06-03,66.44855499267578,67.37749675694936,66.20819769837875,66.32512760423582,469200
2008-06-04,67.96212005615234,68.28692467416012,67.55936054561765,67.95562257607715,850300
2008-06-05,69.33931732177734,69.39128727175715,68.28045561060678,68.43636050441896,944700
2008-06-06,66.6759033203125,68.59874640252336,66.58495840775784,68.59874640252336,619800
2008-06-09,66.64344787597656,67.42947986977444,66.1692356335109,67.27356999410833,357700
2008-06-10,65.99382019042969,66.42256479691045,65.08437094539778,65.08437094539778,536500
2008-06-11,65.90935516357422,67.28652858396715,65.82490774367348,66.9162515026711,574000
2008-06-12,65.48712158203125,66.22118337095273,65.23377431424682,65.55857901203468,435100
2008-06-13,66.72137451171875,67.22157647741282,65.61054313846597,67.22157647741282,421600
2008-06-16,67.42945861816406,67.42945861816406,66.77984920934216,66.94225156154764,518000
2008-06-17,67.08517456054688,67.81923650769458,66.90978216663139,67.23458693443057,435700
2008-06-18,66.55247497558594,67.79323119532532,66.13672539400727,66.98121951940979,793400
2008-06-19,66.35761260986328,66.53950248015475,65.4546557851111,66.53950248015475,621000
2008-06-20,63.473350524902344,65.3507217867455,63.16154070656223,65.21430437170572,873000
2008-06-23,63.56427001953125,64.31781919839472,63.265450331538204,64.31781919839472,515800
2008-06-24,62.2520751953125,62.99912705898614,62.031205403663584,62.88868968509827,858200
2008-06-25,63.103065490722656,63.94106232793788,62.13514873789936,62.68081833080578,765400
2008-06-26,61.388092041015625,62.674320912094565,61.38809204101563,62.674320912094565,981500
2008-06-27,61.27766036987305,62.35600947549714,61.00482559140359,62.35600947549714,710500
2008-06-30,61.06329345703125,61.71290296189329,60.93337353850973,60.99833349777049,522100
2008-07-01,60.8424186706543,61.0308010349154,59.72508971173613,60.86190615963811,1298400
2008-07-02,59.3742790222168,61.45302638002048,59.25085169417936,60.43963766260676,1127100
2008-07-03,59.764068603515625,60.27726065691146,59.26387151437761,59.50422383575326,367000
2008-07-07,60.52412033081055,60.96585502120754,60.121365583417216,60.186325546919925,632600
2008-07-08,60.30971908569336,60.660508667835764,59.73156726219712,60.290231601595195,525900
2008-07-09,59.426265716552734,60.8034343712173,59.35480829132474,60.40717226990788,637800
2008-07-10,60.15382385253906,60.569573433370905,59.37429462751086,59.97193403044088,645200
2008-07-11,58.8026237487793,59.91995238752482,58.2114819424488,59.43924295787558,785800
2008-07-14,58.05561065673828,58.80915520154059,57.81525332500136,58.78966770688341,616600
2008-07-15,57.31504821777344,57.81524535078654,56.55500133807837,57.49044060162482,1599000
2008-07-16,58.93906784057617,58.971545339544136,56.94476701847701,57.17212933575995,1001900
2008-07-17,58.49732208251953,58.822126747150676,57.81523030434378,58.34790975609382,1178200
2008-07-18,58.003631591796875,58.347923826349785,57.56189694313179,57.7827617894008,495300
2008-07-21,57.99062728881836,58.458346836341526,57.60736013278627,58.4258693409518,473500
2008-07-22,60.32921600341797,60.36169349395026,59.04298744010143,59.36129460162085,840100
2008-07-23,59.712100982666016,60.41368039609108,58.984541551967645,59.205406391679105,900300
2008-07-24,60.537105560302734,61.362107371960384,60.322733254708986,61.14124254034991,896400
2008-07-25,59.647125244140625,60.58256421451636,59.471732915257974,60.0953572434666,592400
2008-07-28,57.516414642333984,58.984533217168966,57.341017335698744,58.984533217168966,560900
2008-07-29,58.49083709716797,58.60776699966047,57.17213067002457,57.17213067002457,517800
2008-07-30,57.84772491455078,58.34142454016968,57.38649783242029,58.01012728100811,503200
2008-07-31,55.898887634277344,56.61995442325468,55.60006296608984,55.70400284304655,930400
2008-08-01,55.268760681152344,56.39258199975829,55.00891596876274,55.86640005036046,623100
2008-08-04,53.68372344970703,53.98254319583885,53.319943751133806,53.98254319583885,803200
2008-08-05,55.9378662109375,56.20420348956319,54.242385268915996,54.242385268915996,949800
2008-08-06,56.15872573852539,56.470540403964236,55.28825159755716,55.372699027969816,1008100
2008-08-07,55.80144500732422,56.36660197852349,54.48273879969111,54.8205334861478,953300
2008-08-08,58.68571853637695,58.98454326107456,56.18472300862988,56.405592810868065,1133600
2008-08-11,59.98491668701172,60.543581047078945,58.76365306246668,58.76365306246668,1121900
2008-08-12,59.51072311401367,59.87450282618443,58.893596108563024,58.893596108563024,847300
2008-08-13,58.81563949584961,59.478238946246584,58.44536231201344,59.406781511109195,756400
2008-08-14,58.20499801635742,58.87409486821887,57.821730870582854,58.39338532663049,640900
2008-08-15,59.05599594116211,59.361308211568065,58.58827635635697,58.9780410249857,380100
2008-08-18,58.95206832885742,59.653647852159104,58.62076606127702,59.62766287468929,421900
2008-08-19,57.763267517089844,58.464846868988054,57.496930236316885,58.14004216416034,492800
2008-08-20,57.289066314697266,57.50993117702802,56.72390423664855,57.17213640048469,1234300
2008-08-21,57.36050796508789,57.496925334750884,56.66542615425681,57.126648201058174,602400
2008-08-22,57.724300384521484,57.87370779361928,56.56799627114693,56.61996622045363,613400
2008-08-25,57.282562255859375,58.60776614609849,57.172129837371166,58.60776614609849,570000
2008-08-26,58.0685920715332,58.25697941887755,57.58788243534973,57.58788243534973,447800
2008-08-27,57.165626525878906,57.367003851543735,56.54200210396812,56.87979680728908,619900
2008-08-28,57.620365142822266,57.75678750980986,57.21111291024214,57.42548525136259,658700
2008-08-29,58.19849395751953,58.68570092539926,57.84121182141641,58.354403755651454,598400
2008-09-02,57.70478820800781,59.04298161538551,57.45144100867175,58.127035192276274,793600
2008-09-03,58.49083709716797,58.61426448205642,57.86721260258361,58.20500734526921,834700
2008-09-04,57.1396484375,58.86111452576294,57.061693516824675,58.20500757276139,1051300
2008-09-05,57.698307037353516,57.84122189914518,56.50302811350765,57.165627524574134,943200
2008-09-08,58.90009307861328,59.198912858459664,57.86071885390254,58.575288323633224,703800
2008-09-09,58.516822814941406,59.751081811144545,58.48434035867541,59.04950238726567,743800
2008-09-10,59.30284881591797,59.89399085349017,58.809144233459314,59.18591891365478,1284600
2008-09-11,59.744571685791016,59.74457168579101,57.83471864365083,57.83471864365083,392000
2008-09-12,59.06247329711914,59.32231799484043,57.217585359936216,57.97762701196755,1065600
2008-09-15,56.4445686340332,57.16563557010078,55.95736151269712,56.4445686340332,1068400
2008-09-16,57.555381774902344,57.81522648064722,55.61305139658227,56.37309307208245,855800
2008-09-17,54.502220153808594,56.327620663758545,54.164420549241896,56.327620663758545,952900
2008-09-18,56.28214645385742,57.10065551737398,54.53469594098785,55.97682930561809,980700
2008-09-19,59.34182357788086,59.38729604214084,57.50342760427717,57.50342760427717,679000
2008-09-22,57.50342559814453,59.67962119272412,57.17862087729704,59.445761397223784,649000
2008-09-23,57.022727966308594,58.12056973913662,56.3536308939203,57.89320737805241,659000
2008-09-24,57.328025817871094,58.29594237314308,56.84081879958891,58.08157505175474,657200
2008-09-25,59.625946044921875,60.4760462573836,57.919144198327515,57.919144198327515,1083900
2008-09-26,59.81047058105469,59.929090046721264,57.912559130389475,58.02459225688667,516900
2008-09-29,55.065696716308594,57.286514746446606,53.87950709310885,57.286514746446606,1176600
2008-09-30,56.54185485839844,56.79227151090587,55.322708321433495,55.355660130226106,912100
2008-10-01,55.28974914550781,56.13985433883111,54.4528216561033,54.4528216561033,721300
2008-10-02,51.86957931518555,54.3671749876438,51.62574896282999,54.3671749876438,1078700
2008-10-03,51.467586517333984,53.12166788262288,51.38851021520638,51.65869596037649,1773600
2008-10-06,48.357120513916016,49.780554164893125,46.78871197870091,49.589444737989346,1382900
2008-10-07,45.167564392089844,48.1066845138543,45.15438166299111,48.1066845138543,1437200
2008-10-08,44.31747055053711,44.94351459182816,41.259730233730345,42.208685858856335,2805300
2008-10-09,41.1213493347168,46.643733726628305,40.85774994244331,44.38996872678344,1866900
2008-10-10,40.36349868774414,41.305863021481876,37.5693549786041,40.68640778334883,2139700
2008-10-13,45.81340026855469,46.432858125013865,42.18892222419072,42.8281491564534,1665200
2008-10-14,46.623958587646484,49.26653347861445,45.48389350114244,48.23191014640099,1396600
2008-10-15,41.9846305847168,46.62396258914183,41.51674407231004,46.62396258914183,1654900
2008-10-16,44.2713508605957,44.6865165247901,41.1279396829898,43.99457375113276,1808600
2008-10-17,44.21861267089844,45.95836100349035,42.68974277171952,43.72436587123622,973400
2008-10-20,48.007850646972656,48.007850646972656,45.59592825044022,46.544878934248835,986100
2008-10-21,47.42793655395508,49.213814870748436,46.73598883580076,48.00785114607483,1128900
2008-10-22,44.77876663208008,46.749167871524065,43.96820454060743,45.945192118672594,1271300
2008-10-23,45.4707145690918,45.80021250075188,43.098330466687074,44.89738635801705,1258500
2008-10-24,43.55302429199219,44.69968045345617,42.254806959694626,42.82813001268833,850600
2008-10-27,40.96977233886719,43.16422980910192,40.85774424678349,43.16422980910192,827200
2008-10-28,46.7755241394043,46.8546004177244,42.3075283879772,44.30428988712201,990200
2008-10-29,47.230228424072266,49.21380721691658,46.78870243870244,47.01275860044628,997600
2008-10-30,49.25334930419922,51.89592411783975,48.74592470280791,51.46757580211287,1995200
2008-10-31,50.14299774169922,50.544985659946256,48.436200701715826,49.79373070434292,1091700
2008-11-03,50.51863098144531,50.96015705290729,49.80032279515432,50.24844023375842,826800
2008-11-04,52.9437141418457,53.1414148704734,51.40166655840789,51.98817235153476,1364200
2008-11-05,52.96349334716797,55.19089730296119,52.917363843069076,54.69665046144213,1891700
2008-11-06,44.21202850341797,47.23023065803539,42.70293245384852,47.23023065803539,2215400
2008-11-07,45.15439987182617,46.129716081176674,44.08023829306519,45.45095106327777,2156000
2008-11-10,45.569580078125,46.294474762812996,44.60744640168586,46.12972574230477,1284000
2008-11-11,43.17082595825195,44.5810768846549,42.32072058206212,43.92867230394739,1100400
2008-11-12,41.62877655029297,43.22354568037453,41.312458768637214,43.22354568037453,1601500
2008-11-13,44.640380859375,44.640380859375,40.79843606948903,42.175737601079064,2047500
2008-11-14,41.96486282348633,43.61235271915125,41.80011383391984,42.208693138031194,1240100
2008-11-17,41.42448425292969,42.52500624116054,40.69299837386849,41.19383417082871,1348200
2008-11-18,41.68149948120117,42.0044086465261,40.38327647948255,41.562879993030414,977900
2008-11-19,39.38159942626953,41.51674754918779,39.210261574232916,41.154300255897496,1561200
2008-11-20,39.401363372802734,40.85774363116555,38.636928269935716,40.13943803774027,2560000
2008-11-21,41.96486282348633,42.221870844990846,39.53975749595797,42.17574132902183,2023700
2008-11-24,44.21861267089844,45.00941056700104,42.188904606961714,42.511816136046036,1759700
2008-11-25,43.31580352783203,44.020928952885846,42.188916093384165,43.203770401658396,1175900
2008-11-26,42.926998138427734,43.22354432111868,41.081809879859875,41.319048837108774,1434500
2008-11-28,41.5826301574707,41.846229458822,40.917045566669074,41.61558195554155,572500
2008-12-01,38.590789794921875,40.75888377659216,38.485350581569726,40.75888377659216,1318900
2008-12-02,40.824790954589844,41.325626664361025,39.473850046125285,40.13284585648551,2149800
2008-12-03,40.76548767089844,41.009315455366156,38.94665753921349,39.460676061926144,1392200
2008-12-04,38.48535919189453,39.56611199901799,38.18881055241073,38.742367174823926,2191500
2008-12-05,38.33378601074219,38.47217704481158,36.514958636184275,37.81977007064595,1638000
2008-12-08,39.65837860107422,40.17898603285059,38.8807631372202,38.8807631372202,1369900
2008-12-09,39.02574157714844,39.842895160231585,38.8807616614301,38.99938113540509,1378300
2008-12-10,41.780338287353516,41.81328757738857,40.7127631903559,41.272911176430625,1273800
2008-12-11,42.51182556152344,43.48713664689704,42.01098728572265,42.94676022723341,1691000
2008-12-12,41.648536682128906,42.09006267863872,39.42113008764068,41.002721074683,1218600
2008-12-15,43.2960319519043,44.10000781623405,42.70293961843884,43.9154897544679,1372200
2008-12-16,45.95835876464844,45.984719196008236,43.59256661216165,44.15930331705173,2258900
2008-12-17,45.1214599609375,45.464135691792436,44.739241048557936,44.83809146075828,1101700
2008-12-18,43.190589904785156,45.12144800417468,42.90063011323167,44.04069518005284,1713300
2008-12-19,42.42615509033203,43.85618004334487,41.93849952223345,43.427831694131065,1485300
2008-12-22,40.119667053222656,41.648537186056366,39.63860039636175,40.82479239406106,1689800
2008-12-23,39.78357696533203,40.64686239486826,38.84780410721741,40.264643612458926,1151600
2008-12-24,40.25147247314453,40.34373150080923,39.744045307118725,40.34373150080923,589400
2008-12-26,41.945091247558594,42.0241700539506,41.4376640882925,41.852829707252994,480700
2008-12-29,42.17573928833008,42.88745609547823,41.68808119670598,42.88745609547823,1084300
2008-12-30,42.55795669555664,42.62385528042198,42.00440003553026,42.18232923131051,853900
2008-12-31,43.12470245361328,43.388296847342026,42.55796545716307,42.57114316575319,515800
2009-01-02,43.7375602722168,44.020928714079126,42.97971397163246,42.99948304445591,677200
2009-01-05,43.24332046508789,43.86936467042484,43.01925920478142,43.28285861724878,1004200
2009-01-06,43.76392364501953,44.080238886874284,43.13128310582979,43.40147385983167,1228500
2009-01-07,43.849586486816406,44.36360246910967,43.49372810805809,44.251574376094894,1048000
2009-01-08,45.062137603759766,45.062137603759766,44.304296344790245,44.798543267286725,1008800
2009-01-09,43.84299850463867,44.44268721543258,43.38170336382793,44.35701452661062,799200
2009-01-12,43.24332046508789,43.94185463454688,42.64363167603113,43.94185463454688,918500
2009-01-13,41.945091247558594,42.23504603303931,41.56946377485914,42.169149960560894,923100
2009-01-14,40.95001220703125,41.98463575546336,40.541435379248774,41.98463575546336,1249300
2009-01-15,42.123016357421875,42.498643816067066,41.02908327342767,42.01757711488761,1444200
2009-01-16,43.869354248046875,44.34383207221468,42.716111491759904,44.03410321323073,1126800
2009-01-20,43.41464614868164,45.167577577935525,43.2564885474918,44.80512783798017,1186500
2009-01-21,44.49539566040039,44.581068334957905,43.124688172610384,43.83639983882744,1423800
2009-01-22,41.226783752441406,41.562870549986364,40.44257703505348,41.5035608193761,1526200
2009-01-23,41.23996353149414,41.477199937531935,40.198748830537475,40.92364329570417,1802300
2009-01-26,41.24655532836914,41.701261614735465,40.7984378951951,41.18065674096648,1073300
2009-01-27,43.691429138183594,43.91548532552032,43.09833183679286,43.75732772106266,1280500
2009-01-28,44.640380859375,45.03577739383717,44.264753397474976,44.37019515479274,882900
2009-01-29,42.90061950683594,44.54810877382456,42.795182808172555,44.54810877382456,1240900
2009-01-30,41.85282516479492,42.9731186082164,41.47719773286385,42.86768188705049,1010000
2009-02-02,42.09665298461914,42.386610235598624,41.351987016533556,41.483786681113145,975800
2009-02-03,43.223533630371094,43.38828258617109,42.267991697826794,42.419562949368,860500
2009-02-04,44.10659408569336,45.20711598955813,43.93525375053959,44.291112126133015,1212800
2009-02-05,45.34551239013672,45.53003046260167,43.82982463221721,44.3306579638391,1460400
2009-02-06,45.72113037109375,46.12970960904575,43.21035778553514,43.40146718581562,1535800
2009-02-09,46.88096618652344,47.118205103951304,46.09017314692356,46.0967594857069,954000
2009-02-10,44.31089782714844,45.93861905261982,44.18569198285623,45.727740494729275,876000
2009-02-11,44.41632843017578,45.14122297606826,44.05387864335947,44.96329628019307,915000
2009-02-12,44.45586013793945,44.45586013793945,43.19058929266636,44.10000177000526,1567000
2009-02-13,43.131282806396484,43.98797955030749,42.85450571476003,43.83640826998844,1514100
2009-02-17,41.813289642333984,42.70293560043375,41.58923093961291,42.676575161556016,1020200
2009-02-18,43.513511657714844,43.928682418270334,43.223551764976555,43.506920288950454,1320000
2009-02-19,43.50690460205078,44.831487692590535,43.32238656510781,44.31088035822179,722000
2009-02-20,42.66339111328125,42.90063002812904,41.701257748727215,42.498642146178035,1335600
2009-02-23,40.79184341430664,42.834729508389685,40.68640418068693,42.1296041622073,896300
2009-02-24,43.92866897583008,44.11977336184713,41.93849854825271,42.702936203279705,1657900
2009-02-25,43.190589904785156,44.126362833130244,42.511824963411755,43.49372740152767,1107900
2009-02-26,41.253143310546875,42.702937341494426,41.0093155256612,42.320718503793174,1821400
2009-02-27,41.60900115966797,42.28117980024381,41.29268342601867,42.28117980024381,1312800
2009-03-02,39.97468185424805,41.31244241427163,39.77039226798263,41.114744193233406,1127900
2009-03-03,40.20533752441406,41.187242491514475,39.421133332368754,40.85774455158236,2037800
2009-03-04,40.16579818725586,40.692994372711375,39.77039916276194,40.56778606424997,1183000
2009-03-05,38.67647171020508,39.73745560042002,38.030655975698174,39.37500832779177,1309100
2009-03-06,38.386505126953125,39.21024987216671,37.53639994656403,38.94665054815058,1568700
2009-03-09,38.01087951660156,38.5248954574144,37.42437363257264,38.45240551419832,1227200
2009-03-10,39.65837860107422,39.84289667254121,38.241536226966424,38.300845966205124,1062300
2009-03-11,39.28932189941406,39.79674887676669,38.88733413074062,39.15093340937308,1325500
2009-03-12,39.38818359375,39.539752342732776,38.08996092072529,38.478768585983616,895000
2009-03-13,39.79676055908203,40.32395675723606,39.0982265392291,40.32395675723606,714300
2009-03-16,39.842891693115234,41.035675182570245,39.75063266891195,40.19216123114607,1073300
2009-03-17,41.1213493347168,41.1213493347168,39.658377483952165,39.8824362132236,1018500
2009-03-18,41.69466781616211,42.109835906391964,39.79017020799879,40.67981360176453,1034200
2009-03-19,40.98954391479492,41.7605678816433,40.824794946097086,41.7605678816433,766700
2009-03-20,39.935150146484375,40.95659579265698,39.816530684527166,40.528247456270414,647900
2009-03-23,43.08513641357422,43.08513641357422,41.338799342935204,41.556269127349694,1039100
2009-03-24,41.905548095703125,42.67657458225687,41.734210273063276,42.49205654035707,981800
2009-03-25,43.473960876464844,44.060466832652565,42.44592886835868,42.9731225783727,1532900
2009-03-26,44.690677642822266,44.82394138494406,43.57124492446715,44.41748544636682,1521300
2009-03-27,43.70450210571289,44.61737436163399,43.43797466148014,43.99102368357972,633200
2009-03-30,42.33186340332031,43.278048979831716,41.97870998981146,43.17810373727998,999500
2009-03-31,42.178611755371094,43.371338353619585,42.07199925100691,43.371338353619585,1180600
2009-04-01,45.24372863769531,45.56356362968354,43.91107097581142,44.09097752334411,2482900
2009-04-02,47.795772552490234,48.46876105756227,46.34983502675316,46.636356647021515,2072500
2009-04-03,50.04796600341797,50.20121880942607,49.06846166949584,49.121769203623124,1854200
2009-04-06,49.08843994140625,49.55487313703668,48.5287262070719,49.42826904221504,1202200
2009-04-07,48.795257568359375,49.195053809562054,48.32215967282127,49.068449717768615,849500
2009-04-08,50.427764892578125,50.78091835092858,49.91469394215463,50.374457367325306,1302900
2009-04-09,52.766578674316406,52.85319958716459,52.1069095098698,52.14022798294962,943400
2009-04-13,52.446754455566406,52.606671990535155,51.480579448701484,51.6538213267148,781800
2009-04-14,50.54104232788086,51.17405778649554,50.281174482704905,51.134074598532216,875300
2009-04-15,51.380615234375,51.427258047989554,50.5410395056276,50.55436892876628,551400
2009-04-16,51.10075759887695,51.41393295010578,50.23452812031576,50.53437404860253,1032000
2009-04-17,51.400604248046875,52.35345465435359,51.000807976829,52.35345465435359,828800
2009-04-20,50.50106430053711,51.96698574138779,50.24119645496527,51.96698574138779,915100
2009-04-21,50.954166412353516,50.99414451534972,49.84139848701801,49.84139848701801,528000
2009-04-22,52.16688919067383,53.05310783076408,50.72761635410446,50.72761635410446,1221800
2009-04-23,53.30630111694336,53.30630111694336,52.19353330121157,53.28631206741411,1218100
2009-04-24,53.9193229675293,54.5723274003945,52.59999484687595,53.3129664290049,1865500
2009-04-27,52.36677169799805,53.299632923329376,51.99362924133939,52.04027204842172,711900
2009-04-28,51.26067352294922,51.82038726097435,50.82755879689539,50.98747628151897,892300
2009-04-29,52.19353485107422,52.799891400768715,50.987476295584216,51.24068448696701,1034200
2009-04-30,52.746585845947266,53.77939234953822,52.39342734112616,53.159706413909696,1408500
2009-05-01,52.75324630737305,52.90650415782731,52.346785360173655,52.80655382785148,875600
2009-05-04,54.36577224731445,54.45906296985345,53.286322688105734,53.29964702921928,936100
2009-05-05,54.79890060424805,54.938829097145906,53.71278606393385,53.71278606393385,780600
2009-05-06,55.66511917114258,55.93165175867753,55.00545495685042,55.81837197748695,1034000
2009-05-07,53.46622848510742,55.531847018675215,53.039778403997396,54.63896875000297,1260600
2009-05-08,52.75324630737305,53.119729156056096,51.65380284500886,52.58666411864166,1282300
2009-05-11,51.16739273071289,51.6071671258686,50.83422830747633,51.44058491425032,906600
2009-05-12,51.34062957763672,51.69378298356458,50.70761424751736,51.38060767379922,708800
2009-05-13,49.0018196105957,50.47440561996092,48.49540830899658,50.38111999646703,1634300
2009-05-14,48.98849105834961,49.468248606947675,48.30883792029254,48.848562620622715,712400
2009-05-15,49.57486343383789,50.20120904510495,49.07511683689131,49.56819872244673,565500
2009-05-18,50.954166412353516,51.114083908023844,50.04129408568455,50.04129408568455,806500
2009-05-19,51.1873779296875,51.793739574504464,51.02746044200341,51.793739574504464,539400
2009-05-20,50.82088851928711,52.03360656919942,50.69428952118202,51.780403489304625,949800
2009-05-21,50.52772521972656,50.99415344867781,50.127928868670296,50.48774202604044,840900
2009-05-22,50.187889099121094,50.90086076982626,50.14791099464524,50.65431726362514,494700
2009-05-26,51.833717346191406,52.18020608125315,50.30782380227874,50.94083412128364,807700
2009-05-27,51.24068069458008,52.49337688518626,51.00746665426574,52.49337688518626,482100
2009-05-28,52.979793548583984,53.23299661101906,52.240168324144065,52.44006387332409,905000
2009-05-29,53.4062614440918,53.506211794130344,52.426757164348814,52.88652572431454,721600
2009-06-01,54.45237731933594,54.80553068543929,53.792713388620555,53.95929554875867,1046700
2009-06-02,53.965965270996094,54.56566217642288,53.72608650882538,53.89933341121202,783100
2009-06-03,52.599998474121094,53.20635505445925,52.120240912187136,53.139723189454074,614800
2009-06-04,53.066429138183594,53.319632270726935,52.606660605503045,52.79323695355599,450800
2009-06-05,53.17305374145508,53.9260036460399,52.926510192882375,53.8327179971068,763700
2009-06-08,53.206363677978516,53.546192853374414,52.41343571363643,53.33296780058775,540300
2009-06-09,52.98647689819336,53.372948916798116,52.433427722533786,52.433427722533786,541800
2009-06-10,52.66663360595703,53.366275857437266,52.1202441451262,53.30630870031857,467000
2009-06-11,52.69328308105469,53.33962283482296,52.51337145697211,52.8065577577376,418500
2009-06-12,52.53337478637695,52.533374786376946,51.973660878622944,52.406775736015476,232500
2009-06-15,51.087440490722656,52.01363734472973,50.68097941566211,52.01363734472973,732900
2009-06-16,50.45441818237305,51.38061481929796,50.387786318274166,50.98081855101931,543800
2009-06-17,51.12741470336914,51.42059593935069,50.30782798415656,51.30732125536497,516300
2009-06-18,50.82088851928711,51.134063826650305,50.44774606814013,50.96748164900474,342800
2009-06-19,51.047447204589844,51.247347867999494,50.780914681272,51.17405129699496,600400
2009-06-22,49.7547721862793,51.26067675553128,49.52822282574975,51.26067675553128,814300
2009-06-23,50.07461166381836,50.4011113610394,49.84139759437476,50.234529156624625,602300
2009-06-24,50.680973052978516,51.507224525523995,50.32115484726083,50.55437402251768,564200
2009-06-25,51.75374984741211,51.89367826690741,50.47439994029681,50.67430058739561,611500
2009-06-26,50.86754608154297,51.400611238116305,50.72095799298709,50.84089739903179,595300
2009-06-29,50.30116271972656,50.50772811708024,49.87471266872342,49.87471266872342,542300
2009-06-30,50.32781982421875,51.07411000485703,49.91469916945898,51.07411000485703,694500
2009-07-01,50.174560546875,50.77425239841363,49.994648924465174,49.994648924465174,532400
2009-07-02,49.36830139160156,49.974663077106214,49.06179073477092,49.68814147211671,594000
2009-07-06,50.38111114501953,50.62098987291249,50.15455675370537,50.181210510547295,404100
2009-07-07,49.60818862915039,50.48774264574471,49.45493581647951,50.48774264574471,387800
2009-07-08,49.0817756652832,49.32164932607557,48.57536441764451,49.32164932607557,720800
2009-07-09,49.07511901855469,49.40161871964265,48.68198236796324,49.08178373024214,302600
2009-07-10,49.14841842651367,49.3016712183523,48.65533140695567,48.801924570408815,202800
2009-07-13,49.701454162597656,49.82805823949767,48.8285652122266,49.29499834183042,299500
2009-07-14,50.274505615234375,50.38112066274318,49.84139596486436,49.88803877722815,403500
2009-07-15,50.38111114501953,50.50105050896601,49.768089988708326,49.88136464252325,1275400
2009-07-16,50.287837982177734,50.53437639752651,49.92135508951664,50.247859878864006,494600
2009-07-17,50.174560546875,50.2678461719448,49.78142391235059,49.98132458532033,182000
2009-07-20,50.71427917480469,50.90085040260645,50.18121416649849,50.30781824980026,274000
2009-07-21,51.65380859375,51.707116120161224,51.07410576600588,51.533869201167505,397000
2009-07-22,51.58051300048828,51.95365548834254,50.8275582299015,50.8275582299015,299700
2009-07-23,52.799903869628906,53.23301869808362,51.54054257763773,51.62050388069728,842300
2009-07-24,53.346282958984375,53.46622234826032,52.40676197939402,52.40676197939402,372100
2009-07-27,53.226348876953125,53.40626052064887,52.63998129518433,53.40626052064887,329900
2009-07-28,53.53953170776367,53.5661854765986,52.64665332838338,52.659977670957545,284500
2009-07-29,55.052093505859375,55.17203290675742,53.57284258934538,53.57284258934538,788600
2009-07-30,56.218162536621094,56.717909135292075,55.33860872630758,55.82502590215024,1228400
2009-07-31,56.0915641784668,56.42472861167611,55.59181752865283,56.30478921237332,664400
2009-08-03,58.097198486328125,58.41703340173791,57.17766166623526,57.30426574058065,672600
2009-08-04,57.744056701660156,57.84400195549683,56.41805871899305,57.210991623999625,893000
2009-08-05,56.104888916015625,56.31145432297357,55.61847168695182,55.91165801703029,625600
2009-08-06,57.32426834106445,57.970608118534344,57.071065216190746,57.85066872597616,495200
2009-08-07,56.85116958618164,57.870651775346886,56.83784524780624,57.310938057250276,1081900
2009-08-10,56.49135971069336,57.66409992301881,55.97162401536894,57.66409992301881,490800
2009-08-11,56.74456024169922,56.851170200910154,56.16485238424367,56.804527390564424,450400
2009-08-12,56.67127990722656,56.99777967319044,56.2048465864488,56.68460424956353,661400
2009-08-13,57.23097610473633,57.344250772496196,56.63794392212883,57.30427267415387,305600
2009-08-14,57.13770294189453,57.57748245426966,56.71125285432921,57.43088928347795,383100
2009-08-17,55.77838897705078,56.07824001811393,55.55183960190984,55.83836121873774,403100
2009-08-18,57.210994720458984,57.324269403394936,56.36475424514779,56.51801211546778,501100
2009-08-19,57.724056243896484,57.88397879988733,56.34475597150536,56.34475597150536,317000
2009-08-20,58.257137298583984,58.33709859858895,57.68409402443051,58.29711540674337,375300
2009-08-21,57.53084182739258,57.890660087475325,56.977792636302816,56.977792636302816,380300
2009-08-24,57.13770294189453,57.71074620025156,57.024428249441314,57.43754891219682,328600
2009-08-25,57.704071044921875,58.070553905577356,57.35091760666393,57.384236078972656,347700
2009-08-26,57.91063690185547,58.09054343623012,57.61745061090475,57.61745061090475,504000
2009-08-27,57.82403564453125,58.07057922954958,57.09773940137398,57.804046585903045,277000
2009-08-28,57.47752380371094,58.070556029968216,57.21099126654596,58.070556029968216,231700
2009-08-31,56.76455307006836,57.03774523922655,56.531333919129544,56.837849646017354,330300
2009-09-01,56.37809371948242,57.50419128880567,56.15820394256962,56.997779855708885,487100
2009-09-02,56.098228454589844,56.28479972234737,55.69176744253848,56.018267161114146,372800
2009-09-03,55.291961669921875,55.90498289715556,54.89216035472305,55.77171409752765,766300
2009-09-04,55.904991149902344,56.08489770135187,55.00544822528342,55.00544822528342,340700
2009-09-08,55.851680755615234,56.02492766997211,55.41856601156575,55.77838417968292,319200
2009-09-09,55.47853088378906,55.74506338964614,55.2186630885917,55.37191584797234,347200
2009-09-10,56.94444274902344,57.05105776744411,56.138185736031694,56.311432599123336,321400
2009-09-11,55.94497299194336,56.55799435063227,55.74507737516358,55.86501169501985,321500
2009-09-14,55.378597259521484,55.518525723466546,54.97213620933935,55.2786469042218,365600
2009-09-15,55.118717193603516,55.30528843759373,54.64562437243258,54.64562437243258,371900
2009-09-16,54.94547653198242,55.158701561298685,54.47238365705215,55.14537722107892,830200
2009-09-17,55.045413970947266,55.351924560996586,54.712249623021755,54.87883179698451,332000
2009-09-18,55.69176483154297,56.48469268233764,55.52518262404279,56.48469268233764,220600
2009-09-21,55.09873962402344,55.365267123151376,54.93881702412325,55.125393390673466,323000
2009-09-22,55.231998443603516,55.73174508539051,55.17203128675823,55.53184439520142,697100
2009-09-23,54.8521728515625,55.305276525237105,54.678925983594084,55.305276525237105,1207000
2009-09-24,54.792213439941406,55.93163495269305,54.39241213692561,55.93163495269305,749900
2009-09-25,54.42047119140625,55.225709363730914,54.09838001811389,54.71572569987998,695100
2009-09-28,54.1050910949707,54.474159261057075,53.74944638194964,53.87023186180088,410200
2009-09-29,53.226036071777344,53.54142061569024,52.937493310276864,53.50116050184486,502600
2009-09-30,52.722755432128906,53.420626300545756,52.52144465717467,52.984456367842014,883900
2009-10-01,51.5618782043457,52.58855711971042,51.521618092994764,52.58855711971042,698000
2009-10-02,50.45469284057617,50.83046759643335,50.327195640033025,50.468111173479464,567900
2009-10-05,50.374168395996094,50.45469375351414,49.750110953985974,50.32719655066403,844800
2009-10-06,51.85041809082031,51.977915262467654,51.11899880400243,51.662530755474286,905300
2009-10-07,51.95108413696289,52.273180434713574,51.48807742835169,51.65583474353399,533700
2009-10-08,52.88382339477539,53.34012357446481,52.709359443385196,52.85698160543509,586400
2009-10-09,52.541587829589844,52.78315874849504,52.18593805708476,52.55500616084171,462000
2009-10-12,52.9643440246582,53.29314695545377,52.69593127481498,52.69593127481498,382700
2009-10-13,53.63535690307617,53.93061134937849,53.420627792914246,53.62864517851135,425000
2009-10-14,53.93061828613281,54.01785023851231,53.68233564075758,53.73601920508949,338700
2009-10-15,54.07152557373047,54.17888756650846,53.72929930263084,53.72929930263084,494500
2009-10-16,53.105255126953125,53.29314250027222,52.74961043894955,53.18578048103857,386800
2009-10-19,53.89036178588867,54.08496089846622,53.31327617467175,53.61524243331166,307000
2009-10-20,52.863685607910156,53.668923811809584,52.36712537654445,53.668923811809584,363100
2009-10-21,52.924076080322266,53.54142173001706,52.8234206740674,52.8234206740674,303400
2009-10-22,53.608524322509766,53.729309787671816,52.72276595117025,53.199196086102056,362200
2009-10-23,52.112125396728516,52.971041875597074,51.85041932251303,52.67578741615624,550500
2009-10-26,52.508033752441406,53.4676056922519,52.19264921620667,53.279718339485605,369800
2009-10-27,53.111968994140625,53.44077191070423,52.729482506022556,53.10525726780953,579200
2009-10-28,52.15910339355469,52.863681001075406,52.08528976997442,52.52816639190935,462200
2009-10-29,53.73603057861328,53.95075976184305,53.08513130207528,53.08513130207528,680700
2009-10-30,52.937503814697266,53.97760133149339,52.30673460170754,53.823262331882965,745500
2009-11-02,53.09183883666992,53.689054490356064,52.60198520634733,53.689054490356064,632100
2009-11-03,53.05829620361328,53.118691513770706,52.367136717939594,52.5818659282416,352600
2009-11-04,53.31998062133789,53.93732626826751,53.192483432683034,53.407212575943184,802300
2009-11-05,54.07152557373047,54.1721809616475,53.68232747087565,54.024553741975275,444100
2009-11-06,52.44764709472656,52.5482973836286,51.92423999470228,52.26646633560942,579800
2009-11-09,53.09183883666992,53.192489133714766,52.13897336175242,52.13897336175242,317700
2009-11-10,51.26662826538086,51.52832922524353,51.07874092184316,51.12571275772759,659900
2009-11-11,51.52833938598633,52.0047695637733,51.33374027907945,51.400842183639405,640700
2009-11-12,52.152400970458984,52.66909130813759,52.01819203112538,52.226214607205584,504300
2009-11-13,52.508033752441406,52.742892943399276,52.13896565268875,52.32014639967511,333600
2009-11-16,53.81654739379883,54.138643707895575,52.81671517804499,53.0113142878778,356600
2009-11-17,53.89036178588867,53.89036178588867,53.30656956770333,53.69576267331112,203000
2009-11-18,53.272987365722656,53.5548182930418,52.944184617183666,53.50784647182194,239000
2009-11-19,52.0114860534668,52.79658915976947,51.66925965345758,52.79658915976947,443700
2009-11-20,51.64911651611328,52.10541656075418,51.602144678556705,52.10541656075418,295400
2009-11-23,51.99134063720703,52.501319103589964,51.70950450420518,52.09870263871803,449600
2009-11-24,51.03177261352539,51.66253657906828,50.85730358837474,51.34044543060946,367800
2009-11-25,52.24632263183594,52.24632263183594,51.68265556347262,52.01817009097245,321500
2009-11-27,51.68266677856445,51.87055925515499,50.93782907586751,50.93782907586751,185600
2009-11-30,52.70262908935547,53.078403768213114,52.40737463051245,53.05156198835956,491800
2009-12-01,54.655330657958984,54.73585601142796,53.568266543635865,53.7293121310269,635500
2009-12-02,55.01097106933594,55.265960299126384,54.50098749020899,54.50098749020899,460600
2009-12-03,56.762359619140625,57.43338884335771,56.64157927354638,57.14485119170919,689800
2009-12-04,56.5677604675293,57.507197199740425,56.212110710853686,56.90998165445783,742900
2009-12-07,55.62833786010742,56.3329156530108,55.45386878396315,56.32620904513648,596300
2009-12-08,56.09803009033203,56.3664427463667,55.695413666052815,56.31275919125065,572500
2009-12-09,56.379886627197266,56.43357020664316,55.89003804351029,56.04437193498233,565300
2009-12-10,55.977264404296875,56.36646263690977,55.91016249649575,56.19199358098892,243500
2009-12-11,56.59461212158203,56.69526754656867,56.2456791171156,56.36646460319005,399500
2009-12-14,56.02421569824219,56.212103018974524,55.74909644132569,56.145001135790906,352200
2009-12-15,55.82292175292969,55.970548998613566,55.13846909013111,55.65516445002467,327400
2009-12-16,56.45366287231445,56.70194542312036,56.292617360206464,56.53418818814072,277000
2009-12-17,55.769248962402344,55.943718024605516,55.56793811220271,55.70885365952341,186000
2009-12-18,55.641746520996094,55.8162155668055,55.359915452836596,55.534384498646,259600
2009-12-21,55.26595687866211,55.62160148120334,55.14517143633247,55.54107614646834,245700
2009-12-22,55.970542907714844,56.06448657755467,55.43371754901924,55.6350283384166,340500
2009-12-23,56.198692321777344,56.45368156032011,55.90343785222008,56.11146037374734,202300
2009-12-24,56.97708511352539,57.01063349784315,56.70196071657182,56.72209077107166,156400
2009-12-28,56.73553466796875,56.96368219391937,56.48054023361482,56.594613996590134,131100
2009-12-29,57.07773971557617,57.0844514407672,56.7690669108909,56.7690669108909,151500
2009-12-30,56.6415901184082,56.72211036422115,56.29936371506016,56.29936371506016,106700
2009-12-31,56.47381591796875,57.14484507030461,56.47381591796874,57.14484507030461,223400
2010-01-04,57.09115982055664,57.15154998509826,56.84287719850045,56.86971897814539,258800
2010-01-05,56.21210861206055,56.29934567647028,55.70213015348593,55.809492153353105,466000
2010-01-06,56.930118560791016,57.08445753939563,56.50066025451753,56.601315664951244,390000
2010-01-07,56.22554397583008,56.259092368096006,55.76924386072704,55.76924386072704,377700
2010-01-08,57.5474739074707,57.63470587298803,56.701975560317,56.701975560317,351900
2010-01-11,57.84271240234375,58.0440232011489,57.27233863179085,57.79574056522872,326900
2010-01-12,60.05712127685547,60.10409312223425,59.41964550106526,60.010149431476684,906700
2010-01-13,59.849098205566406,60.10408746798512,59.45318830072117,59.71488928886179,293400
2010-01-14,61.016693115234375,61.25826406749872,60.070539365607836,60.070539365607836,558800
2010-01-15,61.1576042175293,61.65416441916755,60.73485764148485,61.65416441916755,596400
2010-01-19,61.5870475769043,61.714544739186394,61.03680394114628,61.03680394114628,275600
2010-01-20,59.96990203857422,60.882502473492565,59.64109393159969,60.87579074571497,415000
2010-01-21,60.67447280883789,61.39918573804395,60.1510707331494,61.177744823084154,553800
2010-01-22,59.16464614868164,60.245003621618075,59.05728413374059,60.245003621618075,528600
2010-01-25,58.8559684753418,59.37937041405222,58.547295668398384,59.305556795049846,331800
2010-01-26,58.23193359375,58.607708439375756,57.93667900387359,58.21180352981267,299800
2010-01-27,53.527992248535156,55.453847723491734,52.87709828311328,54.64190307838667,3481200
2010-01-28,52.11882781982422,53.481016043679865,51.420956956856934,52.44763575765158,4039700
2010-01-29,51.66925048828125,52.27317781659907,51.34044760046527,52.27317781659907,2530400
2010-02-01,53.64207077026367,54.078235613028234,52.856962790286225,53.00459001933405,2984200
2010-02-02,52.4610595703125,54.21244607534863,51.44109750677561,54.01113528092414,3520900
2010-02-03,49.313934326171875,51.15926462062042,48.24700035876395,50.796908239364946,18582700
2010-02-04,48.166473388671875,49.19985893308167,47.643071451013505,48.60935510179593,11087400
2010-02-05,50.13258743286133,50.199689324287675,48.36778260257237,49.045518361388424,7523700
2010-02-08,48.88447189331055,49.79036020966553,48.58922255258983,49.609184594212955,3695200
2010-02-09,50.058780670166016,50.68954979893617,49.75681955763176,50.32719339216695,4545800
2010-02-10,50.790199279785156,51.07874202632759,50.32718751637967,50.87743122844356,3013000
2010-02-11,50.998226165771484,50.99822616577149,50.29364336171497,50.96467265336986,2186600
2010-02-12,51.70279312133789,51.7229231747895,50.897555146453804,51.172679529080916,2364900
2010-02-16,51.00492858886719,51.65582770217605,50.8640130776683,51.49477701548051,1977600
2010-02-17,49.7568244934082,50.32048665793213,48.81738243298763,50.32048665793213,4396900
2010-02-18,49.28038787841797,49.656162605828754,48.642907043507016,48.9180314828947,3126600
2010-02-19,49.219974517822266,49.47496880599908,48.91130180225358,49.28707639172071,1994100
2010-02-22,48.93815612792969,49.29380075840149,48.79724062073592,49.10591341547647,1529100
2010-02-23,48.01213836669922,48.837501365193226,47.8041158461506,48.77711119827492,3823700
2010-02-24,49.87759780883789,50.04535509586919,48.522116062679146,48.595929678536606,5973500
2010-02-25,49.58906555175781,49.7232693619304,48.85764096353975,49.28039269272309,2399500
2010-02-26,50.21311569213867,50.293635918710784,49.72326212912374,50.125878620623624,1691300
2010-03-01,49.41459655761719,49.89102673966884,48.99855655434592,49.82392483450823,2749200
2010-03-02,49.937984466552734,50.29362907094704,49.56220980825623,49.797068969691544,1820400
2010-03-03,51.628990173339844,51.93095127655819,51.172690095879815,51.622278447621504,2881100
2010-03-04,50.60902404785156,51.44110399145528,50.226537585865614,51.360578639625196,3482600
2010-03-05,51.628990173339844,51.763193970426514,50.622446336549785,50.86401726694314,2295200
2010-03-08,52.300018310546875,52.30672491657909,52.018182151249555,52.07857744236562,1191700
2010-03-09,51.44781494140625,51.783329589704785,51.21966743794592,51.55518208624446,2457300
2010-03-10,51.23979187011719,51.39412572443777,50.944537373786765,51.39412572443777,1489000
2010-03-11,51.628990173339844,51.74306391281818,50.9982210640298,51.03848117924646,1042100
2010-03-12,51.66253662109375,51.98463288936108,51.51490937811899,51.971209438428914,839100
2010-03-15,52.400672912597656,52.474486541404566,51.67596519633879,51.91082441547578,1412600
2010-03-16,53.299842834472656,53.34681466776307,52.387242828076815,52.69591560677749,1434400
2010-03-17,53.212623596191406,53.34682740347565,52.816713661472825,53.34682740347565,1174100
2010-03-18,52.88382339477539,53.10526431717199,52.50804858310686,52.99790227935863,943100
2010-03-19,53.3870849609375,53.41392674501625,52.67579560126458,53.3870849609375,1202600
2010-03-22,53.80982971191406,53.93732177039065,52.91064797980737,53.03814515783014,1248900
2010-03-23,55.25926208496094,55.25926208496094,54.19232795044195,54.31311342977875,2021600
2010-03-24,54.7425651550293,55.333069027304795,54.41375715020225,54.93716424373918,1172400
2010-03-25,53.90376281738281,54.59492189413947,53.816525767607004,54.20572383087323,1107600
2010-03-26,54.66261291503906,54.99431029654284,54.42568621396494,54.6964618000274,774000
2010-03-29,54.81832504272461,54.831861501528465,54.398622515179504,54.69647625502545,601100
2010-03-30,55.001102447509766,55.28541459911503,54.858946371707134,54.933409815882335,707700
2010-03-31,54.43923568725586,54.703240526529235,54.337694172623955,54.64908952805939,839400
2010-04-01,54.48660659790039,54.93338707802157,53.98567513366133,54.10075307625693,1513000
2010-04-05,55.00786209106445,55.271866916038675,53.8435304708624,54.83185715287641,2937700
2010-04-06,54.723541259765625,55.09585838073707,54.52723423010652,54.77093177026686,1190600
2010-04-07,54.10076141357422,54.51369307321968,53.870605492914336,54.50692226243103,1010100
2010-04-08,53.80290985107422,53.91798780492806,53.33582206063614,53.714904809620606,760800
2010-04-09,54.10076141357422,54.290302798733045,53.60660068292664,53.8029128788741,579500
2010-04-12,53.85029602050781,54.263227663247655,53.79613986564664,54.080451931745,865900
2010-04-13,53.49828338623047,53.54566872810696,52.98381027113219,53.464439664670074,1595600
2010-04-14,54.3782958984375,54.3986031617266,53.701359577524634,54.00597885608972,1949600
2010-04-15,54.195533752441406,54.317382527261366,53.863836318337555,54.019533983513554,1064300
2010-04-16,53.72846221923828,54.29708650981257,53.62014987934796,54.141393976991026,1422700
2010-04-19,53.51860427856445,53.72168731809387,53.031209115386815,53.36291175759263,939100
2010-04-20,53.315521240234375,53.775838275920286,53.254594268429614,53.72168211534177,817700
2010-04-21,52.86197280883789,53.274904518275456,52.685973024033956,53.16659735567427,1067600
2010-04-22,52.25950622558594,52.388125839084154,51.71796001563643,52.38135502663249,979900
2010-04-23,52.55735778808594,52.67243577184195,51.55549450126732,51.69087975690774,913300
2010-04-26,53.35612106323242,53.681052772474594,53.25457958130585,53.45089173580007,1188000
2010-04-27,52.11734390258789,53.35613903725206,52.01580238645515,53.14629035796283,966500
2010-04-28,52.01579666137695,52.543811454228475,51.77886992622174,52.44904076016639,853900
2010-04-29,52.875518798828125,53.03798213845513,52.36781634345437,52.435508971247586,518400
2010-04-30,52.185035705566406,53.207211333248175,52.130884707146635,53.207211333248175,611000
2010-05-03,52.5911865234375,52.7536498008489,52.27979642314297,52.34748902501318,514500
2010-05-04,51.508094787597656,52.06995331099668,51.11547555046816,52.06995331099668,727600
2010-05-05,51.291465759277344,51.772095120061515,50.702534431034444,50.91238305009896,848100
2010-05-06,50.85822677612305,51.58931928311643,49.077886011784386,51.196694955514666,1448400
2010-05-07,50.695762634277344,51.365928171987825,49.89697753790792,50.858225911531356,1281000
2010-05-10,51.954872131347656,52.53026707642651,51.78563802017062,51.79917447663409,939900
2010-05-11,52.43549728393555,52.9973557821582,51.785638905657606,51.94810220907327,1083300
2010-05-12,53.03120422363281,53.180131083601445,52.65212142706959,52.7265848570539,994600
2010-05-13,51.97517013549805,52.5099504512644,51.91424834534691,52.3068674881987,1084300
2010-05-14,51.09516906738281,51.6367151662282,50.83792989316182,51.59610062908409,972700
2010-05-17,52.042869567871094,52.29333789992175,51.31178216699898,51.914255161349914,859300
2010-05-18,51.15608215332031,52.25948659611862,50.95976998289336,52.25948659611862,540800
2010-05-19,51.2508544921875,51.53516654216632,50.77023026542856,51.332088719873546,1335600
2010-05-20,50.093299865722656,50.72962181399124,49.802216970729106,50.391153571655266,1626900
2010-05-21,51.16961669921875,51.25762173090054,49.44343208923637,49.53143195630362,1142800
2010-05-24,50.4317626953125,51.162855259799116,50.33022120058686,50.4859188477815,1099100
2010-05-25,50.15421676635742,50.25575826205281,49.28097333137613,49.51790004492202,1043500
2010-05-26,48.746192932128906,49.504358415337464,48.61080254968809,49.17266101643372,1467000
2010-05-27,49.917301177978516,49.96468653124856,49.111750172387744,49.26067187936778,952500
2010-05-28,48.96957778930664,49.68036309100746,48.84096338237586,49.28097308511375,840700
2010-06-01,48.414493560791016,49.294513028527376,48.41449356079102,48.6920399896333,1022600
2010-06-02,48.773284912109375,48.773284912109375,47.57510421787161,48.089577488574356,1415000
2010-06-03,49.226829528808594,49.558527010991746,48.949283048582465,49.12528800763766,721600
2010-06-04,48.130184173583984,48.522808583552695,48.01510620795663,48.19787679074033,825900
2010-06-07,47.02677536010742,47.940638522097125,46.972619205345694,47.60894111225809,849700
2010-06-08,47.64278793334961,47.703714902571946,46.90492964405096,46.972622259597046,600100
2010-06-09,47.03355026245117,47.81879391635052,46.87785259511954,47.26370619328897,886200
2010-06-10,48.1098747253418,48.19110896101858,47.60217237274654,47.60217237274654,788900
2010-06-11,47.933876037597656,48.076032095077984,47.514178676831754,47.812027250526505,376500
2010-06-14,48.07602310180664,48.563418158917386,48.00833049156684,48.27910609714116,522800
2010-06-15,49.44343948364258,49.49082482909071,48.73942494797356,48.8680445275965,621500
2010-06-16,49.26742935180664,49.41635618308031,49.016966194314335,49.38250729793093,307000
2010-06-17,48.94927978515625,49.423138464156544,48.73943110944546,49.423138464156544,525100
2010-06-18,48.36709976196289,48.752953271849286,48.34679249796062,48.49571932012984,1035200
2010-06-21,48.64466094970703,49.125285280982084,48.52281216398829,48.90866579132831,568300
2010-06-22,48.24525833129883,49.01019982217544,48.14372199588621,48.671731598492755,367300
2010-06-23,47.96094512939453,48.39418403229989,47.737554867535955,48.306184155483685,493500
2010-06-24,47.676631927490234,48.00156367920572,47.50062701345206,47.94740752648398,409100
2010-06-25,47.38554382324219,47.57508517219685,47.16892440092051,47.50739257108653,446600
2010-06-28,47.01323318481445,47.25016506794976,46.9387697640488,47.08093095977603,508300
2010-06-29,46.356624603271484,46.830478197932756,46.06554163380333,46.7221658536577,1016800
2010-06-30,46.41753387451172,47.28401173599305,46.26183621286331,46.715387576126716,1090300
2010-07-01,46.50552749633789,46.78307389268186,46.167059304473376,46.32952775509096,807100
2010-07-02,46.20768356323242,46.864312746641275,46.04521509656831,46.68830782339611,710300
2010-07-06,47.40585708618164,47.9474082928247,46.9929254531547,47.52093503909339,827100
2010-07-07,48.06249237060547,48.15049225793788,47.40586312737277,47.460019287861506,631000
2010-07-08,48.204647064208984,48.204647064208984,47.63602288889882,48.035412940897785,371600
2010-07-09,48.1098747253418,48.1437236146943,47.60217237274654,47.69017225460151,309000
2010-07-12,48.1098747253418,48.38742115710926,47.82556264739615,47.927104150838275,398700
2010-07-13,48.549869537353516,48.8341815278884,48.10985993412735,48.15047445717124,964400
2010-07-14,49.646514892578125,49.646514892578125,48.97634927843204,49.44343706400222,858900
2010-07-15,49.01020431518555,49.077896933204755,48.58373100889468,49.077896933204755,683700
2010-07-16,47.89325714111328,48.739427761981005,47.38555476859265,48.6649643341754,491200
2010-07-19,48.211421966552734,48.40096337440766,47.79171944586254,47.981260853717465,465700
2010-07-20,47.51417922973633,47.527715688627936,47.0267840757801,47.45325225318373,987600
2010-07-21,46.823699951171875,47.385558527505864,46.647700166593246,47.25017328327368,884300
2010-07-22,47.88648986816406,48.05572400484153,47.5547924063687,47.69694846142385,486300
2010-07-23,48.2723503112793,48.549896813647194,47.8255748129477,48.069272417352835,1010800
2010-07-26,47.99480438232422,48.664970148021624,47.764643260351484,48.00157519419242,664900
2010-07-27,47.31785583496094,47.69693856982553,47.229850796785286,47.69693856982553,798100
2010-07-28,47.23663330078125,47.45325279784633,46.50554056145551,47.36525290250046,863800
2010-07-29,47.36524963378906,47.82556667886257,47.25693731042314,47.68341062790667,826200
2010-07-30,47.54125213623047,47.629252020985575,47.31109104320203,47.38555447053927,897400
2010-08-02,48.76650619506836,48.77327700617675,48.29941835628687,48.3738817846322,1470900
2010-08-03,49.26066589355469,49.368978210505524,48.77327596112252,49.22005135700589,1090900
2010-08-04,50.262535095214844,50.54684718553862,49.59913505317709,49.92406684541542,1936300
2010-08-05,48.901885986328125,49.02373474963803,48.685266536512195,48.942505683841475,1235200
2010-08-06,49.091434478759766,49.17266872095228,48.604044519452145,49.17266872095228,896400
2010-08-09,48.78681564331055,48.888357156010116,48.468654647006,48.773279185104684,784000
2010-08-10,48.65142059326172,48.90865456423441,48.17079637231506,48.52280102546795,726700
2010-08-11,47.26371765136719,48.06250312109112,47.223103104223945,48.06250312109112,850800
2010-08-12,47.487091064453125,47.66986162607116,47.27047161586895,47.38554956816975,655400
2010-08-13,47.297550201416016,47.60216952892864,47.114774473216364,47.50739884194182,397300
2010-08-16,47.710487365722656,47.73756028118621,47.284014060244125,47.37878475821365,484300
2010-08-17,47.8255729675293,48.015114393726954,47.72403144217583,47.96772903717754,409900
2010-08-18,47.812015533447266,48.015098517002556,47.77140100258213,47.90678621520912,431900
2010-08-19,48.238487243652344,48.69203337271577,47.87971179335994,48.31295065763167,728000
2010-08-20,47.676631927490234,47.859402487157396,47.37877825213563,47.61570496452453,374700
2010-08-23,47.35847473144531,47.85264062603697,47.31786019599943,47.74432831202742,336100
2010-08-24,47.22309112548828,47.37878362645524,46.84400317804995,47.20954950346429,592100
2010-08-25,46.74922180175781,46.816919567180044,46.268597622023435,46.63414386392304,719400
2010-08-26,46.51906967163086,46.97938662464733,46.33629395365744,46.74245992043624,551000
2010-08-27,46.95232009887695,47.02001272178665,46.37692505722042,46.85077858220437,418400
2010-08-30,46.2009162902832,46.57999907896236,46.2009162902832,46.53261373037747,443100
2010-08-31,45.923370361328125,46.33630204561486,45.80152674755405,46.08583884225831,525600
2010-09-01,46.59355163574219,46.63416618274188,46.03169296736774,46.20092713268894,634700
2010-09-02,46.18061065673828,46.18061065673828,45.73383007030456,45.916605824615026,605200
2010-09-03,47.18923568725586,47.344933331234415,46.78984569143043,46.98615786661432,609700
2010-09-07,46.87108612060547,47.25693975447458,46.823700767836144,47.135090966694015,343100
2010-09-08,46.78984451293945,46.87107357330422,46.60706879788928,46.728917553051154,673300
2010-09-09,47.85940933227539,47.913565492742855,47.575097236744824,47.75787298716856,1654600
2010-09-10,47.791717529296875,47.9271079327752,47.67663955980216,47.81879560999254,856700
2010-09-13,47.581871032714844,47.724027089397424,47.36525154187244,47.724027089397424,972200
2010-09-14,47.250160217285156,47.473545292034444,46.823687003115104,46.992921093915385,996700
2010-09-15,48.211421966552734,48.211421966552734,47.66987066015352,47.79171944586254,669700
2010-09-16,48.55665969848633,48.624352318743206,48.17080608194463,48.448347374382614,396800
2010-09-17,48.40773391723633,48.71235329750956,48.292650779149646,48.671738757370726,254500
2010-09-20,48.861263275146484,48.94926313656856,48.31971215894267,48.67172193385941,961900
2010-09-21,48.48896026611328,48.949277298682205,48.30618968116808,48.949277298682205,833400
2010-09-22,48.434814453125,48.69204849473199,48.0963461625081,48.69204849473199,499500
2010-09-23,48.04218673706055,48.326498842381575,47.859410980342815,48.001572197619225,342000
2010-09-24,49.456974029541016,49.456974029541016,48.98312059336745,49.10496935761424,655600
2010-09-27,49.413299560546875,49.95929973484484,49.34505018964628,49.95247844272004,424500
2010-09-28,49.9251823425293,49.986605219981456,49.331401825023185,49.67948041853323,352800
2010-09-29,49.822792053222656,50.0684939100525,49.62486526816015,49.822792053222656,492100
2010-09-30,48.85364532470703,49.699948961063036,48.76491645808319,49.36552340596232,719700
2010-10-01,49.003807067871094,49.13347933411051,48.819528005018704,48.9696797726483,535400
2010-10-04,48.31447219848633,48.63525000067922,48.13019315135292,48.273523613387226,369300
2010-10-05,49.16077423095703,49.18124852279669,48.65572260623563,48.69667118991496,401900
2010-10-06,48.58746337890625,48.785390171711626,48.53286180700977,48.676187027918665,473400
2010-10-07,48.5601806640625,48.990156486799656,48.41685538981678,48.990156486799656,278500
2010-10-08,48.50556564331055,48.560167220410186,48.12336501779906,48.218915174176935,345600
2010-10-11,48.36907196044922,48.6011208767238,48.29399608586779,48.46462212680858,194300
2010-10-12,47.809410095214844,47.97320960686447,47.53640743773707,47.761635020688175,478900
2010-10-13,47.98004150390625,48.273518482475325,47.727513106083926,47.80941547467059,483100
2010-10-14,49.392826080322266,49.426948162785756,48.64889386614918,48.90142227042689,1073500
2010-10-15,48.80587387084961,49.15394724285207,48.49874387502606,48.86729674575822,995200
2010-10-18,49.5361442565918,49.59074582925559,49.140290665418156,49.147117163774276,352200
2010-10-19,48.69667053222656,49.1402992754374,48.478269410397246,48.86729657137739,533400
2010-10-20,48.92873001098633,48.990152892401724,48.5192233065075,48.5192233065075,612300
2010-10-21,48.880958557128906,49.11983401443804,48.61478230368523,48.77175537259076,440200
2010-10-22,48.935546875,49.229023876196855,48.771747332290516,48.915072583048016,418200
2010-10-25,48.7034912109375,49.12664561201152,48.526038693442864,48.93554009704422,450900
2010-10-26,48.36907196044922,48.5465192939203,48.17114512810667,48.42366833615918,362900
2010-10-27,48.3963623046875,48.71713481845351,47.9732079399456,48.48508595227056,1345900
2010-10-28,48.54652404785156,48.58747784251137,48.13019605061952,48.430499578352546,534300
2010-10-29,48.334938049316406,48.47826327922517,48.20526060969251,48.396366123330345,237100
2010-11-01,47.52276611328125,47.843543924073636,47.318017975203084,47.843543924073636,695700
2010-11-02,47.932273864746094,48.28717376952798,47.911794364100416,48.014171038952846,534900
2010-11-03,48.259864807128906,48.259864807128906,47.604661488906956,47.93226575156448,438400
2010-11-04,49.63852310180664,49.699945968454095,48.88094317059793,49.10616555539806,1879800
2010-11-05,49.57709884643555,50.450703286657514,49.37917202683944,50.389280415279345,1018000
2010-11-08,50.32785415649414,50.38245573775552,49.897878420020874,50.232303992833415,900900
2010-11-09,49.89103317260742,50.75098952949415,49.66580563985995,50.51211421010657,880900
2010-11-10,51.18781661987305,51.399391262298444,50.50531239827474,50.662290660363695,1307400
2010-11-11,51.35843276977539,51.426682137353176,51.085430092371276,51.365259268661056,683200
2010-11-12,51.5359001159668,52.14332851419996,51.378921838997854,51.55637441142047,1116400
2010-11-15,51.63827896118164,52.12285639987589,51.63827896118164,52.05460180271484,619600
2010-11-16,51.14003372192383,51.63826401871622,51.01718277251565,51.617784521237205,835000
2010-11-17,51.767940521240234,51.99316814820938,51.58366668550687,51.76111402151867,665900
2010-11-18,52.75075149536133,52.90090325606153,52.43680018075815,52.79852658221194,989100
2010-11-19,53.556087493896484,53.556087493896484,52.86675702447488,53.26261057777379,957700
2010-11-22,53.556087493896484,53.69258620540339,53.09198458484413,53.48101164044007,647000
2010-11-23,52.84628677368164,53.48101572413014,52.607411406758544,52.83263898432566,627100
2010-11-24,53.87005615234375,53.897356944910214,53.405953092901235,53.55610484846996,654000
2010-11-26,53.48101806640625,53.549267430360146,53.27626476745188,53.296739055928775,313700
2010-11-29,53.405948638916016,53.494672302037294,52.573292759909165,53.07152307028145,540100
2010-11-30,53.023746490478516,53.22849460122406,52.25251350610009,52.51868969503452,552400
2010-12-01,54.31367874145508,54.47065177199086,53.93147289609061,53.958773685551876,1169100
2010-12-02,53.931480407714844,54.23861042661147,53.467377336419084,53.4810303365979,584700
2010-12-03,53.95194625854492,54.08844498323657,53.52196538229036,53.57656695500405,654900
2010-12-06,54.01337814331055,54.12258130697595,53.78815052357072,53.91782797865003,286200
2010-12-07,53.692596435546875,54.21812750987214,53.61069927587556,54.12939864410412,519800
2010-12-08,53.48101806640625,53.77449501779142,53.078337967020694,53.55609392888334,363700
2010-12-09,53.214839935302734,53.48784258812135,52.969138068475225,53.48784258812135,353700
2010-12-10,52.73026657104492,52.88723959315217,52.44361090064003,52.662017204602954,393600
2010-12-13,53.22168731689453,53.39231339097049,52.90090946449661,53.126131924885016,407400
2010-12-14,53.262611389160156,53.562914807560546,53.139760464095644,53.303559961817605,331800
2010-12-15,53.330875396728516,53.69260177348664,53.201197938232745,53.2967481054106,326400
2010-12-16,53.44007873535156,53.52880240313282,53.01009777457304,53.235325400971924,191300
2010-12-17,52.88042068481445,53.06469450322236,52.72344244853926,52.853119895588634,284900
2010-12-20,52.70979309082031,52.989617059655046,52.63471722445401,52.83946532692242,302900
2010-12-21,53.24216079711914,53.324057978880646,52.75075687817227,52.89408215334936,379700
2010-12-22,53.023746490478516,53.16024523097554,52.928196330711955,52.928196330711955,194600
2010-12-23,53.00326919555664,53.26944536940254,52.8599387569385,53.23531808266625,199300
2010-12-27,53.167076110839844,53.23532548671178,52.83265052410184,52.83265052410184,229500
2010-12-28,53.405948638916016,53.61070196254152,53.28309768615937,53.61070196254152,245800
2010-12-29,53.9860725402832,53.999725538071125,53.74719714992436,53.87687459344472,293400
2010-12-30,53.474185943603516,53.97923743225353,53.27625916398977,53.856391714312736,251800
2010-12-31,53.6652946472168,53.822272878818524,53.33086910156977,53.39911846905588,258800
2011-01-03,54.211307525634766,54.429708656159434,53.931478310881516,53.931478310881516,397100
2011-01-04,54.504791259765625,54.50479125976562,53.99291305875888,54.14306483085595,431400
2011-01-05,54.736820220947266,54.85967115260604,53.713064192821626,54.334145349288875,521100
2011-01-06,55.6513786315918,55.8902539981002,55.20092347723955,55.33060090781231,1073100
2011-01-07,56.279296875,56.613722481953396,56.06772223487964,56.388500048671105,686200
2011-01-10,56.49087142944336,56.49087142944336,55.99947276995043,56.09502294322077,416200
2011-01-11,56.90718460083008,56.90718460083008,56.55911129185989,56.84576173704448,388300
2011-01-12,57.63065719604492,57.76715595529589,57.15972762456947,57.446378143252836,591400
2011-01-13,58.27901077270508,58.476937539316125,58.01283465380204,58.197108425699604,903800
2011-01-14,58.668060302734375,58.76361047399681,58.30633391051316,58.3609354961185,537400
2011-01-18,58.13569641113281,58.34727100481714,57.92412181744848,58.224420064947225,399800
2011-01-19,57.330345153808594,58.03332355291682,57.132418337354984,58.026497053841005,574200
2011-01-20,56.893550872802734,57.071003423862685,56.32024463364516,56.96862675182449,774300
2011-01-21,55.97216796875,56.19056909302868,55.705991761257025,55.84249051127112,607700
2011-01-24,56.98910140991211,57.105125875654906,56.08136956290199,56.251995615027475,390900
2011-01-25,57.234806060791016,57.316708444256264,56.83212585095454,56.93450252851257,306000
2011-01-26,56.16325378417969,56.54545435110041,55.99945428508397,56.22467664368101,886900
2011-01-27,57.00955581665039,57.20065609523528,56.6478295454587,56.66147733374674,476800
2011-01-28,55.528541564941406,56.34072322096761,55.38521630924744,56.23834655058799,828100
2011-01-31,56.08817672729492,56.33387857422058,55.6377216055672,56.101824515638754,648500
2011-02-01,56.84577941894531,56.90720230183652,56.19739725933775,56.38167632219973,578600
2011-02-02,58.012840270996094,58.087916127914184,57.712536843323754,58.019666769013824,950900
2011-02-03,57.79444885253906,57.84222393245914,57.17336760648492,57.630649322397836,385400
2011-02-04,57.84221649169922,57.84221649169922,57.350812757396,57.84221649169922,464300
2011-02-07,58.101585388183594,58.17666127284582,57.808108350075116,57.82858785169646,327900
2011-02-08,60.44938659667969,60.95443816156453,59.316432523333354,59.316432523333354,2933200
2011-02-09,61.17284393310547,61.17284393310547,60.21734230684972,60.80429107422397,1299900
2011-02-10,60.62001419067383,62.094225551841035,60.43574037407446,61.65059684368833,2106500
2011-02-11,61.45949935913086,61.56187081357219,60.67461856348968,60.68144506281687,891900
2011-02-14,63.34320831298828,63.45241147607894,63.029257029742745,63.206709566218365,1060600
2011-02-15,63.45240020751953,63.81412650860462,63.24082562547183,63.54112385645413,676500
2011-02-16,63.93699645996094,63.97794504748142,63.51384196290452,63.60257084532428,446800
2011-02-17,63.78000259399414,63.91650653082729,63.62302957550198,63.875552746230966,796200
2011-02-18,63.6093864440918,63.80731327787874,63.47971419285408,63.73906390242307,373500
2011-02-22,61.896305084228516,62.72213450828819,61.66425095783761,62.24437846317448,1023900
2011-02-23,61.54139709472656,61.97819932804746,60.80429137333753,61.75297691908972,998000
2011-02-24,61.49364471435547,61.88949851165377,60.401638727925025,60.79749252522333,1040300
2011-02-25,62.619754791259766,62.674356372115305,62.14882526879404,62.46277654807341,558900
2011-02-28,63.67764663696289,63.8346196936317,63.38416961026248,63.75272251870677,763400
2011-03-01,63.36368179321289,64.08713972169443,63.16576017505802,63.96428876833669,993100
2011-03-02,62.4696044921875,62.899585442502406,62.18295399670655,62.72895940370277,643000
2011-03-03,62.920040130615234,62.92686142093468,62.44911074398139,62.653864009585284,541400
2011-03-04,62.10104751586914,62.688001467083424,61.56186864407494,62.524201938656425,440400
2011-03-07,60.75651550292969,61.82122548903193,60.65414404886597,61.64377295683268,578000
2011-03-08,61.41856002807617,61.65061419598604,60.817958123235435,61.200158862034584,426600
2011-03-09,61.1114387512207,61.42539012031761,60.98858776269627,61.186514644602006,454800
2011-03-10,59.73276138305664,60.394791246858325,59.61673692635356,60.10814075132362,587900
2011-03-11,58.456485748291016,58.75678405534841,57.84905742709884,58.21761031980429,1792900
2011-03-14,55.78107833862305,55.94487791148694,54.75732189580826,54.9961973577128,3626600
2011-03-15,55.54901123046875,56.0062877520345,52.79852039463261,52.8940705571361,5117600
2011-03-16,54.880157470703125,56.497688863719794,53.98607355415044,56.04041236400328,2980100
2011-03-17,56.006290435791016,56.436271394754236,55.446637225555506,56.14279439383235,1528000
2011-03-18,55.665035247802734,55.67868824639245,54.45700522727703,54.53208109824062,1465800
2011-03-21,57.15970993041992,57.52143621684483,56.25880485980028,56.98908393062763,1708500
2011-03-22,56.64783477783203,56.804812996650355,56.32023055064674,56.634186988283396,1217500
2011-03-23,56.0609016418457,56.45675537747337,55.24871987514314,55.86980127487909,937200
2011-03-24,55.412506103515625,55.82200749666227,54.73682333737631,54.79142491168725,1509300
2011-03-25,55.11902618408203,55.344248553581465,54.95522146996478,55.27599919291217,1007000
2011-03-28,55.48897171020508,55.95740766634756,55.454525803075434,55.695631385860345,711000
2011-03-29,54.91031265258789,55.15830846611911,54.71053795525955,54.813870420182134,1137200
2011-03-30,55.77140426635742,56.15717317176364,55.28919313459966,55.468297123134164,846200
2011-03-31,55.282310485839844,55.640523767753756,55.2478645764004,55.61297334705166,532800
2011-04-01,55.46141052246094,55.79895830480562,54.972309172943156,55.475185730518945,744300
2011-04-04,54.75188064575195,55.25475730979327,54.703659523779386,55.25475730979327,961600
2011-04-05,53.47744369506836,53.959660063885885,53.19500725901987,53.39478193608195,2072100
2011-04-06,53.2845458984375,53.6427642833105,52.98832907297568,53.13988260075228,1959300
2011-04-07,53.188114166259766,53.635884607609796,52.32012895364195,53.635884607609796,1641600
2011-04-08,53.6496696472168,54.17321696331733,53.51189652726238,54.118105613052506,1188400
2011-04-11,52.69902038574219,53.11923521711777,52.533691597306564,53.050348659911876,1058500
2011-04-12,53.18122482299805,53.42922060217351,52.788565715254684,52.802346178379295,1038800
2011-04-13,53.71855163574219,54.00098805669271,53.4567753977269,53.96654215515175,723100
2011-04-14,53.6496696472168,53.79433299988123,53.26390070677832,53.573892854529575,713600
2011-04-15,53.48434066772461,53.79433281440707,53.367232990596364,53.55322722746431,513600
2011-04-18,53.215675354003906,53.29145214066036,52.93323364815581,53.02968113129721,825400
2011-04-19,52.437252044677734,52.63702674977491,52.251252549442434,52.56124995626537,939400
2011-04-20,53.222564697265625,53.33967236352164,52.98834410904647,53.23633990565163,525200
2011-04-21,53.59454345703125,53.945866357896456,53.50498623250407,53.67720519572628,476700
2011-04-25,54.772518157958984,54.7862933619085,54.3454132556479,54.620964635987136,936300
2011-04-26,54.18699264526367,54.27654463975789,53.870105037068704,54.262764175554366,776700
2011-04-27,53.932098388671875,54.028540600558166,53.4912182041327,53.794320046186904,714300
2011-04-28,54.765647888183594,54.87587058277356,54.18010427636965,54.34543306254724,503900
2011-04-29,54.889644622802734,55.24097288469209,54.82075806800471,54.83453327668142,558000
2011-05-02,55.22031021118164,55.64051979322053,55.10319728087793,55.64051979322053,692200
2011-05-03,54.89652633666992,55.364962194599194,54.55897333583556,55.33740652581436,640200
2011-05-04,54.944759368896484,55.247861279905145,54.79320578553837,54.96542481104394,455500
2011-05-05,54.806976318359375,55.22030614886915,54.58653619475081,54.8000913420361,687700
2011-05-06,54.490081787109375,55.10318090806937,54.20075517500136,55.06185003654135,598900
2011-05-09,54.669212341308594,54.68987778514362,54.15944545578195,54.46254739154234,484600
2011-05-10,55.81272506713867,55.83339575965824,55.454511899059206,55.54406387715252,714700
2011-05-11,56.11583709716797,56.22605977748704,55.42696111229376,55.79895477481063,966000
2011-05-12,57.61069107055664,57.6589121745384,56.79781727793116,57.07336869598671,1659800
2011-05-13,57.43848419189453,57.86558924264486,57.293820849472795,57.79670268754507,1070000
2011-05-16,56.63249588012695,57.16981832443991,56.501607757027756,57.10093177491127,552500
2011-05-17,56.053829193115234,56.18471202930305,55.70939127188468,55.943606535582774,665600
2011-05-18,56.06761169433594,56.12961326119349,55.80584073218671,55.950504047245985,392800
2011-05-19,55.59228515625,55.916057682559654,55.261627654785066,55.81272524246202,678900
2011-05-20,55.082515716552734,55.33051145823239,54.903406512960544,55.33051145823239,532700
2011-05-23,54.79318618774414,55.006736021164585,54.53830022910583,54.620967223835855,496500
2011-05-24,55.0343017578125,55.330518640173146,54.89652866375452,55.0411919892274,927200
2011-05-25,56.32937240600586,56.5911485762249,55.530279203134555,55.633611625289156,686000
2011-05-26,56.63249588012695,56.74960353989633,56.288057876776925,56.49472278106968,558500
2011-05-27,56.666954040527344,56.7013946948882,56.43962364777223,56.54295612227074,291900
2011-05-31,57.376495361328125,57.500493278982496,57.06649793933823,57.445381925423234,652700
2011-06-01,56.143394470214844,57.073376026862306,56.04695224986366,56.97693380651113,711200
2011-06-02,55.736961364746094,56.026288032107644,55.523406224420896,55.88850967452575,409900
2011-06-03,55.46141052246094,55.79895830480562,55.20652449987829,55.337412627110865,650200
2011-06-06,55.054969787597656,55.3511866839002,54.92408691879436,55.21341358335772,445100
2011-06-07,56.19160461425781,56.4189349131665,56.08827218241697,56.28115658547678,759600
2011-06-08,56.31560516357422,56.784040988618735,56.19160729060049,56.44649326718705,743600
2011-06-09,56.43272018432617,56.58427374396548,56.081397211387845,56.198504869033954,308700
2011-06-10,55.57160949707031,56.0193798179893,55.537168860510555,56.01248958839524,1000000
2011-06-13,54.91720199584961,55.289195710122875,54.696761860247754,55.25474980380395,836200
2011-06-14,55.41318893432617,55.564742500196395,55.13763747417185,55.165193145757975,464200
2011-06-15,54.75188064575195,55.337424342764,54.61410225746739,55.04809761092861,550600
2011-06-16,54.74497604370117,54.93786048096578,54.44186892473865,54.58653225268711,580200
2011-06-17,54.772518157958984,55.04117930847074,54.67607596319607,54.84140468911743,375000
2011-06-20,55.19962692260742,55.24784802795419,54.600308221255645,54.662304532827356,460600
2011-06-21,55.633628845214844,55.723180835757795,55.192748612883946,55.3167465067087,403200
2011-06-22,55.59228515625,56.081391688998345,55.468287279274094,55.468287279274094,403900
2011-06-23,55.67496109008789,55.7369626663744,55.006750493405065,55.089417509884726,568800
2011-06-24,55.99873352050781,56.26050452177512,55.91606650424638,56.13650662523649,334300
2011-06-27,54.930973052978516,55.158303403802805,54.74497883775401,54.88275194120127,623200
2011-06-28,55.16518783569336,55.282295486881694,54.944747739930314,54.986078615477616,241800
2011-06-29,56.1640625,56.25361974853317,55.502742134643185,55.90918172976147,431100
2011-06-30,56.77715301513672,56.9287065609858,56.27427652831707,56.30183219626293,532700
2011-07-01,57.486690521240234,57.521136417784746,56.79092966125313,56.79092966125313,624600
2011-07-05,57.59001922607422,57.69335165331081,57.335138528690266,57.51424246314775,293100
2011-07-06,58.05158615112305,58.106697500033974,57.70714810399101,58.02403573237509,331000
2011-07-07,58.306453704833984,58.48556290413218,58.0033466376687,58.210011502682455,421200
2011-07-08,58.14112854003906,58.31334751956779,57.65202726886222,58.092907435999265,473600
2011-07-11,57.65892028808594,57.81047385212784,57.41781473424967,57.64514508031253,504100
2011-07-12,57.61758804321289,58.037802822383426,57.548701494565066,57.57625716516555,460400
2011-07-13,58.33402633666992,58.71979525747473,58.12047643489688,58.18247275900878,477500
2011-07-14,58.05845642089844,58.65778030889192,57.80357571731147,58.36156347998099,423000
2011-07-15,57.76224136352539,58.24445763191929,57.4798049862955,57.95512576860061,466700
2011-07-18,57.42469787597656,57.59691685826879,57.14225622227831,57.51424985471427,834100
2011-07-19,58.030921936035156,58.35469454809733,57.67959890464259,57.67959890464259,443400
2011-07-20,58.09291076660156,58.14113187340599,57.65891554965527,58.099795742069006,246700
2011-07-21,58.87822341918945,58.89199862453966,58.072239885700064,58.09290532157836,612800
2011-07-22,58.56134796142578,58.83000917055439,58.36157329848537,58.70601128513299,204600
2011-07-25,57.95513153076172,58.25134839820869,57.86557954970338,57.86557954970338,228100
2011-07-26,57.93447494506836,58.15491507156762,57.72781528281059,58.01714196339577,344200
2011-07-27,56.60493087768555,57.44536030822546,56.52226913416094,57.33514289829067,416900
2011-07-28,56.095176696777344,56.78405274352362,56.0056247027549,56.47406062477065,493100
2011-07-29,56.43272018432617,56.57049853659225,55.81962096993567,55.91606318866855,366700
2011-08-01,56.32937240600586,56.632479442804616,55.909162999133,56.54981245393987,481400
2011-08-02,55.99873352050781,56.88049400446827,55.82651451174345,56.074510304820706,709100
2011-08-03,55.978065490722656,56.07450771071255,54.992972595934354,55.8471773682906,604700
2011-08-04,53.32588577270508,54.44875159409162,53.31210531155339,54.186980644975556,1154000
2011-08-05,53.33966064453125,54.0078711021467,52.017020190365855,53.73231969360241,1221000
2011-08-08,50.78394317626953,53.25012069320865,50.36372836589751,52.519908507343544,1192400
2011-08-09,53.188114166259766,53.236335274977044,50.866600204969465,52.595680398757864,1288000
2011-08-10,50.58415985107422,51.96191171382367,50.47393717931526,51.96191171382367,739100
2011-08-11,51.76214599609375,52.31324893858476,50.29484190109414,50.6668355989195,579600
2011-08-12,51.25236129760742,51.693241395400165,51.04569645239599,51.29369216436757,642800
2011-08-15,52.437252044677734,52.49235813983292,51.84481816217099,52.05147784434526,316600
2011-08-16,51.95501708984375,52.36145658795551,51.47969631126631,51.82413424782964,252800
2011-08-17,51.44525146484375,51.87235640694959,51.23858659640732,51.70702240991808,224900
2011-08-18,49.302852630615234,49.92284205058089,48.84130699519333,49.92284205058089,875800
2011-08-19,48.70353317260742,49.90218124778166,48.44865240540122,49.39929943384668,1552700
2011-08-22,48.59331512451172,49.36485815964938,48.25576734601078,49.29596635302283,935900
2011-08-23,50.20528793334961,50.20528793334961,48.985979557181366,49.344192814225636,442200
2011-08-24,49.65419387817383,49.729970674710486,49.027314062408344,49.109981092005036,692300
2011-08-25,49.09618377685547,50.13638787220711,48.86885872096774,49.90217258562396,461400
2011-08-26,49.35796356201172,49.78506329335943,48.62775147087349,49.08930235819413,415400
2011-08-29,49.66796112060547,49.847070361477435,49.05486186931648,49.1513040938536,727200
2011-08-30,48.86886978149414,49.12375056214479,48.538206957454314,48.841314108181884,779900
2011-08-31,49.48884963989258,49.736845421965874,49.10997099084663,49.34418630963429,729700
2011-09-01,49.02729034423828,49.71616615715956,48.95151358436051,49.32350715402264,472500
2011-09-02,47.766658782958984,48.37287301983042,47.55310890717385,48.29709624022149,763800
2011-09-06,47.02955627441406,47.174224841185186,46.58867611049042,46.733339421555414,956900
2011-09-07,48.11798095703125,48.214423163362795,47.72532190105107,48.0215387506997,722200
2011-09-08,47.78731918334961,48.31775127064162,47.58065432789758,47.94575768425132,492000
2011-09-09,46.70579147338867,47.27755451707567,46.54045746141774,47.12600622299525,496500
2011-09-12,46.960662841796875,47.00888393840777,46.18912529602266,46.313123152408565,536700
2011-09-13,47.56687927246094,47.6288755758673,47.091553256856386,47.284437652839216,426000
2011-09-14,47.92509841918945,48.37286882650609,47.24311271753547,47.842431415225896,393200
2011-09-15,49.05485534667969,49.07552078408883,48.32464852778944,48.579529263443995,422600
2011-09-16,48.77931213378906,49.2890842023716,48.51065089080701,49.247748064884725,280300
2011-09-19,48.799964904785156,48.91707779893358,47.81487744007987,48.12486948435858,476700
2011-09-20,48.51753616333008,49.158191043959945,48.43486915251416,48.737976269799134,618600
2011-09-21,47.050228118896484,48.43486495401776,46.98133632133498,48.29709187030725,414000
2011-09-22,46.134033203125,46.85734995384147,45.70003789698758,46.43025013600152,571200
2011-09-23,46.740234375,46.77468027641763,46.04446816087594,46.28557895938599,353700
2011-09-26,47.373992919921875,47.39466361153579,46.547343949368454,47.09844676687472,571100
2011-09-27,47.75018310546875,48.520571623498256,47.5142056203771,48.43034260193511,613600
2011-09-28,47.98615264892578,48.90923149549425,47.89592892746897,48.36787857649322,471400
2011-09-29,48.7287712097168,49.214604614562376,47.944504319709246,48.93698628252623,375500
2011-09-30,47.37538528442383,48.145773578236074,47.36844337052467,47.86815526868709,591300
2011-10-03,46.48008346557617,47.95145196187877,46.28575217701775,47.347637643162315,547400
2011-10-04,46.64664077758789,46.64664077758789,45.321021077568425,45.89013626464234,812200
2011-10-05,46.28573989868164,46.480071135689315,45.34877739933465,45.50840965552185,565200
2011-10-06,46.63969039916992,46.722977470625395,45.99423015699253,46.11915811661164,424100
2011-10-07,45.89707565307617,46.63970167729814,45.862376669591846,46.605002693813816,582600
2011-10-10,47.194942474365234,47.25740382715423,46.57030247082559,46.639705738967784,341300
2011-10-11,46.71605682373047,46.99367522649852,46.5147836141019,46.63277500949149,363400
2011-10-12,47.05612564086914,47.41702573331138,46.73686114604525,47.021421366827354,500900
2011-10-13,46.986717224121094,47.070004304976926,46.60499668423833,46.868731164255266,508000
2011-10-14,46.820152282714844,46.93813835247206,46.54947586615218,46.73686519487662,421800
2011-10-17,46.72298812866211,47.160233439505454,46.63970103820792,46.861794650956355,320600
2011-10-18,47.27823257446289,47.6946575048809,46.48702361812959,46.611951626768025,374400
2011-10-19,46.73686599731445,47.104713336902,46.52865621683795,47.03530478161383,348100
2011-10-20,46.355140686035156,46.61887516576327,45.917895426060674,46.50783101987257,664800
2011-10-21,46.924251556396484,47.028359074080896,46.51476339887202,46.639691361067655,437400
2011-10-24,47.215755462646484,47.375387719759935,46.75768972920326,46.75768972920326,369500
2011-10-25,46.0289421081543,46.625819648700165,45.91095604191662,46.36208515444023,518400
2011-10-26,46.42454528808594,46.625818434435665,46.11916461153754,46.625818434435665,633300
2011-10-27,48.069427490234375,48.416449046743175,47.40314673715294,47.423967183322866,766900
2011-10-28,48.3470573425293,48.451159598244566,47.84040341915167,48.0347346899935,577700
2011-10-31,46.29961013793945,46.75073916882358,46.29266822496729,46.639689741781524,702300
2011-11-01,45.29325485229492,45.79296673883753,45.20996777282825,45.32795383072617,861500
2011-11-02,45.00175857543945,45.529232890416786,44.904592950986974,45.02258431936161,825400
2011-11-03,45.383480072021484,45.45288332633969,44.77272402084081,45.2932563709207,684800
2011-11-04,45.23773193359375,45.383480357116234,44.97399744747626,45.24467384760785,363100
2011-11-07,45.44594192504883,45.452878543160466,45.0225752345927,45.32795058048278,331800
2011-11-08,44.84212875366211,44.97399864780485,44.09256087400192,44.09256087400192,765600
2011-11-09,44.42570114135742,44.81436359015766,44.27995007549297,44.571449559657516,798800
2011-11-10,44.731075286865234,44.925411801078546,44.4534622853891,44.925411801078546,383000
2011-11-11,44.50205612182617,44.557575558807024,44.18973347505062,44.27995984094812,629800
2011-11-14,44.633907318115234,44.80741808243088,44.453459935719344,44.57838789783174,503500
2011-11-15,44.37712860107422,44.57146252958828,44.14115376810832,44.41877215309119,376500
2011-11-16,44.09950256347656,44.738020993209275,44.03703857382319,44.738020993209275,553000
2011-11-17,44.647789001464844,44.96010624419064,44.33546911117502,44.79353740107875,740000
2011-11-18,44.11339569091797,44.536759904818034,44.023169315302766,44.43959426072408,519400
2011-11-21,42.468502044677734,42.98903443964996,42.336634791074715,42.864106453051456,749300
2011-11-22,42.989036560058594,43.245834460491196,42.62119449668866,42.62119449668866,516100
2011-11-23,41.91326141357422,42.648948035639485,41.89938023418836,42.648948035639485,645900
2011-11-25,43.10702896118164,43.669202328975295,42.98904022570709,43.13479132806566,386000
2011-11-28,44.5367431640625,44.703317315722444,44.34935386235566,44.502044187146375,620500
2011-11-29,44.6894416809082,44.932355744363775,44.48122660072946,44.75190832301361,507600
2011-11-30,45.744388580322266,46.07058442733359,45.43900788638143,45.536173508066376,830900
2011-12-01,45.612518310546875,45.945656069291516,45.459827964818416,45.50841077526573,449900
2011-12-02,45.95954132080078,46.40372854296348,45.88319614557319,46.278800555784635,461200
2011-12-05,47.229637145996094,47.31986084670977,46.9034360274583,47.21575331811469,905700
2011-12-06,46.57723617553711,46.88261685568615,46.382904940943725,46.68134370696329,593900
2011-12-07,47.50725173950195,47.653005461451976,46.896495670662254,47.27127960897152,671400
2011-12-08,46.59111785888672,47.312923418415735,46.50089414961911,47.21575779454927,412900
2011-12-09,47.3337516784668,47.63913242966021,46.13305971605678,46.14000163180124,736400
2011-12-12,46.14693832397461,46.59806753571982,45.91096613959941,46.59806753571982,443700
2011-12-13,45.5569953918457,46.50089457092559,45.29326088112286,46.230218145541,577300
2011-12-14,45.265499114990234,45.5431174587004,45.043405499048,45.327960462382045,549300
2011-12-15,45.369606018066406,45.64028244321863,45.258556564091435,45.480650176911965,323100
2011-12-16,44.21055603027344,44.61309974287157,44.0717468492667,44.48122982951095,602100
2011-12-19,43.93987274169922,44.62003471040443,43.912110380307695,44.38405993370552,354600
2011-12-20,44.75883483886719,44.82130146687157,44.37711169064972,44.82130146687157,374700
2011-12-21,44.59227752685547,44.675564620700925,44.307719908462175,44.515932347946205,308000
2011-12-22,44.76578140258789,44.91847173676307,44.460400734237545,44.654731961322746,404000
2011-12-23,45.078102111816406,45.11280638862857,44.80742569709497,45.06422357816906,281000
2011-12-27,44.66862487792969,44.90459704593901,44.599221610581644,44.90459704593901,245100
2011-12-28,44.59227752685547,45.0781056697966,44.453470998909324,44.98094004120837,386100
2011-12-29,45.29325485229492,45.32101721211715,44.79354296575232,44.82824194418357,351000
2011-12-30,45.89707565307617,46.09834881975141,45.60557877518631,45.70968631589825,373100
2012-01-03,47.04225540161133,47.12554250629229,46.71605419385712,46.771578930311094,377100
2012-01-04,47.493370056152344,47.666880833020485,47.24351411385193,47.35456355270931,501600
2012-01-05,47.625247955322266,47.770996397002406,47.451737149255976,47.5419608621638,343700
2012-01-06,47.54889678955078,47.61135813020714,47.34762364444322,47.55583340842666,212000
2012-01-09,47.48643112182617,47.6877042710369,47.34762460967417,47.54195584473859,301700
2012-01-10,47.65993881225586,47.82651297016777,47.50031186316779,47.5488946687766,352800
2012-01-11,47.61135482788086,47.66687954581014,47.097764424856344,47.33373653336298,257900
2012-01-12,47.2921028137207,47.41008888586509,47.11165010065147,47.24352000194776,512900
2012-01-13,47.37538528442383,47.50724987773476,47.194932588947665,47.243515395984076,223200
2012-01-17,46.94508743286133,47.20882197524637,46.92426698150594,47.1463606211802,456700
2012-01-18,47.090824127197266,47.215752099260634,46.68827785108989,46.90343481666658,906500
2012-01-19,47.95143508911133,48.09024688575941,47.583593094468974,47.604413540184034,934300
2012-01-20,49.554691314697266,49.5685698504579,48.79124476474234,48.83982758259956,704100
2012-01-23,49.38117218017578,49.68654757166375,49.27706464654458,49.43669690412964,641900
2012-01-24,50.20014953613281,50.24873235182066,49.624092367884266,49.978055907969846,636300
2012-01-25,51.51188278198242,51.62986884514379,50.58186221939949,50.81089772680375,1152600
2012-01-26,51.76868438720703,51.96995756866595,51.6298778528153,51.89361238621154,837900
2012-01-27,51.06075668334961,51.504943896179384,50.94277061325123,51.2828502897645,427000
2012-01-30,50.741485595703125,50.894175907263104,50.297298486689385,50.61655764034751,263100
2012-01-31,50.9983024597168,51.359202634861326,50.797029273434845,51.17874989972406,313200
2012-02-01,52.192054748535156,52.36556557588418,51.99078684852489,51.99078684852489,500500
2012-02-02,52.906917572021484,53.01101982006216,52.68482395098536,52.84445092806747,516300
2012-02-03,53.07347869873047,53.28168845947785,52.934666896436724,53.06653678483357,501200
2012-02-06,53.93408966064453,54.19088751862865,53.718937990116245,53.84386596222625,662900
2012-02-07,55.25277328491211,55.52344967848442,54.82940655750336,55.16254958543094,1041100
2012-02-08,56.252201080322266,56.3216043383381,55.96764083878943,56.259137699533426,1049400
2012-02-09,56.13420867919922,56.56451734314816,55.94681935650815,56.45346789627266,701400
2012-02-10,54.40604019165039,54.857169282311816,54.24641323803607,54.78776602877825,707800
2012-02-13,54.766937255859375,54.94044801087838,54.67670827436756,54.690592100040774,377800
2012-02-14,55.52345657348633,55.52345657348633,55.22501778259866,55.43323286280102,573700
2012-02-15,57.30020523071289,57.66804728163089,57.17527724218136,57.5361826735522,954300
2012-02-16,58.05672073364258,58.10530355085379,57.49454208290712,57.6125334633886,1599600
2012-02-17,57.855438232421875,58.160818917216794,57.68886935668333,58.12611464117043,305600
2012-02-21,57.75827407836914,57.945663406435976,57.50841811086053,57.723569801442686,383900
2012-02-22,58.5147819519043,58.54948623081861,58.251047435595936,58.28575171451025,498900
2012-02-23,58.34821319580078,58.3759755599698,57.85544314584223,58.21634328978035,360700
2012-02-24,58.674415588378906,58.92427157601893,58.44538005052061,58.44538005052061,567600
2012-02-27,58.021995544433594,58.19550629982671,57.4459385656977,57.59862887766413,387800
2012-02-28,58.75075912475586,58.86180328552971,58.36903323899997,58.46619886535065,368500
2012-02-29,57.40431594848633,58.2510495515088,57.38349549843327,58.04283446071879,505400
2012-03-01,57.6541633605957,57.869315039302926,57.26550089709132,57.30714179100138,546000
2012-03-02,56.61309814453125,56.626976677333936,56.09950770876978,56.50205399672313,836600
2012-03-05,56.38407897949219,56.529827444237135,56.14116487158394,56.48124462265548,524300
2012-03-06,55.627567291259766,55.7455533723872,55.3152446531151,55.738611457282715,611700
2012-03-07,56.023162841796875,56.08562418243817,55.71084025320368,55.821889696737856,339000
2012-03-08,57.27244186401367,57.293267607678686,56.953182631164765,57.03646972043683,452400
2012-03-09,58.167747497558594,58.25797648475789,57.84154641026838,57.91789157091623,503000
2012-03-12,57.452880859375,57.73049912886978,57.334894815756336,57.73049912886978,271400
2012-03-13,58.27880859375,58.29268712795082,57.66804718632548,57.6749891009906,308000
2012-03-14,57.98036575317383,58.43843148160426,57.820733497807296,58.34126586359996,344700
2012-03-15,59.229637145996094,59.29210378008046,58.84791660818922,59.06306828031908,591300
2012-03-16,59.27128601074219,59.58360330988347,59.22963982109541,59.5280785871071,368200
2012-03-19,59.16025161743164,59.19495590177899,58.84793423882693,59.13248924897984,316100
2012-03-20,58.7577018737793,58.89650840049977,58.36903406772873,58.59806960243413,303800
2012-03-21,58.27185821533203,58.45925281816603,58.15387215880909,58.34820338017127,283500
2012-03-22,58.59806442260742,58.7993375751511,58.2718632890066,58.27880520326786,516900
2012-03-23,58.133052825927734,58.133052825927734,57.584758129370925,57.855434520754464,437500
2012-03-26,58.54254150390625,58.709110385408806,58.160820929832504,58.431497347947634,559000
2012-03-27,59.935245513916016,60.18719232755866,59.7672827513009,60.08921360441318,487600
2012-03-28,60.67708969116211,60.98502589117692,60.334164138971246,60.95703120577191,731500
2012-03-29,60.22917556762695,60.306159605058504,59.79527136331026,60.04721815137001,376000
2012-03-30,60.76108169555664,60.99203387577869,60.56512421152859,60.97103919383868,270400
2012-04-02,60.67009353637695,60.873050996005254,59.928247739939685,59.949247758058604,554800
2012-04-03,60.341156005859375,60.72607086451704,60.005225165752734,60.64909216433716,437400
2012-04-04,58.507537841796875,58.68250057777082,58.06663366934058,58.6265112207938,627000
2012-04-05,58.68951416015625,58.73850352398516,58.24160987959479,58.29759924952502,329800
2012-04-09,57.177825927734375,57.408778044707304,56.96787382639132,57.11484189916331,440400
2012-04-10,56.645938873291016,57.68171531245779,56.470976131863196,57.359784508963294,745300
2012-04-11,57.744712829589844,57.8006968567781,57.21982453119074,57.681723457273215,479700
2012-04-12,58.09463882446289,58.16462286358541,57.40178242066215,57.506761149065895,331200
2012-04-13,56.98186111450195,57.31779190834121,56.73691435828522,57.30379189973521,448200
2012-04-16,56.85590744018555,57.28281708017302,56.71593934224634,57.247827725408555,267700
2012-04-17,56.99586868286133,57.35978886330416,56.64594317344187,56.764916565179,339000
2012-04-18,57.072845458984375,57.275797529913135,56.834893366352425,56.90487739144223,396300
2012-04-19,57.24081802368164,57.905674385445785,57.14983930937447,57.70971694574434,413500
2012-04-20,56.36601257324219,56.8139168845623,56.338017886354606,56.70193813701199,620900
2012-04-23,55.58916091918945,55.666144950494356,55.22524077619818,55.582160914678376,634500
2012-04-24,56.49897003173828,56.74391679847,56.317007288120834,56.533959375877636,354900
2012-04-25,56.93988800048828,56.96788268624243,56.60395711087888,56.680941161842696,330800
2012-04-26,57.26882553100586,57.39479896180111,56.64595838414072,56.64595838414072,199900
2012-04-27,57.59074020385742,57.73070826996066,57.29680406137694,57.44377213261718,292600
2012-04-30,57.233821868896484,57.42278465520778,56.94688569558247,57.42278465520778,357000
2012-05-01,56.09307098388672,56.38000718012322,55.66616135337827,55.66616135337827,545600
2012-05-02,55.88311004638672,56.05107281768567,55.52618448536625,55.70814726894691,317400
2012-05-03,55.44219970703125,55.86910926445857,55.41420502496917,55.85510925370771,389500
2012-05-04,55.02928161621094,55.16925501836979,54.861318873059645,55.127260328002464,595400
2012-05-07,55.07129669189453,55.18327011563062,54.63038698618517,54.75636042503909,252000
2012-05-08,54.70735168457031,54.79133572722295,54.16846876100761,54.65836232788279,437700
2012-05-09,56.37302017211914,56.68095109047338,55.197269861694124,55.414222039991174,790900
2012-05-10,55.79914093017578,56.25403995822821,55.76414623289122,56.17006122785109,477600
2012-05-11,56.48497772216797,57.10784473080738,56.442988367701425,56.715929850613534,448900
2012-05-14,55.77812576293945,56.12805128300668,55.701141721369495,55.98108320531121,385700
2012-05-15,54.79834747314453,55.24625178437901,54.693368732196326,55.23225177121762,429900
2012-05-16,53.692569732666016,54.378420724602734,53.622585700347486,54.16846862764716,563100
2012-05-17,54.03550338745117,54.46241299032447,53.986514023487366,54.25245552222802,881500
2012-05-18,53.230674743652344,53.895536514627345,53.0977066610096,53.78355777193837,365900
2012-05-21,53.678585052490234,53.7415744371735,53.0067285393674,53.02772322111484,566800
2012-05-22,54.04249572753906,54.539389302812445,53.78354893221091,54.18246379345515,282000
2012-05-23,54.063507080078125,54.08450176249768,53.37765053087321,54.014517707952145,241000
2012-05-24,54.02850341796875,54.231460880082224,53.70657254892537,54.06349810915529,358800
2012-05-25,53.74855041503906,53.98649715438655,53.615577037498674,53.902513125502324,199600
2012-05-29,53.92353057861328,54.34344017997509,53.6785784166653,53.95151992452249,435100
2012-05-30,53.42662048339844,53.804540647906585,53.3846311338217,53.5805885510987,489300
2012-05-31,53.811546325683594,54.056493123103145,53.489615486297936,53.811546325683594,294800
2012-06-01,52.35585403442383,53.30065719988157,52.313864681093136,53.08369974898049,574900
2012-06-04,52.2228889465332,52.313867663750045,51.718995320077,52.29987299165512,584400
2012-06-05,52.49583053588867,52.64279862064018,52.09691563743745,52.18089434904405,247500
2012-06-06,53.79754638671875,53.81154105686973,53.18867411608649,53.20266878623747,397300
2012-06-07,53.769554138183594,54.34343175022763,53.66457541926736,54.252447702095154,225500
2012-06-08,53.545597076416016,53.601581093811774,52.95072484350434,53.20266627038263,271200
2012-06-11,52.901729583740234,53.769548587044454,52.88773491440128,53.73455390453873,282200
2012-06-12,53.531593322753906,53.58758267567195,53.01370515685842,53.328635923004924,140900
2012-06-13,53.28667449951172,53.6785894964189,53.15370105151477,53.48263199796531,259600
2012-06-14,53.209693908691406,53.30067799565909,52.82477889428922,53.069725783352744,223300
2012-06-15,53.538612365722656,53.59460173855122,53.12570275485309,53.19568680116855,179000
2012-06-18,53.78356170654297,54.014513875654316,53.53861486329187,53.55960954422186,407800
2012-06-19,53.811546325683594,54.06349312858363,53.580594199785274,53.69257292971406,215000
2012-06-20,54.15447235107422,54.19646704491209,53.70656810602865,54.02150428233367,271200
2012-06-21,53.370643615722656,54.56738829398229,53.32864892107924,54.46240956653357,299800
2012-06-22,53.74855041503906,53.88851845707423,53.46160898759687,53.881518453140906,188700
2012-06-25,53.25166702270508,53.580597890226805,53.03471489282482,53.53160852736868,396000
2012-06-26,53.39863204956055,53.53160010528994,53.08369590407258,53.496610759861895,515200
2012-06-27,53.384639739990234,53.468623792121996,53.25866633151261,53.3636450618173,415100
2012-06-28,54.61637496948242,54.665364327957796,54.056492010244256,54.32243881863021,341500
2012-06-29,56.32402038574219,56.3380150587633,55.855116078210145,56.17704695209882,797000
2012-07-02,56.11406326293945,56.23303667239909,55.708148330081535,56.22603666612489,270700
2012-07-03,56.60395431518555,56.77192242141441,56.35900750123523,56.43599154839677,174700
2012-07-05,56.42198181152344,56.533955179672894,56.17702972353411,56.393987134626414,235200
2012-07-06,56.08607482910156,56.25403762232241,55.78513859905037,56.04408546565658,162300
2012-07-09,55.52617645263672,55.53317645776492,55.127261591360835,55.4281977385998,158600
2012-07-10,54.30144119262695,54.92431354842814,54.105483750100674,54.92431354842814,284000
2012-07-11,54.14048385620117,54.399430696558284,53.88153701584407,54.2384625872681,179900
2012-07-12,53.125701904296875,53.32865403353026,52.78977101214432,53.24467531507241,397100
2012-07-13,53.5736083984375,53.66458712697887,52.99273065455492,52.99273065455492,166400
2012-07-16,53.34965515136719,53.50361791819103,53.209681718653925,53.32865513187983,159000
2012-07-17,53.104705810546875,53.237679243854565,52.77578023987336,53.13970050545125,184500
2012-07-18,53.52460861206055,53.65757667567044,53.10469372652322,53.11869373707557,240300
2012-07-19,53.71355438232422,53.94450645136165,53.629570355554684,53.66456503490159,148000
2012-07-20,52.579803466796875,52.91573429461044,52.565808796214355,52.76876622601681,252700
2012-07-23,51.949947357177734,52.1039101076904,51.621016499449894,52.00593138489146,208200
2012-07-24,51.07513427734375,51.446054496229216,50.78119276513864,51.41805981223635,338600
2012-07-25,50.74620056152344,50.94915800448044,50.41726971740139,50.73220055059414,226400
2012-07-26,51.865970611572266,51.963949348171134,51.55803438829541,51.69100781915418,211800
2012-07-27,53.25166702270508,53.36364576034656,52.5098265738706,52.70578402530309,283800
2012-07-30,52.81776428222656,52.91574301076113,52.607806812829494,52.761774911795314,187500
2012-07-31,53.545597076416016,53.937511895381085,53.51760239799866,53.9165172214278,1462000
2012-08-01,53.685569763183594,54.112479301880775,53.53860169338546,53.94451655631711,1176600
2012-08-02,53.909523010253906,54.02150173595692,53.3426453948411,53.748560266355234,1199500
2012-08-03,56.72991180419922,56.91187453182694,55.890092866505825,56.08605026267171,1725400
2012-08-06,56.51296615600586,56.764912933825535,55.848109866416756,56.20503001879531,1414600
2012-08-07,57.170814514160156,57.387766557158535,57.12881983464199,57.366771887118425,322300
2012-08-08,56.645938873291016,56.792906935357685,56.25401870167409,56.310008060396385,461100
2012-08-09,57.079856872558594,57.25481965634102,56.86990473568393,56.90489408877616,206700
2012-08-10,57.03086853027344,57.07286322995443,56.338017389102966,56.39400676238395,257900
2012-08-13,56.680938720703125,56.96788023274484,56.624954691046305,56.72293341724588,264300
2012-08-14,56.226036071777344,56.42899353606091,56.09306799061522,56.338014813219424,295600
2012-08-15,56.135047912597656,56.31001066210934,56.01607452439516,56.072063885704345,191400
2012-08-16,57.60474395751953,57.709722693369216,57.121850315715484,57.26181840388819,332100
2012-08-17,57.78671646118164,57.7937164685995,57.65374301744838,57.7937164685995,189700
2012-08-20,57.15685272216797,57.40879960997357,57.107863346174746,57.38780492589669,185300
2012-08-21,57.31781005859375,57.905682459669535,57.21283131856149,57.76571436592021,355000
2012-08-22,57.709720611572266,57.87068871266045,57.40878442736052,57.548757849924186,513600
2012-08-23,57.42976760864258,57.835682443654285,57.27579954436648,57.76569841610307,275900
2012-08-24,57.723716735839844,57.75870608454414,57.21282312191149,57.27580715324306,150200
2012-08-27,57.100852966308594,57.3877945017488,57.058863605781944,57.3877945017488,136500
2012-08-28,56.61095428466797,56.77192238484024,56.477980868849144,56.54797024945279,215300
2012-08-29,56.687931060791016,56.75791509297818,56.46397895412843,56.617947028603844,211200
2012-08-30,56.1490592956543,56.42899548002266,56.002085857588305,56.42200081302177,177100
2012-08-31,55.72213363647461,55.9180910449124,55.29522413690416,55.68713895377975,300000
2012-09-04,55.09927749633789,55.32322962681002,54.86832536007101,55.07827747895365,378900
2012-09-05,54.896331787109375,54.99431053143533,54.595395546839356,54.651379586853395,467800
2012-09-06,56.21204376220703,56.24703845523907,55.54718731012223,55.54718731012223,351700
2012-09-07,57.15685272216797,57.2058420981612,56.49199614233968,56.55498019457032,420500
2012-09-10,57.170814514160156,57.555729256917346,57.12881983464199,57.52073991999649,251700
2012-09-11,56.897884368896484,57.05184709276263,56.76491097978039,56.820900337243906,339500
2012-09-12,57.43678283691406,57.681729667986275,57.24082537205629,57.58375093555739,268000
2012-09-13,58.045658111572266,58.11564216112197,56.84191323733076,56.96088665550933,377900
2012-09-14,58.213623046875,58.60553801037036,58.1226443130467,58.206623039829466,349700
2012-09-17,56.97486877441406,57.940661169521576,56.96786876982543,57.91966649519475,412000
2012-09-18,56.98186111450195,57.079839816988645,56.78590370952856,56.869887742848086,395100
2012-09-19,57.513755798339844,57.87068130589479,57.4367717606429,57.50675579324755,314800
2012-09-20,57.345802307128906,57.422786357250146,57.03086610042191,57.303807609237126,227800
2012-09-21,57.037864685058594,57.49276896822623,57.03786468505859,57.443779604773724,121300
2012-09-24,56.338016510009766,56.373011202624454,56.0230856342393,56.22603776519511,341100
2012-09-25,56.80313491821289,57.487760595880154,56.760782996655756,57.36777515199761,549500
2012-09-26,55.525638580322266,56.13969043229842,55.43388593410739,56.09734388556247,576400
2012-09-27,56.64080047607422,56.69726611782487,56.22437848409818,56.46434938424845,484400
2012-09-28,55.41270446777344,55.44093728971007,55.09508925963142,55.193901443979556,646300
2012-10-01,54.39634323120117,54.77041869019831,54.2622386761418,54.431635604067345,578400
2012-10-02,54.24106979370117,54.45281327830512,54.04344541332975,54.34694153600314,394500
2012-10-03,54.410457611083984,54.55868127103631,54.156372985826025,54.311645427689186,246400
2012-10-04,55.74443435668945,55.8079541684982,55.539750432760826,55.560923703363734,305900
2012-10-05,54.84099578857422,55.1938979632365,54.76335687935973,55.024506427159366,312500
2012-10-08,54.5869026184082,54.7421804278095,54.46691717836521,54.64336825543768,145500
2012-10-09,53.68348693847656,53.979928912089456,53.492922098524765,53.951696086752,294400
2012-10-10,52.58242416381836,53.132950696170695,52.42008679370582,53.104717875939826,550800
2012-10-11,52.8294563293457,53.0906058863367,52.787109790050955,52.787109790050955,369600
2012-10-12,52.70240783691406,53.168241277751235,52.596536110827465,53.05531000062962,197600
2012-10-15,53.78934860229492,53.88110122879331,53.52114488916592,53.817581422339,341100
2012-10-16,54.57279968261719,54.61514622632523,54.17049136280899,54.17755091504719,318700
2012-10-17,55.045684814453125,55.05980391827398,54.805713898101935,55.010397824621656,278900
2012-10-18,55.41270446777344,55.575036462833864,55.20802054737797,55.539749474058205,840400
2012-10-19,54.93276596069336,55.40565368705701,54.74219572866793,55.356247587061716,310500
2012-10-22,55.73738479614258,55.85737027430743,55.27861077302031,55.69503824734586,484500
2012-10-23,54.826881408691406,54.94686685426095,54.60102423502999,54.92569358561454,282600
2012-10-24,54.60809326171875,54.98216876567392,54.49516196286247,54.89747029153171,198200
2012-10-25,55.37034606933594,55.617381886186585,55.06685000007271,55.447984974370215,526400
2012-10-26,54.60103225708008,54.78454292041027,54.248130034831554,54.55868571356564,195100
2012-10-31,54.678672790527344,54.876297179241426,54.318711005449124,54.318711005449124,290700
2012-11-01,55.08803176879883,55.13743785799175,54.608084594556246,54.770416579821614,186200
2012-11-02,54.91158676147461,55.40564770811232,54.84100201064597,55.37741488475296,157200
2012-11-05,57.41717529296875,57.46658137561859,56.17495829152539,56.683138218700364,681000
2012-11-06,57.33956527709961,57.480729430677634,57.127827124025366,57.29015916956277,324900
2012-11-07,56.238494873046875,56.8172542663281,56.09733614682617,56.80314054765012,279800
2012-11-08,55.299766540527344,55.89969912628517,55.23624673744148,55.77971368610552,223400
2012-11-09,55.51152420043945,55.79384707333518,55.37036007156113,55.47623182200464,172600
2012-11-12,54.84099578857422,55.06685296496369,54.83394162218006,54.90452098014055,157700
2012-11-13,54.96098327636719,55.16566717140056,54.579848304738796,54.70689329528159,182100
2012-11-14,53.93051528930664,54.59396774515576,53.761118360917,54.32576401916229,381000
2012-11-15,56.64786148071289,56.69020802068221,56.01263645687248,56.08321581844139,739400
2012-11-16,57.9394645690918,58.073569091116454,57.42423051527061,57.953583668704255,522300
2012-11-19,58.80056381225586,58.80762336413335,58.4829539809529,58.55353334514685,361900
2012-11-20,58.49000549316406,58.617050485194504,58.193563588519964,58.27120249391966,229000
2012-11-21,59.59105682373047,59.59105682373047,59.17462948968294,59.30167447813785,285200
2012-11-23,60.423912048339844,60.48037768984073,60.078069417651854,60.30392659879543,352900
2012-11-26,61.21442413330078,61.29205767103143,60.861521897834606,61.108552385688775,438500
2012-11-27,60.16276931762695,60.55802346809583,60.07807623063121,60.50155782019163,249500
2012-11-28,60.07101821899414,60.155716693022605,59.146416096508055,59.60518468912864,302200
2012-11-29,61.059139251708984,61.15795143546361,60.381567683880064,60.416854672443776,300600
2012-11-30,60.75564956665039,60.854461760842945,60.5933121705565,60.656837372457844,273300
2012-12-03,60.459205627441406,60.74858262240536,60.360388060412184,60.43097280612736,334500
2012-12-04,60.36037063598633,60.6779857454374,60.31802410866959,60.346256921833586,244900
2012-12-05,60.183921813964844,60.38155151340805,59.958064685174165,60.035703578026464,252500
2012-12-06,60.459205627441406,60.459205627441406,60.19099651738792,60.318041520871134,170300
2012-12-07,60.76975631713867,60.84033567848734,60.37450758569806,60.5086121416626,252400
2012-12-10,60.6427116394043,60.73446965602589,60.38862162929243,60.41685445095598,250300
2012-12-11,60.734493255615234,60.960350531824865,60.508635979405604,60.558042090299516,272900
2012-12-12,61.24969482421875,61.40497262807413,60.86855986517172,60.86855986517172,328700
2012-12-13,60.6144905090332,60.699188990360476,59.99338446721675,60.642723336142296,359600
2012-12-14,60.6427116394043,60.69917728273141,60.46626054265217,60.473320094283096,168000
2012-12-17,61.11559295654297,61.11559295654297,60.600358822911645,60.600358822911645,168100
2012-12-18,62.993038177490234,63.04950381780281,61.89903928208849,62.12489645847893,612500
2012-12-19,64.05175018310547,64.517583678261,63.95293799653193,64.48229130383032,561500
2012-12-20,65.378662109375,65.42101403668384,64.80696224687969,65.1598644602443,754700
2012-12-21,64.06587982177734,64.23527679930592,63.649457701291595,63.8400225699342,531400
2012-12-24,64.3552474975586,64.49640622819913,64.09409792252715,64.15762312071769,163600
2012-12-26,63.7764892578125,64.20703039449425,63.62827097245885,63.896474719547285,586400
2012-12-27,65.31513214111328,65.36453822790871,64.44699046186838,64.73637281656988,684600
2012-12-28,64.98341369628906,65.25161744131093,64.84225496414292,65.1386915325661,509000
2012-12-31,65.81624603271484,65.89388493067352,64.96222354002839,64.96222354002839,521400
2013-01-02,67.75016021728516,67.75016021728516,66.8961375726328,66.8961375726328,535700
2013-01-03,67.31256103515625,67.84896845000883,67.13610995227745,67.31256103515625,539800
2013-01-04,68.70298767089844,68.8512113119138,68.03953529356143,68.30773898781601,743800
2013-01-07,67.42549896240234,67.6442966210687,66.62088231165308,67.2984539446598,325500
2013-01-08,66.29621124267578,66.543241719622,65.7809716323075,66.32444406644971,501000
2013-01-09,67.51725769042969,67.51725769042969,67.05848371131765,67.11494397600995,379000
2013-01-10,68.36421203613281,68.54066312947718,67.79251221685224,67.95484420720746,452000
2013-01-11,67.83484649658203,68.10305017144451,67.75014804853433,67.75014804853433,495100
2013-01-14,68.32186126708984,68.4841932473951,68.05365217550076,68.16658345298241,602800
2013-01-15,68.06072235107422,68.15953454186575,67.26316527258244,67.46078965416551,1054800
2013-01-16,66.79730987548828,67.3972423758658,66.48675430052914,66.57851229396276,700400
2013-01-17,68.30774688720703,68.58301016402336,67.46783795366687,67.72898751225215,744600
2013-01-18,67.6795654296875,67.76426387364137,67.37606940325963,67.73603105899008,517600
2013-01-22,66.93144226074219,67.01613535472646,66.45149498367428,66.60677283579345,558400
2013-01-23,66.66322326660156,66.7620354515764,66.44442562628019,66.48677216702362,422400
2013-01-24,67.5737075805664,67.85603040012592,67.04435431321477,67.04435431321477,521900
2013-01-25,67.82779693603516,68.0960060352585,67.70075193768196,68.07482738148309,372900
2013-01-28,66.8961181640625,67.19255462217936,66.70555340808978,67.19255462217936,416500
2013-01-29,67.47488403320312,67.6442755424556,67.17844754579654,67.24196734244411,370400
2013-01-30,67.47488403320312,67.97600439568347,67.43959705224081,67.8419052522523,256800
2013-01-31,67.31256103515625,67.51018538640297,67.12905040120158,67.47489301588331,329700
2013-02-01,69.26058197021484,69.3593941527678,68.59712951376788,68.63241650190245,535000
2013-02-04,69.04883575439453,69.60642179590631,68.90767166390198,69.47937680689274,650500
2013-02-05,69.77581787109375,70.34751766651688,69.30998441937135,70.23459177161617,714500
2013-02-06,72.55668640136719,72.55668640136719,71.61090581046638,71.8155897098767,1104900
2013-02-07,72.55668640136719,73.1213266276298,72.27436359580607,72.92370227919491,682000
2013-02-08,73.72126770019531,74.03888291229254,73.43189069524655,73.82713943756104,779500
2013-02-11,74.76585388183594,74.81525997019544,74.16592127036765,74.16592127036765,700100
2013-02-12,73.9894790649414,74.26474235952989,73.86949360522036,74.18004389009481,455300
2013-02-13,73.55186462402344,74.05298502516635,73.4177600853868,73.87653395216422,855600
2013-02-14,72.4437484741211,73.05074056564854,72.40140194187563,72.69783843731207,535300
2013-02-15,72.41553497314453,72.76843719561099,72.28848995766218,72.66962500410922,478700
2013-02-19,72.35907745361328,72.47906831522504,71.7097385836983,71.82972406044888,753100
2013-02-20,72.40847778320312,73.39660511531818,72.37319079072161,73.25544637567063,602100
2013-02-21,71.35682678222656,71.9285320321211,70.81335974057028,71.82266029066948,608600
2013-02-22,72.23202514648438,72.23202514648438,71.61091916629792,72.01322748917586,694400
2013-02-25,70.17106628417969,72.3308312291697,70.1146006445379,72.08379540195185,697300
2013-02-26,72.31671142578125,72.54256859729911,71.63913991122769,72.16849316180326,845700
2013-02-27,71.7167739868164,71.85087852441531,70.79922626036172,70.92627124733454,434600
2013-02-28,72.41553497314453,72.75432347605097,72.04145947890777,72.62021890835834,538800
2013-03-01,72.47904205322266,72.66960683637383,71.99203538481747,72.22495208578162,925800
2013-03-04,72.30260467529297,72.31671839399667,71.6250330954507,71.99910856699131,244900
2013-03-05,72.90959930419922,73.26250151693036,72.37318643308696,72.50729099708012,2210200
2013-03-06,73.72126770019531,73.84125854113528,73.20603350180109,73.56599525490051,606300
2013-03-07,72.8813705444336,73.28367887398302,72.76843924533023,72.83901861483947,399000
2013-03-08,73.18486022949219,73.40365787114513,72.69785346853797,72.99429002526651,420600
2013-03-11,73.53775024414062,73.53775024414062,73.21308091892867,73.33306635512147,174300
2013-03-12,72.52845764160156,73.0084048224593,72.37317982060937,72.65550264197155,398500
2013-03-13,72.66255950927734,72.87430297938425,72.36612295901577,72.4578809756635,180500
2013-03-14,73.07899475097656,73.14957412031,72.72609251944868,72.74726579176264,196600
2013-03-15,73.354248046875,73.54481285654651,73.05781150522597,73.5024663176995,285600
2013-03-18,72.60609436035156,73.13544761510369,72.48610353011432,73.00134306741136,481500
2013-03-19,72.8037109375,73.40364348516654,72.41551643820208,73.18484588639454,242400
2013-03-20,73.60128784179688,73.85537787685514,72.98018185879924,72.98018185879924,308800
2013-03-21,73.0719223022461,73.61539465840451,72.87429794904658,73.61539465840451,342100
2013-03-22,73.39659881591797,73.4389507420659,73.12839507966243,73.17780117278477,175500
2013-03-25,72.91664123535156,73.60833182557191,72.34494146981828,73.59421272391013,295500
2013-03-26,74.02632904052734,74.28356382845384,73.69049443120629,74.19781708197615,277800
2013-03-27,73.66905212402344,73.74050501356153,73.19031176746152,73.32607607363813,657700
2013-03-28,73.34036254882812,73.36894479419549,73.02596330129307,73.34036254882812,327200
2013-04-01,72.32573699951172,72.80447747345849,72.08279057370564,72.79733054730049,334900
2013-04-02,71.41824340820312,71.71120731248364,71.2396084767654,71.32535520639748,498800
2013-04-03,72.08277130126953,73.30463367525216,71.92557712837313,73.23318078729818,559800
2013-04-04,75.47684478759766,75.66262668091373,74.89806923521701,75.19817467337685,1709400
2013-04-05,76.09850311279297,76.255702770807,74.99811095820178,75.22676351944754,1578300
2013-04-08,77.67761993408203,77.69905525554587,76.57722800305535,76.8130274421695,1075600
2013-04-09,76.82732391357422,77.13457627369421,76.34143658714044,76.56294765239399,686500
2013-04-10,77.72763061523438,77.87054183150902,77.4489605578807,77.63474241328497,592600
2013-04-11,80.94308471679688,81.20031953508601,79.89985704329416,80.38574442767283,2010500
2013-04-12,80.81446838378906,81.18603221582434,80.02847551810908,80.92879739410985,580800
2013-04-15,79.37821960449219,80.74299316767747,79.31391364258583,80.23567059045062,567700
2013-04-16,80.39286041259766,80.62151289068514,80.07846121091295,80.37142509457462,327500
2013-04-17,79.78553771972656,80.68585418000553,79.55687968999638,80.55723676403603,646800
2013-04-18,78.99239349365234,79.54258685537859,78.87806448515967,79.54258685537859,312200
2013-04-19,80.21424865722656,80.31428380455795,79.4782734512142,79.80696114266115,372300
2013-04-22,80.19281005859375,80.52149773661976,79.5139939276976,79.71406421419114,773600
2013-04-23,80.70012664794922,80.86446774888482,80.12134570370351,80.18565712040017,705100
2013-04-24,81.23604583740234,81.66476870220475,80.87162894914215,81.05741085610909,622200
2013-04-25,82.77229309082031,83.09383929221788,81.87197681052245,82.37215252179904,544900
2013-04-26,82.51507568359375,82.82946955403136,82.23640008818357,82.42218200128796,387700
2013-04-29,83.27247619628906,83.47254648546719,82.73657129963057,82.85804176784494,172900
2013-04-30,83.1009750366211,83.165280997345,82.75799355824331,82.82230497047287,334700
2013-05-01,81.25748443603516,81.99345971636794,81.22890218369608,81.65047813980622,632000
2013-05-02,81.72906494140625,81.9862997199417,80.62867293356155,80.80730789357193,461000
2013-05-03,82.11491394042969,82.46504237362329,82.0648963716172,82.13634926256275,437600
2013-05-06,82.19351959228516,82.35071923443141,82.05775527379403,82.17208426863003,241700
2013-05-07,82.94379425048828,84.00845719239655,82.85804749855008,83.25818810458124,560500
2013-05-08,85.53042602539062,85.56615520190235,83.28677111842998,84.12992843994115,946500
2013-05-09,84.41574096679688,84.80159315608496,83.71549493740885,83.9370005556735,1061800
2013-05-10,86.65940856933594,86.73086147758457,85.45183424935665,85.60903391840809,1370800
2013-05-13,89.19600677490234,89.21029517259733,87.94556209360421,88.08846787657866,1251400
2013-05-14,88.71012115478516,88.87446226315654,87.53112934272475,87.86696393570926,1332800
2013-05-15,90.46075439453125,90.46075439453125,89.58901480434781,89.75336138754103,807900
2013-05-16,89.40322875976562,90.2035099096513,89.23173526921315,90.0320218706053,571900
2013-05-17,90.9752197265625,91.0824018017185,90.23209757738947,90.26067982753153,605600
2013-05-20,91.92555236816406,92.1613518399201,91.53256415158413,91.56828242362707,667600
2013-05-21,92.69012451171875,92.8759009762902,92.26139617438214,92.66868918515337,513100
2013-05-22,91.34678649902344,93.59759393033941,91.11099245374442,92.89019543998046,917700
2013-05-23,89.07453918457031,89.30319171560127,85.6661810905858,87.51684211332613,1491500
2013-05-24,86.12348937988281,87.00237581579876,85.41609643729608,86.45932398993601,1252400
2013-05-28,88.01701354980469,88.90304138311154,87.70976121506439,87.73119653701039,658700
2013-05-29,85.43754577636719,86.03061527219552,84.82304095323306,85.95916236400706,930500
2013-05-30,86.07347106933594,86.57365224333185,85.89483610394595,85.97343592483806,558700
2013-05-31,83.99415588378906,85.36607099490969,83.95127978865614,84.62294894684284,657000
2013-06-03,83.03668212890625,83.13671727999534,81.20031478176101,82.58652394900534,1238900
2013-06-04,84.50150299072266,84.9516612338497,83.66548703704724,84.53722672026807,618800
2013-06-05,82.07920837402344,82.90092497889401,81.84340887539625,82.35787852639834,514700
2013-06-06,81.80052947998047,81.81481787920032,80.22853844196514,81.11456638427869,695700
2013-06-07,83.64403533935547,83.98701687521502,81.16458112113015,81.79337969495492,1392700
2013-06-10,86.56649780273438,87.05238508447151,86.0377398775077,86.94520302424158,857200
2013-06-11,85.68760681152344,86.65223439835576,85.22315487667656,85.98771220271469,861800
2013-06-12,85.12313842773438,86.69512951748021,84.58009201540133,86.43074778540525,595500
2013-06-13,86.67367553710938,86.70939925439903,85.03737882368382,85.1517023511188,449600
2013-06-14,83.87269592285156,85.21603449466276,83.45111997634118,84.80874694824294,591500
2013-06-17,86.01630401611328,86.38072086110222,85.41609316696102,85.78051001194996,586200
2013-06-18,87.3810806274414,87.8455326293677,87.10241051658693,87.48826269734847,721300
2013-06-19,86.3021240234375,88.01702078975825,86.2521064509472,87.67403925589149,616500
2013-06-20,83.64403533935547,85.13027957556928,83.29391232988904,85.0088091061737,747000
2013-06-21,85.4232406616211,85.57329337491012,84.02988469278345,85.30176474481021,765500
2013-06-24,83.26532745361328,84.079902442632,82.37215264534659,83.85124990977599,653500
2013-06-25,83.80838775634766,84.16565771585897,83.33678879306936,83.92271130860766,320200
2013-06-26,84.35857391357422,84.38715616208265,83.54399891135674,84.19423279903387,544900
2013-06-27,86.98809051513672,87.20245467711352,86.05204494095263,86.24496832552609,641700
2013-06-28,86.21638488769531,86.93806624434166,86.002020742222,86.68083145037636,466100
2013-07-01,87.9026870727539,88.19565101839319,86.64510090297827,87.45252894452236,604100
2013-07-02,88.93878173828125,89.56042795891324,88.51720036480596,89.10312286153763,620300
2013-07-03,88.97449493408203,88.97449493408203,87.97414355913337,88.25281364951279,170300
2013-07-05,89.51041412353516,90.01774226827699,88.85303870003428,89.97486616569597,335600
2013-07-08,89.24605560302734,89.46041435256939,88.86020331204196,89.2317617488197,324400
2013-07-09,90.17491912841797,90.50361222845437,89.66045505996114,90.50361222845437,454700
2013-07-10,90.58221435546875,90.75370784449588,90.21780295717555,90.55363755880398,290900
2013-07-11,92.38285064697266,92.47574431466482,91.6540278640442,91.83980429641589,346000
2013-07-12,92.6686782836914,92.6686782836914,92.22566704943635,92.33284366965508,297400
2013-07-15,92.63294982910156,92.88304314890631,92.31855053666588,92.88304314890631,241700
2013-07-16,92.111328125,92.50432719513427,91.518258783345,92.44716270284091,636000
2013-07-17,93.49039459228516,93.96199352632678,92.68297194789498,93.46895926828446,634200
2013-07-18,93.4618148803711,93.6976143400394,92.73298117803388,92.91161614114506,480000
2013-07-19,93.14742279052734,93.2760347404483,92.73298833575916,92.89018798767171,359300
2013-07-22,93.10455322265625,93.44752932944542,92.89018906728282,92.89018906728282,301500
2013-07-23,92.51863098144531,93.14028816078583,92.21138403204749,93.14028816078583,315500
2013-07-24,91.76835632324219,92.45431944101072,91.51113241996958,92.432884115738,300100
2013-07-25,91.13954162597656,91.23242982515866,90.24636699401483,90.66079588010103,302200
2013-07-26,88.95304870605469,89.00306626866981,87.83122155753938,89.00306626866981,616800
2013-07-29,85.92340850830078,86.7022542514453,85.82337337526398,86.33069596466659,650900
2013-07-30,87.5954360961914,88.13134097452313,87.42394806154702,87.89554697120198,437900
2013-07-31,87.10240173339844,87.5025422724287,86.63080285396478,87.32390732443218,363700
2013-08-01,90.20350646972656,90.65367005087668,89.96056554463486,90.21065339443699,622900
2013-08-02,95.98413848876953,96.4200082294389,92.21136898721055,92.76156771956661,1166200
2013-08-05,92.54005432128906,92.86874745768773,91.5754320419047,92.29711338304529,792600
2013-08-06,92.67581939697266,92.91161886355013,92.2471020147517,92.66152554666134,494600
2013-08-07,91.1467056274414,92.2113739769866,91.10383497899225,91.82551633491751,593400
2013-08-08,91.48255920410156,91.80410003712302,90.84661901327581,91.45397694870955,381700
2013-08-09,91.15386199951172,91.98272551396668,90.96093860999002,91.81838437687547,318700
2013-08-12,91.68975830078125,91.81837023965525,91.26817695672635,91.81837023965525,294400
2013-08-13,93.03309631347656,93.28318964912863,91.78980381844319,91.98272174856035,296300
2013-08-14,92.36856079101562,92.86873645845783,92.20420879077533,92.69724298547258,136700
2013-08-15,91.06809997558594,92.14706210656107,90.74655922978373,92.13990973026843,335400
2013-08-16,92.08991241455078,92.61152352616732,91.73978391332084,91.8898421004235,282600
2013-08-19,91.60401153564453,92.26853930159302,91.38250591466617,92.08990432944746,196100
2013-08-20,90.58221435546875,90.88232523551302,89.98915042331247,90.23923828042733,299900
2013-08-21,87.78836822509766,88.96021316724445,87.55971568642283,88.7458490272027,437300
2013-08-22,89.15312194824219,89.396068297315,88.71725771740142,88.82443431838362,184600
2013-08-23,90.75372314453125,91.20388136322953,90.05347157504882,91.20388136322953,204300
2013-08-26,89.45325469970703,90.29641202685882,89.30320197006651,90.22495367335735,182900
2013-08-27,88.63151550292969,89.30318464468525,88.40286299000316,89.05309135896371,330000
2013-08-28,88.53863525390625,89.06739321543148,88.0884716603386,88.46717690784341,173700
2013-08-29,88.52434539794922,89.30319670282014,88.33856350251565,88.43145717598577,239500
2013-08-30,86.30927276611328,86.83088382571025,86.1878022948654,86.60223128215267,396500
2013-09-03,88.81731414794922,89.50327181628369,88.4028796864012,88.6029499915604,575200
2013-09-04,89.91769409179688,90.3750046212758,88.60294335550287,88.75299607313383,410500
2013-09-05,89.77479553222656,90.02488341509391,89.03882028342822,89.15314383637887,315300
2013-09-06,89.71046447753906,90.36783971488211,88.84586661466831,90.00342292942882,307100
2013-09-09,90.60366821289062,90.66082726598003,89.7104932717206,89.76051085036583,258300
2013-09-10,91.01808166503906,91.22529887010691,90.63222950230991,90.74655849193616,395400
2013-09-11,91.1467056274414,91.2824699495393,90.24638930096911,90.33213059786742,265600
2013-09-12,89.96772003173828,90.41073127390979,89.68190298586545,90.07489665387222,328200
2013-09-13,90.60366821289062,90.6751211178828,89.91056358630154,90.11063390088246,219300
2013-09-16,91.28246307373047,91.79693262239483,91.09668119193361,91.46109803082192,163700
2013-09-17,90.58937072753906,90.93949376401261,90.10348336097073,90.31070059319177,286600
2013-09-18,93.55470275878906,93.72619625783051,90.97521876591154,91.0966892391025,594200
2013-09-19,93.03309631347656,93.50469528201323,92.72584937831766,93.29033112331348,629500
2013-09-20,92.4971694946289,93.39749656765697,92.34712225113185,93.17598008414225,408000
2013-09-23,92.73297119140625,92.85444164487888,92.06130205795976,92.46859496343711,296300
2013-09-24,93.29033660888672,93.85482929008934,92.84017293944851,93.3332072625447,221600
2013-09-25,93.62776947021484,94.02433572259115,93.37539912571901,93.88012881242867,260900
2013-09-26,95.16360473632812,95.4231816184115,94.28392813606132,94.36324360009468,247500
2013-09-27,93.92339324951172,94.30554652656448,93.63497941854895,93.6710338979899,179600
2013-09-30,92.31546020507812,92.46688461046476,91.24831587959204,91.92609495081452,358500
2013-10-01,91.80352020263672,92.63272369436731,91.3781059640658,92.31546188855779,305700
2013-10-02,92.04869079589844,92.24337070190354,90.94548632473031,91.6304829964602,225000
2013-10-03,92.11357879638672,92.65436301632637,91.50069111401676,92.65436301632637,177000
2013-10-04,92.3010482788086,92.49573368195944,91.587214636586,91.9116884747902,155400
2013-10-07,90.3758773803711,91.09692317597441,90.31819789759139,90.46240485625492,289600
2013-10-08,89.1789321899414,90.53449612239736,89.04914374419567,90.48402314355968,291200
2013-10-09,92.35873413085938,92.38758211797037,90.83733287925716,92.05589627989448,565200
2013-10-10,94.45697021484375,94.45697021484375,93.54123925502263,93.77918561476902,364200
2013-10-11,94.92565155029297,94.92565155029297,93.66382171425339,94.2695083972875,568300
2013-10-14,94.27672576904297,94.58677014057128,93.66383251991749,93.73594149120906,317100
2013-10-15,93.45471954345703,94.02434071967096,93.37540408831002,93.99550373701867,439300
2013-10-16,93.90899658203125,94.05320352257746,92.87068900644354,93.37541879949748,187900
2013-10-17,93.80802917480469,93.81523566938478,93.159081587298,93.33934297233623,317700
2013-10-18,93.38983917236328,93.66382904808984,92.79857643608469,93.01489233965695,357700
2013-10-21,93.28889465332031,94.45698514738919,93.13747021780425,93.28167715497703,561200
2013-10-22,94.24787139892578,95.56016861657626,93.42587988831681,95.56016861657626,344300
2013-10-23,93.19515991210938,93.46916080821067,92.69043010530537,93.2023664085335,327400
2013-10-24,93.60614013671875,93.73592305677887,93.06535596523733,93.44750923290164,164200
2013-10-25,92.7913589477539,93.30329515653585,92.65435852497822,92.87788089801957,308200
2013-10-28,92.56062316894531,93.0148854324857,92.4524707263324,93.0148854324857,282800
2013-10-29,92.97882843017578,93.01488291083032,92.56062065960508,92.65436010885037,302200
2013-10-30,93.88014221191406,94.0820341154139,93.4691519091764,93.76477226640458,478700
2013-10-31,93.31771850585938,94.02434010015158,93.19514207640029,93.98107912531691,373900
2013-11-01,93.56287384033203,93.84408118648032,92.98604615756423,93.3826124388964,202400
2013-11-04,93.46914672851562,93.73593008572136,93.1663088900511,93.73593008572136,201500
2013-11-05,92.71924591064453,93.15908414229213,92.40198410391089,92.86345282217378,498500
2013-11-06,93.15907287597656,93.988281770982,93.05092045597969,93.988281770982,362700
2013-11-07,90.7940673828125,92.47410507600736,90.6642789451163,92.08473976291873,499100
2013-11-08,91.8395767211914,92.02704460956976,91.07526467213853,91.07526467213853,459500
2013-11-11,91.3348388671875,91.6088396980246,91.16178947480792,91.47905127845466,315100
2013-11-12,91.78911590576172,91.81795289152993,91.1329617061262,91.1401737031392,641700
2013-11-13,92.04869079589844,92.10637026732921,90.83733387758402,91.08248675930464,332900
2013-11-14,91.91889190673828,92.2505722096047,91.42136870186806,91.57278761179788,307100
2013-11-15,92.27942657470703,92.52458496126134,91.98379521167712,92.06311067487336,311600
2013-11-18,92.04146575927734,92.7264623339619,91.76025843425283,92.01262327707727,846300
2013-11-19,91.02479553222656,91.40694882226296,90.70032721079905,91.075268504474,731300
2013-11-20,90.88780975341797,91.38532752959142,90.71475483017839,91.01038619818955,285800
2013-11-21,90.57054138183594,90.70754181092929,90.21001856939367,90.21001856939367,635300
2013-11-22,91.07526397705078,91.39973778348984,90.4479578533226,90.64984973227608,385000
2013-11-25,90.56330871582031,91.21225073033534,90.46236279146689,91.21225073033534,263100
2013-11-26,90.0802230834961,90.38306090196112,89.95764665713756,90.28211496247278,291600
2013-11-27,90.28211975097656,90.62101206629396,90.0658093696605,90.1307008337129,246200
2013-11-29,90.1667709350586,90.48402731617882,90.0514009774568,90.1667709350586,184500
2013-12-02,89.48175048828125,90.52726982283636,89.43848951621031,90.00090415769607,521200
2013-12-03,89.12844848632812,89.46734080394893,88.34971790555798,89.08518750999916,489400
2013-12-04,88.76793670654297,89.11403556244709,88.04689100541023,88.29925590057826,389400
2013-12-05,87.67915344238281,88.27041067895671,87.43400055213746,88.18388871823105,460100
2013-12-06,88.50112915039062,88.78954847023984,88.16944885796337,88.16944885796337,283800
2013-12-09,88.27761840820312,88.6381412301755,88.16224846462394,88.43624933005364,326000
2013-12-10,87.7512435913086,87.9242984887779,87.46282976447534,87.52050922915733,362600
2013-12-11,86.7706298828125,87.83777985304538,86.66968393306445,87.48446902892724,414500
2013-12-12,86.7706298828125,87.23931065015222,86.71295041234339,86.99415777251888,324800
2013-12-13,85.96307373046875,86.52548852570304,85.74675780869754,86.52548852570304,595100
2013-12-16,85.55207824707031,85.90538911974623,85.37902880959633,85.48718126980354,661700
2013-12-17,85.53762817382812,85.883732444402,85.16268692341879,85.43668224098174,343200
2013-12-18,87.27537536621094,87.31142435183837,85.94144187286507,86.53269914834962,680600
2013-12-19,85.5953140258789,85.9630487857238,85.35016118674285,85.75394492232732,691900
2013-12-20,85.62416076660156,85.67463373606044,85.23479550171545,85.42226888876604,340700
2013-12-23,85.99909973144531,86.12888814959065,85.64578895471561,85.7683653770915,395000
2013-12-24,85.52323913574219,85.53045113375505,85.26366221870587,85.26366221870587,289100
2013-12-26,87.74404907226562,87.93872898206324,86.82111149769253,86.82111149769253,434900
2013-12-27,87.88104248046875,88.3136742745273,87.57099262866907,88.30646227765519,292900
2013-12-30,87.5060806274414,88.59486085170025,87.47723814786244,88.59486085170025,288600
2013-12-31,87.90987396240234,87.90987396240234,87.40514426737097,87.60703614538352,230000
2014-01-02,86.97972869873047,87.67914381052022,86.59757541112775,87.67914381052022,239400
2014-01-03,86.8932113647461,87.45562608213254,86.4317425965756,87.2465221870019,530500
2014-01-06,86.64806365966797,87.23211443908794,86.52548720639972,87.16000546550208,441100
2014-01-07,86.85717010498047,86.95090407176713,86.51827772338969,86.8066971226888,306200
2014-01-08,86.41732788085938,86.65527428718907,86.27312093825229,86.65527428718907,349400
2014-01-09,86.76342010498047,86.8859965391601,86.22984238947829,86.76342010498047,338500
2014-01-10,87.10952758789062,87.16721256305968,86.52548234244458,86.87879318835645,242000
2014-01-13,86.09284210205078,86.88599112830501,85.94862968746021,86.88599112830501,421600
2014-01-14,86.1361083984375,86.34521228665908,85.5664817031735,85.98468947961666,473300
2014-01-15,86.14332580566406,86.5543216114619,85.88374892819787,86.12890181183715,426400
2014-01-16,86.40290069580078,86.40290069580078,85.73232802796039,86.23705777745673,244600
2014-01-17,85.9414291381836,86.51105583765673,85.76837422870263,86.07842406509582,407800
2014-01-21,86.85717010498047,86.9148550850688,86.25870081413473,86.88601259502462,550000
2014-01-22,87.74404907226562,87.78009805496939,87.05905238719143,87.45562970492605,371400
2014-01-23,86.06401062011719,86.84274125502283,85.84769472115168,86.81389876841797,435900
2014-01-24,84.99687194824219,85.83328766783063,84.87429548969156,85.79723317948395,591900
2014-01-27,84.38396453857422,85.2708530349977,83.74944639962675,84.9968521899989,673000
2014-01-28,84.96080780029297,85.27806413633252,84.57144250042747,84.74449191109827,564400
2014-01-29,84.50653839111328,85.31411140789403,84.30464651220338,85.27085043416794,542300
2014-01-30,84.47772216796875,84.96082149709171,84.14603628409368,84.67961409648925,329900
2014-01-31,82.7471923828125,83.28076457221974,81.91798886476562,82.86255681513298,566300
2014-02-03,81.29789733886719,82.30736235283757,80.81479807185038,82.17757391531077,553800
2014-02-04,81.11040496826172,81.23298688142876,79.85578736621345,80.64893629851659,561200
2014-02-05,83.39614868164062,83.53314362448673,82.27852564110343,82.7688369393779,709900
2014-02-06,83.61244201660156,83.77107291910977,82.51645519194457,82.61740112969689,439300
2014-02-07,84.63631439208984,84.83821174251014,83.4321697902126,83.569170188427,610900
2014-02-10,84.39118194580078,84.7300742750971,84.07392010541416,84.72286227841332,385000
2014-02-11,85.01849365234375,85.16270057920758,84.43444294591944,84.93196619554045,366100
2014-02-12,84.76612091064453,85.37901408554852,84.54259852990728,84.7589144153018,466700
2014-02-13,83.74944305419922,83.92249244861027,82.81929361988561,82.90582106766166,419000
2014-02-14,83.0428237915039,83.47545006877898,82.92024735481858,82.9923508175075,621700
2014-02-18,83.84318542480469,84.44165462118066,83.4610321190427,84.0162348366109,387500
2014-02-19,83.07888793945312,83.94414059467341,82.9923604734742,83.57641124183301,279900
2014-02-20,83.158203125,83.47545949689199,82.81931076083025,83.21588810212297,242300
2014-02-21,83.8864517211914,84.41281748778351,83.83597874366684,83.92250620562693,315800
2014-02-24,83.76387023925781,84.03065910506974,83.54034785239533,83.67734828364222,328600
2014-02-25,83.98017883300781,84.30464714065448,83.59802555920227,83.82154792664147,298600
2014-02-26,83.33845520019531,83.65571153648396,83.18703627809676,83.64129304439241,231300
2014-02-27,83.65570831298828,83.65570831298828,82.82651027170596,83.1005056200205,227800
2014-02-28,83.1365737915039,83.58361861757639,82.81931191405198,83.04283432708823,307800
2014-03-03,81.9107894897461,82.184790373366,81.586321128887,82.08383891546147,456300
2014-03-04,83.07166290283203,83.12213587477845,82.67509112357905,82.7976675552859,286500
2014-03-05,81.66561126708984,82.01171001118063,81.35556149572416,81.60792630936126,621900
2014-03-06,82.66786193847656,82.88417227278131,82.58854649888943,82.77601985619904,392200
2014-03-07,82.17035675048828,82.89861435420497,82.05499231391,82.77603792123385,309000
2014-03-10,81.72331237792969,82.05499822218576,81.4781594943355,81.91799778656441,235500
2014-03-11,81.08878326416016,81.78819833967056,81.05273428673512,81.62956743580538,224100
2014-03-12,80.25238037109375,80.49753324337614,79.72601464363221,80.23795637793505,483900
2014-03-13,79.46643829345703,80.598479713527,79.08428498939683,80.38937582050241,396100
2014-03-14,78.4209213256836,78.90402055943866,78.22623593222676,78.64444370225713,753200
2014-03-17,79.7981185913086,79.89906453946722,79.26454636516424,79.36549231332286,438500
2014-03-18,79.19242858886719,79.50968486810598,78.83911233302993,78.91842777812478,319000
2014-03-19,78.36323547363281,79.12754204386017,77.98829418478769,78.7453887587465,513300
2014-03-20,77.59172058105469,77.67824803695042,76.65435906284644,76.8274139746379,668100
2014-03-21,77.41868591308594,78.18299266504809,77.39704991913572,77.62057784748026,413200
2014-03-24,77.82966613769531,78.19018894841112,77.28888192162158,78.08924300150201,362500
2014-03-25,78.20459747314453,78.81748507302045,78.08923304901228,78.53627775659336,349300
2014-03-26,81.16083526611328,82.22555601125389,80.95523556420245,81.46189597403391,858400
2014-03-27,81.93184661865234,82.24024619737116,81.73358574506726,82.16681852655795,559000
2014-03-28,82.84972381591797,83.50323974636275,82.65880735018487,83.28295108573431,539400
2014-03-31,82.90113067626953,83.33435798224772,82.64413095219993,83.04798606083106,481000
2014-04-01,83.1360855102539,83.22419648195286,82.83502475115536,82.93782461958592,539200
2014-04-02,83.29764556884766,83.34904551281721,82.75426833011373,83.23890117511851,351100
2014-04-03,82.8717269897461,83.40775398167533,82.63675510242676,82.92312691502933,453200
2014-04-04,81.69688415527344,82.68082738269759,81.52799545092378,82.40179996048167,598400
2014-04-07,81.7923355102539,82.06402407254835,81.3884748909206,81.88045208233731,401800
2014-04-08,80.1108169555664,80.28704450096576,79.76570071095371,80.1108169555664,611900
2014-04-09,79.1048583984375,79.17828608700073,78.32650921358133,78.49539793923294,1117600
2014-04-10,75.91804504394531,77.3058490834405,75.9107005944496,77.15164925707143,1535400
2014-04-11,77.01946258544922,77.69500615456052,76.40266339682736,76.58623538422755,912300
2014-04-14,78.80377960205078,79.08280699576012,78.37055241690952,78.70097974109616,497400
2014-04-15,78.46601867675781,78.54679080755513,77.59221413568123,78.29712996631623,488000
2014-04-16,79.64820861816406,79.67023635859772,79.08280380356413,79.30309241224472,372700
2014-04-17,79.3177719116211,79.75834910791086,79.07546117626784,79.69960473478265,393100
2014-04-21,79.77304077148438,79.98598494479164,79.62618542542464,79.96395720309991,377000
2014-04-22,79.61150360107422,79.76570340878558,79.45730379336287,79.63353134472258,343900
2014-04-23,79.41326904296875,79.6629243390722,79.39124129356837,79.5087244910952,276800
2014-04-24,78.59817504882812,78.818458050688,78.26040329757211,78.818458050688,459600
2014-04-25,78.19432830810547,78.7303610182489,78.09152843528446,78.42930024629246,436500
2014-04-28,78.6202163696289,78.90658824303488,78.09152811036469,78.86253275548715,392800
2014-04-29,78.9359359741211,79.29573541599986,78.84781942415907,79.1635633921424,296500
2014-04-30,79.61150360107422,79.67024798558508,79.06078760117386,79.3031039856515,467700
2014-05-01,80.57342529296875,80.88182491069793,80.30908116286578,80.78636388461064,340900
2014-05-02,80.72029113769531,80.90386316287864,80.52937466289605,80.76434663104375,420500
2014-05-05,80.36048126220703,80.72028081695444,80.33845351834924,80.61013649549257,274800
2014-05-06,80.03739166259766,80.45593559674636,79.83179191981203,80.40453566104995,429400
2014-05-07,80.05941009521484,80.14018221365434,79.72898277590576,80.0373823542172,319000
2014-05-08,79.41326904296875,79.75104093884806,78.9580083473883,79.6702687895971,366500
2014-05-09,79.94194793701172,80.31643083666353,79.69228706840353,80.00803117735957,371700
2014-05-12,80.19157409667969,80.27234620701424,79.7436580674323,79.94191892086134,346200
2014-05-13,81.78498840332031,81.9024771622788,80.83775629236388,80.92587286158275,564200
2014-05-14,81.08741760253906,81.8290499920496,81.07273430866518,81.5573614369172,699500
2014-05-15,80.4045181274414,81.25629470714891,80.03737420905126,81.02131722129448,257900
2014-05-16,80.48529815673828,80.49264260443677,80.00800989543562,80.30907062717975,237400
2014-05-19,79.75102233886719,79.8831944066179,79.16358968171446,79.38387832868997,358900
2014-05-20,79.06077575683594,79.50869181782504,79.03140356898085,79.42791970176654,333200
2014-05-21,79.3471450805664,79.46463382827743,79.0020288868801,79.15623426879377,307000
2014-05-22,80.39717102050781,80.69823171266944,79.94191616215608,79.96394390018322,547100
2014-05-23,80.50733947753906,80.5734283136289,80.31642302038001,80.4118840500461,175600
2014-05-27,80.8524398803711,80.89649536100211,80.42655156036462,80.72026783630605,296400
2014-05-28,80.70559692382812,81.35911279690768,80.40453615420775,81.17554079655561,259100
2014-05-29,81.86575317382812,82.02729740180479,81.55735361251187,81.71889784048854,348500
2014-05-30,83.05532836914062,83.26092814309494,82.9011285386749,83.23155594650522,449700
2014-06-02,83.67211151123047,83.84834465669034,83.17279547010602,83.79694472314102,660400
2014-06-03,84.38436126708984,84.4651333815295,83.82630651554375,83.82630651554375,593400
2014-06-04,84.06129455566406,84.1934666226609,83.26091770491296,84.08332229980138,558100
2014-06-05,84.14205169677734,84.29625709288172,83.57665245235992,83.85567985059325,318500
2014-06-06,84.55326080322266,84.7808882810586,84.09065579707529,84.16408907575892,370900
2014-06-09,84.49451446533203,84.67074200531381,84.31828692535025,84.44311453274683,220200
2014-06-10,83.6133804321289,83.79695244059326,83.25357526197412,83.47386391300059,348900
2014-06-11,83.75288391113281,84.05394466732076,83.5472841762594,83.75288391113281,207000
2014-06-12,83.8997573852539,84.6560732094658,83.78961305308722,84.28158472096848,292400
2014-06-13,83.88504028320312,83.9731568397452,83.70881277229056,83.79692932883262,185200
2014-06-16,84.06129455566406,84.1934666226609,83.63540616176616,83.90708914235695,225200
2014-06-17,84.23015594482422,84.61932759670322,84.08330062032437,84.53855548757683,222000
2014-06-18,85.21412658691406,85.33895420524328,84.17877779422672,84.32563315671133,360700
2014-06-19,86.46240234375,86.69737425342107,85.93371414644703,86.27883036425159,660300
2014-06-20,86.8075180053711,86.95437334716001,86.44037404872661,86.80017355762999,513600
2014-06-23,86.0732421875,86.1246421245663,85.69140928171633,85.98512560874077,233800
2014-06-24,85.58126068115234,86.1980598547423,85.54454404369814,86.10260444040262,219600
2014-06-25,86.25682067871094,86.2935317209918,85.64001578535445,85.84562115125554,208600
2014-06-26,86.38898468017578,86.64598436081141,86.12464055090116,86.64598436081141,195600
2014-06-27,87.26277923583984,87.33621251421616,86.99109627366882,87.16732381699227,353200
2014-06-30,87.86491394042969,88.02645261146598,87.70336966721995,87.93099717828451,505000
2014-07-01,89.77404022216797,89.78872351521217,89.10583554412864,89.16457992064966,501000
2014-07-02,89.4950180053711,89.84013425625116,89.31144600827939,89.83278980775913,223500
2014-07-03,89.38488006591797,89.50970768050405,88.88556400540081,89.10584704252223,195900
2014-07-07,88.96634674072266,89.43629066522189,88.74605807516274,89.03242997908654,328700
2014-07-08,88.33485412597656,88.80479802698366,87.84287687777612,88.80479802698366,343400
2014-07-09,88.14392852783203,88.32750052020035,87.38026836731912,87.96770098376678,292300
2014-07-10,86.68270111083984,86.93235634315045,85.62532459241172,86.26415717265753,466700
2014-07-11,87.02780151367188,87.23340683638834,86.73409082842137,86.94703499674854,347300
2014-07-14,87.38027954101562,87.74007912345833,87.29950740587107,87.65196814124488,166800
2014-07-15,87.16731262207031,87.44633999667792,86.8882852474627,87.38025677723344,187700
2014-07-16,87.49041748046875,87.76210045868037,87.46104528781856,87.67398948290273,181200
2014-07-17,86.92499542236328,87.73271655541903,86.79282338260614,87.52711124744096,244700
2014-07-18,87.30684661865234,87.37292985134891,86.90298596715219,87.26278552801496,208000
2014-07-21,87.13063049316406,87.38028576344479,86.66802539490757,87.15265824028603,143900
2014-07-22,87.512451171875,87.68867873757985,87.1746793367018,87.1746793367018,117700
2014-07-23,87.69600677490234,87.85755101413845,87.4169793812405,87.66663458575285,171200
2014-07-24,87.6593017578125,88.10721789791549,87.6519629111815,87.8281904672665,152600
2014-07-25,87.84285736083984,88.11454589412864,87.61522990997503,88.05580151901128,140200
2014-07-28,88.54045104980469,88.6726231178703,87.93099064693696,88.085190459318,172800
2014-07-29,88.54045104980469,89.18662249247379,88.48170666351486,88.54778989646115,399200
2014-07-30,88.14392852783203,88.49638361596254,87.7767845430954,88.49638361596254,293100
2014-07-31,86.63864135742188,87.90161764009697,86.60193031796032,87.60790131353973,290900
2014-08-01,86.34492492675781,86.70473008738878,86.1246418837352,86.43304150527064,206900
2014-08-04,86.73409271240234,86.88829250615994,86.36694874569213,86.59457621235731,131300
2014-08-05,87.40230560302734,87.9823938341767,87.02047828238602,87.38762230699905,360300
2014-08-06,85.62531280517578,85.73545711104498,84.75885285566858,85.27285214682874,429300
2014-08-07,85.67671966552734,86.70472393318518,85.49314767495176,86.24946337977559,260400
2014-08-08,86.3742904663086,86.39632381086933,85.28754742589219,85.64734695663535,254400
2014-08-11,85.73546600341797,86.05854890472605,85.54454956025455,85.71343826039387,264800
2014-08-12,86.0879135131836,86.31554657611818,85.78685838141776,85.9630859122605,242500
2014-08-13,86.59456634521484,86.88828260554955,86.47707760021227,86.53582197271355,217800
2014-08-14,86.45506286621094,86.49177950509034,86.09526333431764,86.25680758191086,181500
2014-08-15,85.8309326171875,86.19073220523929,85.36833314683521,86.0952767722955,220300
2014-08-18,86.0658950805664,86.25681152756174,85.91903972267633,85.91903972267633,156900
2014-08-19,85.8749771118164,86.0658935554286,85.77217724268047,85.98512142936855,221900
2014-08-20,84.95709991455078,85.08927194838678,84.58995599858095,84.89836114564599,319900
2014-08-21,85.01586151123047,85.36097775851574,84.96446157666708,84.99383376815655,263900
2014-08-22,83.77490234375,84.28156277850506,83.66476364243107,84.28156277850506,477000
2014-08-25,84.3476791381836,84.55327891732976,84.19347930382398,84.27424584376813,238900
2014-08-26,84.50186157226562,84.95711653172393,84.38437280713272,84.53857260974016,251000
2014-08-27,84.37702941894531,84.58262914468783,84.26688510810543,84.51654031731495,268800
2014-08-28,84.02457427978516,84.36969052880411,83.73085796558779,84.1494018926129,281300
2014-08-29,83.94378662109375,84.12001413613547,83.65007036124311,84.07595865791797,170300
2014-09-02,85.32426452636719,85.33160897507605,84.97915386747127,85.13335367731997,294000
2014-09-03,85.14803314208984,85.44174945332932,85.06726101644468,85.2655219074547,244300
2014-09-04,85.21412658691406,85.73547040655932,85.10398226396411,85.31692646108789,382700
2014-09-05,85.46378326416016,85.48581100868685,85.11866699411372,85.24349461454705,162200
2014-09-08,85.20677185058594,85.40502712622084,84.81760014503318,85.29488841874162,219100
2014-09-09,84.45780181884766,84.77354587741583,84.42109078079302,84.7368348393612,323400
2014-09-10,85.53720092773438,85.61062860161385,85.01585716036588,85.22880133613708,359500
2014-09-11,85.44908905029297,85.52986117135227,85.1774004974415,85.36831692923367,189600
2014-09-12,85.9924545288086,86.20539868739306,85.78685481767103,86.19070979249925,233400
2014-09-15,86.0291976928711,86.11730868071704,85.68408138467798,85.89702560892849,176700
2014-09-16,86.34492492675781,86.53584137911578,85.9263809826246,86.08792524214495,320900
2014-09-17,86.1686782836914,86.60191102935956,85.82356209701638,86.19805047002245,262800
2014-09-18,87.69600677490234,87.74740670537089,87.18934631587496,87.24809069417394,356500
2014-09-19,87.20405578613281,87.67399971905706,87.05719480573549,87.6005720299452,262100
2014-09-22,87.38762664794922,87.97505375520635,87.31419895981377,87.46105433608467,409700
2014-09-23,86.82955169677734,87.38026766948418,86.66066300019132,87.36558437516793,314500
2014-09-24,87.27010345458984,87.31416453183664,86.66798768581577,86.69001542335353,272900
2014-09-25,87.48015594482422,88.63794695627206,87.41335726059336,88.33365253476101,437800
2014-09-26,88.0590591430664,88.17038651827963,87.65828398970612,87.7547646949733,271300
2014-09-29,87.22040557861328,87.68797946361182,86.89385242125825,87.62860410323962,365700
2014-09-30,87.22782135009766,87.65828418194855,86.8641572084594,87.50242812124644,481100
2014-10-01,86.57472229003906,87.5692341572062,86.43370721602275,87.53212880143889,676800
2014-10-02,84.96419525146484,85.48371547894462,84.34076531614332,85.36496476275164,507300
2014-10-03,86.2110595703125,86.32238130186661,85.70638029199682,85.86965405239167,281500
2014-10-06,86.61180114746094,86.99773523332206,86.39657542775699,86.54500813010688,339200
2014-10-07,85.95870208740234,86.93837279040552,85.94386107990258,86.83446875087076,398400
2014-10-08,86.28527069091797,86.35206372578291,84.77865628393889,85.78059144333594,446000
2014-10-09,84.99388122558594,86.31495752418762,84.78607312491823,86.2481588276324,371200
2014-10-10,84.58567810058594,85.9067485766095,84.49661507009674,85.35754071112288,448400
2014-10-13,83.620849609375,85.1051994978695,83.56147425487231,84.73411202574589,425700
2014-10-14,82.84156799316406,83.15328010581005,82.57438456451169,83.07906374503892,759400
2014-10-15,81.68376922607422,81.92126497206966,80.4517618132057,81.47596115612136,632600
2014-10-16,81.7728500366211,82.26268264198025,80.61505873091178,80.88965988491663,441700
2014-10-17,81.4833755493164,81.92867931640028,80.85252807408554,80.88963341830818,469100
2014-10-20,84.09585571289062,84.23687078871687,83.34626296602144,83.36852731223686,408900
2014-10-21,84.12552642822266,84.21458945746787,83.2200721157715,83.39077483957185,665400
2014-10-22,83.323974609375,84.17747688788418,83.27202259219679,83.94740447785861,413600
2014-10-23,84.17007446289062,84.71928241002583,83.81382795031745,84.0513237379175,408300
2014-10-24,84.98645782470703,85.09036186803844,84.51146629452187,84.91224145980541,312500
2014-10-27,84.86028289794922,85.23879371608132,84.50404208516835,84.8454418900607,198500
2014-10-28,85.42433166503906,85.42433166503906,84.68958008394895,85.09035521791044,389900
2014-10-29,85.95127868652344,86.57470858559914,85.55050353619166,86.09229373821762,245800
2014-10-30,85.98839569091797,86.31495450187339,85.1942686698321,85.20169200526632,194900
2014-10-31,90.06293487548828,90.12973356972863,87.94773726364201,88.35593577748334,1280500
2014-11-03,90.54534149169922,90.56760583363175,89.6621515127395,90.02582130545548,856900
2014-11-04,88.61567687988281,88.8531726017908,87.80670336122003,88.68989323128943,569600
2014-11-05,90.07778930664062,90.35981379173482,89.36530192665553,89.8254468411594,394100
2014-11-06,88.934814453125,89.04614181411874,88.33364896869674,88.70473639711267,435500
2014-11-07,88.07391357421875,88.07391357421875,87.33916184557908,87.89579314413716,570800
2014-11-10,87.55438995361328,87.79188573877701,87.20556678051584,87.43563922985834,429800
2014-11-11,88.42272186279297,88.63795327478722,87.89577833508788,87.94773035437302,526100
2014-11-12,88.1629638671875,88.27429124326429,87.65828466967221,88.12585285438006,252800
2014-11-13,88.92739868164062,89.33559715254998,88.80123030421238,88.80123030421238,269800
2014-11-14,88.92739868164062,88.97192736488701,88.48951819679722,88.74927828630986,214200
2014-11-17,88.0145263671875,88.42272486280972,87.63602121198757,87.9477333382742,324100
2014-11-18,89.11296081542969,89.3504566123673,88.74187327881803,88.82351298986032,332300
2014-11-19,89.32073211669922,89.44690046818415,88.66019702675564,89.11292408781955,389700
2014-11-20,88.85318756103516,89.08325998783388,88.69733149813806,88.87545190397108,163000
2014-11-21,90.01840209960938,90.32269089055326,89.51372289739054,89.51372289739054,920500
2014-11-24,90.14456176757812,90.35236983151216,90.02581672919229,90.16682610837891,661000
2014-11-25,90.4043197631836,90.53791146725331,90.35236774839785,90.35979108260865,190200
2014-11-26,90.32269287109375,90.54534763020467,90.10746710959111,90.53792429494212,291800
2014-11-28,91.38399505615234,91.5324334362519,90.8718982162582,91.22072133156065,234400
2014-12-01,92.72734069824219,93.19490888149112,92.43789291875302,92.51953261679823,485800
2014-12-02,93.93708038330078,94.27848017060062,93.75153665135444,93.92965704856624,496400
2014-12-03,94.78317260742188,94.9167643396055,94.34529205669817,94.62731653026533,471300
2014-12-04,95.44368743896484,95.5995378110651,95.07260002485485,95.5995378110651,505100
2014-12-05,95.76282501220703,95.9632154031304,95.34720888635862,95.63665664005234,423500
2014-12-08,95.31011199951172,95.88158991957683,95.18394360866208,95.77025687492709,359500
2014-12-09,95.26558685302734,95.3101155426659,94.12263663275381,94.8870760040614,472100
2014-12-10,93.1355209350586,94.18941353216229,92.86091986270783,94.18199019815842,508800
2014-12-11,93.58085632324219,94.50115753084042,93.41758255642317,93.92226185459594,251900
2014-12-12,92.43049621582031,93.5660233182806,92.41564954152764,93.26173444344708,350100
2014-12-15,90.21138000488281,91.88869154866212,89.84771015183081,91.68830677567833,597000
2014-12-16,90.50080108642578,91.64375101047571,90.35978605598977,90.81251315779996,543500
2014-12-17,91.45079803466797,91.75508681904854,90.54534369177495,90.54534369177495,338000
2014-12-18,92.57889556884766,92.61600657883713,91.8960960188642,92.12616842623261,306700
2014-12-19,94.2636489868164,94.59762547418582,93.89997915741442,94.04841755584765,396700
2014-12-22,93.98904418945312,94.17458794466957,93.46210060411995,93.73670740028487,598000
2014-12-23,94.07809448242188,94.48628729117857,93.92965610095511,94.06324781310256,188200
2014-12-24,94.07809448242188,94.50113396049788,94.07809448242188,94.40464759695817,80000
2014-12-26,95.0726318359375,95.21363558773994,94.25623472185528,94.25623472185528,160100
2014-12-29,94.53083801269531,94.70153510302093,94.15232715231595,94.31560656904219,203600
2014-12-30,93.44725036621094,93.56599541340216,93.01678753765859,93.48435571618204,169100
2014-12-31,93.12811279296875,93.66989732145065,93.06873743955158,93.21717016074913,151100
2015-01-02,93.2691421508789,93.98905289376489,92.69024648696754,93.68476405144973,250000
2015-01-05,91.56209564208984,92.48239069332423,91.32459996234086,92.35622235209526,240600
2015-01-06,90.61956024169922,91.8218856988672,89.9590249893387,91.58438994141562,285600
2015-01-07,92.89804077148438,93.55857604987082,92.81640107079879,93.15780088169043,385700
2015-01-08,94.68669128417969,94.77574866349991,93.84802987994041,93.84802987994041,498800
2015-01-09,93.57341766357422,94.82768946002889,93.49920130214687,94.82768946002889,150300
2015-01-12,93.54373931884766,94.80543457602067,93.02421341233537,93.88513914534923,306700
2015-01-13,93.818359375,94.9019343676909,93.23945802664612,94.29335099748513,252900
2015-01-14,93.38044738769531,93.499198091778,92.49725742870235,93.08357628983384,363800
2015-01-15,94.09294891357422,95.27300448727993,93.98162152717748,94.90192263653425,310400
2015-01-16,95.65152740478516,95.74058478999038,95.03552073283214,95.23591117423683,441600
2015-01-20,95.85932159423828,96.32688412333422,95.5624448121943,96.1116583654572,436700
2015-01-21,95.48822784423828,95.60697854926343,95.00580735183262,95.26557310348879,606700
2015-01-22,96.37884521484375,96.65344633883927,94.96871159317446,95.71830992289031,235500
2015-01-23,96.23040008544922,96.63859854468109,96.111649383729,96.48273683308702,292900
2015-01-26,97.86320495605469,98.19718147184099,97.21008727206882,97.21008727206882,350600
2015-01-27,97.29913330078125,97.76669578401687,97.13585391784495,97.32139764166438,301000
2015-01-28,97.18782806396484,98.27882637798528,97.00228428708645,98.13781129560675,304100
2015-01-29,98.07840728759766,98.10067162834605,97.1803820115721,97.58115146973331,411800
2015-01-30,95.62924194335938,96.46789189314991,95.51049123951084,96.1042334340631,273900
2015-02-02,97.29174041748047,97.32143376613986,96.2675463826188,96.55699424622885,280200
2015-02-03,97.29913330078125,97.35107965461181,96.05227358787585,96.1487599481628,458000
2015-02-04,98.4717788696289,99.6295814447503,98.115538021349,98.115538021349,471300
2015-02-05,97.7741470336914,97.90773310939365,97.0616539892012,97.21008673710128,448000
2015-02-06,96.16360473632812,96.84640426766741,96.01516070042355,96.31203744754276,384900
2015-02-09,95.85932159423828,96.29720210747547,95.71088886556194,96.08939402239032,186000
2015-02-10,97.11360168457031,97.26945209018272,96.2675226514567,96.2675226514567,229100
2015-02-11,97.23976135253906,97.41045841351225,97.03195328056549,97.07648196388973,449200
2015-02-12,97.83351135253906,97.95967974024454,97.37335516389916,97.51437022212632,327600
2015-02-13,98.33078002929688,98.55342349264406,97.95969249079432,97.95969249079432,301000
2015-02-17,98.0264663696289,98.47919353110008,97.9670910161108,97.9670910161108,365400
2015-02-18,99.57018280029297,99.71861550864418,99.19166637060418,99.19909536707007,258400
2015-02-19,100.40143585205078,100.55729758919668,99.73348286357883,99.82254024212386,218600
2015-02-20,101.60375213623047,101.67055649244793,100.83189512542971,100.89127048390542,239800
2015-02-23,101.6631088256836,101.82638820033486,101.24007504567957,101.60373347811135,199800
2015-02-24,102.67249298095703,102.93967645007598,101.85610722648255,102.12329069560151,335000
2015-02-25,101.58148193359375,101.7818723413051,101.2252411279777,101.52953557585586,236800
2015-02-26,101.52955627441406,102.01939455993003,101.40338786596783,101.58893164156994,258000
2015-02-27,100.46823120117188,100.78737235613276,100.45339585420055,100.45339585420055,219900
2015-03-02,100.83930206298828,100.93578842582569,100.37915723965386,100.37915723965386,254500
2015-03-03,100.49048614501953,100.81704494291515,100.24557837128911,100.46822180195313,208000
2015-03-04,100.57955932617188,100.63150568741234,99.74831562409834,100.49049062524398,205500
2015-03-05,100.119384765625,100.50531886636512,99.93384104936203,100.16392477026749,232900
2015-03-06,100.11196899414062,100.9209368944771,99.97095395515372,100.43111008100936,184700
2015-03-09,100.4830551147461,100.67601650390114,100.14907868845516,100.56469480336742,174100
2015-03-10,99.22136688232422,99.73346938915508,99.15457385743946,99.56276100375109,220900
2015-03-11,99.45144653320312,99.78542300662262,99.32527814656426,99.59987926309053,222700
2015-03-12,102.07133483886719,102.17523889401791,101.06197630682047,101.06197630682047,313200
2015-03-13,101.06198120117188,101.21784295379256,100.53504322620712,100.83190873395968,393200
2015-03-16,102.06389617919922,102.52404099672601,101.79671276022133,101.94514547638897,271000
2015-03-17,101.64830780029297,101.95259098788304,101.38112430835756,101.74478286356587,816400
2015-03-18,103.9638671875,104.09745324114822,102.78381174817729,103.23653891558102,457900
2015-03-19,103.97869873046875,104.34235715117792,103.64471099555486,104.00838074095327,310600
2015-03-20,106.19781494140625,106.50210940047641,105.78219876545258,105.8638384660643,406900
2015-03-23,107.85287475585938,108.20911557939662,107.57826230934653,107.86029242885479,480700
2015-03-24,107.25912475585938,107.78606261777811,107.17005606288728,107.78606261777811,303700
2015-03-25,106.73218536376953,107.80091917998305,106.70992101965606,107.80091917998305,328600
2015-03-26,106.21265411376953,106.6208525880112,105.91578867324321,106.1310144189212,324400
2015-03-27,107.1927490234375,107.27555287402201,106.68087902795294,107.14758537515087,238100
2015-03-30,107.30565643310547,107.59923159703965,106.42493094130296,106.6432257098999,484100
2015-03-31,105.3033218383789,106.09372007823131,105.16783090443765,106.04855643358424,555100
2015-04-01,104.24192810058594,104.37743051791654,103.70747633501901,104.12901899129037,358900
2015-04-02,105.40118408203125,106.063603347292,105.10760890558555,105.25815821650045,249000
2015-04-06,105.8678970336914,106.29697465720342,105.38613231683297,105.38613231683297,157800
2015-04-07,105.17536163330078,105.8678977002591,105.12266305344566,105.46141338410983,260800
2015-04-08,105.34098052978516,105.66466103069402,105.03987036898579,105.28075849762529,142100
2015-04-09,105.3183822631836,105.47645502252203,104.6333696762467,104.70865007623973,276700
2015-04-10,105.12266540527344,105.2506443917342,104.37744222796465,104.41508243067797,320300
2015-04-13,103.54940032958984,103.88061572476143,103.27840695955643,103.63220417838274,320200
2015-04-14,104.37744140625,104.61831802660004,103.97848053021939,104.40002323046478,171600
2015-04-15,104.69361114501953,104.91944090076834,104.39250097529494,104.80652027980467,177600
2015-04-16,104.6183090209961,105.00974641731901,104.47528315582949,104.76885833152764,186500
2015-04-17,104.20429229736328,104.65595172594811,103.88061184627941,104.62584645759144,253900
2015-04-20,104.43013763427734,104.88932057710043,104.3623921557079,104.43767256712603,151600
2015-04-21,106.38729095458984,106.81635704757103,106.34965075684659,106.41739622107903,365800
2015-04-22,106.6357192993164,106.80885045283803,106.26686368112232,106.49269341703345,163600
2015-04-23,106.1614761352539,106.34966566417354,105.85284255114314,106.25933836586884,393000
2015-04-24,106.29695129394531,106.49266421877955,106.12380870171859,106.33458000113218,277500
2015-04-27,105.88297271728516,106.32709730509788,105.80016885462696,106.10880247782377,273000
2015-04-28,106.93684387207031,107.52399443602603,106.59058148111197,107.02717119385419,421900
2015-04-29,105.98078918457031,107.24542854271166,105.4388140152812,106.38728491925593,282900
2015-04-30,104.64842224121094,105.62700995588679,104.41506909484012,105.38612187822935,246800
2015-05-01,105.35602569580078,105.35602569580078,104.42260154365844,104.44518336711394,247100
2015-05-04,105.4312973022461,105.7098141227555,105.06997663156132,105.22804939978346,172000
2015-05-05,103.54187774658203,105.23558345186034,103.46659734298778,104.97964845752296,266100
2015-05-06,103.24829864501953,103.87308921545258,102.75147556691473,103.3687426917437,322500
2015-05-07,103.82038116455078,103.92576682427433,103.0074011526082,103.02245952861882,208500
2015-05-08,106.98197174072266,107.14757943270702,104.91188707709458,105.00974930040618,319400
2015-05-11,103.46660614013672,104.1516188180854,103.44402431437382,103.79029811970128,756700
2015-05-12,103.62470245361328,103.91827770883852,103.12787925671543,103.51178182549327,579400
2015-05-13,102.841796875,103.83544297339411,102.7665279648093,103.3913184988888,359700
2015-05-14,103.84297943115234,103.87309618794322,103.09775625014846,103.67737172733432,150400
2015-05-15,104.91189575195312,104.92695413051769,104.3699089854029,104.3699089854029,177700
2015-05-18,104.95706176757812,105.00223690429023,104.74629040763233,104.92695649594772,141300
2015-05-19,105.03233337402344,105.56679666163981,104.84414385511546,105.27322147159045,223700
2015-05-20,104.64089965820312,105.12266438419353,104.46024506481741,104.78392553541822,121000
2015-05-21,104.964599609375,105.04740346637571,104.46777646737065,104.46777646737065,141900
2015-05-22,104.04621124267578,104.37742659907524,103.81285810144222,103.86554518841004,202800
2015-05-26,103.6547622680664,104.23438907689876,103.23321967479714,104.23438907689876,293200
2015-05-27,104.46023559570312,104.63336672739614,104.11396184614104,104.4225953967674,247000
2015-05-28,105.1904067993164,105.35601447780788,104.49787081934095,104.52045264039201,220000
2015-05-29,103.79779815673828,104.43764703885623,103.51174644668433,104.43764703885623,310600
2015-06-01,103.30854797363281,103.86558173615154,102.98485594827936,103.73009076240791,280100
2015-06-02,102.80416870117188,103.2407582466206,102.72888830441127,102.93213618672422,275900
2015-06-03,103.45906066894531,103.79027602452813,103.1278453133625,103.51174775578323,240300
2015-06-04,103.01496124267578,103.52683129029509,102.84935352463937,103.07517178907244,231000
2015-06-05,102.00624084472656,102.367572984527,101.81805132923002,102.367572984527,167200
2015-06-08,100.229736328125,100.79430490260451,99.83077545438698,100.55342828363865,304900
2015-06-09,99.58991241455078,99.92112786119513,99.30386062223454,99.74046175770404,236300
2015-06-10,101.05024719238281,101.31370562450044,100.66633322651546,100.74913707344993,166200
2015-06-11,101.75782775878906,102.0062392938088,101.54705642353164,101.80300289020963,152600
2015-06-12,101.99119567871094,102.27723593650404,101.6900855571173,101.96107892346323,191400
2015-06-15,102.00624084472656,102.24712893792686,101.75030586033361,101.77288768329907,292700
2015-06-16,102.42027282714844,102.50307668372287,102.00625354427625,102.14927943164827,179200
2015-06-17,101.52447509765625,101.6900827884797,100.68138975250146,101.10293242507885,344900
2015-06-18,101.23090362548828,101.50943192635768,100.49320392144539,100.49320392144539,246300
2015-06-19,100.8846435546875,101.33629152198094,100.82442152847963,101.23090584766143,179800
2015-06-22,101.98365783691406,102.63856515383335,101.74278123268876,101.74278123268876,263100
2015-06-23,103.20313262939453,103.31604174174562,102.96976798690856,103.0902120308672,270500
2015-06-24,101.9234390258789,102.38262191227142,101.87075193330361,102.38262191227142,149000
2015-06-25,101.52447509765625,102.00623979291275,101.50942820661875,101.8858072337309,180800
2015-06-26,101.9686050415039,102.28476202721707,101.73524041012392,101.87826626974609,138900
2015-06-29,99.70281982421875,100.96745955440446,99.66517961753745,100.94487772763135,191100
2015-06-30,100.68141174316406,101.23092202664152,100.53086239667174,101.0352090248194,216300
2015-07-01,100.5684814453125,100.74913602862216,100.2222076836749,100.65880873696733,157100
2015-07-02,99.92861938476562,100.06411030446574,99.68773132373215,99.9060375648156,276800
2015-07-06,99.91357421875,100.1921025119154,99.46192627386334,99.55225356560537,132000
2015-07-07,99.65010833740234,99.77054088866045,98.42310911416958,99.55976956623925,288600
2015-07-08,96.43583679199219,97.96393475495792,96.3078692984535,97.9413529317556,717300
2015-07-09,97.12836456298828,98.2575015716128,97.05308416794306,97.97898478506163,186900
2015-07-10,99.00276184082031,99.26622031954078,97.798344124394,98.28010891372881,401900
2015-07-13,100.44803619384766,100.58352712970432,100.13187919067244,100.13187919067244,214900
2015-07-14,100.45556640625,100.64375593173423,100.0641289771132,100.21468978644226,195300
2015-07-15,100.86204528808594,101.3362750021262,100.7114845040222,100.9222673044764,294100
2015-07-16,102.20196533203125,102.66867165506905,102.11916148573327,102.55576254019748,441200
2015-07-17,101.89332580566406,101.99118802360888,101.39650275695688,101.39650275695688,186100
2015-07-20,102.02883911132812,102.45791678917793,101.93098835809965,102.21702865715453,353700
2015-07-21,101.2911148071289,101.64491198659898,100.98248126994427,101.55458470202808,200500
2015-07-22,100.86204528808594,101.19324914897075,100.71901943493049,100.71901943493049,196400
2015-07-23,100.30500793457031,100.80935443852684,100.17704044725383,100.63622330700171,196100
2015-07-24,99.77806091308594,100.78675373200014,99.6049298140004,100.58350588496779,130200
2015-07-27,99.20597076416016,99.26619278189303,98.76938123640393,98.98767600028205,187700
2015-07-28,99.2436294555664,99.30385148452194,98.13707408163576,98.67153740975516,383500
2015-07-29,99.79314422607422,99.99638063772291,99.06296796923539,99.14577181752155,212500
2015-07-30,99.56729125976562,99.68772379501198,98.79947498092795,99.3640434093904,270100
2015-07-31,100.46310424804688,100.65129377898148,100.15447066063155,100.50073296529186,226200
2015-08-03,100.25230407714844,100.41038830972616,99.36405515803928,99.6952705130208,315100
2015-08-04,97.74564361572266,98.90488603267674,96.63908829281432,98.8898276545878,515200
2015-08-05,96.58637237548828,97.09071883225674,96.48098672013629,96.84984225695574,476500
2015-08-06,96.96277618408203,97.44454094421413,96.84233212250453,97.07569679912766,278800
2015-08-07,97.82090759277344,97.85854779300604,97.49722714036126,97.75316212406062,163900
2015-08-10,98.6790771484375,98.93501219912143,97.9112719963857,98.23495253351312,300900
2015-08-11,97.11331939697266,97.59508412673941,96.87244277517787,97.59508412673941,236100
2015-08-12,95.91642761230469,96.11967549824622,94.87009440123693,95.81857113509199,768000
2015-08-13,96.19496154785156,96.46594918939286,95.49489626140547,95.71319680697347,188700
2015-08-14,96.49605560302734,96.5336958025035,96.03687273624122,96.19495123648245,130600
2015-08-17,96.25518035888672,96.3455076553517,95.67555340548992,95.97665779424645,155700
2015-08-18,96.25518035888672,96.40573542480925,95.93149414601396,96.0594616447317,185400
2015-08-19,94.87763214111328,95.60780842107047,94.59910957505157,95.14109632896161,286500
2015-08-20,92.2128677368164,93.74849495809401,92.17522753438227,93.74849495809401,536700
2015-08-21,89.6158447265625,92.18274659260538,89.5104590630351,91.91175324550981,504600
2015-08-24,85.453125,87.35760844156036,82.10335265404579,82.97655509299905,1009000
2015-08-25,85.34019470214844,88.6071623612223,85.34019470214844,88.6071623612223,576800
2015-08-26,88.70500946044922,88.78781330876157,86.61234291529358,87.92214611054982,395600
2015-08-27,90.00727081298828,90.24062394737757,89.0663233445314,89.32978748708182,399600
2015-08-28,90.91058349609375,91.54290321893536,90.57937387278425,91.09877300098539,285800
2015-08-31,89.11150360107422,89.77393441796161,88.96848346450061,89.67607218741854,243000
2015-09-01,86.07035827636719,87.2672466400913,85.87464530566595,87.00378245407924,426000
2015-09-02,88.5394058227539,88.59209865766961,87.47801419262406,88.26088327072044,266100
2015-09-03,90.03739166259766,90.66218222828617,89.83414377106612,90.47399271402492,352100
2015-09-04,87.69631958007812,87.99742397188923,87.19949647212648,87.8318162692387,262200
2015-09-08,91.2643814086914,91.33965606262805,90.42881954089235,90.4815123729568,398400
2015-09-09,90.79766845703125,92.89786388361479,90.66217179263595,92.78494903943745,1331300
2015-09-10,88.78028106689453,89.54809170606858,88.37379105447728,89.54809170606858,2073300
2015-09-11,88.14796447753906,88.14796447753906,87.23712794717376,87.68878161816072,531200
2015-09-14,87.5833969116211,88.11785443149883,87.31993274591913,87.86944864274444,351200
2015-09-15,90.30086517333984,90.42883267793141,89.34486486897691,89.62338170331279,442200
2015-09-16,91.83647918701172,92.08489071397344,91.49021118416567,91.69345332426019,439600
2015-09-17,91.2643814086914,92.45374046738945,90.98586461481703,91.10630291249807,243300
2015-09-18,89.44271850585938,90.41377715807413,89.35991465421472,89.85673776408261,250300
2015-09-21,89.90190124511719,90.34602577302883,89.34486185216558,90.02233955622818,173800
2015-09-22,88.50929260253906,88.73511657093401,87.32746269769896,88.58456725867072,372700
2015-09-23,88.45661163330078,88.62974279131622,87.77912815107129,88.30605655775595,231300
2015-09-24,88.4867172241211,88.62973735826034,87.31993986830062,88.46412965685732,535800
2015-09-25,89.2093505859375,90.32342918980041,88.94588643928665,89.78897170856936,292400
2015-09-28,87.94084167480469,89.73446119883904,87.56685431061251,89.72682713991408,311700
2015-09-29,87.20050811767578,87.37605656050624,86.36857608694957,86.994435080779,345800
2015-09-30,89.51313018798828,89.6047214361936,88.61250329475445,88.71935683945325,235100
2015-10-01,90.3221664428711,90.72669009119815,89.47497213934788,90.43665404813039,278000
2015-10-02,92.14633178710938,92.21502086339787,90.5053581398155,91.06252227998466,557000
2015-10-05,93.35987091064453,93.81018724779247,92.9324567517905,92.95535310700322,338300
2015-10-06,92.29133605957031,92.55084169041277,91.87155593117802,92.29133605957031,350100
2015-10-07,93.65754699707031,94.0239061959634,93.26066320276122,93.5277970857656,240700
2015-10-08,94.2452392578125,94.42078187022673,93.19959435073991,93.71096571466855,254200
2015-10-09,93.57357788085938,95.0924296133697,93.36750486110418,94.6268568040649,398800
2015-10-12,93.96282958984375,94.21470113287029,93.56594003905992,93.68806169255677,314500
2015-10-13,92.40583038330078,93.0774821313976,92.2455500510191,92.72639104786413,341400
2015-10-14,91.6273193359375,92.5890012693366,91.51283172774761,92.35239781600404,187400
2015-10-15,93.45146179199219,93.53541897616722,92.54320088487017,92.9171882724164,263300
2015-10-16,94.61160278320312,94.75662081843171,94.04680458649072,94.36736525302354,265200
2015-10-19,94.29866790771484,94.31393020441425,93.74149799734131,94.14601582531314,164700
2015-10-20,93.27590942382812,93.8025488617545,93.23775077459402,93.63463450049792,244100
2015-10-21,94.41316223144531,95.29089289682798,94.33683909164733,94.67266789445726,162900
2015-10-22,95.58090209960938,95.84803592531593,94.9855678012168,95.1992806848627,271200
2015-10-23,95.97016906738281,96.1380834518636,95.40537090210523,95.7106692536083,215200
2015-10-26,95.65724182128906,96.04649153927515,95.40537024629923,95.9091133962789,218500
2015-10-27,95.27562713623047,95.55802332553031,95.03901784144696,95.3214198538289,206000
2015-10-28,96.4433822631836,96.51207133548138,95.35194458193655,95.65724293489522,193100
2015-10-29,94.06207275390625,94.19182849919362,93.46674410088823,94.13076765706808,267800
2015-10-30,93.5888442993164,94.30628864879455,93.56594212146534,94.04678886395973,196600
2015-11-02,94.10784912109375,94.2681294265924,93.7720203916217,94.01625787948836,573400
2015-11-03,94.17654418945312,94.27576367354084,93.77202637029674,94.14601377363812,569600
2015-11-04,94.30630493164062,94.55817652376076,93.93231748530235,94.2452499160726,302200
2015-11-05,95.29851531982422,95.55038689117296,95.10007052211778,95.13823499889726,319600
2015-11-06,93.81782531738281,94.02390418205927,93.33698433827409,94.00863606159638,277500
2015-11-09,93.28355407714844,93.8712485852102,92.89429854303495,93.81782181175004,189000
2015-11-10,94.3292007446289,94.4360601231894,93.93995100242113,94.03153643678435,202700
2015-11-11,94.05442810058594,94.67265300573133,94.05442810058594,94.67265300573133,146800
2015-11-12,92.90956115722656,93.79491989682707,92.74164678685028,93.79491989682707,282000
2015-11-13,92.55847930908203,93.48963673358388,92.50505253012285,93.22250283878799,289500
2015-11-16,93.14616394042969,93.18432259146857,92.34475656855756,92.3523906279978,183900
2015-11-17,93.99336242675781,94.39788022400462,93.5354178604988,93.71859452238618,225000
2015-11-18,95.33668518066406,95.36720977611358,94.16891850839345,94.34446695917879,217500
2015-11-19,94.55815887451172,95.00084113747539,94.45893939753614,94.53526252006205,213000
2015-11-20,94.39025115966797,94.74897626619635,94.14601365653311,94.66501907857986,158700
2015-11-23,93.97047424316406,94.55816875340159,93.61938318440012,94.33682759879531,175700
2015-11-24,94.65740203857422,94.78715778472746,94.06207338158356,94.49712169423692,242600
2015-11-25,94.53527069091797,94.65738653289792,94.34445995657057,94.65738653289792,110500
2015-11-27,94.92453002929688,95.20692620069298,94.84057283696784,95.00848722162591,63900
2015-11-30,94.96267700195312,95.28323761154908,94.79476263795114,95.2527130208951,189700
2015-12-01,96.1075439453125,96.45863497825901,95.82514780092136,95.97779405069596,201100
2015-12-02,95.97016906738281,96.97002131413244,95.76409602839021,96.78683880938156,252600
2015-12-03,95.19166564941406,96.66472483763881,95.04664761944379,96.64945671707257,601400
2015-12-04,96.09229278564453,96.09229278564453,95.08481228036482,95.08481228036482,279900
2015-12-07,95.51986694335938,95.86332397969129,95.03139186706936,95.77936678003998,161000
2015-12-08,93.51252746582031,93.95520979232033,93.08511325986544,93.95520979232033,516000
2015-12-09,94.56581115722656,95.19930426012435,93.91705575611482,94.71845743169446,340900
2015-12-10,95.3214111328125,95.71066666603228,95.10006997953386,95.40536832278306,255600
2015-12-11,94.39025115966797,94.81003709775041,93.81019072914857,94.67265313829446,463000
2015-12-14,93.49725341796875,94.55052650302116,92.86376042584224,94.3291853675885,414400
2015-12-15,93.2453842163086,93.85598086895173,93.20722556494417,93.55068254263017,245200
2015-12-16,96.67234802246094,96.84789062765184,95.29087442071962,95.45115473014307,493100
2015-12-17,95.25272369384766,96.64945388446941,95.18402879947648,96.43574678745982,352800
2015-12-18,94.9397964477539,95.40537514430467,94.60396766385972,95.27562523164809,359000
2015-12-21,95.13823699951172,95.70303516461901,94.37499403252498,95.21456013159404,274100
2015-12-22,95.8480453491211,96.16860597148654,95.25271681527632,95.77172222328377,332800
2015-12-23,97.04634857177734,97.14556806542404,96.34416640962698,96.67236113240538,298400
2015-12-24,95.99305725097656,96.2525628657361,95.71066110392444,95.71066110392444,102300
2015-12-28,95.00086212158203,95.29089238047573,94.81768542244296,94.9703317012118,283800
2015-12-29,95.22220611572266,95.46644366281926,94.71082883826332,94.71082883826332,160400
2015-12-30,94.04679107666016,94.97031428695882,93.96283389180745,94.94741793165012,334100
2015-12-31,93.909423828125,94.89400804312429,93.61175950999524,94.14602730584808,221000
2016-01-04,92.7034912109375,93.31408792126496,91.71890707265244,92.74928392613344,413500
2016-01-05,92.45924377441406,92.76454209683205,91.71126899872522,92.76454209683205,306400
2016-01-06,90.35270690917969,90.673273404179,89.87949996199211,90.49772494684409,277600
2016-01-07,88.20800018310547,89.02467002412135,88.12404298068569,88.59725577404423,407500
2016-01-08,86.292236328125,89.05517759171937,86.18538279302673,88.78040969487215,635800
2016-01-11,87.62791442871094,87.6813411981433,86.59753769075482,87.20813433262275,511500
2016-01-12,88.40642547607422,89.08571118332533,87.36841467830328,89.03228441387012,341200
2016-01-13,87.76529693603516,89.57418465372533,87.42183997006865,89.45206299813125,345800
2016-01-14,88.75751495361328,89.01701473697318,87.16996837033065,88.05533290361248,354100
2016-01-15,85.94116973876953,87.13946114277621,85.39926785013799,87.05550393803642,637000
2016-01-19,87.78821563720703,88.61251955305072,86.91049076229392,88.543830471605,485500
2016-01-20,85.10923767089844,85.81141990852318,83.14770318385116,85.71220040421183,1000200
2016-01-21,84.79630279541016,85.52138719620854,83.55221870400747,84.23150456151302,285300
2016-01-22,88.49800872802734,88.5667036145474,87.63554637850034,87.85688751027226,595500
2016-01-25,86.55937957763672,87.4600006042094,86.40672750468113,87.29209205858001,248600
2016-01-26,87.27680969238281,87.29970604381818,86.38381704792216,86.47540827674385,267500
2016-01-27,88.01716613769531,89.36810343398574,87.62028241375377,88.53617151397634,320900
2016-01-28,88.62776947021484,89.05518363963442,87.71950853711691,89.05518363963442,313700
2016-01-29,91.61205291748047,91.61205291748047,90.07030467754254,90.63510284586653,746000
2016-02-01,91.89444732666016,92.17684347596752,90.94802775080285,91.58914899871485,416700
2016-02-02,90.82591247558594,91.70364304647894,90.44429099459607,91.70364304647894,353400
2016-02-03,87.76529693603516,89.10860603216474,86.54410949549964,88.90253301720105,622600
2016-02-04,87.23103332519531,87.76530103567316,86.0403762429411,87.76530103567316,560900
2016-02-05,84.25438690185547,85.88009225271713,83.19347969090965,85.66638516318581,851100
2016-02-08,83.29267883300781,83.81168413357452,82.40732027502933,83.75825737424029,687700
2016-02-09,81.54486846923828,82.10203834722095,80.58318660988145,80.89611317022039,498800
2016-02-10,81.49143981933594,83.55219909130604,81.39222034114297,82.90344380725438,414100
2016-02-11,80.2015609741211,80.73582864587472,79.50700717776049,80.36184127564718,545900
2016-02-12,80.33895111083984,80.42290829759497,78.26292944395183,78.74377038557374,668300
2016-02-16,82.59052276611328,82.8805530043076,82.01045646664278,82.46840691643004,476700
2016-02-17,82.52945709228516,82.77369460041757,82.12493926535474,82.19363415802903,696500
2016-02-18,82.01045227050781,83.1553166902343,81.83490965374209,82.87292052680729,224700
2016-02-19,80.37710571289062,80.78925756626285,79.98785603727329,80.65950767439041,723200
2016-02-22,81.43038177490234,81.59066207511492,80.9495350511838,80.9571691101694,297400
2016-02-23,80.61371612548828,81.41511766601413,80.54502123739684,81.3235322460004,161700
2016-02-24,79.82757568359375,80.30842245885584,78.49953460870337,80.19393485412289,628600
2016-02-25,80.57555389404297,80.5908161901096,79.72835379685297,79.82757327898935,849000
2016-02-26,80.24736785888672,80.96481813605692,79.8581123017963,80.14051430565905,492600
2016-02-29,79.45357513427734,80.35420188048292,79.45357513427734,80.21681794214375,423600
2016-03-01,81.2166748046875,81.3998514589942,80.0565424068897,80.3694747717828,344700
2016-03-02,81.65935516357422,81.89596441914892,81.30063007361227,81.55250162482996,275700
2016-03-03,82.86528778076172,82.86528778076172,82.15547159635345,82.1936360735154,289300
2016-03-04,83.61326599121094,84.1780641335447,83.19348004706198,83.6208942279544,204700
2016-03-07,82.3615493774414,82.85002439869257,81.72042227262327,81.84254393947684,745300
2016-03-08,80.76637268066406,81.4380244131578,80.61372641244154,81.30064044252478,459500
2016-03-09,81.09457397460938,81.59831718214294,80.75111693171455,81.56015270045135,201900
2016-03-10,81.7280502319336,83.17821289062293,81.02586816918503,83.01029852277412,644900
2016-03-11,83.39192962646484,83.40719192390907,82.84239374916383,82.93398500307461,216700
2016-03-14,83.15531158447266,83.56746344903772,83.04845804437221,83.38428678359142,251500
2016-03-15,81.83489990234375,81.98754614421875,81.24719964265516,81.9799179082816,404400
2016-03-16,82.07914733886719,82.25468995600755,80.98007563019803,81.26247761730929,343000
2016-03-17,82.37682342529297,82.79660943613256,81.23959290013082,81.58304994675782,354700
2016-03-18,81.36170196533203,81.61357355079743,80.75111106420972,81.11746444026673,615500
2016-03-21,81.77384948730469,81.99519064235984,81.21668539275343,81.21668539275343,442100
2016-03-22,82.88817596435547,83.43771177204162,82.24705473744234,82.51418858198947,318600
2016-03-23,82.5065689086914,83.18585472744469,82.5065689086914,82.79660498169758,291100
2016-03-24,81.14799499511719,81.20142177184368,80.71294672089239,81.20142177184368,399800
2016-03-28,82.95687866210938,83.26217118571684,82.49892823053491,82.8118606372387,450500
2016-03-29,84.25945281982422,84.31388877798302,83.47401462375484,83.98727302903022,345900
2016-03-30,83.67620849609375,84.06503846673832,83.55955831828548,83.9872736592243,323500
2016-03-31,82.68080139160156,83.0229736505759,82.52527178283555,82.75079386869825,384500
2016-04-01,80.51890563964844,80.89995732409527,80.10674684766474,80.46446968472746,531800
2016-04-04,78.83915710449219,79.22021472043451,78.47366194186499,79.05690685634812,993600
2016-04-05,76.78614044189453,77.42382135227854,76.29621681797768,76.38953814623186,1156400
2016-04-06,77.38494110107422,77.47048416780518,76.50618158521512,76.91056807032048,492300
2016-04-07,76.42064666748047,77.18275608878419,76.05515144610754,77.15164897637639,547600
2016-04-08,78.27926635742188,78.62143275750432,78.07707307573074,78.31036753945847,517100
2016-04-11,76.54505920410156,77.05831161944239,76.4439655595989,76.62282400241699,990300
2016-04-12,78.99469757080078,79.29798447061118,78.55920397298821,78.72251778033946,523400
2016-04-13,81.07881164550781,81.11769107529753,80.48001028262733,80.68998174917054,628900
2016-04-14,81.62318420410156,81.95757820584822,81.49098344210445,81.65429131276106,406500
2016-04-15,80.6277847290039,81.273243918452,80.48002743831529,81.273243918452,399300
2016-04-18,80.3789291381836,80.51890815994383,79.32131118112268,79.32131118112268,303000
2016-04-19,81.42098999023438,81.94979896497048,81.22657501324424,81.73205514003342,252000
2016-04-20,81.53765106201172,81.9109304782809,81.00106968828574,81.4365573963706,261300
2016-04-21,81.99649810791016,82.32311398677821,81.84874076281787,82.07426294577253,310500
2016-04-22,83.5595474243164,83.65286874101128,82.95297369848409,83.17849576402472,473700
2016-04-25,83.47403717041016,83.91730914909986,82.97633515193435,83.61401623392373,307000
2016-04-26,83.45846557617188,83.54400864529683,83.02297790286273,83.48179442537422,252500
2016-04-27,82.71968841552734,82.92965398487024,82.05090040491756,82.23753712578618,271100
2016-04-28,80.06786346435547,81.38988886860321,79.95121329146976,80.58112185182294,740300
2016-04-29,79.08800506591797,79.91232854864316,78.87026125529866,79.85789259598833,496300
2016-05-02,79.68680572509766,79.88899894722208,79.29019754060423,79.72568515772717,336900
2016-05-03,78.89360046386719,79.25910159387314,78.23259068536105,79.06468660413164,315000
2016-05-04,78.24815368652344,79.0724714127024,78.22481890203949,79.0724714127024,350500
2016-05-05,78.75361633300781,78.89359535387814,78.2870215744648,78.74584400573531,377200
2016-05-06,79.29020690917969,79.3835282380498,78.69918369248461,78.9946982673694,283100
2016-05-09,79.79568481445312,80.59667358224536,79.57794098628526,80.45669455941254,360200
2016-05-10,81.51431274414062,81.51431274414062,80.83774647644724,80.99328202061061,483400
2016-05-11,76.55284881591797,79.11135081149145,76.2262271216402,78.79250737812082,1241800
2016-05-12,78.83915710449219,79.31353010958439,76.55284107420871,76.55284107420871,1043200
2016-05-13,77.60267639160156,78.41921566634609,77.52491159396976,77.95262094748153,371600
2016-05-16,78.40367889404297,78.63697926111746,77.85931928163555,77.89819872076478,322200
2016-05-17,78.2403793334961,78.82362438015286,78.15483625200706,78.55144454499478,305800
2016-05-18,78.95581817626953,79.39130587396562,78.17815818291228,78.2325941451243,374300
2016-05-19,77.46271514892578,77.66490841560106,77.1672064769197,77.43160803612382,402600
2016-05-20,78.2403793334961,78.6058805120264,78.07707143240124,78.25592992418709,340800
2016-05-23,77.41604614257812,78.01484166062815,77.34605366572465,78.01484166062815,447900
2016-05-24,78.26370239257812,78.62920354405212,77.29940564808238,77.71156450125093,852500
2016-05-25,79.80345916748047,79.9123310762337,78.885820270079,79.04912813320882,772000
2016-05-26,79.53128051757812,79.90455990432633,79.37575090072654,79.80346624668026,371000
2016-05-27,78.22481536865234,79.22022513737564,77.94486323131673,79.1657891755222,417600
2016-05-31,80.4178237915039,80.861089756075,79.81124400512901,80.37116015681354,673300
2016-06-01,80.35560607910156,81.09438067695854,79.95899783336243,81.06327356620696,540200
2016-06-02,80.73664855957031,80.86884931532308,80.26227555779951,80.41003283368438,301000
2016-06-03,80.4878158569336,80.93108185186615,79.92012140507066,80.63557316626958,449900
2016-06-06,82.07422637939453,82.30752078904241,81.73205412555528,82.13644059519697,559800
2016-06-07,82.03534698486328,82.27642560538395,81.97313869760515,82.13644657617262,349500
2016-06-08,82.1597671508789,82.2764173189858,81.87980912065197,82.08977467678517,217900
2016-06-09,81.26546478271484,81.4287726602614,80.99328498680391,81.26546478271484,283300
2016-06-10,80.25450897216797,80.6900026031068,79.90456434825231,80.60445952915855,316700
2016-06-13,79.08023071289062,79.86566287634602,78.92469518566651,79.52349658260037,310000
2016-06-14,78.60587310791016,78.97137425201285,77.94486330391001,78.67585965904053,375800
2016-06-15,79.69458770751953,80.28560494891555,79.53127391039597,79.8190102040493,414900
2016-06-16,79.31353759765625,79.41463718954564,78.21704014010506,78.55143415996882,305900
2016-06-17,80.28559875488281,80.53444966181758,79.69458155908376,80.30115527392014,395100
2016-06-20,82.27642059326172,83.24849547771389,82.1442138998398,82.9840880239443,567900
2016-06-21,83.30293273925781,83.72286980789038,83.20961141298135,83.44291176213534,568100
2016-06-22,82.82080078125,83.63734626077431,82.75858654921323,83.21740909413973,881200
2016-06-23,85.50369262695312,85.54257799017803,84.86601182834927,85.29372709152953,576900
2016-06-24,80.84552764892578,81.79427373673533,80.13786017998437,80.97772841642067,783700
2016-06-27,77.96817779541016,78.68362342955561,77.22162505546615,78.68362342955561,691200
2016-06-28,77.64934539794922,77.71933787916815,76.51396257448037,76.9572285119516,967700
2016-06-29,78.94803619384766,79.17355829326023,78.12371853832728,78.24036871844753,484100
2016-06-30,77.75820922851562,77.75820922851562,76.84057033882807,77.65711558068719,1270000
2016-07-01,77.48603057861328,77.92929647638022,77.27606501991276,77.43937288402964,515100
2016-07-05,77.1283187866211,77.51714878535722,76.91057493662085,77.47826341225364,500700
2016-07-06,77.59490966796875,77.6493456277114,76.58395528230903,77.2682939095129,423500
2016-07-07,78.22481536865234,78.41923036571102,77.80488419611149,78.13149996723209,423300
2016-07-08,79.37574005126953,79.44573252243804,78.60585846685852,78.70695211068663,372800
2016-07-11,82.16754913330078,82.33862933012405,81.52986230983748,81.59207652672282,679300
2016-07-12,82.85188293457031,83.42734957483698,82.82855408785429,83.0151907946565,456300
2016-07-13,83.87840270996094,84.36832634271948,83.41180792641835,84.06503943676306,537200
2016-07-14,83.97173309326172,84.30612714525009,83.84730463992875,84.29057062204585,296800
2016-07-15,84.62494659423828,84.87379751466297,84.40720278050091,84.71826791430027,351300
2016-07-18,84.772705078125,84.90490583362826,84.41498224572403,84.51607589409582,233900
2016-07-19,84.4227523803711,84.53162428596701,84.08835840373392,84.51607369934212,220500
2016-07-20,84.99823760986328,85.0760024207201,84.54719340058914,84.6871724333613,192500
2016-07-21,84.65605926513672,85.1382105508699,84.5083019819287,84.88935961408892,292700
2016-07-22,85.29373931884766,85.44926892789644,85.15376029747405,85.24708162274788,205900
2016-07-25,85.29373931884766,85.65146216611927,85.24708162274788,85.46482544864588,204600
2016-07-26,85.23152160644531,85.36372236202233,84.90490588099362,84.95156357517985,198100
2016-07-27,85.98585510253906,86.6779719404777,85.59702515164885,86.63909250523321,384800
2016-07-28,86.13361358642578,86.56910123892627,85.46482558690045,86.49133643427608,600000
2016-07-29,86.78685760498047,87.71227493333153,86.22694143767815,87.42453858816918,756500
2016-08-01,86.4991226196289,87.25344782022799,86.30470762365418,87.19123953065295,445100
2016-08-02,85.5192642211914,86.16472339283935,84.82714735190729,85.80699460071378,534100
2016-08-03,85.59701538085938,85.60479364025008,85.0526558849807,85.3870498418986,358000
2016-08-04,87.33899688720703,87.4712036026801,86.56133684993705,87.3078897737472,907300
2016-08-05,90.17744445800781,90.3874159609011,89.74973505783618,90.08412313082475,602900
2016-08-08,91.3050537109375,92.16825076045562,91.21173238498247,91.86496386744469,667900
2016-08-09,91.31282806396484,91.37504228264835,90.74513963443263,91.3206063245689,342100
2016-08-10,90.94733428955078,91.2583994750124,90.90845484953991,90.99399792386873,191300
2016-08-11,91.58499145507812,91.71719812937614,91.08728966087791,91.16506038684383,264700
2016-08-12,91.6005630493164,91.90384994466422,91.35171211125989,91.4294769169511,239900
2016-08-15,91.437255859375,91.67832853873799,91.37504164112829,91.37504164112829,120000
2016-08-16,91.20394897460938,91.53834295739003,90.83067555801526,90.98620515941714,221500
2016-08-17,92.69706726074219,92.7126237828671,92.16825823691667,92.17603649797913,537100
2016-08-18,92.49486541748047,92.66595153554778,91.95827821682823,91.95827821682823,775200
2016-08-19,93.023681640625,93.20254009946171,92.85259550916426,92.90703146616774,356800
2016-08-22,93.7702407836914,93.91021981587885,93.47472619736529,93.56026926887287,332200
2016-08-23,93.16366577148438,93.63026056182231,93.16366577148438,93.52916096964807,169900
2016-08-24,94.0190658569336,94.69562604870956,93.88686512211221,94.54787472929222,368500
2016-08-25,93.54471588134766,94.06574662270599,93.4825016615535,93.91021700629514,354300
2016-08-26,92.24601745605469,92.7825987408267,91.74053734549707,91.97383175054932,405500
2016-08-29,93.5835952758789,93.66136601712313,93.32697200222648,93.33474432989127,205400
2016-08-30,94.2834701538086,94.41567682566749,94.05017577943514,94.27569782781411,169500
2016-08-31,93.80912780761719,94.38460050484963,93.35031123522735,94.2446214613438,395300
2016-09-01,94.11239624023438,94.87450553458939,93.76245166682001,94.55566213532711,341000
2016-09-02,94.93672943115234,94.94450175894599,94.50123581864683,94.50123581864683,339000
2016-09-06,93.8402328491211,93.90244707443348,93.38141628686118,93.7158103315714,291900
2016-09-07,93.89466094970703,94.71898453337471,93.77801077028406,94.38459051666862,268700
2016-09-08,94.10462951660156,94.30681682599938,93.82467146797063,93.92576512266955,163700
2016-09-09,92.27713775634766,93.43584948640324,92.26158123394227,93.31919930066243,370600
2016-09-12,93.59136199951172,93.7002339041434,92.27712088415105,92.27712088415105,245200
2016-09-13,92.39378356933594,93.1792218379751,92.04383893927864,92.80594242391565,349800
2016-09-14,91.33615112304688,91.647216263672,91.22727921378919,91.647216263672,291800
2016-09-15,91.89607238769531,92.05160793334284,90.84623267014074,91.00176228271386,224500
2016-09-16,89.14315032958984,89.58641622596079,88.94873535867146,89.32979297348481,600200
2016-09-19,89.48532104492188,90.23187380849794,89.40755624450074,89.62530005890952,221200
2016-09-20,90.5662841796875,90.99399955901755,90.45741225278077,90.86957110936699,195400
2016-09-21,92.89146423339844,93.47470910535299,91.77163811373578,93.03144323999047,402200
2016-09-22,93.94132995605469,94.22906035760897,93.57582880838582,93.9646588066591,508300
2016-09-23,91.49946594238281,91.67832439541574,91.18840079828199,91.46835883466531,402200
2016-09-26,91.0639877319336,91.23507388670879,90.59739290359448,90.87735098721298,317100
2016-09-27,92.01272583007812,92.23046966864008,91.60056700236092,92.23046966864008,325900
2016-09-28,92.86692810058594,92.961668274852,91.95902702947693,92.64587371724531,188000
2016-09-29,91.57219696044922,92.25115330778628,91.39061911365069,91.99851880807586,400300
2016-09-30,91.62745666503906,92.03799147412774,90.79060604976947,90.99587345431381,375900
2016-10-03,90.99585723876953,91.31954229663796,90.2695279421101,90.38795165529329,609500
2016-10-04,91.0511245727539,91.76955135520386,90.8774372560595,91.23270238691225,165600
2016-10-05,92.42485046386719,92.51169414704118,91.91958141082696,91.91958141082696,202300
2016-10-06,91.92745971679688,92.09325052728865,91.7221923224009,91.75377238486806,133600
2016-10-07,91.49324035644531,91.6511346437216,90.96428786846069,91.54850395932012,228900
2016-10-10,91.91166687011719,92.23535799363566,91.62745233058718,91.68271593420239,165200
2016-10-11,91.0432357788086,91.42219050405636,90.80638832261862,91.42219050405636,224600
2016-10-12,90.90900421142578,91.06689846387124,90.50636603742635,90.79058051045187,157700
2016-10-13,90.54585266113281,90.94848485653752,90.07215780466561,90.41953242653348,231700
2016-10-14,90.86164855957031,91.44587065698546,90.83007452164374,91.04323240569249,156800
2016-10-17,91.13006591796875,91.4537509685503,90.85374794228203,90.93269507486679,163900
2016-10-18,90.83008575439453,91.20113796708652,90.65639840791486,91.20113796708652,188100
2016-10-19,90.70376586914062,91.09061112762998,90.70376586914062,90.89324023731967,112600
2016-10-20,91.69061279296875,91.83272006325655,91.28797452327316,91.48534539737948,161400
2016-10-21,91.0037612915039,91.07481793931026,90.48270530847562,90.6800761854205,174700
2016-10-24,91.1458740234375,91.20113763136109,90.81429237589596,90.89323952674658,141300
2016-10-25,90.98796081542969,91.38270251094131,90.98006429500097,91.13006806674508,159900
2016-10-26,91.18534088134766,91.34323516620213,90.59322827822201,90.7353355439034,211200
2016-10-27,90.67216491699219,91.18533031824441,90.64058485902342,91.09848666465034,216100
2016-10-28,90.64061737060547,90.9011484248367,90.32482872420893,90.66430091675697,140500
2016-10-31,91.31166076660156,91.41429144902285,91.10639337847812,91.19323704178878,135000
2016-11-01,90.57744598388672,91.39061303753863,90.14322764296521,91.39061303753863,307300
2016-11-02,89.51162719726562,90.53006152282595,89.31425634401627,90.11163627766219,227400
2016-11-03,89.34586334228516,90.1432435163517,89.16428547558468,89.8353453743098,320400
2016-11-04,87.2853012084961,87.7905702093308,87.03266670807875,87.26161766521972,321400
2016-11-07,88.80111694335938,88.85638055378406,88.01952385170509,88.12216057340936,354400
2016-11-08,89.85112762451172,91.10640969509139,88.91164622551139,89.21164782858887,228700
2016-11-09,88.27214813232422,89.03794809039657,87.11950294610024,87.11950294610024,567900
2016-11-10,87.52212524414062,87.94844697876563,86.79580200290394,87.57738883807646,371900
2016-11-11,88.38268280029297,88.4616359755146,87.9247869097282,87.98794101731126,158600
2016-11-14,88.24845886230469,88.76162430821077,88.03530098156745,88.2879354440208,226700
2016-11-15,88.80900573730469,88.80900573730469,88.27215666493774,88.40637345049073,142000
2016-11-16,88.87216186523438,89.11689983520736,88.71426756653207,88.92742547210831,228700
2016-11-17,89.4011001586914,89.4011001586914,88.7063569224116,89.211625825757,201200
2016-11-18,90.03268432617188,90.3405823589124,89.93794415329783,90.04847134334416,235500
2016-11-21,90.40375518798828,90.53006941297096,90.10374761000264,90.17480425547117,218400
2016-11-22,89.82743835449219,89.89849500688896,89.40901303206276,89.7721747463087,153200
2016-11-23,90.40375518798828,90.68007320196378,89.50374450059327,89.57479512278084,269400
2016-11-25,93.00116729736328,93.27748534322323,92.6932691857934,92.9222141214476,191800
2016-11-28,92.88274383544922,93.13537833860511,92.69326946390272,93.13537833860511,174700
2016-11-29,93.39590454101562,93.60906244508763,93.11168998673203,93.2774808061839,190800
2016-11-30,93.57747650146484,93.79853091351187,93.35642208941782,93.65642364529864,231600
2016-12-01,92.97747039794922,93.71958682540175,92.76431250031986,92.91431629479163,260300
2016-12-02,92.23534393310547,92.59850556197033,92.13270723969401,92.34587112348694,190700
2016-12-05,92.81167602539062,93.22221080822275,92.6064146572555,92.63798869598325,156900
2016-12-06,93.06431579589844,93.09589585970484,92.52746675775214,92.71694714059056,133400
2016-12-07,95.89066314697266,96.13540109931549,94.44590692712478,94.44590692712478,304600
2016-12-08,96.95645904541016,97.24857008570682,96.74330116749898,97.14593940719857,431000
2016-12-09,97.0906753540039,97.22488609218335,96.79856431507166,96.95645859254387,291800
2016-12-12,96.20646667480469,96.67225908195415,95.83540843953293,96.15909958886583,247500
2016-12-13,97.1617431640625,97.24858683902286,96.45120674315123,96.49068333114472,201900
2016-12-14,95.57487487792969,96.67225651038635,95.51172077278501,96.27751474264564,161200
2016-12-15,96.30120086669922,96.48277870033324,96.08014042510823,96.253827760432,211100
2016-12-16,95.52750396728516,95.88276913471054,95.29855302837149,95.42487328016432,203800
2016-12-19,96.19065856933594,96.4985626495722,95.71696971427188,95.78012983448858,171900
2016-12-20,96.05645751953125,96.36435560754134,95.72487588987136,95.81171955810817,257800
2016-12-21,95.61434173583984,95.8748727216288,95.5274980739102,95.80381607855874,87400
2016-12-22,95.25908660888672,95.44856097153294,95.10908280918103,95.2906606499266,104700
2016-12-23,95.44855499267578,95.61434580251634,95.35381480564645,95.35381480564645,101900
2016-12-27,94.25643920898438,94.70644458513816,93.98012117507966,94.31170281576532,234500
2016-12-28,93.4906234741211,94.12221260810617,93.47483645624764,93.91694523606895,105600
2016-12-29,92.4011459350586,92.86693829059634,92.19587854659883,92.59851680230967,181700
2016-12-30,92.5274658203125,93.0880044180955,92.22746425211304,92.9774711842523,153400
2017-01-03,93.5932846069336,93.68801878546812,93.02485544259874,93.29327697948911,204000
2017-01-04,95.67750549316406,95.75645263702317,94.84854542444081,94.95117610912958,250600
2017-01-05,95.08539581298828,95.83540273771153,94.99065562346571,95.67750844512175,525900
2017-01-06,94.84064483642578,94.91959800018049,94.27222181104477,94.61169391275477,171600
2017-01-09,94.53274536132812,94.70643268174692,94.31958748290184,94.32748400381558,135800
2017-01-10,94.54854583740234,94.78538727391184,93.78274587713129,94.0195873136408,214400
2017-01-11,94.66696166992188,94.66696166992188,94.01957947027141,94.01957947027141,192000
2017-01-12,94.45380401611328,94.69065147180979,93.44326611526613,94.45380401611328,218700
2017-01-13,94.5880126953125,94.6590693397802,94.35906176602016,94.59590921653799,112900
2017-01-17,93.48274230957031,93.91695461216382,93.29326193649,93.83011094698892,190600
2017-01-18,93.78276062011719,93.94065493594506,93.56959666813927,93.7196004844732,138500
2017-01-19,94.19327545166016,94.69854441513024,93.86959034535018,94.39064632874319,106800
2017-01-20,93.88538360595703,94.25644184326285,93.68012221690911,94.04328393208799,122600
2017-01-23,93.38800048828125,93.51431471150936,92.96167869123475,93.51431471150936,140500
2017-01-24,92.87483978271484,93.09589420214253,92.12483285633071,92.2985201925328,304200
2017-01-25,93.99590301513672,94.17748686928425,93.56958120491652,93.64853437306478,233200
2017-01-26,93.93274688720703,94.73012086343294,93.91695384460559,94.28801204308742,182400
2017-01-27,92.12483978271484,92.44062839233622,91.97483597684754,92.44062839233622,196700
2017-01-30,91.63533782958984,92.03797604937245,91.2248091125835,91.86428873796504,159200
2017-01-31,91.38272094726562,91.87220291683317,90.84587189213013,91.74588265761001,324600
2017-02-01,90.99585723876953,91.69849697416811,90.82216992920489,91.45375302738145,323500
2017-02-02,90.4195327758789,90.60111660799694,89.9774239996337,90.553743508199,248300
2017-02-03,90.88533782958984,91.15375931406493,90.54585970180733,90.55375019962311,187500
2017-02-06,89.45636749267578,90.38006770377787,89.01425868960517,90.15900727896187,437900
2017-02-07,89.24320983886719,89.62215852152457,88.99847189701426,89.6063715027808,344400
2017-02-08,89.42478942871094,89.53532265522733,89.10900086134124,89.48005303032872,251400
2017-02-09,88.3589859008789,88.41424950121154,87.72740275754592,88.2721422398875,445300
2017-02-10,89.12478637695312,89.33005376090544,88.816888312665,88.8563648945607,376900
2017-02-13,90.103759765625,90.39587086168174,89.9142853909491,90.05639267777647,414100
2017-02-14,90.37218475341797,90.38797177449226,89.8116521444158,90.26954803494947,234200
2017-02-15,89.69322204589844,89.7800657138541,89.46427110522274,89.7800657138541,189000
2017-02-16,89.48795318603516,89.69322058178702,89.28268579028328,89.36952945682134,196100
2017-02-17,89.7642822265625,89.7642822265625,88.69058405688297,88.80900780063679,240400
2017-02-21,90.23795318603516,90.46689806687183,89.85899851153266,90.06426587785819,268800
2017-02-22,90.31690979003906,90.35638034940332,90.05637880045536,90.16690600392467,187100
2017-02-23,90.4669189453125,90.70376642444752,90.30112811923063,90.53797559836565,181600
2017-02-24,89.81953430175781,90.02480169634998,89.59847988755749,89.92217101069441,179600
2017-02-27,90.19058990478516,90.21427344515456,89.74058456792365,89.77216462950982,180600
2017-02-28,89.3300552368164,89.7247969691724,89.20373499128769,89.68532038662447,196000
2017-03-01,90.58533477783203,90.77481515391325,90.40375694652221,90.64849490319243,240400
2017-03-02,89.51953125,89.91427298971189,89.33795342276986,89.67742553657237,252700
2017-03-03,89.48005676269531,89.63795707624729,89.2668988685015,89.4247931587724,123800
2017-03-06,89.14058685302734,89.32216468901674,89.01426659905104,89.32216468901674,162000
2017-03-07,88.93531036376953,89.25110494315842,88.81688664358863,88.96689042403649,171600
2017-03-08,88.26426696777344,88.88795369770756,88.23268690166712,88.85637965488297,178400
2017-03-09,88.57215881347656,88.74584615312568,88.32741482429766,88.50899868573482,150500
2017-03-10,88.94320678710938,89.19584124568728,88.73793940723962,89.08530802323388,286900
2017-03-13,89.52743530273438,89.85901694639897,89.47217169545694,89.50375176008426,233500
2017-03-14,88.49320220947266,88.89584047910608,88.430048107462,88.80110631444957,130600
2017-03-15,89.4011001586914,89.60636753295061,88.84846417793251,88.91951479405276,170500
2017-03-16,89.4011001586914,89.96952918077508,89.34583656061551,89.77215832717827,109400
2017-03-17,88.58795928955078,89.00638465865285,88.47743206085522,88.92743749862491,480500
2017-03-20,88.42216491699219,88.89585388153397,88.37479782752261,88.62743234349702,186600
2017-03-21,87.9405746459961,89.1011164611257,87.72741673169632,88.966905699408,383100
2017-03-22,87.49846649169922,87.63267725451944,86.93793387349565,87.54583357898125,279300
2017-03-23,87.2458267211914,87.70372259160283,87.09582292281034,87.2774067852338,159900
2017-03-24,87.91687774658203,88.12214513073738,87.56950310005465,87.71950688346979,161700
2017-03-27,88.20899963378906,88.39057747713213,87.44319962706716,87.65635753518326,211700
2017-03-28,88.745849609375,88.88795086740615,88.2563676352354,88.34321130844214,205400
2017-03-29,88.59075164794922,88.66306768621945,88.47825594582487,88.59878880683124,390400
2017-03-30,88.43807983398438,88.63093487156274,88.30147878028352,88.38986913986788,202800
2017-03-31,87.28097534179688,87.53007208810027,87.11223179134402,87.53007208810027,310000
2017-04-03,87.20062255859375,87.4256201066364,86.71046618795933,87.28098189103001,258500
2017-04-04,86.79080963134766,87.06401171313266,86.67831393525317,86.83098316249246,336400
2017-04-05,85.28819274902344,86.00334669595527,85.22390773275716,86.00334669595527,533500
2017-04-06,84.77392578125,85.08730757568402,84.64535574735058,84.91856400410852,392200
2017-04-07,85.10337829589844,85.2560475415013,84.87034971722878,84.98284542685462,233700
2017-04-10,85.15961456298828,85.56138665142734,85.03104455202111,85.26407309898244,379500
2017-04-11,85.49711608886719,85.81049788034441,85.223907834687,85.79442356098033,419400
2017-04-12,84.72571563720703,85.16766133787043,84.69357312852223,85.16766133787043,311400
2017-04-13,83.7132568359375,84.49269589412552,83.70521967528559,84.47662157282168,346200
2017-04-17,85.2721176147461,85.34443365423802,84.93462437211551,85.11944224618836,361900
2017-04-18,84.62928009033203,84.90248832298087,84.43643118705738,84.87034581734241,199700
2017-04-19,84.06678009033203,84.460514955337,83.97035259805234,84.37212462005259,214000
2017-04-20,85.1756820678711,85.30425207780999,84.88640567606407,84.90247999258419,234600
2017-04-21,85.64175415039062,86.17209020783972,85.54532662605598,85.85870841694785,226100
2017-04-24,85.97119903564453,86.18815941990185,85.73817046356189,86.13191156667888,257500
2017-04-25,87.361328125,87.53810883336966,87.22472707964376,87.27293777081518,309900
2017-04-26,88.31755828857422,88.65504542833409,88.22916792379569,88.32558931769475,410000
2017-04-27,87.91577911376953,88.30951407872229,87.74702942680513,88.22916088003586,213800
2017-04-28,86.89527893066406,87.25687140852749,86.83903107565072,87.0640224957041,227000
2017-05-01,87.02384185791016,87.12026324117508,86.85509217608472,87.01580469911944,108900
2017-05-02,87.7791748046875,88.13273624714427,87.64257374939513,88.00416622059406,268000
2017-05-03,87.48186492919922,87.61846598071662,87.03991313834162,87.16044600226243,368600
2017-05-04,87.71489715576172,87.80328138706282,87.13634428926049,87.80328138706282,152400
2017-05-05,88.31755828857422,88.34166363704898,87.69078857544743,87.77917894022595,219900
2017-05-08,88.54254150390625,88.67110539403456,88.38182897805086,88.38986613698263,170700
2017-05-09,87.15242004394531,87.69079329068596,87.07206683452321,87.61847724137316,235200
2017-05-10,85.02301025390625,85.45692485968418,84.92658887299277,85.40871416922744,441900
2017-05-11,85.85066986083984,85.91495487601728,85.42479236376315,85.77031665714628,283500
2017-05-12,85.5453109741211,85.6819120106843,85.31228243086625,85.31228243086625,277000
2017-05-15,85.50514221191406,85.62566893880471,85.25603933837655,85.59352643478194,300000
2017-05-16,85.9149398803711,86.26850127157971,85.69798565521016,86.05957807399685,276800
2017-05-17,85.00694274902344,86.26046975539793,84.95069489952088,85.84262946345837,259000
2017-05-18,85.79441833496094,85.97923621305056,85.04712192452246,85.08730158992861,211400
2017-05-19,86.4292221069336,86.62207715106152,86.05959246818973,86.05959246818973,177800
2017-05-22,86.3810043334961,86.7506339419541,86.1399386133663,86.2604714734312,330700
2017-05-23,86.8470687866211,87.12830806347382,86.78278377175292,86.78278377175292,229800
2017-05-24,86.23638153076172,86.50155264415721,85.93906790690399,86.38101976256317,151900
2017-05-25,86.22029876708984,86.41314766670908,86.06762340084012,86.18815626206064,179800
2017-05-26,86.05958557128906,86.05958557128906,85.65781345738897,85.80245166361524,157100
2017-05-30,86.68636322021484,86.87118112018362,86.09977927140359,86.13995281100938,193800
2017-05-31,86.41316223144531,86.54976330292624,85.77836144387531,86.27656115996439,185500
2017-06-01,87.10420227050781,87.12027045886454,86.57386009638961,86.65421329928607,170500
2017-06-02,87.8836441040039,88.0845301831321,87.48187194574751,87.6184730082211,274300
2017-06-05,86.5899429321289,86.96760976650096,86.38101967960367,86.72654400354436,181800
2017-06-06,86.62207794189453,86.80688969767553,86.40511754790896,86.41315470746011,205500
2017-06-07,86.40512084960938,86.76671947655053,86.30066229367885,86.68636013908136,127100
2017-06-08,84.9989013671875,85.69798700246152,84.78194713861585,85.57745415078593,433400
2017-06-09,84.96676635742188,85.39264382441647,84.65338459376336,84.94266101107215,275300
2017-06-12,85.53729248046875,85.68996786673928,85.26409034772864,85.3605178754611,388600
2017-06-13,86.30868530273438,86.30868530273438,85.73816352691576,85.92298139001352,952800
2017-06-14,85.73816680908203,86.11583357771993,85.46496471380283,86.0836910728831,149300
2017-06-15,84.9989013671875,85.21586172631466,84.61320359849222,84.76587282209617,350700
2017-06-16,84.29180145263672,84.36411749967768,84.04269854153,84.36411749967768,299200
2017-06-19,84.1310806274414,84.13911778650711,83.86591568383417,84.05072742845266,232700
2017-06-20,83.42396545410156,84.01055546574882,83.26325905311788,83.97037580022479,301200
2017-06-21,84.01858520507812,84.27571912103983,83.93019484672665,84.27571912103983,211300
2017-06-22,84.7658920288086,84.88642490779517,84.62929096021702,84.6775016595889,229300
2017-06-23,84.56499481201172,84.59713731754867,84.38821409683649,84.50071593149389,106400
2017-06-26,84.35609436035156,84.81411442612047,84.34805719974304,84.57304865232324,157400
2017-06-27,84.00251770019531,84.39625267115268,83.95430700635944,84.35607913647485,218900
2017-06-28,84.62124633789062,84.65338884482306,84.18733169013744,84.3641124129876,193300
2017-06-29,83.84180450439453,84.46857417206732,83.44003237746784,84.46857417206732,182700
2017-06-30,84.38821411132812,84.60517449110083,84.098943822558,84.39625127035276,169400
2017-07-03,85.1998062133789,85.44890299941004,84.89446156822599,85.01499444650317,165700
2017-07-05,87.20865631103516,87.40954237316527,86.86313203894912,86.90331170359758,493200
2017-07-06,86.34083557128906,86.86314061047888,86.21227166672845,86.83903526153357,276700
2017-07-07,87.16044616699219,87.27294187204926,86.82295905182097,86.903312251068,244200
2017-07-10,86.95956420898438,87.16848744133489,86.89527919432938,86.95152704951339,120700
2017-07-11,86.95152282714844,87.15240889027295,86.43725499599417,86.86313246892917,482500
2017-07-12,88.28540802001953,88.29343904843412,87.7952455422633,88.08452195964585,313700
2017-07-13,88.26129913330078,88.30951595798358,87.94791736036557,87.98809702584187,199700
2017-07-14,88.55058288574219,88.93628686233619,88.4300561404535,88.4300561404535,293500
2017-07-17,88.655029296875,88.74341964557023,88.39789540900401,88.39789540900401,234200
2017-07-18,88.38987731933594,88.55058373496657,88.11667518665251,88.55058373496657,183300
2017-07-19,88.1488037109375,88.26933657719891,88.0363080039085,88.06041335104953,148400
2017-07-20,88.26129913330078,88.43807985250653,87.99613418504836,88.33362130504686,151900
2017-07-21,87.8354263305664,87.9881017108382,87.62650922452312,87.96399636249139,177000
2017-07-24,87.91577911376953,87.94791548879924,87.6666762281187,87.82738875604764,127000
2017-07-25,88.49432373046875,88.83181696586249,88.18897913045683,88.26129516839809,198900
2017-07-26,89.00860595703125,89.10503348712047,88.65505060781801,88.67915595770108,157100
2017-07-27,89.73179626464844,89.98089918240316,89.37020375868016,89.41037729792282,224600
2017-07-28,90.20587921142578,90.20587921142578,89.84428062063273,89.86035493874233,187300
2017-07-31,90.67194366455078,90.80051370627127,90.36659901130014,90.80051370627127,141000
2017-08-01,91.74066162109375,91.9094052074853,91.2746044031225,91.70048807989035,371600
2017-08-02,91.75670623779297,91.75670623779297,91.19422166802268,91.42725020157042,178400
2017-08-03,90.58354949951172,90.70407623722322,90.2219508947082,90.59961768768781,253000
2017-08-04,91.31476593017578,91.44333594981642,90.79246095385865,91.41119344490626,150400
2017-08-07,91.70850372314453,91.73261520048982,91.5397601650644,91.58797698919884,140900
2017-08-08,91.78081512451172,91.99776935071273,91.62813977202055,91.81295762664436,143000
2017-08-09,90.880859375,91.03353475423353,90.67997329940073,90.8888965345798,112000
2017-08-10,90.30230712890625,91.42727038625327,90.16570606787548,91.28263216558642,280800
2017-08-11,90.09337615966797,90.53532178274351,89.90855829981614,90.36657823969043,355300
2017-08-14,90.82460021972656,91.10583946446576,90.61567701053926,90.68799917664691,211100
2017-08-15,91.02549743652344,91.32281103489422,91.02549743652344,91.12192495964392,184500
2017-08-16,90.31033325195312,90.47907680034999,90.14962686221016,90.28622790654725,162500
2017-08-17,89.55500793457031,90.18980865413627,89.42644403711294,90.18980865413627,126000
2017-08-18,89.77999114990234,90.13354640938104,89.61124148243672,89.99694537434256,120100
2017-08-21,90.57551574707031,90.71211680865238,90.28623930456915,90.31838181268667,167500
2017-08-22,90.69602966308594,90.80048819471712,90.44692680988035,90.51121181267891,188000
2017-08-23,90.67996215820312,90.86478002249207,90.54336111491237,90.74424716583022,142900
2017-08-24,90.17374420166016,90.54337385167821,90.07731667665503,90.18178136138306,153200
2017-08-25,90.67194366455078,90.7924765460245,90.34249366111679,90.43892119240716,154400
2017-08-28,90.21391296386719,90.38266265633288,90.03713837321659,90.38266265633288,71200
2017-08-29,90.06124877929688,90.07731696823811,89.57912341382382,89.61929695145521,116900
2017-08-30,90.22998809814453,90.24605628632847,89.59518738014313,90.07731272289361,172800
2017-08-31,90.78443145751953,90.87281568431898,90.17373611503307,90.20587862048562,291300
2017-09-01,90.82460021972656,91.49154337907649,90.50318131264358,90.59157166535529,288200
2017-09-05,91.2987060546875,91.60405068329815,90.95318175864227,91.08978281902942,228800
2017-09-06,91.3871078491211,91.6281674922103,91.17818458733129,91.5719196291004,182700
2017-09-07,91.82902526855469,92.20669200318208,91.57992854169638,92.0218741496529,264600
2017-09-08,92.38348388671875,92.5441902853371,92.15849247643062,92.4075892334559,220900
2017-09-11,93.39595031738281,93.55665671420097,93.05845707517496,93.16292175060723,185500
2017-09-12,93.64505004882812,93.82986179798903,93.4682693283742,93.5084489941342,179700
2017-09-13,93.70130157470703,93.77361761924156,93.41202513545595,93.49237833956869,112000
2017-09-14,94.09503936767578,94.30396260903426,93.58880864919296,93.62095115790632,222200
2017-09-15,94.56912231445312,94.64947551127733,94.11110234894356,94.11110234894356,169500
2017-09-18,94.48876190185547,94.7539329658302,94.32001835129589,94.67357976992885,112900
2017-09-19,96.47352600097656,96.61013319021502,96.26460889848282,96.27263992742427,275600
2017-09-20,96.7226333618164,96.74673871086539,96.28871868726448,96.42531975224655,193700
2017-09-21,96.46549987792969,96.63424345262854,96.26461379416104,96.63424345262854,110600
2017-09-22,96.93154907226562,97.01993943787156,96.63424159755172,96.63424159755172,146100
2017-09-25,97.20474243164062,97.40562848076593,96.88332352692899,97.0761724175337,141100
2017-09-26,97.4940185546875,97.87168530685454,97.32527500957033,97.7431152931144,179700
2017-09-27,97.62260437011719,97.87170729506414,96.96369822805597,97.743137252439,200300
2017-09-28,97.5467300415039,97.87297453447137,97.4162359778746,97.69353975220946,174400
2017-09-29,97.19603729248047,97.56306475225905,97.17972786481351,97.35916268213673,122200
2017-10-02,97.31021118164062,97.42439583046102,96.91056491076924,96.91872273499831,115400
2017-10-03,98.1502914428711,98.16660709213065,97.47334134092742,97.48149294296022,159900
2017-10-04,98.66412353515625,98.94142733233436,98.06057521813587,98.54178106239081,153800
2017-10-05,98.55810546875,98.60704619885301,98.28080162942254,98.46839427918928,108000
2017-10-06,99.39816284179688,99.41447226609334,98.9332664668971,99.16978734347406,126600
2017-10-09,99.23505401611328,99.60208146118048,99.17796168767133,99.31661359637361,151300
2017-10-10,101.20066833496094,101.28222791155822,100.98860845773055,101.02123353288881,472400
2017-10-11,100.77655029296875,101.0049196003605,100.55633881015441,100.72761579069821,193800
2017-10-12,100.47477722167969,100.87442350161835,100.37690199650015,100.71130434891595,151000
2017-10-13,100.62973022460938,100.77653993893432,100.34426861969874,100.66235529697006,333800
2017-10-16,100.66236877441406,100.72761892787162,100.32797262748903,100.56449976682484,101300
2017-10-17,100.57264709472656,100.86626655020964,100.46662026681201,100.58080491921133,107300
2017-10-18,101.34745788574219,101.39639237743937,101.00489777607514,101.05383849036791,127500
2017-10-19,100.37690734863281,100.58080941168134,100.1322223839357,100.4503153270808,121000
2017-10-20,100.89888000488281,100.90703782842803,100.61341840676153,100.65420130189149,111500
2017-10-23,100.13221740722656,100.5563371619426,100.00172332911174,100.46661976085254,154400
2017-10-24,101.03753662109375,101.14356966435592,100.80916733190821,101.04569444502079,133300
2017-10-25,99.7815170288086,100.51556574769535,99.5205226201597,100.51556574769535,176500
2017-10-26,101.0130844116211,101.20882865683903,100.76024783560635,100.79287291357558,123100
2017-10-27,101.32301330566406,101.33116490770671,100.86626846480021,101.0375454466503,101800
2017-10-30,101.45350646972656,101.49428936995896,101.19251208699114,101.33932181619213,113500
2017-10-31,101.13540649414062,101.24959113269729,100.86625432214444,101.11909706974515,110400
2017-11-01,101.48612976074219,101.88577604108487,101.28222770835966,101.37194510921572,194200
2017-11-02,102.20387268066406,102.35068242155536,101.90210159626342,101.9918190058413,153100
2017-11-03,102.45670318603516,102.46485478767495,101.96733329339374,102.366985787224,115300
2017-11-06,102.46485137939453,102.56272659918653,102.22832426517787,102.366982382199,103400
2017-11-07,103.95742797851562,103.99005305559767,102.4322382935652,103.37834686115298,335100
2017-11-08,104.38153839111328,104.48756521516752,103.62302252916481,103.6801148532858,179300
2017-11-09,102.32621765136719,102.52196190310602,101.64926126179834,102.29359257231113,303900
2017-11-10,101.53506469726562,101.86946705145273,101.46982076939716,101.78790747466951,123200
2017-11-13,102.49748992919922,102.57089790934414,101.78791471584958,101.82869139584362,156400
2017-11-14,101.8449935913086,102.30988999548529,101.72265112229442,102.2364820250382,164400
2017-11-15,100.85811614990234,100.98045240564704,99.9038497969152,100.2790288339251,106500
2017-11-16,101.43720245361328,101.69003902526853,101.00492484492263,101.11911572714466,140300
2017-11-17,100.55633544921875,100.84995489822205,100.3850584743996,100.58080269953624,212600
2017-11-20,101.3719482421875,101.57585030087178,101.01307862767213,101.01307862767213,108000
2017-11-21,102.58720397949219,102.70138863589428,101.99996504794028,102.11414970434237,163500
2017-11-22,102.8318862915039,103.27231547881645,102.6035169845856,103.01132109625311,115200
2017-11-24,102.80741882324219,103.09288045628703,102.65245126990489,103.00316305410196,57700
2017-11-27,102.75031280517578,103.09286671918437,102.66059541494553,102.93789918649645,104800
2017-11-28,103.54962921142578,103.54962921142578,103.0276403962751,103.18260796479086,101000
2017-11-29,103.21522521972656,103.66380601798878,102.82373052674055,103.25600189815201,128200
2017-11-30,103.04393768310547,103.49252468511294,102.92975303215752,103.09287840679514,110600
2017-12-01,101.42903900146484,102.43223363002622,100.8744251615149,102.27727229918807,201300
2017-12-04,101.07017517089844,101.918408517117,100.8988981811712,101.70634862491305,243400
2017-12-05,100.87442779541016,101.82053012202988,100.4258407724889,101.16804726085006,190200
2017-12-06,100.29533386230469,100.54817039419882,100.0180238592563,100.31980111086267,95700
2017-12-07,100.63789367675781,100.79286122348893,100.19746450915096,100.63789367675781,113600
2017-12-08,101.50244140625,101.54322430665691,101.15172961958015,101.27407209820394,125100
2017-12-11,101.07832336425781,101.2903832362548,100.9070463908514,101.2903832362548,89600
2017-12-12,101.33931732177734,101.55952879451394,100.97229612635081,101.07016512641302,110100
2017-12-13,101.88578033447266,102.16309037314888,101.69819392303019,101.7308189994978,83200
2017-12-14,101.95103454589844,102.56274075317383,101.8776327878721,102.4485560922902,339500
2017-12-15,101.41272735595703,101.67372797103438,101.27407544614505,101.32301617277064,127500
2017-12-18,103.84323120117188,103.94110642099565,103.37017697258501,103.47621001637656,160600
2017-12-19,103.59040069580078,104.15316613042893,103.41912371807945,103.99820480159353,90900
2017-12-20,104.0960693359375,104.40599820290066,103.8513906165234,104.39784660140445,103900
2017-12-21,104.626220703125,104.75672100422,104.44678590041781,104.59360185044811,180800
2017-12-22,104.65884399414062,104.67514719663497,104.18578355016088,104.49571240765532,75800
2017-12-26,104.38153839111328,104.52834811350965,104.25103809449578,104.39784781689215,48400
2017-12-27,104.58544158935547,104.64254014009911,104.29182834645668,104.37338792629508,77800
2017-12-28,104.61808776855469,104.74857564773932,104.00637527626839,104.48758744417415,102300
2017-12-29,103.72089385986328,104.75671976410287,103.67195935883038,104.75671976410287,122100
2018-01-02,104.69962310791016,104.74855760982726,103.72089573398681,103.93295561328905,83500
2018-01-03,106.13510131835938,106.22481872008588,104.85459044328039,104.95245944691158,162200
2018-01-04,107.7907943725586,107.7907943725586,107.08937074678687,107.09752234940004,161800
2018-01-05,109.17731475830078,109.18546636007656,108.54114135437058,108.56560860489148,135300
2018-01-08,109.91951751708984,109.93582072009349,108.98156064626913,109.27518008784533,131200
2018-01-09,109.06314086914062,109.15285827830115,108.54930366711262,109.14470667572103,148000
2018-01-10,111.24896240234375,111.97485326061056,110.99612583134663,111.51811462330036,389500
2018-01-11,111.66493225097656,111.66493225097656,110.62095465147063,111.48549743432449,180000
2018-01-12,111.90143585205078,111.90143585205078,111.28157813742783,111.48548017522135,101200
2018-01-16,112.52945709228516,113.77733656219054,112.2195220138118,113.53265162893224,257800
2018-01-17,114.77238464355469,114.99260233788007,113.89967791301646,114.6908188470806,394400
2018-01-18,113.06776428222656,113.62237186262641,112.88832948969885,113.5897530118,173300
2018-01-19,114.06282043457031,114.43799326583337,113.66316790586498,114.09543928916928,170600
2018-01-22,113.69579315185547,113.69579315185547,113.10855417450706,113.34508755312538,249800
2018-01-23,113.597900390625,113.88336821681506,113.32874821183817,113.88336821681506,164800
2018-01-24,113.3940200805664,113.89969324021173,112.96174868050929,113.78550857689844,236800
2018-01-25,112.70073699951172,113.72841131373542,112.31741258863683,113.72841131373542,270900
2018-01-26,113.82628631591797,113.97310227362773,113.2879818796394,113.65501555131665,319300
2018-01-29,113.80181884765625,114.5603409964614,113.74473274129569,114.14437282140253,249200
2018-01-30,113.87520599365234,114.40535875860836,113.57343496042026,114.16882542564856,217200
2018-01-31,112.48870086669922,112.97807084924436,111.86067895964527,112.92097229169599,224600
2018-02-01,113.20640563964844,113.5734267919485,112.73335145294477,112.74966709943574,169600
2018-02-02,111.42839050292969,113.36139043784982,111.40392325206179,113.28797624005239,253200
2018-02-05,107.60317993164062,111.01242855492069,107.09750684852742,110.5149070732408,313800
2018-02-06,113.17378997802734,113.76102888089257,108.67979325142748,109.57696725446979,513200
2018-02-07,111.64044952392578,113.19010005818629,111.61598227460956,112.01562231023634,217800
2018-02-08,109.6422119140625,112.79046028099724,109.62590870947741,112.71705852478132,387700
2018-02-09,111.38762664794922,112.26032101939643,108.50036642253089,111.8688325371208,433000
2018-02-12,113.17378997802734,113.48372507820442,111.56704081952022,112.35818177351382,255100
2018-02-13,110.13972473144531,110.34362677937061,109.12837853865956,109.37306348520859,300100
2018-02-14,110.49044799804688,110.58016540122311,107.7907867459174,108.26384101310174,262600
2018-02-15,110.33548736572266,110.37627026885139,109.39754281973535,110.1071180424354,218500
2018-02-16,111.0858383178711,111.5425769349504,110.84115336009461,110.86562061135287,158500
2018-02-20,110.80037689208984,111.40391898396683,110.43334325274566,110.67802819724403,128800
2018-02-21,109.9439926147461,111.33867572789264,109.9439926147461,110.77591649946142,144300
2018-02-22,110.29468536376953,111.07767465459537,110.06631608002711,110.61277204078165,148000
2018-02-23,111.7627944946289,111.80357739507039,110.70250130911988,110.97981756500562,101800
2018-02-26,112.90463256835938,113.01066561251633,111.78725336218709,112.04008990269092,125600
2018-02-27,110.94719696044922,112.51316341582861,110.93904535765279,112.33372859274601,150800
2018-02-28,109.78086853027344,111.1021498297919,109.75640127992632,111.06136693081554,135600
2018-03-01,106.34715270996094,108.93262921077522,105.621261909702,108.86737906134601,444200
2018-03-02,106.51026916503906,106.62445381235167,104.88721685289514,105.35210704367032,214200
2018-03-05,106.828369140625,107.18723877542864,105.1808493738552,105.45815320249628,161200
2018-03-06,107.12197875976562,107.5297828626536,106.6326213034162,107.39928256288299,194900
2018-03-07,105.88227081298828,106.02907432682439,104.7322601738276,105.60495454486265,284100
2018-03-08,105.6701889038086,105.8740909393424,104.99323265241325,105.37656947483221,233800
2018-03-09,105.78437805175781,106.13509603931486,104.28366199315262,104.90351972730873,473000
2018-03-12,106.3063735961914,106.84467801425481,106.06168863841769,106.06168863841769,144000
2018-03-13,106.0290756225586,106.98333580973826,105.75992339870875,106.5673800702583,174200
2018-03-14,106.0290756225586,107.01596711000803,105.92304256447376,107.01596711000803,116100
2018-03-15,106.34715270996094,106.84467420981439,105.97196746204135,106.48580461055046,102400
2018-03-16,105.95565795898438,106.36346203477584,105.94749391254518,106.09430985133034,91400
2018-03-19,104.26734924316406,105.49892558940293,103.78614339227812,105.34395804025816,179500
2018-03-20,105.4173583984375,105.53154304705748,104.82196790529001,104.84643515533763,69100
2018-03-21,105.44182586669922,106.1921839084967,105.10742352176534,105.44997746833418,110500
2018-03-22,103.59856414794922,104.92800344476895,103.5414718155115,104.65069960795648,177300
2018-03-23,101.54322052001953,103.35387171285946,101.51059544543001,103.13365401502935,223200
2018-03-26,103.8350830078125,103.9818927398664,102.15493202521566,102.98684969178969,158700
2018-03-27,104.43045806884766,106.11877284867549,104.03081805550673,105.60493575130315,347600
2018-03-28,107.35052490234375,107.65755751871215,106.32988107485228,106.38797277528934,348300
2018-03-29,108.18032836914062,108.66161080289234,107.10989880317806,107.8733083893029,165000
2018-04-02,105.043701171875,107.00201704240806,104.42965490662232,107.00201704240806,260000
2018-04-03,106.504150390625,106.60372169876167,105.31753743479521,105.47520044711948,233100
2018-04-04,106.01455688476562,106.14732072499709,104.36326111904484,104.5292238328719,396400
2018-04-05,105.7158432006836,106.12244082010676,105.3258386892481,105.66605121505863,437300
2018-04-06,104.03135681152344,104.9773221993456,103.2679409275083,104.65370279460805,420600
2018-04-09,104.69518280029297,105.56646965960995,104.33007748252112,104.76156788746253,233200
2018-04-10,106.42945098876953,106.65349907635236,106.0145600190114,106.19711584420321,303400
2018-04-11,106.05604553222656,106.6534986556502,105.98136705721379,106.22200191947519,155000
2018-04-12,106.7364730834961,107.06009243959979,106.4626393726915,106.69498082519367,134500
2018-04-13,106.65348815917969,107.00200033660064,106.39625388501132,106.9190284819725,89000
2018-04-16,106.8941421508789,107.32562620913114,106.80286424208319,107.17626926473466,137300
2018-04-17,107.32562255859375,107.38371425387886,106.63689157231785,107.02689601830131,174100
2018-04-18,107.10160827636719,107.56629128367167,107.06011600893022,107.4335210925383,199600
2018-04-19,106.62030029296875,106.86922851464476,106.21369642813247,106.86922851464476,148000
2018-04-20,107.23436737060547,107.3256452956338,106.87756172109812,107.00202586356289,214600
2018-04-23,107.10160827636719,107.35053655766436,106.82777450527799,107.3422431688419,117600
2018-04-24,107.43350219726562,108.40436030855822,107.10988282683476,108.28818957716408,145600
2018-04-25,108.78608703613281,108.92715061158577,108.32139138199948,108.47905439622983,181500
2018-04-26,109.20926666259766,109.42500869812822,108.79436936696614,109.03500422730174,105800
2018-04-27,108.71138763427734,109.24245567985413,108.62841577001716,109.02671363878451,116900
2018-04-30,108.68649291992188,109.40011678079402,108.54542935763631,108.91883439446995,170600
2018-05-01,108.67819213867188,108.70308496198992,107.99775453688558,108.44585067993019,127000
2018-05-02,108.02264404296875,108.70308162385969,107.95627162393208,108.70308162385969,127100
2018-05-03,107.96456146240234,108.31307362835791,107.12647358677059,107.8151918703305,109500
2018-05-04,108.96863555908203,108.96863555908203,107.49158948698313,107.7903160566032,109800
2018-05-07,109.12628936767578,109.48310764961919,108.82756278856606,109.03501145012387,114300
2018-05-08,108.6201171875,108.68650228046835,108.24671211850712,108.39608174310138,133800
2018-05-09,113.09269714355469,113.09269714355469,111.9890815002077,112.13843844622686,364800
2018-05-10,114.83527374267578,115.07590860461286,114.63611848124941,114.80208752993508,198400
2018-05-11,114.56973266601562,114.64441113220008,114.17972823817337,114.49504153817193,140600
2018-05-14,114.62782287597656,114.88505717013808,114.51165214114037,114.54483835323909,98800
2018-05-15,113.03462219238281,113.23377745593285,112.7939746662189,113.21717801855513,148700
2018-05-16,113.97228240966797,114.22951668505435,113.55738514958422,113.62375756893721,100900
2018-05-17,113.40800476074219,113.73162408634767,113.2337550186168,113.68183844574042,73100
2018-05-18,112.88523864746094,113.26694969007406,112.57821873299903,113.26694969007406,168600
2018-05-21,113.22547149658203,113.32505545926678,112.87695928133755,113.25867037136389,81800
2018-05-22,112.63632202148438,113.2669613506602,112.56993693499314,113.2669613506602,120400
2018-05-23,111.88121032714844,111.9309959785686,111.0514157057159,111.69036110948406,106300
2018-05-24,109.89800262451172,110.21332863507361,109.35862851898948,109.86480374884141,261800
2018-05-25,107.8401107788086,108.05585281459349,107.54967760685989,107.70734060525143,204900
2018-05-29,105.13496398925781,106.07263585605911,104.85283688900844,105.74071677924883,276400
2018-05-30,105.57477569580078,105.93988103542051,105.0437012974952,105.08519356216667,287700
2018-05-31,106.18880462646484,106.3381615609058,105.45858140477284,106.07263390134652,369800
2018-06-01,108.96033477783203,109.42501776156232,108.63671536690117,108.9437353393669,225800
2018-06-04,111.42481994628906,112.26290794967001,111.3418354200822,112.22972173618386,180500
2018-06-05,110.74440002441406,110.98503490279182,110.66141549440155,110.88546359610608,94700
2018-06-06,112.99313354492188,113.00142693304565,112.33760135662847,112.87696280288274,141500
2018-06-07,113.22547149658203,114.03037327762077,113.20057867132606,113.48270579866765,233500
2018-06-08,113.02633666992188,113.19229307026524,112.67781176904056,113.17569363173237,107100
2018-06-11,113.80632019042969,114.14653900286716,113.24206596052781,113.25035934802861,95200
2018-06-12,111.64886474609375,112.00567034260975,111.5160945727415,111.77332887007361,225000
2018-06-13,112.36248779296875,112.79397186077055,112.26290383284018,112.71929338691953,112400
2018-06-14,112.38739776611328,112.67781831817877,112.28782645245226,112.35419888711796,76800
2018-06-15,112.69441223144531,113.167401271466,112.1965430258919,113.05123052400403,150400
2018-06-18,113.28355407714844,113.30844690040051,112.5118385713548,112.53673139460686,135400
2018-06-19,112.97652435302734,113.00972322597869,112.46205577722303,112.68610385383401,158100
2018-06-20,111.4994888305664,112.27120434058429,111.40821092425591,112.1882198215166,117600
2018-06-21,110.08053588867188,110.85223865737744,109.6905314802964,110.85223865737744,155600
2018-06-22,108.70308685302734,109.47478971263138,108.47074539024376,109.44160350151662,209600
2018-06-25,106.68668365478516,107.8566842628011,106.40454390532983,107.74881958903141,205700
2018-06-26,107.2177734375,107.68245642057437,106.73649101598394,107.26755909116345,167400
2018-06-27,105.47518920898438,106.74477389910285,105.46688949058034,106.74477389910285,323500
2018-06-28,107.11817932128906,107.36712022768596,106.26349191659939,106.32987700241593,173400
2018-06-29,106.88583374023438,107.7903067590794,106.86094091671826,107.36711609764566,176600
2018-07-02,106.15562438964844,106.2634954095234,105.38391515144792,105.81540556177822,101500
2018-07-03,105.7158432006836,106.5041519429639,105.59137273286765,106.48755250414526,96500
2018-07-05,107.10160827636719,107.29245751258246,106.52904790605905,106.52904790605905,120800
2018-07-06,107.5081787109375,107.82350468826286,107.11817426371714,107.40030136887148,84300
2018-07-09,108.45414733886719,108.54542524767355,108.06414287957276,108.06414287957276,69500
2018-07-10,107.26753997802734,107.40860352549268,107.05178530171379,107.19284884917913,120100
2018-07-11,106.26349639892578,106.82776332133761,106.03115491959768,106.77796500862931,75300
2018-07-12,107.1928482055664,107.3339244138441,106.8941343386047,107.09327691657917,79700
2018-07-13,107.46670532226562,107.59947551094388,107.10989968456268,107.1430859009012,74900
2018-07-16,107.46670532226562,107.63267438894448,107.3754274002571,107.63267438894448,100500
2018-07-17,109.07649993896484,109.47479781010311,108.45415397583459,108.52883245261157,135600
2018-07-18,109.6075668334961,110.32119070350385,109.5079955321753,110.03906357532101,182200
2018-07-19,109.34203338623047,109.54948202750118,109.08479909692043,109.30054112564429,107700
2018-07-20,109.36692810058594,109.75693256584867,109.30883640242915,109.61586900674563,123000
2018-07-23,109.30880737304688,109.3834984882212,108.91050962596448,109.06817258005006,126800
2018-07-24,110.01417541503906,110.51204460441559,109.70715544850712,110.17183842325646,118200
2018-07-25,109.70713806152344,109.8233087867994,107.71562363465905,109.18436346695188,270700
2018-07-26,110.63652801513672,110.85227007727053,110.35440085811662,110.52035726450126,135600
2018-07-27,111.57418823242188,111.82311648475606,111.15929092965045,111.51609653243668,168100
2018-07-30,112.00567626953125,112.49526472696732,111.85631931285201,111.88121213896521,149900
2018-07-31,109.40010833740234,109.77351334541694,109.2507513988604,109.51627906571044,198700
2018-08-01,109.2258529663086,110.51202429878784,109.09308280887231,109.94777012217232,131800
2018-08-02,108.74456787109375,108.78606012694277,107.83178888905032,108.32967063592106,119300
2018-08-03,108.95203399658203,109.23416112303738,107.68244926587207,108.20521125626622,157700
2018-08-06,106.58710479736328,106.78626004266958,106.27179148603625,106.59541084612168,198200
2018-08-07,106.64520263671875,107.15967122299473,106.6037103755151,106.84434523183955,270900
2018-08-08,105.4585952758789,106.00626276418333,105.42540906219125,106.00626276418333,208400
2018-08-09,104.09771728515625,104.96900404075124,104.0728244631386,104.96900404075124,191100
2018-08-10,103.08538055419922,103.76581183739265,103.0023960338734,103.76581183739265,233000
2018-08-13,102.47962188720703,103.16005313152453,102.46302878258794,102.9443047864981,229200
2018-08-14,102.4381332397461,102.828137685752,102.27217686438736,102.828137685752,131000
2018-08-15,101.11045837402344,101.69961170824702,100.75364648644243,101.69961170824702,191500
2018-08-16,101.86558532714844,102.16431188509438,101.16855458166448,101.2349396680592,132900
2018-08-17,102.29708099365234,102.52112908906169,101.6000565431135,101.75771321787978,135100
2018-08-20,102.28878021240234,102.52942141235033,101.86558951361191,101.86558951361191,126400
2018-08-21,101.70791625976562,102.0232359050769,101.64983089534434,102.0232359050769,182600
2018-08-22,102.67877960205078,103.52517361929064,102.5460157612237,103.32601836180466,262900
2018-08-23,101.45068359375,102.2638787085923,101.28472088502606,102.2638787085923,184300
2018-08-24,101.93196105957031,102.17260224249141,101.62494112305347,102.0813243341134,93200
2018-08-27,104.94412231445312,105.39221215063588,103.90687908185329,104.23049846395801,370500
2018-08-28,104.6122055053711,105.45859321614724,104.56241985498144,105.16816637082358,169100
2018-08-29,105.7822036743164,106.02283850370212,105.16815119756193,105.25942909732734,249000
2018-08-30,103.94007110595703,104.62879579753307,103.58325918249128,104.27199020489755,165200
2018-08-31,102.9609146118164,103.55006801310658,102.7285731387251,103.39240501458163,152600
2018-09-04,101.24324035644531,101.58345284852436,100.94451379563766,101.37600419967629,244500
2018-09-05,99.9653549194336,100.62089340293281,99.83258474670097,99.99854746261676,290800
2018-09-06,99.7330093383789,99.99024362391091,99.01108579826099,99.99024362391091,136600
2018-09-07,98.99449157714844,99.38448969471702,98.76214378705892,99.21023360027235,190300
2018-09-10,98.89491271972656,99.29321688122657,98.87001989666341,99.20193897610844,104500
2018-09-11,99.50895690917969,99.65002045759958,99.17703783638072,99.63342735283301,172200
2018-09-12,99.50066375732422,99.84087621789548,99.27661569205286,99.40938585381808,110500
2018-09-13,101.20175170898438,101.57516308874631,100.90302513750706,101.0274955974277,149900
2018-09-14,101.46727752685547,101.9236670660315,101.28472171118507,101.82408943998489,131400
2018-09-17,101.63323974609375,102.08132323406427,101.5751543805546,101.79089640636855,147300
2018-09-18,103.74922180175781,103.97326989761055,103.11857610895277,103.20985402491786,266900
2018-09-19,103.98986053466797,104.26369427605906,103.70773340535388,103.70773340535388,130900
2018-09-20,103.68281555175781,104.46282437233344,103.46707354971593,104.07281996204563,136000
2018-09-21,103.49198913574219,103.68283835882406,103.15177029249867,103.43390376382631,113600
2018-09-24,102.89451599121094,103.44218338931717,102.66217454867964,103.17664307690481,117900
2018-09-25,103.6247329711914,104.23048573059296,103.5334550714072,103.9898445703282,169900
2018-09-26,103.84048461914062,103.97325477972326,103.15175365548504,103.68282163615616,271000
2018-09-27,104.8740005493164,105.49679595892506,104.68042561902791,105.03390999516192,151200
2018-09-28,104.6551742553711,105.19380914454585,104.51210076753533,104.78983618818197,167300
2018-10-01,105.05074310302734,105.23590006324959,104.70568311255072,104.86558614280509,147200
2018-10-02,105.7997817993164,106.06068128461112,105.57254779938789,105.6482903256858,177100
2018-10-03,103.26651000976562,103.80514493251346,103.03085803369281,103.49375043028927,192000
2018-10-04,102.828857421875,103.49373621793825,102.29022257309559,103.26649582862056,139500
2018-10-05,102.2565689086914,103.40116969987065,102.14716089962083,103.40116969987065,272500
2018-10-08,102.44172668457031,102.57638220288788,101.31395541611656,102.33231225358793,180000
2018-10-09,100.92681121826172,101.14563365755752,100.30401580599556,100.74165426355255,182500
2018-10-10,99.1257553100586,100.9099875709888,99.1257553100586,100.75849609203213,454400
2018-10-11,98.2588882446289,99.72330156918585,97.43409989063919,99.13417161707527,292400
2018-10-12,98.26730346679688,98.83960387039106,97.48459859748475,98.72177788327178,318500
2018-10-15,97.31626892089844,97.636087810853,96.74396853054431,97.08903492843535,326900
2018-10-16,99.34456634521484,99.51288733758508,98.41037006918114,98.6460220269132,275600
2018-10-17,99.08367919921875,99.36140822905463,98.41880028093755,99.31933118624802,224500
2018-10-18,98.1915512084961,99.63913491117846,98.06530724911622,99.23516194640425,230000
2018-10-19,97.89698028564453,98.79751105683324,97.65291035799078,98.31778917724738,193400
2018-10-22,98.55345916748047,99.94213004814598,97.9643291798213,99.93371207088362,238700
2018-10-23,99.28565979003906,99.79062922090887,97.26577564552512,97.44251462527782,311600
2018-10-24,96.42416381835938,98.23364361144029,96.2810903145201,98.19997812447191,432000
2018-10-25,98.18314361572266,98.71336056127498,96.9375463451582,97.248947268058,334700
2018-10-26,98.72179412841797,99.47083363594912,97.40886567998571,97.62768815823038,207700
2018-10-29,97.04694366455078,99.3277270662516,96.06225240799633,97.45934099780239,431700
2018-10-30,97.82965087890625,97.96431280845869,96.78604660901169,96.95436759991803,313100
2018-10-31,98.51136779785156,99.07525019275995,98.35987633433528,98.65444128532963,238400
2018-11-01,99.05841827392578,99.15099675101261,97.88015842197458,98.38512784724433,275500
2018-11-02,97.17320251464844,98.75544186405041,96.40733356024259,98.46929485852417,397500
2018-11-05,97.13111877441406,97.59400473750055,96.8617948992639,96.8617948992639,241900
2018-11-06,98.95743560791016,99.20150557285,98.25047322307836,98.69652968895511,252200
2018-11-07,100.41343688964844,100.5565168230303,99.3614144382154,99.48765841659447,256900
2018-11-08,98.71334838867188,99.44555815550703,98.40194750417173,99.15098680104533,274400
2018-11-09,98.67127227783203,98.93217817060658,98.21679788055175,98.76385075252067,133900
2018-11-12,97.26577758789062,98.72177933735972,97.11428611350098,98.64603038964749,297000
2018-11-13,96.87863159179688,97.7202494449644,96.61773211204603,97.20686204084943,250100
2018-11-14,98.3682861328125,99.01633543446245,97.9474772328964,98.43561709784728,247000
2018-11-15,98.46929168701172,98.72177961872569,97.56034283808326,97.91382080565494,184800
2018-11-16,98.43563079833984,98.6797007647855,97.4593573535924,97.47618688667635,120400
2018-11-19,98.58712005615234,99.69805542464971,98.35146807208245,99.59705896531905,228600
2018-11-20,98.71334838867188,99.56338412887811,98.44403096081882,99.26040121991419,284900
2018-11-21,100.36292266845703,101.06987853849061,100.09360522924887,100.33767516181787,228700
2018-11-23,100.75007629394531,100.96048076530208,100.42184583231158,100.59016684098302,134000
2018-11-26,102.06299591064453,102.09666139585029,101.44861846348505,101.45703644004517,149400
2018-11-27,101.83575439453125,102.8036161543886,101.55801897786156,102.57637575128277,323900
2018-11-28,102.32390594482422,102.32390594482422,100.6490816986858,101.50753555348706,281100
2018-11-29,102.49221801757812,102.94669241500544,102.15556960233184,102.27339558451288,125600
2018-11-30,102.23975372314453,102.32391423585699,101.66745324725007,101.66745324725007,194700
2018-12-03,103.94822692871094,104.20912641871747,103.61999646675596,103.73782245714825,261000
2018-12-04,101.73475646972656,103.39274454870652,101.2634525605468,102.90460468789365,273500
2018-12-06,102.53429412841797,102.54270568294626,100.49758067265553,101.22136604516257,354600
2018-12-07,100.9688949584961,102.70262568277751,100.48917303862044,102.38281320987194,206100
2018-12-10,101.78526306152344,102.06299206720152,100.62382633928333,101.8778415370943,344200
2018-12-11,101.3392105102539,101.96200593432943,100.94364908515365,101.56644450922917,322000
2018-12-12,102.58480072021484,103.43483655901224,102.55113523519928,102.9719441663417,145400
2018-12-13,101.65059661865234,102.29022794304444,101.305536660398,102.29022794304444,217400
2018-12-14,101.07830047607422,101.85258734151603,100.90997947785974,101.27187540295192,132000
2018-12-17,100.61541748046875,101.42336985352948,100.25352154472998,100.9941429481103,189100
2018-12-18,101.0025634765625,102.06299738116617,100.85948355711785,101.73476692197434,181700
2018-12-19,100.47233581542969,102.67737687631312,100.04311533851786,101.42336808776258,207900
2018-12-20,99.68962860107422,100.59857739128286,98.78909778698818,100.15252097230115,176900
2018-12-21,95.91075897216797,97.8043989284777,95.86026396139722,97.30784753314165,379700
2018-12-24,94.10128784179688,95.5825370255902,93.89930135979058,95.48154057406981,335800
2018-12-26,95.70878601074219,95.85185950880017,93.52058081449911,94.71567665892731,390600
2018-12-27,97.19003295898438,97.19003295898438,95.203814302631,95.44788425170367,230400
2018-12-28,97.91381072998047,98.6796860019427,97.44250682171705,97.59399828094946,179300
2018-12-31,97.69500732421875,98.2757193086247,97.1142889187778,97.99799028175012,184700
2019-01-02,97.86332702636719,98.07373149844693,96.51673968926377,96.51673968926377,169900
2019-01-03,96.49149322509766,97.86332808634366,96.18851026833836,97.50143213360533,309500
2019-01-04,100.76691436767578,101.1372218787516,98.89852159534924,99.26041755053893,307500
2019-01-07,102.07142639160156,102.82888384893755,101.26347391078835,101.59170440546136,156100
2019-01-08,102.93828582763672,103.92298367485728,102.64372083959431,103.65366619707062,150400
2019-01-09,103.45166778564453,103.77148668801394,103.00561133869228,103.39275479116093,139800
2019-01-10,104.77299499511719,104.84874393379279,103.74622028241582,104.11653415808755,202900
2019-01-11,105.26114654541016,105.63987201778151,105.10123709568082,105.21065152803658,135500
2019-01-14,105.53047180175781,106.12801976194547,104.77301438002867,104.81509784497177,156600
2019-01-15,106.27951049804688,106.58249346460543,105.58938405667132,106.17010247941441,172300
2019-01-16,105.75770568847656,106.35525361165388,105.7072042494657,106.09434770302981,171400
2019-01-17,105.13489532470703,105.4462962260995,104.37743801120797,104.77299940942605,138700
2019-01-18,105.4968032836914,105.86711721724093,105.09283028439651,105.10965981726919,158600
2019-01-22,104.02397155761719,104.65518498505544,103.56949711933744,104.3606200031246,159800
2019-01-23,103.07293701171875,103.75464540156456,102.60163308007567,103.5779064271984,130600
2019-01-24,103.37590789794922,103.577894356395,102.93826308011066,103.21599847361969,90400
2019-01-25,104.12495422363281,104.35218820215236,103.90613179988623,104.14178375421292,80000
2019-01-28,103.08135986328125,103.15710238972,102.5595544706867,102.89620290394012,132000
2019-01-29,102.90461730957031,103.37592769759245,102.83729275788285,103.08136271822548,85300
2019-01-30,103.55266571044922,103.93139119163673,102.41648284585176,102.76154284099495,132300
2019-01-31,103.66207122802734,103.83881020972778,102.95511530122556,103.26650980282574,108500
2019-02-01,102.67737579345703,103.22442867000612,102.38281083563352,103.03927171907863,152700
2019-02-04,103.43484497070312,103.46851045845649,102.62689252772829,103.04770149309239,104000
2019-02-05,103.91455841064453,104.12496287606787,103.69573596871453,103.95663545110837,120300
2019-02-06,101.8778305053711,102.68578276929131,101.48226913822567,102.44171285294554,271200
2019-02-07,99.40348052978516,100.49758625644911,98.78909670028185,100.35450634807644,310700
2019-02-08,98.73018646240234,98.73860443866701,97.96431756921524,98.70493895464287,206100
2019-02-11,98.59552001953125,99.21831535236427,98.46927607369155,99.21831535236427,167500
2019-02-12,100.80899047851562,100.85107394169746,100.1861950338411,100.1861950338411,207600
2019-02-13,100.6827392578125,101.04463518359007,100.45550526768916,100.96047468432344,111200
2019-02-14,100.36292266845703,100.57332711849573,99.84111732078874,100.21984918347894,235600
2019-02-15,101.9620132446289,102.02934421990628,101.17089033770782,101.2887163339256,164900
2019-02-19,102.24815368652344,102.4838056638137,101.43178332160021,101.43178332160021,104100
2019-02-20,103.3422622680664,103.82198421216644,102.92145331987216,102.93828285254453,173000
2019-02-21,102.03775787353516,102.6605597761004,101.9115138975538,102.4585668461161,173100
2019-02-22,102.5259017944336,102.69422282157225,102.2145008310879,102.62689826333815,105000
2019-02-25,103.02245330810547,103.47692133721253,103.01403533096342,103.27493483304993,119400
2019-02-26,103.71257019042969,104.06604814539187,103.30859079830533,103.30859079830533,102400
2019-02-27,102.94669342041016,103.3170073229011,102.75311849291684,103.26650588644856,132900
2019-02-28,101.86942291259766,102.20607132880083,101.44861399760231,102.08824534628489,124800
2019-03-01,101.2802963256836,101.49911878042919,100.68274837940936,101.33079776664647,211500
2019-03-04,99.66439056396484,100.1777779986412,99.2772470989857,100.16936002171872,240300
2019-03-05,99.52973175048828,99.73171824271036,99.24357833389178,99.73171824271036,149800
2019-03-06,99.29408264160156,99.5718116685432,99.2099157147953,99.40349065700069,153000
2019-03-07,98.67127227783203,99.52972605748403,98.30937635524039,99.51289010515822,138500
2019-03-08,99.06681823730469,99.08365418700541,98.30936102660878,98.30936102660878,100200
2019-03-11,100.26193237304688,100.4555073042155,99.731715437987,99.731715437987,134700
2019-03-12,99.95054626464844,100.32085378420992,99.79905478177119,100.30402425101697,79000
2019-03-13,100.41343688964844,100.70800831287806,99.78222341878862,99.85797237423024,61500
2019-03-14,99.05841827392578,99.40348467416479,98.84801381164384,99.2267456963721,139800
2019-03-15,100.12728881835938,100.32085735161989,99.94213184147688,100.1525363295642,150900
2019-03-18,100.58175659179688,100.65749912037242,99.99262021172433,100.10203464771344,106300
2019-03-19,100.76691436767578,101.40653935091359,100.69116541745537,100.94365335681005,85700
2019-03-20,100.71642303466797,101.35605450313157,100.11887503399848,101.26347601081306,140500
2019-03-21,101.36445617675781,101.4065332167483,100.37134685429046,100.67432979477438,127200
2019-03-22,101.1792984008789,101.97042123028226,100.85106795485721,101.92833776959863,179400
2019-03-25,101.40652465820312,101.56643409136093,100.50599388916666,100.9015552736934,136400
2019-03-26,102.48381805419922,102.913045019606,102.27341356031843,102.6858109914704,138300
2019-03-27,101.86101531982422,102.13875077308096,101.44020636193282,101.93676427118294,143300
2019-03-28,100.21143341064453,100.58174730558461,99.94211596551568,100.45550334857919,155500
2019-03-29,99.3277359008789,99.57180584807294,99.17624443093209,99.52131083176887,250700
2019-04-01,100.89315032958984,101.16246779751631,100.5396723568804,100.5396723568804,140500
2019-04-02,101.54119110107422,101.61693362265379,101.08671670849367,101.41494714407389,88400
2019-04-03,101.89468383789062,102.34074031915807,101.6926973299844,101.79368737341986,117900
2019-04-04,102.74470520019531,103.00560467015578,102.38280928007221,102.42488631853084,155600
2019-04-05,103.1318359375,103.2917453586558,102.57636516150632,102.6773615992416,132100
2019-04-08,102.8793716430664,103.08977612081705,102.45015113160035,102.45015113160035,84600
2019-04-09,102.72786712646484,103.35066892472082,102.63528865431961,103.00560254290055,104100
2019-04-10,102.828857421875,103.0560913901588,102.71103145001912,103.04767983576473,65400
2019-04-11,101.86942291259766,102.53430176881444,101.83575742887389,102.4164757862985,96800
2019-04-12,103.01402282714844,103.35067124058061,102.5427124799296,102.5427124799296,117100
2019-04-15,102.65211486816406,103.047676225981,102.34913197370997,102.81202429052418,138500
2019-04-16,102.46696472167969,102.86252610567092,102.26497825235607,102.64370368496712,114100
2019-04-17,104.42794036865234,104.8992442918667,104.19228840704518,104.22594746924531,181700
2019-04-18,105.33689880371094,105.56413281006976,105.160153395278,105.1938188815969,189800
2019-04-22,104.49528503417969,105.04233155061226,104.34379355028146,105.04233155061226,160500
2019-04-23,105.15174102783203,105.18540651389107,104.77300912544403,105.10123958822602,117200
2019-04-24,103.41798400878906,103.70413737498018,103.22441552730812,103.30857601582304,169900
2019-04-25,103.67890167236328,103.94821911888778,103.3675007662741,103.94821911888778,87900
2019-04-26,104.04080200195312,104.21754098175238,103.90614006246722,104.1838754968809,126400
2019-04-29,104.20069885253906,104.36060829094164,104.04079583517078,104.17545134564061,97800
2019-04-30,104.02397155761719,104.5373589922831,103.90614556484485,104.5373589922831,155500
2019-05-01,103.45166778564453,104.31853317063248,103.3422597733278,104.31853317063248,94500
2019-05-02,103.17391967773438,103.64522999677024,102.96351523455012,103.45165508378575,84000
2019-05-03,104.06604766845703,104.15862614495636,103.19076434039451,103.19076434039451,112400
2019-05-06,103.50218200683594,103.53584107552497,102.11351105561297,102.35758104034004,137400
2019-05-07,103.09819030761719,103.81356422146307,102.59322086378684,103.51899924764827,158400
2019-05-08,102.47539520263672,103.22443460460953,102.43331174008482,103.1402741005406,140900
2019-05-09,100.42183685302734,100.45550233595839,99.10049714789676,100.21985037647538,273300
2019-05-10,100.3797607421875,100.60700116334813,99.08367487015379,100.08519577127075,143000
2019-05-13,99.52973175048828,100.17777468934172,99.13417032165374,99.3109093049774,208600
2019-05-14,100.21143341064453,100.77531580809647,99.92528643439768,100.0431124153269,136800
2019-05-15,101.53277587890625,101.74318033926887,99.69804872770277,100.0262791721857,274300
2019-05-16,100.90998077392578,101.23821121938389,100.152523430163,100.27876739096256,160900
2019-05-17,99.64755249023438,100.228264427412,99.47922507138729,99.63071653783243,334100
2019-05-20,99.40348052978516,99.9757809001728,99.20990560730115,99.41189850581516,156300
2019-05-21,99.52130889892578,99.63913488203667,98.85643003935174,99.18466048102273,124300
2019-05-22,98.73860931396484,99.29408019623828,98.69652585159812,99.12575276780625,107600
2019-05-23,98.86485290527344,99.19308336317816,98.51137493845833,98.78910395750745,116500
2019-05-24,99.77379608154297,100.05152508480717,99.34456919135728,100.01785960116177,121200
2019-05-28,100.48916625976562,101.5496064820204,100.47233030804415,100.88472765177525,145300
2019-05-29,100.61541748046875,100.8931464935897,100.06836458862622,100.8931464935897,125700
2019-05-30,100.78374481201172,100.92681831579037,100.47234387346252,100.80899232196853,125900
2019-05-31,98.95743560791016,99.07526160187628,98.55345618500125,98.89010463391949,181300
2019-06-03,99.42031860351562,99.5381445939225,98.83960662823458,98.95743261864145,102000
2019-06-04,100.60700225830078,100.80057077513787,99.74013686829636,99.92529382946913,228500
2019-06-05,101.1792984008789,101.83575929292229,101.02780693186624,101.41495037022426,136100
2019-06-06,102.0882339477539,102.21447147133004,101.71792008917389,101.87782951374867,116600
2019-06-07,103.005615234375,103.40959465542312,102.57638830345545,102.63530130016714,120300
2019-06-10,103.93138885498047,104.30170277210745,103.82198084357239,103.90614134627359,118700
2019-06-11,105.19381713867188,105.41263958560161,104.68042971762608,104.78142617490938,153500
2019-06-12,105.7745361328125,106.04385359939815,105.28639621805262,105.28639621805262,233100
2019-06-13,105.0254898071289,105.0254898071289,104.52052039318721,104.73933640590678,119800
2019-06-14,104.68885040283203,104.90767285542313,104.579442387054,104.73934542226266,154300
2019-06-17,104.50370025634766,104.75618821204716,104.20071727792242,104.60469672283455,85300
2019-06-18,105.51363372802734,105.61462376206018,104.94974488019359,105.04232335874683,120700
2019-06-19,105.37897491455078,105.43788790982947,104.9665839476,105.37055693778672,75400
2019-06-20,105.87554168701172,106.03544473273094,105.42106721915803,105.96812017607648,83100
2019-06-21,105.05917358398438,105.38740408125038,104.96659509285442,105.14333409745646,88700
2019-06-24,105.0254898071289,105.37054977859252,104.96657681585295,105.25272379604061,157000
2019-06-25,104.30169677734375,105.01707064073976,103.88930584308582,105.01707064073976,109300
2019-06-26,103.76306915283203,104.40270053925738,103.64524316336352,104.2932861054403,96200
2019-06-27,104.08287811279297,104.78142247031002,103.91455711097339,104.29328257558475,56000
2019-06-28,104.35220336914062,104.72251730606796,104.2259593978213,104.43636387634182,83700
2019-07-01,105.86711120605469,106.71714704114835,105.47154978513878,106.57406712519698,179200
2019-07-02,106.88545989990234,107.08744637268975,106.29633001217483,106.29633001217483,173200
2019-07-03,106.74240112304688,107.24737058510809,106.23743166098566,106.77606660998897,72100
2019-07-05,106.52357482910156,106.5824878238681,106.00176943185876,106.17009686050234,75300
2019-07-08,106.77606964111328,107.2557916068449,106.20376918892161,106.27951172091517,170900
2019-07-09,106.80130767822266,106.80130767822266,106.38891672486676,106.76764219331109,85500
2019-07-10,107.20527648925781,107.45776440576587,106.5656515638971,106.5656515638971,131500
2019-07-11,106.67506408691406,106.95279952262655,106.35525161069147,106.95279952262655,74900
2019-07-12,107.48300170898438,107.83648604274343,106.88545387908208,107.2221022621206,118900
2019-07-15,107.4156723022461,108.13947050992273,107.07903033537092,107.81124009749568,115900
2019-07-16,108.240478515625,108.83803287448957,107.96274306787697,108.04690999461394,221400
2019-07-17,108.87168884277344,109.10734082044918,108.6949434384818,108.98951483161132,176000
2019-07-18,109.25041198730469,109.54498337414948,108.79594399493176,108.79594399493176,226400
2019-07-19,109.55339050292969,110.75691066795989,109.43556452136656,110.51283430767772,411600
2019-07-22,110.36976623535156,110.74008015045766,110.13411426066033,110.47075626962797,263300
2019-07-23,110.88314819335938,111.08514109404804,110.7316631493945,110.84106473379065,104500
2019-07-24,111.93517303466797,112.06983497154312,111.29554809761476,111.32920716079897,158400
2019-07-25,111.51435852050781,111.9940868307889,111.27870656382996,111.9940868307889,114900
2019-07-26,111.05146789550781,111.29554425292105,110.57175241980691,110.85789939422982,88700
2019-07-29,110.86631774902344,111.20297260022974,110.76532771469627,110.80741117635574,134500
2019-07-30,110.3613510131836,110.63066204299618,109.99944866560129,110.33610350545332,89700
2019-07-31,108.61078643798828,109.31774235202062,108.0469040178385,108.95585283962404,203200
2019-08-01,109.09049224853516,110.58857086564767,108.68651931097186,109.57863210070536,122800
2019-08-02,108.526611328125,108.72860422063887,107.72707699695191,107.72707699695191,101100
2019-08-05,107.97956848144531,109.2672427139936,107.47459265445556,108.9221763269529,294700
2019-08-06,106.92755889892578,107.50827089521971,105.74087455412902,107.27261890587897,188900
2019-08-07,107.9122314453125,108.12263588771218,106.90228626917364,107.18002167418938,290600
2019-08-08,108.86326599121094,109.06524604136378,107.76073590183071,108.13947418000389,106400
2019-08-09,108.5518798828125,108.98111325737499,107.86175983986092,108.76228437086993,128400
2019-08-12,107.920654296875,108.44246610125512,107.58401229062342,108.29937976442537,126700
2019-08-13,108.92218780517578,109.35983271188137,107.89541293294545,107.97957986033617,146400
2019-08-14,106.44783782958984,107.90383966304819,106.12801890907699,107.90383966304819,184000
2019-08-15,107.1884536743164,107.4156876765844,106.75080878108456,106.88547072393585,139400
2019-08-16,108.39196014404297,108.5602939921913,106.75080786115336,107.58401417803712,116700
2019-08-19,109.10733795166016,109.38507338420463,108.9895119659203,109.13258545988516,73900
2019-08-20,108.59394836425781,109.15783077339466,108.52661739632175,108.97267382208774,73800
2019-08-21,109.309326171875,109.55338968827344,109.19150019118804,109.25883115759041,83700
2019-08-22,109.11576080322266,109.62914826039511,108.96427573819011,109.27567026658187,53100
2019-08-23,107.58401489257812,109.23357874200322,107.4914364123095,108.54345875987589,111100
2019-08-26,110.06678771972656,110.58017515140696,109.52815277846105,110.19302526765208,179900
2019-08-27,109.79749298095703,110.47920152516512,109.69649008554228,110.26879701931958,99100
2019-08-28,109.6543960571289,109.89006089568946,109.24201148430693,109.56181756978854,100500
2019-08-29,109.83113861083984,109.9321286518241,109.46924906926608,109.82272705478127,92100
2019-08-30,109.9405517578125,110.49600981876783,109.68806381624908,110.2687822292239,50600
2019-09-03,110.7316665649414,110.97573009065817,110.40342327542177,110.58858022958039,97900
2019-09-04,111.1777114868164,111.40493903624665,110.52125065988213,110.52125065988213,107600
2019-09-05,110.39501190185547,110.79057331893029,109.8984604521894,109.8984604521894,155100
2019-09-06,111.1356430053711,111.30396401202262,110.9336500921475,111.10197109879901,331300
2019-09-09,111.79210662841797,112.12874864987462,111.7331872115246,111.84260164742948,188700
2019-09-10,112.45695495605469,112.66735938478078,112.20447991523714,112.42329589796807,133300
2019-09-11,114.08131408691406,114.42638052365936,113.88774555691548,114.15705661925212,193500
2019-09-12,114.28327941894531,114.71251273092062,113.87930645655877,113.87930645655877,117300
2019-09-13,115.01549530029297,115.46155172116136,114.99024779285278,115.11648533005369,195000
2019-09-16,114.40953826904297,114.68727371439269,114.07288340707215,114.6283542977716,141000
2019-09-17,115.99177551269531,116.05068208292856,115.21747580795514,115.30164272779571,145900
2019-09-18,115.34371948242188,115.83185933656837,114.93974654322304,115.76452837302386,83500
2019-09-19,114.92292785644531,115.41947933985517,114.82192497492102,115.15016828728733,72800
2019-09-20,114.93135070800781,115.9160422156734,114.89769163890506,115.36058410201403,97800
2019-09-23,114.77140808105469,115.0238959736389,113.8288003136125,113.8288003136125,105500
2019-09-24,115.64673614501953,116.43785914494532,115.3521646988099,115.89079972228058,237300
2019-09-25,114.9818344116211,115.24273390821132,114.09814588241423,114.75460682288968,165900
2019-09-26,116.41259765625,116.48834018747212,115.13333481330484,116.05910682640602,180900
2019-09-27,116.23347473144531,116.9584465823371,115.9093678313877,116.71963508153172,114200
2019-09-30,114.706787109375,114.86882754672993,113.52977826234422,113.9050571999048,172600
2019-10-01,113.68328094482422,114.82617930545088,113.41888345573312,114.82617930545088,302000
2019-10-02,112.13102722167969,112.99245355839697,111.71310055565256,112.7707037230519,136100
2019-10-03,111.9007339477539,111.91779563085251,110.65550438082684,111.38046323437999,149400
2019-10-04,112.4295425415039,112.54894829525682,111.81545208956001,112.02867757942245,118400
2019-10-07,111.85808563232422,112.4721760779887,111.7130938624105,111.90073333271083,183900
2019-10-08,112.09690856933594,112.7280607623719,111.88368305990853,112.47218754820855,152500
2019-10-09,113.44449615478516,113.79418911614546,113.18863595306041,113.34215207409525,137000
2019-10-10,113.13742065429688,113.43594149551093,112.83891282733171,112.97538024127236,91200
2019-10-11,115.52556610107422,116.18230424415654,115.19293486236384,115.312340614356,148300
2019-10-14,115.20146942138672,115.61938303611419,115.16734605635759,115.38057153791262,56000
2019-10-15,116.7366943359375,117.15462100737084,116.31878067875607,116.67699796244811,169400
2019-10-16,116.64286041259766,117.21430313002975,116.49786864974924,117.0010776527379,171600
2019-10-17,115.95201873779297,116.29318732998657,115.66203519511674,116.14818254439736,115300
2019-10-18,115.79850006103516,115.97760218049066,115.46586882493841,115.92643014636052,113400
2019-10-21,116.26759338378906,116.59168725645837,116.173773654115,116.35287576533354,95700
2019-10-22,116.29318237304688,116.83903908303866,116.25053467405914,116.50640785373508,80700
2019-10-23,117.1205062866211,117.1205062866211,116.51494015379465,116.63434591057364,112700
2019-10-24,117.8283920288086,117.84545371076237,117.41900276166896,117.61516655426189,137500
2019-10-25,117.93927001953125,118.07573744270321,117.4616470526792,117.88809798940422,147900
2019-10-28,117.99046325683594,118.00752494136148,117.41049612548862,117.65783198697449,117400
2019-10-29,118.28042602539062,118.33161106996744,117.87103676852486,117.87103676852486,149700
2019-10-30,118.57042694091797,118.63012330709137,117.2057786818796,117.2057786818796,136400
2019-10-31,118.1695785522461,118.43397609857861,117.91370534106063,118.29750865071276,166500
2019-11-01,119.26126098632812,119.48301077055709,118.937154135783,119.08214588096142,115800
2019-11-04,119.88387298583984,119.94358235771303,119.4318360802943,119.4318360802943,137900
2019-11-05,120.03740692138672,120.20798468266405,119.75594775886708,120.15681265570575,80500
2019-11-06,119.72184753417969,120.1312498574606,119.56833142363796,119.94361037951973,98900
2019-11-07,121.84557342529297,122.3914301541911,121.65793395464821,121.7091059895057,179800
2019-11-08,123.15050506591797,123.31255850952104,122.7581644648658,122.81787384482492,191900
2019-11-11,123.72193908691406,124.02045993723819,123.11638606722698,123.62811936374784,210200
2019-11-12,123.27842712402344,123.90957917534399,122.54493101571822,123.47460391890984,119600
2019-11-13,123.29550170898438,123.42344480785502,122.84346472432635,123.235805340912,113800
2019-11-14,122.70697784423828,122.70697784423828,121.86261339106292,122.39140834268778,98800
2019-11-15,123.04815673828125,123.15902513197021,122.74963587733076,122.82639392240382,114500
2019-11-18,122.47671508789062,122.61316949776511,122.19525590597783,122.22084192121991,128400
2019-11-19,121.8370590209961,122.44261216849874,121.79441131705528,122.44261216849874,133300
2019-11-20,120.57474517822266,121.00119615559686,119.83272464215186,120.89885208558738,93300
2019-11-21,121.23147583007812,121.43617697168882,120.99266433865742,121.19736548026812,61300
2019-11-22,121.56411743164062,122.0502778041354,121.41060132301153,122.0502778041354,69900
2019-11-25,121.5726318359375,121.70909926418396,120.04594315196242,120.04594315196242,115700
2019-11-26,121.08649444580078,121.11208046391361,120.49799000070296,121.09501878042127,86400
2019-11-27,120.82209777832031,120.99267557170735,120.26770368199814,120.67710600322874,179900
2019-11-29,119.58536529541016,119.90093479207725,119.46595956578624,119.5341802562155,107800
2019-12-02,119.6365737915039,120.55770956408833,119.15041337781251,120.55770956408833,117800
2019-12-03,120.02887725830078,120.08004928853511,119.36361483675486,119.84123780460835,109300
2019-12-04,122.28909301757812,122.83494977742326,121.743236257733,122.83494977742326,175400
2019-12-05,121.8199691772461,122.07584232749252,121.60674372108222,122.05025631389279,91500
2019-12-06,121.76881408691406,121.83704780408704,121.39353514958815,121.4105968324441,93900
2019-12-09,121.01825714111328,122.07586024403548,120.99267112375838,122.07586024403548,99300
2019-12-10,120.41268157958984,120.82208385363705,120.25916548750959,120.51503865522662,147000
2019-12-11,120.78797912597656,120.96709427528803,120.24212235727998,120.54064326804846,139400
2019-12-12,120.7708969116211,120.94147466428826,119.6024126266419,120.13122057843294,150000
2019-12-13,121.1973648071289,121.86262724585599,120.92442995316388,121.63234008960427,89100
2019-12-16,121.56411743164062,121.66646150406002,121.26559653474897,121.27413388361813,75900
2019-12-17,121.76881408691406,121.8455721383896,121.35941178387624,121.43618284960262,70600
2019-12-18,121.44468688964844,121.57261695406298,121.23146143945844,121.47027290253135,69700
2019-12-19,121.76026153564453,121.96496266160491,121.50440139600558,121.94790098087925,92700
2019-12-20,121.08649444580078,121.3338302923086,119.8838995374923,119.8838995374923,129300
2019-12-23,121.07793426513672,121.21438864992302,120.85617148814494,121.21438864992302,85900
2019-12-24,120.54916381835938,120.83914737075764,120.42123372590471,120.68563125981204,66700
2019-12-26,120.71118927001953,120.71118927001953,120.12268495277404,120.56619752746244,73700
2019-12-27,120.49800109863281,121.11209161840154,120.4638907427579,121.11209161840154,133000
2019-12-30,119.92655181884766,120.65152373106667,119.78156003925422,120.65152373106667,91800
2019-12-31,119.86683654785156,120.02889000363456,119.51715663270275,119.90095991446441,89700
2020-01-02,121.31678009033203,121.41059982697753,120.7112139693927,121.11207893376427,118100
2020-01-03,120.04595184326172,120.6173945993845,119.66214856100028,120.4553411433905,174900
2020-01-06,120.06299591064453,120.16533996709774,118.94569658019928,118.94569658019928,150200
2020-01-07,120.69416046142578,121.47882876004225,120.56623036381247,121.2229685648156,123500
2020-01-08,120.3956298828125,120.75384710290295,119.9180069226919,120.18240441745512,117700
2020-01-09,119.84124755859375,120.39564163117117,119.50009198643137,120.39564163117117,116200
2020-01-10,119.17597961425781,119.54273420104137,118.95422980395283,119.40626677273816,172000
2020-01-13,119.88387298583984,119.96063102317812,119.1674386088524,119.54271747705967,114100
2020-01-14,119.72184753417969,120.01184410006654,119.42333964782027,119.76449523630288,109400
2020-01-15,118.86041259765625,119.25275320879632,118.79217888205578,119.07363807856377,138200
2020-01-16,119.4915771484375,119.4915771484375,118.86894930909548,118.92865869680715,104000
2020-01-17,119.44037628173828,119.45743796371862,118.95422896642512,119.13333107734306,91100
2020-01-21,121.43617248535156,121.93085713194746,120.60031928200863,120.89884014238108,166200
2020-01-22,120.73678588867188,121.30822857632994,120.44680237808413,121.0523554140615,170800
2020-01-23,122.01616668701172,122.05029005741156,121.19738799695237,121.49589590956151,169400
2020-01-24,121.76026153564453,122.61316337243898,121.31676195077087,122.38288924676391,204900
2020-01-27,120.31034088134766,120.71973015258898,119.98623399222937,120.63444777046594,186800
2020-01-28,121.60675811767578,121.61528245180185,120.83061424193463,120.83061424193463,234500
2020-01-29,120.728271484375,121.60675943615595,120.72827148437499,121.60675943615595,116900
2020-01-30,120.327392578125,120.42121230064993,119.17596989388717,119.83270795156167,111400
2020-01-31,118.41690063476562,119.91801635811252,118.13544143663809,119.44891769456662,281600
2020-02-03,118.48513793945312,119.30392954191935,118.16956838089632,118.28043678527382,160600
2020-02-04,120.21652221679688,120.79650228592655,119.85830497450371,120.0374201027755,208100
2020-02-05,120.87327575683594,121.28266508394,120.65152591595707,121.28266508394,104100
2020-02-06,122.68994140625,123.15050269804256,122.01614162888222,122.81787148334516,204600
2020-02-07,121.40206146240234,122.10144731413519,121.33382774411736,121.95645554312372,98000
2020-02-10,120.49800109863281,121.02679620733545,120.01185369546323,120.19948017415406,135800
2020-02-11,121.20590209960938,121.40206591296311,120.85620916092333,121.10355802555551,151200
2020-02-12,121.47883605957031,121.67501290670151,121.0694467083559,121.11209441487367,99100
2020-02-13,120.344482421875,120.65152767524326,120.07154752365776,120.25918701261905,135900
2020-02-14,119.5341796875,120.25062707608325,119.20154851268394,119.91799590126719,139200
2020-02-18,118.8774642944336,119.40625927810537,118.19514020999452,118.60452945495818,275800
2020-02-19,117.56401062011719,118.28044518927197,117.29108874273763,117.38490848495447,315200
2020-02-20,118.64718627929688,118.90305945742996,117.90516577553632,118.2377970028342,241000
2020-02-21,118.58748626708984,119.2442244395245,118.24633067879343,118.80924911230885,150600
2020-02-24,114.706787109375,115.4061599358963,114.29738480608117,115.24410648429051,398800
2020-02-25,114.31444549560547,116.2164131698048,113.69183072601794,116.2164131698048,317700
2020-02-26,115.25263977050781,116.2334717656279,114.81765146537163,115.31233613706058,316800
2020-02-27,112.0713119506836,114.05857507232047,111.9263201796952,113.57242772421245,304700
2020-02-28,111.51692199707031,111.55956969437426,109.17144180210325,109.89641361352034,367900
2020-03-02,113.18861389160156,113.41888802827137,110.99664981954197,111.73014595477692,264200
2020-03-03,111.68750762939453,114.28033684258334,110.89431506358903,112.96686055301704,289000
2020-03-04,112.45512390136719,112.57452965017444,110.02434821191535,110.45079917397705,244600
2020-03-05,110.1949234008789,110.73225576499277,109.85376784495755,110.45079657494504,401900
2020-03-06,108.41236114501953,109.06909274558384,107.63621729177297,108.67675865202106,292200
2020-03-09,104.72783660888672,107.20125369255223,104.2587379094046,104.56578314777002,435200
2020-03-10,108.31001281738281,108.3185436585636,105.1116306227402,107.71298407723295,462100
2020-03-11,104.72783660888672,107.66182155010036,104.57431398970401,106.74921667693809,565500
2020-03-12,95.69560241699219,101.30769917505324,95.08151843900035,101.30769917505324,536300
2020-03-13,99.13279724121094,100.01980954946855,95.17532617753017,99.94305149682387,448700
2020-03-16,92.53985595703125,95.95999439089444,92.12193584889775,93.81920880436348,409400
2020-03-17,101.40150451660156,102.10088380153047,96.97494165424823,98.60398737688595,743300
2020-03-18,98.9963150024414,101.73412909186604,95.55912167372877,98.82573723954171,579800
2020-03-19,100.8386001586914,102.6979266653125,99.75541104091822,100.74478042385671,481000
2020-03-20,99.32896423339844,103.92610540462665,99.32896423339844,102.34823803632511,317000
2020-03-23,94.75740051269531,97.58051024811411,92.63367658746118,96.99200585033682,487900
2020-03-24,99.23513793945312,99.76393947694169,95.96852199619974,97.25640572841164,407400
2020-03-25,103.44847106933594,105.07751029632429,101.03475715775042,103.7469854295563,486900
2020-03-26,107.75563049316406,107.94326996548705,104.07109428658471,104.07109428658471,377300
2020-03-27,108.52323913574219,110.23757382731485,106.62127148661891,106.69802953646344,329700
2020-03-30,108.70118713378906,108.76195258541195,106.77404477812365,108.00671915272382,274400
2020-03-31,104.12639617919922,106.04486254436404,103.77916880117299,104.34341660193448,356600
2020-04-01,101.31381225585938,103.58818864570858,101.13151589749195,102.43363841977725,398100
2020-04-02,102.27738952636719,102.53781669546589,100.45441921149038,100.61935686011542,292600
2020-04-03,99.82939910888672,100.42837762288019,98.94395865697018,99.66446146058404,337100
2020-04-06,106.26187896728516,106.60910633224138,103.64895132148364,104.16979899185542,328200
2020-04-07,105.81916809082031,109.09183341880046,105.81916809082031,109.0050265672058,239600
2020-04-08,107.2428207397461,107.57268942218008,105.68895360452453,106.92162810634112,238900
2020-04-09,107.12997436523438,108.3713249377403,106.8521818409419,107.82443580715066,216300
2020-04-13,105.26360321044922,105.732368187391,104.32607325656568,105.68896144727209,154300
2020-04-14,108.19770812988281,108.72723852398637,107.38170917052227,108.31055637243641,297800
2020-04-15,106.76537322998047,107.69422044323443,106.45286326823724,107.69422044323443,302200
2020-04-16,105.75839233398438,105.99277147276065,104.61252478487648,105.90596462961898,195400
2020-04-17,108.17166900634766,108.47549629877933,107.22545644084525,108.47549629877933,180900
2020-04-20,105.65423583984375,106.92163448216704,105.59347037832615,106.49627625154382,176700
2020-04-21,104.75143432617188,105.88862604324123,104.52573781567835,105.42853710353016,221700
2020-04-22,105.41116333007812,106.02750055538868,105.13337744510804,106.02750055538868,181700
2020-04-23,105.62818145751953,107.00842818068098,105.61949878610217,106.22715994950012,156100
2020-04-24,106.39209747314453,106.59175919032376,105.63687058710677,106.55703512546918,114100
2020-04-27,107.81574249267578,108.0067215228064,106.99106754213459,107.4251083840905,160300
2020-04-28,108.93558502197266,110.18562495390375,108.91822629977969,109.57797033306983,195700
2020-04-29,110.992919921875,111.80022949561328,110.36790007632774,110.8193062416396,171100
2020-04-30,107.28622436523438,108.570988317967,106.74801789853886,108.42341600438522,265300
2020-05-01,105.1420669555664,106.1056382554985,105.0465774304965,105.59346656440187,183200
2020-05-04,104.77747344970703,104.98581785586774,104.01356382926723,104.38683927829844,189500
2020-05-05,105.87124633789062,106.66987993502073,105.71499136254448,106.36605265599711,124900
2020-05-06,105.54138946533203,107.16469823313092,105.41117586749726,107.16469823313092,131400
2020-05-07,105.48929595947266,106.07959184020672,105.23755806914849,105.42853049923261,146700
2020-05-08,106.8608627319336,107.25150349550508,105.87125006092027,105.88861540486826,216200
2020-05-11,107.31226348876953,107.52928391650072,106.73932638054906,106.96502947981209,179100
2020-05-12,104.31737518310547,106.25320026748116,104.21320961890041,105.50664948363563,355200
2020-05-13,102.22531127929688,104.02224028161346,101.57424995058886,104.02224028161346,340500
2020-05-14,101.52215576171875,101.61764528193599,99.9943366841189,100.69748076668404,255300
2020-05-15,101.4700698852539,101.86938667447725,100.79296721557354,100.87109138994998,179100
2020-05-18,103.70973205566406,103.95279389612682,102.52045762432736,102.83296759719046,236300
2020-05-19,102.62462615966797,103.89202472751053,102.62462615966797,103.55347337281674,220600
2020-05-20,104.01355743408203,104.45628099127967,103.53610981132593,104.03091615539212,162600
2020-05-21,102.3902587890625,103.4145957093181,102.01698330228444,103.18889918089558,132300
2020-05-22,102.05168914794922,102.48573002608501,101.66973767878768,102.42496456806353,131800
2020-05-26,107.73762512207031,107.9546455567497,106.52230936327813,106.81746059836989,378700
2020-05-27,110.08143615722656,110.22033240558645,108.37131418118688,109.73420878220213,330200
2020-05-28,111.4269790649414,112.26034341130817,111.20995861749846,112.14748853995722,341700
2020-05-29,109.38697814941406,109.59531590542554,108.25846927705433,109.32621269462163,269100
2020-06-01,109.76893615722656,110.10748751457614,108.29319981098168,108.42341339987111,233500
2020-06-02,109.79499053955078,110.35056236961681,109.33490161573921,109.7168597325116,237900
2020-06-03,111.74815368652344,112.19955987999217,110.74986502849463,111.15786448772829,237000
2020-06-04,111.25335693359375,112.05199053021705,110.68910248837196,110.68910248837196,196900
2020-06-05,113.80552673339844,114.58679503757665,112.95479705139121,112.95479705139121,238900
2020-06-08,114.6475601196289,114.69964290394361,113.53640332211948,114.4652571286515,189500
2020-06-09,113.36278533935547,113.79682618673415,112.52074503577077,112.85062031845872,195800
2020-06-10,113.72738647460938,114.42185453096351,113.22389746489955,113.84891739103062,158400
2020-06-11,108.02408599853516,111.01896513482478,107.49455564576292,110.57624162515965,266800
2020-06-12,110.95821380615234,111.42697876612462,109.80366343934683,111.2446757625756,241600
2020-06-15,110.59362030029297,111.30544709628657,108.72724314526756,109.52587679483338,188000
2020-06-16,112.5033950805664,113.95308994890314,111.60058268314216,113.45827701545176,169000
2020-06-17,111.87837982177734,112.84195109103851,111.8436491341974,112.57283462286091,157300
2020-06-18,112.08670806884766,112.08670806884766,111.531136294804,111.87837693225374,114200
2020-06-19,110.93216705322266,112.06066934862021,110.68042255227276,111.98254517053479,138800
2020-06-22,111.2273178100586,111.40093150923484,110.40263618162619,111.05369748794425,124600
2020-06-23,112.06066131591797,113.11972202919254,111.95649575260417,112.99819112336802,244800
2020-06-24,110.94084930419922,112.34713748790647,110.24638126125231,112.32977214421683,433600
2020-06-25,110.91480255126953,110.94085056710048,109.38698343609528,109.76893490341975,192000
2020-06-26,109.5171890258789,111.03633198111052,109.29148593239337,111.03633198111052,229700
2020-06-29,110.1509017944336,110.2463913246286,109.31754404059062,109.7863090189283,242500
2020-06-30,109.0571060180664,109.48247083686549,108.39736866777446,108.95294044851401,222100
2020-07-01,107.763671875,108.544946803296,107.66818234915614,108.30188496403467,255100
2020-07-02,109.71685028076172,110.70646293174858,109.49982984637094,110.41999436884763,326500
2020-07-06,110.22903442382812,110.59362720535832,109.66477990597112,110.38528941918946,285700
2020-07-07,108.47549438476562,109.76025828529957,108.47549438476562,109.38698286891602,184200
2020-07-08,108.86612701416016,108.93556851534848,108.22374180040136,108.93556851534848,179700
2020-07-09,107.49456024169922,108.57097971271246,106.68724398270481,108.57097971271246,168200
2020-07-10,108.48418426513672,108.55363239906414,107.2688684131612,107.59873711490857,198700
2020-07-13,108.55362701416016,109.95123918116136,108.35396529475788,109.95123918116136,218200
2020-07-14,109.7515869140625,109.9252006322826,108.6404432224007,108.6404432224007,191900
2020-07-15,110.53284454345703,111.24466465020035,110.18561053857746,110.95820272239216,201500
2020-07-16,109.80365753173828,110.47208418095316,109.44774746196282,110.47208418095316,212400
2020-07-17,110.2984619140625,110.53284768877442,109.84706233093051,110.3158272574164,137000
2020-07-20,110.48944091796875,110.80195086885934,110.17693096707816,110.40263407004092,145600
2020-07-21,109.61268615722656,110.5415334198794,109.5258793016675,110.44605051482142,153000
2020-07-22,109.60399627685547,109.71684451254814,108.93556966522821,109.16995543089304,104800
2020-07-23,109.25679016113281,110.2029962678212,109.1178938759642,109.35227970145138,138800
2020-07-24,108.69252014160156,109.50851914362036,108.55363049911621,108.83141640702539,124000
2020-07-27,110.74118041992188,111.15786254330129,109.91650546738339,110.1074778750389,149600
2020-07-28,108.90953826904297,109.3956619417936,108.70120049828387,109.37830322045465,161800
2020-07-29,107.6334457397461,107.81574209794766,106.81745346345403,107.10391538466355,224800
2020-07-30,106.30529022216797,106.47891054578702,105.22018803556703,105.9059734122514,186100
2020-07-31,103.59687042236328,104.36078658302456,103.00658120430755,104.16980754285925,271900
2020-08-03,104.98579406738281,105.150725072882,103.74443707610762,103.83992658489319,240700
2020-08-04,106.69593048095703,107.25150226804693,106.09695195743213,106.71328920176816,162400
2020-08-05,108.35396575927734,109.23073019729593,108.12826264571113,109.09183393573572,172600
2020-08-06,111.40961456298828,112.41659262575067,110.76723588812106,111.6179589626251,248000
2020-08-07,112.8158950805664,112.85061251777168,112.16483385450233,112.85061251777168,214900
2020-08-10,113.34544372558594,113.40620256198316,112.8159133129737,112.85063075578974,174000
2020-08-11,116.10594177246094,117.33861634981096,115.94100410966811,117.19104403201665,287700
2020-08-12,118.44107818603516,118.84907767542785,118.19801635140249,118.81434698712229,251600
2020-08-13,117.74662017822266,118.35427481668823,117.43411018617212,118.27615063014503,158100
2020-08-14,116.51392364501953,116.74830940645022,115.97571724442886,116.03647607391079,110700
2020-08-17,117.65111541748047,117.67715680962411,116.81776437713171,117.14762642624328,158800
2020-08-18,118.12857818603516,118.56261910533458,117.94627517174322,118.25010911360388,121200
2020-08-19,117.37335205078125,118.49317180226478,117.31257996363055,118.2587859953486,111900
2020-08-20,116.40107727050781,116.53997352783806,115.97572569551369,116.08856731445287,118000
2020-08-21,116.17538452148438,116.24483265238207,115.55036458928176,115.6458541135315,122600
2020-08-24,116.9826889038086,117.58166741550482,116.64413755970325,116.88719938388782,154300
2020-08-25,117.00873565673828,117.36465236055628,116.44448780600366,117.19103865616691,126800
2020-08-26,117.09555053710938,117.25181214504869,116.31428223504307,116.6701856972556,138300
2020-08-27,115.94100189208984,116.52261510258205,115.60245052341895,116.4705323144599,165000
2020-08-28,116.25350952148438,116.57469553900954,115.94968884827527,116.34899904640763,100300
2020-08-31,114.9600601196289,115.55903864816324,114.39581227888353,115.55903864816324,183300
2020-09-01,114.84722900390625,114.98612527601405,113.7968441591727,114.41318808797756,143900
2020-09-02,115.03819274902344,115.12499297312502,114.21351776774154,114.31768333501375,123000
2020-09-03,112.8072280883789,114.54339170111541,112.49471810825125,114.25692311550863,173300
2020-09-04,115.60244750976562,116.1059365249491,113.65793958000978,115.45487519864098,203000
2020-09-08,113.9183578491211,114.67359793576043,113.37147538499498,113.71870276684888,227300
2020-09-09,113.8315658569336,114.12671047743673,113.12842174802107,113.12842174802107,179900
2020-09-10,113.00687408447266,114.02254137241312,112.89403246593847,113.24994915686624,133700
2020-09-11,114.01385498046875,114.23956471503588,113.3193869245051,113.83156522887761,155800
2020-09-14,116.123291015625,116.62677998374956,115.82813317508622,116.23613262777552,193000
2020-09-15,116.34900665283203,117.00006802554245,116.24484107187918,116.73964082728277,100900
2020-09-16,116.34900665283203,116.98270268009112,116.3316413073807,116.80041291342363,125800
2020-09-17,117.19105529785156,117.55564810260613,115.94101525533392,116.14935967771302,132400
2020-09-18,116.53997802734375,117.46014258740001,116.53997802734375,116.73963312629186,128000
2020-09-21,113.90969848632812,114.84722844971539,113.03294060889885,114.84722844971539,306300
2020-09-22,114.8038330078125,114.84723975264339,113.86630295215629,114.07464737981726,144600
2020-09-23,115.70661163330078,117.32993352708223,115.6198114050734,116.7743617320966,199100
2020-09-24,114.45658874511719,115.1857742661089,113.64058974720305,114.04858924616012,199500
2020-09-25,115.4288330078125,115.55903997382394,114.58679263860114,115.10764699439993,189300
2020-09-28,118.06780242919922,118.32822962185908,117.22576201226278,117.22576201226278,219000
2020-09-29,118.29248809814453,119.61419187577744,118.2396220982498,119.01502595021557,136500
2020-09-30,116.69763946533203,117.42016390396063,116.41566952679729,116.8826704730621,155900
2020-10-01,116.68881225585938,117.04127465714186,116.32755678151038,116.86505017903355,130800
2020-10-02,116.072021484375,116.42448389059018,115.32306408066654,115.41116959842081,98800
2020-10-05,116.39805603027344,116.46853506956242,115.6490851484284,115.85174263778413,236200
2020-10-06,115.65788269042969,116.86504790436024,115.56977717562334,116.24824207538794,256600
2020-10-07,116.68881225585938,116.90909621476123,116.31873681831216,116.90909621476123,115900
2020-10-08,117.14703369140625,117.31445169002068,116.72409215732227,117.12940720600764,99300
2020-10-09,116.38040924072266,116.62712617038439,116.28348377227954,116.50376770555353,107800
2020-10-12,116.13371276855469,116.5037882282378,115.97510131722385,116.3099372572038,144400
2020-10-13,116.88267517089844,117.30563009570028,116.6800176725979,117.05009314799909,104600
2020-10-14,115.89579772949219,116.28349965622351,115.70194676612654,115.99272321117502,105100
2020-10-15,115.5785903930664,115.62264987555626,114.88249897196556,115.1115894578199,123000
2020-10-16,115.11158752441406,116.05440934260929,115.06752804266422,115.12039404273757,144400
2020-10-19,115.32307434082031,116.1248978155318,115.09397039513082,116.1248978155318,106800
2020-10-20,115.70194244384766,116.11607735510654,115.12920953852316,115.32306049464712,138300
2020-10-21,117.3144302368164,117.88716317938093,117.06771326662863,117.19107175172252,162900
2020-10-22,117.56114196777344,117.68450044736973,116.88266360746087,117.53470896822179,70800
2020-10-23,117.43778991699219,117.91361082510107,117.01484845594723,117.91361082510107,59900
2020-10-26,117.05889892578125,117.50827335322309,116.62713753427123,117.29679591645103,142000
2020-10-27,116.71525573730469,117.22630267732495,116.53901781860473,117.22630267732495,144800
2020-10-28,114.60933685302734,115.61383109999687,113.9132320606594,115.54333862449981,229500
2020-10-29,115.7372055053711,116.61834140280044,114.90893561057682,116.24825249422133,140600
2020-10-30,115.68431091308594,115.88698182341052,115.02345907652804,115.32305546068372,116000
2020-11-02,117.40254974365234,117.76380523697792,116.8914893187464,117.24393829347699,146200
2020-11-03,119.71990966796875,120.55699938384865,118.47751848268315,118.47751848268315,147600
2020-11-04,118.21318817138672,118.8740400550214,118.0810097276202,118.71542861151477,185100
2020-11-05,120.77730560302734,121.06806862158581,119.437975255589,119.71112523640069,155900
2020-11-06,120.891845703125,121.77298162435049,119.93141077580532,120.45127774251225,165100
2020-11-09,123.04181671142578,124.86577448062579,123.04181671142578,123.62336963306059,245600
2020-11-10,123.30615997314453,124.66310334305028,123.04181651418276,123.09468251696174,217800
2020-11-11,125.54424285888672,126.28440725431176,125.22703338800949,125.74691380213275,176000
2020-11-12,123.08588409423828,124.53094652720345,123.00658508485387,124.53094652720345,99500
2020-11-13,124.78645324707031,124.989124170537,123.482375969652,123.61454096750775,136200
2020-11-16,126.98050689697266,127.45631441139705,126.32846143010333,126.34608791436145,130200
2020-11-17,125.77333068847656,126.4253625847395,125.17415134467588,125.84382316686873,150100
2020-11-18,124.97149658203125,126.14340885121204,124.47806266765319,124.98912306327784,228600
2020-11-19,124.16966247558594,124.31064743852328,123.4735710693152,123.9758115128136,140000
2020-11-20,125.23585510253906,126.0376785874336,125.18298909749848,125.38564659850985,113000
2020-11-23,126.23151397705078,126.8483198131822,126.19627445973235,126.66327537332963,238000
2020-11-24,126.74256896972656,127.35055481681862,126.16101612076326,126.7954349659841,188300
2020-11-25,124.5133056640625,124.71596314633034,123.38545284395235,124.21372269982896,231400
2020-11-27,123.50000762939453,124.38114350555449,123.39426218161015,123.44714162803557,77300
2020-11-30,118.47752380371094,122.03730646639667,118.46870384100166,119.76397452314552,355200
2020-12-01,119.95784759521484,120.23981755261228,119.11195116809014,119.48204009844116,289200
2020-12-02,120.1340560913086,120.46008549174786,119.63181565857286,119.87853261589319,197900
2020-12-03,120.58346557617188,121.73775157154168,120.49534659916897,121.39410907333946,171500
2020-12-04,121.84347534179688,122.34572927559927,121.3764743744371,121.50863938592862,137800
2020-12-07,121.72891998291016,122.3192928713322,121.33241151439607,122.12544189649118,150100
2020-12-08,122.24879455566406,122.46025855808492,121.68486814076468,121.8787191063613,130700
2020-12-09,124.1344223022461,125.56185807052142,123.06824201262525,124.18728830180207,190300
2020-12-10,126.06409454345703,126.16982652796445,125.03315391425325,125.79093117503932,319900
2020-12-11,133.05152893066406,133.70357437624398,131.3244965465952,131.8355570128496,708800
2020-12-14,135.3248291015625,136.48792129156124,135.2279036319739,135.69490450042866,494700
2020-12-15,134.68162536621094,135.22792531235146,133.8445355196194,135.22792531235146,285300
2020-12-16,136.6553497314453,136.9989921600088,134.8137791128631,135.8358998806652,266100
2020-12-17,136.25885009765625,137.7215388654374,136.17073113282456,137.56292741775366,222100
2020-12-18,135.4922637939453,135.7566072386898,134.672800459744,135.47463731227805,327300
2020-12-21,133.72999572753906,133.72999572753906,131.63288803925926,132.5228304342106,257100
2020-12-22,132.84886169433594,133.712371100581,132.36423426657257,133.44802764497672,181800
2020-12-23,133.19248962402344,133.3599075758125,132.34659334737628,132.73429524729517,317900
2020-12-24,132.5845184326172,133.16607134678367,132.3289814953016,132.3289814953016,150200
2020-12-28,134.4613494873047,135.183873964871,134.13532004767043,134.90191745620797,215600
2020-12-29,135.1133575439453,136.75227063576915,134.7256556487729,136.57604616843577,265100
2020-12-30,135.7742156982422,136.76109696234874,135.73015621809236,136.14429113038253,193500
2020-12-31,136.19717407226562,136.43507107006764,135.66848718701803,136.0561891101908,160000
2021-01-04,135.06930541992188,137.28977147540135,133.95027259664164,137.28977147540135,315600
2021-01-05,135.16622924804688,135.16622924804688,133.71236052481484,133.8533454826617,231800
2021-01-06,135.28079223632812,135.84471866862665,134.3555968619925,134.55826779732064,296100
2021-01-07,134.52301025390625,134.54944325412475,133.5008894285701,133.63306787472885,345000
2021-01-08,134.68162536621094,135.74779225755398,134.0295799712519,135.3424772797938,418100
2021-01-11,135.1574249267578,135.87996276366692,133.77404865996556,134.9900069672269,335500
2021-01-12,133.71234130859375,134.00311770046488,132.74308666902328,134.00311770046488,618700
2021-01-13,132.7431182861328,133.05152122992428,132.19681832919954,132.94578922408348,387500
2021-01-14,133.3511199951172,134.17058347258686,133.25419449660075,133.4744784982228,314900
2021-01-15,130.76937866210938,131.42141060589643,129.87061630343376,130.989662631241,390600
2021-01-19,130.5226593017578,131.0601527143974,129.92347992525924,130.80461578564766,368800
2021-01-20,132.15277099609375,132.20563700387498,130.5491104981006,131.0513510170906,256000
2021-01-21,133.3511199951172,134.55828546665265,132.52284999780727,133.25419449660075,469100
2021-01-22,130.3640594482422,130.927985911236,130.06447645588523,130.58434343292834,393400
2021-01-25,129.28025817871094,130.36405155311095,127.98498735159548,130.36405155311095,369500
2021-01-26,128.62820434570312,129.09520525871596,128.2493223934747,128.64583082687315,285800
2021-01-27,125.68521118164062,127.6765732685479,125.3327622362808,127.49154227800689,407500
2021-01-28,126.26676177978516,126.87474762794348,125.429685465754,125.84382036391793,275100
2021-01-29,123.81719970703125,125.28869480031173,123.39424486538094,125.28869480031173,342600
2021-02-01,123.72029876708984,124.00225527236371,122.7334173859632,123.50001478528607,362900
2021-02-02,126.10816192626953,126.32844589466788,124.8745770812653,125.70284695365376,447900
2021-02-03,130.46978759765625,130.90153554552967,129.3948008193718,129.80011576819442,462000
2021-02-04,130.4257354736328,131.18351286098115,129.96754105580055,130.59315344044074,250800
2021-02-05,132.92816162109375,133.21011811598183,131.5183388114532,132.14395121256123,329800
2021-02-08,134.7521209716797,134.78737394064206,134.0912689768521,134.1881944738962,309400
2021-02-09,135.6949005126953,136.0561693837328,134.69040633241687,135.19264670002406,326800
2021-02-10,142.35630798339844,143.95116174543148,137.11355228357212,137.45719473260095,1415500
2021-02-11,140.0477294921875,143.26386985969143,139.4397436246987,143.26386985969143,466600
2021-02-12,141.4134979248047,142.13602233301737,140.6821535532174,140.6821535532174,418000
2021-02-16,137.88014221191406,140.32969894442962,137.6069922334422,139.83626499040733,468500
2021-02-17,137.9241943359375,138.15328481806085,136.9020735171112,137.64223785371385,279400
2021-02-18,135.2102813720703,135.50986430739727,134.18816065088618,134.9371314342684,490500
2021-02-19,135.29840087890625,135.8799537169581,134.94593850202713,135.4393858296579,231800
2021-02-22,134.3203582763672,135.6244356391772,134.04720829953538,135.2984196597414,291300
2021-02-23,134.57589721679688,134.98122569172764,132.0294147202495,133.49210370382062,304000
2021-02-24,134.3291473388672,134.74328223220346,132.81359271752268,133.04269662579003,419300
2021-02-25,131.518310546875,134.1705376249516,130.83102577227285,134.1705376249516,446200
2021-02-26,130.346435546875,132.46116990879304,129.35076105901624,132.2761254421615,592900
2021-03-01,131.5888214111328,132.14394128555003,130.80461106151228,131.474282896064,347900
2021-03-02,131.47430419921875,132.32899372195442,131.0777822560622,131.76506723810064,337100
2021-03-03,131.1394500732422,132.33779536617064,131.00727162879897,132.1703774035822,377900
2021-03-04,129.3948211669922,131.53597509720157,128.24934172942122,130.97204862032987,353400
2021-03-05,130.86630249023438,131.26281094064024,128.60177686258672,130.45216755790244,313600
2021-03-08,130.61074829101562,132.52281125266506,130.3992843161271,130.91034466388192,474500
2021-03-09,133.52732849121094,134.32916538775382,132.66381907304688,132.92816253229987,349700
2021-03-10,133.82691955566406,134.082443040832,132.390663792466,133.11320165581378,472100
2021-03-11,132.48757934570312,133.30702918557634,131.289234120625,132.30253491198627,498400
2021-03-12,132.6373748779297,132.7959863181225,131.79149201378715,131.96771649006135,295500
2021-03-15,134.72567749023438,135.39534939775808,134.16175103630596,134.81379646071923,394000
2021-03-16,134.02076721191406,134.52300765141544,133.65067832588235,133.932648249513,284800
2021-03-17,135.37771606445312,135.86234348746305,133.99433972429736,134.59350566906124,319100
2021-03-18,138.96392822265625,140.58521481287553,138.3383159100371,138.71719783756086,824300
2021-03-19,139.7305145263672,139.986037988422,138.4352438456286,139.84506648094268,425100
2021-03-22,136.1178436279297,136.7522624283059,135.8623201823918,136.7522624283059,451100
2021-03-23,133.3511199951172,134.89310800647164,133.1396559584038,134.85786848204225,386900
2021-03-24,132.76072692871094,133.38633925102332,132.52281650247215,133.04269683315175,344200
2021-03-25,133.11318969726562,133.28059420281713,131.3949641578344,132.17036795224172,273800
2021-03-26,135.1398162841797,135.17506925140063,134.01196334432674,134.81380028525788,312200
2021-03-29,136.48793029785156,136.8403926855515,135.28077855200937,135.69491345439098,317200
2021-03-30,137.75926208496094,138.4486441850624,137.32057556219263,137.54439967744662,476000
2021-03-31,139.71995544433594,140.08703025080854,139.49613134201934,139.86320614849194,289200
2021-04-01,138.01890563964844,138.0815692880954,137.01616431423855,137.51754180751342,274500
2021-04-05,139.11117553710938,139.52300427981797,137.6786956624017,138.01891270640138,300600
2021-04-06,137.5623016357422,138.13529084877672,137.01617022479203,137.06989949010125,400300
2021-04-07,138.5023651123047,139.43348111780065,138.36807610244486,138.62770607522063,216500
2021-04-08,137.32058715820312,138.502371482747,136.881886937249,138.18902589161493,233700
2021-04-09,138.12632751464844,138.2785262633289,137.43694546145198,137.92936121373518,181400
2021-04-12,137.9562225341797,138.69037215834814,137.7861140280363,138.69037215834814,246300
2021-04-13,139.46029663085938,139.47819271932042,138.16211983834935,138.77091471329456,220300
2021-04-14,139.86322021484375,140.45411918306098,139.54986097562966,139.89007801693177,172900
2021-04-15,140.83905029296875,140.94648147094068,140.1138625193851,140.54360089240936,179000
2021-04-16,141.07186889648438,141.36730470467387,140.65107846996753,141.27778325590546,162700
2021-04-19,140.0333251953125,141.43893355989843,139.60357305048794,141.4210374663858,242300
2021-04-20,137.96519470214844,138.6008475604028,136.89082798423405,138.5381839098373,317900
2021-04-21,138.8962860107422,139.29021862120644,137.42800042882766,137.42800042882766,322400
2021-04-22,138.57395935058594,139.29019911831398,138.24270409323086,139.21857377542744,227400
2021-04-23,138.76199340820312,139.29916304940687,137.80401970662453,137.86669701172468,233700
2021-04-26,137.4637908935547,138.15317288473048,137.4190370064871,138.15317288473048,249600
2021-04-27,136.8102569580078,137.13256424675933,136.3268028554508,136.6132906337074,490100
2021-04-28,137.21311950683594,137.70553525246356,136.82814861734263,137.15940390933815,236100
2021-04-29,136.4700164794922,137.6697239745293,135.807505921648,137.42799013419085,377600
2021-04-30,134.9838409423828,135.7269385876048,134.2049237912178,134.37503229160026,394000
2021-05-03,136.29098510742188,136.76549116906156,135.4941717528627,135.6195127189347,230900
2021-05-04,134.82269287109375,135.75380885519073,134.51829534831361,135.6463639886318,266700
2021-05-05,135.5657958984375,136.3446994905356,135.28825616613315,136.1656429207722,250800
2021-05-06,136.9445343017578,137.24893177896132,135.96865090780602,137.1952161842946,194200
2021-05-07,137.5623016357422,137.62497894803272,137.01617022479203,137.28476190677645,162500
2021-05-10,138.8246612548828,139.41556017312053,138.5113157033126,139.06639511436902,264100
2021-05-11,136.2999267578125,136.6669878937018,135.3330050213464,136.6669878937018,431200
2021-05-12,137.4459228515625,139.37080486695814,137.11465385615202,139.21860610091136,627500
2021-05-13,138.97686767578125,139.12011839013186,137.08779157134492,137.75031587936155,342600
2021-05-14,139.53196716308594,140.1139044326952,139.36185863965352,139.6662561757217,315500
2021-05-17,142.0656280517578,142.35212946084968,140.9465075371285,141.18824139340737,436100
2021-05-18,143.8383331298828,144.95745370945465,143.53393561091286,143.6592765693793,322500
2021-05-19,142.6117401123047,142.84452589097796,141.56424509168667,142.0208549429998,250200
2021-05-20,143.44439697265625,143.7667042380927,142.5401524846088,142.63863563963494,209300
2021-05-21,144.2859649658203,144.4202539556531,143.5965829420226,144.14271426923978,211200
2021-05-24,145.73634338378906,145.91539992724225,145.16335424805573,145.19916009229095,236400
2021-05-25,145.25289916992188,146.64955942886945,144.70676779572932,145.93331954549802,199500
2021-05-26,146.84652709960938,147.2046402140451,145.73635458703524,145.7811221416246,231900
2021-05-27,148.21632385253906,149.03999491287428,147.64333469486502,147.72390809333345,248600
2021-05-28,148.60130310058594,149.3175430031993,148.35958289160158,148.87884281832788,160000
2021-06-01,154.2953643798828,154.66243914944602,153.12252838745488,153.51646095370438,596500
2021-06-02,158.13623046875,158.324235089815,157.11559297097443,157.34836515076853,630300
2021-06-03,160.85789489746094,161.26077552607015,158.49431306033023,158.73604690195106,478800
2021-06-04,163.31101989746094,163.53484399786495,162.0575967385151,162.65744368826117,386900
2021-06-07,161.86959838867188,163.1677754888657,161.25184166194407,162.9708091800209,384400
2021-06-08,160.80418395996094,162.04864538637204,160.6072176627328,161.96807199054382,307100
2021-06-09,161.63681030273438,161.86959611599502,161.03696333827062,161.1802140447173,207400
2021-06-10,161.3145294189453,161.83380306886198,160.99223576845375,161.68160429130492,194400
2021-06-11,162.46945190429688,162.46945190429688,161.60996128007653,161.81588930470497,164500
2021-06-14,161.68157958984375,162.04865440612224,160.68780000256504,162.04865440612224,189900
2021-06-15,163.34681701660156,163.64226645268857,162.65743499906523,163.39158456651867,180900
2021-06-16,164.59129333496094,165.52240927761733,163.92878271617718,164.67186673543907,326000
2021-06-17,165.8088836669922,165.97004411609655,164.73453076380375,165.6298271266505,277400
2021-06-18,158.4943389892578,159.70299473395409,157.84972441357186,159.26429452904156,735000
2021-06-21,160.150634765625,160.62514079543536,158.01982482419297,158.46747305315668,284400
2021-06-22,160.60723876953125,161.20708578587033,160.10587491474877,161.20708578587033,237900
2021-06-23,159.1031494140625,159.5866035204174,157.6975273306165,157.903441703588,611500
2021-06-24,159.06732177734375,159.702988280314,158.95989057278425,159.702988280314,164800
2021-06-25,159.45230102539062,160.0790057995785,159.17474765433502,159.353817870794,156100
2021-06-28,158.5301513671875,159.1837139604971,158.25259798811368,159.04941129427303,209100
2021-06-29,158.22573852539062,158.79872770963212,157.93028905616833,157.93028905616833,166900
2021-06-30,156.5336456298828,157.79601704491603,156.33667929585744,157.1066348758272,313200
2021-07-01,157.1066131591797,157.1961482663208,156.09493748640966,156.4172447465226,181500
2021-07-02,157.5990447998047,158.32423279281605,157.42893627578658,157.9213520923809,210300
2021-07-06,156.61419677734375,157.9929609195238,155.24439434252622,157.6348478146439,288100
2021-07-07,157.2587890625,157.4557553406795,156.29188108379353,157.3662339076853,128300
2021-07-08,155.98748779296875,156.34561454929874,154.93104459935782,155.03847579568736,189500
2021-07-09,159.1747283935547,160.01630912897502,159.04938745388387,159.0583491603061,320700
2021-07-12,160.16851806640625,160.62512796661014,158.50326624121612,159.1747385310325,176000
2021-07-13,160.41920471191406,160.66990027578316,159.66715900372407,160.24910986881372,281900
2021-07-14,161.15335083007812,162.03969917765352,160.7594182311557,161.48460612410886,230700
2021-07-15,160.19537353515625,160.55350028119943,159.5955266043147,159.99842090125563,177800
2021-07-16,159.47915649414062,160.5087419180303,158.80768417565452,160.5087419180303,195700
2021-07-19,157.84075927734375,158.45851598392085,155.80843260845052,158.18096262240985,261100
2021-07-20,159.4701690673828,159.69399313744645,157.38412709505317,157.69748625759712,152000
2021-07-21,160.86685180664062,161.09067590832694,159.52390719652274,159.52390719652274,183200
2021-07-22,159.3538360595703,161.3234857151809,159.30906850034577,161.14442913942378,321200
2021-07-23,161.01907348632812,161.54729511804047,159.95366851519114,160.38340699004695,195900
2021-07-26,160.70570373535156,160.9563856343596,160.11480483291592,160.4639698823299,155700
2021-07-27,159.75668334960938,160.3117627166776,159.103120837306,160.3117627166776,152700
2021-07-28,161.03697204589844,161.36824103011122,159.622401980812,159.756704648295,143600
2021-07-29,162.42469787597656,162.81863054233867,161.59207864482667,161.90542423951206,157400
2021-07-30,161.0101318359375,162.1203045005127,160.7684115981107,161.69951401981075,147200
2021-08-02,162.8365020751953,163.61540551648667,162.17397786809016,162.94393326402502,167500
2021-08-03,166.48036193847656,166.51618144451874,163.89295590305423,164.30479825570592,246900
2021-08-04,163.1051025390625,164.5107245387269,162.2456255876291,163.57066052342049,194600
2021-08-05,163.7139129638672,164.26899240340816,163.0245308572134,163.40951544290212,128800
2021-08-06,161.7979736328125,162.5052518090876,161.18916495018448,162.1739964980506,183400
2021-08-09,161.66368103027344,162.41572674399777,161.37717961867986,162.15608313209867,163300
2021-08-10,161.06382751464844,161.26079382852575,159.57764577512853,160.7504819506726,220400
2021-08-11,162.3888702392578,162.46944363898382,161.51146990511015,162.1739941788491,133400
2021-08-12,161.9949493408203,162.14714810502252,161.3324250191692,162.05761299142577,105600
2021-08-13,162.35302734375,162.3798851397896,161.86957335389985,162.254544204559,93100
2021-08-16,161.69052124023438,161.77109463055257,159.19263685126845,160.7683671213366,129800
2021-08-17,159.51498413085938,160.75049773721645,158.96885269077384,160.75049773721645,213900
2021-08-18,157.33045959472656,159.34487684103996,157.1514030161714,158.91513832027934,227300
2021-08-19,150.90219116210938,153.462739076751,150.18595140381308,152.3346570175648,650600
2021-08-20,147.41952514648438,148.39539505398773,146.7480527706745,148.33271774156472,448000
2021-08-23,151.07232666015625,151.27824101685945,148.869891400199,149.39811302272184,329900
2021-08-24,153.11358642578125,153.6149501986962,151.82435748906383,152.02132378001446,308100
2021-08-25,155.55776977539062,155.8800770678457,154.06262623185037,154.34911401339895,263300
2021-08-26,153.6239013671875,155.58460260987528,153.17625318067937,155.3518304709009,175200
2021-08-27,155.6741485595703,155.73681220625605,153.94621933544852,154.0267927359614,140300
2021-08-30,154.76095581054688,155.53985940542736,154.42073876398268,155.53985940542736,134400
2021-08-31,155.98748779296875,156.6858178913886,155.4324083970809,155.4324083970809,184400
2021-09-01,157.76019287109375,158.44061325252022,156.69478791382494,156.7216457143326,204100
2021-09-02,157.78704833984375,158.3421277569851,157.09766626100927,157.84971198638902,198800
2021-09-03,160.49978637695312,160.50873442277162,158.3152610170399,158.85243065006105,279400
2021-09-07,162.6216278076172,162.7111629067091,161.7442412132964,162.04863869238795,224300
2021-09-08,161.15335083007812,162.49629542032878,160.41920123006113,162.49629542032878,219900
2021-09-09,161.21603393554688,161.9949374543529,160.74151426167066,160.74151426167066,173300
2021-09-10,157.84075927734375,161.51146634915142,157.67959882030064,161.18021105014475,278200
2021-09-13,159.77462768554688,159.87311085209905,158.71817065697437,158.8882791865773,173700
2021-09-14,160.60723876953125,161.941235474045,159.95367614891413,161.35033650470547,175800
2021-09-15,162.684326171875,162.84547297773832,161.0101124978355,161.09068590076717,257900
2021-09-16,162.89024353027344,163.22149885584756,161.60996246186244,162.11133996532234,161600
2021-09-17,162.00390625,162.72014621453428,161.65474114569645,162.50527012683168,155100
2021-09-20,158.2078399658203,159.96261333845376,156.7216445963474,159.96261333845376,363500
2021-09-21,162.8544158935547,163.31997386439207,161.43089784205094,161.51147124244412,295400
2021-09-22,162.5768585205078,163.74074649057303,161.82481287627044,162.67534166400114,248400
2021-09-23,163.65121459960938,163.83028479938872,162.5231461111459,162.87231114289446,206200
2021-09-24,163.45425415039062,164.04513933352507,162.94392869548182,163.55272362996507,128700
2021-09-27,166.99070739746094,167.2951049295024,165.63880093615478,165.70147824864944,221600
2021-09-28,165.49554443359375,166.88324291989588,164.86882602684443,166.60570322263544,197600
2021-09-29,167.93878173828125,169.7499306679321,166.42647404017916,167.64900509488137,238600
2021-09-30,160.96585083007812,164.39797175239966,160.96585083007812,163.61917720972946,403400
2021-10-01,160.84811401367188,161.4276810535591,159.76142754112934,161.29185042622936,241800
2021-10-04,155.5867462158203,158.96453509244722,155.00717911244757,158.62042619286228,381700
2021-10-05,155.88558959960938,156.61005194332338,154.94379822536007,155.6682467511042,184900
2021-10-06,151.20376586914062,151.6565530906885,149.7186243351823,150.81436167326532,462600
2021-10-07,153.4676971435547,153.94765047784222,152.63457034030148,153.13263903191182,212800
2021-10-08,155.73162841796875,156.17536484201085,155.01621691426757,155.22450897218837,153400
2021-10-11,158.61135864257812,160.1508462546962,158.35779890321103,158.81965071403422,209100
2021-10-12,160.4044189453125,160.80287394448095,159.10038942729597,160.16896072691083,250700
2021-10-13,159.17283630371094,159.82485105967464,158.1676480397644,159.3358330837166,325600
2021-10-14,158.9373779296875,159.00982554894208,158.00463728598675,158.11331562385385,157800
2021-10-15,159.6256103515625,159.78860711807977,158.285350231897,158.93736493390472,203800
2021-10-18,161.69032287597656,162.09782862008674,160.9930266715402,161.19225415852202,207300
2021-10-19,161.79898071289062,161.9619912945898,161.27374588870083,161.92576057955927,197800
2021-10-20,160.96585083007812,161.7989776262885,160.3047853820576,161.7989776262885,161000
2021-10-21,157.58807373046875,158.6566449764577,157.38884624088269,157.56995837196914,218700
2021-10-22,157.026611328125,158.78342805283705,156.46515956504098,158.4755360419826,206700
2021-10-25,155.96707153320312,156.49230633153988,155.65012879111663,156.49230633153988,247100
2021-10-26,156.8455047607422,158.2853649372912,156.4923312491741,157.2349089913263,145400
2021-10-27,157.65145874023438,158.7381453583846,157.579011123295,158.30347347471852,205500
2021-10-28,159.81578063964844,159.81578063964844,158.7381447956968,158.7381447956968,181400
2021-10-29,159.89730834960938,160.0059728761852,159.03700145431293,159.562236362715,164800
2021-11-01,162.9852752685547,162.9852752685547,161.30997093346338,161.30997093346338,219100
2021-11-02,162.6502227783203,163.00339625081165,160.95680302790922,163.00339625081165,166500
2021-11-03,163.97238159179688,164.234992117281,162.2698971075112,162.91284726540528,163000
2021-11-04,164.34364318847656,165.57522496225667,163.54674708871474,164.81454575967845,171300
2021-11-05,162.3513946533203,164.07198066976028,161.64504765137377,163.82748550460434,176500
2021-11-08,163.43807983398438,163.51052745122902,162.23366410598638,162.56873606298905,204300
2021-11-09,159.67091369628906,161.64505961243094,159.05511580765858,161.41866597151716,222500
2021-11-10,160.6126708984375,162.36042280081068,160.03310385405848,160.69416927546698,203000
2021-11-11,162.125,162.39667511086338,161.36432074395867,161.61788049597246,122500
2021-11-12,166.9879150390625,167.30487160853957,164.36175478727972,164.7239790227088,291100
2021-11-15,166.9788818359375,167.94785318549944,166.93360034725296,167.54939819382798,177100
2021-11-16,169.7318115234375,170.41099235690623,169.2518581732238,169.34242114487407,228700
2021-11-17,168.62701416015625,168.9258415506713,167.28675410671974,168.43683745731434,204200
2021-11-18,167.21432495117188,168.57268669348187,166.49892718012882,168.57268669348187,271700
2021-11-19,168.400634765625,168.70852676955928,167.76672158132868,167.8572845556481,197400
2021-11-22,167.61279296875,168.83532415904745,167.13283955459679,168.54553366553617,264200
2021-11-23,167.58560180664062,168.05650437927682,166.78869188648233,167.61276793410337,182700
2021-11-24,167.35919189453125,167.63991772960995,166.18194248661632,167.44069026897967,255500
2021-11-26,162.84945678710938,164.04480788887085,161.90765161072065,163.67353286195709,171400
2021-11-29,160.71229553222656,162.12498943509348,160.30478980147177,161.835212802234,222000
2021-11-30,161.05641174316406,161.49108358390887,159.08225237592083,161.21940850170512,331300
2021-12-01,161.45486450195312,165.5208988045536,161.41864760343543,163.72786524158062,246700
2021-12-02,165.86502075195312,166.2815772638377,162.47816731051915,162.69551015452606,238100
2021-12-03,165.2311248779297,166.98792775328684,164.3164858141834,166.33591302549598,194000
2021-12-06,167.1599884033203,167.54032802325182,165.16772732931096,165.94652192763834,189600
2021-12-07,169.74085998535156,170.15741645224173,168.3462677350578,168.90773323360315,245100
2021-12-08,165.24923706054688,166.1729269540645,164.64250378105092,166.12764546377986,265500
2021-12-09,163.70068359375,164.10818929879673,163.00338745615642,163.90896183091283,186600
2021-12-10,165.13150024414062,165.13150024414062,163.5376804288728,164.85076056815578,125500
2021-12-13,159.48977661132812,160.7575892028502,159.08227084968436,160.4406326004771,583700
2021-12-14,163.70974731445312,165.18583808383264,162.29705338894684,163.9089747980983,440500
2021-12-15,169.11602783203125,169.34242144358686,166.96075622827175,167.9931105442465,479100
2021-12-16,169.65032958984375,171.10830513978107,169.46921744695112,170.13028298659603,384300
2021-12-17,166.66192626953125,168.20141398655724,166.53514639120834,168.06556951965885,382600
2021-12-20,164.769287109375,164.98662997650473,163.10303324862699,164.4161135865211,251500
2021-12-21,165.55711364746094,166.38117582594666,164.89603440566282,165.53899829095414,180100
2021-12-22,164.23497009277344,164.40703143583085,163.05772063529977,163.05772063529977,165900
2021-12-23,166.42649841308594,166.90645184429428,165.63865293505935,165.7925989584685,167800
2021-12-27,168.3462677001953,168.69039037813877,166.63473271552965,166.63473271552965,196900
2021-12-28,167.3048858642578,168.77191210610738,167.2052721183316,168.3553555816669,113600
2021-12-29,166.33592224121094,167.16906296463537,165.58430754472457,166.86115712425214,117800
2021-12-30,166.69815063476562,167.28676851498096,166.36309250153258,166.87021199549716,123200
2021-12-31,167.80296325683594,168.57269331693993,166.93360562769237,167.0332193787612,189900
2022-01-03,168.69944763183594,169.75898183170813,167.67615796372337,169.17035018533818,352900
2022-01-04,180.38140869140625,182.40988697334416,174.16011554540162,174.848347274206,1057300
2022-01-05,178.35289001464844,182.3283614055523,178.26234085796744,180.93378279452992,555700
2022-01-06,180.8885040283203,181.83936000457885,177.65559647263532,181.68541399973242,422800
2022-01-07,181.51333618164062,182.91697927478282,179.95574709760743,181.73066519561903,371000
2022-01-10,181.43185424804688,182.14725201385744,179.00490743419283,182.00235677942462,380000
2022-01-11,182.83546447753906,182.89886131769413,180.70737294409486,182.2921281323478,255500
2022-01-12,187.10073852539062,188.0515944658458,185.32580651534298,185.64276310148458,511400
2022-01-13,191.4112548828125,193.55747558882825,190.50568049049303,191.07619677940426,547000
2022-01-14,190.7954864501953,191.29355517008347,189.40995862266902,190.75925573349267,267700
2022-01-18,187.87954711914062,189.70881152197333,187.62598735850688,189.35563801123556,379600
2022-01-19,183.30636596679688,187.1822232421261,183.01658934797103,187.1007248635159,562200
2022-01-20,182.44610595703125,185.4707216420798,182.22876309024826,184.347818041962,283000
2022-01-21,180.90660095214844,181.97517210676918,179.81084985311736,180.37230155686936,363700
2022-01-24,179.03207397460938,179.2222506974855,174.72154437510872,176.94924988325678,546500
2022-01-25,178.40721130371094,180.00103112457063,174.4860724114827,176.58701169608173,433100
2022-01-26,175.8354034423828,179.77465814394066,174.62193689808535,179.73842742496336,537200
2022-01-27,172.02291870117188,175.26486288576945,171.41617169477988,174.29590546538168,336900
2022-01-28,174.89358520507812,175.10186344436863,170.42909630657857,173.87028172939998,274700
2022-01-31,179.7112579345703,179.95576692019816,176.51458103413987,177.49260315868088,418800
2022-02-01,177.88197326660156,178.15364835097,176.31533341916557,176.81340210417957,333800
2022-02-02,180.80699157714844,181.05148672102064,179.18600563119787,180.15497689088448,243600
2022-02-03,180.68927001953125,182.43703590417476,180.42665950731518,181.09677576095532,299100
2022-02-04,178.28952026367188,179.52110219360023,176.37875742719413,179.3580915906835,267500
2022-02-07,178.61550903320312,179.6750294788225,177.97254509544976,179.43957127892742,178000
2022-02-08,181.4046630859375,181.77593807322864,179.31277469965517,181.11487265706148,288500
2022-02-09,182.3555450439453,184.6919290709825,181.46808584262723,183.03472596513154,342500
2022-02-10,176.05274963378906,178.66985950161188,175.90785439107927,176.58703529606413,420900
2022-02-11,174.5132598876953,177.67370590273444,173.78879755767394,176.08895060117442,230000
2022-02-14,171.12640380859375,172.511931602642,170.094049495029,172.0591443805878,259600
2022-02-15,171.5157928466797,172.11347529143345,170.64644912519174,171.37091143841124,227300
2022-02-16,172.33082580566406,172.87416220129955,171.3437529416518,172.15876444409,207000
2022-02-17,168.9258575439453,170.7279557349443,168.5545825085285,170.2480023656277,192200
2022-02-18,171.12640380859375,171.41618044536432,169.804259040289,171.03584083699513,183000
2022-02-22,168.11083984375,169.76804274046236,166.987922554631,169.37863854277992,202300
2022-02-23,166.48080444335938,170.78228310338136,166.32685844420968,170.00348851958492,242200
2022-02-24,165.02284240722656,165.31263288888067,159.9969010120502,160.30480685330033,363100
2022-02-25,167.87539672851562,168.19233949667966,165.95556948953904,166.53513658746397,228200
2022-02-28,165.6748504638672,167.42261641788616,164.4976008612696,167.05132756004144,322000
2022-03-01,164.55194091796875,167.62183777926697,163.77314633101557,166.47175434805212,305600
2022-03-02,162.23365783691406,162.78605880633452,160.35007513322,160.35007513322,342100
2022-03-03,159.4626007080078,161.626923078897,158.312531111765,161.3914786976597,289500
2022-03-04,154.62686157226562,154.92570284575953,153.1236044333465,154.70835996922622,335200
2022-03-07,145.04586791992188,149.07567173447882,144.89192191104786,148.2968771014881,569800
2022-03-08,141.5775146484375,144.88286987903894,140.40932961810697,143.99539691612142,739600
2022-03-09,148.5594940185547,149.99030333402797,147.42752593523437,148.70438924953243,438800
2022-03-10,148.90359497070312,149.76390172247642,147.17395833338034,149.76390172247642,392700
2022-03-11,143.32528686523438,146.35895329510183,143.23472388369825,145.56205709306178,355800
2022-03-14,145.8789825439453,147.9255896123149,145.44431068380095,147.15584581471177,389500
2022-03-15,150.26197814941406,150.6151654884624,148.7496703120845,149.6009125982634,388200
2022-03-16,155.6591796875,155.74974265272346,152.8337920425242,153.83898015744344,384300
2022-03-17,155.52337646484375,155.8856007536339,152.60742534077906,153.9929532814592,300300
2022-03-18,155.4871368408203,155.52336755840702,153.84804922825936,154.82607133354895,179000
2022-03-21,155.57769775390625,156.62816746247026,155.05246289962423,155.66824691073217,233400
2022-03-22,156.5013885498047,157.28923392708188,155.1792437267022,155.57769870949937,229100
2022-03-23,159.18186950683594,161.74464675853378,159.18186950683594,160.26855604085694,419500
2022-03-24,163.24789428710938,163.48333864702093,161.88046815547915,163.0758329472644,299900
2022-03-25,161.58163452148438,163.36561720554428,160.8481214639918,162.88566387612397,231900
2022-03-28,161.05641174316406,162.27892888612797,160.4043970730625,161.43675133106186,240100
2022-03-29,167.35919189453125,168.43682757213102,166.39023453416388,166.39023453416388,393600
2022-03-30,165.5381317138672,167.4536262567067,165.0615620529106,167.0320303423673,179500
2022-03-31,165.1990203857422,167.11450081641803,165.1898604260277,166.63793118718118,230300
2022-04-01,165.30899047851562,165.83140184339226,163.80593203849057,165.25400275266983,148500
2022-04-04,167.33448791503906,167.8385654596475,165.3456855887414,165.8864169617426,261100
2022-04-05,162.82528686523438,166.5004444271208,162.67864360481883,166.34464120718096,242400
2022-04-06,161.78048706054688,162.85278974041628,160.85481366453612,161.57885606248541,227800
2022-04-07,159.9199981689453,160.89148537332872,158.34361795571755,159.93831808945177,257500
2022-04-08,156.519775390625,157.6653997063338,155.41997884447892,155.80490693639646,366400
2022-04-11,155.47496032714844,157.14299597644177,154.70510417424595,155.5666158625912,313400
2022-04-12,151.89146423339844,154.08189756574123,151.34157290242914,152.98210091912955,452300
2022-04-13,154.37518310546875,154.74177732368202,152.8812843961374,152.8812843961374,264400
2022-04-14,153.29368591308594,156.26314902881902,153.15621659578534,155.16335253640085,196300
2022-04-18,156.0523681640625,156.6205933585157,155.16336256228584,155.32832575370566,281400
2022-04-19,157.13381958007812,157.31711666343205,155.53911957176072,155.80489824492327,195400
2022-04-20,160.79981994628906,162.1104213848773,160.35990414175336,161.01978484089253,253600
2022-04-21,159.16845703125,162.61448991205225,159.03098770828555,162.302883456885,189500
2022-04-22,155.37413024902344,158.16945600161,155.20916708231502,158.06864051595377,185600
2022-04-25,157.78453063964844,157.86701222440277,155.32830512227073,155.78655479491053,185800
2022-04-26,152.89044189453125,156.3823024914341,152.89044189453125,155.40164138696454,293200
2022-04-27,154.00857543945312,155.71326513096596,153.5136718446727,153.5136718446727,204300
2022-04-28,158.5269012451172,159.305931323621,155.05336071162108,156.40061593911724,298200
2022-04-29,156.72142028808594,160.13079967277602,156.51062931100924,158.45360384767258,139200
2022-05-02,156.43728637695312,156.72139895622698,154.28350717169792,156.14399985339875,178500
2022-05-03,157.69288635253906,158.31611322378498,156.44644659471842,156.44644659471842,163600
2022-05-04,160.2499237060547,160.51570237551917,156.44644285219485,157.6562287579057,204700
2022-05-05,155.74073791503906,159.31509400223413,154.79674464220145,158.99431361509968,331700
2022-05-06,158.829345703125,159.7550050444961,157.14299019650662,158.62771472030425,293400
2022-05-09,154.4026641845703,157.08800087302467,154.20103318585072,156.25399699796293,366300
2022-05-10,152.55133056640625,155.52995377716536,151.41488019926038,154.75093763592375,317400
2022-05-11,143.94540405273438,148.72037242916826,143.9362440925461,147.96883615356865,464200
2022-05-12,145.3018035888672,146.36494621162473,143.85374689454116,144.0736977925803,517100
2022-05-13,147.8588409423828,148.59204321499638,146.30079485349785,146.59406737174118,246200
2022-05-16,145.91587829589844,146.65824058592807,144.76108008058898,146.11749530168845,201500
2022-05-17,146.62158203125,146.84154693963666,145.65009482571855,145.8425658686409,273500
2022-05-18,142.4973602294922,145.50347793240758,142.30490313635065,145.21020531939556,341900
2022-05-19,142.87310791015625,144.0003983906089,142.2865487837358,142.29570874434438,492700
2022-05-20,145.4118194580078,146.66741934481405,143.138890544141,145.8975630923784,422600
2022-05-23,147.87718200683594,148.720359766543,146.8965209479784,147.16231360220016,250000
2022-05-24,147.18983459472656,147.6755782416467,146.34664269493382,147.04319130913885,221600
2022-05-25,147.58389282226562,148.36292288269217,146.31911921322933,146.31911921322933,256000
2022-05-26,151.70814514160156,152.2305565142353,150.03094955504687,150.3059021730293,233300
2022-05-27,152.8996124267578,152.9362662533014,151.4423815860507,151.60734478250546,229400
2022-05-31,152.47801208496094,153.24788226677956,151.68066202253573,153.24788226677956,253400
2022-06-01,154.6134490966797,155.68575173811325,153.48615872768613,155.5024546513562,194100
2022-06-02,156.0248565673828,156.1439919749784,154.12769617362548,155.035035577336,148300
2022-06-03,151.0482635498047,152.24887552366096,150.40671676812627,152.24887552366096,261800
2022-06-06,151.75396728515625,153.43116280955903,151.51568248355952,153.3120134164254,157600
2022-06-07,152.3680419921875,152.52384522914662,150.92913106343798,151.04828047362486,192000
2022-06-08,151.54319763183594,152.76212965801534,151.21325725307395,152.55133868912293,179600
2022-06-09,150.7733154296875,153.0462440735165,150.7733154296875,152.16639847192602,126900
2022-06-10,147.83135986328125,149.3527522631866,147.8221859188531,148.93115637496206,241400
2022-06-13,142.5156707763672,144.56863466962136,142.18573040039192,144.440325300335,339400
2022-06-14,142.20407104492188,143.1388905005923,141.26007764372113,142.51567753014535,265900
2022-06-15,143.66128540039062,144.28449829905466,141.42502455756758,142.13989299293934,211000
2022-06-16,141.56253051757812,143.6154806155294,140.70101867947056,143.3771957604954,461500
2022-06-17,141.0950927734375,141.5441825551068,139.66535581585822,141.27838987331418,397900
2022-06-21,145.80589294433594,146.30081047467942,144.18369900014872,144.18369900014872,319700
2022-06-22,145.85171508789062,146.63990513739094,143.8262452449251,143.8262452449251,166700
2022-06-23,144.3669891357422,145.36597012356688,143.23052484737005,144.6694356153413,176300
2022-06-24,145.79672241210938,145.79672241210938,144.1653546416045,144.69692595784448,178800
2022-06-27,143.45965576171875,144.75192332427193,143.2946925756932,144.52279846501094,208000
2022-06-28,143.99122619628906,147.3914452393218,143.9087446038016,145.9616943795151,225700
2022-06-29,142.67144775390625,143.36798220402954,142.25902585600866,143.34048834314768,108300
2022-06-30,141.29672241210938,141.7183183239532,139.67451442531225,140.82931271424368,147300
2022-07-01,142.48818969726562,142.5981651709024,140.0594714232956,140.12361912135918,178300
2022-07-05,141.75497436523438,141.79164217623153,139.8578276939665,140.36189122546222,208500
2022-07-06,140.06861877441406,140.78348725804216,139.4362318885879,140.78348725804216,223500
2022-07-07,144.0278778076172,144.0462117116677,142.07574355871344,142.15822514993377,241700
2022-07-08,143.6704559326172,144.19286735788594,143.15721845249718,143.35884946035466,159100
2022-07-11,142.21322631835938,143.54214780185893,142.08491694722161,143.52382788074826,159700
2022-07-12,142.45150756835938,143.38634095435407,141.62666362962258,141.7458130372052,179400
2022-07-13,142.460693359375,142.9464370057489,141.05845015611854,141.18675953469517,120400
2022-07-14,140.35272216796875,141.52584031973842,139.47287656180575,141.52584031973842,248600
2022-07-15,143.615478515625,143.75296184067852,141.99327037577328,142.68981899282804,204300
2022-07-18,143.66128540039062,144.92605908666596,143.3221850869806,143.89041025748855,228000
2022-07-19,147.02484130859375,147.13481676840965,145.49428889257734,145.87921698660494,321300
2022-07-20,144.7152557373047,146.34662361897105,144.25700601807995,146.2733159704061,255100
2022-07-21,145.88836669921875,146.10833158807174,144.88938571693612,145.29264768749778,199200
2022-07-22,146.91485595703125,147.71220595635504,146.3832846292584,147.1806346285822,133400
2022-07-25,146.1083526611328,146.68575183723024,145.6134490706728,146.68575183723024,111700
2022-07-26,144.8618927001953,145.78756604293898,144.7427433032867,145.54926724912173,154500
2022-07-27,146.68572998046875,147.00649637575958,144.80690343641652,145.65924115539391,129300
2022-07-28,146.19082641601562,146.4566190955334,144.53196460162036,145.44846407783186,176700
2022-07-29,149.01364135742188,149.18777848946232,146.03501816214748,146.59408338280124,293700
2022-08-01,152.84461975097656,153.09206453765535,151.75398314967074,151.75398314967074,248600
2022-08-02,149.99432373046875,151.40572692205032,149.86601434941588,150.5808828988067,215900
2022-08-03,149.50856018066406,150.19593477012754,147.7855367346473,149.24276750798862,190900
2022-08-04,143.5788116455078,144.98105472871575,143.551317779929,144.11954298145395,398500
2022-08-05,144.1745147705078,144.8252354814879,143.20302766835303,144.44946738056518,233100
2022-08-08,143.15721130371094,144.156192347964,143.0105680353788,143.8904136606998,259900
2022-08-09,140.16943359375,142.97391978270943,139.7295177562807,142.05742029692283,289200
2022-08-10,144.7061004638672,145.1276963724633,142.21322079177622,142.97391702848586,243100
2022-08-11,145.35682678222656,146.39246171112868,145.06354022859838,145.61344552431493,124600
2022-08-12,147.8405303955078,148.11548303925846,145.94338372450588,146.68574607336197,203700
2022-08-15,147.06149291992188,147.46474088972096,146.1083257575995,147.46474088972096,142200
2022-08-16,146.1083526611328,146.57576238460464,145.33849641611818,145.99837719318012,191500
2022-08-17,147.34561157226562,148.1796153929265,146.46576600027373,146.71322475250128,148100
2022-08-18,145.84255981445312,146.42911889446293,145.52177941778945,146.16332622644524,163400
2022-08-19,143.39552307128906,144.7794323314906,143.08390260175048,144.50447967468503,184200
2022-08-22,141.43421936035156,142.92810413936718,141.09510501225847,142.60733768292727,206000
2022-08-23,140.66433715820312,142.31403902949933,140.66433715820312,140.90263597469013,185600
2022-08-24,141.59915161132812,142.19487060352702,140.41687358608075,140.59099671796181,220600
2022-08-25,142.97393798828125,142.97393798828125,141.6266824538485,142.05743838579227,112900
2022-08-26,139.0971221923828,142.51566114530493,139.0604543838233,142.19488075143084,207300
2022-08-29,139.0971221923828,139.74782895526369,138.57471080544582,138.59304470972558,173800
2022-08-30,137.63070678710938,140.01361070960309,137.06248166076242,139.9036212771676,290800
2022-08-31,136.89752197265625,138.42807441625862,136.8517081866885,137.9789986241351,293400
2022-09-01,134.5421142578125,135.52276134043714,133.45147773798692,135.28447653173185,268600
2022-09-02,133.40565490722656,135.52276635478785,132.96573909615873,135.22949380896648,189700
2022-09-06,131.92092895507812,133.194862591449,131.31603598062742,132.89241610422366,232300
2022-09-07,131.3710479736328,131.52685122588977,129.18978845736143,130.13378191700144,311200
2022-09-08,132.09506225585938,132.21419766761457,130.57366990407544,130.7019792599686,264500
2022-09-09,133.4331512451172,133.8364132396853,133.07571701987214,133.8364132396853,159300
2022-09-12,132.9290771484375,133.70810729281956,132.58081685896155,132.58081685896155,228600
2022-09-13,128.52072143554688,131.0136012033645,128.49322756922092,130.59201926325167,265700
2022-09-14,129.6571807861328,130.79364516031592,129.06146172612603,129.7213284768284,199500
2022-09-15,128.7223358154297,130.47285299695264,128.52987877601163,129.3730565319798,239900
2022-09-16,128.98812866210938,129.46469827402152,128.48405120271113,128.60320059802456,212500
2022-09-19,129.6388397216797,129.84963067185566,128.30991836412832,128.41989381905992,238500
2022-09-20,128.9789581298828,130.28038561469205,128.49321456106918,129.77632212663084,276900
2022-09-21,126.09197998046875,128.3099066893674,126.08282002161499,127.85165702261968,238100
2022-09-22,127.43927764892578,129.68469896840492,126.58692571229695,128.9698303684838,388300
2022-09-23,125.81703186035156,126.11947832932722,124.49727053561067,126.11031837014754,475700
2022-09-26,124.295654296875,125.93619618817804,123.81908463894452,124.76307797921166,265800
2022-09-27,124.4056396484375,125.77121487074498,123.58078175746827,125.45960841589229,303400
2022-09-28,125.45960998535156,125.96368748313776,123.13170752012785,123.50746166877586,213000
2022-09-29,124.1894760131836,125.48002104120587,123.05676579670089,125.44288927197105,421100
2022-09-30,120.9677505493164,124.81153318227335,120.7635045723692,124.60728720532614,424900
2022-10-03,125.88854217529297,126.4548972873016,124.22662277577271,124.5515718015661,368800
2022-10-04,129.84376525878906,130.15014135573463,128.3768122526657,128.45108996820653,325400
2022-10-05,128.2096710205078,128.60891193070793,126.61273571375591,127.6990206316585,193100
2022-10-06,126.42705535888672,127.3090801689126,126.27849993464393,126.5941837529161,246200
2022-10-07,126.12995147705078,127.049108007153,125.53574398102616,126.57560355731319,292300
2022-10-10,125.21077728271484,126.04637668074614,124.65370157267813,126.04637668074614,294200
2022-10-11,125.39647674560547,127.0584104708771,124.5237313256785,124.5237313256785,282400
2022-10-12,125.34077453613281,126.5570420075001,125.34077453613281,125.85142496949993,214900
2022-10-13,126.62203979492188,127.0119871695952,123.01964857123677,123.73455917498391,294000
2022-10-14,124.51444244384766,126.64058692170379,124.44944413721569,126.64058692170379,303500
2022-10-17,126.41776275634766,127.01197022424374,126.12994550632317,126.12994550632317,206500
2022-10-18,124.6537094116211,125.62858488197924,123.68812750946307,125.58215954205271,350600
2022-10-19,123.45602416992188,124.31019665348136,122.63898346085377,124.02237935833939,176100
2022-10-20,123.70669555664062,125.15507543576004,123.29817524878148,124.07806992722668,172000
2022-10-21,124.1894760131836,124.3380314241704,121.94262854834744,122.26759173900308,313600
2022-10-24,125.09935760498047,125.43360017033844,123.61383194405114,124.06877754237863,188300
2022-10-25,127.26266479492188,128.04255949592005,126.06495620615192,126.15780688499555,193100
2022-10-26,128.06112670898438,128.95244511654062,127.03984000975014,127.09554475390513,185600
2022-10-27,126.7055892944336,127.89400431734167,126.63131158462377,127.2440920652864,194400
2022-10-28,129.53733825683594,129.78800953778963,127.70829076057686,127.82897961795476,207800
2022-10-31,128.87814331054688,129.35166188139948,127.72687436781814,128.6646037755283,216800
2022-11-01,125.48932647705078,128.12612151983677,124.84869360272758,128.12612151983677,251000
2022-11-02,125.7028579711914,128.3118004750667,125.57287552439055,126.87269999239898,215900
2022-11-03,125.5728759765625,126.52917844583168,124.62585290816101,125.51717123730786,212200
2022-11-04,127.52262878417969,127.82900485472081,125.89784108519609,126.26921546386828,210000
2022-11-07,127.43907928466797,127.68976482497399,126.17638634757071,127.03985246772397,216500
2022-11-08,127.66189575195312,128.7296077587049,126.87270745685832,127.53191329750486,183800
2022-11-09,124.90438842773438,126.36206185699173,124.50516169255114,126.26921118196012,194900
2022-11-10,130.4658203125,130.51224565385613,127.71760160830463,127.74545397971328,211300
2022-11-11,133.009765625,133.19546699174197,131.38497783518446,131.99775834457236,144300
2022-11-14,131.95132446289062,133.1397394645928,131.5520977176892,132.0998798798595,191500
2022-11-15,133.46470642089844,134.59741671484124,132.7033705127952,134.32815824313656,183400
2022-11-16,131.95132446289062,132.99119821464828,131.67280076485443,132.9076269382131,122200
2022-11-17,132.703369140625,132.7312356779483,131.0043178843039,131.10644796440744,129800
2022-11-18,132.94479370117188,133.24189041462412,132.42486382736053,132.84266360688562,130300
2022-11-21,131.9884796142578,132.70337604515402,131.7934988449973,132.56411418641457,161000
2022-11-22,134.93167114257812,135.0895059787301,133.9753685566406,134.28175882694475,179900
2022-11-23,136.2129364013672,136.2129364013672,134.8573928626812,135.60943526527734,198900
2022-11-25,137.6613006591797,138.0141020645397,136.426460322859,136.48216506228297,95600
2022-11-28,136.0272216796875,137.1320795867635,135.85082805757892,136.3336119186516,140700
2022-11-29,134.99664306640625,135.72083303353884,134.50456563148347,134.86666061504977,170200
2022-11-30,137.12278747558594,137.28990168115382,134.4859927851226,135.03377490384824,171400
2022-12-01,137.09494018554688,137.63344292402647,136.0922124139322,136.6864198896642,199500
2022-12-02,136.0457763671875,136.12005406668456,134.61596961118147,135.14517874044185,164900
2022-12-05,132.94479370117188,134.43959917189275,132.44342263212056,134.40245322831964,223400
2022-12-06,130.99502563476562,132.65695930344995,130.1687055845282,132.65695930344995,242600
2022-12-07,131.70994567871094,132.79623071052373,131.23644117777482,131.6078155902315,208200
2022-12-08,132.09988403320312,132.19273471348404,131.48710354420845,131.83991912884625,141000
2022-12-09,133.08404541015625,133.89180670038846,132.2948712573179,132.2948712573179,127900
2022-12-12,133.80821228027344,133.89178354896802,132.53624028697365,133.3439872705117,130800
2022-12-13,134.16104125976562,136.79783617924886,134.00320644067943,136.3336111229867,167100
2022-12-14,134.30030822753906,135.89724361529636,133.51113410203544,135.56300099536983,170400
2022-12-15,131.52423095703125,133.5296863656089,130.96715528786322,132.97261069644085,151300
2022-12-16,130.3822479248047,131.38497578808185,130.02015293254001,130.24298606894328,170200
2022-12-19,129.6209259033203,130.72578384765052,128.92458829138363,129.9830208948464,191500
2022-12-20,128.896728515625,130.20584655094794,128.8410237765941,128.95243325465592,178300
2022-12-21,127.624755859375,127.94970489130851,126.90984532188273,127.2997926604174,238600
2022-12-22,127.19766998291016,128.52534689131895,126.1578103529942,128.3860850362498,211600
2022-12-23,127.32764434814453,127.90327886856291,126.44561959901263,127.23479367264684,149400
2022-12-27,126.41776275634766,127.16980503338543,126.12065193888785,126.38061682065342,137600
2022-12-28,124.53302001953125,126.9841277871771,124.31946629014655,126.2692172228982,236900
2022-12-29,127.57833099365234,127.6526087013183,126.18565585071988,126.2135082202166,249400
2022-12-30,126.80773162841797,127.56905343524487,126.26922880552776,127.08626952536477,168700
2023-01-03,128.38607788085938,128.5624856654651,127.21623586240318,128.08898121759515,309800
2023-01-04,127.37408447265625,128.49750127466513,126.8727134340034,128.32110763798056,467100
2023-01-05,125.82356262207031,126.49204783329397,125.03437436334049,126.00924981029368,178400
2023-01-06,129.02670288085938,129.55591203553044,126.18564803203772,126.39918757395598,164900
2023-01-09,129.92730712890625,131.52424240806604,129.27739490297472,129.34237904205585,229900
2023-01-10,129.18455505371094,129.37953582134233,128.28395726265322,129.05457259763173,231100
2023-01-11,128.91529846191406,129.676620155861,128.71103831224016,129.676620155861,251000
2023-01-12,132.1741485595703,132.52696410901453,130.64221165692007,132.0812978885513,242800
2023-01-13,130.2615509033203,130.89289016649542,129.53736096401985,130.37296038105143,291500
2023-01-17,134.41172790527344,135.29375268630233,133.94750284504514,134.30030425724195,383700
2023-01-18,135.09877014160156,137.50346668873445,134.69026399430143,137.41061601110638,305300
2023-01-19,133.86390686035156,134.7180932804983,133.34397715558185,134.51383315833564,244900
2023-01-20,135.65582275390625,135.85080347688546,134.16101776780553,134.550965046742,269500
2023-01-23,135.5815887451172,136.1015186178982,134.73669561833483,135.34019678047645,231300
2023-01-24,135.56298828125,139.63888348160043,134.62525881994304,139.63888348160043,143600
2023-01-25,135.69297790527344,135.99008874063549,134.82024670220233,135.5351430866215,245000
2023-01-26,135.0616455078125,135.730130754391,134.07749060785667,135.10807084907978,137100
2023-01-27,136.6307373046875,137.15994656141118,135.3123396968716,135.5537316531108,171800
2023-01-30,134.79238891601562,135.82296917166872,134.70883180077962,135.55372485578877,182400
2023-01-31,136.5843048095703,136.5843048095703,135.44231506945985,135.83226244005795,145700
2023-02-01,137.94912719726562,138.34835396799005,136.09222686751434,136.09222686751434,213100
2023-02-02,136.1293487548828,136.8164069271256,134.26316915913412,136.4821643253621,299400
2023-02-03,134.35601806640625,135.93438037788403,134.11461197735238,135.20089687702279,248100
2023-02-06,133.50184631347656,134.0682014948989,132.74052452608748,133.69682708646891,172100
2023-02-07,134.29103088378906,134.59742113733495,132.8240779275808,133.25117123565164,166900
2023-02-08,133.5389862060547,134.29102855762918,133.05618816334302,133.69682103083977,192400
2023-02-09,134.4674072265625,136.93708748020396,134.33742480095094,135.88793450896804,334000
2023-02-10,133.15830993652344,133.67823971914052,132.31341695625866,133.39042245855066,230100
2023-02-13,133.56683349609375,133.61325883503505,132.35984551874174,132.7219404952449,197500
2023-02-14,132.4434051513672,132.87977784508348,131.4221185103272,132.582681170844,230400
2023-02-15,130.88360595703125,130.8928853574932,130.038713003214,130.36367619068943,387800
2023-02-16,132.4898223876953,133.38114068994722,131.20857092242693,131.28283446117612,303200
2023-02-17,132.6291046142578,132.8147918038805,131.67280212902773,131.9141940588348,145800
2023-02-21,129.2216796875,130.52151834350386,128.8038799708298,130.13157099681,324000
2023-02-22,128.72959899902344,129.31452708775043,128.3953564007543,128.77602433681548,178200
2023-02-23,129.00814819335938,129.50951921832538,128.26538522449977,129.08242590694786,198100
2023-02-24,126.31563568115234,127.38334760180997,125.7864123376276,127.38334760180997,218700
2023-02-27,126.50131225585938,127.32763218758372,126.232067989869,127.19764975451548,192100
2023-02-28,126.19493865966797,126.81699854026809,126.15780688834425,126.37134644926083,212200
2023-03-01,126.76129150390625,127.65260983680203,126.73343913416178,126.88199455081512,190900
2023-03-02,127.44832611083984,127.51331023921757,126.34346842522334,126.38060018900751,145100
2023-03-03,129.82516479492188,129.9087218945757,128.49747393221315,128.65532289870055,244700
2023-03-06,130.1037139892578,130.57721842900264,129.94587917600956,130.08514102092747,175500
2023-03-07,129.1288604736328,131.27357825124992,128.8224701958266,131.17144815864785,152600
2023-03-08,129.71377563476562,129.84375808802722,129.03599683052138,129.50951547006528,138800
2023-03-09,128.6089324951172,130.61437426659197,128.36752636341103,130.15014914195888,166000
2023-03-10,128.0982666015625,129.370238756463,127.61546856330563,129.2402563038967,343600
2023-03-13,127.30907440185547,127.9032819048842,126.57560504929828,126.64988275805491,247400
2023-03-14,126.89126586914062,126.9748229730517,125.86068575316729,126.64987395772307,221600
2023-03-15,124.0223617553711,125.34075915158941,122.8803721387566,125.34075915158941,287800
2023-03-16,126.1763687133789,126.29707176536569,124.19877954320452,124.4401714801532,190000
2023-03-17,123.92950439453125,125.86068213136978,123.73453782434916,125.86068213136978,192500
2023-03-20,125.46147918701172,126.09281851844914,123.99452618116955,124.08736270030853,277100
2023-03-21,126.06497192382812,126.42706694922474,125.34078187303493,125.52646908684898,224500
2023-03-22,125.8699951171875,127.90328906931879,125.79571740427023,126.33422019765152,301600
2023-03-23,126.14852142333984,127.29052534499986,125.50788853241481,126.84485905834087,129600
2023-03-24,126.87269592285156,126.88198949041193,125.52644615980546,126.2784884469611,155900
2023-03-27,127.16053771972656,127.48548676930854,126.66844611065696,126.90985221454486,137300
2023-03-28,128.06112670898438,128.5903501125077,127.29980492715707,127.5783428149575,210700
2023-03-29,129.67662048339844,130.48436751649763,129.34237788918088,129.6116363448965,214300
2023-03-30,131.98892211914062,132.68848185858187,131.67695687417915,132.3481574481516,193500
2023-03-31,133.94580078125,134.01196736386538,133.19897090369847,133.2840628310689,235000
2023-04-03,134.56027221679688,134.83443007652627,133.89853424904535,134.23885869314697,232900
2023-04-04,134.3712158203125,135.23148245182819,133.9269029194113,135.22201977852805,349200
2023-04-05,132.74522399902344,133.47314303449483,132.5088879611905,132.8681233546348,220500
2023-04-06,131.27992248535156,131.75259450631106,130.6560063805371,131.5824395026722,224000
2023-04-10,130.4669189453125,131.07193852228363,129.40813829181417,130.95850185935296,347600
2023-04-11,130.06988525390625,130.49528719431135,129.72956081662105,130.02261516612666,275900
2023-04-12,128.98275756835938,130.26842618371379,128.8598582134601,130.0510010691132,283200
2023-04-13,129.7295684814453,129.97536718249944,128.8504053809848,129.5594134651522,281600
2023-04-14,128.52899169921875,129.62557990530289,128.20756373857404,129.0205602511575,279100
2023-04-17,130.22116088867188,130.25896830898378,129.19073919368444,129.23800928767994,322200
2023-04-18,129.54995727539062,129.83356340821175,129.0961961177611,129.59722736832865,199200
2023-04-19,127.86721801757812,128.47223757111033,127.42290520523997,128.47223757111033,209500
2023-04-20,126.48705291748047,127.0637134385672,125.74968561836067,126.67611886664834,513200
2023-04-21,127.3094711303711,127.42290779120925,126.0994319987497,127.07313513708871,165800
2023-04-24,127.47018432617188,127.59308366483609,126.57211039120764,126.72336889651667,222300
2023-04-25,126.21287536621094,127.56472482051807,126.16561970488684,127.38510714811036,257100
2023-04-26,126.69502258300781,127.61200753036451,126.56267498363707,127.13933547192524,324000
2023-04-27,130.00372314453125,130.30622575208025,128.33990831619064,128.33990831619064,323600
2023-04-28,129.8240966796875,129.83354492700735,128.84093081583103,129.15289607504675,300000
2023-05-01,129.21908569335938,130.06988960261504,129.08673809803503,129.82410533267154,147400
2023-05-02,127.77272033691406,128.01850462598622,126.91245368795077,127.90506794253864,221700
2023-05-03,128.16030883789062,128.97329093052065,127.91451013564762,128.4817223756476,265900
2023-05-04,127.53636932373047,128.34936578420894,127.50801015619794,127.81051275148003,241800
2023-05-05,130.0226287841797,130.39131242778598,128.3115581709093,128.76533375135324,223900
2023-05-08,130.2778778076172,130.64656145706041,129.78629480009045,130.31569965232316,187600
2023-05-09,133.15170288085938,134.0119549238368,132.896455972053,133.70945235675129,401300
2023-05-10,135.74195861816406,136.34697827747848,135.2031199711028,136.07283482981688,506600
2023-05-11,134.8722381591797,134.8816864070493,133.52985129659066,134.15378185132815,272400
2023-05-12,135.439453125,136.93309853264293,134.9762293234834,136.31861621330793,293100
2023-05-15,134.6169891357422,134.6264518082713,133.55820839848937,134.13486885534437,246200
2023-05-16,133.41641235351562,133.97416188926064,133.2935130092714,133.8512625450164,165800
2023-05-17,134.25775146484375,134.408995533595,133.4163959285487,133.4163959285487,164600
2023-05-18,134.7209930419922,134.957329085489,133.89854822656162,134.957329085489,188900
2023-05-19,134.44683837890625,134.65481523384338,133.96471808326447,134.30504253454282,178400
2023-05-22,133.47314453125,133.96472753440102,133.13282005596193,133.91745744134295,194400
2023-05-23,131.92276000976562,132.65067893933156,130.93959415753022,130.97741599597268,230000
2023-05-24,131.7147979736328,132.70741218461714,131.5351802828596,132.70741218461714,223500
2023-05-25,131.9700469970703,132.32926795945042,131.22321705263522,131.50682317805607,197500
2023-05-26,132.4237823486328,132.76410674788622,131.4784383979071,131.55406764494163,171700
2023-05-30,130.2022247314453,131.93220597777668,129.86190031536694,131.93220597777668,231800
2023-05-31,128.689697265625,129.1056509786176,127.76324965948467,129.00166255036945,256900
2023-06-01,132.962646484375,133.1611750991421,131.61081129862245,132.0173023517458,300100
2023-06-02,138.02024841308594,138.3889320613067,137.07490424587303,137.07490424587303,353400
2023-06-05,137.76498413085938,138.4456329996744,137.50975162365782,137.85007605806533,299100
2023-06-06,140.36468505859375,140.6577394156318,138.14313512390822,138.96557985815122,435200
2023-06-07,137.36795043945312,138.04859935324868,137.25451376208932,137.29232117960845,417900
2023-06-08,138.83323669433594,138.9655842928607,137.10325524052968,137.14107708285468,264100
2023-06-09,140.5159454345703,140.98861748116462,139.8258482854883,139.9109257919218,366600
2023-06-12,141.41400146484375,141.68815929491524,140.61046774264378,140.95079214992973,289800
2023-06-13,149.44000244140625,150.4042574970819,148.69317249761596,149.26038474796792,858200
2023-06-14,156.5206298828125,157.380882052729,155.1782285642222,156.8231324945354,952800
2023-06-15,158.9879608154297,159.82933089637461,155.0364294758663,155.16877707037784,569400
2023-06-16,155.3673095703125,157.06891742104062,155.25385846873934,156.93656982321053,420600
2023-06-20,148.56080627441406,150.30969847311124,148.24885544310953,150.026092383484,781100
2023-06-21,147.94635009765625,148.74043567137073,147.61547389620551,148.4190221426967,238600
2023-06-22,148.52301025390625,149.16583730988796,148.16377488450115,148.42847007517668,199500
2023-06-23,144.99688720703125,145.60190687295395,144.4296749593758,145.582995951417,338600
2023-06-26,146.10293579101562,147.11444649270106,145.49791613468614,146.88757313708152,305400
2023-06-27,148.58917236328125,148.61754595589028,146.72685783669968,146.84974275557926,283000
2023-06-28,151.3590545654297,151.82227839838484,150.2151817809028,150.4231586508168,555200
2023-06-29,151.63316345214844,151.84114027464182,150.60274201103368,151.32121264321225,347700
2023-06-30,151.9640655517578,152.39893018889848,151.2550574698678,151.38740506816168,311500
2023-07-03,151.69935607910156,152.73924027126841,151.65208599312945,152.08695058934603,110200
2023-07-05,153.05120849609375,153.43880305038252,152.5312807657333,153.43880305038252,357400
2023-07-06,152.03968811035156,152.38946079939643,151.11325496312676,152.3138315430181,268300
2023-07-07,152.92831420898438,154.06272420777205,152.23820265217702,152.23820265217702,290200
2023-07-10,151.48194885253906,151.63319295075397,150.81074817213482,151.25506106800663,266400
2023-07-11,149.7613983154297,149.8842976542939,148.89168354569492,149.40216297093738,364800
2023-07-12,150.56497192382812,151.5481235263087,150.42316164162693,150.7540378752889,248200
2023-07-13,151.58592224121094,152.10584992219123,151.39684189379417,151.907335752131,286400
2023-07-14,150.45150756835938,151.25505582233802,150.38534098233632,151.22669665335584,255200
2023-07-17,150.735107421875,150.86745501322997,149.52506817954242,150.68783733393275,241300
2023-07-18,154.2707061767578,154.59211970919975,153.02284503931568,153.08902605030408,435500
2023-07-19,155.00808715820312,155.9628795920594,154.733929266679,155.93452042049586,216700
2023-07-20,154.35577392578125,154.69609835767739,153.5238665534117,154.16670800246234,217800
2023-07-21,153.91146850585938,154.73391324566145,153.71295432546867,154.6393874918393,214400
2023-07-24,155.53746032714844,155.9061439413532,155.27276513873508,155.58473041610924,212100
2023-07-25,156.5111541748047,156.73804193330508,155.73597957667047,155.98176382977547,233300
2023-07-26,156.64352416992188,156.94604122453273,155.86834946089397,156.13304467127492,162300
2023-07-27,156.3882598876953,157.61721004252936,156.3410042248523,156.80421357931348,182200
2023-07-28,158.01425170898438,158.62873399450652,157.5794015251925,157.96699604647188,292200
2023-07-31,159.04469299316406,159.35665827011127,158.63818753842466,158.8178052213463,201300
2023-08-01,162.4479217529297,162.93950470895945,161.22843424784702,161.76727286759794,526000
2023-08-02,164.34808349609375,165.78499619417755,163.7241529055852,164.45207192784517,420200
2023-08-03,159.35665893554688,159.4795438574228,157.62667753332795,159.22429691616273,421600
2023-08-04,161.455322265625,162.9867896091991,161.32297466060572,162.30614066201218,207200
2023-08-07,163.91319274902344,163.91319274902344,162.41009927696436,162.91113043431739,230600
2023-08-08,160.98265075683594,161.03938352330823,159.1865026216726,160.12239853356914,431700
2023-08-09,158.0898895263672,159.1581329734288,157.31471486662804,158.74217926219043,320100
2023-08-10,158.49639892578125,160.4438055087551,158.07099695592495,160.28309873902302,192500
2023-08-11,158.13714599609375,158.4774704191765,157.5415746494977,158.2222234956632,146700
2023-08-14,157.58885192871094,157.9669982076223,156.16138759093522,156.539519445041,232500
2023-08-15,156.3504638671875,156.86094334650068,155.86834355756915,156.86094334650068,197400
2023-08-16,153.3726348876953,154.96080608192926,153.1457471064591,153.84530694666586,330700
2023-08-17,153.4104461669922,155.04588749325018,153.30645773440892,154.6204855144302,240600
2023-08-18,153.02285766601562,153.334822976118,151.61430407093178,152.049154315457,273900
2023-08-21,153.89256286621094,154.28962009022993,153.14574735872216,153.29700587979545,197000
2023-08-22,155.97235107421875,157.34309733482874,155.88725912991515,156.77588502191023,156200
2023-08-23,156.842041015625,157.00274777951975,156.08576286068046,156.38826546777466,189700
2023-08-24,153.88311767578125,156.01014198691882,153.88311767578125,155.52802166932474,243400
2023-08-25,155.47129821777344,156.08576611753386,154.50704318947905,155.29168052943558,112000
2023-08-28,158.10877990722656,158.21276832152694,157.13507676641603,157.24851342754212,174800
2023-08-29,158.24114990234375,158.4302158392707,156.4071800220591,156.51116845108987,165000
2023-08-30,158.86508178710938,159.55517895374862,158.43967981931277,158.90288920488413,180200
2023-08-31,162.72207641601562,163.07184909959582,162.24940438963998,162.55190698562154,558600
2023-09-01,163.1096649169922,164.40479614484474,162.52355619003217,164.40479614484474,169900
2023-09-05,165.78497314453125,166.2292859798033,165.08542781437887,165.48247056455298,311600
2023-09-06,169.05587768554688,170.04849182003153,168.39413973749225,169.88778506299008,375600
2023-09-07,169.09368896484375,169.39620599075673,168.0821783121595,168.6021204349438,260700
2023-09-08,167.4488067626953,167.82693863664284,166.77760609791116,166.77760609791116,158900
2023-09-11,168.9046173095703,169.3300192411327,168.0065433596485,168.20505752946852,235900
2023-09-12,171.37197875976562,171.92028007343202,170.1619394554006,170.37936456131453,266900
2023-09-13,173.92440795898438,174.2741950938624,173.35721013925829,173.71643109764284,264300
2023-09-14,177.70578002929688,177.7719610402598,176.07033877385993,176.30667479905975,360500
2023-09-15,178.8590850830078,180.42835961275608,178.6227490788218,180.2487419416059,393600
2023-09-18,178.63221740722656,178.7172949094743,177.48834476383155,178.348611308262,211200
2023-09-19,184.37989807128906,184.95655852161548,183.5007350243747,183.8316112134231,468300
2023-09-20,178.43370056152344,181.997651891155,178.20681278244868,179.7571765441102,477800
2023-09-21,176.1175994873047,177.08185445772844,175.6921975495548,176.95895511522974,328100
2023-09-22,176.87388610839844,178.81182996510015,176.73207583913327,178.14064373491934,396400
2023-09-25,174.73739624023438,175.14390169542872,173.72588557579402,174.88865475494882,348500
2023-09-26,170.63461303710938,172.71436720855607,170.2659294086475,171.30581370677407,451900
2023-09-27,172.4213104248047,174.34035780052932,171.2679894647881,173.24375517874202,398600
2023-09-28,174.36453247070312,174.79465805057964,171.8889075113229,172.55799336723948,278100
2023-09-29,171.8124237060547,173.15059530287618,171.3440563546789,172.55797853642332,222200
2023-10-02,170.57940673828125,171.6690649936461,169.74781507512404,171.38230975066008,236100
2023-10-03,165.98179626464844,166.72735113376697,165.18846100992732,165.66638154577137,447400
2023-10-04,161.96726989746094,162.67459755515054,159.54899310485771,159.78795337752584,861700
2023-10-05,165.39874267578125,166.66045996785016,164.55761239938013,166.1443121751717,485900
2023-10-06,165.5325469970703,166.029588429743,162.40695724664852,165.02595240443398,366200
2023-10-09,166.43106079101562,166.4788557667807,164.3760080979273,164.88260275408356,138200
2023-10-10,169.32723999023438,169.6713433593897,168.22802859194834,168.70594912772094,240400
2023-10-11,170.1683807373047,170.68454307120203,169.18386562391845,170.5029309383484,146700
2023-10-12,173.5807647705078,174.8807093635637,172.51021272712245,174.51748504661342,344000
2023-10-13,169.83384704589844,171.54481085702287,169.25079795107695,171.2198283692599,273400
2023-10-16,171.191162109375,171.6881890245117,170.32134313041723,170.32134313041723,197700
2023-10-17,170.35000610351562,171.74552597547233,169.78606334135475,169.9581077427009,561400
2023-10-18,168.20892333984375,169.90076627771117,167.89349400668345,169.32725574742364,252100
2023-10-19,166.98544311523438,169.0691843705751,166.736929671102,168.82065634146446,313000
2023-10-20,165.81932067871094,167.08103801317898,165.58036038824156,166.82295681567803,196600
2023-10-23,166.13473510742188,167.31998329240682,164.8634647259804,165.4083011401599,182000
2023-10-24,166.43106079101562,166.79428510485553,165.5612564059983,165.57080956715978,185200
2023-10-25,167.44424438476562,169.06918599540984,167.31042720818087,168.45744824745404,237900
2023-10-26,164.03189086914062,165.89577808708592,163.8024837557867,165.32228218116765,214900
2023-10-27,165.17889404296875,167.74055571134883,164.66274627921564,167.60673854408117,283200
2023-10-30,163.83116149902344,165.29359724015703,162.96135716777798,164.66275318798537,251900
2023-10-31,167.44424438476562,167.48248619806319,165.93402821401412,166.3545860654388,334400
2023-11-01,177.576171875,178.1210083441601,172.6535956702077,172.91166228561937,711100
2023-11-02,178.31216430664062,178.47465554725665,175.27258195311904,176.79238042236886,418900
2023-11-03,181.21791076660156,181.4855451079776,179.26800133872212,179.26800133872212,310600
2023-11-06,181.27525329589844,182.1450721709737,180.69218965914192,181.82964286732079,223600
2023-11-07,181.1988067626953,181.2465871503552,179.2775567914923,180.19517067721316,254100
2023-11-08,175.3203887939453,176.65857520692055,174.74689283265226,176.52474343914187,393900
2023-11-09,176.08505249023438,178.68494150634186,175.76007000946547,178.23569501264092,225000
2023-11-10,178.74229431152344,178.83788426011992,175.9990348895504,177.49014474379328,209100
2023-11-13,179.4496307373047,179.69814419677155,177.00266503303,177.31809437676438,246500
2023-11-14,183.59796142578125,183.6266354921685,181.20835866032436,181.98258762273593,453400
2023-11-15,180.7591094970703,182.049500805301,180.50102831842867,180.653966393548,296400
2023-11-16,181.9921417236328,182.3936078250846,181.16056462414963,181.85832455147485,171700
2023-11-17,184.82144165039062,184.88834294536358,183.36855904765886,183.44502808832664,255500
2023-11-20,179.3922576904297,180.20472849131966,177.61440717620712,178.5224533398629,514000
2023-11-21,175.11965942382812,177.2033860814308,173.49471783875077,177.06956890695156,586600
2023-11-22,176.0946044921875,176.43870787690756,175.30125461672247,176.0468095194529,184500
2023-11-24,179.98489379882812,180.17605911431443,178.90478861811147,179.16286981575624,214000
2023-11-27,178.3695068359375,178.70405705226813,177.88203312940604,177.88203312940604,245400
2023-11-28,178.8952178955078,179.04815596687487,177.60482661893622,177.60482661893622,228400
2023-11-29,181.1414337158203,182.79504924793565,181.01718429602025,182.19286471398746,318700
2023-11-30,181.3995361328125,181.6098223570769,180.77824520610875,181.1605758402374,189400
2023-12-01,184.22882080078125,184.29572209429594,181.9634674521882,182.34581264719318,237500
2023-12-04,179.095947265625,180.7591160768891,178.7900856892303,180.02311432544153,331200
2023-12-05,179.68858337402344,180.634856779901,179.22021595905815,179.4113812724188,199600
2023-12-06,181.50465393066406,184.38173020141284,181.42818489750763,183.129580776552,326700
2023-12-07,181.8392333984375,182.33626031649604,179.61212167355288,182.0208309733171,281400
2023-12-08,179.0099334716797,179.3062419013142,177.40412730399106,177.95850234880345,471100
2023-12-11,178.81875610351562,179.42094066830632,178.05408030068162,178.56067492075135,284600
2023-12-12,176.63943481445312,177.03133315834316,175.92255400318098,176.6011930035979,274300
2023-12-13,177.28939819335938,178.06362712914242,174.94759048075042,175.88431064879856,349500
2023-12-14,175.3203887939453,176.61078023056803,173.59031857882917,173.84839978314952,521500
2023-12-15,172.64401245117188,174.95714613130588,172.61533838536266,174.73730676510942,375300
2023-12-18,175.18655395507812,176.056372848101,174.80422335274906,175.7504966982557,294900
2023-12-19,175.82696533203125,176.9261913349144,175.77917036060543,176.63943609133716,201000
2023-12-20,171.99404907226562,174.4792271697871,171.93670094012725,172.48152278041948,429400
2023-12-21,172.87342834472656,173.23665264339868,170.6941117226504,170.885277032749,347200
2023-12-22,170.6463165283203,171.32497015101816,170.1397218939736,170.19707002843123,322800
2023-12-26,171.90802001953125,172.4050468682309,170.64630282288508,170.64630282288508,198500
2023-12-27,172.73960876464844,173.11238621889407,172.1278710298613,172.41462628350672,195500
2023-12-28,173.1123809814453,173.66677056572615,172.95944290613107,173.02635878344765,243000
2023-12-29,175.2821502685547,175.76007083132424,174.30718823671094,175.0431899871699,223200
2024-01-02,173.36090087890625,174.82333663930396,173.1601824094279,174.10645579263925,243700
2024-01-03,173.532958984375,174.4123310682839,172.11831820460665,172.8543053689244,273500
2024-01-04,174.8902587890625,176.06593933594775,174.66085165931324,175.0049550614478,273100
2024-01-05,178.8092041015625,180.37678294428872,177.44234372508177,177.78644710933767,336100
2024-01-08,179.59298706054688,179.85106824617617,178.19745261100923,179.22020960796144,359400
2024-01-09,177.7769012451172,178.41731306724265,177.10780077022986,178.29304905019583,254700
2024-01-10,184.20970153808594,184.29572373836274,181.19880784857384,181.60981252877056,458100
2024-01-11,186.34121704101562,187.80365273769914,185.2228847191387,186.6853204158222,361800
2024-01-12,187.03900146484375,187.3257567455952,186.19787111561342,186.44638458027566,208000
2024-01-16,186.9625244140625,187.82277556740303,185.9110933733328,186.66620142260035,273600
2024-01-17,185.56698608398438,185.80594635320682,184.5060019052376,184.7258412691286,231900
2024-01-18,191.24468994140625,191.4263020848604,189.5337261967382,190.62338447248533,413100
2024-01-19,191.80862426757812,191.83729833265582,190.06900111796273,191.2638024461245,286700
2024-01-22,192.5255126953125,193.03210731173402,191.55055068909584,192.3534682980272,369600
2024-01-23,192.5063934326172,193.07990393175214,191.81818666764636,191.81818666764636,229000
2024-01-24,191.85643005371094,192.7740293578821,191.51232666840224,191.99980038718206,314500
2024-01-25,190.74765014648438,191.86598249831997,189.8778312333974,191.84687617724708,194700
2024-01-26,189.3138885498047,189.45727346777372,188.36761518210753,188.53010642115675,194200
2024-01-29,192.75491333007812,192.93652546664802,190.28884162371412,190.8623375136968,281100
2024-01-30,192.93653869628906,193.47180739763377,192.61154162620556,193.08946219311738,144300
2024-01-31,190.88145446777344,193.41444199727556,190.48955613749538,193.34752612309188,298000
2024-02-01,193.25193786621094,193.4144436806494,190.98659922875038,191.77039589612824,168600
2024-02-02,193.59603881835938,193.69162875684097,191.68435672854255,192.02846008810866,241200
2024-02-05,194.06442260742188,194.2077929423029,192.5159646507946,193.35709492372666,329700
2024-02-06,209.1953887939453,211.97688996267914,202.46627370442602,202.5140540926006,1137700
2024-02-07,213.2003631591797,214.1275302055337,211.1070687882356,212.5217095515991,492700
2024-02-08,216.31640625,216.40242845228084,213.9459243045097,215.37013285495414,323000
2024-02-09,214.548095703125,215.19806063815645,213.8694421174516,213.93635799398703,239100
2024-02-12,215.8862762451172,216.85167052706,213.6878387490817,213.93636677501127,246300
2024-02-13,220.79930114746094,222.29041097745767,217.26269188157517,217.53987939203225,733400
2024-02-14,217.00460815429688,217.12887216700253,214.5672103830142,216.02009296818702,342400
2024-02-15,218.4479217529297,218.5435116983107,216.15390891356492,216.15390891356492,239000
2024-02-16,217.32003784179688,218.4479233637243,216.62227790729978,217.76928433543998,241900
2024-02-20,216.756103515625,218.37147740648135,215.61865020383962,217.721497834756,298500
2024-02-21,217.06195068359375,217.60678710833332,215.82892208888586,217.18621469309105,428000
2024-02-22,224.09693908691406,224.7660249283009,222.72052559321688,223.82930475035934,461300
2024-02-23,224.62266540527344,225.34909941301325,223.99180675948514,224.62266540527344,279000
2024-02-26,227.61444091796875,228.23573178562395,226.09464251705143,227.09827856747535,332900
2024-02-27,227.52841186523438,228.29308767176994,226.14244516993872,227.67179678300985,301000
2024-02-28,226.8115234375,227.671789160417,226.53433594171244,227.42326114525153,168700
2024-02-29,229.92758178710938,230.98856600196066,229.06731603764788,230.2812383304005,257100
2024-03-01,235.17514038085938,235.6530609360501,233.76049962128866,233.85608956631793,338600
2024-03-04,233.07229614257812,233.9803422932532,232.49880021924662,233.4068463699217,281500
2024-03-05,237.23020935058594,238.9507262795505,235.91114394088342,236.7714096978547,314100
2024-03-06,241.25430297851562,242.23881820663368,239.8492153063513,241.01534268848738,331300
2024-03-07,236.99124145507812,237.09638455805197,234.85015216950953,236.0258326227789,359800
2024-03-08,232.09735107421875,234.94575356870843,231.86794395155007,234.18107774479103,379500
2024-03-11,225.06236267089844,226.92624998873814,224.78516057095038,226.92624998873814,379800
2024-03-12,227.44239807128906,227.9107654840341,225.05279520316253,226.3527397468225,242900
2024-03-13,222.54847717285156,223.22711616220323,221.15294279893936,223.10286674139329,298300
2024-03-14,220.77061462402344,223.0550742136458,220.18755098391176,223.0550742136458,224900
2024-03-15,224.25942993164062,224.73735047251273,223.22711981315956,224.5366320129338,179100
2024-03-18,228.1210479736328,228.2835392158114,226.80198254479953,227.08873780128218,194100
2024-03-19,233.53109741210938,234.26708453542113,231.70543746653792,231.96350405446304,347400
2024-03-20,235.82513427734375,235.90160332102712,233.52155356068582,233.87521012586495,214900
2024-03-21,240.37490844726562,240.6712168456743,239.20878117386695,240.3462343819343,245500
2024-03-22,243.5196533203125,243.95933208073333,242.3917531816664,243.73949270052293,285400
2024-03-25,241.26385498046875,242.22924923859227,239.95434275878273,240.97709973415178,196900
2024-03-26,242.51600646972656,243.5387488684883,242.2005771546941,242.67849770747458,214900
2024-03-27,243.76406860351562,245.74589329771433,242.00460526251157,245.26252214065693,242600
2024-03-28,243.3096923828125,244.44079384288182,242.78765803697155,242.78765803697155,124800
2024-04-01,234.09664916992188,234.78304271439376,232.23084355476243,234.77338060157373,527900
2024-04-02,231.91180419921875,232.2501698966366,230.04599868556454,231.05140416289078,296400
2024-04-03,233.73895263671875,234.38666820900954,231.53478136789383,231.53478136789383,307400
2024-04-04,231.20608520507812,235.56608753931104,231.07074187711328,235.11171749157552,196300
2024-04-05,232.73353576660156,233.78728128417876,230.64536895559849,231.05139893251862,191100
2024-04-08,236.088134765625,237.6639146249405,235.23739685294285,235.3050611407337,218900
2024-04-09,238.71766662597656,240.20645801354408,237.50923876328972,239.61674462650024,232400
2024-04-10,236.64883422851562,237.9346032201957,235.74977099635385,237.8185988679984,214600
2024-04-11,238.7756805419922,238.93034809546407,236.33948587118297,238.30197151532147,172500
2024-04-12,234.88937377929688,237.11288398139433,234.56068494325478,236.86152154686613,207700
2024-04-15,233.63259887695312,237.88627364758096,233.30391005073605,237.5382458459052,158400
2024-04-16,228.6538848876953,229.47560696301633,226.83640470717017,228.43152354556463,306100
2024-04-17,226.18869018554688,227.4647823117901,225.26061111538385,226.7880656727735,306800
2024-04-18,224.1295166015625,226.3240256090965,223.994173278486,225.95665883875344,220200
2024-04-19,221.11329650878906,222.1477030826029,219.8178653877705,221.86735431065458,425700
2024-04-22,222.6407470703125,223.46246914658323,220.30123255401574,220.59124343310168,448100
2024-04-23,222.74710083007812,222.96944743264908,220.24324176902934,220.51392843772018,362000
2024-04-24,225.13494873046875,226.20803326010898,224.11986637789283,225.10594764193658,273400
2024-04-25,217.8650360107422,217.9907172247944,214.99381032229712,215.58352369015694,319100
2024-04-26,219.17015075683594,219.43116055383106,217.10132284911703,217.5170149526167,242100
2024-04-29,220.35923767089844,220.85227092324124,219.62450409723087,220.41723984748975,228200
2024-04-30,219.75018310546875,222.2927199968228,219.4504953618812,222.2927199968228,334200
2024-05-01,219.28616333007812,221.22931009267822,219.0251387719829,220.7169378405799,264600
2024-05-02,223.12411499023438,223.71382835474276,221.74166589746525,222.64074386363131,228100
2024-05-03,225.12527465820312,225.58932158310512,223.66549909582227,224.34221575549165,165200
2024-05-06,227.76449584960938,227.84182225383202,225.8020101256543,225.8503354404642,208200
2024-05-07,223.56881713867188,225.52164069889128,223.23046618726005,225.52164069889128,248900
2024-05-08,224.07151794433594,224.69989450748577,219.45049116079107,223.4334645178257,371600
2024-05-09,219.68251037597656,220.4462302496017,219.18946239621783,219.943520157985,329000
2024-05-10,211.5038604736328,213.70803154222727,210.88514604650658,213.58235033394186,563900
2024-05-13,208.4683074951172,209.9087588223177,208.13961865577747,209.8797577336299,466000
2024-05-14,209.89907836914062,210.3727873951354,209.0193541084596,209.29970287808655,268500
2024-05-15,212.24826049804688,212.62528937938407,211.03983270513078,211.619869194941,280900
2024-05-16,208.45863342285156,209.82172876692465,208.42963233582762,209.62838326965974,296800
2024-05-17,212.45127868652344,213.08933213327379,211.80356312742228,212.61562310438643,265700
2024-05-20,213.1666717529297,213.7370461551726,212.58662048708902,212.9829883603696,175500
2024-05-21,212.06459045410156,213.1086739030213,211.90024603408412,212.48995942417812,145600
2024-05-22,209.42538452148438,210.37278782408922,209.08701882346725,210.23744449514567,166500
2024-05-23,207.5789031982422,210.8368199560303,207.18253532378205,210.8368199560303,260700
2024-05-24,209.62838745117188,209.80240872810268,208.7679874325618,208.91300762189016,134400
2024-05-28,211.44586181640625,212.22892066283163,210.17943185477353,211.7165484608171,262200
2024-05-29,206.83450317382812,208.20727541019605,206.63149556036066,208.20727541019605,191300
2024-05-30,207.0471954345703,207.76259004294553,206.19645749502322,206.41881884369732,278900
2024-05-31,210.27610778808594,210.27610778808594,208.3716243184116,209.67673229554643,254000
2024-06-03,205.11370849609375,206.43814070391284,204.15662832506652,205.22971284967892,351400
2024-06-04,203.38323974609375,204.3113040475045,203.05453616933286,203.9826152220597,224100
2024-06-05,201.40142822265625,201.63345168869415,199.42926563962666,201.082401488598,338400
2024-06-06,203.05453491210938,203.92461178452544,202.3198161154319,202.61950385155936,245800
2024-06-07,199.4969482421875,200.79237942688522,199.34226592873537,199.6322915786288,537500
2024-06-10,201.1017303466797,201.6721047434257,200.38633575921287,200.59902023788365,268900
2024-06-11,198.4818572998047,200.11565413093945,197.69879840472038,199.63228298569564,250200
2024-06-12,198.810546875,200.61836499580656,198.74288258509978,200.61836499580656,245000
2024-06-13,192.72007751464844,193.71582087310617,191.58897607706402,193.5901396575265,528000
2024-06-14,190.57391357421875,191.21195227872303,188.92077775710362,189.96486120717896,483100
2024-06-17,188.7080841064453,189.1624541437056,186.77459960791344,186.77459960791344,453500
2024-06-18,187.68333435058594,188.25370872113336,187.01627985733208,187.44164879513545,347600
2024-06-20,188.0700225830078,188.26338282558743,186.88093379798335,187.54798828146295,234500
2024-06-21,187.14198303222656,187.741358559674,186.9486375154355,187.2579873920377,284400
2024-06-24,192.3623809814453,192.79741207128802,190.70925988977956,190.9316064910206,375500
2024-06-25,199.36158752441406,199.73861641100908,198.3078420146121,198.66553192588233,517200
2024-06-26,196.42269897460938,197.42811925571053,195.64931691384513,196.78040366659596,306100
2024-06-27,197.09942626953125,198.12417075472987,196.5773771630192,196.6353793412279,284100
2024-06-28,198.15316772460938,199.4099356478339,197.61179440415984,198.24984785382534,273900
2024-07-01,196.93507385253906,198.30784610257638,196.45170271866746,197.9888193840632,267500
2024-07-02,199.35194396972656,199.35194396972656,197.94049366594894,198.18217925040065,259300
2024-07-03,199.39059448242188,199.44859665878795,198.34651105388323,199.02322769701482,212300
2024-07-05,199.5839385986328,199.6806187261145,198.2691685219902,199.42925629518865,190500
2024-07-08,198.12417602539062,198.82989379789862,197.5054615225102,197.91149153208946,200500
2024-07-09,194.96292114257812,196.4323735936062,194.96292114257812,196.24869019331305,230600
2024-07-10,199.03289794921875,199.3229088214156,197.00273333594475,197.82447014401183,209100
2024-07-11,196.95440673828125,198.81055020381658,196.95440673828125,198.4818613586453,246300
2024-07-12,200.68603515625,201.91380203600286,199.17791949359528,199.6612906547701,218200
2024-07-15,200.02865600585938,201.28542396605565,199.8836358077692,201.25640812538396,207800
2024-07-16,199.7289581298828,199.93196574508065,198.839542263676,199.37125346043564,206000
2024-07-17,197.5924530029297,198.32717182147707,196.54836957574142,197.92114183612327,266300
2024-07-18,193.20346069335938,195.49463529672573,192.90375817973205,195.21427176008152,292900
2024-07-19,190.59323120117188,192.65239694125637,190.47722685006275,192.65239694125637,236400
2024-07-22,193.48379516601562,193.49345727813377,191.5309716720653,192.0916839525586,315500
2024-07-23,194.11216735839844,194.6342164273352,193.37744856844273,193.52245400352746,283800
2024-07-24,190.64157104492188,193.14542996225063,190.52556669394642,193.14542996225063,211400
2024-07-25,188.7564239501953,190.86391497051844,187.28697160264733,190.86391497051844,212100
2024-07-26,186.1172332763672,186.42658314425873,184.17407179634162,184.3964331481416,317100
2024-07-29,186.07855224609375,186.7746078764851,185.43083668056894,186.58126236833567,205900
2024-07-30,186.68760681152344,188.97878135030604,185.87554681693175,188.47608597345416,284200
2024-07-31,187.11297607421875,188.4084072225418,186.48458472520815,187.72201369544464,372300
2024-08-01,173.1145477294922,178.53795777686236,172.6311765879027,175.53140343743965,820900
2024-08-02,167.2657470703125,168.1068081015834,165.79629473009132,167.94246369037623,674200
2024-08-05,162.75106811523438,165.26458918281836,153.7506851317975,155.53916424347472,1023900
2024-08-06,163.95948791503906,164.82955002048598,162.01632659419008,164.25917564577486,489800
2024-08-07,161.61997985839844,166.85973640463484,161.50397549619848,165.90265616253205,444600
2024-08-08,163.7371368408203,164.44286933305432,162.0260136094722,163.54379133319708,254900
2024-08-09,162.9830780029297,163.843478045023,161.20427574195512,161.91967034207855,274400
2024-08-12,162.38369750976562,163.93049101598032,161.98732964549214,163.37944085082214,296500
2024-08-13,166.65670776367188,166.9177323201414,165.09058992748894,165.3612765966732,429100
2024-08-14,171.123046875,172.08978916179439,170.08864029881465,171.1037226502121,350400
2024-08-15,175.7440643310547,176.25645128658488,174.75799787274542,175.87940765384118,693500
2024-08-16,176.59481811523438,177.16519254465814,175.94710252992513,176.17912599758162,337300
2024-08-19,177.59056091308594,177.68724104543824,176.64315757156533,177.41655437643234,242700
2024-08-20,175.3090362548828,177.5228842703954,175.08668966752276,176.77848860676175,180400
2024-08-21,177.51321411132812,178.24794769067492,176.72049310625832,178.03526320731837,298400
2024-08-22,175.46372985839844,177.60023686130333,175.2800464586665,177.2715332637908,179800
2024-08-23,178.934326171875,179.81406519243353,177.39720947748148,177.96758388589416,241700
2024-08-26,174.56466674804688,175.78275675341115,174.39064546081366,174.7193343073111,337400
2024-08-27,179.57237243652344,180.15242368543161,179.08900131287197,179.19534355012792,657300
2024-08-28,181.42852783203125,183.90338578930124,180.9161555870332,183.2943481639418,366200
2024-08-29,181.52520751953125,182.8593018752632,181.11917751984615,181.85389636432632,215500
2024-08-30,183.48768615722656,184.30940823755324,182.13423812577417,183.68103166134364,240700
2024-09-03,179.9590606689453,183.39099854438507,179.4273642421537,181.55419420326757,329700
2024-09-04,178.5669708251953,179.7560596845489,177.5132105420021,177.8032361726854,218100
2024-09-05,176.72048950195312,177.3102028753566,175.72474614623653,176.71081263843277,224600
2024-09-06,171.2873992919922,175.51207331345333,171.00705050631004,175.16404548390327,288600
2024-09-09,170.22398376464844,171.20038816461536,168.77387033330055,169.7599515969858,408300
2024-09-10,168.3871612548828,169.94361689729612,165.89297918318996,168.91887245284693,479200
2024-09-11,168.8802032470703,169.03488554485304,164.8392130375626,166.65669315822007,415200
2024-09-12,170.32064819335938,171.30672945154882,168.51284484610918,169.72127269883077,266800
2024-09-13,169.5569305419922,170.32065046451683,169.04455830571126,169.17023952449154,217700
2024-09-16,170.3689727783203,170.7363395325907,169.2475630438845,169.86627745821002,274300
2024-09-17,167.39141845703125,168.7835296885955,165.62229308084443,166.64703752871355,502500
2024-09-18,170.83303833007812,172.582839532934,169.81795596477613,169.81795596477613,563800
2024-09-19,177.3682098388672,178.53795975372856,176.91383978063672,178.16093084916676,494500
2024-09-20,177.94825744628906,178.76997952835524,176.4691281959371,178.44129069552875,533900
2024-09-23,179.23402404785156,179.63039194781626,178.00627189623034,178.60564742698455,357800
2024-09-24,177.42620849609375,178.7216396038795,177.02017851087655,177.02017851087655,285000
2024-09-25,178.03526306152344,178.69264073585683,177.39720961197636,177.89024286772639,213800
2024-09-26,183.06231689453125,184.1064003166159,182.2019168640147,182.27925801579684,449700
2024-09-27,176.7398223876953,179.03099676298444,175.65706105418644,178.2382610500818,575200
2024-09-30,175.12266540527344,176.3485338197779,173.9458197559779,175.97586503322003,458600
2024-10-01,174.62249755859375,176.50542960490486,173.4554684601529,176.50542960490486,391200
2024-10-02,177.01539611816406,177.1232731354196,175.10304441610145,175.54435404515993,295100
2024-10-03,172.76898193359375,173.50450295191115,172.00404127168073,173.50450295191115,394700
2024-10-04,176.54466247558594,177.02519329711143,174.52443380626522,174.85786640981624,309500
2024-10-07,173.89678955078125,174.77940878577695,173.44566340929038,174.35770228783835,228700
2024-10-08,172.3668975830078,173.57316285572406,171.27832585166252,172.3374779387185,325900
2024-10-09,170.63107299804688,170.99392524160416,168.48334925158045,169.54250130316169,416300
2024-10-10,170.984130859375,171.20968645557778,169.4248148777444,169.50327225125275,241400
2024-10-11,170.69972229003906,171.15084845004174,168.4833575876091,168.73833283026298,344400
2024-10-14,171.7196502685547,172.00404515113118,170.7193374711018,170.85663413238248,316100
2024-10-15,166.27679443359375,168.3656640324419,166.04142231132022,168.2970231827459,858900
2024-10-16,168.18914794921875,168.4833593641302,167.21825476927526,167.46342845433242,507900
2024-10-17,167.89492797851562,169.43462582503568,167.79686748801836,169.15021598490273,516200
2024-10-18,168.21856689453125,168.61083880330526,167.39478690757733,168.3852832039709,400300
2024-10-21,165.9041290283203,166.9730827141932,165.40398009303837,166.81618292702774,420200
2024-10-22,166.64944458007812,167.01231179777412,166.02180056540442,166.30621041073948,393100
2024-10-23,168.02243041992188,169.03254479789095,167.0417356868091,168.67949409540176,398000
2024-10-24,167.13978576660156,168.09106079558126,166.03161096290341,167.0809464805555,288500
2024-10-25,168.6794891357422,169.66018384001976,168.27740071557713,168.58141367962898,273900
2024-10-28,173.22010803222656,173.46528170493744,171.92558385749078,172.30805418835118,457000
2024-10-29,172.63168334960938,173.73005660282877,172.24921302291952,173.09261104641678,357100
2024-10-30,171.82752990722656,172.92590321423046,171.8177133828479,172.84744584027104,222800
2024-10-31,169.6798095703125,171.26853027428584,168.875632693744,171.26853027428584,234800
2024-11-01,169.49346923828125,170.33686729099904,168.94428259264433,169.34635605263392,234200
2024-11-04,169.365966796875,170.5329958503834,168.96387839009742,169.66017819120526,253400
2024-11-05,171.35678100585938,171.43523837768626,169.3071326711028,169.66998492211528,353400
2024-11-06,171.7686767578125,172.60227326780287,168.6991124145677,171.86675221694574,633000
2024-11-07,175.00497436523438,176.21122471238206,173.8379452236577,175.54435946817497,638000
2024-11-08,168.7089080810547,171.17044639148045,168.48335248998475,170.98412696837877,504100
2024-11-11,170.73895263671875,171.42543593138737,169.15021705281305,169.15021705281305,310300
2024-11-12,171.6117706298828,173.30836826783596,170.50358083233783,172.44535214484776,324700
2024-11-13,169.02273559570312,169.58172378691276,167.98318665566455,168.98349942819272,268600
2024-11-14,170.13092041015625,171.268529907356,169.66999268222557,169.92498289337868,424900
2024-11-15,169.50326538085938,170.1995651898894,168.46373141138318,169.88573570857636,282200
2024-11-18,171.40582275390625,172.4257536473635,169.50327259406947,169.66018734140349,285500
2024-11-19,172.00404357910156,172.6905268792309,171.62157324301427,171.8177091910207,254600
2024-11-20,169.57192993164062,170.8468360778135,168.45393853421209,170.41532800087367,295500
2024-11-21,170.03285217285156,170.89585333470038,169.6405653136352,169.70922112557815,314700
2024-11-22,171.0331573486328,171.40582613985936,169.30713998650452,169.41501700690094,368900
2024-11-25,172.435546875,173.15144979932325,171.78828479668482,172.47476807783127,347900
2024-11-26,169.189453125,170.08187392545804,168.98350065460906,169.85631833538304,410700
2024-11-27,166.44351196289062,167.06135443575698,165.85508913499748,166.79656266678367,478500
2024-11-29,167.3359375,167.3359375,166.14929035675388,166.5219591225063,247700
2024-12-02,172.4159393310547,172.73957038999544,169.81710426348897,170.00343865780766,634900
2024-12-03,172.60226440429688,173.3475869771077,172.18057287294968,173.28874769033493,412200
2024-12-04,171.40582275390625,172.84744519608304,170.88605574704948,172.84744519608304,400500
2024-12-05,171.0331573486328,172.74937315043934,171.0331573486328,172.19038492781377,405500
2024-12-06,172.55323791503906,172.8376477719146,171.90597578995784,172.4649789791319,290600
2024-12-09,173.59275817871094,175.15207407707453,172.80821441394977,172.9455110692043,376000
2024-12-10,172.31787109375,173.92620979172446,171.95500388166965,173.59276222329748,237100
2024-12-11,174.71075439453125,174.99516423679933,173.07299604521884,173.8771728800861,290100
2024-12-12,173.48489379882812,175.14227030636317,173.40645138801068,174.50482471002547,214100
2024-12-13,172.4649658203125,172.86705422771885,171.67060552932782,172.76897877471768,225800
2024-12-16,170.88604736328125,171.5921487274287,170.4937754784052,171.19987684255267,327400
2024-12-17,169.93478393554688,171.258727824794,169.93478393554688,170.64088534791676,421000
2024-12-18,170.26820373535156,175.9071980851524,170.19956288987524,173.90658754356377,457900
2024-12-19,170.84683227539062,172.40613327527092,170.4153242080546,171.48427785218283,404500
2024-12-20,174.73037719726562,176.44659296444135,172.44535669440597,172.44535669440597,425700
2024-12-23,176.9663543701172,177.13307067223204,174.53423572130427,175.6620286326397,422700
2024-12-24,177.92742919921875,178.2118390373207,177.33902136779676,177.50573766824365,168600
2024-12-26,193.54991149902344,194.17755552437205,189.40157700280085,192.1867464300219,1281200
2024-12-27,195.668212890625,197.11963687264273,194.35407060533828,196.49199285629342,779500
2024-12-30,191.8827362060547,194.17755830368685,191.83369847626648,194.17755830368685,463600
2024-12-31,190.85299682617188,192.7751650290791,190.19593317060318,191.5787162938007,442600
2025-01-02,189.39175415039062,191.03932901451472,188.29338088378353,190.64704215914543,615500
2025-01-03,191.4806365966797,191.72581026709798,189.49962914972025,190.4411026283803,611300
2025-01-06,186.71446228027344,189.53886778887565,186.175077205476,189.27407603139082,664400
2025-01-07,189.39175415039062,191.20604531646663,188.7052708587612,190.83337654491916,585500
2025-01-08,188.832763671875,189.29369136872197,187.82264934837116,189.23485208218207,436500
2025-01-10,179.9280548095703,182.7524602870803,179.88881864226417,182.1051982044487,473000
2025-01-13,179.71231079101562,179.95748447558728,177.97647691426843,178.72181449246327,310700
2025-01-14,181.8306121826172,182.35037918866942,181.0166337668225,181.97771040538143,326000
2025-01-15,181.2716064453125,183.03685991460029,180.438024921075,182.68380922074272,416600
2025-01-16,177.97647094726562,178.82968551663492,177.75091535500187,178.01570711544156,422400
2025-01-17,177.2899932861328,177.88821767402982,176.25045925960686,176.7800278331188,432000
2025-01-21,183.32125854492188,183.32125854492188,180.89895633089606,180.89895633089606,330400
2025-01-22,182.91917419433594,183.8802507817757,182.80148065817068,183.3899034463576,247800
2025-01-23,182.67401123046875,183.09570278081515,181.47756246480532,182.41902102401374,237700
2025-01-24,183.0074462890625,183.84104280492835,181.82079906772827,182.38960381343927,278900
2025-01-27,182.89956665039062,183.44875330343123,182.23270141861676,183.19377806143783,308100
2025-01-28,181.71292114257812,182.80149289866617,180.5949297415321,182.55631921454017,382600
2025-01-29,183.37030029296875,184.4098343344198,182.87995291762658,183.9979443348381,258200
2025-01-30,187.28326416015625,188.0187851698555,186.10643353748011,187.25384451690533,410100
2025-01-31,185.2826385498047,188.13646365755497,184.65499455371446,187.80303105805368,420200
2025-02-03,180.10458374023438,182.27192570861214,177.6430453200438,179.0944693511058,477900
2025-02-04,183.93910217285156,183.93910217285156,182.22288638594353,182.96822396192633,408400
2025-02-05,191.57872009277344,192.82419161654815,188.68565868901987,190.3920728938811,586000
2025-02-06,186.8223419189453,187.90111208369032,185.99856195543842,187.55786295012226,364100
2025-02-07,180.42820739746094,184.07639289237648,179.78096026581872,183.52720625257646,478400
2025-02-10,181.48736572265625,182.77207343447287,181.21277239330067,182.3699999649113,172400
2025-02-11,182.15423583984375,182.66418630086062,180.62433956415325,180.62433956415325,237300
2025-02-12,179.16311645507812,179.97709484868437,178.02550701599853,178.43739699272456,269100
2025-02-13,180.45762634277344,181.5756177020989,179.9182562291954,180.30072656359062,237800
2025-02-14,180.68319702148438,182.15423907235038,179.91825635217114,181.42851960680625,231500
2025-02-18,180.5164794921875,181.15392505754838,180.17323036363103,180.90875138406906,206900
2025-02-19,176.6231231689453,177.80975538749615,176.1327758141889,177.79995382751795,347900
2025-02-20,177.19190979003906,177.29978680474116,175.91701866164934,177.01539192827929,176200
2025-02-21,173.6908416748047,176.6917651102029,173.5241253688619,176.6917651102029,638900
2025-02-24,173.21029663085938,174.36752418167026,172.60227069310258,174.14196858608528,237800
2025-02-25,175.9954833984375,177.43709088911632,174.70095916783404,177.2115352904678,263300
2025-02-26,177.71170043945312,179.52597673012676,177.66266270960483,178.1824297247256,250400
2025-02-27,178.7610321044922,182.11500624630887,178.73161246007209,181.43832449621874,277300
2025-02-28,177.97647094726562,178.02550867537872,175.66203084393678,176.2210340088413,363400
2025-03-03,180.2418670654297,185.45916989989962,179.3102101204781,184.69422925337403,523700
2025-03-04,177.1723175048828,179.46713963337353,174.87749537639212,178.99641034234799,436200
2025-03-05,188.63662719726562,189.1956153820333,185.92990031034873,186.77329833154246,634500
2025-03-06,183.8900604248047,186.25353827682466,183.3408737792694,184.87075513875018,467600
2025-03-07,186.50851440429688,186.82234389707787,183.8214204523754,185.9299081117225,280400
2025-03-10,184.71385192871094,187.2146114314825,183.15453598967872,186.37121339457576,347800
2025-03-11,180.96759033203125,182.5955471122921,179.46712865028886,182.10519976625307,294900
2025-03-12,182.0659637451172,182.92897986338866,180.9675904776542,182.92897986338866,255500
2025-03-13,179.43771362304688,181.30102760024724,178.7610318738299,180.25169203411846,363800
2025-03-14,183.0662841796875,183.27223665805874,181.76195838790707,182.16404682021366,274500
2025-03-17,184.77268981933594,185.8416434382025,182.84072008619222,182.938780576497,307000
2025-03-18,186.52813720703125,187.31269599461592,185.29246721742996,186.2339257911602,274600
2025-03-19,189.411376953125,189.98018168442132,188.0580134557574,188.76411484880015,280800
2025-03-20,188.46009826660156,188.930827531531,186.5281285149412,186.73408098571792,258700
2025-03-21,187.0184783935547,187.92071573196276,185.8220296490059,186.3319950887022,229100
2025-03-24,188.7543182373047,188.98969036256094,187.7049676802782,187.7049676802782,186300
2025-03-25,189.28387451171875,189.76442029130445,188.22472246322448,189.05831892564163,167400
2025-03-26,185.6259002685547,187.9991797574378,185.42976431225796,187.9991797574378,224800
2025-03-27,180.42820739746094,181.65407577709078,178.99640151001287,180.93817283336676,484800
2025-03-28,175.61300659179688,178.10396453816668,174.3577036124376,176.71137986399603,459400
2025-03-31,176.52999877929688,177.2899932861328,174.66000366210938,175.75,335900
2025-04-01,174.4199981689453,175.8000030517578,173.3699951171875,175.8000030517578,474600
2025-04-02,177.30999755859375,178.3000030517578,175.24000549316406,176.11000061035156,307900
2025-04-03,168.07000732421875,171.5399932861328,167.5,170.49000549316406,614100
2025-04-04,158.6300048828125,161.44000244140625,156.72999572753906,159.99000549316406,919500
2025-04-07,160.33999633789062,166.11000061035156,155.0,155.25,1022600
2025-04-08,159.32000732421875,167.86000061035156,157.61000061035156,167.27000427246094,624500
2025-04-09,174.13999938964844,174.47999572753906,160.0,160.91000366210938,1149100
2025-04-10,167.22000122070312,169.67999267578125,163.7100067138672,169.4499969482422,736000
2025-04-11,169.4199981689453,170.0,165.86000061035156,167.44000244140625,486800
2025-04-14,172.0,173.07000732421875,168.92999267578125,169.11000061035156,423600
2025-04-15,174.24000549316406,176.5,173.94000244140625,174.5500030517578,427800
2025-04-16,175.10000610351562,177.47000122070312,173.72000122070312,175.64999389648438,384600
2025-04-17,176.3800048828125,177.82000732421875,175.33999633789062,175.33999633789062,330100
2025-04-21,174.52000427246094,175.6999969482422,172.66000366210938,175.52999877929688,331600
2025-04-22,178.6999969482422,179.0,176.58999633789062,176.64999389648438,359400
2025-04-23,181.42999267578125,184.05999755859375,181.25999450683594,182.5,336200
2025-04-24,186.61000061035156,186.82000732421875,183.64999389648438,185.49000549316406,433900
2025-04-25,188.2100067138672,188.4600067138672,186.00999450683594,188.07000732421875,378200
2025-04-28,193.1300048828125,194.5399932861328,192.3800048828125,193.89999389648438,554200
2025-04-29,195.38999938964844,195.77999877929688,193.58999633789062,194.67999267578125,422000
2025-04-30,191.22000122070312,191.74000549316406,188.5500030517578,189.91000366210938,343700
2025-05-01,190.5800018310547,191.8699951171875,190.27000427246094,191.22999572753906,327000
2025-05-02,192.24000549316406,192.97000122070312,190.72000122070312,192.97000122070312,225500
2025-05-05,192.47999572753906,193.8800048828125,192.08999633789062,192.08999633789062,203900
2025-05-06,192.42999267578125,193.6699981689453,191.85000610351562,192.17999267578125,301400
2025-05-07,188.89999389648438,190.22999572753906,188.3800048828125,189.82000732421875,302900
2025-05-08,187.9199981689453,191.41000366210938,185.5399932861328,185.82000732421875,709800
2025-05-09,187.52999877929688,187.82000732421875,186.10000610351562,186.44000244140625,465200
2025-05-12,192.32000732421875,192.91000366210938,190.6999969482422,190.97000122070312,387500
2025-05-13,193.97000122070312,194.3300018310547,192.22000122070312,192.75,370500
2025-05-14,187.0,188.61000061035156,186.49000549316406,188.1699981689453,487800
2025-05-15,183.4499969482422,183.80999755859375,181.9499969482422,182.3000030517578,451300
2025-05-16,183.19000244140625,183.6300048828125,182.19000244140625,182.5800018310547,355700
2025-05-19,185.32000732421875,185.32000732421875,183.0500030517578,183.19000244140625,289400
2025-05-20,186.36000061035156,186.4199981689453,185.41000366210938,186.14999389648438,309900
2025-05-21,184.47000122070312,186.6999969482422,184.30999755859375,185.72000122070312,257100
2025-05-22,182.82000732421875,183.75999450683594,181.1300048828125,181.99000549316406,378800
2025-05-23,182.3000030517578,182.33999633789062,180.66000366210938,181.25,485200
2025-05-27,186.67999267578125,186.9499969482422,185.0399932861328,185.0399932861328,331000
2025-05-28,182.8800048828125,183.8300018310547,182.44000244140625,183.0,400900
2025-05-29,186.11000061035156,186.99000549316406,184.8699951171875,186.47999572753906,392400
2025-05-30,190.57000732421875,191.3000030517578,189.3000030517578,190.13999938964844,396600
2025-06-02,189.13999938964844,189.13999938964844,187.8000030517578,187.8000030517578,375000
2025-06-03,191.39999389648438,192.4499969482422,188.60000610351562,189.0,577300
2025-06-04,187.9600067138672,190.16000366210938,187.9600067138672,189.5399932861328,598100
2025-06-05,184.39999389648438,185.9499969482422,183.6199951171875,185.44000244140625,508400
2025-06-06,185.13999938964844,185.66000366210938,184.69000244140625,184.94000244140625,307800
2025-06-09,183.94000244140625,184.3300018310547,183.02000427246094,183.63999938964844,335800
2025-06-10,185.25,185.3300018310547,183.42999267578125,184.0,405700
2025-06-11,182.61000061035156,184.5800018310547,182.61000061035156,184.27000427246094,322000
2025-06-12,181.99000549316406,182.39999389648438,181.32000732421875,182.25,385700
2025-06-13,178.75,179.97999572753906,178.1699981689453,178.5,431900
2025-06-16,177.6699981689453,179.33999633789062,177.6699981689453,178.02999877929688,433800
2025-06-17,173.9499969482422,175.52000427246094,173.4499969482422,175.52000427246094,555400
2025-06-18,175.58999633789062,177.44000244140625,175.58999633789062,176.4499969482422,458600
2025-06-20,172.39999389648438,173.36000061035156,171.88999938964844,173.3000030517578,469300
2025-06-23,170.8800048828125,171.0500030517578,169.1999969482422,170.0500030517578,622800
2025-06-24,171.5800018310547,172.38999938964844,171.50999450683594,171.8000030517578,400200
2025-06-25,169.14999389648438,170.02999877929688,169.07000732421875,169.9199981689453,468400
2025-06-26,170.6300048828125,170.91000366210938,169.6199951171875,170.10000610351562,335400
2025-06-27,175.74000549316406,176.72000122070312,174.89999389648438,175.47999572753906,513000
2025-06-30,172.25999450683594,173.52000427246094,171.6999969482422,172.67999267578125,521900
2025-07-01,171.5399932861328,173.16000366210938,170.66000366210938,170.8000030517578,857100
2025-07-02,172.00999450683594,172.2899932861328,171.11000061035156,171.44000244140625,441900
2025-07-03,174.88999938964844,175.25,174.00999450683594,174.38999938964844,335000
2025-07-07,167.86000061035156,170.6999969482422,167.17999267578125,170.1999969482422,991800
2025-07-08,170.1999969482422,170.32000732421875,168.60000610351562,168.60000610351562,485700
2025-07-09,170.5399932861328,170.6199951171875,169.35000610351562,170.19000244140625,336000
2025-07-10,170.38999938964844,170.91000366210938,169.50999450683594,169.50999450683594,668600
2025-07-11,170.25999450683594,170.55999755859375,169.75,170.25999450683594,262100
2025-07-14,172.13999938964844,172.32000732421875,171.07000732421875,171.24000549316406,329400
2025-07-15,170.02000427246094,171.97999572753906,170.02000427246094,171.89999389648438,335000
2025-07-16,169.8800048828125,169.88999938964844,168.0399932861328,169.02000427246094,400000
2025-07-17,170.47999572753906,170.64999389648438,169.0,169.0,268700
2025-07-18,168.64999389648438,170.16000366210938,168.50999450683594,170.10000610351562,338200
2025-07-21,170.02999877929688,171.02000427246094,169.44000244140625,169.9199981689453,303700
2025-07-22,169.99000549316406,170.0,169.25999450683594,169.5399932861328,415000
2025-07-23,193.17999267578125,193.19000244140625,190.63999938964844,191.05999755859375,1923000
2025-07-24,191.66000366210938,193.25999450683594,191.52000427246094,192.86000061035156,678500
2025-07-25,188.49000549316406,188.8699951171875,187.11000061035156,188.74000549316406,414000
2025-07-28,187.17999267578125,188.4600067138672,187.0,188.4600067138672,253400
2025-07-29,184.27000427246094,185.25999450683594,183.85000610351562,185.0,370400
2025-07-30,182.75,184.4499969482422,182.1999969482422,184.2100067138672,357500
2025-07-31,178.97000122070312,180.7899932861328,178.6699981689453,180.22999572753906,807300
2025-08-01,179.69000244140625,180.94000244140625,177.77000427246094,180.94000244140625,475600
2025-08-04,182.30999755859375,182.3800048828125,181.22999572753906,181.22999572753906,339900
2025-08-05,181.5,182.85000610351562,181.19000244140625,182.25,385800
2025-08-06,183.99000549316406,185.17999267578125,183.6199951171875,184.72999572753906,342100
2025-08-07,181.49000549316406,182.99000549316406,180.5399932861328,181.86000061035156,421600
2025-08-08,188.63999938964844,189.22999572753906,187.22999572753906,187.3800048828125,506900
2025-08-11,189.1300048828125,190.02000427246094,187.92999267578125,188.67999267578125,279700
2025-08-12,193.97000122070312,194.4199981689453,192.91000366210938,193.17999267578125,386300
2025-08-13,194.39999389648438,194.6300048828125,193.64999389648438,193.64999389648438,354500
2025-08-14,192.47999572753906,192.5800018310547,190.6699981689453,191.11000061035156,421300
2025-08-15,193.66000366210938,194.8000030517578,193.38999938964844,194.42999267578125,278800
2025-08-18,197.8300018310547,197.8800048828125,195.6699981689453,196.0,330600
2025-08-19,198.60000610351562,199.67999267578125,198.32000732421875,198.4499969482422,290000
2025-08-20,199.19000244140625,199.52000427246094,198.63999938964844,199.0500030517578,267800
2025-08-21,197.27000427246094,197.3300018310547,196.49000549316406,196.6300048828125,253700
2025-08-22,201.3699951171875,201.8000030517578,198.5,198.5,410500
2025-08-25,198.3699951171875,199.99000549316406,198.2100067138672,199.4499969482422,297600
2025-08-26,197.35000610351562,197.3699951171875,196.02000427246094,196.1999969482422,221100
2025-08-27,196.74000549316406,196.74000549316406,195.52999877929688,195.86000061035156,244600
2025-08-28,198.25,198.72000122070312,197.72999572753906,198.08999633789062,251300
2025-08-29,194.57000732421875,195.08999633789062,194.02999877929688,194.22000122070312,331800
2025-09-02,193.57000732421875,193.57000732421875,191.7899932861328,192.1699981689453,249800
2025-09-03,193.00999450683594,193.3300018310547,192.47000122070312,192.55999755859375,317000
2025-09-04,197.63999938964844,197.8699951171875,195.57000732421875,195.57000732421875,224400
2025-09-05,199.6199951171875,200.97999572753906,198.8800048828125,199.99000549316406,224100
2025-09-08,202.7899932861328,202.85000610351562,200.27999877929688,201.49000549316406,318200
2025-09-09,200.8000030517578,201.3699951171875,199.61000061035156,200.19000244140625,331100
2025-09-10,197.3800048828125,198.7100067138672,197.02000427246094,197.69000244140625,219100
2025-09-11,197.6300048828125,197.77999877929688,196.00999450683594,196.25,215100
2025-09-12,196.1300048828125,196.35000610351562,195.4199981689453,195.75999450683594,258400
2025-09-15,197.27999877929688,197.47000122070312,196.7100067138672,197.3800048828125,276300
2025-09-16,198.77999877929688,199.9199981689453,198.72000122070312,199.91000366210938,265400
2025-09-17,201.3800048828125,202.8699951171875,200.4600067138672,200.5399932861328,222700
2025-09-18,200.47000122070312,200.74000549316406,199.24000549316406,199.63999938964844,242800
2025-09-19,198.9499969482422,199.92999267578125,198.72999572753906,199.41000366210938,165200
2025-09-22,200.67999267578125,200.8699951171875,199.82000732421875,200.0,183100
2025-09-23,200.66000366210938,202.3699951171875,200.66000366210938,201.08999633789062,234000
2025-09-24,198.08999633789062,198.67999267578125,197.6199951171875,198.02999877929688,334700
2025-09-25,197.27999877929688,197.99000549316406,196.92999267578125,197.69000244140625,159900
2025-09-26,198.10000610351562,199.02999877929688,197.63999938964844,197.63999938964844,186900
2025-09-29,196.44000244140625,197.1699981689453,195.44000244140625,197.05999755859375,310800
2025-09-30,191.08999633789062,193.14999389648438,190.72999572753906,192.85000610351562,450100
2025-10-01,191.8300018310547,193.14999389648438,191.3300018310547,192.38999938964844,391400
2025-10-02,190.52000427246094,191.80999755859375,190.02000427246094,191.80999755859375,301600
2025-10-03,194.58999633789062,194.9499969482422,192.66000366210938,192.66000366210938,243000
2025-10-06,199.17999267578125,199.47999572753906,198.32000732421875,198.74000549316406,321300
2025-10-07,199.88999938964844,200.89999389648438,199.47999572753906,200.5500030517578,352700
2025-10-08,198.2100067138672,198.6999969482422,197.07000732421875,197.49000549316406,222500
2025-10-09,192.3300018310547,193.99000549316406,192.1699981689453,193.6999969482422,389300
2025-10-10,185.22000122070312,190.89999389648438,185.0,189.38999938964844,549800
2025-10-13,187.8800048828125,188.39999389648438,186.97000122070312,187.44000244140625,353000
2025-10-14,191.74000549316406,191.86000061035156,187.63999938964844,188.1699981689453,308600
2025-10-15,194.3300018310547,194.60000610351562,192.8300018310547,193.49000549316406,403400
2025-10-16,195.41000366210938,195.85000610351562,194.3000030517578,195.41000366210938,168400
2025-10-17,197.8300018310547,198.13999938964844,195.75999450683594,196.0500030517578,327000
2025-10-20,200.11000061035156,200.5,199.2100067138672,199.91000366210938,235800
2025-10-21,201.9499969482422,203.14999389648438,198.8000030517578,199.52999877929688,498700
2025-10-22,203.50999450683594,205.0,202.42999267578125,203.8699951171875,288200
2025-10-23,204.05999755859375,204.1199951171875,202.72999572753906,202.72999572753906,299900
2025-10-24,205.3699951171875,205.8000030517578,204.88999938964844,205.19000244140625,230600
2025-10-27,209.22000122070312,209.99000549316406,208.9600067138672,209.75999450683594,324600
2025-10-28,211.24000549316406,211.24000549316406,208.85000610351562,209.3300018310547,244200
2025-10-29,207.08999633789062,208.0,206.3699951171875,207.02999877929688,412200
2025-10-30,207.2100067138672,208.72999572753906,207.1199951171875,207.27999877929688,181900
2025-10-31,204.19000244140625,205.4199981689453,203.49000549316406,204.60000610351562,297300
2025-11-03,205.72000122070312,206.25,203.36000061035156,204.19000244140625,470600
2025-11-04,203.88999938964844,205.41000366210938,203.88999938964844,204.9199981689453,254400
2025-11-05,199.14999389648438,202.47000122070312,197.97000122070312,200.0,331000
2025-11-06,202.94000244140625,204.1999969482422,201.5,203.99000549316406,379500
2025-11-07,201.97999572753906,202.9600067138672,201.27999877929688,202.52000427246094,340500
2025-11-10,203.94000244140625,204.77000427246094,201.94000244140625,202.8300018310547,215900
2025-11-11,205.99000549316406,206.14999389648438,203.1999969482422,204.39999389648438,179000
2025-11-12,207.2899932861328,208.32000732421875,206.55999755859375,207.0,244600
2025-11-13,203.25999450683594,206.25,203.1699981689453,206.0,238000
2025-11-14,204.0800018310547,205.6199951171875,204.02000427246094,204.5500030517578,287500
2025-11-17,199.0,201.1999969482422,198.1199951171875,200.02000427246094,234200
2025-11-18,195.9600067138672,196.94000244140625,194.99000549316406,195.5500030517578,260600
2025-11-19,196.77999877929688,197.50999450683594,195.7100067138672,195.72000122070312,166200
2025-11-20,191.25,195.6300048828125,191.24000549316406,194.1699981689453,327700
2025-11-21,197.6199951171875,198.69000244140625,196.07000732421875,196.7899932861328,395000
2025-11-24,199.05999755859375,200.0399932861328,198.0800018310547,198.3800048828125,201600
2025-11-25,200.25999450683594,201.1199951171875,197.0,197.1300048828125,271800
2025-11-26,202.44000244140625,202.8800048828125,200.77999877929688,200.77999877929688,184400
2025-11-28,201.8699951171875,202.3300018310547,200.07000732421875,200.07000732421875,156100
2025-12-01,199.22000122070312,200.02999877929688,198.75,199.1300048828125,275800
2025-12-02,196.99000549316406,197.60000610351562,195.8300018310547,196.4499969482422,326500
2025-12-03,195.44000244140625,196.1199951171875,192.7100067138672,193.0,461700
2025-12-04,198.27000427246094,200.3300018310547,197.85000610351562,200.0,308600
2025-12-05,196.55999755859375,197.1999969482422,196.0,196.0399932861328,271000
2025-12-08,195.2100067138672,196.44000244140625,195.0,196.3699951171875,334000
2025-12-09,196.33999633789062,197.74000549316406,196.27000427246094,196.32000732421875,263100
2025-12-10,200.77999877929688,200.89999389648438,198.7899932861328,198.7899932861328,245900
2025-12-11,203.55999755859375,203.88999938964844,201.7899932861328,201.99000549316406,585600
2025-12-12,208.1199951171875,209.42999267578125,207.5,207.99000549316406,440200
2025-12-15,214.80999755859375,216.42999267578125,214.42999267578125,215.25,412000
2025-12-16,214.4199981689453,216.02999877929688,214.0,214.0,292700
2025-12-17,214.24000549316406,216.14999389648438,214.17999267578125,214.60000610351562,223600
2025-12-18,216.0800018310547,217.5,215.44000244140625,216.50999450683594,352000
2025-12-19,219.3800048828125,220.55999755859375,219.11000061035156,219.25,533700
2025-12-22,219.50999450683594,220.30999755859375,218.77999877929688,219.0800018310547,238400
2025-12-23,219.24000549316406,219.50999450683594,218.02000427246094,218.8800048828125,330500
2025-12-24,216.72999572753906,217.02999877929688,215.0,215.6999969482422,170800
2025-12-26,216.6199951171875,217.13999938964844,215.9499969482422,216.3800048828125,146000
2025-12-29,216.44000244140625,216.6699981689453,214.86000061035156,215.6699981689453,247100
2025-12-30,214.85000610351562,216.10000610351562,214.85000610351562,215.8800048828125,184500
