Price,Close,High,Low,Open,Volume
Ticker,XLV,XLV,XLV,XLV,XLV
Date,,,,,
2000-01-03,20.350996017456055,20.82329865839753,20.193561803808898,20.82329865839753,246700
2000-01-04,19.88918685913086,20.288020157625304,19.836708793539483,20.277524544507028,35300
2000-01-05,19.71075439453125,20.00463145685653,19.62678951958117,20.00463145685653,137600
2000-01-06,19.77373504638672,19.85769995104229,19.584814010911686,19.68977014173115,50000
2000-01-07,20.01512336730957,20.01512336730957,19.721246359294536,19.794715611298297,22100
2000-01-10,22.061765670776367,22.124739312082102,21.24310833380179,21.662932609173367,31800
2000-01-11,21.47402000427246,21.851861998482534,21.46352439332218,21.851861998482534,17900
2000-01-12,21.117176055908203,21.641956773003336,21.03321114117298,21.641956773003336,12400
2000-01-13,21.746904373168945,21.788886814043792,21.222123862233403,21.30608874398309,600000
2000-01-14,21.557985305786133,21.89384486264356,21.432037971964597,21.89384486264356,23600
2000-01-18,21.159147262573242,21.41104187284197,21.13815604505085,21.41104187284197,417300
2000-01-19,21.662940979003906,21.662940979003906,21.159151653910794,21.22212531954743,10400
2000-01-20,21.495012283325195,21.83087185025215,21.411047391593456,21.767898181453347,64200
2000-01-21,21.453031539916992,21.5265008260126,21.285101743127036,21.411049090719505,37300
2000-01-24,20.812801361083984,21.620963592452348,20.812801361083984,21.516007458508405,72100
2000-01-25,20.959733963012695,21.117168118969225,20.82329102785037,20.991220794204004,24400
2000-01-26,20.865278244018555,21.022712436000585,20.823295792823348,20.94924314640897,10500
2000-01-27,20.73933219909668,21.085687443312363,20.73933219909668,20.95974008177939,10700
2000-01-28,20.31951332092285,20.844294140161562,20.31951332092285,20.781320441852916,18100
2000-01-31,20.225053787231445,20.4034792747161,20.05712391665765,20.4034792747161,27500
2000-02-01,20.487443923950195,20.508435157478836,20.256540355135183,20.29852282219246,161600
2000-02-02,20.991222381591797,20.991222381591797,20.634371601104736,20.634371601104736,7700
2000-02-03,21.180150985717773,21.232629060508945,20.833795692096025,20.959743071594843,31500
2000-02-04,21.253618240356445,21.36906999376085,21.11717525906033,21.316591924031574,11300
2000-02-07,20.907264709472656,21.24312438352041,20.812804176146727,21.24312438352041,36400
2000-02-08,21.138158798217773,21.18014123873062,20.94923781590997,20.94923781590997,265000
2000-02-09,20.76032066345215,21.117171473642934,20.665860154872234,21.117171473642934,19000
2000-02-10,20.581893920898438,20.865275428223402,20.57139830951603,20.73932809163453,5000
2000-02-11,20.59238052368164,20.739319018753786,20.539902489727307,20.581884916890775,9200
2000-02-14,20.214555740356445,20.46645051593721,20.088608352566062,20.361494359445224,14900
2000-02-15,20.0571231842041,20.172574966007474,19.89968893629041,20.172574966007474,23100
2000-02-16,19.490358352661133,19.98365229050447,19.47986273696234,19.899687364914115,35000
2000-02-17,19.479862213134766,19.679278906049397,19.395897289802285,19.58481836730036,15300
2000-02-18,18.944591522216797,19.46937245081006,18.944591522216797,19.437885595094464,109900
2000-02-22,18.80813217163086,19.112504846283365,18.703176076923096,19.112504846283365,35300
2000-02-23,19.102018356323242,19.2279657301012,18.76615869291536,18.76615869291536,17500
2000-02-24,18.955080032348633,19.20697478360908,18.640211593273076,19.123009866522263,172800
2000-02-25,18.36731719970703,18.93408013044085,18.136413783482144,18.91308891078404,21200
2000-02-28,18.69268035888672,18.69268035888672,18.325334029543072,18.45128134246089,103600
2000-02-29,18.90259552001953,19.04953407486699,18.692683298808877,18.766152576232606,15500
2000-03-01,19.060028076171875,19.16498417791291,18.829124652341598,18.986558804953148,26700
2000-03-02,18.97606658935547,19.102013933975083,18.91309291704566,19.039040261665274,47600
2000-03-03,19.23845672607422,19.280439173921625,19.039040098799035,19.12300499449385,372700
2000-03-06,18.860614776611328,19.21746558484994,18.860614776611328,19.11250946477976,316300
2000-03-07,18.514266967773438,18.976074080348283,18.472284502993904,18.871117918399456,635200
2000-03-08,18.41980743408203,18.598232919198498,18.346338116681135,18.346338116681135,184000
2000-03-09,18.850122451782227,18.913096134806,18.388315442941238,18.45128912596501,15400
2000-03-10,18.69268035888672,18.94457498472236,18.6821847494769,18.80813206239472,165300
2000-03-13,18.55624771118164,18.703186324279233,18.28336171542897,18.28336171542897,64200
2000-03-14,18.608718872070312,18.87110915509443,18.608718872070312,18.682188151317067,36200
2000-03-15,18.703184127807617,18.85012272364898,18.51426307601158,18.703184127807617,42200
2000-03-16,19.66877555847168,19.66877555847168,18.892100322971732,18.892100322971732,168500
2000-03-17,19.689767837524414,19.878688850890853,19.52183804786536,19.584811718987503,62000
2000-03-20,20.067607879638672,20.151572766164357,19.952156160665854,20.02562543637583,8200
2000-03-21,20.193561553955078,20.23554401040821,19.96265804346287,20.15157909750195,18100
2000-03-22,20.707836151123047,20.85477467424303,20.361481060911665,20.361481060911665,29900
2000-03-23,20.79180335998535,20.92824628965714,20.571395550515543,20.571395550515543,24900
2000-03-24,20.97024154663086,21.064702094138205,20.82330291717499,20.82330291717499,9200
2000-03-27,20.823305130004883,21.064704332620867,20.823305130004883,20.854791982520013,14400
2000-03-28,20.84429359436035,20.9387541393499,20.739337433260854,20.823302362140453,13700
2000-03-29,20.5294132232666,20.707838593816465,20.424457122943153,20.676351763719428,6800
2000-03-30,20.23554039001465,20.57139998155016,20.141079879895283,20.48743508366628,14000
2000-03-31,20.60288429260254,20.60288429260254,20.193555465597193,20.382476462676582,14400
2000-04-03,20.59238052368164,20.770805839126385,20.59238052368164,20.770805839126385,11200
2000-04-04,20.36148452758789,20.907256277811896,19.773730335038962,20.707839676768508,7600
2000-04-05,20.225053787231445,20.382488040894376,20.0991063843011,20.151584468855408,7100
2000-04-06,20.613386154174805,20.718342295489343,20.340500186757012,20.340500186757012,29000
2000-04-07,20.665855407714844,20.76031589459622,20.518916872566034,20.697342236675304,6000
2000-04-10,20.5294132232666,20.728829813881152,20.5294132232666,20.697342983784118,16000
2000-04-11,20.707836151123047,20.707836151123047,20.47693275764879,20.487428366443076,10100
2000-04-12,20.330005645751953,20.781317077227087,20.330005645751953,20.739334618485213,13100
2000-04-13,19.81571388244629,20.193555884442087,19.73174899311389,20.162069050942435,17500
2000-04-14,18.619216918945312,19.20697122980266,18.619216918945312,19.12300632825161,9800
2000-04-17,18.776653289794922,18.850122587183723,18.23088136633526,18.661201536755378,16900
2000-04-18,19.290935516357422,19.290935516357422,18.73466806131556,18.73466806131556,50900
2000-04-19,19.794719696044922,19.81571091523479,19.54282506576651,19.605798723336115,7200
2000-04-20,19.878692626953125,19.878692626953125,19.647789122310584,19.79472771617402,4000
2000-04-24,19.595304489135742,19.689764982120327,19.39588789283495,19.479852775487913,18000
2000-04-25,20.088598251342773,20.088598251342773,19.689765057219983,19.689765057219983,3600
2000-04-26,20.298524856567383,20.466454741626887,20.15158620714032,20.15158620714032,15500
2000-04-27,20.172569274902344,20.277525410567808,19.899683322172134,19.899683322172134,5200
2000-04-28,20.36148452758789,20.539909907468815,20.277519642938042,20.539909907468815,4900
2000-05-01,20.424449920654297,20.529405983967013,20.340485070004124,20.424449920654297,3500
2000-05-02,20.01512336730957,20.109583834171545,19.91016729301849,20.109583834171545,3800
2000-05-03,19.4588623046875,19.752739405297664,19.269941311438107,19.689765740881203,10600
2000-05-04,19.39589500427246,19.521842374430076,19.322425705013853,19.39589500427246,18600
2000-05-05,19.374910354614258,19.500857767536996,19.332927883640014,19.332927883640014,4700
2000-05-08,19.416879653930664,19.416879653930664,19.196471830831992,19.25944549457447,5800
2000-05-09,19.280437469482422,19.43787163499262,19.248950636380382,19.43787163499262,6200
2000-05-10,19.24894905090332,19.54282613564994,19.12300172886906,19.437870033954717,9100
2000-05-11,19.22795867919922,19.311923564261225,19.185976236668214,19.24894990046472,3800
2000-05-12,19.563819885253906,19.626793554412448,19.37489887777828,19.395890100831124,5100
2000-05-15,19.88918685913086,19.899682472249133,19.479857947518138,19.479857947518138,8000
2000-05-16,20.15157699584961,20.256533126036324,20.04662086566289,20.04662086566289,11200
2000-05-17,19.920673370361328,20.088603177487663,19.878690918579746,19.920673370361328,6600
2000-05-18,19.89967918395996,20.025626520567304,19.85769673842418,20.025626520567304,2200
2000-05-19,19.374910354614258,19.584822709485486,19.353919119127138,19.584822709485486,5500
2000-05-22,19.154495239257812,19.353911902022688,19.060034714790238,19.353911902022688,47300
2000-05-23,18.99705696105957,19.248951638996274,18.99705696105957,19.1859779695121,6600
2000-05-24,19.123010635375977,19.353914166648355,18.860620258930094,19.353914166648355,7800
2000-05-25,18.97606658935547,19.269943726801237,18.97606658935547,19.143996382181623,112100
2000-05-26,18.829132080078125,19.144000509510867,18.787149622820426,19.144000509510867,139600
2000-05-30,19.605806350708008,19.647788805420443,18.997060757377675,18.997060757377675,52200
2000-05-31,19.81571388244629,19.81571388244629,19.56381921444909,19.64778410378149,41100
2000-06-01,19.689767837524414,19.920671298305617,19.64778539010965,19.85769762718347,19300
2000-06-02,20.172569274902344,20.319507864833994,20.025630684970693,20.046621912103785,26900
2000-06-05,20.109594345092773,20.288019764647355,20.067611893432872,20.25653292590243,8100
2000-06-06,19.941661834716797,20.130582841572007,19.87868816576506,20.06760917262027,22800
2000-06-07,19.88918685913086,20.025629829668432,19.752743888593287,19.878691246012583,9400
2000-06-08,19.73175048828125,19.98364517536569,19.73175048828125,19.98364517536569,9500
2000-06-09,20.025625228881836,20.130581335951447,19.87868667898438,19.87868667898438,14300
2000-06-12,19.836711883544922,19.9836504900897,19.73175573601294,19.9836504900897,17200
2000-06-13,19.563819885253906,19.752740892729534,19.563819885253906,19.668776000518143,4100
2000-06-14,19.89967918395996,20.046617743335194,19.79472307012051,19.94166162949574,10100
2000-06-15,20.466449737548828,20.466449737548828,20.151581280048077,20.151581280048077,57000
2000-06-16,20.23554039001465,20.48743508366628,20.193557941072708,20.361487736840463,1318500
2000-06-19,20.36148452758789,20.424458191075274,20.25652842177558,20.36148452758789,21100
2000-06-20,20.330005645751953,20.40347494855023,20.10959773735712,20.193562654840868,5300
2000-06-21,20.23554039001465,20.319505287898526,20.151575492130767,20.17256671660174,134600
2000-06-22,20.193561553955078,20.298517695087902,20.15157909750195,20.15157909750195,25200
2000-06-23,19.81571388244629,20.193555884442087,19.68976654844769,20.193555884442087,2900
2000-06-26,19.626798629760742,19.815719686089988,19.56382494431766,19.815719686089988,6600
2000-06-27,19.584810256958008,19.731748811940545,19.52183659053692,19.584810256958008,59200
2000-06-28,19.5008487701416,19.805221544271905,19.5008487701416,19.7107610281625,42100
2000-06-29,19.794719696044922,19.794719696044922,19.416877750627307,19.47985140819691,31900
2000-06-30,19.857696533203125,19.857696533203125,19.700262364070966,19.731749197897397,16600
2000-07-03,19.81571388244629,19.81571388244629,19.64778410378149,19.64778410378149,2400
2000-07-05,19.941661834716797,20.004635503668535,19.752740827861583,19.857696942781146,83100
2000-07-06,19.89967918395996,20.046617743335194,19.75274062458473,19.962652852263634,12400
2000-07-07,20.067607879638672,20.08859910127009,19.815713220061618,19.815713220061618,14400
2000-07-10,19.89967918395996,20.046617743335194,19.75274062458473,20.046617743335194,23200
2000-07-11,19.679271697998047,19.815714648437503,19.62679364013672,19.668776086425783,6400
2000-07-12,20.0466251373291,20.15158128988056,19.85770406273647,19.973155830543078,98400
2000-07-13,20.109594345092773,20.193559248412576,19.92067331262322,19.92067331262322,5600
2000-07-14,20.424449920654297,20.424449920654297,20.130572943378695,20.256520219353952,4000
2000-07-17,20.172569274902344,20.44545522763255,20.15157804776925,20.44545522763255,26200
2000-07-18,19.857696533203125,20.088599981263627,19.847200921927648,20.004635091059807,56600
2000-07-19,19.983652114868164,20.130590733359842,19.899687190015776,19.94166965244197,7600
2000-07-20,20.298524856567383,20.34050732783226,20.088612500243006,20.088612500243006,2000
2000-07-21,19.794719696044922,20.214544079842266,19.77372847685505,20.214544079842266,6500
2000-07-24,19.605806350708008,19.815718624270193,19.584815123351788,19.815718624270193,61200
2000-07-25,19.616302490234375,19.773736699626305,19.54283319251814,19.773736699626305,42500
2000-07-26,19.4588623046875,19.668774519409048,19.4588623046875,19.647783297936893,26900
2000-07-27,19.584810256958008,19.71075758980018,19.5323322016071,19.563819034817644,2000
2000-07-28,19.374910354614258,19.62680518045973,19.2279717062044,19.62680518045973,7800
2000-07-31,19.563819885253906,19.563819885253906,19.43787254693682,19.479854993042515,33800
2000-08-01,19.73175048828125,19.878689055747174,19.50084702512051,19.50084702512051,6200
2000-08-02,19.81571388244629,19.89967877177869,19.68976654844769,19.68976654844769,9500
2000-08-03,19.920673370361328,19.920673370361328,19.66877865967183,19.773734789125786,18400
2000-08-04,20.330005645751953,20.487439866033977,20.17257142546993,20.256536342953677,57300
2000-08-07,20.172569274902344,20.382481546233272,20.172569274902344,20.340499091967086,3500
2000-08-08,20.23554039001465,20.361487736840463,20.17256671660174,20.340496512369494,4000
2000-08-09,20.0466251373291,20.19356375090115,20.0466251373291,20.13059005937027,7900
2000-08-10,20.088598251342773,20.088598251342773,19.920668485396334,20.004633368369554,28700
2000-08-11,20.214555740356445,20.382485590743624,20.067617121267666,20.067617121267666,10400
2000-08-14,20.44544792175293,20.44544792175293,20.256526945063218,20.38247426285636,3400
2000-08-15,20.34049415588379,20.592388820352937,20.193555601610118,20.34049415588379,32800
2000-08-16,20.0466251373291,20.42446728651436,20.004642676308517,20.42446728651436,3700
2000-08-17,20.23554039001465,20.298514063427557,20.08860181871786,20.08860181871786,60400
2000-08-18,20.23554039001465,20.23554039001465,20.120088655424315,20.17256671660174,2100
2000-08-21,20.298524856567383,20.361498563464696,20.23555114967007,20.23555114967007,3800
2000-08-22,20.0466251373291,20.13059005937027,20.025633906818808,20.13059005937027,3800
2000-08-23,20.067607879638672,20.18305959861149,19.962651771481564,20.004634214744407,41100
2000-08-24,20.01512336730957,20.15156626388798,19.983636545022247,20.15156626388798,2100
2000-08-25,20.350996017456055,20.350996017456055,20.15157934683632,20.15157934683632,5300
2000-08-28,20.15157699584961,20.29851557811101,20.120090156793594,20.29851557811101,13100
2000-08-29,20.24603843688965,20.38248141235858,20.183064755903988,20.24603843688965,23800
2000-08-30,20.38248062133789,20.455949912969903,20.24603765116416,20.24603765116416,9500
2000-08-31,20.25653648376465,20.44545754941634,20.235545254247796,20.319510172315212,3700
2000-09-01,20.23554039001465,20.340496512369494,20.17256671660174,20.17256671660174,68400
2000-09-05,19.836711883544922,20.151580326140873,19.65828643274055,20.151580326140873,436100
2000-09-06,19.75273895263672,20.004633604530067,19.75273895263672,19.836703836601167,36400
2000-09-07,19.595304489135742,19.8786859680895,19.563817658140877,19.8786859680895,37500
2000-09-08,19.605806350708008,19.794727396913974,19.605806350708008,19.689771260132883,956100
2000-09-11,19.679271697998047,19.815714648437503,19.521837524414064,19.584811193847656,536300
2000-09-12,19.66877555847168,19.836705339120318,19.56381944556628,19.752740448796,561400
2000-09-13,19.878692626953125,19.878692626953125,19.57431982537887,19.68977157770014,14300
2000-09-14,19.66877555847168,19.931165840735176,19.66877555847168,19.931165840735176,43100
2000-09-15,19.584810256958008,19.826209311572175,19.584810256958008,19.826209311572175,21900
2000-09-18,19.55331802368164,19.815708227971516,19.458857550137285,19.731743362598756,50300
2000-09-19,19.427385330200195,19.50085464263207,19.32242916958323,19.458872178385285,13000
2000-09-20,19.04953956604004,19.259451847759486,18.892105354750452,19.259451847759486,14700
2000-09-21,19.22795867919922,19.22795867919922,18.902594749583947,19.081020130340708,12100
2000-09-22,19.060028076171875,19.060028076171875,18.80813343199339,19.039036855823667,4800
2000-09-25,19.34341812133789,19.437878654757338,19.248957587918444,19.248957587918444,7100
2000-09-26,19.34341812133789,19.458869884406106,19.269948817567208,19.458869884406106,5400
2000-09-27,19.018051147460938,19.269945864645848,19.018051147460938,19.227963411781698,7200
2000-09-28,19.574316024780273,19.574316024780273,19.143995940589395,19.18597838782753,56300
2000-09-29,19.521839141845703,19.521839141845703,19.395891792543473,19.500847916961998,2600
2000-10-02,19.77373504638672,19.77373504638672,19.62679646323947,19.647787689403362,4000
2000-10-03,19.847204208374023,20.025629629602133,19.773734917280095,19.899682273441115,15900
2000-10-04,20.004638671875,20.004638671875,19.75274395617458,19.89968254033316,1700
2000-10-05,20.183061599731445,20.466443119852478,20.067609869311763,20.1095923167371,19900
2000-10-06,19.71075439453125,20.23553486296925,19.71075439453125,20.23553486296925,3700
2000-10-09,19.584810256958008,19.668775145519458,19.5323322016071,19.668775145519458,9400
2000-10-10,19.605806350708008,19.86819669266074,19.584815123351788,19.584815123351788,2000
2000-10-11,19.112510681152344,19.51134396280187,19.102015068477357,19.416883448726985,29100
2000-10-12,18.472280502319336,19.2069734768434,18.388315590945158,19.2069734768434,7900
2000-10-13,18.81863784790039,19.028550149605916,18.19939655786909,18.30435270872185,5700
2000-10-16,18.64020347595215,18.76615079673561,18.57722981556042,18.70317713634388,6400
2000-10-17,17.71659278869629,18.703180301810892,17.548662999229975,18.577232959711157,13500
2000-10-18,18.010473251342773,18.13642061673678,16.918929417928062,17.044876783322067,8700
2000-10-19,18.220380783081055,18.2623632272817,18.03145978417814,18.178398338880406,8100
2000-10-20,18.598230361938477,18.997063744417968,18.39881367069873,18.39881367069873,11400
2000-10-23,18.871116638183594,18.934090331080757,18.70318679045782,18.766160483354987,4000
2000-10-24,18.913087844848633,19.35390343279738,18.850114189427384,19.018043937217385,103300
2000-10-25,18.577228546142578,18.986557310718602,18.577228546142578,18.976061701370497,5800
2000-10-26,18.83962631225586,18.93408683415575,18.56674036010062,18.85012192580029,4800
2000-10-27,19.007553100585938,19.007553100585938,18.766154027524934,18.766154027524934,3000
2000-10-30,19.374910354614258,19.374910354614258,18.976076880358928,19.185989235230153,3700
2000-10-31,19.81571388244629,19.81571388244629,19.26994210178569,19.50084554744979,22700
2000-11-01,19.952159881591797,19.952159881591797,19.71076078781136,19.847203753861173,5900
2000-11-02,20.13058090209961,20.13058090209961,19.899677471522867,19.899677471522867,16200
2000-11-03,20.0571231842041,20.20406181559021,20.04662756767652,20.151583732952314,5400
2000-11-06,20.193561553955078,20.27752646686134,20.025631728142564,20.025631728142564,9100
2000-11-07,20.277524948120117,20.277524948120117,20.04662145492206,20.130586361539535,29100
2000-11-08,20.109594345092773,20.403471506712084,20.109594345092773,20.31950660339228,14800
2000-11-09,19.185972213745117,19.584805334162137,18.91308639451242,19.584805334162137,14700
2000-11-10,19.112510681152344,19.25944925860217,19.060032617777406,19.060032617777406,11200
2000-11-13,18.703184127807617,18.808140267694306,18.493271848034244,18.724175355784954,21200
2000-11-14,19.154495239257812,19.185982080747003,18.913096121174014,18.934087348833476,8600
2000-11-15,19.24894905090332,19.311922711920452,19.049532457682403,19.22795783056428,4000
2000-11-16,19.018051147460938,19.25945025142981,19.018051147460938,19.248954638213775,3700
2000-11-17,18.892101287841797,19.238456478118895,18.78714516957601,18.976066182454428,11500
2000-11-20,18.787145614624023,18.871110511225694,18.61921582142068,18.787145614624023,3500
2000-11-21,18.346328735351562,18.346328735351562,18.136416507258296,18.17839895287695,8200
2000-11-22,18.167903900146484,18.230877570510945,18.094434618054617,18.220381958783534,3500
2000-11-24,18.251869201660156,18.262364813622007,17.947496454766455,17.947496454766455,9400
2000-11-27,18.36731719970703,18.535246956961497,18.346325980050224,18.535246956961497,5000
2000-11-28,18.13641929626465,18.53525259097417,18.13641929626465,18.38831400871277,19800
2000-11-29,18.17839813232422,18.283354241633248,18.031459579291575,18.17839813232422,120200
2000-11-30,18.010473251342773,18.13642061673678,17.716596065423428,17.96849079621144,6100
2000-12-01,18.13641929626465,18.367322782675423,18.052454392115273,18.052454392115273,7400
2000-12-04,18.146921157836914,18.220390474265404,18.073451841408424,18.09444307467371,25500
2000-12-05,18.619216918945312,18.70318182049636,18.19939241119006,18.19939241119006,14600
2000-12-06,18.81863784790039,18.955080844008982,18.745168542303457,18.892107153497324,10700
2000-12-07,18.503768920898438,18.68219437277324,18.472282076449943,18.68219437277324,5000
2000-12-08,18.90259552001953,19.06002968592752,18.766152576232606,18.892099908958997,45300
2000-12-11,19.102018356323242,19.144000814249228,18.74516746395237,18.871114837730325,6600
2000-12-12,19.14398956298828,19.18597199624045,18.89209496347528,18.89209496347528,7600
2000-12-13,19.24894905090332,19.353905152598543,19.164984169547147,19.24894905090332,7200
2000-12-14,19.081016540527344,19.206963844425214,18.934078019313162,19.081016540527344,9300
2000-12-15,18.598230361938477,18.81863828383504,18.45129174734077,18.61922159259529,10300
2000-12-18,18.49661636352539,18.811541727263055,18.34965119378115,18.759054166640112,12800
2000-12-19,18.517616271972656,18.874531778348548,18.517616271972656,18.601596391119926,29600
2000-12-20,17.677804946899414,18.076710284180994,17.572829858141105,17.887755124416035,94400
2000-12-21,17.803773880004883,17.824768896372813,17.446858601750066,17.61481873269351,25800
2000-12-22,18.108213424682617,18.160700999826624,17.887765609077785,17.950750699250595,10200
2000-12-26,18.139692306518555,18.328647434711456,17.950737178325653,18.244667377736832,16500
2000-12-27,18.20269203186035,18.20269203186035,17.971746688895575,17.971746688895575,14400
2000-12-28,18.517616271972656,18.517616271972656,18.05572561666268,18.05572561666268,10400
2000-12-29,18.307649612426758,18.580584755731284,18.307649612426758,18.41262466754388,34100
2001-01-02,17.562334060668945,18.32865228328032,17.562334060668945,18.139697105102172,9400
2001-01-03,18.94800567626953,19.23143844815833,17.8247720987843,17.8247720987843,177400
2001-01-04,19.504369735717773,19.567354783303514,19.02148437089376,19.105464434341414,44300
2001-01-05,18.979496002197266,19.16845116151118,18.895515931391085,19.084471090704994,43300
2001-01-08,18.706560134887695,18.93750532173816,18.40213238858481,18.93750532173816,9500
2001-01-09,18.937509536743164,18.979499580061884,18.73805683097924,18.811539406787002,12600
2001-01-10,19.084461212158203,19.21043125316255,18.87451114381763,18.87451114381763,8300
2001-01-11,19.514873504638672,19.714326219317602,19.378405857753087,19.567361061133127,36500
2001-01-12,19.77730369567871,19.840288739295524,19.525363521211467,19.682826130253495,39900
2001-01-16,19.987255096435547,19.987255096435547,19.56735477928354,19.69332487442914,50600
2001-01-17,20.13421630859375,20.323171414722367,19.98725122604927,20.218196355762025,47900
2001-01-18,20.07123565673828,20.092230673115623,19.90327552571955,19.987255591228916,10100
2001-01-19,19.577852249145508,19.945265025939126,19.577852249145508,19.945265025939126,19200
2001-01-22,19.441389083862305,19.56735920751584,19.336413980817692,19.336413980817692,11000
2001-01-23,19.892786026000977,19.892786026000977,19.483383041824705,19.567363141142913,13000
2001-01-24,19.703819274902344,19.945261919187242,19.609341718443037,19.745809299995372,24700
2001-01-25,19.672330856323242,19.75631092401299,19.49387321248253,19.651335839400804,7700
2001-01-26,19.47287368774414,19.504366205837528,19.168446012841404,19.504366205837528,221300
2001-01-29,19.792428970336914,19.812584655263784,19.422917050053186,19.557285720029782,34900
2001-01-30,19.752111434936523,19.94022724569303,19.5102497141743,19.752111434936523,229800
2001-01-31,19.631183624267578,19.83273659113214,19.631183624267578,19.684930825811254,20200
2001-02-01,19.89320182800293,19.913356227153393,19.684930306263066,19.81929894729302,22400
2001-02-02,19.65805435180664,19.92007175231619,19.523685731249156,19.92007175231619,123200
2001-02-05,19.644617080688477,19.79242153700493,19.604307007408373,19.637898521569436,15100
2001-02-06,19.66478157043457,19.86633330859069,19.66478157043457,19.80586753085691,21100
2001-02-07,19.852886199951172,20.05443911817734,19.792420452626725,19.805857570128616,19100
2001-02-08,19.973825454711914,20.05444690961176,19.839458071791576,19.987262577434315,510300
2001-02-09,19.65134048461914,19.79242641659967,19.53712751430586,19.79242641659967,10600
2001-02-12,19.812572479248047,19.91334827908041,19.617739437096656,19.617739437096656,14600
2001-02-13,19.83272933959961,20.05443662508271,19.83272933959961,19.886476521491456,17600
2001-02-14,19.617738723754883,19.819290316090772,19.409467292716187,19.819290316090772,5600
2001-02-15,19.698366165161133,19.792423438998036,19.65133752824268,19.765550481373598,17100
2001-02-16,19.61102294921875,19.765545944031434,19.570711599884522,19.765545944031434,8500
2001-02-20,19.590864181518555,19.799134327794274,19.550554119982486,19.765542823419846,13700
2001-02-21,19.490093231201172,19.73867350079729,19.483374672369646,19.68492631157915,12700
2001-02-22,19.120586395263672,19.490099562427027,19.120586395263672,19.46994387938501,36900
2001-02-23,19.066837310791016,19.080274431495674,18.670452501478525,19.080274431495674,62400
2001-02-26,19.16761016845703,19.315414619007953,19.039960113042916,19.147454491886148,8000
2001-02-27,19.510257720947266,19.570722214876124,19.14746306876622,19.28183174322616,9200
2001-02-28,19.25495147705078,19.483377383370552,19.241514357518028,19.483377383370552,8000
2001-03-01,19.187763214111328,19.25494751652177,19.134016028469773,19.167608820391987,16900
2001-03-02,19.221363067626953,19.328857478401634,18.98621856351941,19.04668432975948,5600
2001-03-05,19.113866806030273,19.315418486357665,19.113866806030273,19.315418486357665,4600
2001-03-06,19.181053161621094,19.308703264664345,19.1407430748728,19.17433588169184,5200
2001-03-07,19.268386840820312,19.3490069878021,19.174329575530187,19.3490069878021,5000
2001-03-08,19.375892639160156,19.375892639160156,19.181058153210554,19.181058153210554,18200
2001-03-09,19.207929611206055,19.234802578310433,18.999659310766976,19.221366735475595,27300
2001-03-12,18.247188568115234,18.717477448488616,18.180004259285592,18.704040330435866,23300
2001-03-13,18.2539005279541,18.28077347291033,17.911261830085067,18.260619084551568,56800
2001-03-14,17.90454864501953,18.153130187968078,17.66940421929718,17.736588523994143,51000
2001-03-15,18.435306549072266,18.435306549072266,17.978454732913626,18.072512007498904,14400
2001-03-16,18.190031051635742,18.445377608953677,18.089236897606963,18.445377608953677,10200
2001-03-19,18.190031051635742,18.19675083279329,18.02876014885625,18.07579733529187,15100
2001-03-20,17.80701446533203,18.41178073800984,17.80701446533203,18.263949381207325,10200
2001-03-21,17.336641311645508,17.739819284823472,17.262726268424547,17.739819284823472,44700
2001-03-22,16.953630447387695,17.269453957106062,16.496695287370677,17.22241545867181,45600
2001-03-23,17.336641311645508,17.336641311645508,16.94018312088171,17.108173836233576,18600
2001-03-26,17.6390380859375,17.7599916950223,17.47104724702381,17.47104724702381,8700
2001-03-27,18.163158416748047,18.163158416748047,17.8674943693738,17.8674943693738,7800
2001-03-28,17.78685760498047,17.90781113275028,17.672623860049818,17.672623860049818,2400
2001-03-29,18.008604049682617,18.156436698446676,17.786856358203966,17.786856358203966,13500
2001-03-30,18.02204132080078,18.14299482469887,17.941406505980236,18.03548088382663,14700
2001-04-02,17.800304412841797,18.31099658138896,17.800304412841797,18.109408140866574,3000
2001-04-03,17.403831481933594,17.639018653648975,17.26943972785836,17.639018653648975,29400
2001-04-04,17.5113582611084,17.5113582611084,17.2963302713022,17.437443190654967,7500
2001-04-05,17.94813346862793,18.02876960313684,17.67262870502996,17.67262870502996,5000
2001-04-06,17.867488861083984,18.03547954140131,17.766694709227025,17.840609737032967,12900
2001-04-09,18.089242935180664,18.14299992071608,17.968289397309068,18.00860681604372,4700
2001-04-10,18.445384979248047,18.505861752163696,18.163160466197585,18.196758103742848,12700
2001-04-11,18.223636627197266,18.4655424290694,18.082523734576487,18.4655424290694,8400
2001-04-12,18.210201263427734,18.324435047949287,18.055650049565624,18.176602337587294,8100
2001-04-16,18.33787727355957,18.485708723659176,18.277400479957876,18.398352785493106,4300
2001-04-17,18.6536922454834,18.6536922454834,18.371467746143672,18.499141069615078,4400
2001-04-18,19.39957046508789,19.554121632280378,18.720887748067632,18.720887748067632,12900
2001-04-19,19.41973304748535,19.493649397529804,19.231584202525482,19.365976051544262,7300
2001-04-20,19.473487854003906,19.473487854003906,19.24502032652413,19.466768070058297,14700
2001-04-23,19.023269653320312,19.40628830755929,19.023269653320312,19.40628830755929,13000
2001-04-24,19.077022552490234,19.238293462833514,18.99638773815223,19.02998536384852,8007800
2001-04-25,19.29877471923828,19.29877471923828,18.909036274517156,18.909036274517156,14700
2001-04-26,19.540678024291992,19.607874560114997,19.21813619034235,19.32565013499223,33300
2001-04-27,19.352535247802734,19.399573737710384,19.164386414843335,19.365974816347777,10600
2001-04-30,19.352535247802734,19.661638915999717,19.28533996841312,19.47348880137252,20000
2001-05-01,19.654918670654297,19.70195587779073,19.31893715491662,19.413011569189482,18600
2001-05-02,19.715394973754883,19.715394973754883,19.466768094130828,19.56084378781796,19000
2001-05-03,19.332365036010742,19.460037012007795,19.218131338451748,19.460037012007795,14000
2001-05-04,19.392854690551758,19.44661168510741,19.110630148717632,19.177826712329157,11300
2001-05-07,19.43987464904785,19.520509428489667,19.312201419653817,19.352518809374725,15900
2001-05-08,19.117351531982422,19.392856312328398,19.097192176712735,19.392856312328398,7800
2001-05-09,19.23830223083496,19.278620938046785,19.03671382144724,19.077031246991215,8200
2001-05-10,19.365976333618164,19.480210111865325,19.325658906492077,19.359256548819168,8300
2001-05-11,19.460046768188477,19.513805035560097,19.339094511605243,19.486925901874287,14100
2001-05-14,19.372692108154297,19.52724328153453,19.312215339150267,19.52724328153453,22600
2001-05-15,19.460046768188477,19.567562021264077,19.285337525901262,19.31893516134089,69600
2001-05-16,19.997621536254883,20.044658747074177,19.433172443087653,19.460050299983873,17300
2001-05-17,20.172327041625977,20.299999072838165,20.058093294663593,20.058093294663593,19600
2001-05-18,20.226085662841797,20.226085662841797,19.97745879989115,20.212646095835243,9400
2001-05-21,20.535184860229492,20.615820968217214,20.20592320914224,20.266399969716172,68500
2001-05-22,20.562063217163086,20.703174798752737,20.494866676643888,20.494866676643888,8900
2001-05-23,20.21936798095703,20.494872724889333,20.19920862835182,20.494872724889333,8800
2001-05-24,20.467994689941406,20.467994689941406,20.252966710581294,20.293285417962206,10600
2001-05-25,20.32015609741211,20.367193291074983,20.212642145706283,20.367193291074983,17000
2001-05-29,20.16560935974121,20.266403551288086,20.091693021161916,20.158889576082395,5300
2001-05-30,20.098417282104492,20.226090636728166,19.923706713058404,20.192491710949323,18100
2001-05-31,20.091693878173828,20.091693878173828,19.87666591859042,19.970740330491225,5000
2001-06-01,20.031219482421875,20.05809862139474,19.822911282053745,20.02449969767866,15600
2001-06-04,20.05809783935547,20.11857461801861,19.910265144104304,20.06481762383669,6800
2001-06-05,20.246244430541992,20.246244430541992,20.058095612626335,20.10513281710525,93200
2001-06-06,20.08496856689453,20.279838402681634,20.04465115598483,20.279838402681634,9800
2001-06-07,20.1992130279541,20.212652599284855,20.024502445658474,20.098418806309564,4300
2001-06-08,20.091693878173828,20.192488074020083,19.93042290848627,20.192488074020083,7500
2001-06-11,19.990901947021484,20.091696154286335,19.86994838563651,20.058098512420678,12500
2001-06-12,19.943862915039062,20.058096681288767,19.661638391461423,19.789311725897626,7700
2001-06-13,19.849788665771484,20.078254918498814,19.82290952917546,19.943863080522018,9300
2001-06-14,19.48020362854004,19.755708305267056,19.48020362854004,19.701951326434163,3400
2001-06-15,19.427764892578125,19.49498924987937,19.125257208019466,19.2933174601736,56100
2001-06-18,19.131977081298828,19.427763462330102,19.131977081298828,19.427763462330102,10900
2001-06-19,19.185762405395508,19.387434230882803,19.165594709967497,19.226096514053328,8100
2001-06-20,19.602556228637695,19.62944649612483,19.158877072688167,19.158877072688167,4600
2001-06-21,19.824399948120117,19.864734075578482,19.602560323800926,19.602560323800926,7400
2001-06-22,19.568944931030273,19.737005258415422,19.501720543636505,19.696669856660037,6800
2001-06-25,19.61600112915039,19.61600112915039,19.474829790918484,19.52188775846146,5100
2001-06-26,19.313488006591797,19.494993425522516,19.313488006591797,19.494993425522516,31600
2001-06-27,19.62944984436035,19.642893698198538,19.313495558486167,19.313495558486167,33600
2001-06-28,19.77733612060547,19.94539642031075,19.669777631369957,19.716834310135702,12400
2001-06-29,19.864721298217773,20.012615140768343,19.62943797088363,19.62943797088363,19600
2001-07-02,20.005903244018555,20.073127637185955,19.757173373958764,19.864731890147148,5600
2001-07-03,20.005903244018555,20.005903244018555,19.884899592756963,19.97901297387213,3500
2001-07-05,19.77061653137207,19.952121990108417,19.77061653137207,19.938676856380127,13200
2001-07-06,19.40088653564453,19.69667181811464,19.293328017982912,19.69667181811464,20100
2001-07-09,19.2933292388916,19.447944457539606,19.2933292388916,19.32021822890924,6100
2001-07-10,19.2933292388916,19.454667025593704,19.172325578315334,19.454667025593704,28800
2001-07-11,19.27987289428711,19.293318022578884,19.05131084211901,19.12525776552575,14500
2001-07-12,19.46810531616211,19.46810531616211,19.246265762566285,19.246265762566285,3300
2001-07-13,19.602556228637695,19.602556228637695,19.31349226414362,19.44121847031046,13400
2001-07-16,19.508441925048828,19.60927785891231,19.38743829153326,19.602555292361618,18700
2001-07-17,19.64288902282715,19.683224421337375,19.441217159069783,19.441217159069783,9500
2001-07-18,19.44793701171875,19.602552171170924,19.30676570102892,19.515161384323513,4900
2001-07-19,19.33365821838379,19.62272215676723,19.212654590018776,19.562220342584723,17100
2001-07-20,19.38071632385254,19.47482969407346,19.313491938466807,19.394161457369385,10800
2001-07-23,19.00426483154297,19.380719659415778,19.00426483154297,19.293328840912682,11400
2001-07-24,18.916872024536133,19.091654937215125,18.748811679521566,19.091654937215125,21300
2001-07-25,19.02442741394043,19.16559874727841,18.809310412852525,18.809310412852525,10900
2001-07-26,19.5823917388916,19.5823917388916,19.293329009199255,19.42777652208433,12300
2001-07-27,19.609275817871094,19.615998383722065,19.46138321574469,19.49499476280122,8600
2001-07-30,19.609275817871094,19.622720949573036,19.46138321574469,19.57566427081456,12500
2001-07-31,19.46810531616211,19.696667435890944,19.46810531616211,19.595831508292548,11900
2001-08-01,19.44793701171875,19.61599730213153,19.39415777007459,19.39415777007459,20700
2001-08-02,19.649606704711914,19.696663375744638,19.508436691613735,19.562215927393723,13300
2001-08-03,19.488271713256836,19.53532839084738,19.39415835807575,19.53532839084738,3100
2001-08-06,19.360544204711914,19.515160640468874,19.360544204711914,19.515160640468874,4200
2001-08-07,19.414323806762695,19.501715874108832,19.38071226221309,19.427768937461828,18500
2001-08-08,19.27987289428711,19.55549161327841,19.158869304057173,19.32020699696442,5500
2001-08-09,19.19247817993164,19.22609099599782,19.024417946194244,19.091642296128768,21400
2001-08-10,19.226106643676758,19.394167014194565,19.017712143250364,19.192493800253875,23800
2001-08-13,19.37398910522461,19.38743423551316,19.246262931879777,19.246262931879777,8000
2001-08-14,19.125267028808594,19.353829191680298,19.125267028808594,19.333661489474455,4500
2001-08-15,18.863080978393555,19.192478894926474,18.85635841492988,19.192478894926474,19600
2001-08-16,18.95720863342285,18.95720863342285,18.742090301107318,18.789148277744275,5300
2001-08-17,18.748811721801758,18.869815375636907,18.695032462563766,18.721922733282103,11800
2001-08-20,18.889970779418945,18.95719513024634,18.78241233097425,18.789134894276774,18800
2001-08-21,18.997535705566406,19.158873433245734,18.95047902860139,18.99081313997165,16400
2001-08-22,18.9235897064209,19.07820487618736,18.84292147967246,18.957202536064703,81300
2001-08-23,19.02442741394043,19.071485379852067,18.95720431274931,18.99081586334487,41400
2001-08-24,19.367271423339844,19.421050675855735,19.064763608762394,19.13870927959767,10800
2001-08-27,19.125267028808594,19.360550476883617,19.125267028808594,19.326938922072507,11500
2001-08-28,18.856367111206055,19.145431062466784,18.856367111206055,19.091651812153053,18600
2001-08-29,18.688304901123047,18.99081395487652,18.688304901123047,18.957202407658727,28700
2001-08-30,18.30513572692871,18.775705289542373,18.258079027107126,18.775705289542373,22500
2001-08-31,18.47991943359375,18.533698704495556,18.284970057399313,18.284970057399313,181100
2001-09-04,18.399246215820312,18.82948026722877,18.399246215820312,18.45302547224637,132700
2001-09-05,18.412683486938477,18.453018876489693,18.217734232900206,18.40596092201327,22800
2001-09-06,17.874893188476562,18.217736346244433,17.874893188476562,18.217736346244433,20200
2001-09-07,17.525333404541016,17.77406329113218,17.3438279155852,17.713561461480243,25800
2001-09-10,17.296770095825195,17.61944564482917,17.23626827011212,17.276603675386607,24000
2001-09-17,15.851454734802246,16.4699169745212,15.649782794932575,16.133796219939136,35000
2001-09-18,15.562382698059082,15.85144660387752,15.461546779847556,15.7640558166804,20000
2001-09-19,15.306939125061035,15.703561709069826,14.896871403445429,15.495165922760872,39600
2001-09-20,14.722076416015625,15.29348147481076,14.621240530863034,15.29348147481076,17800
2001-09-21,14.768487930297852,14.862641279620586,14.122871560388432,14.122871560388432,43600
2001-09-24,15.22579574584961,15.299773081109498,15.138369035499558,15.198895712943951,1752100
2001-09-25,15.118196487426758,15.33340193052206,15.010593765879108,15.279600569748235,39400
2001-09-26,15.259425163269043,15.461179936262193,15.131646456253081,15.333401229246231,32500
2001-09-27,15.4948091506958,15.50153319921265,15.138374291191285,15.299778392836979,7400
2001-09-28,15.804163932800293,15.804163932800293,15.649485189397232,15.757087905045061,17900
2001-10-01,15.508256912231445,15.804165042401289,15.508256912231445,15.804165042401289,13100
2001-10-02,15.71000862121582,15.81088598588701,15.575504613170708,15.575504613170708,22500
2001-10-03,16.29509735107422,16.34889869525486,15.636030564180038,15.636030564180038,149100
2001-10-04,16.248023986816406,16.443054693002097,16.20767329277729,16.342176033816155,31300
2001-10-05,16.07317543029785,16.24803021512786,15.952122019052007,16.20767950562122,10200
2001-10-08,15.952116012573242,16.026093354418865,15.824338600126822,15.945390683066782,34600
2001-10-09,15.804163932800293,15.81761459293766,15.66965989687773,15.736911914839013,48700
2001-10-10,16.14715576171875,16.14715576171875,15.636041977557472,15.636041977557472,900
2001-10-11,16.530479431152344,16.664983438810896,16.409426080804703,16.409426080804703,33600
2001-10-12,16.382530212402344,16.490132932785478,16.073171429256625,16.476682272056184,19400
2001-10-15,16.44305419921875,16.44305419921875,16.207672806062423,16.274924815925,7800
2001-10-16,16.604463577270508,16.712066314461968,16.443059471483316,16.47668484583347,29000
2001-10-17,16.106792449951172,16.712057861179627,16.106792449951172,16.611180506429076,45100
2001-10-18,15.851241111755371,15.972294496332097,15.804165080581233,15.972294496332097,13700
2001-10-19,15.797442436218262,15.905045177977515,15.71001568956107,15.73691573363795,24100
2001-10-22,16.24130630493164,16.24130630493164,15.837795326362164,15.837795326362164,13200
2001-10-23,16.34217643737793,16.577557843415363,16.248024388053146,16.362352426258443,32000
2001-10-24,16.07990074157715,16.375808937270975,16.07317540954707,16.375808937270975,15200
2001-10-25,16.174049377441406,16.274928053666823,15.83779054395842,15.83779054395842,6800
2001-10-26,16.315271377563477,16.44305003567501,16.140416709285873,16.140416709285873,8300
2001-10-29,15.898313522338867,16.227846948237435,15.898313522338869,16.153870894407376,17600
2001-10-30,15.676383972167969,15.844513362250886,15.642758607241566,15.804162667794111,5200
2001-10-31,15.884869575500488,15.972296317258767,15.770541508446868,15.804166882340255,11200
2001-11-01,16.106792449951172,16.106792449951172,15.78398311893419,15.78398311893419,5300
2001-11-02,16.194223403930664,16.342176810926592,16.140422048411644,16.140422048411644,569000
2001-11-05,16.44305419921875,16.6111835825125,16.342175543062183,16.40942755292476,27200
2001-11-06,16.64480972290039,16.64480972290039,16.375802953620827,16.543932344761238,35100
2001-11-07,16.550655364990234,16.631356743150963,16.476678032738505,16.591006054070597,5600
2001-11-08,16.6918888092041,16.81294219826774,16.564110089334076,16.678438147591322,18400
2001-11-09,16.59100914001465,16.69861185272668,16.476681097417426,16.476681097417426,19200
2001-11-12,16.631362915039062,16.6717149018193,16.241302688577044,16.34218009007613,32300
2001-11-13,17.115577697753906,17.18955377993306,16.812944189256942,16.812944189256942,17100
2001-11-14,17.317331314086914,17.55271277295946,17.283705941130446,17.55271277295946,11400
2001-11-15,17.519086837768555,17.72084293198207,17.384584057685355,17.485461463429207,115100
2001-11-16,17.519086837768555,17.754468306321417,17.418209432024703,17.754468306321417,25200
2001-11-19,17.821712493896484,17.93604051214747,17.687208490286412,17.788087134356587,77800
2001-11-20,17.821712493896484,17.976391200140394,17.73428578945761,17.855337853436378,10100
2001-11-21,17.646852493286133,17.687203169139664,17.48544850714714,17.687203169139664,12700
2001-11-23,17.720840454101562,17.82171784573987,17.586336410100067,17.586336410100067,59300
2001-11-26,17.94949722290039,17.989847924502442,17.82171850464728,17.88897052913448,34600
2001-11-27,17.888967514038086,18.023470257617042,17.75446348773367,17.92259287925146,87100
2001-11-28,17.613235473632812,17.788090195324745,17.552708789865395,17.67376215740023,38600
2001-11-29,17.653587341308594,17.653587341308594,17.418205920212703,17.58633532346326,21800
2001-11-30,17.727569580078125,17.888973697801447,17.61996683492924,17.653592211766053,25200
2001-12-03,17.741018295288086,17.855346368058335,17.579614183622883,17.619966173583578,7200
2001-12-04,17.969669342041016,17.969669342041016,17.68721190609108,17.68721190609108,17700
2001-12-05,18.595115661621094,18.69599306828479,18.131078051697116,18.131078051697116,33900
2001-12-06,18.662364959716797,18.850670365235707,18.52786091538534,18.595112937551068,31000
2001-12-07,18.554759979248047,18.763240068136938,18.467331976254805,18.62873732289995,11100
2001-12-10,18.131074905395508,18.521136366865502,18.05709883746637,18.49423504563629,30200
2001-12-11,18.258846282958984,18.426975624943367,18.124343579006528,18.151243606706984,29000
2001-12-12,18.178144454956055,18.292472455907667,18.05709112656905,18.191593827101794,34000
2001-12-13,17.788097381591797,18.070554925708798,17.788097381591797,17.92260017996,22800
2001-12-14,17.75447654724121,17.94278206603257,17.653599094674068,17.788103219914525,62200
2001-12-17,17.922588348388672,17.95621498782663,17.754458999374283,17.855336352237888,10000
2001-12-18,18.184871673583984,18.191595718993618,17.989841005849858,17.989841005849858,66400
2001-12-19,18.09072494506836,18.218503660674163,17.95622218160625,17.95622218160625,16000
2001-12-20,17.86879539489746,18.057100815957515,17.86879539489746,17.922596760525227,21300
2001-12-21,17.839826583862305,17.954357245975423,17.75224491753997,17.886986041497323,80900
2001-12-24,17.920669555664062,18.05541065909092,17.86003560937245,17.86003560937245,4200
2001-12-26,18.05540657043457,18.1901489283476,18.00150988426903,18.021721623455495,30400
2001-12-27,18.25752830505371,18.271002803894824,18.021729715329982,18.021729715329982,375200
2001-12-28,18.439434051513672,18.5202784915171,18.264269384840635,18.264269384840635,28600
2001-12-31,18.15646743774414,18.52700706504561,18.15646743774414,18.3922646814822,27100
2002-01-02,18.311420440673828,18.324894936148606,18.05541016664752,18.324894936148606,182900
2002-01-03,18.39226722717285,18.39226722717285,18.223839866905706,18.32489731106502,9300
2002-01-04,18.60784912109375,18.729115700638836,18.479844010186973,18.62132232882208,51000
2002-01-07,18.62806510925293,18.931234860677872,18.62806510925293,18.89754861885358,25600
2002-01-08,18.729116439819336,18.830173854259527,18.48658198615873,18.48658198615873,33200
2002-01-09,18.62806510925293,18.924497612313015,18.607854649157087,18.661751351077218,20100
2002-01-10,18.681964874267578,18.722388371084563,18.49332702911743,18.628068163510545,10000
2002-01-11,18.56068992614746,18.695432294521776,18.56068992614746,18.594376160740268,5300
2002-01-14,18.425949096679688,18.59437641696927,18.399000108634088,18.459634046738213,77400
2002-01-15,18.65500831604004,18.681956016141722,18.46636927533492,18.594374384563334,14900
2002-01-16,18.19689178466797,18.574168704137556,18.190154536195454,18.49332429246488,86000
2002-01-17,18.311420440673828,18.324894936148606,18.05541016664752,18.324894936148606,58800
2002-01-18,18.169939041137695,18.32489315403093,18.1227795965609,18.15646583197182,20600
2002-01-22,18.122783660888672,18.250788814160405,17.974568046836357,18.1901548618211,1036000
2002-01-23,18.05540657043457,18.156463981368525,17.860031564958874,18.156463981368525,908500
2002-01-24,18.203622817993164,18.291204448235916,18.055405972200067,18.055405972200067,60900
2002-01-25,18.223844528198242,18.32490199820602,18.08910337651972,18.156474594858533,28900
2002-01-28,18.25752830505371,18.25752830505371,18.10931138779934,18.156472133743236,47700
2002-01-29,17.91392707824707,18.223832682158907,17.785921975110398,18.156462792611656,32700
2002-01-30,17.839826583862305,17.886986041497323,17.41539018014831,17.75224491753997,34800
2002-01-31,18.021726608276367,18.089097805867798,17.92067045438858,18.021726608276367,56900
2002-02-01,17.988033294677734,18.2238304491975,17.988033294677734,18.2238304491975,24200
2002-02-04,17.644447326660156,17.90719354841502,17.55012714872367,17.90719354841502,35100
2002-02-05,17.738773345947266,17.812881811598473,17.5838204495848,17.5838204495848,70600
2002-02-06,17.644447326660156,17.846559607241044,17.644447326660156,17.81961190282958,13800
2002-02-07,17.988033294677734,18.15646056790506,17.785919795806073,17.785919795806073,50600
2002-02-08,18.35858726501465,18.35858726501465,18.03520695370042,18.055417420033102,20800
2002-02-11,18.527009963989258,18.553958958918123,18.358582600680265,18.358582600680265,121200
2002-02-12,18.35858726501465,18.55396367289145,18.29795329601834,18.45964345167545,34700
2002-02-13,18.661745071411133,18.830172368860698,18.45963154347267,18.56068766494275,209800
2002-02-14,18.715652465820312,18.86386810979764,18.66175575119228,18.76281193049496,33500
2002-02-15,18.425949096679688,18.729117502201845,18.425949096679688,18.729117502201845,19900
2002-02-19,18.122783660888672,18.459638380552025,18.122783660888672,18.358582221652775,58900
2002-02-20,18.56068992614746,18.56068992614746,18.19015034061578,18.22383529021013,22200
2002-02-21,18.425949096679688,18.69543255214332,18.425949096679688,18.51353073783094,15300
2002-02-22,18.594377517700195,18.621325222342545,18.365316245746754,18.42595018744023,16800
2002-02-25,18.917749404907227,18.924486649369204,18.594369380720295,18.729110414965856,27200
2002-02-26,18.863859176635742,18.998601541896797,18.729116811374688,18.870596423398638,23300
2002-02-27,18.796485900878906,18.95143870417509,18.668480796635052,18.86385707600716,24000
2002-02-28,18.850391387939453,18.99187105028581,18.729123473070832,18.796494679664384,21100
2002-03-01,19.207454681396484,19.207454681396484,18.80322879422074,18.897547696728903,130200
2002-03-04,19.402833938598633,19.402833938598633,19.13335038375678,19.26809280367718,140400
2002-03-05,19.375892639160156,19.631901779750866,19.375892639160156,19.436526619694686,108100
2002-03-06,19.645370483398438,19.73968940971823,19.463468595496842,19.50389209391875,107200
2002-03-07,19.49714469909668,19.69925694604376,19.375876836929102,19.65883475365401,44800
2002-03-08,19.69926643371582,19.786849391907197,19.544313550760556,19.739688645573946,46700
2002-03-11,19.60494613647461,19.706002301533985,19.537574931435405,19.672317341513814,37600
2002-03-12,19.537569046020508,19.631887933663855,19.46346061430161,19.470197861275913,39900
2002-03-13,19.470195770263672,19.60493812528213,19.436510824008224,19.537566947772902,31700
2002-03-14,19.60494613647461,19.672317341513814,19.50388997141523,19.50388997141523,14300
2002-03-15,19.964189529418945,20.03832980263028,19.681105097010814,19.7754661459559,70700
2002-03-18,20.13943862915039,20.220320476709503,19.98441648069989,20.119219131440627,41200
2002-03-19,20.119216918945312,20.28771957105445,20.08551561717956,20.28771957105445,82700
2002-03-20,20.125951766967773,20.280973856681605,20.05181020859469,20.05181020859469,24200
2002-03-21,19.99788475036621,20.152906803836107,19.84960295386099,20.152906803836107,73800
2002-03-22,19.89005470275879,20.01811708793833,19.782213100157062,19.917014460622568,63800
2002-03-25,19.593482971191406,19.98440896870527,19.593482971191406,19.91700766867056,45400
2002-03-26,19.478897094726562,19.88330352523571,19.451937351664675,19.681100952767437,76900
2002-03-27,19.76873207092285,19.809172349466962,19.445207271423413,19.445207271423413,13900
2002-03-28,19.943967819213867,19.97766782495157,19.68110417485592,19.68110417485592,20400
2002-04-01,19.76198959350586,19.856350661381928,19.478905104304523,19.61370773176159,24700
2002-04-02,19.64740562438965,19.74850694127936,19.58674457714122,19.74850694127936,41000
2002-04-03,19.391279220581055,19.714803899105835,19.34409869899279,19.714803899105835,22800
2002-04-04,19.667631149291992,19.67437141012131,19.44520768421773,19.44520768421773,27400
2002-04-05,19.90352439880371,19.950704913583472,19.701320539725664,19.815902340864774,14800
2002-04-08,19.984416961669922,19.991157222926514,19.71481293927317,19.71481293927317,52900
2002-04-09,20.01136589050293,20.152907434472674,19.970924347449344,20.051806147983914,90100
2002-04-10,20.193357467651367,20.247279551160084,19.984414536348012,20.072036636476444,313200
2002-04-11,19.856342315673828,20.206827971293034,19.856342315673828,20.11920720017453,174000
2002-04-12,19.92374610900879,20.038327922939303,19.88330584690765,20.01810843467511,27100
2002-04-15,19.910276412963867,20.01137775941667,19.84961534797751,20.01137775941667,76300
2002-04-16,20.04506492614746,20.072025953552366,19.93048313082171,20.018105184315104,55000
2002-04-17,20.09224510192871,20.139425613524335,20.045064590333087,20.085504845190407,164400
2002-04-18,20.301193237304688,20.348373758273592,19.99114779360896,20.287712721149923,192400
2002-04-19,20.462961196899414,20.51014173083176,20.287718295455598,20.287718295455598,44600
2002-04-22,20.368595123291016,20.523618502206045,20.341635374070727,20.523618502206045,39900
2002-04-23,20.22031021118164,20.402293311619722,20.22031021118164,20.355112793485265,22800
2002-04-24,20.355113983154297,20.564056840921296,20.341633467021516,20.415775020179034,34200
2002-04-25,20.415782928466797,20.496663485447943,20.287720546744495,20.287720546744495,20400
2002-04-26,20.085512161254883,20.41577843386741,20.051812150860783,20.395557656287156,42100
2002-04-29,19.627185821533203,20.018111850069452,19.546303997958507,19.964191062877315,702900
2002-04-30,19.822650909423828,19.85635092394715,19.51260666197517,19.58000669102182,80800
2002-05-01,20.17987060546875,20.247271898807444,19.775464131009347,19.883305686122153,253600
2002-05-02,20.112472534179688,20.287715410705374,20.051811489014145,20.18661409728712,136400
2002-05-03,19.984416961669922,20.105739093141803,19.81591428697528,20.105739093141803,43600
2002-05-06,19.60696029663086,20.024845974790153,19.60696029663086,19.95070571383634,140000
2002-05-07,19.64740562438965,19.829388766134922,19.593484836343602,19.74850694127936,66200
2002-05-08,20.085512161254883,20.098992679641718,19.748506915021927,19.788948470182437,206000
2002-05-09,19.856342315673828,20.018105914861607,19.849603344149212,20.018105914861607,24400
2002-05-10,19.593482971191406,19.95070896147435,19.546302446838972,19.95070896147435,27500
2002-05-13,19.822650909423828,19.84287168948171,19.593487211060406,19.681109305738087,43600
2002-05-14,20.17987060546875,20.17987060546875,19.8900459440133,20.03158750300908,35300
2002-05-15,20.355113983154297,20.557316582854906,20.1596503559473,20.1596503559473,125800
2002-05-16,20.409034729003906,20.48991525452383,20.348373692077576,20.476434738412916,20000
2002-05-17,20.402301788330078,20.503403124276844,20.32141994822873,20.4562225865399,38800
2002-05-20,20.22031021118164,20.301192017678357,20.092247886550467,20.22705046885409,34800
2002-05-21,20.04506492614746,20.32814928603623,19.977663643207748,20.321409029185002,47000
2002-05-22,19.92374610900879,20.024847407048004,19.768724032977136,19.95070714079138,51100
2002-05-23,20.10573387145996,20.10573387145996,19.86308967153358,20.072033859502653,15500
2002-05-24,20.024856567382812,20.152918955786532,20.024856567382812,20.051817611498688,44700
2002-05-28,20.004627227783203,20.15290904074725,19.863084386959276,20.15290904074725,13100
2002-05-29,19.99114990234375,20.08551095423508,19.910269368029155,20.004630419920485,15800
2002-05-30,19.950708389282227,20.072030468750576,19.802425276344096,19.8967876079155,41300
2002-05-31,20.0989933013916,20.179875128641655,19.923750413660677,19.923750413660677,15400
2002-06-03,19.75525665283203,20.2001036884523,19.75525665283203,20.186624449171088,23500
2002-06-04,19.70806884765625,19.829390955548586,19.593486999710503,19.755249381709238,31400
2002-06-05,19.876562118530273,19.917002373570575,19.681099814525048,19.681099814525048,48300
2002-06-06,19.60696029663086,19.869823909846307,19.559779779958614,19.83612390810118,236400
2002-06-07,19.748506546020508,19.788948100425365,19.411501306084507,19.445202601421887,29000
2002-06-10,19.78894805908203,19.923749383431023,19.68110648537365,19.68110648537365,35700
2002-06-11,19.640657424926758,20.045063814566507,19.640657424926758,19.917001512639885,52000
2002-06-12,19.236257553100586,19.478900424425056,18.872291317754648,19.478900424425056,85400
2002-06-13,18.885780334472656,19.141903837694567,18.885780334472656,19.121684339234633,83100
2002-06-14,18.74424171447754,18.86556387534369,18.319615437019717,18.69706115982375,104000
2002-06-17,19.269962310791016,19.269962310791016,19.04079861400668,19.04079861400668,101600
2002-06-18,19.35757827758789,19.438460091458847,19.242996457854844,19.242996457854844,19700
2002-06-19,19.290185928344727,19.472167832089113,19.276705406416006,19.276705406416006,31300
2002-06-20,18.777925491333008,19.34409418955418,18.777925491333008,19.34409418955418,16100
2002-06-21,18.384883880615234,18.614105120798243,18.384883880615234,18.573653406015865,164200
2002-06-24,18.526458740234375,18.735455383151518,18.041049795763428,18.472524413070936,544900
2002-06-25,18.236568450927734,18.789397130028306,18.236568450927734,18.674786478810617,309000
2002-06-26,18.53993797302246,18.53993797302246,17.89946687414168,17.96688508758631,52700
2002-06-27,19.011882781982422,19.011882781982422,18.492763702229965,18.67479267085434,103100
2002-06-28,18.661296844482422,19.099513452013515,18.57365275143866,18.944452408500283,20200
2002-07-01,17.879243850708008,18.539939570420792,17.838792147618637,18.539939570420792,200500
2002-07-02,17.474740982055664,17.90621565527562,17.319679932104236,17.90621565527562,114300
2002-07-03,17.501708984375,17.501708984375,17.20507076443025,17.32642334799677,23100
2002-07-05,18.08824348449707,18.101727388740805,17.697219262699917,17.697219262699917,9700
2002-07-08,17.86576271057129,18.07475806524791,17.825312287126472,17.933180940243165,154000
2002-07-09,17.050003051757812,17.89946823363374,17.009551349081384,17.89946823363374,32200
2002-07-10,16.26121711730957,16.908429099144826,16.15334716777446,16.85449476732522,92700
2002-07-11,16.571338653564453,16.571338653564453,15.755581751142296,15.86345041119984,174100
2002-07-12,16.787078857421875,16.814046670016815,16.24099351133515,16.44998891536161,66200
2002-07-15,16.48369598388672,16.48369598388672,15.910642918973428,16.449986223658954,38200
2002-07-16,16.369081497192383,16.665719601622648,16.355597596292217,16.4162738644474,39300
2002-07-17,16.726396560668945,16.73988046212607,16.4971753794803,16.719654609940385,40100
2002-07-18,15.937604904174805,16.517399756078827,15.937604904174805,16.517399756078827,32700
2002-07-19,15.283660888671875,15.553332635678514,15.196018053105838,15.438721982463653,47600
2002-07-22,15.155559539794922,15.573551524895729,15.02746632101362,15.337588369720875,32600
2002-07-23,14.872407913208008,15.209497855938265,14.798249000216689,14.933084205771141,41000
2002-07-24,15.836480140686035,15.856705993512678,14.595989457023064,14.66340768054955,36400
2002-07-25,16.37583351135254,16.476960258459737,15.843230671546882,15.9106489315838,106000
2002-07-26,16.739891052246094,16.739891052246094,16.281448399845246,16.36909252886705,35700
2002-07-29,17.48822784423828,17.48822784423828,17.016301376181616,17.10394548768457,117100
2002-07-30,17.616321563720703,17.832060228314575,17.225297243357137,17.32642526478085,81400
2002-07-31,18.121952056884766,18.121952056884766,17.37361336986638,17.427547701236136,53100
2002-08-01,17.616321563720703,18.04105565319091,17.528678735835854,18.00060521615915,37400
2002-08-02,17.474740982055664,17.859023273629184,17.2724875504578,17.562383792842486,100700
2002-08-05,16.726396560668945,17.47473637489633,16.726396560668945,17.42754400569201,71900
2002-08-06,17.137649536132812,17.434288990332615,17.016296973692175,17.124165632329223,64600
2002-08-07,17.710704803466797,17.757897186784707,17.312938592792964,17.528675937043992,72800
2002-08-08,18.371400833129883,18.405109311125845,17.86576594781438,17.86576594781438,156000
2002-08-09,18.34442710876465,18.486005499681696,18.068013563431307,18.169141536613022,52700
2002-08-12,18.371400833129883,18.42533516946103,18.06801938758218,18.1489215350269,24900
2002-08-13,17.933185577392578,18.3174679142252,17.933185577392578,18.20285727991581,44200
2002-08-14,18.384883880615234,18.44556016689285,17.515191301233354,17.697220160066205,41600
2002-08-15,18.512977600097656,18.701748416292308,18.357916547096327,18.506236933354977,191900
2002-08-16,18.36465835571289,18.506236788222566,18.263531638717964,18.405108785331667,34200
2002-08-19,18.620847702026367,18.620847702026367,18.324208213085477,18.371400596029165,54600
2002-08-20,18.384883880615234,18.539944929593165,18.364658023224045,18.50623645317047,45900
2002-08-21,18.695011138916016,18.7219789562148,18.35792113805898,18.573658532864073,64300
2002-08-22,19.28154754638672,19.295031454504763,18.641076055638457,18.641076055638457,41900
2002-08-23,18.78264617919922,19.180412290791278,18.78264617919922,19.180412290791278,57000
2002-08-26,18.991640090942383,19.005123992059634,18.695000695840754,18.97815618982513,25500
2002-08-27,18.452306747436523,19.065810430655226,18.378146537631096,19.065810430655226,36000
2002-08-28,18.30398941040039,18.49950225612419,18.216346563421904,18.42534203382944,67400
2002-08-29,18.351173400878906,18.472525968690004,18.068017837951643,18.068017837951643,23100
2002-08-30,18.29723358154297,18.54668059455221,18.115206070315157,18.115206070315157,41600
2002-09-03,17.535415649414062,18.148919125955963,17.535415649414062,18.068016989250115,55000
2002-09-04,18.07476234436035,18.108472110124804,17.59609524356988,17.663513489202703,87400
2002-09-05,17.86576271057129,18.061275448030155,17.643283452781137,17.730926251227533,31900
2002-09-06,17.86576271057129,18.000599169915045,17.845536855900992,17.933180940243165,17700
2002-09-09,18.06801986694336,18.115213537644212,17.697221455566105,17.697221455566105,29300
2002-09-10,18.13542938232422,18.202847593553503,17.980368396623668,17.980368396623668,22300
2002-09-11,18.169151306152344,18.573658272799925,18.135441535000854,18.573658272799925,13900
2002-09-12,17.825313568115234,18.034308937810984,17.757895333598448,18.034308937810984,35200
2002-09-13,17.96014976501465,17.96014976501465,17.636543764143163,17.68373614519993,23400
2002-09-16,17.96014976501465,18.034309955758676,16.935397428921615,16.935397428921615,86200
2002-09-17,17.69048309326172,18.250052443330535,17.636548744552545,18.250052443330535,19400
2002-09-18,17.791601181030273,17.791601181030273,17.467995246204232,17.596089744283756,45300
2002-09-19,17.19157600402832,17.569116136615133,17.164608208753066,17.4275390691058,105200
2002-09-20,17.3261661529541,17.346453577523096,17.143571592479958,17.278825819211313,23300
2002-09-23,17.123275756835938,17.197666389030733,16.940681272298704,17.021834806501364,23300
2002-09-24,17.109750747680664,17.211192992619566,16.90686883758632,16.90686883758632,57100
2002-09-25,17.5966739654541,17.616961387796987,17.17738294184296,17.31263844362515,87400
2002-09-26,17.907764434814453,17.934816058108407,17.650780462983885,17.752221470551415,359300
2002-09-27,17.245004653930664,17.81307549866324,17.211191435271758,17.65076972729559,171300
2002-09-30,17.16385269165039,17.31263396308435,16.91363175497065,16.91363175497065,545800
2002-10-01,17.69811248779297,17.704875390931615,17.231482490361255,17.35321216707317,42100
2002-10-02,17.711645126342773,17.975392001031103,16.90687740089052,17.88747680609912,145600
2002-10-03,17.644010543823242,17.955096348695477,17.488467641387125,17.650773446958535,427000
2002-10-04,17.0894718170166,17.650780089567217,17.0894718170166,17.650780089567217,92400
2002-10-07,17.04889488220215,17.46142311154145,17.04213326621609,17.23148947124339,159000
2002-10-08,17.549327850341797,17.671056204990485,17.231477936288627,17.31263146261263,81700
2002-10-09,17.366741180419922,17.501995398494284,17.231485672453438,17.24501148122851,125400
2002-10-10,17.58314323425293,17.610194842992104,17.184141034592006,17.481702281264425,544700
2002-10-11,17.792795181274414,18.03625459804144,17.65077804808846,17.786032276376194,142700
2002-10-14,18.259424209594727,18.306763251162785,17.98891447928286,17.98891447928286,102600
2002-10-15,18.58403205871582,18.63813399363627,18.442014963259084,18.5975578649189,202100
2002-10-16,18.638132095336914,18.86806561780301,18.47582630710645,18.631369192924176,267100
2002-10-17,18.868066787719727,19.030372586013982,18.698998086593402,19.00332226457752,830600
2002-10-18,18.874832153320312,18.989798936682636,18.7531024662435,18.800441502352932,218500
2002-10-21,18.93569564819336,18.989797584163952,18.563744999632036,18.73281371077662,77200
2002-10-22,18.58403205871582,18.80043979839763,18.42172625395446,18.80043979839763,655500
2002-10-23,18.46230697631836,18.48259569067106,18.124169476459837,18.428493742289383,182600
2002-10-24,18.15798568725586,18.529936455697538,18.07683211219809,18.529936455697538,104100
2002-10-25,18.489360809326172,18.617853435827616,18.08359550293216,18.08359550293216,180100
2002-10-28,18.408201217651367,18.698999613720535,18.313523150053754,18.698999613720535,159600
2002-10-29,18.178266525268555,18.39467555035891,17.975384595992917,18.327047810636415,234700
2002-10-30,18.299999237060547,18.421728930792924,18.17826954332817,18.19855825558092,86100
2002-10-31,18.16474151611328,18.49611601287654,18.00243571912057,18.49611601287654,155300
2002-11-01,18.34733772277832,18.428491279451332,17.988912846360254,17.988912846360254,41200
2002-11-04,18.37439727783203,18.759873936335296,18.37439727783203,18.462312486481384,110600
2002-11-05,18.60432243347168,18.671950180649223,18.367625963296277,18.39467757812409,49000
2002-11-06,18.983041763305664,19.084482769860614,18.732820699796278,18.868074945238753,216300
2002-11-07,18.901887893676758,19.050667938192046,18.766632369650296,18.983040176178815,172300
2002-11-08,18.780153274536133,18.88159424611282,18.644897785839266,18.73281424045981,46600
2002-11-11,18.52316665649414,18.766626001166554,18.43525149863568,18.759863098271005,42000
2002-11-12,18.536691665649414,18.651658430149244,18.421724901149588,18.523165860439605,68900
2002-11-13,18.320281982421875,18.712521262312134,18.124161697530923,18.59079160822694,58000
2002-11-14,18.611095428466797,18.658434490191613,18.469076953399654,18.5231789224984,30600
2002-11-15,18.78691864013672,18.807206063175723,18.597561189122676,18.631374420782418,43300
2002-11-18,18.68547248840332,18.915406027679538,18.68547248840332,18.90188151175705,57100
2002-11-19,18.665185928344727,18.874830768545053,18.604321089271746,18.604321089271746,36600
2002-11-20,18.83426284790039,18.86807608883734,18.52993851989799,18.52993851989799,35300
2002-11-21,18.93569564819336,19.070951133065787,18.868067905757147,19.070951133065787,92700
2002-11-22,18.800453186035156,19.003336553877226,18.786928660093253,19.003336553877226,228500
2002-11-25,18.746341705322266,18.820732364792843,18.570510058323173,18.732817186239366,57000
2002-11-26,18.44877815246582,18.64489718588444,18.374387507087086,18.597558153331388,903700
2002-11-27,18.800453186035156,18.8342677256219,18.67196180528392,18.69901214706052,52900
2002-11-29,18.726057052612305,18.834260960639075,18.665192193110702,18.786921912113904,27200
2002-12-02,18.556983947753906,18.83425655850203,18.401439737665033,18.83425655850203,58900
2002-12-03,18.43524932861328,18.50963996181592,18.191790012598585,18.360858695410638,135600
2002-12-04,18.60432243347168,18.638135662114458,18.31352402353264,18.32704983094655,74500
2002-12-05,18.496118545532227,18.692237593376714,18.40820208727381,18.692237593376714,47900
2002-12-06,18.577274322509766,18.577274322509766,18.259425527685337,18.259425527685337,34200
2002-12-09,18.496118545532227,18.78691695533901,18.496118545532227,18.529931774159625,53200
2002-12-10,18.56375503540039,18.597568279952355,18.40144784985168,18.597568279952355,45100
2002-12-11,18.536691665649414,18.611082304411593,18.394674580621746,18.46230102688724,137400
2002-12-12,18.34733772277832,18.516406450112736,18.29323578162699,18.496119028363502,83400
2002-12-13,18.245901107788086,18.38115663795823,17.447896317547364,18.124171388613423,57600
2002-12-16,18.428495407104492,18.428495407104492,18.13093401917773,18.19179887784212,39900
2002-12-17,18.18503189086914,18.360863522002223,18.151218661374788,18.360863522002223,48000
2002-12-18,18.130929946899414,18.1715073701567,18.029488968540242,18.164744466280485,31700
2002-12-19,17.955101013183594,18.22561204930287,17.92128777861479,18.076830721458826,49000
2002-12-20,18.11054801940918,18.158064242046258,17.98836270707386,18.158064242046258,424800
2002-12-23,18.225948333740234,18.314192577833314,18.151279230855188,18.17843210271164,60000
2002-12-24,18.3277587890625,18.422791198102964,18.293819012896467,18.293819012896467,67500
2002-12-26,18.015506744384766,18.32775679422857,17.954414118159793,18.32775679422857,76000
2002-12-27,17.777935028076172,18.008729243386828,17.723630582986612,17.988364590958206,42800
2002-12-30,17.940841674804688,18.015510744485432,17.737199110598915,17.784716615217327,88600
2002-12-31,18.022300720214844,18.08339337036227,17.777931414344973,17.913691852112716,93700
2003-01-02,18.511037826538086,18.54497760479219,18.12411865767528,18.158058435929384,102000
2003-01-03,18.701108932495117,18.74183823373245,18.53140739483284,18.53140739483284,71100
2003-01-06,18.904752731323242,18.938692523080423,18.701110096619974,18.76220275755895,55500
2003-01-07,18.633235931396484,18.897970009299723,18.592506615780263,18.87081713222224,136200
2003-01-08,18.49067497253418,18.70110446646088,18.4024307637003,18.5449793998288,63100
2003-01-09,18.680757522583008,18.769001808921132,18.483902991544472,18.531419245320446,623400
2003-01-10,18.673952102661133,18.721468312674684,18.551766822786508,18.59928303280006,544300
2003-01-13,18.687530517578125,18.78256294769959,18.578921656090806,18.78256294769959,61400
2003-01-14,18.673952102661133,18.701103667789038,18.538190392862745,18.538190392862745,26400
2003-01-15,18.46352195739746,18.66716322009246,18.39564110492594,18.66716322009246,154300
2003-01-16,18.409223556518555,18.619653102769853,18.29382645798333,18.327766247961925,85000
2003-01-17,18.395641326904297,18.490673744679434,18.307395829210595,18.307395829210595,56400
2003-01-21,18.25987434387207,18.46351684489857,18.19199351019657,18.395636011223072,103000
2003-01-22,18.212369918823242,18.382071465325406,18.212369918823242,18.22594635327623,173100
2003-01-23,18.26667022705078,18.300610010780545,18.137696718382117,18.259882011360876,138200
2003-01-24,17.86617660522461,18.21236787663635,17.743991298288712,18.21236787663635,165500
2003-01-27,17.472469329833984,17.615019287932636,17.323132449905803,17.615019287932636,69500
2003-01-28,17.771150588989258,17.777938807908733,17.411382754579304,17.479263649053685,39200
2003-01-29,17.940841674804688,18.008722529539945,17.56071070089471,17.71683576048207,35300
2003-01-30,17.608230590820312,17.95442185707461,17.594654158091938,17.95442185707461,72300
2003-01-31,17.961206436157227,17.961206436157227,17.560712080663034,17.6489562924486,19900
2003-02-03,17.886537551879883,18.076602394683302,17.86617290669967,18.022297968922377,189200
2003-02-04,17.676111221313477,17.676111221313477,17.458892184749118,17.64895835622298,50600
2003-02-05,17.547143936157227,17.954427994185544,17.547143936157227,17.716845519108997,147400
2003-02-06,17.513195037841797,17.594652331033508,17.384222824474566,17.54713611613824,104200
2003-02-07,17.4792537689209,17.682895042515614,17.32312870618364,17.682895042515614,398900
2003-02-10,17.608230590820312,17.628593945192993,17.336708409852207,17.37743641331745,20500
2003-02-11,17.404590606689453,17.771146577271313,17.404590606689453,17.581080374593302,28400
2003-02-12,17.207738876342773,17.424956671458453,17.10591819672232,17.411380235583678,43600
2003-02-13,17.00408935546875,17.146639285146325,16.739355436421395,17.024454001056878,100500
2003-02-14,17.187368392944336,17.24167282330436,16.929422672414162,17.071971316589316,136600
2003-02-18,17.608230590820312,17.64895859428556,17.479257069340505,17.479257069340505,99300
2003-02-19,17.526762008666992,17.64215902314707,17.411364994186915,17.64215902314707,110400
2003-02-20,17.329914093017578,17.61501260635378,17.309549451093766,17.547131761327176,20200
2003-02-21,17.506406784057617,17.64216720274806,17.180578930817315,17.309552429084942,60800
2003-02-24,17.275619506835938,17.513200657548282,17.207738623180912,17.513200657548282,31400
2003-02-25,17.39101219177246,17.39101219177246,16.909059205805892,17.03803272243354,27400
2003-02-26,17.295974731445312,17.62180126609117,17.268823167584603,17.36385558317642,27400
2003-02-27,17.513195037841797,17.648956761588067,17.343493530518835,17.343493530518835,9900
2003-02-28,17.56070899963379,17.69646940123238,17.51319149961882,17.51319149961882,35200
2003-03-03,17.472469329833984,17.866176826662755,17.431741325257192,17.648959075959976,416900
2003-03-04,17.282405853271484,17.526776508387318,17.282405853271484,17.526776508387318,23300
2003-03-05,17.445316314697266,17.5675003183165,17.24167371922558,17.275614799164103,143200
2003-03-06,17.4792537689209,17.519981764695913,17.343492056711327,17.343492056711327,83300
2003-03-07,17.64896011352539,17.696476337445066,17.24167615965388,17.24167615965388,49300
2003-03-10,17.35027313232422,17.560703829130823,17.295968728730053,17.547127404552505,161000
2003-03-11,17.119491577148438,17.2756179842105,17.071975351193917,17.241676898014376,34600
2003-03-12,17.173795700073242,17.173795700073242,16.888697054942792,17.0719750328238,59700
2003-03-13,17.41816520690918,17.41816520690918,17.09912679163935,17.377437201596422,27400
2003-03-14,17.275619506835938,17.49283729875589,17.207738623180912,17.49283729875589,408900
2003-03-17,17.76435089111328,17.83901995625753,17.1059096180398,17.1059096180398,315000
2003-03-18,17.954423904418945,17.96799904397541,17.78472236012281,17.78472236012281,68800
2003-03-19,18.158061981201172,18.253094414642916,17.88653981799633,18.02230025223885,39400
2003-03-20,18.137697219848633,18.205578083904673,17.906903058889977,18.158061867481383,106100
2003-03-21,18.608705520629883,18.663156691573928,18.26838537767501,18.309223431328466,50900
2003-03-24,18.084606170654297,18.336443563849713,18.036961574210864,18.30921733832896,56400
2003-03-25,18.445344924926758,18.540634112933944,18.08460524455727,18.0914118005889,68300
2003-03-26,18.302419662475586,18.431741700011806,18.2888078413285,18.411322020963397,193000
2003-03-27,18.37047576904297,18.45215315059526,18.070993767641802,18.1050265508794,93400
2003-03-28,18.397703170776367,18.486185816410025,18.26157462556672,18.26157462556672,235800
2003-03-31,18.186702728271484,18.390895534099293,18.07780041778383,18.173090913123986,203500
2003-04-01,18.43853759765625,18.43853759765625,18.173088414614856,18.295602523406277,197100
2003-04-02,18.710805892944336,18.785676758187336,18.656354708645416,18.71761245325903,27000
2003-04-03,18.663150787353516,18.765246538297596,18.581473407667506,18.75163342531361,466700
2003-04-04,18.738021850585938,18.799279561580693,18.649537913274436,18.785666448422322,114600
2003-04-07,18.574670791625977,19.085150917179696,18.527024889404434,19.05792468733881,70100
2003-04-08,18.59508514404297,18.64953629372995,18.465763176704723,18.533827438367894,64000
2003-04-09,18.35004997253418,18.758434147511775,18.309211944501673,18.51340468109922,185200
2003-04-10,18.316020965576172,18.336440631451186,18.139054422645767,18.302407854992833,33300
2003-04-11,18.227540969848633,18.53382821280442,18.173089817886414,18.36366820064525,47600
2003-04-14,18.527023315429688,18.527023315429688,18.27518720188688,18.27518720188688,26900
2003-04-15,18.41131591796875,18.54744447006379,18.336446382712754,18.513412981149074,400200
2003-04-16,17.975711822509766,18.51341833061601,17.934873764368298,18.51341833061601,166100
2003-04-17,18.15266990661621,18.200314501669567,17.996123009092955,18.10502531156286,24000
2003-04-21,18.2003173828125,18.40451020593105,18.13225310843965,18.17309245199419,59000
2003-04-22,18.50659942626953,18.588275488069893,18.070989003203085,18.070989003203085,183900
2003-04-23,18.663150787353516,18.785666207773577,18.581473407667506,18.785666207773577,66300
2003-04-24,18.778860092163086,18.88776240215592,18.58828040056666,18.64953811221487,35300
2003-04-25,18.52022361755371,18.853738537198097,18.479385559355435,18.799287360194242,233100
2003-04-28,18.669944763183594,18.76523389342551,18.44533374317262,18.44533374317262,156500
2003-04-29,18.785669326782227,18.874151979433208,18.656347328398674,18.669960443642864,52500
2003-04-30,18.785669326782227,18.921796584569748,18.649540770776582,18.7244116064015,34100
2003-05-01,18.84012222290039,18.976249493212116,18.581478202337102,18.84012222290039,50800
2003-05-02,19.12598419189453,19.187241895534964,18.819695673692372,18.853728452502484,38500
2003-05-05,19.153209686279297,19.309757877025508,19.057920499212933,19.19404902206586,152200
2003-05-06,19.187246322631836,19.24850404040634,19.044311215085315,19.194052879964346,107100
2003-05-07,19.023893356323242,19.20766521640377,19.003473683772913,19.057924845689016,57900
2003-05-08,18.955829620361328,19.10556999534958,18.85373385113215,18.85373385113215,37100
2003-05-09,19.166824340820312,19.18724401035704,18.969439394836932,19.057922033060258,21700
2003-05-12,19.357406616210938,19.425470892214292,19.091956069619656,19.180440017889445,226900
2003-05-13,19.39824676513672,19.520762215578813,19.194055213212046,19.316569365435914,112900
2003-05-14,19.364213943481445,19.50714776037473,19.282536549386613,19.50034120268198,44800
2003-05-15,19.547990798950195,19.561603917811144,19.39825038613517,19.466314682221444,104500
2003-05-16,19.500343322753906,19.616052219674177,19.398247542699146,19.54798793356491,138200
2003-05-19,18.84012222290039,19.330182732815434,18.724413329115393,19.330182732815434,134800
2003-05-20,18.608705520629883,18.92179942900357,18.404513954144285,18.92179942900357,298900
2003-05-21,18.744831085205078,18.758442902090223,18.49980020621894,18.513413321322194,44100
2003-05-22,18.955829620361328,19.030699158746383,18.72441185105885,18.72441185105885,374700
2003-05-23,18.880962371826172,18.969446340666593,18.71760885037276,18.955833222657546,44500
2003-05-27,19.153209686279297,19.153209686279297,18.73121360222727,18.78566475172488,138300
2003-05-28,19.119184494018555,19.21447371243075,18.989862484588983,19.160022545021175,92800
2003-05-29,18.96262550354004,19.289332300449303,18.88775470908347,19.207654952113284,81400
2003-05-30,19.17363166809082,19.180438224876678,18.98985852952654,19.02389131345583,221600
2003-06-02,19.023893356323242,19.336987212786298,19.017086798806464,19.330180655269523,241600
2003-06-03,19.17363166809082,19.255309051303154,19.010278199884116,19.010278199884116,130500
2003-06-04,19.507150650024414,19.541182145311197,19.160023945582257,19.330184018452826,87100
2003-06-05,19.690919876098633,19.690919876098633,19.302955195774164,19.37101817264521,149000
2003-06-06,19.867891311645508,20.255856086473983,19.765795523251445,19.806633578965393,269000
2003-06-09,19.663694381713867,19.867887214613003,19.575211729543593,19.840660984272535,520300
2003-06-10,19.813440322875977,19.813440322875977,19.616054005015947,19.75218258962413,112600
2003-06-11,20.038049697875977,20.092500866964567,19.84066339854341,19.874696190610198,73800
2003-06-12,20.07888412475586,20.283075647415313,19.997206736761253,20.283075647415313,65600
2003-06-13,19.95636749267578,20.167365559840547,19.854271737481085,20.167365559840547,44400
2003-06-16,20.562131881713867,20.596164657507845,19.908718165081314,19.908718165081314,81400
2003-06-17,20.970510482788086,21.174703188167243,20.623384052039096,20.963703929453718,227800
2003-06-18,20.916065216064453,21.09983831294297,20.807162928629257,20.97051635978205,130900
2003-06-19,20.466848373413086,20.963715353634026,20.391977544151462,20.916070752546815,411500
2003-06-20,20.614294052124023,20.703030504404538,20.477775031139675,20.614294052124023,83600
2003-06-23,20.272993087768555,20.546029764309427,20.122821939214898,20.546029764309427,46300
2003-06-24,20.286640167236328,20.423159131054145,20.19107767372865,20.272989312407606,120200
2003-06-25,20.177431106567383,20.44364302956477,20.068216426034702,20.341253127366404,38600
2003-06-26,20.464113235473633,20.470939313503763,20.068209823314962,20.068209823314962,49000
2003-06-27,20.15012550354004,20.477769503124062,20.075039932073967,20.477769503124062,57200
2003-06-30,20.02043342590332,20.238862767983186,19.911218754863384,20.238862767983186,114500
2003-07-01,20.1296443939209,20.136470472347874,19.66548147641718,19.863433844975493,89200
2003-07-02,20.320781707763672,20.320781707763672,20.116003149689163,20.13648139607923,29000
2003-07-03,20.197912216186523,20.279822587249253,20.14330486816408,20.272997807945586,53800
2003-07-07,20.34124755859375,20.409507040724872,20.26616329999672,20.272989378403963,69200
2003-07-08,20.348079681396484,20.40268702293422,20.20473589808807,20.20473589808807,127200
2003-07-09,20.225210189819336,20.39585827252836,20.17060285543011,20.17060285543011,213300
2003-07-10,20.00678825378418,20.218392892024532,19.93170395493499,20.218392892024532,62600
2003-07-11,20.238866806030273,20.245692887074902,20.03408958245876,20.170607297525823,88500
2003-07-14,20.218385696411133,20.546029707351884,20.197907457499248,20.546029707351884,88100
2003-07-15,20.143299102783203,20.511898270949395,20.143299102783203,20.511898270949395,226500
2003-07-16,20.027252197265625,20.156945060026278,19.93168972046362,20.15011898283455,63000
2003-07-17,19.897571563720703,20.12282704172728,19.86344245872712,20.068219692572413,29600
2003-07-18,20.081871032714844,20.081871032714844,19.863441645043082,19.93170115417597,18000
2003-07-21,19.767881393432617,20.034093397094473,19.658666679806963,20.034093397094473,57400
2003-07-22,19.733749389648438,19.829311924570874,19.54262301786167,19.829311924570874,120700
2003-07-23,19.87708854675293,19.911217641316124,19.56992148791814,19.863436388151047,36700
2003-07-24,19.720094680786133,20.02726179186512,19.720094680786133,19.883916706047685,28400
2003-07-25,19.87708854675293,19.87708854675293,19.535792393354942,19.726917406015254,81100
2003-07-28,19.82930564880371,19.965824628579135,19.76104746085748,19.965824628579135,114100
2003-07-29,19.740568161010742,19.924868383207386,19.604049188581808,19.795175489594037,295000
2003-07-30,19.822486877441406,19.89757116731983,19.76105344812332,19.76105344812332,34800
2003-07-31,19.720094680786133,20.04774003325096,19.720094680786133,19.94535012826348,59400
2003-08-01,19.419757843017578,19.624535079593084,19.37880135414894,19.624535079593084,69900
2003-08-04,19.45388412475586,19.55627272818202,19.180847414972195,19.371972460849896,616300
2003-08-05,19.13306427001953,19.56309688285313,19.13306427001953,19.522141705902694,46800
2003-08-06,19.119417190551758,19.249110137620338,19.017028569999493,19.119417190551758,129400
2003-08-07,19.426584243774414,19.4880176802623,19.126244445324783,19.13989660942032,51600
2003-08-08,19.50166893005371,19.59040669057234,19.412932471477045,19.576754527116865,79900
2003-08-11,19.46071434020996,19.590407293142203,19.35149963309081,19.35149963309081,100700
2003-08-12,19.51531219482422,19.51531219482422,19.365142371115027,19.488007880363618,42200
2003-08-13,19.235445022583008,19.59039321664651,19.146707323096596,19.59039321664651,91700
2003-08-14,19.2217960357666,19.317358526091024,19.064800143964682,19.317358526091024,60200
2003-08-15,19.18084716796875,19.317364870131698,19.18084716796875,19.310540091674003,16100
2003-08-18,19.31053924560547,19.358320504366105,19.214975426142537,19.249105826644175,80400
2003-08-19,19.208148956298828,19.331015791728383,19.0921082008311,19.317363631804735,62900
2003-08-20,19.15354347229004,19.2013247347056,19.085283968007058,19.11258829049695,33200
2003-08-21,19.0443172454834,19.21496525180841,18.9760577825652,19.20131309883658,79100
2003-08-22,18.757640838623047,19.098937074996577,18.737163897683402,19.098937074996577,75200
2003-08-25,18.89415740966797,18.907809569822806,18.771290572157724,18.771290572157724,675600
2003-08-26,18.907804489135742,18.969237891383187,18.709852125907016,18.87367409791977,63600
2003-08-27,18.921463012695312,18.921463012695312,18.819074401431113,18.907812152617428,131100
2003-08-28,18.93511962890625,18.941945711521836,18.778123634574165,18.805426663094376,91500
2003-08-29,18.989721298217773,19.03067647969823,18.839551431494936,18.839551431494936,78300
2003-09-02,19.276411056518555,19.317366239877295,18.989722169123755,18.989722169123755,139400
2003-09-03,19.20132827758789,19.337847311343303,19.180851333883975,19.337847311343303,182300
2003-09-04,19.249101638793945,19.262752494083053,19.05114926477609,19.249101638793945,214500
2003-09-05,19.20132827758789,19.337847311343303,19.146720924474124,19.24911085076168,131300
2003-09-08,19.542621612548828,19.6108811191314,19.276410969012773,19.33784439474291,260800
2003-09-09,19.60405921936035,19.658666575884503,19.474367561329284,19.624537466285187,250300
2003-09-10,19.631359100341797,19.78835505203241,19.57675175619107,19.57675175619107,264200
2003-09-11,19.740568161010742,19.8156537260408,19.665482595980688,19.761046397457505,164700
2003-09-12,19.781522750854492,19.781522750854492,19.569919521553032,19.699612411356483,146700
2003-09-15,19.726913452148438,19.82930201725778,19.597220575307933,19.79517292953508,204400
2003-09-16,19.849788665771484,19.849788665771484,19.6996187934139,19.7269218147781,145500
2003-09-17,19.80200958251953,19.897572120730242,19.76105439499236,19.897572120730242,70800
2003-09-18,19.87026596069336,19.97265456432462,19.802006457625275,19.897568980755555,89900
2003-09-19,19.71006202697754,19.867523128036744,19.634753976123488,19.853830517736153,108800
2003-09-22,19.443056106567383,19.59367216766244,19.35405677521026,19.57997956105401,166500
2003-09-23,19.607364654541016,19.62790356569608,19.45674989013396,19.48413379920846,84500
2003-09-24,19.258224487304688,19.614224695192398,19.217147942025285,19.614224695192398,124700
2003-09-25,19.128137588500977,19.299291285913977,19.066522152968368,19.196599328625993,102300
2003-09-26,19.039142608642578,19.100758062537817,18.94329692738308,19.100758062537817,64000
2003-09-29,19.128137588500977,19.162367805663944,18.936444977310742,19.07336845756078,120000
2003-09-30,19.039142608642578,19.182912436331296,18.963835847281317,19.080220448439054,199900
2003-10-01,19.381450653076172,19.41568218720706,19.114451215852785,19.1692203646627,124000
2003-10-02,19.51152229309082,19.552598816505146,19.360907503372193,19.429367940463028,79400
2003-10-03,19.422531127929688,19.751146065352756,19.37460697364743,19.751146065352756,230400
2003-10-06,19.34722137451172,19.443067063184312,19.299298530175424,19.443067063184312,85400
2003-10-07,19.33352279663086,19.34036910168134,19.18290800291786,19.223984527421553,268000
2003-10-08,19.230838775634766,19.333530782209806,19.19660854204299,19.306146856496326,50900
2003-10-09,19.258224487304688,19.44307089976175,19.203455324998874,19.422533280021963,170000
2003-10-10,19.21029281616211,19.299293480183458,19.1897552058489,19.292447174812644,66200
2003-10-13,19.265058517456055,19.374596772254744,19.203443085906915,19.271904821605848,84200
2003-10-14,19.292438507080078,19.340361317345717,19.169207677369208,19.312976108166126,177600
2003-10-15,19.251365661621094,19.415673030561667,19.16921132425136,19.408826726964282,58700
2003-10-16,19.35407066345215,19.374608282303498,19.169224258991356,19.169224258991356,93600
2003-10-17,19.134986877441406,19.374601046551266,19.10760165480069,19.30614060154804,54600
2003-10-20,19.230838775634766,19.244531391391362,19.059684996076466,19.19660854204299,67600
2003-10-21,19.40883445739746,19.484141215365188,19.237680716689898,19.258218329863183,189800
2003-10-22,18.888530731201172,19.271914821937276,18.785838727264675,19.271914821937276,275300
2003-10-23,19.08022117614746,19.11445140481724,18.79268281560295,18.79268281560295,273600
2003-10-24,19.134986877441406,19.14867818296248,18.888525096872083,19.032293598337997,378100
2003-10-27,19.087064743041992,19.22398825903173,19.0596808233237,19.18975803293401,63400
2003-10-28,19.237682342529297,19.27875887814679,19.045989666648463,19.10075881607163,73100
2003-10-29,19.18290138244629,19.23082419546117,19.059670545665895,19.20343898471054,80900
2003-10-30,19.004915237426758,19.271914707232426,18.92276085128673,19.271914707232426,134600
2003-10-31,19.169218063354492,19.251372429606295,19.03229455486793,19.03229455486793,302600
2003-11-03,19.114452362060547,19.271913511106344,19.114452362060547,19.271913511106344,127400
2003-11-04,18.991226196289062,19.08022690684084,18.92961072153781,19.05968797999045,86100
2003-11-05,18.970678329467773,19.148678360888532,18.895371578104633,18.895371578104633,68200
2003-11-06,19.0665283203125,19.12129746896857,18.867989340309556,19.0665283203125,42900
2003-11-07,18.895374298095703,19.141834810633824,18.874835377967738,19.12814350301467,98400
2003-11-10,18.751605987548828,18.895375828489954,18.724222064293123,18.88852952122613,113500
2003-11-11,18.792688369750977,18.861148847323914,18.69684135070903,18.792688369750977,64500
2003-11-12,19.141834259033203,19.16921948508134,18.840604607300385,18.950142899894036,235300
2003-11-13,19.58683967590332,19.737454537404727,19.306147571496297,19.340377806355786,163200
2003-11-14,19.874378204345703,20.024993066725465,19.792223812084163,19.819609044771266,1251500
2003-11-17,19.81275749206543,19.82644879898506,19.627911137756527,19.751142040629126,188300
2003-11-18,19.69637107849121,19.935986555771503,19.682678467035355,19.853832192835664,128200
2003-11-19,19.901756286621094,19.93598781742709,19.696372324982654,19.785371693479476,87400
2003-11-20,19.641597747802734,19.867520565425046,19.579982315196737,19.819597741353498,125500
2003-11-21,19.40199089050293,19.648452729776373,19.340375430684567,19.648452729776373,571000
2003-11-24,19.71690559387207,19.730598203177873,19.511521677481376,19.511521677481376,88300
2003-11-25,19.621065139770508,19.716910818711366,19.5115268478954,19.716910818711366,535800
2003-11-26,19.621065139770508,19.682680592175185,19.38144963661892,19.682680592175185,138300
2003-11-28,19.579994201660156,19.634763363247746,19.54576265954303,19.634763363247746,39700
2003-12-01,19.89491081237793,19.915449731720372,19.662141616361303,19.751142294379125,183000
2003-12-02,19.908605575561523,19.977067341631322,19.83329750230479,19.83329750230479,517100
2003-12-03,19.95652961730957,20.120837082254525,19.92229938512091,20.05922161967521,273400
2003-12-04,19.99075698852539,20.01129460123797,19.833294558199118,19.99075698852539,109600
2003-12-05,19.84014320373535,19.956527810760694,19.78537405371163,19.949681503782788,88900
2003-12-08,19.99075698852539,20.004448295067316,19.792218026974577,19.853833476711078,184400
2003-12-09,19.908605575561523,20.059220416275416,19.86068273105254,20.03868280051418,302800
2003-12-10,19.77168083190918,19.915450662426196,19.710066682601315,19.785373445444037,96800
2003-12-11,20.01813316345215,20.100287499919446,19.785364066893493,19.785364066893493,159900
2003-12-12,20.079753875732422,20.120830401880813,19.956522991488022,20.120830401880813,99300
2003-12-15,20.045528411865234,20.23037347629775,19.9907592620705,20.175604326503016,108100
2003-12-16,20.120830535888672,20.12767684125887,19.7169076596415,19.7169076596415,109500
2003-12-17,20.161914825439453,20.161914825439453,20.02499128578092,20.161914825439453,87900
2003-12-18,20.31251335144043,20.31251335144043,20.107129512797197,20.20982143211881,616600
2003-12-19,20.280235290527344,20.403895469549173,20.17031542258531,20.403895469549173,392000
2003-12-22,20.27336883544922,20.369548409866933,20.184058107476975,20.335198936245874,230000
2003-12-23,20.287113189697266,20.321462670159843,20.24589224072375,20.266502715210507,128400
2003-12-24,20.34893035888672,20.403890278876137,20.266489823728666,20.30083928234161,59400
2003-12-26,20.403898239135742,20.424507398204703,20.355807143828645,20.390157926190856,35200
2003-12-29,20.568777084350586,20.60999671087481,20.445116894429606,20.506946989390094,121800
2003-12-30,20.623733520507812,20.66495314003145,20.582512590636092,20.658082985052832,157500
2003-12-31,20.71304702758789,20.733657496616434,20.60999730314185,20.678697556221987,221400
2004-01-02,20.761137008666992,20.912277828947328,20.692438065283223,20.74739800619925,628700
2004-01-05,20.857311248779297,20.9534907871796,20.70617047660975,20.884790555315984,191500
2004-01-06,20.919151306152344,20.93976046829972,20.82297041151986,20.932890310801074,289300
2004-01-07,21.0496826171875,21.0496826171875,20.82297263689764,20.9191535418091,262300
2004-01-08,20.960357666015625,21.0908879551243,20.82982737690695,21.0908879551243,214300
2004-01-09,20.829833984375,20.946624004235666,20.74739474114873,20.939753848908786,153400
2004-01-12,20.79548454284668,20.884793941506153,20.706173833839056,20.884793941506153,109900
2004-01-13,20.7061710357666,20.877920964889675,20.644340956454457,20.871050810482995,342500
2004-01-14,20.822961807250977,20.850442425890275,20.64434171713958,20.678692490438706,395500
2004-01-15,20.877925872802734,20.953496278693073,20.678696589566755,20.953496278693073,139800
2004-01-16,20.92601776123047,20.939758074657092,20.816097874514295,20.816097874514295,186600
2004-01-20,20.857311248779297,21.05654047980106,20.857311248779297,21.02219101904322,380200
2004-01-21,21.20768165588379,21.221420654239832,20.85731164601947,21.022191419423628,222100
2004-01-22,21.248903274536133,21.338212668834398,21.193943344887643,21.29699304918505,216100
2004-01-23,21.145849227905273,21.365688901354808,21.06340869518779,21.365688901354808,178900
2004-01-26,21.41379165649414,21.475621765953637,21.1596010608997,21.19395184968198,667100
2004-01-27,21.276384353637695,21.503094246085563,21.248905041702173,21.503094246085563,161400
2004-01-28,21.090896606445312,21.365696293330785,21.04280551468562,21.365696293330785,144800
2004-01-29,21.400041580200195,21.4069117348231,20.987841475261835,21.19394218290502,130600
2004-01-30,21.283254623413086,21.434395426088138,21.14585544230182,21.434395426088138,122700
2004-02-02,21.558063507080078,21.64050409924972,21.255784393271824,21.33135351654951,239100
2004-02-03,21.695457458496094,21.70919777140333,21.448137067559298,21.448137067559298,251000
2004-02-04,21.76415252685547,21.867202228408964,21.606142897116907,21.6130117415855,437900
2004-02-05,21.65423583984375,21.81224549270893,21.516835344096837,21.81224549270893,237200
2004-02-06,21.819114685058594,21.819114685058594,21.558054016736836,21.66110503917069,388000
2004-02-09,21.606143951416016,21.798503054276136,21.585533485960386,21.798503054276136,2212500
2004-02-10,21.70232582092285,21.74354544588877,21.57866563567685,21.674845197380073,186500
2004-02-11,21.90155601501465,21.949647108223214,21.606147161680433,21.729806041743256,203300
2004-02-12,21.76415252685547,21.970251929962462,21.709192598670402,21.970251929962462,603900
2004-02-13,21.667972564697266,21.880942118537813,21.64049194595757,21.880942118537813,297600
2004-02-17,21.80537986755371,21.860339815202266,21.722940601255132,21.743549762655523,250900
2004-02-18,21.70919418334961,21.88094413525847,21.640493940516436,21.88094413525847,173000
2004-02-19,21.633615493774414,21.832845990597576,21.62674534108938,21.832845990597576,115500
2004-02-20,21.516830444335938,21.70919083250812,21.441260057849018,21.70919083250812,492200
2004-02-23,21.47562026977539,21.60615063735696,21.379440688582925,21.60615063735696,331700
2004-02-24,21.571788787841797,21.619878553775116,21.400038875024034,21.50308856064512,228900
2004-02-25,21.599279403686523,21.613018407208973,21.46874904260989,21.606149560621976,87800
2004-02-26,21.571788787841797,21.60613955661406,21.434389643796294,21.59926940285961,144900
2004-02-27,21.509963989257812,21.62675401102806,21.48935483328835,21.571794077862542,84700
2004-03-01,21.571788787841797,21.63361886128402,21.400038875024034,21.55117963692629,183800
2004-03-02,21.434404373168945,21.599284245535014,21.41379389774241,21.571803611632962,161100
2004-03-03,21.523696899414062,21.578656813682127,21.317597548495748,21.43438753010885,148600
2004-03-04,21.619890213012695,21.640500685390926,21.52371062927805,21.55806010622655,158000
2004-03-05,21.729806900024414,21.798507154116148,21.551188073873615,21.619887017616986,310300
2004-03-08,21.70919418334961,21.84659335866781,21.640493940516436,21.84659335866781,225700
2004-03-09,21.46186637878418,21.77788686191184,21.379427164297095,21.77788686191184,242200
2004-03-10,21.132118225097656,21.537448292865545,21.05654781269566,21.537448292865545,215600
2004-03-11,20.726791381835938,21.04281077313822,20.678701588407204,21.02220161043939,185400
2004-03-12,20.78174591064453,20.836705847415775,20.64434541354229,20.816095379745963,293500
2004-03-15,20.596254348754883,20.816094082135745,20.548164570871343,20.816094082135745,143900
2004-03-16,20.74053382873535,20.79549378549487,20.5550434832912,20.78175346871781,144400
2004-03-17,20.719919204711914,20.795489621505165,20.616869470215594,20.795489621505165,323600
2004-03-18,20.69930076599121,20.74739184656993,20.486331221963027,20.678691613234008,75800
2004-03-19,20.372169494628906,20.730301255621786,20.351507592165284,20.730301255621786,175100
2004-03-22,20.11734390258789,20.37905607000417,20.041586223488036,20.31707167843812,150000
2004-03-23,20.186216354370117,20.372169536065996,20.124231960471494,20.282637252444825,252000
2004-03-24,20.07601547241211,20.2481939950119,20.000257815728357,20.2481939950119,93200
2004-03-25,20.186216354370117,20.35150763356035,20.027812376015106,20.35150763356035,325900
2004-03-26,20.268850326538086,20.379044445662664,20.16554350406098,20.248188436595658,93100
2004-03-29,20.54435157775879,20.613223284097327,20.317075866374594,20.35151106273459,440500
2004-03-30,20.496139526367188,20.613221020198367,20.372170731296713,20.613221020198367,459100
2004-03-31,20.613218307495117,20.675202696873196,20.461700327407268,20.578781805830506,266300
2004-04-01,20.757843017578125,20.833601990629056,20.661423461780885,20.661423461780885,144000
2004-04-02,21.005786895751953,21.067771290042,20.89559270892928,20.94380250146191,542900
2004-04-05,21.24683380126953,21.24683380126953,21.012670863016204,21.143526931714973,108200
2004-04-06,21.177959442138672,21.246831117682227,21.047103389967717,21.246831117682227,175500
2004-04-07,21.081539154052734,21.15040951359191,21.026442078250646,21.143523528532317,65600
2004-04-08,20.93691635131836,21.212401833516285,20.840496760953684,21.212401833516285,105300
2004-04-12,21.109085083007812,21.109085083007812,20.895584098221224,20.97134306304973,382200
2004-04-13,20.923145294189453,21.226180032765008,20.90248470053521,21.10909851878936,189800
2004-04-14,21.136638641357422,21.157299226129204,20.799168849365106,20.923136298849954,215200
2004-04-15,21.52231788635254,21.556753069523488,21.177960800170897,21.21239598334185,142300
2004-04-16,21.680727005004883,21.708276209010908,21.49477381881927,21.522323022825294,1974700
2004-04-19,21.59119415283203,21.708275639549598,21.529209759062827,21.708275639549598,886400
2004-04-20,21.233055114746094,21.763365273634683,21.233055114746094,21.763365273634683,122100
2004-04-21,21.480995178222656,21.598076638839505,21.2399449577035,21.246832256988963,149800
2004-04-22,21.653179168701172,21.694501661195073,21.377693696044588,21.481000584088513,788700
2004-04-23,21.59119415283203,21.69450103790793,21.494773254958652,21.69450103790793,127500
2004-04-26,21.4741153717041,21.763375474532374,21.44656616494975,21.763375474532374,233400
2004-04-27,21.55674934387207,21.73581515537276,21.52231416665255,21.66005750276625,177000
2004-04-28,21.363914489746094,21.591190119908582,21.28815550848591,21.591190119908582,81100
2004-04-29,21.233055114746094,21.405233635402038,21.109086369694957,21.384571740020892,264400
2004-04-30,21.253721237182617,21.41212519242203,21.212397438201627,21.315705622035974,163100
2004-05-03,21.529212951660156,21.529212951660156,21.226178238697536,21.350147044619447,276200
2004-05-04,21.494781494140625,21.598089732434,21.350152062320003,21.591202428973187,253900
2004-05-05,21.618741989135742,21.66695178114428,21.446563409894793,21.522322405118672,443300
2004-05-06,21.536102294921875,21.653183810099847,21.4190207797439,21.604974006253382,182200
2004-05-07,21.39145851135254,21.646283293635797,21.39145851135254,21.5223145516395,372800
2004-05-10,21.115978240966797,21.377690384665414,20.978234869165615,21.177962626915516,375500
2004-05-11,21.136638641357422,21.17796112451904,21.033331776644356,21.17796112451904,178700
2004-05-12,21.212398529052734,21.239947729790117,20.847380814609775,21.143528154445665,465300
2004-05-13,21.18485450744629,21.267499497501937,21.088434914508554,21.177967206005246,219500
2004-05-14,21.14352798461914,21.35702903414622,21.012671909404006,21.212398358673035,107600
2004-05-17,21.081539154052734,21.191733305656903,20.943795807738567,21.109087035144825,2092100
2004-05-18,21.07465934753418,21.171078936061054,21.012674951018795,21.08154664866015,302400
2004-05-19,20.8680419921875,21.184851241543303,20.8680419921875,21.17796394116402,1147700
2004-05-20,20.730300903320312,20.936914669971966,20.682091112009477,20.936914669971966,79700
2004-05-21,20.771623611450195,20.86804319508158,20.69586461652936,20.86804319508158,73100
2004-05-24,20.668310165405273,20.868036570036523,20.606325791715395,20.833601390705653,183600
2004-05-25,20.8680419921875,20.957575583499928,20.57189595758777,20.66142823528197,346900
2004-05-26,20.978240966796875,21.026452080473256,20.868046762773638,20.868046762773638,518600
2004-05-27,21.19173812866211,21.233060616513736,20.998897662657498,21.07465665173399,443000
2004-05-28,21.18485450744629,21.246838906797244,21.102208203772207,21.246838906797244,228200
2004-06-01,21.295045852661133,21.30882045369932,21.129754581057682,21.184851671592167,472600
2004-06-02,21.425907135009766,21.4741169367249,21.301938322817378,21.419019832819234,139800
2004-06-03,21.370805740356445,21.522322417271443,21.343256537125548,21.4190155323922,119600
2004-06-04,21.412137985229492,21.55676742721829,21.37770277912328,21.55676742721829,352800
2004-06-07,21.62561798095703,21.62561798095703,21.446552194553586,21.62561798095703,245300
2004-06-08,21.653179168701172,21.653179168701172,21.52921037760112,21.556758268057603,238100
2004-06-09,21.39834976196289,21.653174591312826,21.39834976196289,21.653174591312826,108300
2004-06-10,21.405229568481445,21.48787582068565,21.370794396339967,21.48787582068565,124700
2004-06-14,21.253721237182617,21.363915407229005,21.212397438201627,21.34325350773851,131300
2004-06-15,21.281267166137695,21.38457402685517,21.219282786983612,21.38457402685517,175400
2004-06-16,21.288158416748047,21.363917408357977,21.233061326563984,21.350142807407398,821900
2004-06-17,21.322587966918945,21.322587966918945,21.17107133738469,21.288152787266853,267900
2004-06-18,21.31292152404785,21.38198372720129,21.27838910519404,21.30601504027709,117000
2004-06-21,21.167884826660156,21.306011846817995,21.147166695730302,21.27838591587567,105200
2004-06-22,21.078109741210938,21.16789141014295,20.953795647861,21.16789141014295,129800
2004-06-23,21.202417373657227,21.23694847027537,21.0228527732337,21.133353863144038,174000
2004-06-24,21.209333419799805,21.26458531037675,21.160989332822552,21.20242825075526,519000
2004-06-25,21.022857666015625,21.16788988629837,20.981418759697238,21.06429525505681,304200
2004-06-28,20.91925621032715,21.112632440952734,20.8363797420042,21.098819476686113,391700
2004-06-29,21.029767990112305,21.12645615462123,20.91926685430855,20.933078508325934,681300
2004-06-30,21.105731964111328,21.15407603552324,20.981417884893748,21.06429437679785,176800
2004-07-01,20.808759689331055,21.147170823038003,20.656820991324963,21.133357854870955,1131500
2004-07-02,20.794950485229492,20.891638639221117,20.732793438441362,20.891638639221117,138300
2004-07-06,20.643001556396484,20.801848006001972,20.57393937175041,20.801848006001972,666500
2004-07-07,20.594661712646484,20.670631712028083,20.525598196597485,20.64991226203028,277900
2004-07-08,20.54631996154785,20.808759771370717,20.511788858271238,20.511788858271238,276000
2004-07-09,20.49798011779785,20.718982385815494,20.470354175656933,20.718982385815494,135300
2004-07-12,20.40819549560547,20.49797848312602,20.325320310346694,20.477259028172664,175300
2004-07-13,20.57394790649414,20.594666043571827,20.442727330133902,20.442727330133902,518900
2004-07-14,20.649917602539062,20.808762808438612,20.511791851995806,20.511791851995806,122600
2004-07-15,20.4220027923584,20.725881460870415,20.4220027923584,20.68444387975235,226700
2004-07-16,20.24243927001953,20.491067404615002,20.207908170115505,20.456536304710976,97800
2004-07-19,20.145750045776367,20.37365871772424,20.042155434395873,20.37365871772424,128500
2004-07-20,20.228622436523438,20.23552760091307,20.090495437750487,20.14574597380433,329000
2004-07-21,20.000722885131836,20.44272872049205,20.000722885131836,20.44272872049205,137900
2004-07-22,20.097402572631836,20.166466074263045,19.86258745745176,19.917837995301383,454300
2004-07-23,19.973094940185547,20.062876599012863,19.84187437672056,20.062876599012863,66600
2004-07-26,19.772808074951172,19.986905100334752,19.62086939779115,19.986905100334752,419800
2004-07-27,19.855682373046875,19.931652361915813,19.655398335947616,19.821151278439263,163500
2004-07-28,19.807340621948242,19.876404136488656,19.517274914700074,19.807340621948242,126800
2004-07-29,19.897127151489258,19.986910137607534,19.710657328930722,19.85568955950706,216100
2004-07-30,19.973094940185547,20.00762604343979,19.862593829039398,19.92475086871875,314600
2004-08-02,19.95237159729004,20.042154555887443,19.917840500769127,19.973091045568726,254700
2004-08-03,19.931663513183594,20.062882799927895,19.855693481811322,19.9247570269427,169700
2004-08-04,19.890222549438477,19.966192572994974,19.765909761724327,19.945473116403907,344600
2004-08-05,19.524179458618164,19.959277317635284,19.49655352863519,19.959277317635284,441200
2004-08-06,19.25483512878418,19.344618098958982,19.192679410487013,19.344618098958982,582500
2004-08-09,19.165058135986328,19.296278722692012,19.165058135986328,19.23412167200392,512300
2004-08-10,19.448213577270508,19.448213577270508,19.19958542400337,19.268648946275036,77900
2004-08-11,19.772808074951172,19.82115345690283,19.33771017560199,19.406773689684535,1819900
2004-08-12,19.662311553955078,19.841876205436343,19.662311553955078,19.772812675285508,511600
2004-08-13,19.510372161865234,19.75209385033494,19.468934572128983,19.717561427823707,1089000
2004-08-16,19.772808074951172,19.82115345690283,19.551805883708607,19.579431816252413,643400
2004-08-17,19.80044174194336,19.890223423227308,19.724471715049454,19.759004144218267,142000
2004-08-18,20.06287384033203,20.083593289801904,19.71755758616262,19.71755758616262,709100
2004-08-19,19.993816375732422,20.097411013048063,19.904033390722194,20.097411013048063,842600
2004-08-20,20.159564971923828,20.187189589581866,19.959280895475466,19.986906830410586,129100
2004-08-23,20.118118286132812,20.242432310691512,20.083587198100542,20.09740016022408,133100
2004-08-24,20.131938934326172,20.221721905130376,20.083594865713327,20.118125966929053,443000
2004-08-25,20.32530975341797,20.32530975341797,20.104307617812907,20.200995722820963,149800
2004-08-26,20.297693252563477,20.332225675583945,20.22172455647294,20.32531919097985,664600
2004-08-27,20.442739486694336,20.449645975586368,20.235548771767647,20.235548771767647,372700
2004-08-30,20.187196731567383,20.408199020127935,20.1664785903133,20.408199020127935,110100
2004-08-31,20.297693252563477,20.297693252563477,20.152661027709247,20.201005102660655,598000
2004-09-01,20.380569458007812,20.387475942512776,20.23553591795804,20.339131868255258,462400
2004-09-02,20.58775520324707,20.629194103190205,20.339128389973276,20.408190588657828,278400
2004-09-03,20.54631996154785,20.712071628374474,20.47725643771747,20.47725643771747,1711100
2004-09-07,20.684446334838867,20.98141723825628,20.573945227223756,20.71897743698967,188400
2004-09-08,20.636106491088867,20.75351411412861,20.601575379662016,20.75351411412861,401100
2004-09-09,20.55323028564453,20.68445087371065,20.53251082944123,20.68445087371065,506500
2004-09-10,20.52560043334961,20.546319885605286,20.34603579896518,20.546319885605286,160700
2004-09-13,20.54631996154785,20.60847700126748,20.47725643771747,20.553226445658606,3257800
2004-09-14,20.705163955688477,20.760414508125706,20.58084988338544,20.58084988338544,178100
2004-09-15,20.62229347229004,20.705168661141546,20.601574016438473,20.705168661141546,169000
2004-09-16,20.61538314819336,20.67063370289856,20.573945561483747,20.649914250905184,58700
2004-09-17,20.677030563354492,20.71166492649129,20.607760515864637,20.71166492649129,948100
2004-09-20,20.448429107666016,20.642383548719533,20.386086231265804,20.642383548719533,160200
2004-09-21,20.552337646484375,20.62853480453801,20.41379759933519,20.4692133539517,203600
2004-09-22,20.296049118041992,20.53849366133938,20.240633335678286,20.53849366133938,2548800
2004-09-23,20.150583267211914,20.365319259597516,20.150583267211914,20.365319259597516,187800
2004-09-24,20.205997467041016,20.29604761124044,19.984334354042712,19.984334354042712,531000
2004-09-27,20.088241577148438,20.226781702718842,20.08131443874826,20.206000287518314,402100
2004-09-28,20.240631103515625,20.35146265602039,19.98433363380447,20.226778150364773,673400
2004-09-29,20.3306884765625,20.33761561576006,20.21985689183493,20.29605278057469,668100
2004-09-30,19.942773818969727,20.08823974848174,19.84579521141195,20.08823974848174,1650500
2004-10-01,20.129796981811523,20.164432663308858,19.94276958659055,19.94276958659055,644200
2004-10-04,20.219850540161133,20.316827816030052,20.129799080097456,20.129799080097456,227300
2004-10-05,20.157514572143555,20.289127578458853,20.115953056913316,20.289127578458853,210100
2004-10-06,20.136722564697266,20.780931657473513,19.991256677278656,20.199065465366967,403800
2004-10-07,19.679546356201172,20.157508255839385,19.603349167807973,20.150581118602155,549100
2004-10-08,19.40939712524414,19.707257458962317,19.39554284897434,19.596425891236926,315700
2004-10-11,19.5410099029541,19.568718457077285,19.402471095987927,19.409398234518722,220500
2004-10-12,19.506370544433594,19.55485918053577,19.360904636127067,19.40246613546947,221900
2004-10-13,19.298561096191406,19.58949422451848,19.236218188605875,19.506369907332374,1533800
2004-10-14,19.166950225830078,19.43710197389241,19.160023088544335,19.2916360545408,170800
2004-10-15,19.194656372070312,19.215437782756442,19.00070182386485,19.153094871914323,229300
2004-10-18,19.37476348876953,19.39554490537757,19.132320234425627,19.153100329817022,518500
2004-10-19,19.05611801147461,19.43017416343092,19.02148232624587,19.43017416343092,474800
2004-10-20,19.049192428588867,19.08382679542701,18.848309401521693,19.08382679542701,268600
2004-10-21,18.869091033935547,19.049192650265848,18.751332335612517,19.049192650265848,316000
2004-10-22,18.730552673339844,18.945288661836305,18.68898984623747,18.924507248285117,402300
2004-10-25,18.626644134521484,18.806745727983788,18.495032498742926,18.806745727983788,203700
2004-10-26,18.979928970336914,18.979928970336914,18.668215596805677,18.668215596805677,463500
2004-10-27,19.478666305541992,19.547935041329172,19.014558641199077,19.049193009092665,480600
2004-10-28,19.444028854370117,19.541006132657028,19.395540215226664,19.5340803166791,263800
2004-10-29,19.49944496154785,19.541006464202212,19.340124767025852,19.534080648106777,303700
2004-11-01,19.319339752197266,19.46480696618364,19.23621676239028,19.46480696618364,1321300
2004-11-02,19.17387580871582,19.54793194330742,19.063044263561554,19.291634490594262,1214700
2004-11-03,19.74189567565918,20.97489875840856,19.65877132305787,20.365323695910327,1322700
2004-11-04,19.783447265625,19.811155809662463,19.40246403362261,19.811155809662463,1230700
2004-11-05,19.90121078491211,19.970480840669502,19.797306361884225,19.880430693036384,707400
2004-11-08,19.894285202026367,19.894285202026367,19.762673539139442,19.86657797028784,379100
2004-11-09,19.90121078491211,20.00511520793999,19.845795004549476,19.915065060306873,410000
2004-11-10,19.845796585083008,19.97740956938217,19.741892153780103,19.949701016385916,301000
2004-11-11,19.9497013092041,20.039752786547165,19.866578291428322,19.9497013092041,242400
2004-11-12,19.977413177490234,20.01897469327449,19.790384374635934,19.963558898489893,354400
2004-11-15,20.08131217956543,20.16443650979935,19.921991977934855,19.92891911555572,445200
2004-11-16,19.984331130981445,20.122869893653746,19.94969544940125,20.122869893653746,747600
2004-11-17,19.977413177490234,20.11595332506011,19.91507024320547,20.03282897227483,562600
2004-11-18,19.9219913482666,19.99818853847132,19.87350270766955,19.942772760472355,238300
2004-11-19,19.679546356201172,19.873502235194614,19.65876494448948,19.831939411771234,839300
2004-11-22,19.71417999267578,19.769597088525803,19.568714079718326,19.74188854060079,292900
2004-11-23,19.651840209960938,19.741890356567957,19.575643017374407,19.741890356567957,162900
2004-11-24,19.700336456298828,19.79731377795703,19.624139234300575,19.74189797683564,302400
2004-11-26,19.818078994750977,19.901201967859812,19.71417329654118,19.776516186980725,3009300
2004-11-29,19.811159133911133,19.921990686225953,19.748816220582004,19.880429184411977,809000
2004-11-30,19.880430221557617,19.928918863072923,19.769598663460805,19.776524479777514,340200
2004-12-01,20.212921142578125,20.219848278824948,19.8804265300275,19.8804265300275,669100
2004-12-02,20.40688133239746,20.434589885069617,20.15751096443062,20.26141539451818,487500
2004-12-03,20.268341064453125,20.496931322573346,20.226779559672107,20.406879854128658,771200
2004-12-06,20.226776123046875,20.30989911848592,20.06745462622569,20.2683376207664,370900
2004-12-07,20.018966674804688,20.399951267412504,19.998186585844277,20.399951267412504,300200
2004-12-08,20.309898376464844,20.34453405764586,20.046673805569846,20.053600941806046,372600
2004-12-09,20.441518783569336,20.503861711233867,20.12980414524668,20.36532157837566,1360000
2004-12-10,20.427663803100586,20.53849537708666,20.36532087758135,20.53849537708666,1367700
2004-12-13,20.524633407592773,20.538487679452725,20.372240380781555,20.50385332101893,661900
2004-12-14,20.704736709594727,20.718590982613268,20.4969278991814,20.607759440897333,479500
2004-12-15,20.767093658447266,20.77402079964026,20.566211848718762,20.711677850120395,604900
2004-12-16,21.058021545410156,21.08573010302795,20.787869714720408,20.82943122993035,623500
2004-12-17,20.636262893676758,20.70574419832051,20.274954278337137,20.497297633847385,1019000
2004-12-20,20.38612937927246,20.705747675170095,20.36528418921651,20.684903810385304,2002900
2004-12-21,20.580669403076172,20.587616470740933,20.386118376701702,20.386118376701702,3683200
2004-12-22,20.733539581298828,20.74743637354302,20.566782050181672,20.601522705521102,912000
2004-12-23,20.816913604736328,20.900293016590588,20.601518668246445,20.601518668246445,642900
2004-12-27,20.78911590576172,20.928081114029997,20.775219119880802,20.91418432814908,563100
2004-12-28,21.0045108795166,21.01145927248805,20.844701816984628,20.87944245657142,413000
2004-12-29,21.046207427978516,21.05315449772296,20.962828013065955,21.05315449772296,300100
2004-12-30,21.060102462768555,21.122636691358547,21.011465023925407,21.122636691358547,268000
2004-12-31,20.976726531982422,21.087898210847964,20.96977813639446,21.087898210847964,236300
2005-01-03,20.733539581298828,21.15738246784934,20.719642789054635,21.15738246784934,606200
2005-01-04,20.56678009033203,20.87944993440512,20.476452274623348,20.830812491456257,454300
2005-01-05,20.53203010559082,20.664046917302162,20.525083038111113,20.55287528384116,448300
2005-01-06,20.684904098510742,20.76133381257152,20.532042019846827,20.6362666463072,1247500
2005-01-07,20.671005249023438,20.77522853984666,20.643211664659354,20.7404878846626,173600
2005-01-10,20.851652145385742,20.879444394580734,20.66404949355488,20.740480498064617,456100
2005-01-11,20.70574188232422,20.803018083432534,20.66405283914682,20.70574188232422,570800
2005-01-12,20.84470558166504,20.872499158570527,20.677948096044204,20.809964935803876,318000
2005-01-13,20.53203010559082,20.872494723994347,20.504237859860773,20.844701152993892,247500
2005-01-14,20.615407943725586,20.657096971822227,20.497287926393188,20.601511159269936,275800
2005-01-18,20.782169342041016,20.782169342041016,20.55287765590571,20.636257053259712,255500
2005-01-19,20.6501522064209,20.84470324715844,20.643203812972715,20.84470324715844,549300
2005-01-20,20.545928955078125,20.71268642202162,20.525085100004276,20.601514777392623,509700
2005-01-21,20.40696907043457,20.63626079818009,20.40696907043457,20.63626079818009,350300
2005-01-24,20.233259201049805,20.497291525719696,20.233259201049805,20.497291525719696,341200
2005-01-25,20.372224807739258,20.504241643813632,20.344432556880292,20.427810634727837,174900
2005-01-26,20.497297286987305,20.5945721720592,20.42781465824842,20.4347630536494,498200
2005-01-27,20.455612182617188,20.566783879919086,20.39307793722597,20.566783879919086,741800
2005-01-28,20.288846969604492,20.525087068414802,20.212415959615665,20.497293491956803,506200
2005-01-31,20.323585510253906,20.427808760637,20.226310653265756,20.38611972553787,690500
2005-02-01,20.518142700195312,20.518142700195312,20.323591602628174,20.39307423213579,806900
2005-02-02,20.601520538330078,20.622365724503542,20.427814629363937,20.427814629363937,327600
2005-02-03,20.53898048400879,20.63625666664444,20.47644626848249,20.63625666664444,407700
2005-02-04,20.726587295532227,20.740484085168482,20.49034717279904,20.56677819052766,369100
2005-02-07,20.74048614501953,20.803020379322508,20.566780233127023,20.566780233127023,671100
2005-02-08,20.78911590576172,20.830804938134026,20.72658169456804,20.72658169456804,434800
2005-02-09,20.56678009033203,20.886398329865088,20.55983169487206,20.80996863034727,485000
2005-02-10,20.601520538330078,20.671003166970717,20.50424565339573,20.636262515285853,314000
2005-02-11,20.80997657775879,20.935043767989118,20.615425406392557,20.615425406392557,281600
2005-02-14,20.823862075805664,20.85860404973508,20.74743238370254,20.844707260163315,415000
2005-02-15,20.816913604736328,20.91418980611143,20.768276166684174,20.879447832309328,214100
2005-02-16,20.78911590576172,20.844701724014943,20.677944269255274,20.844701724014943,211300
2005-02-17,20.761329650878906,20.837760674889957,20.698796742917306,20.761329650878906,198500
2005-02-18,21.073999404907227,21.108740054254746,20.712690820501397,20.837759278585786,947900
2005-02-22,20.823862075805664,21.129584820030548,20.78217303236116,21.122636425244664,3282500
2005-02-23,20.921144485473633,20.997574200255766,20.82386825487726,20.91419608862595,482400
2005-02-24,21.080942153930664,21.108734400911192,20.78911627164754,20.99756276244814,410100
2005-02-25,21.254650115966797,21.282442365708,21.05315067294302,21.05315067294302,448200
2005-02-28,20.935029983520508,21.331080463590943,20.858600305138264,21.331080463590943,779800
2005-03-01,21.10179328918457,21.150430729081457,21.04620745426372,21.05315452401684,390800
2005-03-02,21.122636795043945,21.275498832467978,21.025361916880154,21.122636795043945,758500
2005-03-03,21.10179328918457,21.275499188971082,21.039259059239757,21.26160239892316,312900
2005-03-04,21.29633903503418,21.310235822462964,21.19211577985948,21.206012567288266,333800
2005-03-07,21.344987869262695,21.456159577544952,21.261609750686656,21.261609750686656,438600
2005-03-08,21.206012725830078,21.400562450205197,21.17821915076472,21.400562450205197,731200
2005-03-09,21.073999404907227,21.28244595153399,21.039258755559707,21.28244595153399,386000
2005-03-10,21.15043067932129,21.226860373863367,21.080948054515986,21.192119724096134,577600
2005-03-11,20.983667373657227,21.226854505336284,20.914184768061578,21.226854505336284,428700
2005-03-14,21.01841163635254,21.03230842492088,20.844705755060367,21.01841163635254,1195700
2005-03-15,20.775224685668945,21.080947430601565,20.76132789606501,21.06705064099763,688100
2005-03-16,20.573728561401367,20.78217512488281,20.538986583973838,20.726589286269697,1745900
2005-03-17,20.643211364746094,20.67100494870638,20.51119581674781,20.650159760736166,196200
2005-03-18,20.622997283935547,20.73454821115396,20.497502158366846,20.622997283935547,1285200
2005-03-21,20.539325714111328,20.69270917880754,20.44869111843839,20.678764985691256,667400
2005-03-22,20.546300888061523,20.71362724114444,20.504469632238706,20.671795985321623,233000
2005-03-23,20.769407272338867,20.811238534708203,20.546304103521415,20.546304103521415,274800
2005-03-24,20.77637481689453,20.92975830476449,20.755459853851647,20.88095495127556,612300
2005-03-28,20.76243019104004,20.880953180803008,20.76243019104004,20.880953180803008,243500
2005-03-29,20.692705154418945,20.846087259493427,20.678760964014575,20.776367637262773,525700
2005-03-30,21.0203857421875,21.0203857421875,20.720592296137237,20.720592296137237,304700
2005-03-31,20.818204879760742,21.020390366826636,20.79031649269428,21.020390366826636,898600
2005-04-01,20.636940002441406,20.985536957449565,20.595108740182145,20.943705695190307,344700
2005-04-04,20.74152183532715,20.846100671059467,20.636942999594833,20.74152183532715,215800
2005-04-05,21.159833908081055,21.16680600625314,20.92975998756925,20.936732085741333,456500
2005-04-06,21.173768997192383,21.32017900645724,21.15982480684587,21.201656048094232,1220800
2005-04-07,21.38990592956543,21.39687802711852,21.02736483555444,21.159832029479922,1007500
2005-04-08,21.236520767211914,21.410819202910467,21.19468951498589,21.368987950684446,552900
2005-04-11,21.215604782104492,21.33412776585111,21.194688492105158,21.33412776585111,417200
2005-04-12,21.355043411254883,21.368987605035183,21.020390739276724,21.15285792060656,373100
2005-04-13,21.45265007019043,21.543284664400865,21.264407455532496,21.389902531971117,420600
2005-04-14,21.368989944458008,21.508429237943457,21.327158688329035,21.508429237943457,1148000
2005-04-15,21.47356414794922,21.682723043355203,21.43870499694391,21.43870499694391,4044300
2005-04-18,21.327157974243164,21.89188456734664,21.173775820378108,21.89188456734664,1153800
2005-04-19,21.31321144104004,21.424762327938012,21.173773497313306,21.362014787833967,926900
2005-04-20,21.04827880859375,21.36898728194259,20.9994754608921,21.36898728194259,433100
2005-04-21,21.33412742614746,21.355042386022298,21.145884808525256,21.299266943370323,429400
2005-04-22,21.257434844970703,21.4247611662449,21.15982815667527,21.4247611662449,795200
2005-04-25,21.306241989135742,21.403850024631186,21.215607380952434,21.33413037921776,344500
2005-04-26,21.173768997192383,21.389898628398633,21.173768997192383,21.334123196803755,345200
2005-04-27,21.33412742614746,21.38293077224401,21.048278116332163,21.145884808525256,339100
2005-04-28,21.22955322265625,21.36899119450692,21.19469273234978,21.215609026533663,347100
2005-04-29,21.543289184570312,21.543289184570312,21.201664365803598,21.320187370664843,429800
2005-05-02,21.633913040161133,21.64785589839621,21.522362195534747,21.64785589839621,502700
2005-05-03,21.61997413635254,21.717580816809292,21.529338221821593,21.64786118942963,2936300
2005-05-04,21.836105346679688,21.843077442895602,21.613003586936003,21.71758237059193,532500
2005-05-05,21.829133987426758,21.89188152569698,21.73849939314278,21.89188152569698,637000
2005-05-06,21.731529235839844,21.996462275672414,21.731529235839844,21.996462275672414,1699700
2005-05-09,21.891878128051758,21.905822318790193,21.67574849077091,21.79427145246516,1036100
2005-05-10,21.752445220947266,21.926743655955523,21.710612639095384,21.926743655955523,550000
2005-05-11,21.84307861328125,21.870966999639204,21.62694893817292,21.717583534253365,573500
2005-05-12,21.8151912689209,21.961601305994304,21.766386593438327,21.89188167081064,716500
2005-05-13,21.66878318786621,21.85702583246941,21.50842893348199,21.808222479377832,1828500
2005-05-16,21.926742553710938,21.926742553710938,21.717583644340408,21.75244412746456,653500
2005-05-17,21.91280174255371,21.933716705864825,21.710614898601843,21.926745937955566,1428900
2005-05-18,21.961606979370117,22.052241597668658,21.90583152277291,22.003438239370077,628700
2005-05-19,21.954626083374023,22.031317804135053,21.836103119375725,21.996457326611292,490300
2005-05-20,21.940689086914062,21.996464539450105,21.313214913435626,21.313214913435626,311400
2005-05-23,21.98251724243164,22.052235546704143,21.863994263460405,21.933712567732908,508600
2005-05-24,22.010400772094727,22.066176204452297,21.96159743500575,22.031317057900516,540200
2005-05-25,21.87096405029297,22.03131826085274,21.787300232292807,22.03131826085274,748700
2005-05-26,21.954626083374023,21.996457326611292,21.891878553622497,21.891878553622497,821000
2005-05-27,21.884912490844727,22.06618303456302,21.85005333350304,22.06618303456302,791100
2005-05-31,21.8151912689209,21.961601305994304,21.766386593438327,21.961601305994304,1182500
2005-06-01,21.87096405029297,21.94068234720329,21.752441083837645,21.85004776334511,591900
2005-06-02,21.87096405029297,21.92673948569599,21.787300232292807,21.8570198589944,408900
2005-06-03,21.79427146911621,21.89187814477738,21.745468131285623,21.89187814477738,1874900
2005-06-06,21.801246643066406,21.863994180506722,21.73849910562609,21.780330353989164,537100
2005-06-07,21.808225631713867,21.99646697373534,21.787309336026222,21.86400109042242,453800
2005-06-08,21.65484046936035,21.870971518920108,21.619981309001286,21.870971518920108,494900
2005-06-09,21.74547576904297,21.815195417485118,21.62695276562882,21.661811924954048,373200
2005-06-10,21.696678161621094,21.808229096762215,21.619986395039554,21.717593130840026,966000
2005-06-13,21.78730010986328,21.870963927393312,21.640890091424808,21.752440961604005,363300
2005-06-14,21.975543975830078,22.03131941415284,21.787301372818998,21.85702100317029,1039800
2005-06-15,21.891878128051758,22.066176522908528,21.79427145246516,22.066176522908528,685800
2005-06-16,22.031320571899414,22.03829266828006,21.926741785772535,21.996460089996177,979500
2005-06-17,22.140413284301758,22.217338710279236,21.958590398982714,21.958590398982714,536300
2005-06-20,22.11244010925293,22.203350880296867,22.02852134580634,22.203350880296867,484500
2005-06-21,22.077478408813477,22.1683905343181,22.035519684496464,22.1683905343181,400800
2005-06-22,22.00055694580078,22.140421163928647,21.97957824677243,22.02853032296397,507300
2005-06-23,21.853700637817383,22.049510275716077,21.846707293551997,22.02853024291992,561800
2005-06-24,21.748796463012695,21.92362601442945,21.748796463012695,21.92362601442945,358200
2005-06-27,21.657882690429688,21.75578813873763,21.60893063319748,21.74879479715538,869400
2005-06-28,21.874677658081055,21.881671001383335,21.74180680302548,21.818732245506684,529200
2005-06-29,21.84670066833496,21.95859147496113,21.818728633600234,21.95859147496113,403100
2005-06-30,21.699848175048828,21.888663109687585,21.657888115045676,21.867684413529865,625900
2005-07-01,21.6718692779541,21.74879470117582,21.587951847024517,21.74879470117582,483900
2005-07-05,21.748796463012695,21.811735208230218,21.573966911595946,21.594945604106037,443900
2005-07-06,21.60893440246582,21.783763970987135,21.573969022299057,21.67187315384099,1084000
2005-07-07,21.601940155029297,21.629913525066257,21.39913855763614,21.39913855763614,387400
2005-07-08,21.860687255859375,21.91663265892482,21.573966898418522,21.650890993981243,667900
2005-07-11,21.93061637878418,21.993555115455813,21.811732246609264,21.92362303761584,545800
2005-07-12,21.9166259765625,21.97257136257024,21.839700570610653,21.9585846826075,583600
2005-07-13,21.797754287719727,21.92363181143909,21.74180886982712,21.895658435570798,728300
2005-07-14,21.93061637878418,21.993555115455813,21.853690959775868,21.92362303761584,1118500
2005-07-15,22.0355224609375,22.06349450272534,21.93062497000615,21.958597011793994,454500
2005-07-18,21.90264320373535,22.06348605046939,21.88865652127758,22.06348605046939,626500
2005-07-19,21.90964126586914,22.007545396482207,21.832715829619595,21.993560044854444,322600
2005-07-20,22.224328994750977,22.24530768342718,22.028519452765003,22.028519452765003,1247900
2005-07-21,21.986562728881836,22.224331003554898,21.937610672421528,22.203350979138982,709000
2005-07-22,21.95859146118164,22.028523548740015,21.88166736532669,22.028523548740015,838100
2005-07-25,21.82572364807129,22.028526596666584,21.818731638807282,22.028526596666584,506400
2005-07-26,21.93061637878418,22.007540463949052,21.832710936270843,21.958588409614105,431400
2005-07-27,22.1334285736084,22.161401951724493,21.951605617386033,22.02853107336121,424100
2005-07-28,22.343219757080078,22.378185137820413,22.161396842774035,22.168390185690857,1833600
2005-07-29,22.189373016357422,22.378189308772757,22.189373016357422,22.378189308772757,958000
2005-08-01,22.30125617980957,22.406154973162124,22.252304120961615,22.343216230688018,1020700
2005-08-02,22.38517189025879,22.427131937906385,22.27328243139559,22.357199859003856,725300
2005-08-03,22.441125869750977,22.441125869750977,22.308255010298424,22.343221727966935,723600
2005-08-04,22.21733283996582,22.420135697105575,22.21733283996582,22.38516766349178,694700
2005-08-05,22.063478469848633,22.19634923985853,22.04249978721333,22.19634923985853,597400
2005-08-08,21.979570388793945,22.14740659023736,21.930618330103393,22.133419906656187,416500
2005-08-09,22.23133087158203,22.23133087158203,22.028527910887522,22.028527910887522,394400
2005-08-10,22.19635772705078,22.406153970524294,22.161392353393612,22.245309783708215,1930400
2005-08-11,22.329233169555664,22.37119189339755,22.182375635343384,22.20335566418622,432600
2005-08-12,22.203359603881836,22.315250443209624,22.133427495840962,22.308257099021134,204700
2005-08-15,22.21733283996582,22.273278225755544,22.119427414451398,22.17537280024112,521500
2005-08-16,22.063478469848633,22.27327463310263,22.05648646486553,22.259287955450432,431800
2005-08-17,22.105451583862305,22.20335571767717,22.035519488061492,22.063491526075545,403500
2005-08-18,22.11244010925293,22.21733756317855,22.049501370128862,22.11244010925293,375700
2005-08-19,21.95859146118164,22.27328518827252,21.95159811904144,22.27328518827252,1864600
2005-08-22,21.95859146118164,22.070482267737592,21.86068733890609,21.96558480332184,1283000
2005-08-23,21.8187313079834,21.95160082348589,21.790757935976266,21.95160082348589,2321400
2005-08-24,21.748796463012695,21.98656475964697,21.741803120894794,21.888659303839926,1617800
2005-08-25,21.776765823364258,21.853691243370832,21.755787133430438,21.783759164623355,966900
2005-08-26,21.699848175048828,21.81873234403671,21.671874801713393,21.81873234403671,718300
2005-08-29,21.9166259765625,21.93760599650661,21.50402825456422,21.671864412587436,1147400
2005-08-30,21.888669967651367,21.909650004226222,21.75580040421011,21.853704573870882,394700
2005-08-31,22.11244010925293,22.13341879973196,21.811733096514267,21.874671835638335,691500
2005-09-01,22.119428634643555,22.378176891846575,22.070476586107564,22.16838201702283,485300
2005-09-02,22.105451583862305,22.224335746570546,22.084471554968925,22.18936903174825,817000
2005-09-06,22.455106735229492,22.469093418670784,22.105447652258462,22.105447652258462,641900
2005-09-07,22.601966857910156,22.65791360144802,22.504062724406456,22.51804941029092,1813800
2005-09-08,22.587976455688477,22.692875248719485,22.483080330344592,22.61594982285503,1928900
2005-09-09,22.664905548095703,22.72085229147941,22.57399342394095,22.62294549055792,665000
2005-09-12,22.587976455688477,22.74182730741739,22.566997764157126,22.727840623834112,566500
2005-09-13,22.350210189819336,22.587978496846663,22.315244811545067,22.587978496846663,776400
2005-09-14,22.287275314331055,22.448116873019583,22.266295284670548,22.37818610850557,1536900
2005-09-15,22.273286819458008,22.406157662165366,22.252306791500935,22.273286819458008,650600
2005-09-16,22.445844650268555,22.459873624265356,22.277500975936732,22.375701118161146,509400
2005-09-19,22.284502029418945,22.438816636730223,22.221373022365288,22.41076004352626,688400
2005-09-20,22.116168975830078,22.35465615193809,22.07408205919236,22.284512628751656,613200
2005-09-21,22.01095199584961,22.158253521460814,21.982895390609034,21.982895390609034,1017400
2005-09-22,22.0600528717041,22.130195052075702,21.92678032082066,22.067066019440198,1725700
2005-09-23,22.074077606201172,22.17929353869388,21.91274847193071,21.91976295662197,1253300
2005-09-26,22.039011001586914,22.207354654776218,21.905738441108387,22.207354654776218,463300
2005-09-27,21.912744522094727,22.05303151488043,21.884687926263137,22.03900254802668,472200
2005-09-28,21.92677879333496,22.039007879562902,21.856635279973435,21.989907821572707,470500
2005-09-29,21.97587013244629,22.00392806180947,21.75141204904366,21.828570016916704,700100
2005-09-30,21.989900588989258,22.010942699563497,21.905728133064905,21.989900588989258,957000
2005-10-03,22.01095199584961,22.08811000154483,21.919766356472287,22.060053396304255,1464100
2005-10-04,22.102140426635742,22.298542027741444,21.344593305051536,21.344593305051536,618700
2005-10-05,21.73739242553711,22.10915212210073,21.73739242553711,22.10213763674561,1116100
2005-10-06,21.590087890625,21.821560509136166,21.42174428969652,21.744402523673774,2054400
2005-10-07,21.569046020507812,21.709333033840423,21.55501705159933,21.709333033840423,450900
2005-10-10,21.540985107421875,21.660228650921688,21.44278501437824,21.604114120914478,1276300
2005-10-11,21.358625411987305,21.674269311874667,21.33056746290755,21.56905467857888,712400
2005-10-12,21.407712936401367,21.604113113328808,21.323540476378277,21.323540476378277,1276500
2005-10-13,21.5129337310791,21.590091730263474,21.351604585399276,21.379661188272344,1285300
2005-10-14,21.61113739013672,21.69530988830477,20.94477724263524,21.569051809990928,1362300
2005-10-17,21.6041202545166,21.639192681900937,21.49890564811621,21.569049165008575,895500
2005-10-18,21.576065063476562,21.69530864863981,21.55502160566785,21.639194099026305,1029900
2005-10-19,21.786497116088867,21.821569550319467,21.463838748426756,21.477867722118994,1051800
2005-10-20,21.33757972717285,21.849625203642322,21.2884796592753,21.849625203642322,1750100
2005-10-21,21.204303741455078,21.533977866283283,21.14818919606164,21.533977866283283,1361700
2005-10-24,21.379661560058594,21.379661560058594,21.16923235228441,21.18326132290303,937700
2005-10-25,21.24639320373535,21.393693401367347,21.08506269572582,21.393693401367347,1216500
2005-10-26,20.979841232299805,21.260413901392337,20.979841232299805,21.1902703996502,1346900
2005-10-27,20.902692794799805,21.0570088366982,20.888665158344462,21.028950888034263,2871100
2005-10-28,21.21833610534668,21.2253505918771,20.93776333351244,20.93776333351244,1076600
2005-10-31,21.3165283203125,21.407715273448577,21.26041378679646,21.358615223856543,1238900
2005-11-01,21.253395080566406,21.35861098064778,21.183252931013154,21.35861098064778,1293600
2005-11-02,21.253395080566406,21.295481975749254,21.141166035830306,21.169223965952206,1188900
2005-11-03,21.38666343688965,21.53396486579124,20.69224585517625,20.69224585517625,1788800
2005-11-04,21.4989013671875,21.519944819427863,21.379657813577527,21.379657813577527,507900
2005-11-07,21.540985107421875,21.604114120914478,21.4147284183126,21.604114120914478,508900
2005-11-08,21.49188995361328,21.540990011312918,21.47084783624271,21.498904438695547,576000
2005-11-09,21.5129337310791,21.576062759888814,21.42174809939632,21.5129337310791,328100
2005-11-10,21.793502807617188,21.807531775647682,21.519944620402654,21.5269591044179,1473800
2005-11-11,21.800519943237305,21.835591029703227,21.646205289760587,21.80753442810573,1651500
2005-11-14,21.653221130371094,21.83559239686386,21.611134218525432,21.83559239686386,296900
2005-11-15,21.765443801879883,21.884687341197097,21.65321474580202,21.65321474580202,451600
2005-11-16,21.723360061645508,21.849618102563625,21.66724552544591,21.828575987661324,328200
2005-11-17,21.835582733154297,21.86364066196722,21.69529710271671,21.779468213404126,397200
2005-11-18,21.92677879333496,21.968864366201377,21.83559182460211,21.954835395953825,1958400
2005-11-21,21.96885871887207,21.989902168833957,21.842600694852546,21.989902168833957,514500
2005-11-22,21.842607498168945,21.989909018030357,21.78649295200182,21.954836590503206,684600
2005-11-23,21.89871597290039,21.926773907143026,21.8075303623637,21.88468834365501,718500
2005-11-25,21.92677879333496,21.954835395953825,21.88469322046854,21.90573533796363,115200
2005-11-28,21.695308685302734,21.94782482792843,21.66725074151037,21.94782482792843,861200
2005-11-29,21.716344833374023,21.856631838004763,21.702317203211773,21.793502819708532,490500
2005-11-30,21.576065063476562,21.786494290058105,21.576065063476562,21.7303797404446,542000
2005-12-01,21.793502807617188,21.828575227693428,21.69530270715577,21.744402757386478,488200
2005-12-02,21.870670318603516,21.884699292743644,21.688297668411714,21.74441222709561,585700
2005-12-05,21.912744522094727,21.919759005521605,21.814544429870285,21.870658959409383,2846000
2005-12-06,21.870670318603516,22.024985020515068,21.84962685739333,21.940813851427535,719200
2005-12-07,21.779481887817383,21.85663990262149,21.716352846227934,21.849625416014163,887300
2005-12-08,21.856632232666016,21.954832334955096,21.758432130376935,21.758432130376935,338800
2005-12-09,21.88469123840332,21.94080577643508,21.828576700371563,21.856633300449385,492600
2005-12-12,21.89171028137207,21.982897266406734,21.709338987055705,21.954839320895612,753200
2005-12-13,22.130191802978516,22.16526422589141,21.856633593638648,21.856633593638648,1674000
2005-12-14,22.193330764770508,22.312574380320708,22.13721620085728,22.186316277046764,3037800
2005-12-15,22.256450653076172,22.347637618065015,22.200336112266186,22.347637618065015,569300
2005-12-16,22.308521270751953,22.414081825958608,22.308521270751953,22.392969178007164,501300
2005-12-19,22.505573272705078,22.730769541691835,22.48446196140985,22.491498170324498,985000
2005-12-20,22.477428436279297,22.575952828314996,22.44927822647599,22.561877723413343,408200
2005-12-21,22.547800064086914,22.787071451204618,22.505574754165625,22.787071451204618,469200
2005-12-22,22.695585250854492,22.737810561945796,22.55483689843501,22.667435043460287,625600
2005-12-23,22.723726272583008,22.780023980062523,22.681500978560532,22.772987773334002,741800
2005-12-27,22.540761947631836,22.87152017537842,22.52668684383926,22.87152017537842,432600
2005-12-28,22.540761947631836,22.66743519721344,22.533725738011327,22.632248780007785,323300
2005-12-29,22.463356018066406,22.653364587860843,22.449280911481324,22.653364587860843,462300
2005-12-30,22.322603225708008,22.414090058156738,22.28741680847436,22.414090058156738,417500
2006-01-03,22.597064971923828,22.653362709042867,22.287419364113536,22.364831101635094,1230000
2006-01-04,22.822256088256836,22.843367399296174,22.611134924209708,22.611134924209708,2160600
2006-01-05,22.76595687866211,23.061528671538962,22.723734254359268,23.061528671538962,1261100
2006-01-06,22.913745880126953,22.963007401970877,22.794108838111992,22.857445463990125,774900
2006-01-09,23.019309997558594,23.040424000347112,22.913750721824663,22.984123572313948,622700
2006-01-10,22.934852600097656,23.1881990528654,22.85744088569073,23.1881990528654,823300
2006-01-11,22.878551483154297,22.970038295928735,22.829289972710594,22.86447906692836,1015600
2006-01-12,22.857446670532227,22.9137470896409,22.808185146088007,22.808185146088007,547900
2006-01-13,22.843364715576172,23.300796087730323,22.723730387673324,23.300796087730323,878500
2006-01-17,22.780033111572266,22.801147109322397,22.68151007057674,22.68151007057674,1063700
2006-01-18,22.815217971801758,22.86448217348989,22.74484514290673,22.801145553663826,1213900
2006-01-19,22.934852600097656,23.019300522836552,22.737806552189888,22.94892770131265,2798500
2006-01-20,22.498538970947266,22.94189402176363,22.491501418740548,22.94189402176363,3070600
2006-01-23,22.48446273803711,22.547799358661774,22.38593836024558,22.53372425579503,1085000
2006-01-24,22.3789005279541,22.491498664923565,22.329639010814418,22.435199596438835,1173700
2006-01-25,22.350757598876953,22.498542189532156,22.266308302591103,22.449280659313754,1425200
2006-01-26,22.463356018066406,22.547805315300856,22.40001938070958,22.40705693400212,1221300
2006-01-27,22.723726272583008,22.75891267532651,22.49149118228507,22.49149118228507,1228700
2006-01-30,22.61817169189453,22.864481959828122,22.59706038033357,22.79410644703939,977700
2006-01-31,22.611141204833984,22.667438944760278,22.245196499381088,22.245196499381088,2370400
2006-02-01,22.75189208984375,22.822264943648133,22.667441443815743,22.723741874501084,1472700
2006-02-02,22.568918228149414,22.829301006997945,22.51261914010572,22.829301006997945,900500
2006-02-03,22.52668571472168,22.639283854866893,22.421126468395716,22.53372460854093,823400
2006-02-06,22.322603225708008,22.449276475390384,22.252230391240715,22.4422389234885,924800
2006-02-07,22.287425994873047,22.428174406372666,22.238164453531077,22.343725091017628,1328600
2006-02-08,22.575950622558594,22.575950622558594,22.1748182257089,22.259266162316177,1537800
2006-02-09,22.597064971923828,22.765960867832803,22.575953656073175,22.575953656073175,1491900
2006-02-10,22.547800064086914,22.55483627346473,22.35779019626831,22.46335078652007,812200
2006-02-13,22.519649505615234,22.540760817970295,22.407051365469215,22.533724608702414,644600
2006-02-14,22.737804412841797,22.984111949552,22.554830798813526,22.984111949552,900300
2006-02-15,22.87152099609375,22.899671204689028,22.702622429073713,22.73781153209364,974500
2006-02-16,23.019309997558594,23.033385104566882,22.81522497276663,22.878561612027852,1161200
2006-02-17,23.005226135253906,23.02634013000689,22.88559179804195,22.892628006592183,756200
2006-02-21,22.885589599609375,23.089674527126196,22.83632809083647,23.04041301835329,692800
2006-02-22,23.082645416259766,23.110795628787827,22.85041287428334,22.85041287428334,641800
2006-02-23,22.998193740844727,23.08264168020852,22.92782090546683,23.02634394881652,790800
2006-02-24,22.998193740844727,23.054491472236727,22.913745801480932,22.98411863685883,665900
2006-02-27,23.174131393432617,23.244504237554963,23.01227170430968,23.01227170430968,1548200
2006-02-28,22.87152099609375,23.082642191455054,22.80818436903019,23.082642191455054,912700
2006-03-01,22.89263343811035,22.920783648092502,22.73781265231209,22.84337191291748,1319700
2006-03-02,22.850406646728516,22.892629269461402,22.772994925649837,22.87151795809496,757400
2006-03-03,22.772993087768555,22.984114238048452,22.751881778105886,22.780029296139084,795500
2006-03-06,22.653356552124023,22.787068674975078,22.590019937234345,22.772993573382802,954100
2006-03-07,22.660396575927734,22.77299470973335,22.590021064454685,22.590021064454685,1244300
2006-03-08,22.815217971801758,22.892629694317094,22.611135694185638,22.611135694185638,490900
2006-03-09,22.737804412841797,22.878550042647163,22.716690420730345,22.87151383497722,381500
2006-03-10,22.822256088256836,22.864481394886763,22.737808159548234,22.794105883836885,626700
2006-03-13,22.808185577392578,22.963009048317417,22.76596026226259,22.963009048317417,761900
2006-03-14,22.970033645629883,22.9770725368688,22.772987643747168,22.808174046290446,868500
2006-03-15,23.04745864868164,23.068569965486393,22.913749167998233,23.01930843657398,729000
2006-03-16,23.04745864868164,23.096720177594054,22.998197119769227,23.04745864868164,815000
2006-03-17,23.101823806762695,23.151246806641222,23.059460081144746,23.123004322895923,395200
2006-03-20,23.144182205200195,23.193605199454343,23.052398183500312,23.13712293174297,745800
2006-03-21,23.00296974182129,23.172419198178595,22.918242320292087,23.108874978706968,1330400
2006-03-22,23.23596954345703,23.243028817103593,23.02415632049382,23.03121559414038,559600
2006-03-23,23.10887336730957,23.158296346413366,22.988846901871884,23.158296346413366,1707700
2006-03-24,23.073577880859375,23.151243352896927,23.017092921795303,23.017092921795303,465500
2006-03-27,22.897064208984375,23.02415266123422,22.868821732184227,23.010031422834142,778800
2006-03-28,22.685256958007812,22.861768444187934,22.664073748187153,22.76292244286331,1013700
2006-03-29,22.74880027770996,22.826465759414102,22.68525603752943,22.826465759414102,503300
2006-03-30,22.706436157226562,22.87588835920386,22.642891918154,22.692314915949172,690200
2006-03-31,22.579343795776367,22.755855241359377,22.5581632841787,22.678189774366707,895800
2006-04-03,22.565223693847656,22.727613908763736,22.558164420743065,22.664069677418222,2382100
2006-04-04,22.593467712402344,22.649952674491942,22.48050048157438,22.628769467032726,2518900
2006-04-05,22.522863388061523,22.621710727375746,22.48756163259793,22.50168287345363,1908800
2006-04-06,22.35340690612793,22.501677204406388,22.247500319743494,22.501677204406388,2216300
2006-04-07,22.08511734008789,22.445200928677316,22.063935477226483,22.409897823908306,1833100
2006-04-10,22.042749404907227,22.09923301507534,21.901541052824694,22.09923301507534,1887700
2006-04-11,21.80269432067871,22.049810626918788,21.69678771705454,22.049810626918788,2293300
2006-04-12,21.950977325439453,21.950977325439453,21.788587016281774,21.81682816511618,4217500
2006-04-13,21.901548385620117,21.93685014879116,21.809761646693893,21.830943512602083,1763700
2006-04-17,21.774450302124023,21.908599367161152,21.69678484131168,21.908599367161152,1521400
2006-04-18,21.979202270507812,21.993323507852544,21.802690843724605,21.873295683772948,7651600
2006-04-19,21.852115631103516,21.965082838871567,21.767389551939807,21.965082838871567,1405900
2006-04-20,22.049814224243164,22.078056708044187,21.852122224338995,21.89448460336478,3495900
2006-04-21,22.00038719177246,22.176898643148476,21.908601829594154,22.176898643148476,1167900
2006-04-24,21.915658950805664,21.95802131530437,21.661482070462853,21.661482070462853,1619700
2006-04-25,21.78151512145996,21.91566421236718,21.71091026589429,21.894482351694794,2743900
2006-04-26,21.78151512145996,21.887421731470667,21.70384964567016,21.76033326078758,2192300
2006-04-27,21.661489486694336,21.78151734943061,21.59088462390669,21.710912486642965,4469800
2006-04-28,21.880359649658203,21.88742026941069,21.661485824033242,21.661485824033242,2495700
2006-05-01,21.68972396850586,21.908599110655256,21.682663349726006,21.837994269532075,1018600
2006-05-02,21.68972396850586,21.767389428408894,21.63324036494238,21.717966443625265,791300
2006-05-03,21.449663162231445,21.64029578345147,21.43554327474016,21.57675157637813,2203100
2006-05-04,21.52027702331543,22.099234400502993,21.449672169510112,22.099234400502993,1475800
2006-05-05,21.732084274291992,21.76738601598174,21.562633490166,21.626176355872513,1190000
2006-05-08,21.72502899169922,21.76033074205812,21.675606002526578,21.682665275257996,3090900
2006-05-09,21.5696964263916,21.71796672936861,21.54145529757596,21.668543743934723,3177400
2006-05-10,21.548513412475586,21.64735937185729,21.534392176371,21.541452794423293,2280700
2006-05-11,21.506153106689453,21.640302177556592,21.463790738348667,21.56969733253834,1620600
2006-05-12,21.45673179626465,21.576759638174583,21.435551283776466,21.449671176543415,1406100
2006-05-15,21.76033592224121,21.76033592224121,21.463796569936868,21.506158949787267,2248900
2006-05-16,21.816816329956055,21.887421183754896,21.732091582737908,21.746211476157214,1808200
2006-05-17,21.590885162353516,21.89448513723874,21.57676392010867,21.739155512572808,3359700
2006-05-18,21.499103546142578,21.633251330933863,21.48498230142475,21.626190708574953,1288500
2006-05-19,21.379064559936523,21.527333512468235,21.273156626213506,21.527333512468235,1091100
2006-05-22,21.28728485107422,21.477917578339767,21.28022423006337,21.294345472085062,873300
2006-05-23,21.188438415527344,21.379071138881475,21.188438415527344,21.357889276283547,2276200
2006-05-24,21.251985549926758,21.315529799695824,21.0331116599866,21.223743062617878,1705700
2006-05-25,21.449663162231445,21.47790563056405,21.308454860593475,21.400240189324407,531000
2006-05-26,21.5696964263916,21.612060139628092,21.45672921777833,21.527334059830462,1935800
2006-05-30,21.28728485107422,21.477917578339767,21.244922471684905,21.421433956928762,1443900
2006-05-31,21.421428680419922,21.43554991896328,21.280218988337186,21.315522084695584,1171000
2006-06-01,21.72502899169922,21.73208961110609,21.463791460346812,21.513214449519456,876200
2006-06-02,21.80975341796875,21.837995895190577,21.682664963821406,21.823874656579665,969700
2006-06-05,21.470863342285156,21.73916163378018,21.456742096064122,21.71091914133811,878200
2006-06-06,21.506153106689453,21.60500042838517,21.393185893330415,21.51321372585882,3027300
2006-06-07,21.605009078979492,21.79564183285505,21.52028296169837,21.56970596899738,1461000
2006-06-08,21.640302658081055,21.703846885340944,21.393186368367644,21.62618141942876,2199300
2006-06-09,21.4849796295166,21.654430505029257,21.4849796295166,21.541463254687486,791500
2006-06-12,21.266103744506836,21.56264308535352,21.266103744506836,21.492038223880364,763800
2006-06-13,21.20962142944336,21.442616543965237,21.19550018694487,21.287285569833447,1069400
2006-06-14,21.24492073059082,21.294343726940593,21.139014117459066,21.139014117459066,1023000
2006-06-15,21.506153106689453,21.597939809215806,21.237856311630587,21.273158060802007,975500
2006-06-16,21.478515625,21.59898244648687,21.443084763457104,21.485602067628726,803100
2006-06-19,21.31553077697754,21.54937796939768,21.251754147081076,21.50686066666693,957800
2006-06-20,21.237586975097656,21.343882287918404,21.20924254951956,21.343882287918404,474100
2006-06-21,21.3438777923584,21.435998845585505,21.223410967922483,21.223410967922483,465900
2006-06-22,21.223417282104492,21.372228570421324,21.15964062951123,21.372228570421324,372300
2006-06-23,21.244672775268555,21.34388164078657,21.11711948503182,21.166724593591333,1943300
2006-06-26,21.166715621948242,21.258836652739255,21.10293900386199,21.237577329510362,754100
2006-06-27,20.947046279907227,21.166721964294275,20.89744252911042,21.09585888389848,673500
2006-06-28,20.947046279907227,21.067513111099824,20.85492522151328,21.003736473903693,481600
2006-06-29,21.30845069885254,21.33679647687295,21.067516992083384,21.12420719652312,632400
2006-06-30,21.428916931152344,21.54229733674566,21.32262296985874,21.329709414158454,1312400
2006-07-03,21.4714298248291,21.513948481873676,21.407653190863012,21.421826076544537,313800
2006-07-05,21.45017433166504,21.46434721898767,21.372224802991497,21.43600144434241,1093000
2006-07-06,21.52812385559082,21.6202462773504,21.393485472405295,21.393485472405295,937700
2006-07-07,21.549392700195312,21.634428715386665,21.471443132236708,21.471443132236708,699600
2006-07-10,21.627328872680664,21.712363483601912,21.584810215619267,21.63441531552423,1642100
2006-07-11,21.676939010620117,21.719456328613422,21.577731484768684,21.662766120755293,1552700
2006-07-12,21.598981857299805,21.75488088767761,21.55646455428799,21.712362233065104,677400
2006-07-13,21.372220993041992,21.542291555792907,21.329703690254437,21.47851492581123,788700
2006-07-14,21.237586975097656,21.450176249138103,21.152552346762313,21.372226713496502,1319700
2006-07-17,21.322622299194336,21.414743368991008,21.209241897167196,21.209241897167196,432600
2006-07-18,21.322622299194336,21.40765692491419,21.159638140230445,21.30844941104069,689000
2006-07-19,21.825748443603516,21.903697979631012,21.39348615229,21.39348615229,1708900
2006-07-20,21.84701156616211,21.99582421970018,21.84701156616211,21.903701779033447,1092700
2006-07-21,21.94621467590332,21.98873334068501,21.82574782889057,21.87535293780254,644200
2006-07-24,22.37139129638672,22.413908608491457,22.0737674084516,22.0737674084516,1857600
2006-07-25,22.562719345092773,22.626495983727338,22.265095481998426,22.265095481998426,2366200
2006-07-26,22.66901206970215,22.70444428458869,22.48476860709453,22.605235434507172,1877800
2006-07-27,22.555635452270508,22.56980834059213,22.406824179696546,22.555635452270508,1919500
2006-07-28,22.676097869873047,22.746959594435793,22.54854460309889,22.605234793709542,1817000
2006-07-31,22.598148345947266,22.690270750419725,22.555631040898845,22.690270750419725,462400
2006-08-01,22.598148345947266,22.647752093770546,22.477681521976113,22.591061903172402,3115000
2006-08-02,22.739871978759766,22.86742523137341,22.697353326821478,22.746957069148873,633700
2006-08-03,22.541461944580078,22.70444745259835,22.49185818841838,22.569807720444466,2033400
2006-08-04,22.54854965209961,22.6690165030719,22.506032337521464,22.64067207722016,899700
2006-08-07,22.477689743041992,22.56272573584094,22.44934531317651,22.506035524508725,630800
2006-08-08,22.470598220825195,22.583979969474193,22.42099446606679,22.5060304396533,1020700
2006-08-09,22.49185562133789,22.711529952810714,22.4776827350233,22.626495338124833,739700
2006-08-10,22.470598220825195,22.53437486311484,22.35013273161247,22.35013273161247,680000
2006-08-11,22.364299774169922,22.449335730671248,22.286351611611106,22.420989961303913,456200
2006-08-14,22.413909912109375,22.59106696638391,22.392651930621113,22.44934213392492,408700
2006-08-15,22.605239868164062,22.633585645632866,22.513118794592575,22.583981886663523,651400
2006-08-16,22.80365753173828,22.80365753173828,22.669017784429133,22.67610422919289,1290600
2006-08-17,22.860349655151367,22.93121411292095,22.782402806408818,22.782402806408818,998300
2006-08-18,22.895769119262695,22.902854209070014,22.761128084114677,22.81781961537721,484900
2006-08-21,22.817825317382812,22.888687045967803,22.782394453090316,22.87451415961047,468900
2006-08-22,22.88869285583496,22.917038635744674,22.73279647273626,22.761139549443616,376200
2006-08-23,22.874513626098633,22.909947192766367,22.824909876605734,22.909947192766367,422000
2006-08-24,23.030410766601562,23.072929421169324,22.96663413635061,23.002064996889718,701200
2006-08-25,23.044586181640625,23.087104840876727,22.94537867995806,22.994982430799343,394300
2006-08-28,23.19339942932129,23.285521847323285,23.037500368579746,23.06584614384219,335000
2006-08-29,23.299694061279297,23.313866948500735,23.193398758719447,23.221744533162315,845800
2006-08-30,23.313858032226562,23.363461766929955,23.28551226862439,23.342201092627928,685700
2006-08-31,23.243011474609375,23.320961032782733,23.207580594494996,23.313875938041008,375900
2006-09-01,23.363473892211914,23.3918169673229,23.243005685981956,23.243005685981956,2468600
2006-09-05,23.257184982299805,23.384738316646843,23.257184982299805,23.34930743559554,805700
2006-09-06,23.17214012145996,23.27134762599094,23.115448574184107,23.27134762599094,1378000
2006-09-07,23.002071380615234,23.122539583723206,22.980813399032353,23.07293582456173,1418700
2006-09-08,23.186315536499023,23.207573517444544,23.016243579328695,23.05876224442179,468700
2006-09-11,23.335124969482422,23.3422100615049,23.101276384713085,23.186313708193847,1016900
2006-09-12,23.60441017150879,23.618583062208526,23.391819514215275,23.40599240491501,1090100
2006-09-13,23.5548038482666,23.62566559086917,23.498112291622785,23.61858049788979,905700
2006-09-14,23.526456832885742,23.54771481390829,23.43433440978459,23.49102596344747,557400
2006-09-15,23.56414222717285,23.67080056619526,23.56414222717285,23.642357980798053,1960100
2006-09-18,23.557029724121094,23.62102417631955,23.514365851844165,23.564139013283647,1559700
2006-09-19,23.592586517333984,23.599695807979874,23.471706876878397,23.56414392988156,693900
2006-09-20,23.685020446777344,23.770345485447592,23.592583405964696,23.606804697815416,716900
2006-09-21,23.535696029663086,23.69923951438027,23.50014415958998,23.69923951438027,572800
2006-09-22,23.38637924194336,23.51436815889759,23.343718077914705,23.46459499257474,1020700
2006-09-25,23.47881507873535,23.5285882425016,23.329495587436618,23.46459378731157,795700
2006-09-26,23.50014305114746,23.51436434099269,23.414818024509803,23.47881247259647,774200
2006-09-27,23.56414222717285,23.56414222717285,23.386380137091663,23.528590351643462,1074300
2006-09-28,23.5214786529541,23.56413981424725,23.450372196742258,23.56413981424725,463800
2006-09-29,23.599699020385742,23.656584203033837,23.507264667234786,23.656584203033837,575800
2006-10-02,23.464590072631836,23.606800251922376,23.44325949509,23.521475229321478,423200
2006-10-03,23.535696029663086,23.613911771284222,23.421928417968843,23.45037099900086,1416100
2006-10-04,23.74190330505371,23.74190330505371,23.478816182431462,23.50725876661606,1627800
2006-10-05,23.74190330505371,23.74190330505371,23.613914388657133,23.663687554763122,1045000
2006-10-06,23.64946746826172,23.805898976817385,23.578363716609648,23.805898976817385,1331700
2006-10-09,23.599699020385742,23.649472198985425,23.52859525451042,23.642362907371812,806800
2006-10-10,23.50014305114746,23.63524394846026,23.38637544481935,23.63524394846026,1355100
2006-10-11,23.49303436279297,23.542807522306337,23.379266753557587,23.429039913070955,736700
2006-10-12,23.635244369506836,23.656574948437818,23.485922179688735,23.49303418095489,890600
2006-10-13,23.557029724121094,23.578360304042622,23.47170197956724,23.564139013283647,3143600
2006-10-16,23.592586517333984,23.606807811060197,23.464597586232507,23.493040173684932,969700
2006-10-17,23.656574249267578,23.685016828624097,23.507254776296357,23.606801091610507,1388400
2006-10-18,23.912555694580078,23.92677698643262,23.7205723232219,23.74190290478367,755700
2006-10-19,23.891210556030273,24.019199406815982,23.891210556030273,23.898322554647663,1428000
2006-10-20,24.076108932495117,24.076108932495117,23.855682863444905,23.90545605445052,1987400
2006-10-23,24.14009666442871,24.14009666442871,23.93389195231439,23.99788642461074,772700
2006-10-24,24.06188201904297,24.06188201904297,23.92678377675463,24.06188201904297,689200
2006-10-25,23.919666290283203,24.068985794236482,23.83434124694336,24.068985794236482,1141500
2006-10-26,24.012109756469727,24.019219048467992,23.827235615295493,23.976557871608513,2016300
2006-10-27,23.912555694580078,23.969438149556165,23.85567052716992,23.933886276141852,829900
2006-10-30,23.77745246887207,23.89833208166149,23.770343179853306,23.820116340286067,1657400
2006-10-31,23.67790985107422,23.827229355725073,23.621027392726663,23.784568190072964,1331500
2006-11-01,23.50725746154785,23.86989089624952,23.47881487894232,23.642355660273186,1867200
2006-11-02,23.635244369506836,23.663684237270235,23.436149020560617,23.436149020560617,1797800
2006-11-03,23.51436424255371,23.72767816447171,23.493033664092017,23.677905006438632,735000
2006-11-06,23.798784255981445,23.841445412264136,23.50725460083729,23.60680091540842,896900
2006-11-07,23.983657836914062,24.054764291419776,23.770343898264706,23.770343898264706,957800
2006-11-08,23.62103271484375,23.692136481907333,23.51437435181353,23.692136481907333,2985100
2006-11-09,23.066402435302734,23.599688580766177,22.952634832767878,23.514363556973436,4776400
2006-11-10,23.10195541381836,23.13750727856521,22.93841195360272,23.01662768350583,1914500
2006-11-13,23.144628524780273,23.251286886561882,22.98108769250067,22.98108769250067,1603300
2006-11-14,23.336597442626953,23.35792801675038,23.023737268273095,23.045067842396527,2427800
2006-11-15,23.45036506652832,23.549911362523336,23.265493761456593,23.301045622535792,1415900
2006-11-16,23.549922943115234,23.599696115588525,23.443267307430094,23.443267307430094,801400
2006-11-17,23.62103271484375,23.62814200657617,23.485931760014157,23.485931760014157,1078200
2006-11-20,23.56414222717285,23.67080056619526,23.514369058944858,23.621027397967268,1454500
2006-11-21,23.52859115600586,23.621028205489772,23.47881798607629,23.621028205489772,1509900
2006-11-22,23.5783634185791,23.59969400131825,23.478817082550762,23.50725966782578,1215000
2006-11-24,23.47881507873535,23.521478953006703,23.450372495887787,23.471703076806463,118700
2006-11-27,23.3223819732666,23.450370874798978,23.244166232059726,23.421928293917603,1512900
2006-11-28,23.37215232849121,23.42903748342666,23.279718020371323,23.279718020371323,1389200
2006-11-29,23.535696029663086,23.549917320179095,23.40059783841174,23.41481912892775,1137700
2006-11-30,23.64946746826172,23.72057393234805,23.557033133600875,23.571254426418143,1195400
2006-12-01,23.62813377380371,23.720570808726325,23.48592357679213,23.67790693589268,833400
2006-12-04,23.51436424255371,23.564137400586787,23.38637534691618,23.38637534691618,1611400
2006-12-05,23.60680389404297,23.64235576624225,23.48592427364463,23.557030730477177,1009100
2006-12-06,23.64235496520996,23.66368554532003,23.478814188687043,23.585469801671266,1639600
2006-12-07,23.592586517333984,23.770348620259988,23.578365223607772,23.6494689798044,605000
2006-12-08,23.635244369506836,23.692126817467372,23.47881289085632,23.57124992028015,827600
2006-12-11,23.685020446777344,23.720572320187106,23.59969269567302,23.677908444634944,348900
2006-12-12,23.692134857177734,23.692134857177734,23.571257918972023,23.692134857177734,1067500
2006-12-13,23.64235496520996,23.777453159963535,23.621024385099897,23.677906836204702,720200
2006-12-14,23.76323127746582,23.884110890759167,23.685018248198148,23.76323127746582,1075700
2006-12-15,23.839584350585938,23.889532379227024,23.739688293303765,23.761093813588968,709400
2006-12-18,23.8895320892334,23.953751371272872,23.83244979517797,23.8895320892334,1903800
2006-12-19,24.010839462280273,24.046516240879345,23.83245284732117,23.83245284732117,1605100
2006-12-20,24.025102615356445,24.110730131173096,23.97515459211163,24.110730131173096,1349000
2006-12-21,23.96088409423828,24.075051383990836,23.918070339844984,23.989423875204245,498800
2006-12-22,23.86098861694336,24.003698429259757,23.796769337499143,24.003698429259757,275000
2006-12-26,23.875261306762695,23.882398294887693,23.789636503006776,23.832450265866452,432700
2006-12-27,23.989425659179688,24.010833898949805,23.94661462356564,23.95374888884695,817800
2006-12-28,23.96088409423828,24.03937189434831,23.910933353131323,23.989423875204245,281600
2006-12-29,23.896671295166016,24.003701627190143,23.78250397449543,23.860991795861004,315900
2007-01-03,23.903804779052734,24.146410667778376,23.789637462120872,24.046514605708442,1806100
2007-01-04,24.174951553344727,24.253442088830276,23.93234568091819,24.04651299017989,1701900
2007-01-05,24.039369583129883,24.196350612183096,23.982287304723116,24.196350612183096,1529200
2007-01-08,24.067916870117188,24.117864894393122,23.918072797289383,24.082188123047906,1609900
2007-01-09,24.039369583129883,24.203484876247956,24.010829804907818,24.203484876247956,934800
2007-01-10,24.082185745239258,24.124999499804108,23.925204700464384,24.039371990674407,526300
2007-01-11,24.346202850341797,24.346202850341797,24.046514663412832,24.067920184775318,2622600
2007-01-12,24.460365295410156,24.49604478652554,24.31765821880064,24.367606240006573,1281100
2007-01-16,24.517452239990234,24.53172349317092,24.417556189688675,24.517452239990234,651000
2007-01-17,24.660160064697266,24.745784854925372,24.48177349724363,24.52458453137618,2826700
2007-01-18,24.731521606445312,24.795740900389628,24.631625531857246,24.702979093144755,2561300
2007-01-19,24.738649368286133,24.824276885670407,24.70297259702427,24.724380837351923,1521400
2007-01-22,24.588788986206055,24.91701941924291,24.54597797787338,24.78144668958717,5078500
2007-01-23,24.460365295410156,24.603075093982678,24.39614602215067,24.545992807731473,2029300
2007-01-24,24.64588737487793,24.674429877276523,24.446092580050607,24.510311849466024,3488200
2007-01-25,24.56026840209961,24.653030206147307,24.52459162268551,24.653030206147307,3214300
2007-01-26,24.424694061279297,24.51031887104154,24.303392474279754,24.438965316566943,2505600
2007-01-29,24.389022827148438,24.474647656371385,24.353346041802563,24.43897087102551,1967500
2007-01-30,24.510318756103516,24.531726999916405,24.4246939467428,24.50318448947496,1187600
2007-01-31,24.62449073791504,24.667304511682882,24.467512344694534,24.531731644364235,1685900
2007-02-01,24.831409454345703,24.85281769321048,24.69583664402938,24.72437914787376,2628200
2007-02-02,24.781452178955078,24.902756414011073,24.73150417686201,24.881348183141213,1197600
2007-02-05,24.77433204650879,24.817143088741563,24.67443598534763,24.78146631289308,3132600
2007-02-06,24.702980041503906,24.788607584692866,24.638760745094185,24.781470595111788,2216100
2007-02-07,24.738649368286133,24.774328861511165,24.667295825762405,24.710109584454543,1572700
2007-02-08,24.717247009277344,24.774332028163464,24.688704499834287,24.75292378509941,1345800
2007-02-09,24.64588737487793,24.781460178326988,24.581668105462512,24.781460178326988,2625700
2007-02-12,24.53885841369629,24.631620200864837,24.51031590657315,24.617348947303267,1421000
2007-02-13,24.638761520385742,24.64589851019139,24.546002428624902,24.546002428624902,1295000
2007-02-14,24.767196655273438,24.78860489973385,24.62448682071334,24.62448682071334,2023400
2007-02-15,24.881366729736328,24.895637986966722,24.74579386899357,24.795741908317954,1134100
2007-02-16,24.781452178955078,24.80999467214025,24.724369914546703,24.724369914546703,1294300
2007-02-20,24.795732498168945,24.83140926672336,24.731513225985818,24.731513225985818,739000
2007-02-21,24.681568145751953,24.745787425585057,24.65302563872318,24.73151617207067,975800
2007-02-22,24.64588737487793,24.724377895492644,24.574531118881442,24.71724090891157,1374700
2007-02-23,24.53885841369629,24.624483213102405,24.47463913365088,24.624483213102405,898000
2007-02-26,24.638761520385742,24.660169767838614,24.546002428624902,24.595950469408145,1881500
2007-02-27,23.8895320892334,24.503182401618727,23.66119746908491,24.453234373583957,3057900
2007-02-28,24.053647994995117,24.246305845660157,23.939480682226588,23.939480682226588,2330100
2007-03-01,23.946630477905273,24.06079785173465,23.625533888396113,23.85386863605487,2406700
2007-03-02,23.732547760009766,24.025101622046645,23.732547760009766,23.903800062599576,2559100
2007-03-05,23.611251831054688,23.86812898521449,23.532761287065455,23.6183860977975,1744400
2007-03-06,23.86098861694336,23.932344884083193,23.547029207417896,23.753958299178514,2897500
2007-03-07,23.868125915527344,23.97515623468629,23.753958608579822,23.796769647458074,1175800
2007-03-08,23.946630477905273,24.232047551496272,23.903816691982417,23.96090173987956,1161000
2007-03-09,23.996562957763672,24.117864522861403,23.932343681546303,24.082187752065785,1147300
2007-03-12,23.996562957763672,24.06791649935491,23.889529923413683,24.025102741222288,2392700
2007-03-13,23.60411262512207,24.01083379344696,23.60411262512207,23.939477531131924,3381500
2007-03-14,23.696868896484375,23.73968264883859,23.468534327854112,23.68259764569964,3423800
2007-03-15,23.75395965576172,23.7610939219015,23.62552108953819,23.668332130303746,1382000
2007-03-16,23.778305053710938,23.8284398145226,23.663710924407205,23.821276144612618,859200
2007-03-19,23.964527130126953,23.964527130126953,23.742502470639128,23.799798187489383,782500
2007-03-20,24.086286544799805,24.100611157985135,23.864259138638104,23.864259138638104,2089000
2007-03-21,24.329795837402344,24.372766938340632,23.978849697611924,24.064794631628686,1889100
2007-03-22,24.415739059448242,24.422899998389116,24.279659362451586,24.35844061936123,1667000
2007-03-23,24.29397964477539,24.587630032725226,23.921550737229857,24.35127808109921,1487400
2007-03-26,24.329795837402344,24.365605998897646,24.157903237228627,24.365605998897646,961500
2007-03-27,24.157899856567383,24.279657667180828,24.11492602950267,24.279657667180828,2922100
2007-03-28,23.99317169189453,24.172225211983296,23.99317169189453,24.13641505439352,2763600
2007-03-29,24.10776138305664,24.13641059669326,23.964518047012945,24.05762662526226,2708200
2007-03-30,24.100605010986328,24.258170251555818,23.892902270985743,24.100605010986328,3073900
2007-04-02,24.22951889038086,24.272489978191725,24.150734919875127,24.208030614336067,1188800
2007-04-03,24.480201721191406,24.54466110886309,24.301148170118992,24.35128294584804,982500
2007-04-04,24.623430252075195,24.637754855375167,24.422888538014313,24.494511554514173,922600
2007-04-05,24.795333862304688,24.816822145313697,24.60911937978149,24.60911937978149,1102400
2007-04-09,24.802499771118164,24.80966071134023,24.723715767972998,24.79533609875561,1307700
2007-04-10,24.838306427001953,24.84546736621222,24.70938766409633,24.74519782442787,1422400
2007-04-11,24.730878829956055,24.831148394510432,24.659258493028847,24.81682651283757,2447600
2007-04-12,25.010189056396484,25.046001938510887,24.616271942391847,24.69505591162064,1072500
2007-04-13,25.37546157836914,25.3897861858532,25.18208347554357,25.196408083027634,2666700
2007-04-16,25.61897850036621,25.61897850036621,25.418439428095148,25.44708591546248,3204800
2007-04-17,25.69776725769043,25.783712200024517,25.69060358541399,25.740738362787244,2849000
2007-04-18,25.690593719482422,25.697757389007805,25.49005468700219,25.669108175185084,2173900
2007-04-19,25.79803466796875,25.84816944117454,25.568846352702217,25.626142065448736,3099400
2007-04-20,25.898303985595703,25.948438758358602,25.812359051165043,25.89114304611823,2496700
2007-04-23,25.92695426940918,25.98424998399562,25.85533121100073,25.977089044224932,1399900
2007-04-24,25.92695426940918,25.991413655906623,25.82668471977767,25.948439820861555,1031200
2007-04-25,26.0057315826416,26.055866344569882,25.60465075507575,25.948433150643787,1995200
2007-04-26,26.034378051757812,26.148972183548935,25.991406959923403,26.020056175906085,1129400
2007-04-27,25.948442459106445,26.02722646529575,25.89830767919336,26.012901852157643,842800
2007-04-30,25.862483978271484,26.02005190819292,25.855320309380968,26.02005190819292,1364500
2007-05-01,25.919782638549805,25.95559552282746,25.805188512423967,25.826676789418453,2680900
2007-05-02,26.08452033996582,26.11316956421482,25.926955070877128,26.012900011483726,1347900
2007-05-03,26.141817092895508,26.177627254813896,26.041547546667932,26.084518648113907,1301300
2007-05-04,26.285049438476562,26.535723198814857,26.105995971909476,26.52856226229337,942300
2007-05-07,26.34235954284668,26.34235954284668,26.28506382290261,26.313713048944933,2263000
2007-05-08,26.242080688476562,26.299379120265186,26.17046038088039,26.299379120265186,1927400
2007-05-09,26.328025817871094,26.36383870409968,26.22059535560422,26.285054725820196,1841100
2007-05-10,25.862483978271484,26.2564010709359,25.805185555703996,26.2564010709359,1367400
2007-05-11,25.962766647338867,25.998576813527773,25.755063858446423,25.790874024635333,1189300
2007-05-14,25.934101104736328,26.127479159058645,25.934101104736328,25.977074916409787,1162600
2007-05-15,25.90546989440918,26.091687142227105,25.891148012706935,25.891148012706935,2288300
2007-05-16,26.199108123779297,26.22775460592341,26.027215570217365,26.098835873786822,3063800
2007-05-17,26.098846435546875,26.134659333963928,26.03438704339296,26.134659333963928,1415400
2007-05-18,26.206275939941406,26.24208610112564,26.07735717396604,26.15614116785545,693700
2007-05-21,26.263568878173828,26.292218096952137,26.199112234132446,26.227758720770876,1768700
2007-05-22,26.249244689941406,26.363838822825908,26.15613610317911,26.35667515269208,1101400
2007-05-23,26.34235954284668,26.456953714875386,26.277900150321745,26.35668415586784,1724500
2007-05-24,26.242080688476562,26.40680958165945,26.21343147258225,26.270729904370874,1955900
2007-05-25,26.227754592895508,26.313702235703506,26.177619833993898,26.19910811076562,997900
2007-05-29,26.242080688476562,26.28505451231803,26.16329671083701,26.24924435851994,1565600
2007-05-30,26.249244689941406,26.249244689941406,26.041541970294613,26.22059547368537,3190000
2007-05-31,26.30655288696289,26.35668767315713,26.227768870903102,26.292228272030115,1386600
2007-06-01,26.335189819335938,26.370999973875477,26.242081231821402,26.313704273040145,3572300
2007-06-04,26.285049438476562,26.335184190544222,26.21342641256628,26.21342641256628,1749200
2007-06-05,26.220598220825195,26.24924744008282,26.091679466305823,26.206273611196387,1685300
2007-06-06,25.977087020874023,26.170465165304165,25.926952249963257,26.170465165304165,3136400
2007-06-07,25.590328216552734,25.92694970141326,25.533032512061062,25.740732514500692,3280800
2007-06-08,25.676267623901367,25.719241442143893,25.346809880459745,25.346809880459745,1995600
2007-06-11,25.683441162109375,25.81235993423593,25.6189817760461,25.6189817760461,1267400
2007-06-12,25.497215270996094,25.712081639549037,25.475729726996548,25.604648455272564,2087200
2007-06-13,25.704914093017578,25.733563302122025,25.447076675355493,25.733563302122025,2145000
2007-06-14,25.776538848876953,25.82667360211109,25.432753780786975,25.7980243910804,1747400
2007-06-15,25.973129272460938,26.030736644725906,25.886720960934184,25.994730663624953,1221500
2007-06-18,25.821914672851562,25.944326221605962,25.7787091425949,25.929924378187074,984400
2007-06-19,25.821914672851562,25.915525281638953,25.800313281158616,25.8579179079634,1632000
2007-06-20,25.497880935668945,25.96593124875232,25.46187769932504,25.96593124875232,1913600
2007-06-21,25.569873809814453,25.569873809814453,25.317848542568044,25.461864158224305,1597900
2007-06-22,25.181047439575195,25.476278358863546,25.116240518420643,25.411471437708993,3168700
2007-06-25,25.137842178344727,25.389867570598337,25.051433864839314,25.181047708532816,2120600
2007-06-26,25.267444610595703,25.440263906427553,25.20983726302858,25.260245065584574,1172800
2007-06-27,25.476276397705078,25.476276397705078,25.152241816876437,25.20264689090861,5263600
2007-06-28,25.497880935668945,25.591491547659793,25.42587446298113,25.43307401150157,1713800
2007-06-29,25.425872802734375,25.53388250471333,25.17384467104212,25.461876036727357,1731500
2007-07-02,25.569873809814453,25.70668988077913,25.05862098376065,25.505066920112604,1264200
2007-07-03,25.61309051513672,25.6706978853296,25.591489124749685,25.6706978853296,671800
2007-07-05,25.605892181396484,25.649094964218996,25.476278339187484,25.548284808472157,3255600
2007-07-06,25.663494110107422,25.663494110107422,25.512278892380532,25.55548441753269,977800
2007-07-09,25.584285736083984,25.685095882740395,25.519478820823366,25.670696787678462,1264800
2007-07-10,25.368263244628906,25.569883535110662,25.310658624578593,25.483475231599975,1916700
2007-07-11,25.45467185974121,25.526681069273653,25.33226032384178,25.339459871359786,1717900
2007-07-12,25.929922103881836,25.944323946037542,25.48347598453702,25.48347598453702,863600
2007-07-13,25.865108489990234,25.951519520548818,25.793102044727892,25.879510328416664,1806700
2007-07-16,25.893917083740234,25.92272076606252,25.836312465966003,25.836312465966003,1388300
2007-07-17,25.81470489501953,25.87231225199693,25.7571002849121,25.77870167034364,1450300
2007-07-18,25.742698669433594,25.749898215683366,25.5554802513696,25.749898215683366,2247200
2007-07-19,25.605892181396484,25.70670233714332,25.50507927877892,25.685098198861333,1332600
2007-07-20,25.368263244628906,25.562683987680792,25.281854941118215,25.519478462490223,2122400
2007-07-23,25.562694549560547,25.721112127176447,25.505087158837828,25.591498244921908,1916100
2007-07-24,25.303464889526367,25.59149632781989,25.238657953253895,25.483483851741976,2853300
2007-07-25,25.289051055908203,25.91551872522008,25.159437244800234,25.461870386342184,2130400
2007-07-26,24.770606994628906,25.15944581351204,24.66979408186705,25.12344257524688,3470400
2007-07-27,24.180137634277344,24.921814551742653,24.180137634277344,24.676988761481752,3411600
2007-07-30,24.48256492614746,24.48976447191479,24.194533651797805,24.25214100541566,2987900
2007-07-31,24.216150283813477,24.842615470020483,24.208947987458338,24.82101407469752,2694200
2007-08-01,24.381763458251953,24.48257361599496,24.10813392518466,24.17294084757242,4001600
2007-08-02,24.59058952331543,24.69859924455393,24.396168728840724,24.396168728840724,2384900
2007-08-03,24.25214385986328,24.70579220895341,24.244941566378444,24.604979328256615,4094700
2007-08-06,24.727392196655273,24.835404617855712,24.36735445514711,24.36735445514711,3419300
2007-08-07,24.842599868774414,25.051422381992502,24.67698286594026,24.691384702734904,1435200
2007-08-08,25.130640029907227,25.130640029907223,24.806605454200135,24.914615148188847,2436400
2007-08-09,24.540172576904297,25.02982135423582,24.518568445601108,24.84260294645052,2228400
2007-08-10,24.410560607910156,24.568975350422466,24.208937599549866,24.396158768250846,2373300
2007-08-13,24.48256492614746,24.741792523688193,24.48256492614746,24.568973209704435,2071000
2007-08-14,24.280954360961914,24.626590379835104,24.259350221308594,24.619388084327028,1358700
2007-08-15,24.223346710205078,24.583384569148365,24.165742081147005,24.266552242151786,2001100
2007-08-16,24.230545043945312,24.28095011620649,23.719289280214134,23.964115094141462,3455600
2007-08-17,24.288150787353516,24.770602890151793,24.04332496209854,24.770602890151793,1859200
2007-08-20,24.403362274169922,24.504172421271814,24.252147053517085,24.42496366372876,1554900
2007-08-21,24.468164443969727,24.518569507744306,24.288145574240517,24.331351091848713,1559200
2007-08-22,24.59058952331543,24.62659276372826,24.46097566033229,24.547383986697326,2742800
2007-08-23,24.748992919921875,24.799397982634698,24.583375892884046,24.648182794496233,6065200
2007-08-24,24.90021514892578,24.90021514892578,24.640987497773715,24.698592116435076,4721600
2007-08-27,24.727392196655273,24.878607388839907,24.727392196655273,24.813800485493637,741500
2007-08-28,24.475372314453125,24.74179953324219,24.396163554222987,24.727397690757567,1447900
2007-08-29,24.655384063720703,24.727390508358003,24.38175462973334,24.482564750973477,1300100
2007-08-30,24.655384063720703,24.799396952995306,24.583374872213614,24.583374872213614,1152300
2007-08-31,24.770606994628906,24.95782548173034,24.72740146058811,24.835413922254595,1085200
2007-09-04,24.986621856689453,25.073030152605504,24.835406652118813,24.849805745712985,896400
2007-09-05,24.93621826171875,24.979421038794072,24.799402142659254,24.93621826171875,868200
2007-09-06,25.01543617248535,25.101844505136366,24.87142045348608,24.921825543105122,2101200
2007-09-07,24.748992919921875,24.986619141456526,24.6409832484815,24.792198436619966,2286100
2007-09-10,24.770606994628906,24.86421486474412,24.619388998921625,24.770606994628906,1057700
2007-09-11,24.95783233642578,25.001037882333026,24.74900965151507,24.83542074332956,864300
2007-09-12,25.065826416015625,25.159434243082064,24.94341216596527,24.965013549616028,1213100
2007-09-13,25.123441696166992,25.303460628064858,25.123441696166992,25.25305554688313,889500
2007-09-14,25.051433563232422,25.20264879676403,24.993826190341867,25.20264879676403,1140200
2007-09-17,24.97222137451172,25.05862967512768,24.821006161716195,24.99382276294812,2763000
2007-09-18,25.418659210205078,25.425861501924942,24.950611882583797,24.96501097228461,2328700
2007-09-19,25.51948356628418,25.685100658998437,25.454676638972426,25.51948356628418,1623600
2007-09-20,25.490684509277344,25.656301614240984,25.44027942284803,25.54828914510891,1046300
2007-09-21,25.615680694580078,25.666261506787276,25.579551936781726,25.60845328915189,1371400
2007-09-24,25.565105438232422,25.62291091198268,25.48562049993371,25.521749265583633,1385100
2007-09-25,25.478391647338867,25.6012327513166,25.44226288373882,25.52174781752771,1824300
2007-09-26,25.62291717529297,25.71685419410341,25.528982912931333,25.557884278647094,751700
2007-09-27,25.72406578063965,25.767421941865013,25.630131565989128,25.767421941865013,822600
2007-09-28,25.543418884277344,25.7312928238308,25.49283807511619,25.673484609676702,1069200
2007-10-01,25.933610916137695,25.933610916137695,25.63735076848419,25.651802819155925,8322000
2007-10-02,25.789108276367188,25.99865899921825,25.695174026632657,25.940853519108416,2193700
2007-10-03,25.890274047851562,25.89027404785156,25.680723314013104,25.81078909664052,1216700
2007-10-04,25.861364364624023,26.042010939806172,25.861364364624023,25.883041071582525,1037800
2007-10-05,26.193758010864258,26.193758010864258,25.98420728522971,26.02033605533431,1831200
2007-10-08,26.01310920715332,26.164851682647473,25.998657149042224,26.12872291559385,783600
2007-10-09,26.229877471923828,26.229877471923828,26.049230929064233,26.14316790315652,473500
2007-10-10,26.27323341369629,26.27323341369629,26.150392332231586,26.22987725145331,1435100
2007-10-11,26.04924201965332,26.294921532799496,25.991436534679984,26.28769688084608,4141900
2007-10-12,26.193758010864258,26.193758010864258,26.01311140389278,26.09982100343352,1450300
2007-10-15,25.911943435668945,26.294913267134866,25.79632974561615,26.15762287158711,2198300
2007-10-16,25.71685028076172,25.890272230910636,25.673494104112393,25.868592764361782,3103000
2007-10-17,25.738527297973633,25.976982137717584,25.557880694451878,25.976982137717584,2439900
2007-10-18,25.745750427246094,25.91194494409376,25.456714807064433,25.456714807064433,1320500
2007-10-19,25.43503189086914,25.760196195079363,25.420579837743432,25.731292088827946,1611200
2007-10-22,25.43503189086914,25.43503189086914,25.160448394375255,25.254385361468717,1972000
2007-10-23,25.731292724609375,25.731292724609375,25.427805114365352,25.456709221330946,2164500
2007-10-24,25.543418884277344,25.644583259047018,25.26883813638747,25.63735585405407,3290700
2007-10-25,25.69516372680664,25.73851713039883,25.355547364282074,25.355547364282074,2067400
2007-10-26,25.781864166259766,25.825220310955583,25.117083729822333,25.117083729822333,920400
2007-10-29,25.890274047851562,25.91195075947327,25.781884976845856,25.839690459986606,839400
2007-10-30,25.861364364624023,25.926397241947516,25.78910408068237,25.8035561374707,1220700
2007-10-31,26.02033042907715,26.08536330378306,25.218261982968098,25.218261982968098,1654600
2007-11-01,25.659032821655273,26.070909460646874,25.608452011970716,26.02032589451492,2415500
2007-11-02,25.5867862701416,25.738528764196424,25.449495835965603,25.579561618426474,2411100
2007-11-05,25.57233238220215,25.818011869682447,25.406137840149057,25.586784441047858,2653000
2007-11-06,25.709613800048828,25.709613800048825,25.312189254747096,25.5361919296947,1337400
2007-11-07,25.124324798583984,25.9191685885729,25.124324798583988,25.9191685885729,2126000
2007-11-08,25.2905330657959,25.370018039320296,24.705236879665712,24.705236879665712,3631800
2007-11-09,25.225488662719727,25.54342565550612,24.66909685800746,24.66909685800746,3258800
2007-11-12,25.2905330657959,25.594018139489762,24.58962312448005,24.58962312448005,2366000
2007-11-13,25.62291717529297,25.70962954178667,25.2616239175823,25.2616239175823,3230200
2007-11-14,25.72406578063965,25.839679454126554,25.528969946244008,25.644583619730916,2512500
2007-11-15,25.565105438232422,25.83246161177963,25.449491734283782,25.449491734283782,2426000
2007-11-16,25.68072509765625,25.745757993486787,25.50730312329189,25.65182097585406,2116400
2007-11-19,25.536190032958984,25.724061185145043,25.442253078642498,25.724061185145043,1725100
2007-11-20,25.5867862701416,25.774657535669206,25.33388211338356,25.774657535669206,3843100
2007-11-21,25.015939712524414,25.45671784550996,25.015939712524414,25.268846599481645,2262600
2007-11-23,25.420578002929688,25.49283550689552,25.059284970206352,25.059284970206352,1331200
2007-11-26,25.225488662719727,25.651814707553896,25.21103660535015,25.651814707553896,2070800
2007-11-27,25.55065155029297,25.796330998139936,25.073744711113314,25.586780313354712,2117100
2007-11-28,26.157623291015625,26.280461632720478,25.73129728527599,25.919168500956307,1808900
2007-11-29,26.31659698486328,26.32382439291926,25.695174958027323,25.846917449820456,5502200
2007-11-30,26.352724075317383,26.4322090118593,26.258787081545293,26.374400782938608,2469400
2007-12-03,26.1865177154541,26.612843563475337,26.135934159788388,26.612843563475337,1649900
2007-12-04,26.179309844970703,26.287698927852812,25.767435740336893,25.81801657729551,1344500
2007-12-05,26.38884925842285,26.446654723049566,26.22987940691592,26.43220542422866,1904000
2007-12-06,26.569501876831055,26.591178586455968,26.208208682024726,26.208208682024726,2719100
2007-12-07,26.555044174194336,26.60562499020079,26.468334597675803,26.518915413682258,3442900
2007-12-10,26.605632781982422,26.605632781982422,26.424986170069747,26.482794408977107,1115800
2007-12-11,26.193758010864258,26.591179994911815,26.02033605533431,26.410533387940337,2243700
2007-12-12,26.20821189880371,27.378801221848054,25.98420909820843,27.378801221848054,2767900
2007-12-13,26.193758010864258,26.193758010864258,25.868593567025904,25.89027303424744,2107400
2007-12-14,25.796323776245117,26.07813190825931,25.77464431931907,25.77464431931907,1130600
2007-12-17,25.521739959716797,25.89026040173938,25.521739959716797,25.71683853082632,1637800
2007-12-18,25.71685028076172,26.005885945527123,25.586784507262124,26.005885945527123,2168500
2007-12-19,25.702394485473633,25.854136947014613,25.550652023932653,25.550652023932653,1663100
2007-12-20,25.85413932800293,25.85413932800293,25.644591376483262,25.644591376483262,2094600
2007-12-21,26.01367950439453,26.100708026340126,25.91214899529022,26.100708026340126,2064100
2007-12-24,26.100719451904297,26.115221445411244,25.933916095073343,25.933916095073343,510300
2007-12-26,26.071706771850586,26.15873255484473,25.94116671410949,26.15873255484473,1037000
2007-12-27,25.803377151489258,26.100717796525252,25.767113870521516,26.093464033731735,989100
2007-12-28,25.701847076416016,25.984685764503634,25.694596079208765,25.984685764503634,1060400
2007-12-31,25.607566833496094,26.006438022214123,25.52779204245251,26.006438022214123,1497300
2008-01-02,25.3392333984375,25.83963790889788,25.172432817117357,25.83963790889788,6611300
2008-01-03,25.491518020629883,25.600299505456416,25.40448951297054,25.585794754179858,2544400
2008-01-04,25.23044204711914,25.498773072205374,25.208683533491318,25.302963048548218,3270600
2008-01-07,25.73084831237793,25.803372093597616,25.252202422325496,25.252202422325496,5457900
2008-01-08,25.941164016723633,26.390800409689497,25.79611921581544,25.861389237899154,6231200
2008-01-09,26.405302047729492,26.419806802757115,26.028186716508657,26.122466240938653,8322400
2008-01-10,26.36905288696289,26.514097733136023,26.209503279522412,26.34729712831204,5622300
2008-01-11,26.448822021484375,26.5503525620928,26.238507177938494,26.3110282022303,3496000
2008-01-14,26.245758056640625,26.46332666154459,26.209497544656543,26.40530762917027,4276500
2008-01-15,25.948402404785156,26.173221875289045,25.875881422815194,26.165970883691298,5242500
2008-01-16,26.01367950439453,26.311020038128103,25.767104225213114,25.767104225213114,4217300
2008-01-17,25.513288497924805,26.376300948521454,25.491532741695487,26.122474570845977,6972100
2008-01-18,25.14341163635254,25.61480640971799,24.998369644392703,25.61480640971799,7714900
2008-01-22,24.22964096069336,25.020132204779706,22.01771678284605,24.802566391081506,9251300
2008-01-23,24.403705596923828,24.403705596923828,23.540690205457505,23.765509875751366,10737900
2008-01-24,24.30942153930664,24.497977885110597,24.113611430298644,24.497977885110597,5734500
2008-01-25,23.925045013427734,24.63576135074901,23.598694969122324,24.63576135074901,6073700
2008-01-28,24.22964096069336,24.22964096069336,23.838020836136945,24.084596162728083,5296800
2008-01-29,24.294910430908203,24.374685206306303,24.2151356555101,24.374685206306303,2397000
2008-01-30,24.012083053588867,24.381944782012322,24.012083053588867,24.323928503622515,3951900
2008-01-31,24.43996238708496,24.439962387084957,23.794515766458854,23.794515766458854,3974400
2008-02-01,24.55599594116211,24.577751696902663,24.200636253899884,24.200636253899884,3571200
2008-02-04,24.643014907836914,24.73004067320472,24.47621437150729,24.47621437150729,2793100
2008-02-05,24.193389892578125,24.56325164352739,24.14262460845765,24.461721075286437,4460100
2008-02-06,24.258651733398438,24.439957048645812,24.178876952049666,24.389191781696514,3089400
2008-02-07,24.16437530517578,24.309420129343085,24.019330481008474,24.178880064242502,2785800
2008-02-08,24.012083053588867,24.14262313809134,23.874289205224965,24.070099331978675,2769100
2008-02-11,23.939552307128906,23.97581558292227,23.758246994160196,23.852526531523793,2631300
2008-02-12,24.287656784057617,24.331168281160448,24.041081489978385,24.22238677190432,2420200
2008-02-13,24.25140380859375,24.447213928170193,24.186133768734937,24.316673848452567,2114100
2008-02-14,24.149866104125977,24.418197181255316,24.04833557583376,24.2949109016146,2708800
2008-02-15,24.171628952026367,24.193384707272145,23.93230457832318,23.939555574571806,2760000
2008-02-19,24.476215362548828,24.490720118447292,24.171623788179,24.171623788179,2804400
2008-02-20,24.403705596923828,24.403705596923828,24.033841067295235,24.12086687629584,3062100
2008-02-21,24.149866104125977,24.766305801827784,23.946805047541545,24.759052040378677,2438900
2008-02-22,24.200624465942383,24.200624465942383,23.707473955033578,24.14985921627518,2672900
2008-02-25,24.512483596801758,24.512483596801758,24.12086336357973,24.128117127065426,2575300
2008-02-26,24.294910430908203,24.59950200988348,24.28765943609899,24.46171097651362,3024600
2008-02-27,24.403705596923828,24.476226643340897,24.27316550017263,24.33843554854823,3035900
2008-02-28,24.120853424072266,24.22238670553178,24.055583412097818,24.22238670553178,4668900
2008-02-29,23.787256240844727,23.983066308630125,23.663969957331418,23.968561551775707,4110900
2008-03-03,23.780006408691406,23.801762161787305,23.642212595085013,23.678475872244356,2418900
2008-03-04,23.809017181396484,23.82351917322665,23.569692818702077,23.576943814617163,3206800
2008-03-05,23.7655029296875,23.932303500895586,23.533432329180616,23.758249167265536,3494300
2008-03-06,23.286853790283203,23.794509197004146,23.23608852626105,23.794509197004146,2623500
2008-03-07,23.01853370666504,23.27961254532871,22.931507888193966,23.27961254532871,3988500
2008-03-10,22.481861114501953,23.062037622221396,22.329565299944313,22.960507079182968,2871400
2008-03-11,22.69942283630371,22.931494780491345,22.235281714427742,22.40933463513123,3730100
2008-03-12,22.69942283630371,22.808207122086838,22.568884183213335,22.619649445512312,3182700
2008-03-13,22.6704158782959,22.858973564605748,22.206274732456098,22.431092927066036,4518600
2008-03-14,22.249788284301758,23.047531940002557,22.090238723211737,22.71392944401869,5051900
2008-03-17,22.22078514099121,22.380334747824804,21.756643848202934,21.814661509801468,4885600
2008-03-18,22.916994094848633,23.047534154373547,22.315060451789233,22.54713105394468,6180700
2008-03-19,22.619653701782227,23.141812562145695,22.126502975369544,22.779201896636362,7359700
2008-03-20,22.648067474365234,22.954024052700987,22.546082411400743,22.954024052700987,2022000
2008-03-24,22.946739196777344,23.092433334756016,22.75005252733882,22.895746665317493,2458700
2008-03-25,22.99043846130371,23.09242487630943,22.859314063040475,22.939445948521733,3434700
2008-03-26,22.764619827270508,22.895744259786326,22.764619827270508,22.881174569630765,2507200
2008-03-27,22.88117790222168,22.990447815419063,22.669922921965714,22.90303244063809,5658200
2008-03-28,22.822895050048828,23.070574201609965,22.684485785484192,23.070574201609965,2423900
2008-03-31,22.706331253051758,22.706331253051758,22.305674697547914,22.429514223884976,3496900
2008-04-01,23.070568084716797,23.106990907577877,22.633487263175695,22.80103447144327,3015200
2008-04-02,22.91031265258789,23.14342212410799,22.881173273926855,23.136137279442732,1405800
2008-04-03,22.83746337890625,22.96858779127065,22.808324003073313,22.92487872752124,1900000
2008-04-04,23.01958465576172,23.230839612668976,22.786475162853495,22.786475162853495,2810500
2008-04-07,23.281829833984375,23.347392046049706,23.15799164390769,23.303684367820164,3393600
2008-04-08,23.201698303222656,23.252690823824764,23.128851249744514,23.23812113524074,1641700
2008-04-09,23.092426300048828,23.22354931695455,22.983155035131283,23.19441133190056,1668500
2008-04-10,23.2745418548584,23.361957194326244,23.034147587159172,23.077855256893095,1917500
2008-04-11,22.96859359741211,23.259980482190485,22.910316220456433,23.223556253191774,3177600
2008-04-14,22.866601943969727,22.99044151550983,22.80832458027097,22.939448995953658,1089700
2008-04-15,22.844743728637695,22.968583272681013,22.764611850303304,22.924874217530448,2110500
2008-04-16,22.96859359741211,22.990446745369074,22.793761466545085,22.910316220456433,2732400
2008-04-17,22.822895050048828,22.93216493704533,22.735478306786426,22.895742104527162,1482000
2008-04-18,23.041433334350586,23.165272902124592,22.968587674023922,23.12885007196126,2283000
2008-04-21,22.96859359741211,23.05600896812449,22.91759967681391,22.961308751612368,3293800
2008-04-22,22.728193283081055,22.852032850313915,22.597068871958978,22.852032850313915,2659900
2008-04-23,22.801036834716797,22.94673092014522,22.71362149501316,22.771898851296175,901700
2008-04-24,22.873884201049805,23.063285959009697,22.7281915030019,22.932161558157325,1694100
2008-04-25,23.172565460205078,23.216274538282143,23.012303008916287,23.06329554389716,3163700
2008-04-28,23.310964584350586,23.34738741073693,23.17984018625293,23.25268722846738,3835300
2008-04-29,23.05600357055664,23.165273453087423,22.968588220308792,23.165273453087423,1089900
2008-04-30,22.932159423828125,23.208977886406302,22.91030628534783,23.165268830562383,1833000
2008-05-01,23.340105056762695,23.35467474378044,22.844746813694048,22.844746813694048,1809000
2008-05-02,23.347387313842773,23.449372338854694,23.31096448760759,23.41294951261951,2250300
2008-05-05,23.281829833984375,23.354678280103673,23.21626901136109,23.347392046049706,886200
2008-05-06,23.238121032714844,23.310968085871586,23.070573783063715,23.1579905247402,1703400
2008-05-07,23.03414535522461,23.32553210761927,22.92487410731518,23.223545702199914,2283900
2008-05-08,22.946739196777344,23.128856174529545,22.946739196777344,23.01958626576668,2157500
2008-05-09,22.924880981445312,22.946735515468706,22.771903411607706,22.946735515468706,1469200
2008-05-12,23.09971809387207,23.09971809387207,22.91031764903769,23.012302717708874,1082200
2008-05-13,22.88117790222168,23.121572267032857,22.88117790222168,23.107002574755253,1293100
2008-05-14,23.070568084716797,23.136130277420044,22.932158856849764,22.932158856849764,1528800
2008-05-15,23.005016326904297,23.041439166286484,22.873891882020807,22.98316178960963,1213200
2008-05-16,23.092426300048828,23.092426300048828,22.924877675581456,23.02686409687504,1381600
2008-05-19,23.238121032714844,23.238121032714844,22.975873586569328,23.005011574166844,2174900
2008-05-20,23.172565460205078,23.28912022285918,23.05601069755098,23.070580390243336,1653400
2008-05-21,22.96859359741211,23.325542704945907,22.94673906001288,23.245410790591002,2029200
2008-05-22,23.21626853942871,23.230836838914392,22.917595474179073,22.946734852034457,995300
2008-05-23,22.83746337890625,23.070572827802106,22.83746337890625,23.012295465578145,1328900
2008-05-27,22.932159423828125,23.070568655117214,22.82288956310165,22.82288956310165,1597700
2008-05-28,22.91031265258789,23.099713056116435,22.873888429261594,22.954020331137396,1394000
2008-05-29,23.405668258666992,23.493083605623717,22.888455462979138,22.888455462979138,2288500
2008-05-30,23.369253158569336,23.456668534439366,23.30368954250329,23.398389764602882,1456800
2008-06-02,23.092426300048828,23.39838139560403,23.01229440962712,23.340105425496052,1672100
2008-06-03,23.24540901184082,23.340110610548596,23.099714885879084,23.179846794102254,2668600
2008-06-04,23.252696990966797,23.376536597892112,23.143427076489715,23.223557606070322,2460900
2008-06-05,23.4566650390625,23.50037133104231,23.21627070707856,23.27454807878854,1914400
2008-06-06,22.888452529907227,23.289109162573613,22.80103580471075,23.25997118046926,2634700
2008-06-09,22.764619827270508,22.983159621835455,22.648065084910254,22.881174569630765,3173100
2008-06-10,22.546072006225586,22.757326880505282,22.53150232125688,22.618917652185846,1943000
2008-06-11,22.320253372192383,22.597071919548533,22.26926084753259,22.597071919548533,2322200
2008-06-12,22.13084602355957,22.53150405436756,21.86131377811442,22.40037965844646,3137100
2008-06-13,22.480510711669922,22.801035457140387,22.40037883058146,22.473225868894453,1882700
2008-06-16,22.553361892700195,22.66991801625628,22.37852979152911,22.59707096007449,1597400
2008-06-17,22.49508285522461,22.764616526249853,22.436805492495086,22.764616526249853,1496300
2008-06-18,22.240116119384766,22.52421803609597,22.21097674872635,22.4513709988916,2382300
2008-06-19,22.269256591796875,22.495081181895245,22.03614715821897,22.03614715821897,1779800
2008-06-20,21.956016540527344,22.314631309844845,21.897467218922976,22.29267479077098,2037900
2008-06-23,22.117029190063477,22.22681040124146,22.10971034958987,22.117029190063477,1359200
2008-06-24,22.19753074645996,22.307310540481016,21.999926279666575,22.131662590862167,1782800
2008-06-25,22.44637680053711,22.592750862296693,22.204860575782355,22.226817103824246,2678900
2008-06-26,21.992618560791016,22.3292783480643,21.882838711261705,22.226817341293813,2324700
2008-06-27,22.13899040222168,22.27804560883056,22.007254037637097,22.036529405734285,2161800
2008-06-30,22.380496978759766,22.66592471530396,22.014563410502788,22.014563410502788,2441700
2008-07-01,22.380496978759766,22.46100281047255,22.095069242215573,22.095069242215573,10508300
2008-07-02,22.226810455322266,22.607380389393075,22.226810455322266,22.548831061387865,2258900
2008-07-03,22.32195472717285,22.46100991797196,22.26340539356158,22.343911250749414,2497700
2008-07-07,22.175579071044922,22.45368943227437,22.058480412398666,22.314634251659648,3817000
2008-07-08,22.761072158813477,22.89280848950354,22.168260066634215,22.168260066634215,4317200
2008-07-09,22.870851516723633,23.22214746099827,22.76107170862856,22.900126876709518,6234200
2008-07-10,22.99527359008789,23.0099112729996,22.665932704205833,22.958680778734895,5928500
2008-07-11,22.55613899230957,22.826930375815692,22.49758969262249,22.75374340222549,4324100
2008-07-14,22.70984649658203,23.053823680713165,22.497604275191147,22.63665947555323,3422000
2008-07-15,22.819618225097656,23.009903853816414,22.497596284502382,22.54150792315261,5179000
2008-07-16,22.980632781982422,23.163599605717835,22.87817180738694,23.053819790661805,8097800
2008-07-17,23.207517623901367,23.28070465267337,22.878178088317046,23.163605965008752,3847500
2008-07-18,23.2001953125,23.412436115914844,23.002590795029295,23.266063484990234,2858800
2008-07-21,22.790355682373047,23.20751997391142,22.753762862244866,23.20020252662707,4387800
2008-07-22,23.10504913330078,23.12700565359466,22.68056617910119,22.731796663860898,3187400
2008-07-23,23.207517623901367,23.412441025277687,23.148968280069056,23.148968280069056,3801600
2008-07-24,23.185550689697266,23.46366097827215,23.163594173464798,23.163594173464798,5173600
2008-07-25,23.324617385864258,23.449034914283107,23.214836146256815,23.214836146256815,5849800
2008-07-28,23.13432502746582,23.66858780360971,23.13432502746582,23.66858780360971,2641000
2008-07-29,23.368528366088867,23.42707631148855,23.251429683436687,23.302660182606214,3637900
2008-07-30,23.361207962036133,23.4856254785265,23.09041640405369,23.375845645370603,5642900
2008-07-31,23.38316535949707,23.653955531656763,23.295340652139696,23.368527675616445,4035000
2008-08-01,23.207517623901367,23.500265738989384,23.10505662117644,23.470990369109995,4288200
2008-08-04,23.405118942260742,23.602723473807952,23.141647629457406,23.33193192362182,3127000
2008-08-05,24.16624641418457,24.20283920239098,23.47097227085971,23.712489698353405,3273800
2008-08-06,24.261402130126953,24.261402130126953,23.7417742249255,23.98329177419758,9167000
2008-08-07,23.968660354614258,24.195540282121932,23.785693481678273,23.975977801116414,3833600
2008-08-08,24.385826110839844,24.40778124355807,23.888155962304083,23.902793648067266,6504700
2008-08-11,24.407777786254883,24.51755901800194,24.25408629529116,24.495603888393607,2849600
2008-08-12,24.35654067993164,24.502914685257103,24.31263043263036,24.35654067993164,3521100
2008-08-13,24.371187210083008,24.422417711773566,24.158944964877595,24.283363891735338,5973800
2008-08-14,24.35654067993164,24.568782848060962,24.071112905065558,24.21016946645812,3494100
2008-08-15,24.598058700561523,24.663926864685706,24.305310684042503,24.305310684042503,3045500
2008-08-18,24.39313507080078,24.69320051056961,24.261398751697218,24.69320051056961,2169700
2008-08-19,24.283361434936523,24.37850498210152,24.06380176535418,24.268723751384012,7032300
2008-08-20,24.129663467407227,24.2321244329148,23.932058980277503,24.210169309406584,4168500
2008-08-21,23.97597312927246,24.2174906945764,23.81496421092221,23.954018002191148,2710300
2008-08-22,24.378501892089844,24.42241214532902,24.07111616015403,24.180897376956604,3494500
2008-08-25,23.983293533325195,24.283359036887724,23.880832550428586,24.195535736098115,2075000
2008-08-26,23.954015731811523,24.122344871136104,23.851554759340225,23.975970856811916,1344500
2008-08-27,23.9906063079834,24.012564222795348,23.80032206134154,23.975968628726047,2616300
2008-08-28,24.129663467407227,24.158936034800874,24.00524458653951,24.027202501899648,1667100
2008-08-29,23.86618995666504,24.195530756663306,23.86618995666504,24.129662596663653,2408300
2008-09-02,23.82227897644043,24.37849966265658,23.82227897644043,24.07843419493673,5185200
2008-09-03,23.96133804321289,23.997930852000025,23.75641328867072,23.895469870655113,3009000
2008-09-04,23.434398651123047,23.844245473086353,23.324618800782584,23.793012177469507,11658100
2008-09-05,23.30997085571289,23.46366369528576,23.05381705370872,23.170915695323327,5803200
2008-09-08,23.697856903076172,23.763725052147453,23.419746630125058,23.70517434548349,7640400
2008-09-09,23.492937088012695,23.88814606430535,23.302652835641382,23.793002542193722,3408600
2008-09-10,23.397790908813477,23.49293301851842,23.302648799108532,23.434385101719784,5239000
2008-09-11,23.492937088012695,23.69054157615902,23.053817864477704,23.053817864477704,3970400
2008-09-12,23.71251106262207,23.71251106262207,23.419762909511853,23.573454433560734,3869100
2008-09-15,23.0538272857666,23.536859745794256,23.0538272857666,23.27338698726043,6297700
2008-09-16,23.01722526550293,23.441706813108333,22.70252212882991,22.85621357924642,7324900
2008-09-17,22.651288986206055,23.083090718960026,22.256080052800392,22.69520062460919,6844100
2008-09-18,22.944046020507812,22.973319994136517,22.21217853274633,22.44637590548177,14902300
2008-09-19,23.19547462463379,24.320328418700676,22.835228110152205,24.070361220525278,4821000
2008-09-22,22.64407730102539,23.46749893118887,22.394110095562063,22.982268803472444,4334300
2008-09-23,22.107379913330078,22.724945682833965,22.107379913330078,22.592609960472075,3316600
2008-09-24,22.313243865966797,22.548506835914147,22.225019551097585,22.305891722871205,4029600
2008-09-25,22.717594146728516,22.996969879652095,22.335291250242268,22.335291250242268,9256200
2008-09-26,22.673480987548828,22.952855297026677,22.445570255952894,22.607313129621406,5521100
2008-09-29,22.16620445251465,22.835234068591216,21.32072760385197,22.394115285986963,8689400
2008-09-30,22.092676162719727,22.386756176037586,21.89417397669083,22.254420450500035,3309800
2008-10-01,22.239723205566406,22.408818285128156,22.129443866820825,22.129443866820825,6053600
2008-10-02,22.276473999023438,22.48968185437336,22.00445182762628,22.23971470092458,6353400
2008-10-03,21.798595428466797,22.497033288651785,21.798595428466797,22.497033288651785,6814400
2008-10-06,20.98253059387207,21.96769363782876,20.151756900030446,21.614799287550767,8545000
2008-10-07,20.475242614746094,21.15897624560564,20.137051168370693,21.11486340328881,5060200
2008-10-08,20.107648849487305,20.453191117151597,19.51949009750913,19.87238590960713,9958100
2008-10-09,18.56372833251953,20.320849100215415,18.379929042098546,20.320849100215415,10773200
2008-10-10,17.74765968322754,18.77693686904026,16.828663197521436,17.71825252486917,15960800
2008-10-13,19.88709259033203,20.460547167535466,18.54168116890836,18.87987276129336,7756200
2008-10-14,20.29145050048828,20.997239400265595,19.732700253692297,20.916368631923127,12535900
2008-10-15,18.30641746520996,20.122356187237884,18.30641746520996,20.122356187237884,8958600
2008-10-16,19.262170791625977,19.62976946015107,17.93146260192524,18.843107131594156,11304400
2008-10-17,19.18864631652832,20.22527420859375,18.835752013331007,18.835752013331007,7743000
2008-10-20,19.96059799194336,20.20321294247812,19.42390452595388,19.44596094046685,8094200
2008-10-21,19.901796340942383,20.37232229789487,19.85768488304758,19.923852771028766,4888900
2008-10-22,19.409210205078125,19.666529563940358,18.651957814653283,19.666529563940358,10562300
2008-10-23,18.960744857788086,19.548902317340467,18.343178824119086,18.9754477425684,7834800
2008-10-24,18.894569396972656,19.12983228652032,17.81382856998161,17.81382856998161,10636200
2008-10-27,18.085857391357422,18.93133417096434,17.732962955008457,18.534326878363377,5929000
2008-10-28,19.22541046142578,20.217927166414384,18.07115084392582,18.696068873161433,7073300
2008-10-29,19.09307289123535,19.740047284078294,18.85045784448863,19.335687937982073,7502500
2008-10-30,19.541545867919922,19.747401634542864,19.10777931122429,19.32098721975638,4827900
2008-10-31,19.556251525878906,20.004720995627316,19.423915766770996,19.57830655087837,6100100
2008-11-03,19.703285217285156,19.945900247268863,19.607710194318365,19.607710194318365,3951600
2008-11-04,19.96059799194336,20.269380783740054,19.901782288852417,20.144397239387178,3884000
2008-11-05,19.666526794433594,20.159109016964713,19.438616035434865,19.931198257965985,5999500
2008-11-06,19.18864631652832,19.578299917121363,18.79163917372336,19.482724902526083,8637100
2008-11-07,19.431264877319336,19.54889633322161,18.96808979271126,19.15924125912185,5676300
2008-11-10,19.291576385498047,19.938550774710915,19.151888510192027,19.938550774710915,4835800
2008-11-11,18.946033477783203,19.357743545335364,18.82104988913447,19.276871399069282,10628000
2008-11-12,18.52696990966797,18.916623526291453,18.357873488769943,18.68871278805155,4237700
2008-11-13,19.519485473632812,19.519485473632812,18.034388166867277,18.39463463350647,7599700
2008-11-14,18.776939392089844,19.637118872106463,18.776939392089844,19.02690517969454,5996900
2008-11-17,18.453460693359375,18.990154623801445,18.387292794836032,18.43875640429237,6151400
2008-11-18,18.578439712524414,18.710775476567377,17.946169463109282,18.313768184438484,5928200
2008-11-19,17.828535079956055,18.8284038878082,17.71825576197886,18.681363862320197,6997800
2008-11-20,17.321250915527344,17.93146472131132,16.43901484815896,17.63003388967573,12781400
2008-11-21,17.343305587768555,17.402121319640436,16.166989548053245,17.108042660281026,9508400
2008-11-24,17.6888484954834,18.13731934411891,17.35801051724676,17.42417839334963,6284000
2008-11-25,17.80647850036621,18.262301453586993,17.659439878436434,18.15202213657026,6164700
2008-11-26,18.085857391357422,18.174080299305746,17.468291426607816,17.468291426607816,6608700
2008-11-28,18.321115493774414,18.482858383669228,18.04174115626929,18.188779764643446,1595100
2008-12-01,17.380069732666016,18.23289878336102,17.233031063191937,18.23289878336102,5771700
2008-12-02,17.828535079956055,17.8579436459647,17.335952817532146,17.57856787799302,7442500
2008-12-03,18.25495147705078,18.401991518696015,17.475642621797682,17.61532911885511,10260400
2008-12-04,17.90940284729004,18.350520011147076,17.725603561590518,18.041738557358055,8388100
2008-12-05,18.519611358642578,18.62989061946949,17.45357523200307,17.556502355137937,8018200
2008-12-08,18.666664123535156,19.071023590925765,18.475512604777805,19.071023590925765,9152900
2008-12-09,18.372577667236328,18.718119842796213,18.188778369162,18.571081245703166,8474900
2008-12-10,18.321115493774414,18.593139092796676,18.203484046164103,18.534321966714053,7121300
2008-12-11,18.431398391723633,18.843108538575667,18.174079024086957,18.174079024086957,9030800
2008-12-12,18.46816062927246,18.51962422659825,17.975578279860446,18.18143266916359,6547800
2008-12-15,18.431398391723633,18.769589921203252,18.254951185929905,18.769589921203252,4292500
2008-12-16,19.15924644470215,19.24747076164615,18.48286468905797,19.15924644470215,7632100
2008-12-17,19.041616439819336,19.26217654821638,18.850464906786453,18.9239849429188,8981200
2008-12-18,19.181299209594727,19.49008215648358,18.953388420929375,19.071019886193923,6011900
2008-12-19,19.298168182373047,19.586641688254257,19.187216942481932,19.423913297135392,8949500
2008-12-22,19.16502571105957,19.386928185989067,18.86175833693921,19.379532659536743,5075900
2008-12-23,19.17242431640625,19.468294778994597,19.0466791934535,19.253789222676165,3210200
2008-12-24,19.105859756469727,19.194621630717656,19.024494822644304,19.113256696892233,876900
2008-12-26,19.12063980102539,19.22419407036111,19.03927492607812,19.165020000623397,1040500
2008-12-29,19.0910587310791,19.202009974250554,18.802585216668994,19.172423634454915,1559400
2008-12-30,19.460893630981445,19.520067710697617,19.157626296083386,19.172420168717768,2865700
2008-12-31,19.63841438293457,19.756762533404544,19.50527377177178,19.586637243456614,2383000
2009-01-02,20.037845611572266,20.14139991720861,19.520071261747333,19.645816380372153,3589100
2009-01-05,19.94168472290039,20.06003430216233,19.719782259779848,20.06003430216233,3880700
2009-01-06,19.616230010986328,20.0304486437292,19.45350020429257,19.978671490989043,5726300
2009-01-07,19.438716888427734,19.60144536088625,19.283383946279926,19.283383946279926,3947300
2009-01-08,19.54965591430664,19.54965591430664,19.22419776282667,19.342545925033683,5521700
2009-01-09,19.342548370361328,19.60143553697627,19.231597130618226,19.55705532324334,3906400
2009-01-12,19.0910587310791,19.416516933760757,18.994901363216265,19.409119996106448,4811700
2009-01-13,19.253793716430664,19.364744989444148,19.039286699225546,19.091063865910375,5286200
2009-01-14,18.9801025390625,19.135435367658555,18.802580314110745,18.93572233552987,3907600
2009-01-15,19.11324691772461,19.179817936644397,18.59547263964213,19.02448508889109,7710700
2009-01-16,19.27597999572754,19.438709819834067,19.02448973194631,19.32775715400807,4456600
2009-01-20,18.809974670410156,19.46088940597282,18.795180800987563,19.238987007918084,8967000
2009-01-21,19.20940399169922,19.275975009646313,18.699028068533337,19.06146949356675,6294300
2009-01-22,19.2907772064209,19.39433154087809,18.935732564720254,19.09846100612755,4778900
2009-01-23,19.2907772064209,19.36474519281403,18.943129504441767,19.14284123363463,4563300
2009-01-26,19.187219619750977,19.460899288948568,19.083663892024372,19.357344972043723,6881000
2009-01-27,19.586637496948242,19.749367264066443,19.342544257092197,19.379528936355996,5819200
2009-01-28,19.889909744262695,20.023051800980788,19.682801132320424,19.80114931366504,8140600
2009-01-29,19.60883331298828,19.838132739706392,19.5200714709049,19.63102412621453,3911100
2009-01-30,19.401718139648438,19.6827960559658,19.31295773194282,19.653208312849763,5236200
2009-02-02,19.527467727661133,19.741974682236144,19.209406469951464,19.231597282403847,5822100
2009-02-03,20.030447006225586,20.185779862569092,19.557054321791068,19.638417807664823,6915500
2009-02-04,19.94168472290039,20.32631697574269,19.845527365100544,20.215365744182417,4998200
2009-02-05,20.111814498901367,20.156194716090216,19.74197606374375,19.74197606374375,4569900
2009-02-06,20.2745418548584,20.37809615988879,20.008257743841288,20.111813459693273,4571800
2009-02-09,20.215364456176758,20.29672934585354,20.000858943603472,20.281935473035695,3548500
2009-02-10,19.542259216308594,20.13400003456522,19.497879007644695,20.097016762482205,6174100
2009-02-11,19.786352157592773,19.8159399034339,19.59403604208957,19.601432978549852,4152600
2009-02-12,20.015655517578125,20.015655517578125,19.44610540529747,19.571849117617603,6363500
2009-02-13,19.712383270263672,20.023047532776065,19.712383270263672,20.023047532776065,4067600
2009-02-17,19.372133255004883,19.64581284517367,19.268577557181437,19.557052430835114,5869300
2009-02-18,19.364748001098633,19.47569929136754,19.21681200685862,19.394334353453313,5876100
2009-02-19,19.327754974365234,19.601436022612265,19.320359447577815,19.594039085003253,3896800
2009-02-20,19.128036499023438,19.32774810014981,18.98010062110211,19.00229142603664,6713200
2009-02-23,18.750808715820312,19.283375548052025,18.654649933792722,19.076266929817184,8094100
2009-02-24,19.024484634399414,19.08365871526763,18.728614230058323,18.869153201178356,4738900
2009-02-25,18.63985252380371,18.95791230468901,18.551090703235324,18.94311984361201,7642000
2009-02-26,17.707857131958008,18.861752163394602,17.70046019710521,18.861752163394602,7675700
2009-02-27,16.997774124145508,17.626499745445233,16.96079084499562,17.397200310908275,9912200
2009-03-02,16.265499114990234,17.500759917433236,16.25070523452455,17.500759917433236,11638500
2009-03-03,16.228504180908203,16.627928791145155,16.110156043740137,16.41342332158594,7500900
2009-03-04,16.69449806213379,16.886814117779,16.280279625032307,16.83503698949393,5910800
2009-03-05,16.250701904296875,16.78327020534658,16.05099020222504,16.605747908603945,6274200
2009-03-06,16.487396240234375,16.487396240234375,15.999208263426798,16.28028623221969,8982500
2009-03-09,16.184123992919922,16.509582104129922,16.05098338502698,16.28028274457845,7060200
2009-03-10,16.76847267150879,16.798059009103625,16.30987244680613,16.31726938391021,7928700
2009-03-11,16.46520233154297,17.034753688330913,16.44301152423729,16.953388805697994,10766500
2009-03-12,17.27145767211914,17.323234834708707,16.38384473657216,16.38384473657216,8992100
2009-03-13,17.8483943939209,17.959347004227233,17.36760492227063,17.41938205464236,11528600
2009-03-16,17.65608787536621,18.092495939798887,17.65608787536621,18.01113244176315,6934800
2009-03-17,17.929767608642578,17.966752299562046,17.52294588428035,17.61910325902756,4510800
2009-03-18,17.959352493286133,18.29960313047731,17.767036363682713,17.767036363682713,6840200
2009-03-19,17.52293586730957,18.17385053635868,17.36020614193162,18.17385053635868,9299700
2009-03-20,17.527406692504883,17.78789922869562,17.460422856925263,17.60927614034,4831700
2009-03-23,18.16747283935547,18.23445667130546,17.66881621237778,17.84743929105441,5069900
2009-03-24,17.929306030273438,18.24189672570369,17.847436599222473,18.048388064764026,6040800
2009-03-25,18.04839324951172,18.256787579520438,17.728359657543777,17.92931118081252,4271700
2009-03-26,18.249338150024414,18.323764770844264,17.966517274822937,18.204681325790673,6769600
2009-03-27,18.055837631225586,18.323773018955364,18.055837631225586,18.167476902922875,4769800
2009-03-30,17.951641082763672,18.026066317166066,17.720918313491122,17.869771621436616,5020300
2009-03-31,18.018619537353516,18.368424308034935,18.011178151210117,18.189801229622525,8359200
2009-04-01,18.011178970336914,18.115375415923705,17.59439034884954,17.802784659593225,6837200
2009-04-02,18.085607528686523,18.383314147413014,18.0186236814301,18.383314147413014,10706500
2009-04-03,17.78790283203125,18.264232583707535,17.676263556640237,18.234461353165717,6395700
2009-04-06,17.959074020385742,18.070714658600522,17.63904197215505,17.63904197215505,4378400
2009-04-07,17.75813102722168,17.95908113253517,17.601834923566464,17.75813102722168,8460600
2009-04-08,17.87721061706543,17.988849864435988,17.758128563927496,17.88465342283281,3328800
2009-04-09,17.959074020385742,18.22700928078972,17.91441861684164,18.22700928078972,3903800
2009-04-13,18.10049819946289,18.18981049394209,17.93676064908358,17.93676064908358,4172700
2009-04-14,18.018619537353516,18.21957103290624,17.99629253978324,18.197244035335967,2812000
2009-04-15,18.12282371520996,18.197250378718714,17.8623311027146,18.0111844297321,3259800
2009-04-16,18.204681396484375,18.33120622649853,17.9814029527275,18.145140383511226,3834100
2009-04-17,18.413082122802734,18.49495157675181,18.204687794373367,18.234459021107657,4678600
2009-04-20,18.055837631225586,18.40564106109585,17.97396816951474,18.11537867076883,7361300
2009-04-21,17.884658813476562,18.13770860755933,17.75813391643518,17.951642666002616,6848900
2009-04-22,17.691150665283203,17.869773804901115,17.594395577425257,17.594395577425257,5203200
2009-04-23,17.706031799316406,17.720915992505226,17.333899997762757,17.713473186125736,3337300
2009-04-24,17.683704376220703,17.84744186708164,17.60183492100511,17.653933149025853,3625500
2009-04-27,17.87721061706543,18.003735475970743,17.765571369694875,17.869767811298054,4275900
2009-04-28,17.94419288635254,18.130258755619337,17.82511084358738,17.89953605563816,3778100
2009-04-29,18.011178970336914,18.16003083266517,17.825113077749013,17.95163794149159,6880800
2009-04-30,17.99629020690918,18.249339890082897,17.869765365322323,18.011175816406425,6006000
2009-05-01,17.966522216796875,18.04094885808894,17.802784741610424,17.966522216796875,4935300
2009-05-04,18.264232635498047,18.331215065266267,17.98885443048696,17.98885443048696,3309000
2009-05-05,18.47262191772461,18.48006472390899,18.219572185736318,18.264229022842578,5663300
2009-05-06,18.360977172851562,18.606584025201435,18.197239744474885,18.606584025201435,6639300
2009-05-07,18.733112335205078,18.88940698867318,18.360980585534392,18.480062631863415,8924300
2009-05-08,19.04570770263672,19.105248740309776,18.814986359099912,18.993609472119083,5632400
2009-05-11,18.71823501586914,18.904300973123448,18.70334939859185,18.8968581644848,4615500
2009-05-12,19.023374557495117,19.105243996305518,18.67357122547152,18.87452271005889,5275500
2009-05-13,18.978727340698242,19.21689153509728,18.80010419489896,18.80010419489896,6741300
2009-05-14,19.00104331970215,19.16478074120328,18.941502310104497,19.142452330265545,4525000
2009-05-15,18.852203369140625,19.05315495046132,18.733121266040357,19.05315495046132,5882700
2009-05-18,19.03826141357422,19.03826141357422,18.710785056479395,18.911736554212812,4691900
2009-05-19,18.89685821533203,19.038268740705576,18.837317165633266,18.97872769100681,6561300
2009-05-20,18.971281051635742,19.19456100759901,18.91918282111541,18.91918282111541,8416100
2009-05-21,18.800100326538086,18.971280628593536,18.599148796523277,18.867084169876353,4996800
2009-05-22,18.822431564331055,18.904299614330476,18.65869262519122,18.81498875622738,3655700
2009-05-26,18.993608474731445,19.09780493029518,18.524721585554172,18.74800152978105,4412900
2009-05-27,18.800100326538086,19.053150085911486,18.770329098578728,19.01593605096229,4591100
2009-05-28,18.89685821533203,19.04571154936425,18.710792257577065,18.762890498617157,5720000
2009-05-29,19.224327087402344,19.23176989311435,18.822425515944232,18.874523736358242,6549200
2009-06-01,19.350860595703125,19.42528726652381,19.202007254061755,19.365746213781396,7529000
2009-06-02,19.469932556152344,19.596457404749057,19.216882858958915,19.306195101320686,6533300
2009-06-03,19.425283432006836,19.455053242716197,19.261544504608974,19.343413968307903,5920700
2009-06-04,19.15734100341797,19.469931708723756,19.082914374617566,19.44016190894552,20046600
2009-06-05,19.194564819335938,19.34341673330077,18.926629386800407,19.023383059899018,9662400
2009-06-08,18.986164093017578,19.127574570673893,18.785212585753886,19.097803346085144,6260100
2009-06-09,18.88941192626953,19.082920657028883,18.837313694828616,19.082920657028883,5337700
2009-06-10,18.807546615600586,19.097809044092756,18.68102171248877,19.06803923019203,6176800
2009-06-11,19.008499145507812,19.194565105414956,18.77033352438735,18.78521914187687,6493300
2009-06-12,19.075489044189453,19.261555076854307,18.90430863483487,19.008506578435586,17595700
2009-06-15,18.487506866455078,19.023376116363167,18.487506866455078,18.87452425672929,15870500
2009-06-16,18.561931610107422,18.829865497909168,18.502390588421484,18.51727477916552,6354500
2009-06-17,18.986164093017578,19.090360539937958,18.59170388463738,18.59170388463738,7463300
2009-06-18,19.350860595703125,19.46994270118795,18.971285852131235,19.023384095834516,10436700
2009-06-19,19.507938385009766,19.739819155664716,19.425657513256343,19.627618874812576,10601600
2009-06-22,19.156375885009766,19.37329622372721,19.104015852447066,19.37329622372721,6224400
2009-06-23,19.09652328491211,19.291004299067414,19.04416185953329,19.28352409544187,6001600
2009-06-24,19.193777084350586,19.305977367200473,19.06661638333298,19.23117670306588,4161500
2009-06-25,19.724857330322266,19.83705759505303,19.12645354058525,19.2461340131919,8134500
2009-06-26,19.724857330322266,19.80713676354948,19.52289599778463,19.747296527246156,4967700
2009-06-29,19.844539642333984,19.86697884133778,19.515417598807247,19.687458115787898,4266200
2009-06-30,19.679977416992188,19.859498138070226,19.530377529445758,19.79965789771088,5414000
2009-07-01,19.732337951660156,19.792178193543965,19.62761788503947,19.792178193543965,5535800
2009-07-02,19.26108741760254,19.635089115031715,19.26108741760254,19.522888891143612,4989900
2009-07-06,19.410694122314453,19.433133317376292,19.10401275837099,19.14141236794316,5551600
2009-07-07,19.335893630981445,19.590214972874715,19.328413423666507,19.45557409461314,7325600
2009-07-08,19.51541519165039,19.64257586823473,19.43313433424178,19.507934984003814,5312000
2009-07-09,19.26857566833496,19.597697698974205,19.18629480399919,19.597697698974205,5232600
2009-07-10,19.17881202697754,19.37329313600241,19.133932210034462,19.22369327062427,3640100
2009-07-13,19.51541519165039,19.552814803179544,19.133933161897374,19.28353446142144,4616500
2009-07-14,19.605175018310547,19.66501668005794,19.418174105461173,19.418174105461173,4204700
2009-07-15,19.777212142944336,19.777212142944336,19.470530834432285,19.724852128325704,5320700
2009-07-16,19.904380798339844,19.971701251850888,19.717379855632267,19.78470030914331,5610000
2009-07-17,19.844539642333984,19.964220126033904,19.747298357637856,19.964220126033904,5462300
2009-07-20,19.88941764831543,19.934297468923017,19.694936523410842,19.896897856200656,3615000
2009-07-21,20.181142807006836,20.218543854188315,19.97170264960684,20.061462309434248,5665700
2009-07-22,20.106327056884766,20.278368891456793,20.02404766821432,20.188607872258213,7369700
2009-07-23,20.510255813598633,20.62245605209017,20.06145343292905,20.158694685870902,6627500
2009-07-24,20.869304656982422,20.899225492255262,20.457903158908525,20.585063855410194,4141500
2009-07-27,20.854337692260742,20.98149834884114,20.704737842974307,20.869298105200436,4662000
2009-07-28,20.996461868286133,21.04134168704185,20.816941166559545,20.861820985315262,5460100
2009-07-29,20.981491088867188,21.063771904861362,20.83937149522654,20.83937149522654,4113100
2009-07-30,21.011423110961914,21.340545123774792,20.988982487348387,21.31062429229009,5080500
2009-07-31,20.846858978271484,21.183459710255654,20.846858978271484,20.94409880927931,5961600
2009-08-03,20.97402572631836,21.09370621156293,20.77206437245417,20.959065308986805,8179700
2009-08-04,21.02638053894043,21.02638053894043,20.869299049373925,20.89173966979873,4449900
2009-08-05,20.72718048095703,21.06378269453274,20.697261076807933,21.06378269453274,4502100
2009-08-06,20.57758331298828,20.8393849105655,20.480342026631977,20.727183206815315,7178800
2009-08-07,20.667341232299805,20.869302570083796,20.629941618652612,20.667341232299805,5144100
2009-08-10,20.8319034576416,20.86930307218861,20.592542500451515,20.704742770796386,4903700
2009-08-11,20.80198097229004,20.94410206434658,20.74962094540177,20.88426182980231,4956200
2009-08-12,20.914186477661133,21.033868403461966,20.68978589853076,20.86182643764432,5316800
2009-08-13,20.89174461364746,20.98898447175878,20.659863854532855,20.974025481305894,7561800
2009-08-14,20.89174461364746,20.98898447175878,20.63742322879767,20.936624438413922,5772400
2009-08-17,20.80946922302246,20.936629948915943,20.629948450003006,20.629948450003006,7543000
2009-08-18,20.794506072998047,20.936627201334876,20.6748255733578,20.936627201334876,4171500
2009-08-19,21.086227416992188,21.093707626159606,20.67482447300833,20.77206576548074,5693200
2009-08-20,21.235820770263672,21.25826139084435,21.018900478131407,21.101179900186747,4320800
2009-08-21,21.452741622924805,21.57990228100727,21.273220945638414,21.325580964842338,4980200
2009-08-24,21.60234832763672,21.60982853656813,21.41534738446336,21.579909127546458,6183900
2009-08-25,21.60234832763672,21.744469443925585,21.549988291820814,21.579909127546458,4663200
2009-08-26,21.60982322692871,21.75194430829773,21.50510318102713,21.549982996884435,6038200
2009-08-27,21.60234832763672,21.677148990246856,21.385427975441686,21.60982853656813,4339700
2009-08-28,21.44525909423828,21.71454079436136,21.295657832680266,21.669659559871935,5794400
2009-08-31,21.40786361694336,21.52006387137828,21.228341497803118,21.31810255737324,5478100
2009-09-01,21.06377601623535,21.490137733783556,21.018896210889036,21.40785832843253,7560600
2009-09-02,21.10866355895996,21.205904837341258,20.988983083032064,21.063783737162954,5343700
2009-09-03,21.011423110961914,21.190943819758818,20.9141818353404,21.190943819758818,4183200
2009-09-04,21.310625076293945,21.348026117025785,21.07126412242547,21.116143944599855,6434900
2009-09-08,21.21338653564453,21.400387470756478,21.116145250432126,21.39290726214753,6484500
2009-09-09,21.460222244262695,21.512582264478628,21.213381129885065,21.243300529992645,4642600
2009-09-10,21.624778747558594,21.624778747558594,21.37793767614664,21.49013790375147,4851400
2009-09-11,21.632265090942383,21.68462511690116,21.53502524654804,21.617304675895962,5386300
2009-09-14,21.714548110961914,21.736987309064027,21.460226736643087,21.460226736643087,3940200
2009-09-15,21.520069122314453,21.75943010396777,21.520069122314453,21.714550276583772,5793600
2009-09-16,21.714548110961914,21.714548110961914,21.475185726476546,21.56494679899654,5151700
2009-09-17,21.6995849609375,21.744464778192082,21.58738470444921,21.58738470444921,5022300
2009-09-18,21.60717010498047,21.79499320940522,21.60717010498047,21.78748011327104,6988100
2009-09-21,21.81753921508789,21.855103274347606,21.5395603044442,21.5395603044442,4603100
2009-09-22,21.749929428100586,21.907700244918423,21.629722682055345,21.86262307339582,3830700
2009-09-23,21.441896438598633,21.78749042650025,21.441896438598633,21.719873962262586,4194000
2009-09-24,21.419357299804688,21.569614995808216,21.33671463556753,21.554590229291943,5084000
2009-09-25,21.43437385559082,21.547067435134924,21.336705035803078,21.366757421269032,3526200
2009-09-28,21.667285919189453,21.840082930859026,21.471949606137045,21.517026775925327,4043700
2009-09-29,21.697338104248047,21.82505795328837,21.599670658736024,21.689826436343445,6430200
2009-09-30,21.53956413269043,21.764951394260997,21.37428023640383,21.764951394260997,7156000
2009-10-01,21.23152732849121,21.554583349604357,21.21650113379367,21.554583349604357,7927000
2009-10-02,21.148889541625977,21.254071495657918,21.081273082954418,21.088786182026492,5993000
2009-10-05,21.284114837646484,21.32919198296079,21.02867529257107,21.12634411255811,4785600
2009-10-06,21.45691680908203,21.509507063164335,21.178939342367865,21.336710104614777,7127800
2009-10-07,21.471942901611328,21.509506959209443,21.35173619772503,21.434378844013217,4128500
2009-10-08,21.49447250366211,21.652243194004512,21.456907030026084,21.592139869163173,4539400
2009-10-09,21.697338104248047,21.71987740689427,21.471950809695702,21.486977011459853,5196500
2009-10-12,21.802509307861328,21.847586457897194,21.667276424776965,21.667276424776965,3940100
2009-10-13,21.592153549194336,21.734899573497504,21.547076385248097,21.734899573497504,4488800
2009-10-14,21.922719955444336,21.945257818043807,21.607176982258547,21.764947752362932,10170200
2009-10-15,21.982812881469727,22.02789001825996,21.8325538482005,21.88514407995183,6474200
2009-10-16,21.967802047729492,22.01287921603008,21.825056009637407,21.91521177921592,5617300
2009-10-19,22.155620574951172,22.200697733731655,21.9152071508192,21.982823605478448,5105500
2009-10-20,21.94525146484375,22.200691008852253,21.892661223367284,22.200691008852253,4748900
2009-10-21,21.659772872924805,21.982829028666846,21.644746671965315,21.937751858765772,9425100
2009-10-22,21.79499626159668,21.892663659065295,21.479453344655116,21.614686228055323,5381800
2009-10-23,21.569616317749023,21.8701345941285,21.494488181631496,21.8701345941285,6078400
2009-10-26,21.336715698242188,21.764952374295305,21.29163853049379,21.637232538193732,7268000
2009-10-27,21.426864624023438,21.56209751705919,21.3141710241526,21.396812233136885,8489700
2009-10-28,21.20899200439453,21.479457827644012,21.186454141108452,21.396815174322878,9471600
2009-10-29,21.39681625366211,21.419355551062225,21.171429011569504,21.246558569926083,5806700
2009-10-30,21.088781356811523,21.479453821308987,21.05873040037615,21.329194740201714,6955000
2009-11-02,21.178943634033203,21.344227527924286,21.066250004881226,21.09630097059904,6993400
2009-11-03,21.186447143554688,21.239037384488554,21.05872737286818,21.11131761380205,4974100
2009-11-04,21.45691680908203,21.719869512470506,21.224016498298848,21.224016498298848,8205300
2009-11-05,21.810026168823242,21.862616425103468,21.592150612260003,21.622203006121282,6651700
2009-11-06,21.907697677612305,21.930236977221007,21.674797313564817,21.764951646045073,5297600
2009-11-09,22.27582550048828,22.298364794559383,21.930231589259584,22.035412095637547,4541800
2009-11-10,22.42609405517578,22.448631925777278,22.208218419511113,22.23827082428315,3583400
2009-11-11,22.456138610839844,22.553807465465646,22.29836782979725,22.508728871187373,5100100
2009-11-12,22.328405380249023,22.538767728250818,22.27581515149264,22.37348394744843,3450400
2009-11-13,22.373491287231445,22.50872273426453,22.29084865323062,22.305874847226537,3706900
2009-11-16,22.598876953125,22.749136017076587,22.365976693679016,22.508721228158723,3769100
2009-11-17,22.65898895263672,22.696553016493716,22.531269129354875,22.62893798814656,8409100
2009-11-18,22.786705017089844,22.809244311472334,22.546291608917727,22.73411476317431,4641000
2009-11-19,22.67400550842285,22.726595748647604,22.43359216283738,22.726595748647604,8943200
2009-11-20,22.831777572631836,22.854316862473013,22.56882635603473,22.636441359604945,4254800
2009-11-23,23.04215431213379,23.192413471922883,22.936973760067954,22.967024732239242,4316900
2009-11-24,23.22245979309082,23.290076258155906,22.989559431742897,23.102253062525616,6797100
2009-11-25,23.365205764770508,23.365205764770508,23.17738256960833,23.275050000582667,6534300
2009-11-27,23.132301330566406,23.244994941223705,22.80173216405826,23.019606286932103,3394300
2009-11-30,23.04965591430664,23.162349511438606,22.967013274354013,23.162349511438606,5203100
2009-12-01,23.455352783203125,23.455352783203125,23.10975889968112,23.10975889968112,5944900
2009-12-02,23.402767181396484,23.50794913320514,23.290073563651653,23.41779337922302,4983300
2009-12-03,23.290071487426758,23.530484899310977,23.237481232699203,23.470381546339922,7722800
2009-12-04,23.275041580200195,23.590584491235475,23.1848872816054,23.440326849251896,6784300
2009-12-07,23.2449951171875,23.50794783269641,23.222455821694616,23.275046078200994,4296700
2009-12-08,23.0646915435791,23.25251475995034,23.0271260405184,23.1473327843578,5625400
2009-12-09,23.260021209716797,23.260021209716797,23.02712087489615,23.09473733225974,6328300
2009-12-10,23.500436782836914,23.55302704392782,23.32012670210646,23.342664566587054,6752500
2009-12-11,23.500436782836914,23.60561730501873,23.462871287074023,23.500436782836914,5955100
2009-12-14,23.718320846557617,23.778424231939386,23.59060097349914,23.673243665765725,4646500
2009-12-15,23.72581672668457,23.72581672668457,23.5830707526531,23.718303629843263,4171700
2009-12-16,23.605606079101562,23.861045596903462,23.605606079101562,23.800942265242806,6069700
2009-12-17,23.387741088867188,23.59810356045451,23.260021272720795,23.402767286761378,16428000
2009-12-18,23.51692008972168,23.532029282772314,23.32805949926461,23.4338224097271,10356100
2009-12-21,23.73599624633789,23.887085277110277,23.365829705926505,23.373384301554303,9174900
2009-12-22,23.841758728027344,23.902194054755366,23.71333347861882,23.71333347861882,3957200
2009-12-23,23.76621437072754,23.90974881301539,23.751106619611864,23.90974881301539,3457400
2009-12-24,23.76621437072754,23.81154194675014,23.69067129247359,23.796432754742604,2198500
2009-12-28,23.887088775634766,23.90219652821127,23.75110891620224,23.864424985432013,6543900
2009-12-29,23.856868743896484,23.992848593953937,23.82665179993477,23.902194880285002,10151100
2009-12-30,23.78887367248535,23.871972771963584,23.720883762165272,23.78131907790628,3637000
2009-12-31,23.471588134765625,23.819092284352454,23.471588134765625,23.80398309504616,3511000
2010-01-04,23.879533767700195,23.887088364304358,23.62268324672656,23.773770856133893,5580900
2010-01-05,23.645347595214844,23.924861929638084,23.645347595214844,23.841762800856994,5428600
2010-01-06,23.887088775634766,23.887088775634766,23.645346002814726,23.645346002814726,4883600
2010-01-07,23.970190048217773,23.970190048217773,23.743557875812932,23.796438619981245,6114600
2010-01-08,24.007965087890625,24.03062744253121,23.841766802433906,24.0155196864016,4284800
2010-01-11,24.143938064575195,24.17415645176807,24.038176591184154,24.136384908668987,4177700
2010-01-12,23.970190048217773,24.10616992801756,23.87953775561272,24.038179988117665,5791400
2010-01-13,24.287466049194336,24.363009110778094,24.02305957008504,24.03061416442172,8056100
2010-01-14,24.506546020507812,24.514102056950847,24.242142380672448,24.332794645504066,7801400
2010-01-15,24.340356826782227,24.551879792050464,24.19682091596369,24.41589991958252,9691800
2010-01-19,24.929601669311523,24.93715482607469,24.423456594433503,24.423456594433503,17749900
2010-01-20,24.718069076538086,25.050462598629185,24.52920853134885,25.012691065947983,16706200
2010-01-21,24.181703567504883,24.831384320952626,24.159041223662893,24.71051368415653,15057200
2010-01-22,23.91730308532715,24.340351810461474,23.87197695080984,24.10616366018974,13221000
2010-01-25,23.91730308532715,24.15904439060857,23.89463929762258,24.15904439060857,7485600
2010-01-26,23.781330108642578,23.902200796189273,23.65290482301268,23.82665769714178,9292600
2010-01-27,23.947521209716797,23.98529274792373,23.668006927953318,23.698225311232317,13238800
2010-01-28,23.79643440246582,24.05328492081141,23.72844447461599,24.02306653470395,12890200
2010-01-29,23.630239486694336,23.939970764545382,23.630239486694336,23.871980831271536,11902000
2010-02-01,23.76621437072754,23.834204293869583,23.569800638197037,23.668007504462288,6463000
2010-02-02,24.257259368896484,24.264812525983825,23.705785243525582,23.834210527393843,9894100
2010-02-03,23.932416915893555,24.19682061923645,23.856872383127534,24.174158268031128,5967400
2010-02-04,23.328060150146484,23.819098851749015,23.31295239756628,23.735999728543913,10027700
2010-02-05,23.29029083251953,23.403606912603294,22.867243461123824,23.26007388358019,14325900
2010-02-08,23.176973342895508,23.38094313917685,23.108983410801727,23.305398610084644,6971500
2010-02-09,23.3582763671875,23.56980073347243,23.176970385039787,23.471592425918338,8632900
2010-02-10,23.214740753173828,23.380938975760365,23.033434780172705,23.380938975760365,7047300
2010-02-11,23.373384475708008,23.448928991657077,23.033434874383083,23.06365325711943,4335600
2010-02-12,23.320507049560547,23.36583318919255,23.040992733230517,23.199634942388535,6966800
2010-02-16,23.524484634399414,23.554703033279594,23.28274320692825,23.554703033279594,5786100
2010-02-17,23.70578384399414,23.82665596363907,23.569805411066376,23.607576957842063,10161600
2010-02-18,23.81909942626953,23.834207179214136,23.652901175850594,23.71333651030511,5326600
2010-02-19,23.81909942626953,23.871980163805727,23.683119563523867,23.74355489797838,4369300
2010-02-22,23.751108169555664,23.90219577681506,23.600019121404316,23.90219577681506,6989700
2010-02-23,23.524484634399414,23.773780661590624,23.479158476971712,23.68312834673522,4313800
2010-02-24,23.698225021362305,23.743551154834567,23.509364450854097,23.59246212207128,4352100
2010-02-25,23.713335037231445,23.713335037231445,23.418712980179127,23.53202904513064,5437900
2010-02-26,23.720890045166016,23.84931530524337,23.660454713417376,23.75110843148632,8794500
2010-03-01,23.947521209716797,24.03061888195041,23.720887657799747,23.720887657799747,6249900
2010-03-02,24.03061866760254,24.128826971491478,23.955074150970695,23.985292533980157,5321100
2010-03-03,23.932416915893555,24.143939878567874,23.894643929064486,24.143939878567874,5066800
2010-03-04,23.856868743896484,23.97773940152713,23.76621503022755,23.962630209100325,10135600
2010-03-05,24.189268112182617,24.189268112182617,23.879536816329345,23.90975376571173,5832200
2010-03-08,24.045738220214844,24.19682587768913,24.038183621207263,24.19682587768913,4370700
2010-03-09,24.03061866760254,24.091053992729652,23.939966400357775,23.970183342475426,4838900
2010-03-10,24.045738220214844,24.12883736840578,24.00796666606938,24.045738220214844,4063400
2010-03-11,24.23459243774414,24.23459243774414,23.90975054955667,24.038175809164382,6033900
2010-03-12,24.053279876708984,24.27235880737017,23.99284455805963,24.27235880737017,4899700
2010-03-15,24.211933135986328,24.211933135986328,24.00796474269217,24.053290892213948,5500100
2010-03-16,24.279916763305664,24.29502595617909,24.121274560810516,24.21192683626719,5494000
2010-03-17,24.287466049194336,24.347899922104727,24.174148575035627,24.26480082529275,11159700
2010-03-18,24.453664779663086,24.521654697306705,24.227032681445525,24.287469444588066,7125700
2010-03-19,24.44457244873047,24.596167274760695,24.353616709684655,24.44457244873047,8386700
2010-03-22,24.60374641418457,24.77807945707329,24.48247112819977,24.48247112819977,7909200
2010-03-23,24.725019454956055,24.725019454956055,24.520366886297367,24.57342463838325,5713500
2010-03-24,24.459735870361328,24.709864912919297,24.459735870361328,24.679548256334048,6315000
2010-03-25,24.36119842529297,24.64164701172618,24.338460210331984,24.64164701172618,5120600
2010-03-26,24.179279327392578,24.421831309106587,24.133801463321618,24.421831309106587,6811000
2010-03-29,24.436996459960938,24.436996459960938,24.239922298922977,24.247502185556403,4818700
2010-03-30,24.436996459960938,24.467313115063536,24.338459379441957,24.436996459960938,3440100
2010-03-31,24.353618621826172,24.467312581702494,24.247501656987,24.399095049204284,4834400
2010-04-01,24.49005126953125,24.53552769242061,24.353616218001658,24.482469938095853,5602900
2010-04-05,24.421831130981445,24.573423046302167,24.38393026072082,24.512786858459968,4655600
2010-04-06,24.406675338745117,24.4521517641805,24.346036249590057,24.3536175814499,3978900
2010-04-07,24.30055809020996,24.406673597228625,24.18686125187242,24.406673597228625,4733200
2010-04-08,24.20960235595703,24.270239998694866,24.126225055049215,24.22476068235491,4561700
2010-04-09,24.315719604492188,24.346036257648837,24.209602644151165,24.247500629170162,4155000
2010-04-12,24.247509002685547,24.391523997779,24.239929113921054,24.28540844650801,4513500
2010-04-13,24.270240783691406,24.323298542088683,24.133805721689562,24.202023252690484,7279200
2010-04-14,24.186859130859375,24.285396189348877,24.09590340302393,24.285396189348877,6331200
2010-04-15,24.118637084960938,24.217174124954646,24.050419579031438,24.202014357922543,5119600
2010-04-16,23.974632263183594,24.156546652575212,23.860936854100505,24.088329117982248,8928300
2010-04-19,24.171710968017578,24.194450633753434,23.89126231918829,23.974638202121252,11270000
2010-04-20,24.224761962890625,24.29297949529114,24.14138610329095,24.25508150871997,5741100
2010-04-21,23.800294876098633,24.239918104761745,23.70933914366643,24.239918104761745,13931400
2010-04-22,23.527437210083008,23.68661053896116,23.375842324347264,23.679030650102774,4291800
2010-04-23,23.76239776611328,23.785135977197054,23.37583227482027,23.527427095383732,10974900
2010-04-26,23.512271881103516,23.860938011973055,23.48953221989721,23.800300361138543,7321500
2010-04-27,23.239395141601562,23.633540483151645,23.20149716271665,23.459207467136686,10692000
2010-04-28,23.3909969329834,23.48953257493546,23.193924203363622,23.406155261634417,10333300
2010-04-29,23.709339141845703,23.853352625804845,23.51226646063733,23.51226646063733,10236400
2010-04-30,23.40615463256836,23.823039742153682,23.40615463256836,23.777561865991586,12506600
2010-05-03,23.519847869873047,23.61838349400397,23.390992702492365,23.40615102840185,5629700
2010-05-04,23.3834171295166,23.60322807575769,23.284880041496102,23.413735232642832,14483400
2010-05-05,23.459209442138672,23.50468730977234,23.04232441073147,23.110541935039645,9627700
2010-05-06,22.830089569091797,23.451625623469322,21.624915436056313,23.383408110602023,21647700
2010-05-07,22.526905059814453,22.845253043070873,22.238876620542186,22.845253043070873,18182100
2010-05-10,23.133285522460938,23.368256231828383,22.921053027916265,22.921053027916265,13168100
2010-05-11,23.087806701660156,23.315198974824302,22.92105352457895,22.974111287935898,8829300
2010-05-12,23.277297973632812,23.29245774663357,23.057487047983944,23.284877860133193,6115800
2010-05-13,23.027170181274414,23.269722240361723,23.027170181274414,23.19392481225417,6872600
2010-05-14,22.716394424438477,23.00442426570601,22.534481525292502,22.89830732358445,13544100
2010-05-17,22.716394424438477,22.80735159686907,22.37530828068298,22.76945361835686,11950000
2010-05-18,22.534488677978516,22.905894479004093,22.511750461939922,22.867996488462662,11648200
2010-05-19,22.48143196105957,22.67092481403257,22.34499687560449,22.39047620123334,12608800
2010-05-20,21.776512145996094,22.284352905888348,21.768932260539156,22.170657515464928,15946600
2010-05-21,21.829572677612305,21.89021032327229,21.412689044414336,21.541544222156244,16465100
2010-05-24,21.776512145996094,22.0114842580152,21.617338888546367,21.73861416442673,10310900
2010-05-25,21.685556411743164,21.685556411743164,21.20045386251088,21.32930902384699,16411700
2010-05-26,21.549123764038086,21.905369745880197,21.52638410513585,21.814414001702225,12620400
2010-05-27,21.988750457763672,21.988750457763672,21.731040066454764,21.731040066454764,9438500
2010-05-28,21.882627487182617,22.10243836640515,21.806830083903556,21.981163099444743,13301500
2010-06-01,21.640077590942383,21.98874510130789,21.60217960851184,21.799252297724454,11633700
2010-06-02,22.110021591186523,22.132761249319802,21.64765866248462,21.829571590404523,10510200
2010-06-03,22.238880157470703,22.3070976965691,22.07970541766922,22.11002496647547,8442500
2010-06-04,21.58701515197754,21.958420792904832,21.511217757852265,21.897783166747622,11034700
2010-06-07,21.556705474853516,21.829574176197955,21.556705474853516,21.61734312467624,9478700
2010-06-08,21.609766006469727,21.64008411240777,21.34447571236184,21.56428812470477,10571000
2010-06-09,21.51122283935547,21.761353287055577,21.435426873040285,21.64007800609282,8428600
2010-06-10,21.9205322265625,21.97358999150703,21.71587960830588,21.71587960830588,6967900
2010-06-11,22.102436065673828,22.140334040510794,21.852305672890658,21.859885557001068,7042100
2010-06-14,22.140338897705078,22.344991476437986,22.132760457647166,22.170658440798274,6416400
2010-06-15,22.519325256347656,22.534485028395288,22.238876702043633,22.24645658806745,4921200
2010-06-16,22.602706909179688,22.63302645911316,22.398054284275876,22.451113496659456,5576900
2010-06-17,22.633026123046875,22.64060601041769,22.405633839069388,22.64060601041769,5710800
2010-06-18,22.51189422607422,22.671877990450174,22.46618520185124,22.671877990450174,6962900
2010-06-21,22.47380256652832,22.801387039818742,22.359529284768865,22.748059605201902,7458600
2010-06-22,22.25286865234375,22.656635719623253,22.222396461206365,22.496653446759485,7226400
2010-06-23,22.161457061767578,22.306204007630217,22.047183768955495,22.26811194131702,6431100
2010-06-24,22.001474380493164,22.19193036231312,21.97100217899516,22.062420236553,10192000
2010-06-25,22.10051155090332,22.214784845484647,21.925292402341032,22.0014736300194,8439200
2010-06-28,22.062416076660156,22.24525506342899,21.92528901617886,22.115744962088137,6556200
2010-06-29,21.658653259277344,21.879581430091804,21.536761554056177,21.833872403899804,15076600
2010-06-30,21.483428955078125,21.757684499427178,21.437718486800453,21.551993204431238,9503400
2010-07-01,21.30059051513672,21.44533742880404,20.942533889815902,21.44533742880404,23346200
2010-07-02,21.35392189025879,21.498667367769002,21.23203019705882,21.338685065342894,10103400
2010-07-06,21.4605712890625,21.628171961231544,21.28535220637715,21.498661888580802,11667300
2010-07-07,21.87958335876465,21.902438600407198,21.37677966713954,21.483436008407566,8794500
2010-07-08,22.062416076660156,22.115744962088137,21.910052191770866,21.955761211931296,7165200
2010-07-09,22.115747451782227,22.123365864843873,22.00147270892127,22.108129038720584,4261600
2010-07-12,22.077661514282227,22.153844212979998,21.99386185347239,22.07004309910604,5026200
2010-07-13,22.245248794555664,22.382375816393566,22.207156744270296,22.207156744270296,5439300
2010-07-14,22.245248794555664,22.290957801834967,22.06240985931218,22.176684557105144,5958300
2010-07-15,22.313814163208008,22.36714158324782,22.100503029985532,22.237631511838323,4594500
2010-07-16,21.849102020263672,22.34428709094993,21.8186283774826,22.20715860456165,9790100
2010-07-19,21.94814682006836,22.031947916599,21.84911034940254,21.94052840646886,5391900
2010-07-20,21.887189865112305,21.894808274848423,21.574842331246753,21.696733980898525,8178400
2010-07-21,21.52913475036621,21.948137142134545,21.483425741988235,21.879572903035992,14343400
2010-07-22,21.666276931762695,21.88720515620531,21.582475819182342,21.74245962928446,10500800
2010-07-23,21.658653259277344,21.711980698678637,21.460578875027014,21.658653259277344,8858800
2010-07-26,21.970996856689453,22.009087462600757,21.681503020735043,21.75006727382617,10261500
2010-07-27,21.993850708007812,22.070031915036356,21.894812813969292,22.016704488891023,6225700
2010-07-28,21.69673728942871,22.02432169271977,21.65864668800276,21.955757447702418,9662900
2010-07-29,21.681509017944336,21.963384520071905,21.574854129440656,21.818637562057,10540100
2010-07-30,21.765308380126953,21.856727886591354,21.39963326039686,21.48343435356725,7539400
2010-08-02,22.176685333251953,22.19192070083617,21.993847844672604,22.001464801933114,11733200
2010-08-03,22.359525680541992,22.443325298690315,22.207160360714056,22.207160360714056,10266000
2010-08-04,22.580455780029297,22.610929427897904,22.33667240933447,22.374764469170227,9458100
2010-08-05,22.588071823120117,22.588071823120117,22.41285272544188,22.504272206396767,4285100
2010-08-06,22.63378143310547,22.656636667211902,22.306198462626963,22.367144300514056,8894200
2010-08-09,22.69472885131836,22.778528470718403,22.580454133208786,22.778528470718403,4061700
2010-08-10,22.74806022644043,22.83947827311913,22.443329529341685,22.53474902908404,8692600
2010-08-11,22.161457061767578,22.46618632695438,22.13098340871702,22.43571412696758,13216600
2010-08-12,22.25286865234375,22.313815940745183,21.932904106616217,21.98623153090414,9553700
2010-08-13,22.1690673828125,22.252866991985247,22.07002949961304,22.108121552021764,4340300
2010-08-16,22.05479621887207,22.115742055430427,21.887194078539075,22.039559396466643,4641300
2010-08-17,22.359525680541992,22.443325298690315,22.12336074256573,22.18430657988423,7183200
2010-08-18,22.329050064086914,22.496652191713988,22.18430462139858,22.32143165346175,4410100
2010-08-19,21.91766929626465,22.24525373617356,21.849105043583087,22.207161677426324,8736200
2010-08-20,21.841482162475586,21.91004640112705,21.70435368517266,21.887191170555507,5606200
2010-08-23,21.940523147583008,22.14621590627582,21.91766936532612,21.97861520645027,6570800
2010-08-24,21.468189239501953,21.7119725585464,21.399624999387804,21.70435414819336,12112600
2010-08-25,21.681509017944336,21.772928531707404,21.346307524628802,21.376779727173908,10713000
2010-08-26,21.54438018798828,21.795782014215522,21.46057909489128,21.795782014215522,6566000
2010-08-27,21.765308380126953,21.772926793420964,21.3310689938145,21.60532606014395,7200700
2010-08-30,21.491046905517578,21.7881591507849,21.491046905517578,21.765303915590962,5835000
2010-08-31,21.407251358032227,21.574852088837904,21.361542332005904,21.460578797240228,8756200
2010-09-01,21.902442932128906,21.940533556002595,21.61295041272204,21.61295041272204,10345200
2010-09-02,22.01670265197754,22.054794705377073,21.879574165865748,21.94051999824174,6003300
2010-09-03,22.22239875793457,22.237635581609684,22.08527025098551,22.092888662823068,6604700
2010-09-07,22.092897415161133,22.199552317012447,22.04718837909115,22.199552317012447,3954000
2010-09-08,22.214778900146484,22.2833431491582,22.05479662116142,22.062413579439706,6850700
2010-09-09,22.450946807861328,22.519511065938335,22.35191035345208,22.374765590498942,6305700
2010-09-10,22.67949867248535,22.702352460351594,22.450950622376144,22.450950622376144,5453100
2010-09-13,22.73282241821289,22.83947728574848,22.618549138272822,22.80138667678965,5947100
2010-09-14,22.80900001525879,22.900418037649175,22.633779475061225,22.656634707190456,8386700
2010-09-15,23.02231788635254,23.029936299770313,22.725207028378364,22.755680682049448,4894200
2010-09-16,22.930889129638672,22.968979725886893,22.816615887830896,22.89279708032734,4913900
2010-09-17,22.926298141479492,23.07944554660442,22.88035260545977,23.010528703110662,6038900
2010-09-20,23.23259735107422,23.278541432369813,22.94927235192336,23.025846794440024,5467800
2010-09-21,23.247909545898438,23.370428053975346,23.148362345251062,23.23259436725487,7579700
2010-09-22,23.286197662353516,23.385744869970686,23.194309505130203,23.224938404026,5875600
2010-09-23,23.16368865966797,23.324493731123834,23.1177445621858,23.14071588065862,8156800
2010-09-24,23.477628707885742,23.492943884783987,23.316823732061156,23.347452625321985,5571100
2010-09-27,23.301517486572266,23.477637706801506,23.286202303803755,23.477637706801506,4840600
2010-09-28,23.492948532104492,23.538892611352118,23.20196595561899,23.35511483382567,5634600
2010-09-29,23.40871810913086,23.500607734466683,23.324486074284355,23.40871810913086,7966300
2010-09-30,23.347457885742188,23.646096599866,23.26322585435917,23.49294917798486,8680300
2010-10-01,23.347457885742188,23.54655084867006,23.22493936402288,23.515920487972238,8791700
2010-10-04,23.117733001708984,23.385742780648396,23.056473748854476,23.332139656431877,6193600
2010-10-05,23.546545028686523,23.584831509559567,23.30916563409527,23.431684125531763,6786200
2010-10-06,23.454662322998047,23.57718231097791,23.378089338747706,23.492950275659272,5800000
2010-10-07,23.50060272216797,23.615463633937743,23.43168588299896,23.54654679476873,6052000
2010-10-08,23.561870574951172,23.62312984762994,23.462323344013,23.51592502503989,3678600
2010-10-11,23.577180862426758,23.61546735219966,23.492948832283226,23.54655050217967,2452400
2010-10-12,23.63079071044922,23.692049991608,23.43169768154906,23.531243465730906,3194600
2010-10-13,23.79924774169922,23.87582219017749,23.669071617447,23.730330884122388,3323600
2010-10-14,23.753305435180664,23.875823977704123,23.646100615070466,23.768620618130157,5111500
2010-10-15,23.85284996032715,23.92176681947242,23.699702520421337,23.806905874409022,5880600
2010-10-18,24.074913024902344,24.082570615120847,23.84518969995525,23.883477651047762,7161000
2010-10-19,23.623130798339844,23.88348308283653,23.508269840011618,23.88348308283653,8833000
2010-10-20,23.84518814086914,23.95239293638274,23.6154662914781,23.67672554868477,5489400
2010-10-21,23.906448364257812,24.02131075413141,23.7303281752377,23.94473631439433,5983600
2010-10-22,23.914106369018555,23.98302321992353,23.85284710827369,23.98302321992353,4671900
2010-10-25,24.04428482055664,24.228062620675722,24.02131350837683,24.04428482055664,6532600
2010-10-26,23.97536849975586,23.990683681909392,23.8605075546767,23.990683681909392,4005800
2010-10-27,23.82987403869629,23.9294197823551,23.684382757469525,23.883475705323026,5489900
2010-10-28,23.96771240234375,24.051944448901338,23.8375362669985,23.96771240234375,5007000
2010-10-29,23.868167877197266,23.944742336191844,23.776278234296505,23.906454376426392,6751200
2010-11-01,23.868167877197266,24.12086256950395,23.74564932702047,23.998344019327153,6943700
2010-11-02,24.09789276123047,24.12086553991877,24.036633478598166,24.059606257286468,5303500
2010-11-03,24.11319923400879,24.174458494505796,23.868162192020762,24.174458494505796,8271300
2010-11-04,24.228057861328125,24.296974705401805,24.15914101725444,24.289317116000746,7898400
2010-11-05,24.08257293701172,24.28166445974397,23.99068330606626,24.28166445974397,10241400
2010-11-08,24.02131462097168,24.159146882042872,23.967711482151767,24.051943525475437,7745100
2010-11-09,23.9217586517334,24.09022121627153,23.86815699304107,24.09022121627153,7484100
2010-11-10,23.914106369018555,23.95239431981909,23.684384506359297,23.95239431981909,6532400
2010-11-11,23.98302459716797,23.99833977836767,23.737987540117047,23.799246804379777,5827800
2010-11-12,23.68438720703125,23.875822601254864,23.65375684289812,23.83753464608845,6763900
2010-11-15,23.692045211791992,23.822221340558723,23.653757255956968,23.768619662925865,4181900
2010-11-16,23.347457885742188,23.615467699704165,23.27854103470808,23.5388932584956,12265400
2010-11-17,23.3857479095459,23.477636078712425,23.339802364426518,23.3857479095459,5810200
2010-11-18,23.715011596679688,23.76861472370977,23.454659393248484,23.523576238894147,5721600
2010-11-19,23.737991333007812,23.753306516654597,23.60015760125938,23.69204724260377,5078100
2010-11-22,23.745651245117188,23.768624022832128,23.51592784957714,23.70736328225896,7405200
2010-11-23,23.401063919067383,23.546555238433875,23.393406327465332,23.500611149357816,9030600
2010-11-24,23.623130798339844,23.63844598225996,23.492954656091502,23.492954656091502,5591000
2010-11-26,23.416372299194336,23.53123321878247,23.38574340222089,23.500604321809025,2863600
2010-11-29,23.393404006958008,23.43934955201276,23.079450085097765,23.278543065393354,7439200
2010-11-30,23.178998947143555,23.32448880184611,23.110082085216572,23.140710990219556,8214800
2010-12-01,23.623130798339844,23.661417297603812,23.439352972907418,23.439352972907418,8571300
2010-12-02,23.806903839111328,23.806903839111328,23.61546846019312,23.661412542183403,5519300
2010-12-03,23.806903839111328,23.822219019953433,23.692042903867613,23.707356624173684,7769400
2010-12-06,23.653751373291016,23.753298573168607,23.63078006603912,23.72266821611833,5092200
2010-12-07,23.6690673828125,23.83752997089614,23.638438485222686,23.822216252369163,6938200
2010-12-08,23.692045211791992,23.73033170709084,23.577184265359268,23.699702802958996,5222000
2010-12-09,23.73033332824707,23.768621286697766,23.65375887188195,23.768621286697766,3670300
2010-12-10,23.96004867553711,23.983019982380476,23.76861332898486,23.76861332898486,5730100
2010-12-13,23.99833869934082,24.11319963210199,23.96770833831864,24.01365387985191,9561500
2010-12-14,24.243375778198242,24.304635039789538,24.074913173956173,24.082570764222083,5587600
2010-12-15,24.16680908203125,24.327615608085186,24.143837764406737,24.151495357127065,5816700
2010-12-16,24.335268020629883,24.342925611720162,24.074915765705036,24.174461528806344,5071800
2010-12-17,24.376829147338867,24.376829147338867,24.199795376213054,24.338344055567912,6012600
2010-12-20,24.36913299560547,24.44610465092423,24.269070871369628,24.430710026238035,3241800
2010-12-21,24.30754852294922,24.407610616549945,24.30754852294922,24.39221746468875,2946300
2010-12-22,24.376829147338867,24.376829147338867,24.276767027867102,24.299857495684815,2646000
2010-12-23,24.361434936523438,24.399921497059218,24.330647156206986,24.330647156206986,2874100
2010-12-27,24.315250396728516,24.338342331022147,24.23827875052846,24.322947708159727,835200
2010-12-28,24.330642700195312,24.36912778557061,24.261368372030258,24.307550768102995,1652600
2010-12-29,24.338346481323242,24.392226202417522,24.315254543091857,24.36143695144234,1990500
2010-12-30,24.253677368164062,24.322951714342942,24.238282742766025,24.307557088944908,3877200
2010-12-31,24.245983123779297,24.299862851378588,24.192103396180006,24.276772378471733,3908500
2011-01-03,24.46919822692871,24.623140079765225,24.36913462787828,24.376831940736956,6877800
2011-01-04,24.546165466308594,24.569257402106576,24.415314099677623,24.515377686690083,4161000
2011-01-05,24.600048065185547,24.64623194219489,24.45380352565954,24.45380352565954,7962800
2011-01-06,24.700111389160156,24.715506014658686,24.607745104281264,24.638532887166033,4966800
2011-01-07,24.68471336364746,24.72319845398065,24.546164689468636,24.72319845398065,6199000
2011-01-10,24.61544418334961,24.6693239083484,24.538472518446028,24.56926177165242,4481000
2011-01-11,24.738597869873047,24.77708296766181,24.638534266642473,24.67702230065598,3356200
2011-01-12,24.869443893432617,24.907928980648354,24.769380317692544,24.84635049212402,2886100
2011-01-13,24.738597869873047,24.800176375314866,24.66932351936338,24.800176375314866,7414600
2011-01-14,24.76938247680664,24.76938247680664,24.677017672192765,24.69241229566578,3907500
2011-01-18,24.86174964904785,24.869448429629625,24.761686055056142,24.777080679995212,8160100
2011-01-19,24.692413330078125,24.884841727215676,24.60004558537059,24.884841727215676,9936400
2011-01-20,24.75398063659668,24.800164493551346,24.592341541590358,24.684706319276348,8811800
2011-01-21,24.777084350585938,24.884846741123837,24.746298032371453,24.83096407774243,8079700
2011-01-24,24.746294021606445,24.838658833729667,24.72320061640731,24.769384490581142,3711500
2011-01-25,24.746294021606445,24.815568364754974,24.653926273258786,24.66162505373331,8002500
2011-01-26,24.715503692626953,24.800172656801895,24.692413224660807,24.769383408697497,7671800
2011-01-27,24.777084350585938,24.823268232245038,24.669324896272954,24.746298032371453,6871900
2011-01-28,24.330642700195312,24.823258839936223,24.307550768102995,24.792469597146464,11096100
2011-01-31,24.384531021118164,24.453805373755284,24.2921647282312,24.453805373755284,9021600
2011-02-01,24.823259353637695,24.854048597064615,24.48458501650122,24.48458501650122,13051200
2011-02-02,24.738597869873047,24.769387122593958,24.661627674295527,24.74629665116565,4627700
2011-02-03,24.76938247680664,24.823262190850087,24.469194659643396,24.653924268871148,6316300
2011-02-04,24.88484001159668,24.89253585501291,24.67701700466901,24.823261519370355,4380100
2011-02-07,24.84634780883789,24.923320911180582,24.823257346246894,24.877137049774966,9145200
2011-02-08,24.915626525878906,24.931021149061774,24.82326172300583,24.82326172300583,5160100
2011-02-09,24.86174964904785,24.915629368222355,24.784779460576985,24.84635502410878,4933400
2011-02-10,24.869443893432617,24.907928980648354,24.769380317692544,24.777076160646114,4383300
2011-02-11,24.923320770263672,24.98489631556605,24.738588261909314,24.761678724369755,4341900
2011-02-14,25.00799560546875,25.00799560546875,24.8694469256205,24.969507577336447,9054900
2011-02-15,24.95410919189453,24.977202592537814,24.85404855526113,24.915624105787543,5502400
2011-02-16,25.0849666595459,25.177331470574334,24.992601848517463,25.01569231721847,4256200
2011-02-17,25.192718505859375,25.215808967604428,24.977199699642842,25.023380623132947,8772000
2011-02-18,25.25429916381836,25.285085470059435,25.13114513018275,25.17732605765625,4583200
2011-02-22,24.869443893432617,25.11575197508207,24.80786540490828,25.000293777210914,12072400
2011-02-23,24.630828857421875,24.877136911098205,24.623131547230514,24.800166745408205,9817600
2011-02-24,24.715503692626953,24.769383408697497,24.53077260833702,24.584652324407564,9063800
2011-02-25,24.869443893432617,24.915624823601924,24.738591073430378,24.792470782777198,6129200
2011-02-28,25.146541595458984,25.177330843776755,24.86944716927203,24.961811978001013,15415100
2011-03-01,24.94641876220703,25.25430539031801,24.938722917805283,25.223516140262014,10264400
2011-03-02,25.02338409423828,25.069567960358274,24.86944374628616,24.90792883327419,11750700
2011-03-03,25.53910255432129,25.5544971817252,25.177336150891787,25.177336150891787,11733900
2011-03-04,25.500612258911133,25.577582444025282,25.32357848416911,25.523702727200508,8793600
2011-03-07,25.308176040649414,25.562179922028164,25.154232781759305,25.562179922028164,8359500
2011-03-08,25.446733474731445,25.52370366266662,25.231211663308937,25.323579412300493,5795000
2011-03-09,25.485219955444336,25.55449430284525,25.354367105365,25.43903607843552,8000200
2011-03-10,25.0849666595459,25.338970623930198,25.06187619084489,25.28509090614491,12703000
2011-03-11,25.169628143310547,25.238902465042237,24.992594418045897,25.084959201613643,8004000
2011-03-14,25.046491622924805,25.208130841181756,24.93873214408684,25.054187470173698,7608100
2011-03-15,24.75398063659668,24.87713465225245,24.507672605285137,24.623129311448462,12855500
2011-03-16,24.32295036315918,24.72320032448755,24.19979630304088,24.71550448032833,20826500
2011-03-17,24.607738494873047,24.677014291009606,24.484584460187406,24.569253409575747,10301600
2011-03-18,24.71986198425293,24.91316860853167,24.65800439541218,24.86677431080017,16696000
2011-03-21,24.928632736206055,25.12966878869051,24.874504582103874,24.905434113132998,8783300
2011-03-22,24.913162231445312,25.060073045586165,24.89769746949337,25.013678759730333,6413300
2011-03-23,24.8976993560791,24.95182455221129,24.70439424143501,24.866769829831572,7349200
2011-03-24,25.1915225982666,25.230183029191018,24.897698013957775,24.990483638096737,10593600
2011-03-25,25.261112213134766,25.36936556034606,25.18379134330024,25.19152520004496,5281100
2011-03-28,25.25337791442871,25.31523696167027,25.245647008324376,25.268842676239103,3925300
2011-03-29,25.400297164916992,25.408031023192144,25.199261093803454,25.230190627698676,4031500
2011-03-30,25.585865020751953,25.717311082533538,25.524005968429822,25.524005968429822,5202600
2011-03-31,25.601337432861328,25.694123089464558,25.531747453008194,25.570407897459305,3280600
2011-04-01,25.732772827148438,25.786898016780412,25.647718114983444,25.694112398782973,3929600
2011-04-04,25.887428283691406,25.93382258683453,25.817838303778142,25.817838303778142,4286700
2011-04-05,25.771438598632812,25.848759462544905,25.74050907322722,25.78690041173372,4311300
2011-04-06,25.82556915283203,25.910620940945243,25.794639621007683,25.848764826899043,3954000
2011-04-07,25.7791748046875,25.879694308118832,25.6941200671381,25.763710038805563,7031500
2011-04-08,25.76371192932129,25.9028918828691,25.69412195254738,25.825570997388187,6907600
2011-04-11,25.910614013671875,25.97247306078239,25.8410240604734,25.8410240604734,8928500
2011-04-12,25.87969207763672,25.98020862280238,25.802368254891316,25.802368254891316,6200400
2011-04-13,25.856494903564453,25.95701440395985,25.802369699413642,25.871959668979315,4442000
2011-04-14,25.99567985534668,26.042074160537304,25.74051855080567,25.841035120980898,8316200
2011-04-15,26.227642059326172,26.297232033228973,26.09619596951121,26.127125502268587,9761800
2011-04-18,25.933818817138672,26.0575339912678,25.78690502000868,26.0575339912678,7603400
2011-04-19,26.150306701660156,26.165771459478403,25.933805991406626,25.980197315260405,5456100
2011-04-20,26.405475616455078,26.50599213627816,26.343616573854877,26.428671282629406,7116900
2011-04-21,26.48280143737793,26.63744612328303,26.39001580567569,26.567856162105837,4828600
2011-04-25,26.513731002807617,26.536926673366196,26.374551080252036,26.397746750810615,6363700
2011-04-26,26.823015213012695,26.86167859355732,26.55238924681121,26.55238924681121,5800000
2011-04-27,27.124584197998047,27.17097555332317,26.776634285044818,26.79209905335418,8745300
2011-04-28,27.26375961303711,27.2792243804386,27.101383979725636,27.124582605629264,5219400
2011-04-29,27.2482852935791,27.33333705086092,27.209621918012946,27.317875240156173,11660100
2011-05-02,27.52664566040039,27.580770853612492,27.39519960534294,27.43386003626561,14846400
2011-05-03,27.457054138183594,27.52664408971429,27.317877184723848,27.464787993687917,11291300
2011-05-04,27.43386459350586,27.48025888808105,27.286953751754538,27.418399828647463,9434600
2011-05-05,27.256023406982422,27.487988973717147,27.178702534604916,27.387469479944624,11700000
2011-05-06,27.4493350982666,27.580781202646083,27.34108467122399,27.45706600751125,7405100
2011-05-09,27.603975296020508,27.634904827125204,27.310150649730762,27.310150649730762,9030400
2011-05-10,27.774076461791992,27.781810317877945,27.55757568501514,27.71995126759778,7764600
2011-05-11,27.727689743041992,27.874600587529542,27.580775948952088,27.805010619171785,13491000
2011-05-12,27.98284912109375,27.990582977950528,27.549847524383416,27.627168395338217,7867600
2011-05-13,27.897783279418945,28.098819212319114,27.75086956922202,28.029229283699696,10091200
2011-05-16,27.944189071655273,28.052439472328295,27.781813470645737,27.835938670982248,7557200
2011-05-17,27.944189071655273,27.959653835980305,27.750883941995674,27.8127429992958,7397600
2011-05-18,28.16069793701172,28.183896564943453,27.897805717011774,27.944197073669155,5666800
2011-05-19,28.09884262084961,28.276683042231824,27.96739355746085,28.276683042231824,17052500
2011-05-20,27.86686897277832,28.114299309639204,27.781814241431963,28.114299309639204,11701300
2011-05-23,27.58077049255371,27.634898634659034,27.45705534545962,27.573039586311104,27910000
2011-05-24,27.503448486328125,27.619432722349398,27.472518963442234,27.57303843802056,10177500
2011-05-25,27.5421199798584,27.61170995950779,27.37974434387743,27.37974434387743,7239400
2011-05-26,27.58077049255371,27.611700016727674,27.31787838588032,27.48025396339098,6576400
2011-05-27,27.596237182617188,27.61943580216929,27.464791120097175,27.580772419449776,7043300
2011-05-31,27.92099380493164,27.928724712405188,27.68902823589616,27.797278638139236,10185900
2011-06-01,27.534381866455078,27.897796437270276,27.511186195842043,27.828206475829113,12042500
2011-06-02,27.472518920898438,27.542108872483105,27.364268540567096,27.542108872483105,7603400
2011-06-03,27.20962905883789,27.364273752882767,27.16323771534597,27.16323771534597,12026700
2011-06-06,27.04725456237793,27.201899262740532,27.008594124687857,27.13230929505748,6513500
2011-06-07,27.101383209228516,27.333348814450478,27.085918442266692,27.240563162282236,8211900
2011-06-08,27.13230323791504,27.17869752254724,27.016319001135365,27.07044419173877,6631100
2011-06-09,27.41840934753418,27.549858419664755,27.14778324256435,27.194174603642992,6971000
2011-06-10,26.91581153869629,27.310152767248255,26.892612913767824,27.310152767248255,17102600
2011-06-13,27.04725456237793,27.163238825050463,26.900343719314733,26.900343719314733,10150700
2011-06-14,27.279212951660156,27.387463328515704,27.178696430066605,27.256017285077267,8585800
2011-06-15,26.908077239990234,27.248296203746275,26.846221123599893,27.163241462807264,15194100
2011-06-16,26.954471588134766,27.031792471162902,26.77663119748795,26.915811146620694,10648300
2011-06-17,27.016630172729492,27.24973251190292,26.931158623419257,27.179801513745186,16765100
2011-06-20,27.288583755493164,27.319664859333212,26.9233911595728,26.96224105734426,8445200
2011-06-21,27.45952606201172,27.521685303822448,27.319664062866185,27.397363856143873,12641600
2011-06-22,27.296358108520508,27.482838821174937,27.280817555123058,27.420679571642623,7622800
2011-06-23,27.26526641845703,27.296347513187513,26.90784272122549,27.195335437341612,19458700
2011-06-24,26.94670295715332,27.25750809571782,26.900081297151406,27.25750809571782,11042000
2011-06-27,27.086565017700195,27.156496025789476,26.837922092062193,27.001093456251354,6268200
2011-06-28,27.467294692993164,27.537225692151644,27.10987090354188,27.14095200629167,9300200
2011-06-29,27.521690368652344,27.61493369461373,27.443990561075523,27.61493369461373,6541700
2011-06-30,27.607149124145508,27.684851859721537,27.544989899740973,27.63823021837592,11835800
2011-07-01,27.941267013549805,27.956807562631997,27.591612069342045,27.60715261842424,10374800
2011-07-05,27.86357307434082,27.964585182525937,27.77033272435463,27.964585182525937,6410500
2011-07-06,27.941267013549805,27.98011690422696,27.816945584948897,27.816945584948897,6899800
2011-07-07,27.925737380981445,28.065599413338337,27.816956458938936,28.065599413338337,7400100
2011-07-08,27.801395416259766,27.83247650366974,27.63822415344086,27.739236205495455,6741200
2011-07-11,27.420679092407227,27.614931560394147,27.350748085369638,27.560541106482404,11117200
2011-07-12,27.420679092407227,27.69263136196594,27.327435773652155,27.40513853928138,5988800
2011-07-13,27.529455184936523,27.793638613751583,27.45175539695553,27.560536285751684,8597100
2011-07-14,27.482837677001953,27.67709014029668,27.41290667165356,27.583849787851275,9443600
2011-07-15,27.34296989440918,27.52945352399206,27.203107913236202,27.521681767228706,9994600
2011-07-18,27.140949249267578,27.27303947645058,26.938925065973002,27.249730133784592,8569400
2011-07-19,27.381813049316406,27.43620347116355,27.13316730994357,27.1953294858007,9930600
2011-07-20,27.288583755493164,27.436217516704797,27.18757461409881,27.42067696478477,6808400
2011-07-21,27.700403213500977,27.809184121689455,27.4750696385063,27.560541198956518,14621500
2011-07-22,27.653778076171875,27.70816852342586,27.53722542402358,27.68485917861903,7642700
2011-07-25,27.366287231445312,27.5527679312526,27.33520612679167,27.412905924368495,6821100
2011-07-26,27.148723602294922,27.3585166214256,27.117645460394286,27.34297606844658,8696700
2011-07-27,26.674747467041016,27.039940052146843,26.643666364121376,27.024399500687025,13037300
2011-07-28,26.65142250061035,26.946686910006598,26.61257262243983,26.65919425467788,13788400
2011-07-29,26.511564254760742,26.69804784559043,26.255152651933063,26.42609273246614,18230600
2011-08-01,26.0609130859375,26.767991985289715,25.788957839074293,26.767991985289715,27608500
2011-08-02,25.5014591217041,25.983204324750307,25.478149778283814,25.882195193891146,23052100
2011-08-03,25.548078536987305,25.548078536987305,25.019711729278985,25.50145689016952,23351200
2011-08-04,24.53019905090332,25.299440054016166,24.53019905090332,25.19065619264263,26524200
2011-08-05,24.716676712036133,25.081870716377427,24.118380403992447,24.716676712036133,34270900
2011-08-08,23.45016098022461,24.50689500684682,23.44239070273134,24.22717094520473,35749300
2011-08-09,24.30486297607422,24.37479396483562,23.03056611133293,23.745415065983003,33607200
2011-08-10,23.279211044311523,24.180543704059247,23.240361150214223,24.009600613162807,31686400
2011-08-11,24.343719482421875,24.654523138032765,23.325836954535436,23.364686855726024,23576700
2011-08-12,24.5845890045166,24.809922552452946,24.33594611164101,24.522428281297703,14175900
2011-08-15,24.99639892578125,25.050792328013177,24.638975199469936,24.809918270339075,22841300
2011-08-16,24.97309684753418,25.14403996811695,24.70114457756835,24.856545662973293,16553800
2011-08-17,24.99639892578125,25.283894629344186,24.778837173079854,25.043020571670084,12656600
2011-08-18,24.172765731811523,24.553500204440862,23.96297281361944,24.499109777212098,14270400
2011-08-19,24.110612869262695,24.468036639823833,23.90859015815178,23.94744005250722,18010300
2011-08-22,24.095077514648438,24.54574320368547,24.06399640683888,24.491352747047536,11770100
2011-08-23,24.879854202270508,24.903163547819606,24.133924022099084,24.188314471085093,12479500
2011-08-24,25.167346954345703,25.17511871221975,24.747762432890617,24.786612330089365,11758600
2011-08-25,24.7399959564209,25.198431927506338,24.654524391023298,25.10519156709878,15550800
2011-08-26,25.050798416137695,25.13626700828722,24.1261548143264,24.60013128852256,12478900
2011-08-29,25.687942504882812,25.71125184807048,25.299437643451743,25.33051577968301,11473900
2011-08-30,25.77340316772461,25.92880565737313,25.415979516372175,25.64908176881698,11804700
2011-08-31,25.95212745666504,26.130839347754833,25.742334463457794,25.90550580348886,10386100
2011-09-01,25.78119468688965,26.224090195285367,25.726804218424085,25.944366092286337,9625000
2011-09-02,25.213972091674805,25.60247704543233,25.15958163527336,25.37714346087915,11320900
2011-09-06,25.276124954223633,25.307206054042055,24.584586785576246,24.63120843530388,44453200
2011-09-07,25.8821964263916,25.88996521988268,25.47037923399567,25.57916012721296,10855700
2011-09-08,25.602476119995117,25.975440506434115,25.555854460168696,25.711257028865976,9130800
2011-09-09,24.84100341796875,25.35383126276099,24.72445224134586,25.322750158579623,16098500
2011-09-12,24.926477432250977,24.94978677927273,24.468040019764523,24.537971024887145,13393200
2011-09-13,25.18288230895996,25.237272746624903,24.85653820094204,24.988629898997587,11253500
2011-09-14,25.42375373840332,25.703477654106045,24.91092754763374,25.268351233673336,14000300
2011-09-15,25.656856536865234,25.672397084060883,25.25281120194732,25.610234895278293,12105200
2011-09-16,25.795127868652344,25.86543572486126,25.545145042138493,25.740444311604335,11861400
2011-09-19,25.552961349487305,25.646707165172717,25.342037734241654,25.412345605990204,11646000
2011-09-20,25.787317276000977,26.052924433059005,25.506088797966633,25.646704526999162,10829700
2011-09-21,25.092058181762695,25.842009906596676,25.07643387707538,25.802947654862685,14044800
2011-09-22,24.584285736083984,24.71708937580294,24.28743133025011,24.467106404571034,26670000
2011-09-23,24.592082977294922,24.748322984577335,24.34991230702081,24.43584446002765,17981500
2011-09-26,24.99830436706543,25.029552962731486,24.506150905445452,24.795192965281217,13336900
2011-09-27,25.3810977935791,25.685764218224552,25.263917024085888,25.396719114816158,14319000
2011-09-28,24.943635940551758,25.506099083499503,24.904575172282634,25.474850468884206,15072000
2011-09-29,25.10768699645996,25.443602157497985,24.7405247104502,25.26392709136657,12782900
2011-09-30,24.787389755249023,25.263920580898645,24.77957760351527,24.842073327369683,10356100
2011-10-03,23.998382568359375,24.943632156864354,23.9827597534375,24.59990489831566,48032100
2011-10-04,24.256175994873047,24.27961245069015,23.521851592791332,23.787458798655997,20949700
2011-10-05,24.646770477294922,24.662394778526693,24.201488322297013,24.279608338440504,16962400
2011-10-06,24.943635940551758,24.943635940551758,24.52178858334095,24.631157244478544,9795500
2011-10-07,24.920190811157227,25.107677963584166,24.84207079180881,24.982686528632875,10780900
2011-10-10,25.49047088623047,25.529530158523016,25.177990747827184,25.177990747827184,6615000
2011-10-11,25.45140266418457,25.498272582441665,25.32640826875123,25.39671612616728,5107500
2011-10-12,25.467025756835938,25.71700860504795,25.451404436349478,25.545147259421327,8411100
2011-10-13,25.44359588623047,25.529528066250375,25.24048589893623,25.404536617139026,5970000
2011-10-14,25.685762405395508,25.740445965958063,25.537333043842395,25.740445965958063,6229400
2011-10-17,25.240482330322266,25.62326728534224,25.201420086722408,25.59201868247467,6750800
2011-10-18,25.42797088623047,25.623270206370538,24.990500826321078,25.154553030046827,9932600
2011-10-19,25.3810977935791,25.685764218224552,25.271727684704413,25.58420774999915,6233500
2011-10-20,25.357654571533203,25.49827027363288,25.068612508341705,25.326405975504354,6920500
2011-10-21,25.865442276000977,25.904501543780917,25.62327004771558,25.62327004771558,6784700
2011-10-24,26.25604248046875,26.26385314247833,25.865443819301483,25.94356235952242,36228400
2011-10-25,25.724828720092773,26.18573527124657,25.654520840085198,26.154486662347345,8333400
2011-10-26,26.068546295166016,26.16229209243758,25.740444944806836,25.95917917837962,8655700
2011-10-27,26.70132064819336,26.771628515694218,26.334157009018785,26.560704913191643,16385700
2011-10-28,26.72475814819336,26.802879663962397,26.545083131971246,26.545083131971246,10215300
2011-10-31,26.216983795166016,26.60758246504615,26.209170152950854,26.52946094305131,12897900
2011-11-01,25.71700668334961,26.02167605062034,25.638888166632228,25.724820323039584,13507200
2011-11-02,25.888872146606445,26.021677206964018,25.724821466191674,25.990428606876293,6063500
2011-11-03,26.170108795166016,26.216981704625276,25.90450160162577,26.107611582553666,7748400
2011-11-04,25.927928924560547,26.06073397220439,25.740443302043673,25.982612479463825,5672500
2011-11-07,26.232606887817383,26.271666156994883,25.834194594125712,25.9435617398352,5520200
2011-11-08,26.552900314331055,26.576335282171208,26.154487980859397,26.357600968912422,4987600
2011-11-09,25.787317276000977,26.177915861084507,25.685763789501372,26.099797336080083,13047000
2011-11-10,26.154481887817383,26.279473320565597,25.896688361537684,26.037304095883275,6093300
2011-11-11,26.615386962890625,26.69350548676123,26.381028411248156,26.381028411248156,7084000
2011-11-14,26.43572235107422,26.552903162909086,26.31854153923935,26.44353301451502,4100200
2011-11-15,26.498207092285156,26.576328598825725,26.263848532724978,26.42008856577535,5627500
2011-11-16,25.990432739257812,26.412279967422666,25.974808436729745,26.209167014588775,10464700
2011-11-17,25.71700668334961,25.974803152571674,25.498272452516627,25.95136819356254,10134200
2011-11-18,25.662330627441406,25.8185706865798,25.63108499963874,25.78732207874587,6194700
2011-11-21,25.17017936706543,25.365478702986096,25.076433540200924,25.302981485076426,7436600
2011-11-22,25.232669830322266,25.349850606357833,25.092054091091956,25.162361960707113,5160500
2011-11-23,24.865510940551758,25.06081176295944,24.834263822177178,25.06081176295944,6472400
2011-11-25,24.77176284790039,24.967062150668507,24.748327885178092,24.79519930063812,2497600
2011-11-28,25.43578338623047,25.48265331374052,25.193611167314888,25.193611167314888,7381200
2011-11-29,25.54514503479004,25.70138504632384,25.45921287944493,25.490461477757762,4789900
2011-11-30,26.466968536376953,26.498214167304997,26.068556196720916,26.091994144956402,13397100
2011-12-01,26.506013870239258,26.654440224190882,26.404457428046044,26.404457428046044,5970200
2011-12-02,26.177913665771484,26.68569297580934,26.115419447014936,26.654444376415835,15173400
2011-12-05,26.224788665771484,26.552893025627334,26.091986577755787,26.451336559477824,43739100
2011-12-06,26.33415985107422,26.49821056627075,26.224792707609865,26.271665617679368,5064200
2011-12-07,26.529460906982422,26.654452361972876,26.1935458129397,26.29510230137924,6479800
2011-12-08,26.037302017211914,26.459146206540204,25.982615475971542,26.404462645330415,7784600
2011-12-09,26.420085906982422,26.47476946604234,26.1154195122113,26.162292411418576,5605900
2011-12-12,26.10761070251465,26.302910015298384,25.99043290286302,26.240415784823718,5421500
2011-12-13,26.060739517211914,26.412278859266745,25.982618007849243,26.26384948149311,5022800
2011-12-14,26.045116424560547,26.170107865313042,25.97480855288533,26.02949212196261,5186800
2011-12-15,26.33415985107422,26.404467726162896,26.19354410089686,26.20916840425336,6535300
2011-12-16,26.246173858642578,26.513270630792906,26.238319393319212,26.513270630792906,5777300
2011-12-19,26.246173858642578,26.552548950897187,26.167617218434017,26.36401181569915,4601700
2011-12-20,26.79608154296875,26.835359866316363,26.505418354103643,26.544696677451256,5208900
2011-12-21,26.968902587890625,27.008180900789952,26.75679610214242,26.866776576957818,5196900
2011-12-22,27.165300369262695,27.173154834076342,26.95319385837172,27.078886272594865,3699900
2011-12-23,27.3381290435791,27.36955290031825,27.16530382500163,27.228148541736005,2240300
2011-12-27,27.400968551635742,27.46381324955081,27.283130622523334,27.283130622523334,2224100
2011-12-28,27.102445602416992,27.400966132198253,27.047455372818177,27.400966132198253,5908200
2011-12-29,27.298852920532227,27.345988709438743,27.07889189912348,27.07889189912348,4775400
2011-12-30,27.2517147064209,27.39311906381232,27.204581918453023,27.22029384669028,2711600
2012-01-03,27.605226516723633,27.69949509253413,27.51881240692068,27.57380265920547,18864300
2012-01-04,27.4716739654541,27.59736637292321,27.37740241229474,27.58165444739665,6174000
2012-01-05,27.55023956298828,27.581663424268775,27.267430804952525,27.322421063821217,5939700
2012-01-06,27.597373962402344,27.66021868504797,27.46382405707107,27.589516499106516,6762500
2012-01-09,27.64450454711914,27.66807393837984,27.424543540312357,27.65236200978736,10695300
2012-01-10,27.8487606048584,27.91160533147207,27.809482276131803,27.833048674018883,7122300
2012-01-11,27.872323989868164,27.919459777291536,27.723065158143584,27.817333736246262,3501000
2012-01-12,27.958736419677734,27.982302813599553,27.754487346619587,27.93517002575592,3404900
2012-01-13,27.83304214477539,27.856608537134125,27.613081158110734,27.77805189810923,4826800
2012-01-17,28.005876541137695,28.178701784567156,27.974452679879846,28.053009336280116,5792900
2012-01-18,28.162986755371094,28.17084421819323,27.94302574425556,27.998015997034443,6940400
2012-01-19,28.162986755371094,28.194410613171602,28.0137279259347,28.092284573691952,4447600
2012-01-20,28.162986755371094,28.249400865950484,28.060863712635463,28.20226807599374,7768900
2012-01-23,28.037288665771484,28.21797131656457,27.95873203385916,28.170838536114537,5658200
2012-01-24,28.04515266418457,28.139421243801547,27.958738550892292,27.958738550892292,4382200
2012-01-25,28.2493953704834,28.29653114801465,27.872318140463666,27.93516584383867,6827200
2012-01-26,28.12371063232422,28.35938359078268,28.02944204828968,28.35938359078268,5074500
2012-01-27,28.139415740966797,28.233684302148983,28.013723327142706,28.013723327142706,3500700
2012-01-30,28.100139617919922,28.115851545467844,27.848754770640706,27.966589732134473,5297700
2012-01-31,28.12371063232422,28.382952984349508,28.05300844511225,28.20227028297321,7538700
2012-02-01,28.398658752441406,28.532205634450854,28.21011862853816,28.21011862853816,13009200
2012-02-02,28.288681030273438,28.430085402831395,28.12371026120389,28.430085402831395,5953400
2012-02-03,28.453638076782227,28.49291638013642,28.35151209066736,28.453638076782227,8292500
2012-02-06,28.296539306640625,28.39866535569888,28.210125187956276,28.327963167388443,4095400
2012-02-07,28.398658752441406,28.430079609138946,28.170840310108538,28.26510887368836,3442200
2012-02-08,28.398658752441406,28.430079609138946,28.241542481979305,28.40651321742989,4758300
2012-02-09,28.2493953704834,28.39865716762732,28.170838738008076,28.38294524178357,6164500
2012-02-10,28.131559371948242,28.162980225719735,27.982297580374514,28.084423596176013,3648100
2012-02-13,28.34365463256836,28.414353773087036,28.257240576278242,28.265095037421826,5493800
2012-02-14,28.461502075195312,28.47721400114999,28.280819421831712,28.35152159025603,4253200
2012-02-15,28.40652084350586,28.53221329427049,28.3201067217156,28.4850775014546,5725300
2012-02-16,28.563634872436523,28.59505873180139,28.312249991005913,28.359382783309048,5059900
2012-02-17,28.469371795654297,28.563640395231616,28.414378532760715,28.54792846251127,4531300
2012-02-21,28.265111923217773,28.54792064121314,28.21797613797057,28.51649678438167,7076000
2012-02-22,28.265111923217773,28.35152603113235,28.162985886887466,28.24154552896614,4212300
2012-02-23,28.288681030273438,28.33581682004083,28.2258363073278,28.280826563684315,3551600
2012-02-24,28.430076599121094,28.469357910135436,28.312241656307926,28.36723189563606,7647200
2012-02-27,28.48507308959961,28.547920803620084,28.21797629850049,28.288678478401547,9274100
2012-02-28,28.595050811767578,28.642183591016245,28.422222629873573,28.453646480534907,4370300
2012-02-29,28.422222137451172,28.657895019841416,28.422222137451172,28.57933839129243,6353900
2012-03-01,28.57147789001465,28.610756200109417,28.422219112957336,28.445785499665604,6010100
2012-03-02,28.524343490600586,28.62646649167699,28.45364133776311,28.62646649167699,3602700
2012-03-05,28.461502075195312,28.610760876649554,28.422223758680346,28.492925927104665,3395800
2012-03-06,28.092287063598633,28.375095815381407,28.02944233917151,28.30439362743571,4316000
2012-03-07,28.21796226501465,28.249386106397036,28.060849051587617,28.155117578992325,4343200
2012-03-08,28.532203674316406,28.602905841330003,28.367232950199146,28.367232950199146,4186400
2012-03-09,28.650043487548828,28.752166515764483,28.555771927550943,28.57148385421726,4698200
2012-03-12,28.650043487548828,28.705033732509133,28.587195780883572,28.595053242588527,2426600
2012-03-13,29.05853843688965,29.074247363485675,28.73645150029783,28.799296196910813,7159400
2012-03-14,29.050689697265625,29.113537409487154,28.987844981787955,28.987844981787955,6217000
2012-03-15,29.09782600402832,29.14495879229711,28.97998803986851,29.058547681556355,3819900
2012-03-16,29.094654083251953,29.205192617028167,29.055177541408273,29.173610178806392,4000200
2012-03-19,29.086780548095703,29.134154238928264,28.9920361782998,29.04730397833651,4130800
2012-03-20,28.9367618560791,29.031506204520163,28.90517940264257,28.913073510067438,2980600
2012-03-21,28.920963287353516,28.992022283612084,28.873589619225214,28.96833394361405,3717900
2012-03-22,28.826217651367188,28.88938254593061,28.739370439144402,28.802532321839877,4888200
2012-03-23,28.913066864013672,28.944649310190556,28.78674009117397,28.88938153531493,2760400
2012-03-26,29.418363571166992,29.418363571166992,29.063071718626738,29.10254825647935,9504600
2012-03-27,29.473648071289062,29.592077740027754,29.43416850317465,29.43416850317465,5334600
2012-03-28,29.410470962524414,29.599962570457432,29.268353009541386,29.497321157332593,8930400
2012-03-29,29.473648071289062,29.505227509165138,29.244679828445474,29.284156384691705,8620700
2012-03-30,29.694721221923828,29.734197780863663,29.536811974296096,29.58418565214493,7242900
2012-04-02,29.797361373901367,29.876314488307962,29.592078457455024,29.694719915678196,10149200
2012-04-03,29.781579971313477,30.00265117406103,29.64735601831014,29.828950650834095,8863100
2012-04-04,29.623659133911133,29.710509361678188,29.552600130453364,29.66313568875032,7096900
2012-04-05,29.61575698852539,29.647339431782825,29.465744900853913,29.528909787368782,3536300
2012-04-09,29.244665145874023,29.38678308650329,29.22887392893003,29.363094755153966,3188600
2012-04-10,28.913066864013672,29.299944300010917,28.89727564092523,29.228885302046844,6500200
2012-04-11,29.015710830688477,29.18151416972978,28.992025499930605,29.15782883897191,3793600
2012-04-12,29.17361068725586,29.205193126028064,29.03149272464806,29.047283944034167,4721900
2012-04-13,28.881486892700195,29.126243316350607,28.881486892700195,29.126243316350607,4560700
2012-04-16,28.889381408691406,29.02360228655311,28.802531188019557,29.02360228655311,7243300
2012-04-17,29.31574249267578,29.33942782700552,28.97623864522962,29.03940054073177,4194700
2012-04-18,29.236774444580078,29.32362465088937,29.205195015631787,29.26046278112546,4080300
2012-04-19,29.284160614013672,29.521022997567737,29.173625035813018,29.378904965061576,9542800
2012-04-20,29.442058563232422,29.592070645752116,29.331523027495017,29.378893678886786,5714600
2012-04-23,29.213098526000977,29.252575083797588,29.126248291727453,29.134145410407754,4906800
2012-04-24,29.31574249267578,29.378904388177933,29.173624462960245,29.236786358462396,2971200
2012-04-25,29.623659133911133,29.671032806839,29.442064572156408,29.465749902686305,6216400
2012-04-26,29.61575698852539,29.655236548530965,29.386791804577882,29.489430227363208,5472700
2012-04-27,29.631549835205078,29.765773720476492,29.544699617417876,29.671029397375786,3979400
2012-04-30,29.61575698852539,29.710504318297698,29.536803892249363,29.61575698852539,4775100
2012-05-01,29.726299285888672,29.79735828623863,29.418374943126903,29.560492943826812,5532400
2012-05-02,29.671039581298828,29.694724917236538,29.584189333702216,29.607874669639926,2863300
2012-05-03,29.56049156188965,29.70260955594562,29.513120905116192,29.70260955594562,3297100
2012-05-04,29.17361068725586,29.465740716230936,29.157819467869754,29.442055393085347,4886400
2012-05-07,29.236774444580078,29.331521767026942,28.999912162197585,28.999912162197585,5690200
2012-05-08,29.244665145874023,29.307827001783323,28.9446380476715,29.07096477135677,3984500
2012-05-09,29.04730224609375,29.228896865651972,28.881498855871335,29.078884704765365,8694500
2012-05-10,29.252574920654297,29.371007605251926,29.189413030905637,29.189413030905637,3400000
2012-05-11,29.22099494934082,29.44996321932851,29.189415507721012,29.19730961515883,3514200
2012-05-14,29.12625503540039,29.244687748079542,28.920975080208063,29.055196010166704,8433800
2012-05-15,28.952543258666992,29.165720251402234,28.881487272956402,29.055184702250884,5206200
2012-05-16,28.99991798400879,29.134141878487316,28.960441430997903,29.023603313441733,6770700
2012-05-17,28.731473922729492,29.063083602392034,28.699891474786774,29.05518648447235,5766800
2012-05-18,28.47882080078125,28.81832459171528,28.391970573537463,28.810430485542238,6830700
2012-05-21,28.755159378051758,28.77884772004602,28.494611711059015,28.510402935099187,7835900
2012-05-22,28.67620277404785,28.94464752627088,28.597249675339523,28.7788442118628,5614400
2012-05-23,28.549890518188477,28.692008577582687,28.273551520404844,28.605158317745204,6769800
2012-05-24,28.826217651367188,28.826217651367188,28.549878767322085,28.628831873658413,6592400
2012-05-25,28.755159378051758,28.91306860658543,28.66831216363286,28.755159378051758,3065800
2012-05-29,28.849910736083984,29.00781998658704,28.755163378661084,28.91307262916414,9650100
2012-05-30,28.684112548828125,28.763065682377064,28.5972622948029,28.74727445329348,3818200
2012-05-31,28.54198455810547,28.747264440957526,28.38407533413654,28.684102558490714,4766300
2012-06-01,28.03667640686035,28.34460077055283,28.005096969344425,28.26564464709265,10556700
2012-06-04,28.099849700927734,28.163011606698404,27.934046309927044,28.044581903927504,5566800
2012-06-05,28.25774574279785,28.328804735912833,27.989300992348774,28.01298631943122,7621900
2012-06-06,28.699893951416016,28.699893951416016,28.320913579003662,28.368287255005807,8536400
2012-06-07,28.715681076049805,28.897275623656615,28.65251919560162,28.88938151805103,7312700
2012-06-08,28.889381408691406,28.920963854729862,28.628830746675867,28.628830746675867,5226300
2012-06-11,28.63672637939453,29.0314978988041,28.620935157194026,28.976230127036175,7851500
2012-06-12,28.905179977416992,28.905179977416992,28.534093671830092,28.692002930284218,8854000
2012-06-13,28.873586654663086,29.134137284815363,28.7946335610901,28.89727198036149,15159000
2012-06-14,29.307836532592773,29.386792642988997,28.881485583923755,28.93675335526729,14048400
2012-06-15,29.418184280395508,29.489626292699434,29.346742268091578,29.370555262825526,7422700
2012-06-18,29.61661720275879,29.61661720275879,29.3864149570475,29.410227938293367,7202300
2012-06-19,29.886516571044922,29.96589521467778,29.672190599514824,29.672190599514824,6074500
2012-06-20,29.80713653564453,29.950020524508552,29.60868688756687,29.838889206081273,5874100
2012-06-21,29.394359588623047,29.878577192755895,29.354670266404213,29.743632891591623,5341100
2012-06-22,29.703943252563477,29.759511942463416,29.47374395144183,29.537246267168037,4764100
2012-06-25,29.33878517150879,29.465792781546046,29.2752828805403,29.2752828805403,8618200
2012-06-26,29.426115036010742,29.52137002395002,29.322920366017332,29.394362363997157,6401600
2012-06-27,29.743619918823242,29.846811505964656,29.46578872826594,29.51341771101573,8066400
2012-06-28,29.608694076538086,29.696012427389306,29.307049690352617,29.6483834101699,12607300
2012-06-29,30.172292709350586,30.188169049593007,29.86271164487907,29.86271164487907,9551200
2012-07-02,30.267545700073242,30.283422037666387,30.045280001871006,30.27548235481893,6582600
2012-07-03,30.25960922241211,30.33899091878617,30.140541220004163,30.259609222412113,3697200
2012-07-05,30.069091796875,30.211975787032856,30.037339126150734,30.18815976993898,3692500
2012-07-06,29.870649337768555,29.9897173394958,29.743641652398242,29.950028005586717,5904300
2012-07-09,30.029409408569336,30.077035397554813,29.735701678682688,29.735701678682688,6279600
2012-07-10,29.886516571044922,30.204034173677506,29.79125856496411,30.204034173677506,5669500
2012-07-11,29.862703323364258,29.918268984677713,29.70394299328234,29.862703323364258,6572000
2012-07-12,29.93414878845215,30.02940681439807,29.680133442133254,29.830957135830076,3999600
2012-07-13,30.267545700073242,30.3151716847509,29.926212012075087,29.942088349668232,5157800
2012-07-16,30.32310676574707,30.354859436114555,30.164346442010963,30.235788436287145,3850600
2012-07-17,30.712068557739258,30.775573902978532,30.25960357126477,30.394550915847464,6453900
2012-07-18,30.75969886779785,30.831140870163253,30.513620186738873,30.60093852608566,5748700
2012-07-19,30.75969886779785,30.831140870163253,30.57712553466441,30.82320421572339,4801800
2012-07-20,30.362796783447266,30.72000676299045,30.315167776807712,30.648564767081815,4197500
2012-07-23,30.005598068237305,30.084979775770396,29.838901024571587,30.061163749459208,4674000
2012-07-24,29.672199249267578,30.013532966973248,29.513438887620424,29.98178028902341,4431100
2012-07-25,29.81508445739746,29.862710448113805,29.53725305644276,29.719826419760455,5069100
2012-07-26,30.100845336914062,30.24372934557234,29.981777348433322,30.1246613570916,8521200
2012-07-27,30.823213577270508,30.87877925953079,30.267553726565087,30.283430068368393,6373100
2012-07-30,30.664451599121094,30.81527229628711,30.61682257617805,30.751769960465467,5215400
2012-07-31,30.473928451538086,30.767633092243084,30.46599179772505,30.64062543452459,5167100
2012-08-01,30.48980712890625,30.720009472482428,30.43424146364326,30.648567470272635,6243900
2012-08-02,30.19610023498535,30.402486543844244,29.989710898025034,30.259602549979846,5332100
2012-08-03,30.553314208984375,30.735887552071564,30.481872202724016,30.529498188163043,4462600
2012-08-06,30.56125259399414,30.664447281790473,30.529499916502658,30.656507598366606,3532300
2012-08-07,30.48980712890625,30.58506212248542,30.45805445501264,30.505683465853053,4235700
2012-08-08,30.600936889648438,30.64856589804555,30.46599257467553,30.55331090935282,3203500
2012-08-09,30.58505630493164,30.688250961406485,30.521553997324787,30.577119652018688,3110300
2012-08-10,30.712068557739258,30.73588457625475,30.513618896018816,30.569184559052417,3949100
2012-08-13,30.63268280029297,30.664435465548873,30.489798834742224,30.608869815401455,2251000
2012-08-14,30.712068557739258,30.775573902978532,30.64856624060151,30.76763422077286,2448700
2012-08-15,30.78352165222168,30.862903362381896,30.664453629135284,30.720019312196126,2294600
2012-08-16,30.70413589477539,30.783514558541157,30.593004554262553,30.783514558541157,4592800
2012-08-17,30.545373916625977,30.73588693888679,30.45011891954645,30.73588693888679,6007800
2012-08-20,30.608903884887695,30.648593246583726,30.505709121994656,30.545398483690686,4566500
2012-08-21,30.505687713623047,30.759703083939023,30.49774802999326,30.61681905962353,5663500
2012-08-22,30.529508590698242,30.593013963724673,30.442190216838323,30.47394290335154,2509800
2012-08-23,30.48980712890625,30.569185785538618,30.42630480922068,30.505683465853053,2565300
2012-08-24,30.751754760742188,30.83113339831023,30.489799806185992,30.52155247245358,5991200
2012-08-27,30.78352165222168,30.910529360375406,30.68032997116733,30.775584995256967,3611000
2012-08-28,30.73587989807129,30.83907152622644,30.640621894711213,30.68031424349511,3558900
2012-08-29,30.839088439941406,30.95022283814655,30.71208072723825,30.72002041258998,2849200
2012-08-30,30.73587989807129,30.807321886540816,30.600932574028377,30.68825089639125,3808000
2012-08-31,30.83113670349121,30.99783367711501,30.696189371437715,30.84701303832699,4666300
2012-09-04,30.894624710083008,30.974006347507075,30.656485854010498,30.799369773273973,6334400
2012-09-05,30.902591705322266,31.021662752665534,30.815273341017534,30.950220729880076,2779800
2012-09-06,31.394729614257812,31.402669294879257,31.03751968881601,31.03751968881601,5035600
2012-09-07,31.378860473632812,31.47411849431918,31.291542135387786,31.458242157538116,3980900
2012-09-10,31.267723083496094,31.41060705872815,31.267723083496094,31.38679407222315,2781300
2012-09-11,31.283613204956055,31.370931564759942,31.251860523554214,31.27567654865678,2392000
2012-09-12,31.29947853088379,31.386796859958995,31.243912872036166,31.29153884927624,2864200
2012-09-13,31.61701011657715,31.680512450903095,31.188358004493203,31.307426016892734,6849400
2012-09-14,31.489992141723633,31.66462882009218,31.394737148114263,31.617002837338323,11318700
2012-09-17,31.672563552856445,31.672563552856445,31.410608576241735,31.410608576241735,2602500
2012-09-18,31.77577018737793,31.81546255634561,31.601136481951063,31.62494948084959,3210600
2012-09-19,31.807514190673828,31.918645526008067,31.74401186824074,31.775761515406394,4891100
2012-09-20,31.94245147705078,31.942451477050778,31.696372863454044,31.78369117886259,4835600
2012-09-21,32.06132507324219,32.165032628532856,31.973575803697706,32.02143848833081,8167400
2012-09-24,32.149078369140625,32.212899341471726,31.981552881498665,32.021439467629875,6990000
2012-09-25,32.125152587890625,32.45222751983507,32.11717344339208,32.24481236700085,4965300
2012-09-26,31.957612991333008,32.268732540359046,31.941657752517486,32.196935487264525,6669000
2012-09-27,32.141090393066406,32.22884267602154,31.98154106434346,32.00547239854929,3146100
2012-09-28,32.005489349365234,32.09324167879595,31.86987432617373,32.08526557755313,4719600
2012-10-01,32.196937561035156,32.39637349434865,32.08525392528373,32.10120916512691,5344500
2012-10-02,32.34053421020508,32.42828651464214,32.18098484242415,32.30862372801868,6266600
2012-10-03,32.611751556396484,32.635682884964574,32.348494769549056,32.38040523640625,5786000
2012-10-04,32.811214447021484,32.92289812990298,32.63570977783506,32.65964112612335,6372200
2012-10-05,32.84312438964844,32.978742474263065,32.76335119386502,32.9229006285842,4033500
2012-10-08,32.81917190551758,32.85905847772418,32.65962257354077,32.827151045849135,3126100
2012-10-09,32.420310974121094,32.69952315954341,32.396379631398275,32.64367828793782,6128200
2012-10-10,32.180992126464844,32.43626995543502,32.077284557460786,32.43626995543502,6180400
2012-10-11,32.204925537109375,32.420316789706035,32.19694943582148,32.3245883584915,3791900
2012-10-12,32.15704345703125,32.41232114847577,32.1410882209222,32.340524107560114,3508400
2012-10-15,32.6197395324707,32.64367086975519,32.22884682212071,32.2368229201653,12298100
2012-10-16,32.97074508666992,32.97074508666992,32.71546433003214,32.723443470350716,5658200
2012-10-17,32.97074508666992,33.02658689629839,32.843103186775835,33.02658689629839,5398000
2012-10-18,32.97873306274414,32.99468830597796,32.71547611411329,32.77132098700741,4289300
2012-10-19,32.38839340209961,32.97074898825288,32.332551585863115,32.898951932641566,6218500
2012-10-22,32.412330627441406,32.45221720780377,32.22087078129064,32.38839624470317,4485800
2012-10-23,31.981542587280273,32.165023258946256,31.790082775065503,32.165023258946256,5915600
2012-10-24,32.03739547729492,32.21290011225342,31.997508890209314,32.17301352516782,5884400
2012-10-25,32.29267501831055,32.37245123991176,32.14110476199578,32.236833184765544,4746300
2012-10-26,32.1650276184082,32.324576976353164,32.021433500572826,32.252779917435475,3641200
2012-10-31,31.933692932128906,32.37245458844081,31.790098761545373,32.32458885052896,8629900
2012-11-01,32.196937561035156,32.2926659569434,31.901773231813415,31.901773231813415,4900600
2012-11-02,32.02143478393555,32.3485096114134,31.981548203638447,32.24480206812013,7033000
2012-11-05,32.03739547729492,32.109192551309626,31.82998339855885,31.981553646744764,4693900
2012-11-06,32.069313049316406,32.26874907195749,31.869877026675322,32.01347120642908,7549200
2012-11-07,31.534812927246094,31.88582216341497,31.23964855940964,31.877843020874096,11973000
2012-11-08,31.159870147705078,31.55076285817364,31.15189100650735,31.518852379684166,8889000
2012-11-09,31.24761199951172,31.455027017427522,31.032223928587616,31.096041827304013,7340700
2012-11-12,31.407188415527344,31.54280651245728,31.343370461735855,31.478985515513163,3573800
2012-11-13,31.287517547607422,31.630547677003797,31.263583160640348,31.279538404234547,5221700
2012-11-14,30.912572860717773,31.415152316729188,30.83279969640219,31.311444768598005,6858800
2012-11-15,30.824819564819336,30.952458449518648,30.69718068012002,30.888640528744517,8624600
2012-11-16,31.056175231933594,31.143927561856994,30.776966039588203,30.84078397934488,9847100
2012-11-19,31.383224487304688,31.399179719979106,31.24760653114687,31.35131402195585,7423800
2012-11-20,31.558744430541992,31.566720529203447,31.303466669261955,31.375263729818897,4895700
2012-11-21,31.534812927246094,31.64649657760847,31.478971102064907,31.478971102064907,5205700
2012-11-23,31.92571258544922,31.93368868579791,31.630548182121863,31.718297458563917,2853400
2012-11-26,31.782115936279297,31.798071178874405,31.622566553479583,31.774139836557428,4703900
2012-11-27,31.590669631958008,31.822016184190243,31.574717425665074,31.64651148344128,5396700
2012-11-28,31.837974548339844,31.86190590327311,31.343373939750137,31.49494425958246,7531100
2012-11-29,32.06132507324219,32.12514604362148,31.917730933040147,32.037393730925636,8403400
2012-11-30,32.10120391845703,32.16502182424842,31.96558592353103,32.093224778264144,4229000
2012-12-03,32.029415130615234,32.30862424634792,31.981549406567723,32.18098535870567,9937000
2012-12-04,32.10120391845703,32.20490839576183,32.02142773227987,32.029406872472755,4080400
2012-12-05,32.204925537109375,32.340543604219256,31.973582081936925,32.16503894436598,6294400
2012-12-06,32.18895721435547,32.26075426938622,32.11716015932472,32.18895721435547,2943900
2012-12-07,32.29267501831055,32.316606363215065,32.037397195490044,32.30863026263079,4619000
2012-12-10,32.42828369140625,32.48412550879527,32.16502680101445,32.212892520126815,5240900
2012-12-11,32.77131652832031,32.85108969048444,32.47614913338068,32.579856678714904,3891200
2012-12-12,32.72345733642578,32.94682466958822,32.667615503135174,32.82716490245906,6757600
2012-12-13,32.44424057006836,32.747384081892456,32.38042264519296,32.69154225644476,5929200
2012-12-14,32.31659698486328,32.452215000652835,32.2767104072137,32.348507464243276,5246300
2012-12-17,32.57188415527344,32.57986025510498,32.340537699190364,32.420310870111436,5549100
2012-12-18,32.82716369628906,32.87502638412143,32.50008880911108,32.69154564674369,8472500
2012-12-19,32.47614669799805,32.84310808547636,32.45221535977363,32.84310808547636,6996900
2012-12-20,32.524009704589844,32.53198580228237,32.356484264691474,32.42030217568346,4718700
2012-12-21,32.250511169433594,32.378839370964556,32.13020520151526,32.23446976179402,5572500
2012-12-24,32.12218475341797,32.226452379078125,32.058022178878836,32.12218475341797,3332700
2012-12-26,32.009918212890625,32.17834851969223,31.88960910255361,32.16230710100811,4404200
2012-12-27,31.961772918701172,32.12218394036756,31.67303675120458,32.04197995932724,5483700
2012-12-28,31.648971557617188,31.953752177882727,31.624910976401825,31.857506793435675,5801000
2012-12-31,31.985830307006836,32.04197369467539,31.47251758570278,31.592823533741765,11873100
2013-01-02,32.61944580078125,32.643509435714535,32.38685310004851,32.6274680322873,9533500
2013-01-03,32.6595573425293,32.66757651604731,32.49112410279623,32.64351593590779,5279600
2013-01-04,32.80393981933594,32.868102411422754,32.72373275474408,32.76383475724667,4645900
2013-01-07,32.90819549560547,32.948300546826026,32.70768247784607,32.739765294988175,4133100
2013-01-08,32.91621398925781,33.04454218365785,32.89215034934278,32.90017258250962,5787300
2013-01-09,33.27715301513672,33.27715301513672,32.996432859690174,33.01247427368028,5665200
2013-01-10,33.509727478027344,33.54983252078537,33.24505194141851,33.40546293369503,5518800
2013-01-11,33.501731872558594,33.589958133354116,33.405486433321364,33.54183388394183,3854100
2013-01-14,33.53378677368164,33.58993015477126,33.39743637704628,33.48566256435419,4643600
2013-01-15,33.49369430541992,33.52577712367806,33.3814075011024,33.40547114458897,5747600
2013-01-16,33.42151641845703,33.525784069605336,33.37339524068595,33.461621479381705,3812000
2013-01-17,33.718265533447266,33.81451091310724,33.51775254106414,33.60597874724639,4360900
2013-01-18,33.830562591552734,33.83858176746531,33.61400812687671,33.73431718266996,6024400
2013-01-22,33.92680358886719,33.934825823322996,33.66212798395926,33.77441478965268,7608900
2013-01-23,33.88669204711914,34.03106163078492,33.798465850480596,33.9668960115623,5544800
2013-01-24,34.1032600402832,34.215546859174566,33.966909574782015,34.0390943954388,8999800
2013-01-25,34.367916107177734,34.38395750925485,34.095218391036035,34.13532342602112,4046200
2013-01-28,34.247623443603516,34.45615563219229,34.23158203531426,34.424072815613776,5686600
2013-01-29,34.6165657043457,34.672709102022566,34.271683084567414,34.287724492415904,7230200
2013-01-30,34.512298583984375,34.72083382945543,34.47219659357402,34.64864902288249,5346400
2013-01-31,34.41606140136719,34.53637046087091,34.40001998946092,34.44814422517971,6007300
2013-02-01,34.688758850097656,34.752924496918986,34.44814379369057,34.56043061604145,5623600
2013-02-04,34.30378723144531,34.55242461832896,34.27972663450379,34.528360961799834,7593400
2013-02-05,34.68072509765625,34.74488765792348,34.47218989272117,34.47218989272117,8056200
2013-02-06,34.67272186279297,34.74490669488486,34.5684542031965,34.72084610404984,3968900
2013-02-07,34.54438781738281,34.71281804414668,34.35991617955768,34.7047988684092,6529300
2013-02-08,34.80104446411133,34.80104446411133,34.5604294160587,34.63261423643313,4192600
2013-02-11,34.72886276245117,34.80104758930792,34.65667793559442,34.80104758930792,2447900
2013-02-12,34.688758850097656,34.79302649638909,34.664698262332884,34.696778026157105,5133300
2013-02-13,34.66468811035156,34.75291431909953,34.56042049459619,34.736872912092124,4843300
2013-02-14,34.73688888549805,34.80105148344665,34.560436386862214,34.624598984810824,5172500
2013-02-15,34.81707763671875,34.849160451423906,34.68073026360025,34.75291506689405,8230000
2013-02-19,35.03364562988281,35.0416648068755,34.72886489118514,34.72886489118514,7245100
2013-02-20,34.80906295776367,35.08176079880001,34.79302154833965,35.00957598618492,6739600
2013-02-21,34.64864730834961,34.752914925925616,34.52031910963513,34.74489269248907,7447200
2013-02-22,34.80104446411133,34.833127286408036,34.62459200106578,34.76094246603361,6168100
2013-02-25,34.41606140136719,35.07374399159154,34.39200081330103,34.97749857974045,6078700
2013-02-26,34.5042839050293,34.59251013117783,34.25564663675489,34.56042731083543,6548800
2013-02-27,34.88123321533203,34.99351997485978,34.3919811406028,34.544369877164065,6849900
2013-02-28,34.84916305541992,35.12186088161903,34.833121646868705,34.88926504700506,4358800
2013-03-01,35.11383819580078,35.1218604297661,34.66469100048831,34.776977799316434,7491500
2013-03-04,35.30633544921875,35.314354624373436,34.97749419532668,35.04967901006329,4903500
2013-03-05,35.61110305786133,35.675265614325845,35.40256786528548,35.43465067331022,6582600
2013-03-06,35.68330001831055,35.77152318109556,35.611115205423886,35.71537977769327,5068400
2013-03-07,35.65923309326172,35.81964411375989,35.61913110303361,35.76350071552339,4437200
2013-03-08,35.7234001159668,35.82766468270164,35.562989089224004,35.7795435163889,4029300
2013-03-11,35.907875061035156,35.907875061035156,35.635177208119636,35.74746401939318,6748700
2013-03-12,36.06828689575195,36.09234748167215,35.94797784697857,35.95600008200943,4612400
2013-03-13,36.0762939453125,36.108376755479966,35.91588295406037,36.060252540228774,4098300
2013-03-14,36.1083984375,36.17256103677748,35.99611159407415,36.14048126693225,3777700
2013-03-15,36.03105545043945,36.11966350167399,35.89411796967874,36.01494461632159,5778400
2013-03-18,35.797447204589844,35.99077411006739,35.65245279368841,35.77328249371524,4042100
2013-03-19,35.82161331176758,35.93438605434027,35.620232536365826,35.853831900483506,7023300
2013-03-20,36.119667053222656,36.200218158904924,35.950507887593254,35.950507887593254,4387000
2013-03-21,35.91829299926758,36.11967387433124,35.84579576133153,36.05523051935329,4420000
2013-03-22,36.192161560058594,36.192161560058594,35.99883461897787,36.03911324162249,6881400
2013-03-25,36.08744430541992,36.32910068808644,35.926339026033034,36.28077125524971,6813400
2013-03-26,36.50630187988281,36.53046658642329,36.15187286837498,36.15187286837498,4855800
2013-03-27,36.69157791137695,36.715745694769225,36.30492717819626,36.41769992460394,5264700
2013-03-28,37.013790130615234,37.08628733854343,36.699636587202065,36.79629850683065,7415700
2013-04-01,37.1104621887207,37.142683861675444,36.91713829664797,37.037964960986464,6364600
2013-04-02,37.65016174316406,37.69043729504175,37.36822673436495,37.37628368843708,8849300
2013-04-03,37.42461395263672,37.754878401892086,37.352116728515895,37.714602849120006,8472800
2013-04-04,37.59377670288086,37.80321451379177,37.44072835862135,37.48100391523406,9794600
2013-04-05,37.38433837890625,37.39239226032507,37.16684670666571,37.27156560207657,9969300
2013-04-08,37.416542053222656,37.416542053222656,37.07016693509036,37.39237427493527,7700600
2013-04-09,37.53738784790039,37.714603972770675,37.44072590380197,37.529333966237104,5937500
2013-04-10,38.165679931640625,38.20595546636962,37.682364296413596,37.71458595332733,9062100
2013-04-11,38.53624725341797,38.67318478373172,38.262369119961946,38.27042300352159,7660400
2013-04-12,38.608734130859375,38.657066637726246,38.39124245919998,38.43957496606686,5624200
2013-04-15,37.907936096191406,38.66512706159617,37.875714419494635,38.59262982544255,10745300
2013-04-16,38.455684661865234,38.463738543023815,38.03681216658409,38.20597132636274,8771800
2013-04-17,38.27845764160156,38.39123038265553,37.9723580067217,38.22207127107458,16487600
2013-04-18,37.8112678527832,38.27041595179358,37.674330347701634,38.238197350663064,10353400
2013-04-19,38.34290313720703,38.37512480272449,37.8595904457538,37.8595904457538,12796700
2013-04-22,38.57649612426758,38.63288248865476,38.29456430233169,38.5039989310803,4716400
2013-04-23,38.81816864013672,38.97122004131393,38.40735308886816,38.697341982858994,10824200
2013-04-24,38.14958572387695,38.76983906197466,38.117364052925154,38.76178210782287,12635900
2013-04-25,38.302635192871094,38.407354090170685,38.10125435266375,38.35902158230293,10833800
2013-04-26,38.29457473754883,38.38318278368179,38.07708309872081,38.1737450250353,6174900
2013-04-29,38.41539764404297,38.552338176438965,38.32679267934784,38.32679267934784,3950000
2013-04-30,38.12541198730469,38.31068194220458,37.93208508015913,38.31068194220458,8217900
2013-05-01,37.722652435302734,38.08513541227819,37.698484650097825,37.80320352511348,9250700
2013-05-02,38.14152908325195,38.222083261293626,37.92404048460868,38.01264547121298,9803300
2013-05-03,38.399288177490234,38.59261509103167,38.33484792152779,38.48789621816226,6232600
2013-05-06,38.14958572387695,38.43151766263606,38.14152876972517,38.40735294583604,10919000
2013-05-07,38.270408630371094,38.310687251527554,38.1173603175896,38.16569281928093,9847400
2013-05-08,38.383182525634766,38.495955284381374,38.23818810072421,38.23818810072421,20766200
2013-05-09,38.431514739990234,38.59262000966982,38.30263113881205,38.33485280731345,7140300
2013-05-10,38.810096740722656,38.85037227445016,38.43149996346638,38.47983244763513,6045100
2013-05-13,39.13232421875,39.14037809987666,38.721505606255256,38.769838111498046,9155900
2013-05-14,39.527015686035156,39.559237345406224,39.14841887049151,39.14841887049151,6580500
2013-05-15,39.736473083496094,39.96201866516964,39.4867597089089,39.510924428994464,11796400
2013-05-16,39.32564163208008,39.72034934463555,39.29341996721288,39.65590601490115,7954100
2013-05-17,39.551185607910156,39.583407271528785,39.228978190204785,39.37397260366164,9246700
2013-05-20,39.277313232421875,39.607577649698094,39.245094637020536,39.575359054296754,8967600
2013-05-21,39.704246520996094,39.76063290947392,39.3014848473958,39.38203595298477,8319100
2013-05-22,39.704246520996094,40.59837792804119,39.51897651987928,39.921738193479584,20132000
2013-05-23,39.688133239746094,39.81701684444332,39.25314992158261,39.37397964534831,6668500
2013-05-24,39.56730651855469,39.631749862207364,39.26120985468774,39.535087919556105,5906800
2013-05-28,39.970062255859375,40.32449444760287,39.808956993505724,39.889511161096195,9923800
2013-05-29,39.34175109863281,39.75256655653196,39.13231642992142,39.75256655653196,15882100
2013-05-30,39.62368392944336,39.76062446726184,39.34980592663346,39.39008454370346,9719600
2013-05-31,38.753726959228516,39.6317474905735,38.745670005340195,39.446477497900574,13329700
2013-06-03,38.963165283203125,39.01955167434303,38.61678998172782,38.97122223783903,12698200
2013-06-04,38.72149658203125,39.13231509878283,38.50400496836751,38.96315290627089,13141400
2013-06-05,38.15763854980469,38.914832432090606,38.085141328582154,38.66511909836242,12852100
2013-06-06,38.71344757080078,38.71344757080078,37.98847543409342,38.14958069478697,16861800
2013-06-07,39.067867279052734,39.27730191654626,38.89870817882799,38.906762057151134,7663500
2013-06-10,39.12424850463867,39.285353705370106,38.995364958618744,39.24507817339378,5663700
2013-06-11,38.963165283203125,39.20482168420668,38.657068609251624,38.81817082803543,9941700
2013-06-12,38.56846237182617,39.31759940139581,38.56846237182617,39.14038326494725,8582800
2013-06-13,39.1645393371582,39.21287183810769,38.27846499620882,38.47178885435213,6904900
2013-06-14,39.100101470947266,39.34175784484572,39.01954729776277,39.05982592076877,7314000
2013-06-17,39.188724517822266,39.49482127454702,38.995397501044124,39.26927564899643,8437400
2013-06-18,39.51897430419922,39.5511929009318,39.1725990384967,39.1725990384967,7399700
2013-06-19,38.890663146972656,39.57535978169515,38.88260926618114,39.51897339767214,22305700
2013-06-20,37.89180374145508,38.673158984285486,37.779031009881194,38.673158984285486,28952100
2013-06-21,38.26565170288086,38.50840209607698,37.941982454126894,38.2251938184713,15980600
2013-06-24,37.94198226928711,38.265651516464274,37.58594856678319,37.933891927140095,19003300
2013-06-25,38.13618469238281,38.28992588812352,37.87725052758861,38.26565177477992,5688300
2013-06-26,38.68642044067383,38.83207129374764,38.354660850169864,38.38702530561171,7600000
2013-06-27,38.8239860534668,39.05055272304003,38.76734438607349,38.93726938825341,5338200
2013-06-28,38.524574279785156,38.969617047908066,38.48411640754449,38.791598705963786,8770700
2013-07-01,38.62977981567383,39.05054552829016,38.17664347327474,38.63787015806542,25892000
2013-07-02,38.548858642578125,38.77542525679926,38.435575335467554,38.60550029613341,5127400
2013-07-03,38.492218017578125,38.62168509869808,38.21710008435588,38.40320882054465,3926100
2013-07-05,39.018184661865234,39.02627500500118,38.637873712955034,38.75115703729278,4384400
2013-07-08,39.23666763305664,39.34995097663932,39.13147463398432,39.220483857296315,6630200
2013-07-09,39.349945068359375,39.447044621602515,39.180016991759956,39.390402958315754,5581000
2013-07-10,39.60887908935547,39.738346188674896,39.301393570944654,39.301393570944654,5040000
2013-07-11,40.118648529052734,40.16719675166124,39.93253671992526,40.01345556883687,7471900
2013-07-12,40.36139678955078,40.36948713064921,40.0215438153889,40.12673677009833,5578200
2013-07-15,40.40186309814453,40.45850475786643,40.22384468945345,40.45850475786643,4266200
2013-07-16,40.167198181152344,40.49895775665062,40.07009864574125,40.44231610376593,7064100
2013-07-17,40.27239227294922,40.47468477798508,40.21575061847827,40.27239227294922,4668600
2013-07-18,40.385677337646484,40.531328194543526,40.3371260231012,40.36140322374324,6544700
2013-07-19,40.919742584228516,40.94401670592274,40.23194905114724,40.31286484795452,6559600
2013-07-22,41.122005462646484,41.20292120101243,40.84688763076968,40.90352926497336,6172800
2013-07-23,40.97636795043945,41.202934560716464,40.89545218583725,41.186753877186874,5310900
2013-07-24,40.91162872314453,41.15437906077271,40.79025201096143,41.097737418217406,3790100
2013-07-25,41.11394119262695,41.12203153689837,40.62034685010359,40.8954648564245,3869100
2013-07-26,41.380958557128906,41.38905198672953,40.83072264036803,41.04110859563841,4832700
2013-07-29,41.25957489013672,41.43759017058272,41.13819816946779,41.33240030519043,6497400
2013-07-30,41.267669677734375,41.656070904292655,41.105835061650446,41.57515513961997,5698800
2013-07-31,41.28386306762695,41.62371306252741,41.25149551952045,41.34859507710068,6477200
2013-08-01,41.54279708862305,41.67226419371648,41.4295137575087,41.54279708862305,8762400
2013-08-02,41.55896759033203,41.55896759033203,41.372858879117096,41.380949220153276,3817700
2013-08-05,41.50232696533203,41.63988437350397,41.42140811928528,41.52660107577688,3479800
2013-08-06,41.30812454223633,41.567058674358314,41.162473707075414,41.43759160829732,4280200
2013-08-07,41.34049987792969,41.41332530924621,41.065381924816045,41.22721655960153,3955200
2013-08-08,41.34049987792969,41.53470205702005,41.19484901529665,41.48615074056273,3629500
2013-08-09,41.194854736328125,41.45378895324942,41.049203853467475,41.23531262895845,3902400
2013-08-12,41.024932861328125,41.16249032410095,40.90355608744892,41.16249032410095,3841800
2013-08-13,41.178646087646484,41.27574558865342,40.8145191004486,41.18673951332726,4430100
2013-08-14,40.855010986328125,41.2838702699702,40.830733777643225,41.057303567176625,5878500
2013-08-15,40.167198181152344,40.60415072061014,40.15910783934249,40.48277398629234,6461300
2013-08-16,39.98108673095703,40.151011678045705,39.92444508192747,40.07009591850016,10277800
2013-08-19,40.05391311645508,40.256205606942224,39.867804395615515,39.95681358530801,8096300
2013-08-20,40.167198181152344,40.329032797996554,40.03773110502469,40.078188987551094,5029400
2013-08-21,39.924442291259766,40.29665969793315,39.83543310993827,40.0943672264709,6178400
2013-08-22,40.18339157104492,40.24812666797502,39.981099023247324,40.07010823815656,2768500
2013-08-23,40.288570404052734,40.33711862295268,40.037726621696166,40.19146779277638,2366700
2013-08-26,40.34522247314453,40.59606323356362,40.288580811969965,40.361406245871414,3936700
2013-08-27,39.68977737426758,40.06199473490093,39.60886163038651,40.01344652326739,6653400
2013-08-28,39.85971450805664,40.005365361084245,39.50368080439956,39.697882970682606,6008600
2013-08-29,39.98108673095703,40.240020865588825,39.6574175192981,39.786884586614,4042600
2013-08-30,39.82735061645508,40.03773347006291,39.70597387496752,40.03773347006291,4127300
2013-09-03,40.08628845214844,40.35331298642119,39.900179695112506,40.23193932056595,6062900
2013-09-04,40.54751205444336,40.587969939949886,40.053917825742865,40.053917825742865,4049700
2013-09-05,40.60416030883789,40.652711631377585,40.45850942795809,40.62843442673809,4288000
2013-09-06,40.620338439941406,40.863088845437815,40.13483454220971,40.7174379847922,5636300
2013-09-09,40.87118148803711,40.87927491782781,40.57178940730138,40.69316616024943,4286700
2013-09-10,41.13011932373047,41.17057721301465,40.91164301750896,41.0572938883233,6500100
2013-09-11,41.40522766113281,41.43759520213985,41.11392905228528,41.22721235907131,6753900
2013-09-12,41.34049987792969,41.51042485542193,41.30813233362481,41.348590220636446,3098400
2013-09-13,41.437591552734375,41.49423320113897,41.29194071776877,41.42140778365616,3668600
2013-09-16,41.8098258972168,41.94738644666829,41.68845221013092,41.80173555277357,6845800
2013-09-17,41.83409118652344,41.842181528661925,41.6641662209669,41.842181528661925,3654000
2013-09-18,42.09303283691406,42.17394861964724,41.56707098893062,41.834098628080774,6868600
2013-09-19,41.9554557800293,42.23057365441504,41.87454002916091,42.23057365441504,6104100
2013-09-20,41.876670837402344,42.152923732661804,41.86042030244913,42.07979787510863,8986300
2013-09-23,41.58415222167969,41.82790395802057,41.43790055998086,41.82790395802057,4773800
2013-09-24,41.37290573120117,41.63291114182902,41.35665829879196,41.61666060994778,5956800
2013-09-25,41.04789733886719,41.45415126767688,41.04789733886719,41.437900738587906,5207500
2013-09-26,41.19415283203125,41.340404507961075,41.03165062550124,41.03165062550124,4319300
2013-09-27,41.19415283203125,41.267278669996166,40.92602372633597,40.96664850310052,3937100
2013-09-30,41.104774475097656,41.22665189896751,40.844772197015494,40.90164750162899,8585300
2013-10-01,41.62477493286133,41.64914917544674,41.08039618531156,41.137271484325076,11685100
2013-10-02,41.52727508544922,41.543525613750305,41.25914601768837,41.34852237360865,6404800
2013-10-03,41.161651611328125,41.49477973866145,40.99102568989511,41.47852920812424,7228300
2013-10-04,41.61665344238281,41.649151401076196,41.13727368260103,41.22665004281871,4503400
2013-10-07,41.153533935546875,41.42165998008193,41.153533935546875,41.332283598746166,3971800
2013-10-08,40.56038284301758,41.39726788055936,40.53600860388026,41.24288943410061,7360000
2013-10-09,40.48726272583008,40.7310144312705,40.28413578805121,40.64163808273243,11388100
2013-10-10,41.42976760864258,41.454141847001104,40.836634279838236,40.836634279838236,7330100
2013-10-11,41.62477493286133,41.68165023187485,41.38914692296456,41.39727373680726,4694600
2013-10-14,41.92538833618164,41.92538833618164,41.316007673740216,41.42163452308176,8858200
2013-10-15,41.65727996826172,42.00665860955707,41.63290572334816,41.876657470898685,8043100
2013-10-16,42.510414123535156,42.526664653870654,41.860408407473955,41.860408407473955,7239000
2013-10-17,42.867919921875,42.908547800699786,42.28291628035631,42.28291628035631,6823400
2013-10-18,42.697303771972656,42.94105560341133,42.47792619383604,42.916681350109265,7646000
2013-10-21,42.47791290283203,42.746042003149974,42.36416229038383,42.73791518827697,4103300
2013-10-22,42.87603759765625,42.973537667213535,42.5510332331702,42.59978481768451,5053300
2013-10-23,42.79478454589844,42.90041142826291,42.591657594912846,42.77041030361099,5140800
2013-10-24,42.79478454589844,43.03853936665819,42.76228658933893,42.957286726581174,3725600
2013-10-25,42.851654052734375,42.86790147790743,42.632276619250284,42.851654052734375,3855900
2013-10-28,42.997920989990234,43.08729736407187,42.78667027809253,42.85979612057096,8983400
2013-10-29,43.28229522705078,43.290418942099706,42.99791560879283,43.127919845348416,7262900
2013-10-30,43.04665756225586,43.469161938076475,42.91665645427035,43.43666088621237,8240300
2013-10-31,42.87603759765625,43.20916567649235,42.81916229879189,43.038539779899274,5904000
2013-11-01,43.160400390625,43.209151959663025,42.85164975179521,42.97352402518476,10779200
2013-11-04,43.19292068481445,43.32292182737823,43.054795826859326,43.20104440020581,3156100
2013-11-05,43.04665756225586,43.144157618377264,42.85165745001305,43.06290808818791,4248100
2013-11-06,42.949161529541016,43.30666383512366,42.9004099471779,43.2091637698686,4731100
2013-11-07,42.567283630371094,43.241666599789745,42.5429093879246,43.11978918861463,6050900
2013-11-08,43.19292068481445,43.22542174532333,42.567289217641374,42.567289217641374,6663800
2013-11-11,43.29853057861328,43.37165638630624,43.14415215155563,43.14415215155563,5095700
2013-11-12,43.27415466308594,43.306655711898316,43.07915456915289,43.22540618933798,3064100
2013-11-13,43.51791763305664,43.51791763305664,42.9897863384472,43.095413217263335,5214800
2013-11-14,43.883541107177734,43.93229268675802,43.615415168163686,43.631665694690454,6201800
2013-11-15,44.13542556762695,44.13542556762695,43.810421192230244,43.89979755043791,4004400
2013-11-18,43.94041442871094,44.29791667262829,43.842911280802944,44.17603928747862,3796600
2013-11-19,43.989173889160156,44.054176003999274,43.69667057132697,43.810421172824,4515100
2013-11-20,44.11916732788086,44.322294252133965,43.94041774217833,44.02979098529415,4744000
2013-11-21,44.297935485839844,44.43606035483144,44.1841848644416,44.26543442273407,4590300
2013-11-22,44.89104461669922,44.89104461669922,44.468540295429115,44.51729186693084,5924700
2013-11-25,45.0698127746582,45.264812928766254,44.9966869419998,45.126688077895686,5270100
2013-11-26,44.939815521240234,45.191691000346,44.90731445959051,45.0779403840438,5035300
2013-11-27,44.9235725402832,45.15107381112151,44.83419615546177,45.0048221085905,4449500
2013-11-29,44.899192810058594,45.06982185361446,44.801692713363956,45.0129465389199,2837700
2013-12-02,44.915428161621094,45.021055038697845,44.769176516275174,44.88293020668845,4724400
2013-12-03,44.525421142578125,44.834174935060254,44.42792108686251,44.834174935060254,4402300
2013-12-04,44.37104415893555,44.67167112765794,44.01353880205087,44.33854310840589,3474900
2013-12-05,44.2898063659668,44.5335612271058,44.18418256557649,44.31418371176378,3612800
2013-12-06,44.86668395996094,44.882934488713204,44.54167958385849,44.663556999764765,4846500
2013-12-09,44.95604705810547,45.08604815030697,44.89916867451369,45.03729657842996,3896200
2013-12-10,44.77730941772461,44.93981161236692,44.582306164259535,44.93981161236692,3545500
2013-12-11,44.00542449951172,44.78543128219971,43.94854919865769,44.78543128219971,9989200
2013-12-12,43.68854904174805,44.02980086330651,43.67229851222551,43.98917608923597,5645400
2013-12-13,43.72105407714844,43.9079305344463,43.534177619850574,43.81855416367953,4319500
2013-12-16,43.802303314208984,44.18418304126439,43.72105375926912,43.88355286914884,6211600
2013-12-17,43.59105682373047,43.8916839254227,43.38792981728153,43.81855807912219,5132600
2013-12-18,44.671695709228516,44.687946243435555,43.46918407316004,43.71293588732064,10210000
2013-12-19,44.57417297363281,44.606674025546454,44.32229447050844,44.56604616091895,6691000
2013-12-20,44.79853820800781,44.92907470951,44.61904935135392,44.70063660994009,6813200
2013-12-23,44.96985626220703,45.043283221638866,44.84748007131062,45.03512605380642,3849400
2013-12-24,44.88827896118164,44.99434083254218,44.82300915965656,44.978023382160906,3291900
2013-12-26,45.22279739379883,45.22279739379883,44.904614761926645,44.904614761926645,2592600
2013-12-27,45.18199920654297,45.35332781407312,45.10041193231222,45.35332781407312,2668100
2013-12-30,45.25541687011719,45.25541687011719,44.9535486860327,45.181989894560914,2374200
2013-12-31,45.23093795776367,45.32884266411044,45.05960939001017,45.29620776199485,6008000
2014-01-02,44.978023529052734,45.21461877976525,44.87196165734581,45.124877470728336,8771800
2014-01-03,45.0840950012207,45.27990134941295,44.99435366687875,45.051463203385595,3642500
2014-01-06,44.89643478393555,45.36963149409624,44.831168096603065,45.22277755730398,9123500
2014-01-07,45.36963653564453,45.516490488755444,45.100403250862634,45.100403250862634,5714000
2014-01-08,45.76940155029297,45.834671354747414,45.32068253749315,45.443061864727454,7793300
2014-01-09,46.11207580566406,46.14471071780408,45.72862336861016,45.834685276946956,6204700
2014-01-10,46.29154586791992,46.29970303651641,45.859141238659795,46.22627607020698,7734300
2014-01-13,45.916259765625,46.56078513945601,45.81835816207974,46.389456555192844,12815600
2014-01-14,46.49551773071289,46.56894471030883,45.940736798707114,45.98968604361386,6943500
2014-01-15,46.4547233581543,46.59342014970548,46.33234713150594,46.59342014970548,10054100
2014-01-16,46.56895065307617,46.650534813155765,46.38130148286793,46.43841101737089,5489900
2014-01-17,46.51998519897461,46.69947403532505,46.389448712238476,46.56893754858891,6907500
2014-01-21,46.78923034667969,46.87081762220209,46.43025567109013,46.75659854870707,5697400
2014-01-22,46.830013275146484,46.91159741706456,46.674999048372406,46.82185299361337,5391300
2014-01-23,46.5036735534668,46.789221181269234,46.20180847375626,46.642367226332055,7052900
2014-01-24,45.41043472290039,46.31603318493655,45.41043472290039,46.22628874459263,13101900
2014-01-27,45.043296813964844,45.492015873794344,44.89644285078633,45.394114269087304,13825900
2014-01-28,45.64701843261719,45.834664423694804,45.304358235519075,45.328835964605794,8806300
2014-01-29,45.23093795776367,45.68781725067523,45.07592684106797,45.33699983352155,12281200
2014-01-30,46.054962158203125,46.161024057080965,45.65519230073201,45.67967003877228,10714100
2014-01-31,45.655189514160156,45.9244228305167,45.43490855866009,45.581762528993465,10821300
2014-02-03,44.75774383544922,45.899937386855406,44.67615658105451,45.769400892059394,15808800
2014-02-04,45.19831085205078,45.25542038055388,44.87196802154519,45.01066170155674,10080000
2014-02-05,44.94538879394531,45.25541412887448,44.586414219767384,45.173826876400774,16384200
2014-02-06,45.19831085205078,45.25542038055388,44.98618707855138,45.051456889546856,7842200
2014-02-07,45.973358154296875,45.98967560297332,45.141190057443985,45.26356625416466,11497100
2014-02-10,46.356815338134766,46.37313278854322,45.883621725231336,46.06310745525346,7902800
2014-02-11,46.98501968383789,47.02581175071135,46.28338492956771,46.38944679322686,10380300
2014-02-12,46.98501968383789,47.246092646510256,46.84632292178589,47.1318736143705,6535800
2014-02-13,47.31952667236328,47.34400129369219,46.65052671666389,46.732110862584044,8256400
2014-02-14,47.4908447265625,47.564271686520286,47.1808225509496,47.27872412681499,8379800
2014-02-18,47.93142318725586,48.02932479723352,47.605080337682246,47.70298505989597,10874200
2014-02-19,47.637718200683594,48.08643731251024,47.572451494061156,47.91510870636055,10732700
2014-02-20,48.07012176513672,48.14354875814808,47.53981847093142,47.702989912316276,9852300
2014-02-21,47.98036193847656,48.314861863900596,47.92325242283601,48.11905558725071,5196300
2014-02-24,48.339351654052734,48.61674215090299,48.07011832818212,48.14354531594355,6464300
2014-02-25,48.21696853637695,48.48620184121161,48.07827485490644,48.26592089513851,6858600
2014-02-26,48.21696853637695,48.518836747052646,48.10274947816925,48.35566533008339,7449000
2014-02-27,48.494354248046875,48.494354248046875,48.08642730181158,48.21696380011745,5980100
2014-02-28,48.494354248046875,48.95939071777626,48.078270132270546,48.535149432458894,10341200
2014-03-03,48.13538360595703,48.33118992560233,47.8172010597398,47.857993135263776,8919900
2014-03-04,49.04914093017578,49.11441074314633,48.57594723508325,48.57594723508325,9658900
2014-03-05,48.9267692565918,49.14705022753193,48.85334226627842,49.122572489269956,10740200
2014-03-06,48.62488555908203,49.359155228868396,48.51882680518477,49.18782667666334,14206800
2014-03-07,48.50251007080078,48.95122904796002,48.19248474873781,48.88595924868978,12630300
2014-03-10,48.70647430419922,48.73094892319935,48.25775531986298,48.502510846570445,7775900
2014-03-11,48.608585357666016,48.95124256172472,48.502523460689474,48.70648697136333,6031700
2014-03-12,48.60041809082031,48.657527616623824,48.22512603204415,48.37197998760625,8822700
2014-03-13,47.939571380615234,48.7799029716205,47.84166978897105,48.75542523953285,12551400
2014-03-14,47.67849349975586,48.05378860162669,47.65401888241641,47.866139494573694,8006100
2014-03-17,48.14353561401367,48.347499081999594,47.89062290554187,47.972207047842026,6430200
2014-03-18,48.65752410888672,48.75542570145845,48.192487653876604,48.24144000628023,6147200
2014-03-19,48.51067352294922,48.98387029224339,48.200651272965864,48.71463700373414,8404800
2014-03-20,48.51067352294922,48.56778304859014,48.24960051652338,48.51067352294922,4895400
2014-03-21,47.63059616088867,48.89135864473411,47.5405412516136,48.719434216571315,19504500
2014-03-24,47.09844970703125,47.85163357764437,46.754607136948756,47.79432648263062,20490000
2014-03-25,47.51598358154297,47.835266908611096,47.02477582043568,47.254007358153586,14646400
2014-03-26,47.5323486328125,48.10541956286347,47.491412318092564,47.737017714402796,13638300
2014-03-27,47.42593002319336,47.6797208631613,47.01659177208553,47.55691813862774,12961000
2014-03-28,47.24581527709961,48.01537310782658,47.090267882145476,47.57328709311143,13128800
2014-03-31,47.8843994140625,47.92533262262978,47.48324647489438,47.63879391665152,9508100
2014-04-01,48.187294006347656,48.408337011872504,47.859822193050995,48.02355809969932,10114900
2014-04-02,48.40016174316406,48.432909558055414,48.14637398526491,48.30192142149353,8999300
2014-04-03,48.29372787475586,48.52295629428247,47.9744414179828,48.49020848492067,9609100
2014-04-04,47.49142837524414,48.70307249616531,47.4668690765104,48.55571045775607,20115400
2014-04-07,47.01657485961914,47.77794398264569,46.795531908772546,47.24580319842218,15263300
2014-04-08,46.63180923461914,47.08208065164915,46.34527373005535,47.05752135783019,15165000
2014-04-09,47.63059616088867,47.63878155127603,46.70549089697582,46.7382387045309,14438600
2014-04-10,46.042362213134766,47.687900406695285,45.93593340645591,47.61421940561033,17622500
2014-04-11,45.608463287353516,46.410765816131814,45.485663696327826,45.83769481200642,14710100
2014-04-14,45.862247467041016,46.12422363757802,45.346480514982794,45.91955455915834,11085300
2014-04-15,46.35346603393555,46.451709469869925,45.37105353561445,46.04237118915307,17424500
2014-04-16,46.58269500732422,46.836482728549846,46.28797096189813,46.75461632615508,29585700
2014-04-17,46.57448959350586,46.81190644650715,46.32888735243643,46.599048880712225,8656900
2014-04-21,47.13119888305664,47.147572785394814,46.57449869556888,46.66455359692757,5545000
2014-04-22,47.64697265625,47.90076037109873,47.401370332233846,47.46686282790343,8980300
2014-04-23,47.40955352783203,47.753399263935734,47.24581761173517,47.72883684656935,8668900
2014-04-24,47.33587646484375,47.65515981017755,46.89379039145705,47.65515981017755,8012600
2014-04-25,46.98384475708008,47.31950200374511,46.861045153472716,47.303128098663514,6368600
2014-04-28,47.26219177246094,47.5896636064341,46.64818442601341,47.37680597745069,9735200
2014-04-29,47.5405387878418,47.5814719836629,47.2212554882335,47.34405819869946,8955800
2014-04-30,47.58147048950195,47.655151488867254,47.29493500474943,47.45867090589483,11115200
2014-05-01,47.68790817260742,47.94988441401583,47.311317715958225,47.61422715952361,6857500
2014-05-02,47.27855682373047,47.76157597074582,47.180316541134786,47.67152107711549,6126300
2014-05-05,47.58966827392578,47.60604217953064,46.83648423111799,47.114834380394306,7218700
2014-05-06,47.172149658203125,47.540554790608276,47.14759035704402,47.540554790608276,6117700
2014-05-07,47.303123474121094,47.311311987362885,46.6891161471029,47.23763098320059,9058100
2014-05-08,47.049339294433594,47.58147714382297,46.91835117979896,47.32768942840756,7710000
2014-05-09,47.33587646484375,47.38499818066553,46.75461688113334,47.098459522876475,7298600
2014-05-12,47.81889724731445,47.85164505889462,47.442306783152155,47.524173189099365,5244500
2014-05-13,47.89257049560547,48.06449179401777,47.82707488306591,47.94169220501014,3230400
2014-05-14,47.92532730102539,48.07268933390752,47.72884354951479,47.868020190793814,3746700
2014-05-15,47.44230651855469,47.802523074917886,47.22126347612618,47.753404480824784,6469400
2014-05-16,47.60603332519531,47.64696652009265,47.24581371489262,47.499604520060196,8913400
2014-05-19,47.9007682800293,47.93351609477259,47.483244572564494,47.606047316350114,4386100
2014-05-20,47.59785842895508,47.93351571994035,47.458684901889626,47.90076790545314,4611800
2014-05-21,47.99900436401367,48.03993756466428,47.66334712187384,47.7615874280359,3921500
2014-05-22,48.2855224609375,48.441069816459844,47.859810457242666,48.01536093576691,3526100
2014-05-23,48.31010055541992,48.40015547320328,48.14636774818085,48.30191516425921,2796300
2014-05-27,48.572086334228516,48.613019541445766,48.31010693743035,48.572086334228516,3246500
2014-05-28,48.432891845703125,48.6703087323346,48.432891845703125,48.54750603290387,4401700
2014-05-29,48.81767654418945,48.81767654418945,48.55570033563089,48.55570033563089,2682200
2014-05-30,48.94865798950195,48.97321727977492,48.711241106855546,48.71942649594576,7778100
2014-06-02,49.01416015625,49.071467260212145,48.64575511434841,48.907734462036274,4880300
2014-06-03,49.104217529296875,49.13696533977397,48.80130808989144,48.899548398319645,3054500
2014-06-04,49.2433967590332,49.2433967590332,48.94048418065144,49.06328691491467,3599800
2014-06-05,49.30070877075195,49.456256209681634,48.948677562065804,49.30070877075195,3929800
2014-06-06,49.2515754699707,49.448059193539656,49.15333516968765,49.34163037981469,3950900
2014-06-09,48.9977912902832,49.25158215035786,48.89955097667502,49.21064894660473,5533400
2014-06-10,49.161529541015625,49.161529541015625,48.67851021879801,49.00598211023495,6921400
2014-06-11,49.104217529296875,49.177898541368805,48.93229620879674,48.95685550515302,5901200
2014-06-12,48.858604431152344,49.096021320293914,48.74399024273984,48.9977779105097,4305300
2014-06-13,48.81767654418945,48.94047613526224,48.68668843991017,48.89954293823798,2950700
2014-06-16,48.91592788696289,49.28433298937335,48.752191938891194,49.03873062876753,9021700
2014-06-17,48.89137268066406,49.01417230974521,48.744010627363714,48.93230589035778,3728200
2014-06-18,49.284332275390625,49.29251766732408,48.77675365442477,48.84224615890259,5374200
2014-06-19,49.44805145263672,49.44805145263672,49.22700846935114,49.25975314898422,4313800
2014-06-20,49.863861083984375,49.872077216375565,49.55159476267641,49.60090096121933,4426700
2014-06-23,49.67487335205078,49.93783355242241,49.633786408505124,49.896746608876754,3406700
2014-06-24,49.707725524902344,50.1021656775806,49.65020006382582,49.8392055757951,4868300
2014-06-25,50.25009536743164,50.28296303842068,49.65021413457617,49.68308494029778,20099100
2014-06-26,50.31582260131836,50.406215729488615,49.89673089357576,50.37334493111182,11236400
2014-06-27,50.184349060058594,50.30761300261411,50.01178204826669,50.167913658735706,4840900
2014-06-30,49.98712921142578,50.33226322601845,49.92960374092814,50.21721855448756,6434500
2014-07-01,50.61988067626953,50.71849309288118,50.12683113214149,50.18435347446534,8145300
2014-07-02,51.006103515625,51.006103515625,50.529489386309145,50.60344712953277,4036600
2014-07-03,51.2115364074707,51.227971808240056,50.89105392929876,51.11292713758676,2468600
2014-07-07,50.8253173828125,51.21976077105564,50.78423044416748,51.00610367452956,3900300
2014-07-08,50.34871292114258,50.76780479137752,50.176145864853666,50.74315325040284,7145400
2014-07-09,50.56236267089844,50.611668883433474,50.21722858735168,50.4884049194623,5879900
2014-07-10,50.529483795166016,50.636309196543415,49.97069271591451,50.15969511996544,4726600
2014-07-11,50.63630676269531,50.685612961929515,50.324043571741285,50.603439097937816,3779600
2014-07-14,50.80067443847656,50.93215454521731,50.67741046696142,50.93215454521731,4078700
2014-07-15,50.36513137817383,50.86640010752931,50.250086712695264,50.833529307469135,5498900
2014-07-16,50.2007942199707,50.56236371516331,49.978920961079936,50.52949604086063,5279000
2014-07-17,49.65020751953125,50.42265567741078,49.592685184548586,50.00356079712888,7321900
2014-07-18,50.46372985839844,50.55412297187887,49.71593655787584,49.8309811987668,8938700
2014-07-21,50.25830841064453,50.34048228516236,50.08574139331766,50.31583074975349,3731900
2014-07-22,50.69384002685547,50.8335393874467,50.4884021878404,50.51305686014041,5640400
2014-07-23,51.10470199584961,51.178659723444895,50.86639654891531,51.07183433282089,7264400
2014-07-24,50.99788284301758,51.27727838869263,50.948576640345905,51.21975605294178,6107400
2014-07-25,50.80886459350586,50.90747383337226,50.55412066122551,50.89103843760599,4129300
2014-07-28,50.858177185058594,50.989657241117996,50.58700094088124,50.82530638736079,7004900
2014-07-29,50.899261474609375,51.08826384947025,50.80065222136275,51.014309260584014,5321800
2014-07-30,51.10470199584961,51.34301057751573,50.84174188322901,51.1540081924904,7752700
2014-07-31,50.05287170410156,50.75135905725286,50.05287170410156,50.64453364494757,8415200
2014-08-01,50.09395980834961,50.348703846528714,49.715954952779974,49.93782818576194,16923800
2014-08-04,50.307613372802734,50.406222646733404,49.855647669928224,50.200784830784,9208900
2014-08-05,49.822792053222656,50.25831932526911,49.658441133762445,50.0939684058089,10309500
2014-08-06,49.79813003540039,50.003567870752256,49.4283444395531,49.60912760304458,9568000
2014-08-07,49.15716552734375,49.96248147452187,49.06677237724769,49.904959130775765,10947000
2014-08-08,49.7406005859375,49.773471387233435,49.05854870007367,49.222899571821195,5472600
2014-08-11,49.7159423828125,50.085731010953324,49.69129085251369,49.93781555969699,4700600
2014-08-12,49.67487335205078,49.79813418268775,49.53517398231612,49.666654082501935,2878500
2014-08-13,50.27475357055664,50.32405978567684,49.85565857886742,49.87209398390748,4751900
2014-08-14,50.86640548706055,50.86640548706055,50.20900195525957,50.365136704691864,4797400
2014-08-15,50.91569900512695,51.170442982642875,50.447301114172866,51.11292065461215,7777600
2014-08-18,51.31015396118164,51.384111709217834,51.10471612049584,51.17045773418698,7448800
2014-08-19,51.647056579589844,51.67992737668822,51.20331335768874,51.38409647226632,3874500
2014-08-20,51.63884735107422,51.72924048781318,51.40875801008934,51.54845421433525,4513800
2014-08-21,51.71281051635742,51.868942137741854,51.66350430894168,51.71281051635742,3125900
2014-08-22,51.762123107910156,51.91003547893532,51.63885914153416,51.79499078217526,3248900
2014-08-25,52.156558990478516,52.26338440856726,51.942901884835806,52.074381974949546,4863000
2014-08-26,52.345558166503906,52.378428970669866,52.12368494048232,52.230513486655475,3601300
2014-08-27,52.304473876953125,52.49347630837836,52.230516131201284,52.46882163663936,4151700
2014-08-28,52.288028717041016,52.40307338124697,52.09902632088381,52.156548652986785,3466000
2014-08-29,52.4770393371582,52.52634240969759,52.23873070410953,52.37021078876871,4139100
2014-09-02,52.452369689941406,52.63315591944993,52.31267038493989,52.583849729202676,5076800
2014-09-03,52.69068908691406,52.92899768673374,52.56742515328815,52.781082220275465,5421900
2014-09-04,52.42771911621094,52.9372039162409,52.320890596376195,52.80572700145734,6231400
2014-09-05,52.73176956176758,52.739988828681724,51.8935861509726,52.44415791440968,6349400
2014-09-08,52.73999786376953,52.83861027524178,52.5345600419676,52.63317245343985,7204800
2014-09-09,52.600303649902344,52.83039301595599,52.46882042960597,52.81395447868643,6667300
2014-09-10,52.970088958740234,53.03583056854503,52.56743257024958,52.67425798408363,7039600
2014-09-11,52.82215881347656,52.89611967134936,52.55919871669272,52.764636488225825,6360300
2014-09-12,52.43593215942383,52.82215299575097,52.28801672943257,52.79750146899618,7340200
2014-09-15,52.29624557495117,52.49346724113399,52.11545930884459,52.43594490823318,6082500
2014-09-16,53.011192321777344,53.05227613610603,52.156569988461975,52.22230848001447,6907900
2014-09-17,53.05226516723633,53.25770300480396,52.66604102949474,52.9783105550553,6704300
2014-09-18,53.44668960571289,53.47134113435774,53.12620719440374,53.22481330898315,5460700
2014-09-19,53.505252838134766,53.859865600509586,53.431034635033804,53.73616859534132,6833500
2014-09-22,53.21662139892578,53.43928861441403,53.010451313672355,53.389803515521265,4005700
2014-09-23,52.90324401855469,53.134153502478306,52.6393465666689,52.72181334066854,7833900
2014-09-24,53.82686996459961,53.82686996459961,53.018686950885424,53.03517778528749,8120900
2014-09-25,52.944480895996094,53.777409888962865,52.944480895996094,53.760919048820504,11661500
2014-09-26,53.10940170288086,53.19186845763145,52.65582511403749,53.19186845763145,6513000
2014-09-29,52.993953704833984,53.175384363367606,52.62284696960859,52.6640803522102,10284100
2014-09-30,52.70531463623047,53.20012467362888,52.664081252923644,53.1011607786059,7580800
2014-10-01,52.15277099609375,52.86199324072891,51.97958578391413,52.86199324072891,11141700
2014-10-02,52.04558181762695,52.276491328572845,51.60025363574032,52.15279115309732,7225200
2014-10-03,53.11764907836914,53.18361870560871,52.44965390866027,52.48264186818502,11383100
2014-10-06,52.87025451660156,53.53000127307974,52.65583587697445,53.34857060045767,8287500
2014-10-07,52.029083251953125,52.78779080755832,52.029083251953125,52.763048257916225,11281800
2014-10-08,53.3568115234375,53.39804805410338,52.00433951541032,52.13628823418655,11412300
2014-10-09,52.25173568725586,53.33206468856916,52.21874772568312,53.27433732876945,15686000
2014-10-10,51.93010711669922,52.829005409317645,51.93010711669922,52.194004498109294,15606800
2014-10-13,50.70133972167969,51.979593437875025,50.64361235775447,51.95485403788004,17937500
2014-10-14,50.321983337402344,51.17965145194578,49.97561603710763,51.006466228845866,19321000
2014-10-15,49.90964126586914,50.13230527589356,48.8293091755814,49.75295317551343,32120100
2014-10-16,49.65400314331055,50.23952543708591,49.02724746119575,49.23341754879883,30185000
2014-10-17,50.44570541381836,50.767333456090505,50.016874315935155,50.13232908428114,15704700
2014-10-20,51.05595016479492,51.09718354489398,50.28075192285476,50.28075192285476,9848900
2014-10-21,52.4084358215332,52.44142379068167,51.4353127529946,51.484794706717295,14961400
2014-10-22,52.144535064697266,52.55687521527615,51.99609235881641,52.424926492927135,13813800
2014-10-23,53.03518295288086,53.32382606342776,52.55687006098878,52.55687006098878,11165000
2014-10-24,53.77741241455078,53.80215182183235,53.06818671068701,53.183641472542725,9703500
2014-10-27,53.835140228271484,53.892867609663426,53.59598213627267,53.785661413310585,9110800
2014-10-28,54.2309684753418,54.263956436389215,53.75265247786956,54.263956436389215,8770600
2014-10-29,54.255714416503906,54.40415711321461,53.892853093030844,54.21447788726888,10162400
2014-10-30,55.25356674194336,55.28655470098558,54.12375273903417,54.173237823502426,11630600
2014-10-31,55.476226806640625,56.069997477281824,55.29480247222005,55.962791330786516,11388000
2014-11-03,55.542213439941406,55.63292877055894,55.146370444347596,55.55871056831422,8680700
2014-11-04,55.55046081542969,55.698903508553656,55.21233890094311,55.52572141521084,5716000
2014-11-05,55.49273681640625,56.07001049589178,55.36078495148886,56.05351965868272,6592100
2014-11-06,55.83083724975586,55.95454051646299,55.56693988362509,55.56693988362509,7962400
2014-11-07,55.27833557128906,55.88035513368843,55.10515341296373,55.83087002287177,13895600
2014-11-10,55.83910369873047,55.86384310163467,55.187605491070045,55.402024135925615,5455300
2014-11-11,56.04528045654297,56.25145056105872,55.82261951206336,55.96281367309913,9777500
2014-11-12,55.96279525756836,56.05351057704882,55.740128094548986,55.83084341402944,3879900
2014-11-13,55.92156982421875,56.243194641868726,55.657672376613355,56.04527312911754,5216600
2014-11-14,55.45975112915039,55.90507925382935,55.23709021271665,55.90507925382935,6331800
2014-11-17,55.731903076171875,55.88034580020164,55.34430228054905,55.34430228054905,8587200
2014-11-18,56.63078689575195,56.672023421800304,55.72363994898277,55.77311874679239,8240100
2014-11-19,56.31742858886719,56.59781692131599,56.16898585644944,56.5648289483551,6253600
2014-11-20,56.0782585144043,56.30091941952046,55.89682784781497,56.07000994997447,9041600
2014-11-21,56.3421630859375,56.75450327429823,56.1854718009806,56.639048524902186,8098700
2014-11-24,56.63078689575195,56.63903545932372,56.44935624803602,56.564810970798796,5020100
2014-11-25,56.70499801635742,56.87818005967479,56.482330895085795,56.74622824087545,5510200
2014-11-26,57.0513801574707,57.076119558372355,56.67202799608636,56.894688896012234,5325900
2014-11-28,57.40601348876953,57.71938983217044,57.109127987942024,57.109127987942024,4395500
2014-12-01,57.26580047607422,57.6781406147745,57.12560004713961,57.199824543847484,8537400
2014-12-02,57.90080642700195,57.983273203366885,57.47197541481729,57.47197541481729,7444800
2014-12-03,57.99151611328125,58.08223144597974,57.768855209628406,58.03275264334824,6577000
2014-12-04,57.91730499267578,58.23068126735333,57.69463776997941,57.8925592965225,4235400
2014-12-05,58.379119873046875,58.42859867824444,57.90080378343229,57.958531153433256,8325100
2014-12-08,58.58529281616211,58.90691764930149,58.30489822543366,58.30489822543366,5942800
2014-12-09,58.337886810302734,58.39561418373686,57.57093382507119,57.90905579219378,9776300
2014-12-10,57.43898391723633,58.32964014760965,57.3977473856813,58.296652180727904,9011200
2014-12-11,57.60389709472656,58.28013444719926,57.471951565658514,57.653382173460066,7383300
2014-12-12,56.72151184082031,57.61216810333126,56.672033034618,57.282294714422214,10438600
2014-12-15,56.201961517333984,57.0761205879531,56.00404001473951,57.05962975099153,17776200
2014-12-16,55.55046081542969,56.919426725963305,55.517472851200935,55.96280093057284,14735600
2014-12-17,56.58955764770508,56.72975177181584,55.509222306154136,55.616434759024045,17776200
2014-12-18,58.13996887207031,58.14821743787306,57.13385776575021,57.257561085542584,16048100
2014-12-19,58.28068161010742,58.71109997705301,57.95785994102147,58.355174546364736,17822000
2014-12-22,57.726104736328125,58.04064735659606,57.43639941379376,57.94131711096897,9896600
2014-12-23,56.40171813964844,57.89991263697279,56.10373379657498,57.85852978188526,22190400
2014-12-24,56.81557083129883,57.13838607232104,56.39342539492393,56.44309365014987,4519100
2014-12-26,57.2211799621582,57.37845125284119,57.005973929235985,57.0390840070167,4242800
2014-12-29,57.419830322265625,57.50260234459773,57.09701501460004,57.16322884340542,5225900
2014-12-30,57.171512603759766,57.46121786310423,57.105292454452176,57.328783879590056,4965100
2014-12-31,56.60036087036133,57.65986405196883,56.59208809006947,57.33704248270206,7863600
2015-01-02,56.80728530883789,57.40325378332529,56.5755211943369,56.873505431580604,7516800
2015-01-05,56.517608642578125,57.01424718318692,56.410005625228415,56.55071872063227,10784800
2015-01-06,56.32723617553711,57.18807298408833,55.979583497546926,56.707992618000674,13344500
2015-01-07,57.6515998840332,57.66815176400208,56.5838236456596,56.70798484827999,14146400
2015-01-08,58.63658142089844,58.702801552504376,58.123391188700765,58.22271507101034,22138400
2015-01-09,58.1151123046875,58.7524700222872,57.91645822424704,58.68624989044059,9724300
2015-01-12,58.13995361328125,58.76903234748244,57.98268866605631,58.5620991349913,11972100
2015-01-13,57.88336944580078,59.00908684079509,57.395003687702435,58.686271473196896,14219800
2015-01-14,57.79229736328125,57.941289503179114,57.17149783289005,57.328769068087624,12548000
2015-01-15,57.171512603759766,58.11512762853945,57.138402529105974,58.00752462224037,16382800
2015-01-16,58.24757766723633,58.355180691528645,57.06391913961259,57.08047102215676,13759300
2015-01-20,58.24757766723633,58.487621012290326,57.568836811087884,58.33862880898447,10387200
2015-01-21,58.363441467285156,58.586926544530286,57.899906805246964,58.18961833718337,8391000
2015-01-22,59.058746337890625,59.06702543584585,57.80886778091135,58.62004887278502,11497400
2015-01-23,58.719383239746094,59.03391951808821,58.69455225923249,58.97597845852251,6815600
2015-01-26,59.025638580322266,59.05874865834266,58.42139702297969,58.777322467821826,7871700
2015-01-27,58.603515625,59.017382242930495,58.35519312820033,58.49590626267187,10040100
2015-01-28,57.759193420410156,58.92629969252182,57.66814230775889,58.71108739760973,11005400
2015-01-29,58.24757766723633,58.297239629970925,57.29568338584346,57.75921187830521,12120000
2015-01-30,57.33704376220703,58.379988776305744,57.25427175174514,57.99923247610136,13886500
2015-02-02,57.65989303588867,57.684724019444964,56.65005760391526,57.44468065322976,18042300
2015-02-03,58.04889678955078,58.07373407729312,57.17150207565058,57.94129380306675,17432800
2015-02-04,57.320518493652344,57.635054805451354,57.00598218185333,57.35362857622632,15184800
2015-02-05,58.2889518737793,58.33862014423899,57.68471036657981,57.68471036657981,10801400
2015-02-06,57.759193420410156,58.5289851723072,57.60192216853977,58.28894190396295,11886100
2015-02-09,57.080467224121094,57.65988411624696,56.94803322727341,57.49433372631029,8139000
2015-02-10,58.040626525878906,58.0985675695908,57.41154782622108,57.54398179109108,8629000
2015-02-11,58.09857177734375,58.413107992402686,57.76747736853927,58.090292680470974,8088100
2015-02-12,58.305511474609375,58.471055539862945,57.81714574643915,58.37172531165003,10124100
2015-02-13,58.53727722167969,58.586939179533246,58.08202155768386,58.346895858071946,8592300
2015-02-17,58.95941162109375,58.984242595308814,58.53726611413692,58.59520715900548,8381700
2015-02-18,59.025638580322266,59.05874865834266,58.661440352301284,58.951145641102634,7780900
2015-02-19,59.12495422363281,59.22428443318145,58.86007997993653,58.959410189485176,5383600
2015-02-20,59.74571990966797,59.7705508691848,58.934539446571044,59.04214869127269,8213700
2015-02-23,60.0189208984375,60.209295949760914,59.729215614835645,59.836818630144464,8577500
2015-02-24,59.94439697265625,60.134778260721276,59.72091193589195,60.10166819692306,8052200
2015-02-25,59.919578552246094,60.10168078372361,59.67953527576212,59.894747577971934,9629700
2015-02-26,60.08509826660156,60.10993554592114,59.63812828041272,59.91955429505738,4424900
2015-02-27,59.795413970947266,60.134787440360526,59.76230390209476,60.06028820666741,6745300
2015-03-02,60.333473205566406,60.35003140623351,59.87821741376951,59.985826772795996,6769900
2015-03-03,59.78712463378906,60.30859386483582,59.4891404117343,60.300314771140364,10144000
2015-03-04,60.07683563232422,60.159607632072024,59.26565487855859,59.61330106655867,9153500
2015-03-05,60.292076110839844,60.565229550090024,60.076870051220666,60.15136299914214,6252100
2015-03-06,59.1084098815918,60.14307601466741,59.033910636157884,60.010635718385295,12314900
2015-03-09,59.472599029541016,59.53054007158531,58.95112965114244,59.29049680737327,10306300
2015-03-10,58.810420989990234,59.21600831461694,58.76903182182202,58.95113405760148,12323900
2015-03-11,58.777305603027344,59.19117198688032,58.73591643860211,59.12495184983988,7525100
2015-03-12,59.555389404296875,59.555389404296875,58.99253068730601,59.050471747212335,7574200
2015-03-13,59.43950653076172,59.828542063100436,59.042198215042646,59.47261660958861,6480400
2015-03-16,60.75559616088867,60.76387525812208,59.73748191460971,59.95269423697209,13635100
2015-03-17,60.581756591796875,60.70591144114732,60.20927309844807,60.54036743194729,10142500
2015-03-18,61.368099212646484,61.62469431769197,60.21755131472765,60.449315450265395,12886900
2015-03-19,61.72404479980469,61.80681683040442,61.26051637636524,61.36811938463479,9403900
2015-03-20,62.17061996459961,63.091974099456294,61.82200119269872,62.5856441214624,9544300
2015-03-23,61.996299743652344,62.328313944904124,61.755585014809334,61.979695233930784,4667800
2015-03-24,61.4567756652832,62.23702307819494,61.44847340927444,62.07100962184891,8467700
2015-03-25,60.3361930847168,61.938186029489565,60.31958857783574,61.63106597982876,15039100
2015-03-26,60.19508361816406,60.69311752942163,59.69705603967075,59.99587385331959,18253800
2015-03-27,60.6267204284668,60.859132907929606,60.261497199159464,60.36110526154286,8841600
2015-03-30,61.24094772338867,61.332253520888514,61.041737952827404,61.11643924200122,8008200
2015-03-31,60.1784782409668,61.56465684058514,60.1784782409668,61.00022396377312,8442900
2015-04-01,59.57255554199219,60.435806415642055,59.190734136241005,60.203393936729604,21829300
2015-04-02,59.755165100097656,60.02908251200429,59.46464951145345,59.630656609888746,7560100
2015-04-06,59.846473693847656,60.170191983822235,59.34844604256102,59.423147340509686,5746200
2015-04-07,59.987571716308594,60.435798437655436,59.93777085819147,59.995873970249534,5599300
2015-04-08,60.493900299072266,60.75951542481271,60.045673586991995,60.12038120538744,12577100
2015-04-09,60.950443267822266,61.05005133764567,60.42751514997192,60.51051870844197,8181400
2015-04-10,61.47334289550781,61.55635274827206,60.767803476350196,61.0085181172887,5084300
2015-04-13,61.1413459777832,61.78878248139785,61.11643921530504,61.51486508901799,6814800
2015-04-14,61.24094772338867,61.30735309116391,60.742920130603274,61.207745039501056,5878700
2015-04-15,61.39863967895508,61.69745740768851,61.28243348808791,61.581251216821336,6254600
2015-04-16,61.36545181274414,61.61446875769647,61.27414602177921,61.465059857277865,4439500
2015-04-17,60.834228515625,61.133046350559034,60.444104879307524,60.975335178575875,12115400
2015-04-20,61.2077522277832,61.37376566671803,61.050047376751586,61.14135318497445,6659500
2015-04-21,61.614463806152344,61.79706904064345,61.48995534368209,61.514855769623445,6577200
2015-04-22,61.714080810546875,61.846891558846195,61.398664782483536,61.755585752581666,6078200
2015-04-23,61.94648742675781,62.10419859225148,61.332253605896625,61.6227691743604,10532500
2015-04-24,61.74726104736328,62.02948061850657,61.48164598010282,61.82196864931049,10397200
2015-04-27,60.6267204284668,61.9547962630865,60.54371687619653,61.8966931432208,17847700
2015-04-28,60.9255485534668,61.03345255633172,59.929486760015585,60.801040037689624,15798400
2015-04-29,60.36940383911133,60.9338368260371,59.97097794661354,60.50220824810077,13661300
2015-04-30,59.52273941040039,60.4108904885953,59.207323460314804,60.112072711561176,14554400
2015-05-01,60.327877044677734,60.36107971808824,59.9211553777333,59.9294512965141,11508300
2015-05-04,60.70972442626953,60.95043916255544,60.419208824809004,60.560315497980525,8561700
2015-05-05,59.94607162475586,60.593508095271304,59.88796851413945,60.58520584153636,11373800
2015-05-06,59.71364974975586,60.13696963190772,59.2820212824174,60.103773287739926,10152200
2015-05-07,59.99586868286133,60.203380683747135,59.53934608057078,59.63064553481793,9019700
2015-05-08,60.967037200927734,61.133050639072955,60.56031535981094,60.61011622487194,11222400
2015-05-11,61.000205993652344,61.29072143302449,60.94210290577792,61.182817507761015,7980700
2015-05-12,60.61008834838867,60.85910522469325,60.32787513248823,60.56028750623265,7019800
2015-05-13,60.676513671875,61.124740397152145,60.568609700753655,60.80932440503755,6005800
2015-05-14,61.514854431152344,61.53975485655191,60.75121183267026,61.00022241942921,6894400
2015-05-15,61.63938903808594,61.71409034597261,61.44847514109887,61.622784525600444,3872300
2015-05-18,62.00456237792969,62.079269966039234,61.564638097960724,61.59784076681368,6792200
2015-05-19,62.29513168334961,62.452836564790594,61.929908380034156,62.08761959424154,5869200
2015-05-20,62.378108978271484,62.64372408713991,62.1290920431232,62.40300940523357,10577000
2015-05-21,62.38640594482422,62.45280496684181,62.153987203091496,62.361499187209034,4537900
2015-05-22,62.237022399902344,62.53583395253691,62.187215197158444,62.2785210139622,4612300
2015-05-26,61.606178283691406,62.11250819121499,61.48166978740828,62.0461028154953,9533800
2015-05-27,62.32001876831055,62.38642414246126,61.655977692333494,61.82199112771027,13043700
2015-05-28,62.361515045166016,62.53582439621843,62.06269720542909,62.31171418279813,5766400
2015-05-29,62.20382308959961,62.768256200168295,62.012909189698185,62.26192621865376,9839200
2015-06-01,62.45280838012695,62.69352305479086,62.037784389209214,62.560718670734225,7466700
2015-06-02,62.04609298706055,62.32830629001736,61.80537828778105,62.25360500373968,5722400
2015-06-03,62.162315368652344,62.31172431281021,61.98800598926247,62.25362118634692,5357600
2015-06-04,61.73067092895508,62.17889760082091,61.51485667966482,61.92988067219648,6479500
2015-06-05,61.705772399902344,61.74727733779666,61.207744808992516,61.647669286508936,7772200
2015-06-08,61.39863967895508,61.85516219085827,61.39863967895508,61.72235782962255,6736600
2015-06-09,61.38203048706055,61.597844681941034,61.14132220491003,61.597844681941034,8297500
2015-06-10,62.13740158081055,62.21210287045412,61.406961528982904,61.52316775693811,7728800
2015-06-11,62.56072998046875,62.66033170332635,62.228709461159156,62.618833096390574,4912000
2015-06-12,61.78877258300781,62.344903200071926,61.70576272024076,62.25359741723891,6330600
2015-06-15,61.86347579956055,61.987984264850965,61.08322866098664,61.39865095075751,7150200
2015-06-16,62.17061996459961,62.203822657080565,61.69749267908667,61.83029711624441,6041400
2015-06-17,62.22870635986328,62.38641752354753,61.83858274407447,62.24530453525745,5132100
2015-06-18,63.10852813720703,63.316040070491425,62.319985323831006,62.344885742583266,9511200
2015-06-19,63.059410095214844,63.30928482377619,63.01776854350683,63.167685755149655,10327400
2015-06-22,63.55083465576172,63.85068181630385,63.47586968833673,63.52584209690078,6635000
2015-06-23,63.67575454711914,63.84233980417962,63.450872393309744,63.64244385028485,4631600
2015-06-24,63.03443145751953,63.650781146134705,63.03443145751953,63.59247788308434,7294400
2015-06-25,63.384246826171875,63.68409397468208,63.05941347438227,63.22599875387608,9232500
2015-06-26,63.29262924194336,63.71741377975717,63.06774704814718,63.475869880003394,6147500
2015-06-29,61.74342346191406,63.06774953631823,61.71010640326335,62.74291615769779,13675900
2015-06-30,61.95996856689453,62.426394584002885,61.76007261021636,62.409739235353825,8722200
2015-07-01,62.626304626464844,62.684607885800915,62.25982336516459,62.60131842311777,7756500
2015-07-02,62.33477783203125,62.809541082384555,62.20984682359959,62.76789317652183,5678800
2015-07-06,62.30979919433594,62.70126668048532,61.7517527736706,61.7517527736706,9352600
2015-07-07,62.60964584350586,62.60964584350586,61.54352542041125,62.393094501337806,10653300
2015-07-08,61.535194396972656,62.301474009206466,61.51853904553622,62.10990251750328,13074900
2015-07-09,61.86835861206055,62.35977726621258,61.83504155461135,62.20152283197361,6654600
2015-07-10,62.70125961303711,62.77622457332484,62.284805969109314,62.642956357070354,8059500
2015-07-13,63.23432540893555,63.36759363707658,62.9761261601359,63.15103594363684,7815100
2015-07-14,63.867332458496094,63.950621918154624,63.1260454647518,63.26763818162915,5831800
2015-07-15,63.95063781738281,64.35043621955035,63.767397147830195,64.06724436081085,6994900
2015-07-16,64.25048065185547,64.34210098038808,64.0006058732066,64.18384653027182,5109200
2015-07-17,64.10888671875,64.19217619189286,63.85068744563332,64.17552083909607,3877900
2015-07-20,64.31708526611328,64.46700879360493,64.12551384309414,64.19214793410747,3874800
2015-07-21,64.03392028808594,64.45870485240489,63.74240396142757,64.29212590990849,8140200
2015-07-22,64.17552947998047,64.23383275448863,63.75907570361351,63.859020543010175,5765400
2015-07-23,63.942298889160156,64.42538671069529,63.825692360455704,64.29212482985274,5677400
2015-07-24,62.343101501464844,63.342593935812644,62.22649500397757,63.30094603474825,13229700
2015-07-27,62.28480529785156,62.409742660599086,61.95997196745495,62.193184988808596,11037000
2015-07-28,63.40922927856445,63.425890982817556,62.31812276938221,62.63462524983019,11445100
2015-07-29,63.51752471923828,63.80904105950757,63.25099458605212,63.68410366951227,9367000
2015-07-30,63.42588424682617,63.57580779629048,62.93446569680186,63.45920129721575,5381100
2015-07-31,63.79236602783203,64.07555780964492,63.62578711235031,63.66743501850989,7910300
2015-08-03,63.74242401123047,64.05060214182168,63.30931481176029,63.859030578571726,8447800
2015-08-04,63.70906448364258,64.09220100022713,63.50916855207174,64.0588903071129,10778700
2015-08-05,64.24214172363281,64.35042374624153,63.99227333096865,64.10054899899858,5391200
2015-08-06,62.84288787841797,64.35877974570397,62.78458458946781,64.3004764567538,13360200
2015-08-07,62.73462677001953,62.94285375828362,62.07662872455503,62.826247153222404,10863600
2015-08-10,63.242645263671875,63.5175061704791,62.94279815707813,62.94279815707813,7951100
2015-08-11,62.70960235595703,63.04276660518829,62.393099814206074,62.809553537100264,7914900
2015-08-12,62.7512321472168,62.817866255482485,61.55184997132612,62.234833694603566,9665900
2015-08-13,62.60964584350586,63.03443038396914,62.45972226184699,62.801217335739565,6329300
2015-08-14,62.78456497192383,62.81788203442544,62.30148345210034,62.43474534752685,5504000
2015-08-17,63.417545318603516,63.43420701896504,62.32643906426496,62.5763073784967,5796000
2015-08-18,63.325931549072266,63.667426541292066,63.22598675492205,63.35091774760983,5465900
2015-08-19,63.06775665283203,63.50086575500456,62.61798584216446,62.98446717409653,10070300
2015-08-20,61.60184097290039,62.84287142977017,61.60184097290039,62.60133383489867,12992900
2015-08-21,59.719459533691406,61.510211759452105,59.711135034779936,60.98548237196008,24008300
2015-08-24,57.1790885925293,59.19472277490758,47.167542259240086,56.12962359365178,33675700
2015-08-25,56.604393005371094,59.41961807110036,56.52110352618713,58.96985361259101,17883700
2015-08-26,58.994834899902344,59.0531381659258,56.77929808185195,58.17025196739699,26115600
2015-08-27,60.14423751831055,60.227526980369284,58.878221173113296,59.76110090917745,18689700
2015-08-28,59.802757263183594,60.16923221891345,59.3280002723644,59.84439882280451,10045600
2015-08-31,58.71165084838867,60.05263249919445,58.56172723666566,59.53623389015537,15143100
2015-09-01,57.170745849609375,58.10360413843626,56.904215817741296,57.17074584960938,21723600
2015-09-02,58.34516525268555,58.34516525268555,57.39565133577888,58.12027669866186,12491700
2015-09-03,57.92872619628906,59.00317140963906,57.79545792991904,58.678337953588,14080100
2015-09-04,57.20409393310547,57.695506364423416,56.78764013521,57.04583945643938,16587900
2015-09-08,58.80326461791992,58.88655409188905,57.90372304806244,58.253549006060034,11697400
2015-09-09,57.895389556884766,59.52788714053159,57.7454659851938,59.48623923272577,12424000
2015-09-10,58.453426361083984,58.894866151371495,57.73712567528925,57.92036627229407,17313700
2015-09-11,58.8282585144043,58.853251078983526,58.04532973125829,58.211908700970966,7633000
2015-09-14,58.64501953125,58.953191236197725,58.37848303355271,58.8449155499431,6232200
2015-09-15,59.486236572265625,59.62782928514713,58.7199633977064,58.93652107036993,8414600
2015-09-16,59.65282440185547,59.76110006554546,59.061460968634336,59.51122532831804,12003400
2015-09-17,60.19420623779297,61.018789019031864,59.594518334953186,59.594518334953186,19149000
2015-09-18,59.27556228637695,59.91086195357088,59.191964518617624,59.367508351206546,23716000
2015-09-21,58.489776611328125,59.82725769889624,58.096890146752166,59.68515172844495,23860100
2015-09-22,58.13031768798828,58.230631143415444,57.47829617174113,57.687277754005564,29234000
2015-09-23,58.07180404663086,58.61515744489742,57.7708700530559,58.18047217523942,9578700
2015-09-24,57.47829055786133,57.82101700294294,56.83462377589095,57.595319722290284,20064500
2015-09-25,55.90673828125,58.113582793824975,55.463698444820906,57.938039068689505,30973700
2015-09-28,53.74170684814453,55.67269471322468,53.273586935103815,55.555665532166,66470200
2015-09-29,54.23488998413086,55.15441391340938,53.56615284546837,53.88380250801224,31776000
2015-09-30,55.3633918762207,55.52221350839192,54.65284954463574,55.03737480940302,26565600
2015-10-01,55.92348098754883,55.96527348363593,54.96216429096754,55.49715671073905,19853100
2015-10-02,57.08541488647461,57.093775936244896,54.93708428360013,55.196219427967876,23741800
2015-10-05,57.23588943481445,57.6956451909531,56.675820201053625,57.578615989200486,18389800
2015-10-06,55.89002227783203,57.21914178030209,55.09589499520518,57.05195910320496,30431600
2015-10-07,56.78447723388672,57.06033446012669,55.6141790678845,56.29963842006107,27466100
2015-10-08,56.951637268066406,57.135542012307205,55.8983750780481,56.45844397906552,23182700
2015-10-09,57.21078872680664,57.45320807977232,56.792825644647294,57.0435996673766,13890000
2015-10-12,57.36126708984375,57.545165525343805,56.884789336604804,56.96001964508959,11074500
2015-10-13,56.64236831665039,57.837743190102174,56.58385373029729,57.10212395867856,17273300
2015-10-14,56.53369903564453,57.41142428960474,56.374877359512325,56.94330755555246,21786200
2015-10-15,57.795936584472656,57.795936584472656,56.16588305604589,56.2243976345635,22133300
2015-10-16,58.314205169677734,58.397796502217616,57.812650796828606,57.954756699907385,17657000
2015-10-19,58.52322006225586,58.68204177136554,57.80432271276938,58.121972508602255,15694700
2015-10-20,57.603668212890625,58.523185609068015,57.352887842292354,58.33928085431059,14802000
2015-10-21,57.08541488647461,58.15539966302671,56.14082034602741,57.92970234012776,36068300
2015-10-22,56.7426643371582,57.26094084218044,56.03212839055102,57.168988456166645,35524500
2015-10-23,57.95476150512695,58.255695429309824,57.09375859111889,57.327816892681035,26524200
2015-10-26,58.18047332763672,58.573359736897814,57.62040419757227,57.812670066346925,17831900
2015-10-27,59.25047302246094,59.25047302246094,58.33095507041252,58.33931612184953,25160900
2015-10-28,59.74363708496094,59.77707489298548,58.63185388418148,59.15848501094607,18158000
2015-10-29,60.01115417480469,61.02262430551416,59.760373715655035,60.086384485982386,22780700
2015-10-30,59.63494873046875,60.362206536062864,59.63494873046875,60.19502391247281,12427200
2015-11-02,60.90559387207031,60.947392740272534,59.63498225902066,59.97771512096559,18646600
2015-11-03,60.688255310058594,60.88052118803561,60.261931060709436,60.74676990290163,10428700
2015-11-04,60.420745849609375,60.92230030350081,60.052936273870564,60.905584585335816,11533000
2015-11-05,60.228477478027344,60.47925147905464,59.6600474803782,60.46253576336347,9172000
2015-11-06,59.97771072387695,60.03622530850311,59.28389037930154,59.86068155462465,12661100
2015-11-09,59.5179557800293,59.86904970705739,59.175229280155314,59.86904970705739,15625000
2015-11-10,59.91917037963867,60.05291521088157,59.41761610166263,59.534645220603416,9737400
2015-11-11,59.325679779052734,60.14488383311526,59.317318731836885,60.14488383311526,10580900
2015-11-12,58.297515869140625,59.25883267811762,58.297515869140625,59.166880247317266,10870800
2015-11-13,58.1553955078125,58.74890244684968,58.08016519809218,58.180472277719275,18196800
2015-11-16,58.88266372680664,58.88266372680664,58.02166046646734,58.03001513944773,12959800
2015-11-17,59.13344955444336,59.52633610115344,58.698770501717576,58.99970460653321,7882300
2015-11-18,60.28700256347656,60.35387181551327,59.166858088515106,59.166858088515106,12816300
2015-11-19,59.27556228637695,59.97773761673264,59.22540235019851,59.902507278886354,11128000
2015-11-20,59.78544616699219,60.07802547406743,59.58482564073301,59.58482564073301,9224500
2015-11-23,59.63494873046875,60.0027581554968,59.45940506241671,59.66838653070842,10362700
2015-11-24,59.81890106201172,59.877415664609806,59.233755036030885,59.26719286288884,7174700
2015-11-25,60.14491271972656,60.22851047681492,59.852339702757654,59.97772996077674,4594400
2015-11-27,60.261924743652344,60.37059924583479,60.10310308121988,60.30372361027815,2658000
2015-11-30,59.442718505859375,60.3622361418153,59.442718505859375,60.35387509325248,8846100
2015-12-01,60.44581604003906,60.49597594429917,59.61825096226465,59.752002203478,10659200
2015-12-02,59.935916900634766,60.696612942377044,59.84396449168544,60.51270812447839,9875100
2015-12-03,58.62350845336914,60.06130269336222,58.36437334416509,59.986072388475165,13191400
2015-12-04,60.002769470214844,60.09472184381131,58.74051937798022,58.882631650198974,14929800
2015-12-07,59.66842269897461,60.1866993504326,59.359134020095546,59.87740429394139,8511000
2015-12-08,59.80214309692383,59.96932573551297,59.21699110664412,59.21699110664412,7483600
2015-12-09,59.20030975341797,60.103111832042785,58.966251372503216,59.52632055220817,17593600
2015-12-10,59.64335250854492,60.05295469414049,59.14179790080974,59.20031249875197,9778500
2015-12-11,58.76561737060547,59.25044974403846,58.69038069245878,59.008030368516415,15178300
2015-12-14,59.1501579284668,59.22538824840044,58.238994773278584,58.99132986067877,21091500
2015-12-15,59.91917037963867,60.20338213203525,59.6015208250292,59.793780215742494,14006300
2015-12-16,60.69658279418945,60.78853515746575,59.57643872228223,60.42072570436057,15273700
2015-12-17,60.04457092285156,60.86377489704485,59.99441102205725,60.86377489704485,11469100
2015-12-18,59.17405700683594,59.9631584359754,59.16566694391654,59.88760303730357,15159800
2015-12-21,59.71131896972656,59.71131896972656,59.22443270354922,59.52664150579918,6707200
2015-12-22,60.11425018310547,60.19819562703799,59.57699165638512,59.92116989789651,7495800
2015-12-23,60.76063919067383,60.89495702918625,60.43324746508361,60.49200991827603,8091000
2015-12-24,60.81940460205078,61.01248490314683,60.533988788270165,60.559171783059355,2568300
2015-12-28,60.53398895263672,60.69348979290448,60.36609805050135,60.64311739856197,6534700
2015-12-29,61.27272033691406,61.41543465452198,60.811017135278874,60.93693211459816,7243100
2015-12-30,61.01247024536133,61.36504489696129,60.953707803428,61.205550500071304,8496500
2015-12-31,60.46683883666992,61.0712564197919,60.46683883666992,60.794230626756274,6591700
2016-01-04,59.37554168701172,59.60219510387701,58.771124035865554,59.40911475240514,19666300
2016-01-05,59.660953521728516,59.921186390935326,59.40072065252171,59.5434285869494,14540000
2016-01-06,59.17405700683594,59.58540065650082,58.76271976179923,58.813085757828325,14651700
2016-01-07,57.97360610961914,58.771103838163334,57.81411168761177,58.032368560806454,17850400
2016-01-08,57.10057067871094,58.468906662408266,56.99983868799915,58.31780227171249,17022800
2016-01-11,56.42060470581055,57.37759705522838,55.623113216171745,57.352414057290254,28563800
2016-01-12,57.142547607421875,57.469939392198775,56.210738249325104,56.87391828646062,13727000
2016-01-13,55.446834564208984,57.52031404496882,55.38807209154987,57.25168468358011,16202500
2016-01-14,56.93267822265625,57.30204592431487,55.245346972821494,55.58953167748119,23342300
2016-01-15,56.13519287109375,56.39542574123698,55.33769491979024,55.488799322854064,17882300
2016-01-19,56.12677764892578,56.95784838577081,55.51396377331182,56.74798158523029,13495200
2016-01-20,56.23590850830078,56.781563494197584,54.44784559613689,55.13620847545426,24665600
2016-01-21,56.06803894042969,56.66406013776774,55.539176684810364,56.37864424240692,17102800
2016-01-22,56.9578742980957,57.108978719413145,56.58851291625372,56.857142286970344,11343800
2016-01-25,56.42898941040039,57.167718282648764,56.35343402770778,56.78996058306618,10131900
2016-01-26,56.85713577270508,56.96626424046423,56.02605834836311,56.46258502865703,12449700
2016-01-27,56.21074295043945,57.352419261164485,55.816192201267434,56.75639810557886,15924700
2016-01-28,54.901187896728516,56.51296431531056,54.60737548781463,56.47938483934467,26127300
2016-01-29,55.79939270019531,55.82457569456528,54.62413719412112,54.7836380313006,17578200
2016-02-01,55.88332748413086,56.16874964331374,55.12780577408917,55.42161799337593,16705700
2016-02-02,55.07746505737305,55.6399067643583,54.90957411352428,55.488802353042814,12968700
2016-02-03,55.43843078613281,55.49719325104444,54.204412618360195,55.23696039281126,19453100
2016-02-04,55.13622283935547,55.757426964323,54.64093370925212,55.27053430208674,18958100
2016-02-05,54.06169891357422,54.985111722647346,53.784673149463984,54.83400734264428,16744000
2016-02-08,53.32297134399414,53.683942593766766,52.68497430621801,53.4572860042132,24652800
2016-02-09,53.717506408691406,54.25476169072311,52.617803246957706,52.67656569353836,20741700
2016-02-10,54.19601821899414,55.03548569527164,54.02812728559007,54.07010322125537,14728500
2016-02-11,53.32297134399414,53.75109832271925,52.92002736333695,53.22223614940837,22801100
2016-02-12,54.03651428222656,54.06169727736028,53.16346749136859,53.616777415344245,10316000
2016-02-16,55.05228042602539,55.077463426394075,54.431069861996775,54.61575373753886,17303000
2016-02-17,55.749019622802734,55.81617213104159,55.06065037287306,55.48038397134153,12140000
2016-02-18,55.404850006103516,56.04284704189393,55.270532143988405,55.81618725073173,9722100
2016-02-19,55.34609603881836,55.50559692340814,55.001911267783385,55.136229150517764,8875100
2016-02-22,56.13519287109375,56.143582934587734,55.707062661641494,55.799404597104306,7515700
2016-02-23,55.715450286865234,56.277891873867965,55.656687828590734,55.98407958249547,8211900
2016-02-24,55.90013122558594,55.97568662217335,54.80882744575049,55.39645206530588,11118600
2016-02-25,56.59689712524414,56.63047659368826,55.87495456526741,56.151980376459846,9496400
2016-02-26,56.49613571166992,57.08376009194271,56.44576333291411,56.85710680373046,10365700
2016-02-29,55.59791946411133,56.4709597786952,55.572730066417336,56.328251881563894,11091700
2016-03-01,56.78995895385742,56.80674548029263,55.53915458406835,55.90851580728276,14549100
2016-03-02,56.88231658935547,56.89910312043232,56.538131858309974,56.65565678973321,10923700
2016-03-03,56.72279739379883,56.78995630566124,56.202325433804646,56.739583919451256,10815000
2016-03-04,56.588504791259766,56.949469652137395,56.32826552241589,56.7228162550189,9855700
2016-03-07,57.04181671142578,57.234897063426565,56.21074564113774,56.219142109823615,11082400
2016-03-08,56.345062255859375,56.89071102023172,56.269506848641896,56.70603354569446,8204200
2016-03-09,56.44578170776367,56.689228003018954,56.05962750293278,56.49615410291725,13032500
2016-03-10,56.479373931884766,57.10897457423716,56.0428536378905,56.722820282149826,11287700
2016-03-11,57.579078674316406,57.58747514347626,56.798379967444404,56.84034950398484,10618300
2016-03-14,57.335628509521484,57.5622818994773,57.19291417771258,57.369201570928944,6140900
2016-03-15,56.44578170776367,57.07538220784985,56.277890802925015,56.957857293537295,15226500
2016-03-16,56.31148147583008,56.63887328868489,55.86656472526476,56.3366644761068,16881300
2016-03-17,55.65669250488281,56.26950013485837,55.11943386848172,56.26110366736294,20920400
2016-03-18,56.311309814453125,56.51350946171838,55.65417702985747,55.755276853490095,19524800
2016-03-21,56.639862060546875,56.757808598138865,56.26916926948392,56.36184246724966,12183600
2016-03-22,57.20431137084961,57.381231146192896,56.45450575875531,56.45450575875531,13200200
2016-03-23,56.799930572509766,57.26329657670675,56.749383891180806,57.16219678644438,9105100
2016-03-24,56.774662017822266,56.98528177792032,56.33657574496451,56.54719550506256,8492800
2016-03-28,56.61458969116211,56.985282530664925,56.53034307153103,56.92630925416266,7156300
2016-03-29,57.27172088623047,57.32226756554725,56.319715575069885,56.51348855845785,10455600
2016-03-30,57.2801399230957,57.70980597166497,57.17904656644697,57.55815950908782,7607700
2016-03-31,57.10321807861328,57.53288411181218,57.07794474035519,57.195891270628806,8602700
2016-04-01,57.7519416809082,57.962561444255634,56.75781614080412,56.86733610380695,9120200
2016-04-04,58.442745208740234,58.65336486743565,57.878279638459084,57.88670622453543,17381200
2016-04-05,57.68453598022461,58.02994901482724,57.54973626006446,57.76035600211137,16555000
2016-04-06,59.234703063964844,59.25997640837722,57.701391369428414,57.701391369428414,24546600
2016-04-07,58.58599090576172,59.209423571081174,58.28269794909717,58.81345740945776,19216700
2016-04-08,58.42591857910156,58.97353122600688,58.08050552427517,58.948257883898215,12883800
2016-04-11,57.979408264160156,58.56914103117225,57.853035120484684,58.400647791341676,8695500
2016-04-12,58.4511833190918,58.57755643864189,57.962550445824014,57.97097060688452,13510500
2016-04-13,58.998783111572266,59.032483031329505,58.4090505848267,58.72076359427687,9706200
2016-04-14,59.03251647949219,59.22628952098863,58.81347009075841,58.98196978501752,6655200
2016-04-15,58.99038314819336,59.17572957670726,58.59442337444729,59.17572957670726,7945300
2016-04-18,59.53797149658203,59.605371338953915,58.72919267092764,58.821865847288294,11505400
2016-04-19,59.74860382080078,60.068749925980406,59.42003755424577,59.639083874483816,6655000
2016-04-20,60.068748474121094,60.35518821645952,59.71490244918006,59.76545555423103,10763400
2016-04-21,60.422607421875,60.55740074743612,60.02664118145406,60.10246122190606,12463100
2016-04-22,60.54896545410156,60.75115860572392,60.18669924249244,60.45629225385706,12052800
2016-04-25,60.313072204589844,60.506845214558446,60.119305622226314,60.32149879483328,8937500
2016-04-26,60.085601806640625,60.43102128064766,59.90868198858994,60.43102128064766,7433500
2016-04-27,60.0181884765625,60.27093468998008,59.76544869074812,60.12771483525828,9121200
2016-04-28,59.731754302978516,60.31306036354849,59.4031880516465,59.67278103806261,19512000
2016-04-29,58.79660415649414,59.31051680804249,58.44276455537678,59.19257027433671,13577900
2016-05-02,59.13361358642578,59.15888693250504,58.661820891724894,58.906140616500785,9074800
2016-05-03,58.948265075683594,59.31053135451605,58.72079211374394,58.92299173049154,9436800
2016-05-04,58.38380432128906,58.67867072137528,58.22373123512564,58.5775709152291,11802000
2016-05-05,58.628108978271484,58.71236201813282,58.26584918832758,58.39221589291056,10145200
2016-05-06,58.28268814086914,58.58598104649339,57.802475444898036,58.417481416922335,14164300
2016-05-09,58.948265075683594,59.1336115105661,58.25743245414327,58.282705799335325,13606600
2016-05-10,59.44532012939453,59.45374671968323,59.024080601430896,59.18415367889071,11073000
2016-05-11,58.7292366027832,59.504316087042604,58.720810009282594,59.35266954206946,8452500
2016-05-12,58.38380432128906,59.032510401478746,58.04681139507391,58.855590561427015,11322900
2016-05-13,58.248992919921875,58.69550572604511,58.198446240769556,58.31639277719441,11947300
2016-05-16,59.04092788696289,59.16730101825505,58.23214884533929,58.25742218607683,8338100
2016-05-17,58.42591857910156,59.08305118434601,58.215298824722964,58.93140470408923,14920000
2016-05-18,58.670249938964844,58.96511636824275,58.27428369353191,58.33325697938749,11515200
2016-05-19,58.17316818237305,58.602827775523465,57.80247542504769,58.333234795906016,8765700
2016-05-20,58.712364196777344,58.914557359217426,58.36694471782098,58.3922180596754,7925700
2016-05-23,58.4764518737793,58.73761822386828,58.42589877908915,58.62809187504183,5061400
2016-05-24,59.3189582824707,59.41162507283285,58.6955191020319,58.77134556564446,11936400
2016-05-25,59.68960189819336,59.80754837686771,59.470555683111996,59.47898226804617,8949200
2016-05-26,59.69807052612305,59.8160170878625,59.50429750177649,59.71491728025488,5257700
2016-05-27,59.96765899658203,60.102452302138566,59.655939434349655,59.655939434349655,9641300
2016-05-31,60.11086654663086,60.25408641299637,59.84970015177566,60.15299306149306,7669800
2016-06-01,60.32994842529297,60.46474178264064,59.87500879248047,59.92555549803491,9301700
2016-06-02,61.10499572753906,61.10499572753906,60.20354353008825,60.279369976096554,12473100
2016-06-03,60.902809143066406,61.121855488053136,60.41416976871324,60.919655895324695,13896000
2016-06-06,61.23136520385742,61.34088514422769,60.75957908828856,60.9112255436648,9117600
2016-06-07,60.85225296020508,61.037592916535694,60.70060650313179,60.97861965142963,6439100
2016-06-08,61.06285858154297,61.17237849784814,60.66689256686698,60.80168581558086,4621300
2016-06-09,60.96177673339844,61.35774286439968,60.784856926960394,60.92807680441916,9608500
2016-06-10,60.47312545776367,60.64162506937192,60.195105919312276,60.60792514705027,10270900
2016-06-13,59.9929313659668,60.709037260851474,59.976084613397546,60.25409781022233,8538400
2016-06-14,60.085601806640625,60.11087514813292,59.596962445774174,59.84970871590638,8000500
2016-06-15,59.67277145385742,60.37203035955315,59.622218358046254,60.24565726142939,7861100
2016-06-16,59.883426666259766,59.98452006264833,59.201014102604006,59.49588698235489,9341200
2016-06-17,59.26168441772461,59.997594066699094,59.04176273700278,59.97221898457578,10799100
2016-06-20,59.63387680053711,60.05681209699482,59.55775154484535,59.76921919307421,7983700
2016-06-21,59.43086242675781,59.896087324110376,59.29552005070491,59.836876647957155,7014900
2016-06-22,59.60003662109375,60.26827511254873,59.380108476866546,59.43086509690666,11207600
2016-06-23,60.37822723388672,60.38668774491761,59.84533120156341,60.1244699842714,7626900
2016-06-24,58.62726974487305,59.54927174839332,58.40734810843713,58.66110533205051,22576500
2016-06-27,57.84062194824219,58.432735165022116,57.5953187310236,58.229721600336575,18241500
2016-06-28,58.965633392333984,59.01638355860766,58.2381842261717,58.24664473837729,13652400
2016-06-29,60.09064483642578,60.259816365568646,59.380110216369374,59.380110216369374,8968400
2016-06-30,60.657386779785156,60.691222382011695,59.91302289124509,60.20907634387573,9535200
2016-07-01,61.03803634643555,61.18183282493212,60.59817994299915,60.79273305480403,6793100
2016-07-05,60.978782653808594,61.22408579842885,60.674275303859716,60.674275303859716,8359800
2016-07-06,61.66393280029297,61.7908146084978,60.818062683563234,60.885733841736055,18791500
2016-07-07,61.570919036865234,62.0446044868906,61.29178020232305,62.03614397428865,8022400
2016-07-08,62.332210540771484,62.34912511431509,61.5455505746344,61.87543961332276,11013200
2016-07-11,62.163028717041016,62.679010300398645,62.10381803305639,62.518299274429275,7375100
2016-07-12,62.46754837036133,62.560594661355005,62.24762018678708,62.29837681590799,10237200
2016-07-13,62.44215774536133,62.746671630391525,62.382947070687656,62.662085874211925,6401900
2016-07-14,62.71284866333008,63.15270500958844,62.48446643031653,62.856645123134186,4813200
2016-07-15,62.66208267211914,63.12730753407328,62.58595097801223,62.94967551912942,7131300
2016-07-18,62.68746566772461,62.8058870259733,62.45907701004499,62.67900515542684,3954300
2016-07-19,62.5521240234375,62.91584861477585,62.36603792504958,62.763591659018395,6634700
2016-07-20,63.11887741088867,63.22883828465206,62.75515273184773,62.83973851577969,6855000
2016-07-21,63.304927825927734,63.431809656956574,63.05963112701079,63.118841787693846,9230800
2016-07-22,63.431827545166016,63.507959246644184,63.11039907559553,63.2964916197868,5446500
2016-07-25,63.36417770385742,63.49951366104926,62.97507149991271,63.44876348378749,5868400
2016-07-26,63.25419998168945,63.347246260358446,63.00044268362151,63.11886404674927,6904200
2016-07-27,63.541805267333984,63.643305614652675,63.00890262998733,63.12732400417973,7983100
2016-07-28,63.48258972167969,63.64330074379477,63.1696152832781,63.44029361121339,5470100
2016-07-29,63.60944747924805,63.72786881148691,63.21189383729107,63.364150757809405,4889200
2016-08-01,64.01551055908203,64.28618899143297,63.66870038921963,63.66870038921963,9255100
2016-08-02,63.770164489746094,64.06621781839127,63.38106490731552,64.06621781839127,12149300
2016-08-03,63.592552185058594,63.77018423725243,63.46567030392569,63.727888125714614,9761200
2016-08-04,63.499488830566406,63.73633150314949,63.414903083712275,63.63483118831606,8415500
2016-08-05,63.651763916015625,63.77864579923538,63.29649980578485,63.77864579923538,8244400
2016-08-08,63.11038589477539,63.60099223545486,62.8904578018021,63.60099223545486,6655500
2016-08-09,63.262638092041016,63.48256616860413,63.08500611025165,63.44873058348073,11261100
2016-08-10,63.05117416381836,63.23726666599749,62.88199622843807,63.23726666599749,7031600
2016-08-11,63.414920806884766,63.482592004672306,63.101946357227824,63.22036772661572,6599800
2016-08-12,63.25419998168945,63.32187117589968,63.02581776808027,63.296496091440915,6211900
2016-08-15,63.36417770385742,63.507974175086666,63.25421038181513,63.25421038181513,4122500
2016-08-16,62.79742431640625,63.27957024482858,62.79742431640625,63.27111618630663,6042300
2016-08-17,62.924320220947266,62.975070397320486,62.535220477296406,62.66210237171068,7296300
2016-08-18,62.94967269897461,63.085015058666116,62.75512612376671,62.915837109051736,4180100
2016-08-19,62.89893341064453,62.94122951872721,62.62825509796344,62.82280170679171,4323500
2016-08-22,63.025787353515625,63.26262996547722,62.856609449630795,62.92428061118473,4090200
2016-08-23,63.08502197265625,63.4402860255643,63.05118637902506,63.24573297555487,8557900
2016-08-24,62.0953483581543,63.19497599183768,61.943091429985344,63.05964008539801,8670400
2016-08-25,61.570919036865234,62.17994687460084,61.300240714924996,61.92618312438426,8766500
2016-08-26,61.80776596069336,62.12919447312057,61.43558082268661,61.63859441804339,9974300
2016-08-29,61.94309997558594,62.09535692476008,61.680875730437236,61.83313267961139,7372100
2016-08-30,61.731632232666016,62.01922510640796,61.579375283779164,62.01922510640796,5497900
2016-08-31,61.5455436706543,61.723175713600234,61.30870094672638,61.64704400749186,4756800
2016-09-01,61.384822845458984,61.62166555644647,61.10568402744664,61.54554030797758,9501400
2016-09-02,61.45249938964844,61.6385919512042,61.283321400288465,61.51171007255433,8052300
2016-09-06,61.67242431640625,61.80776024731993,61.460956680901056,61.55399650332166,8735800
2016-09-07,61.67242431640625,61.892346010825996,61.49478582351941,61.621667695518546,7561600
2016-09-08,61.723209381103516,61.77395957720446,61.418695297530356,61.47790601080937,4822200
2016-09-09,60.48819351196289,61.37635355108009,60.471272490182216,61.37635355108009,14135500
2016-09-12,61.384822845458984,61.54554030797758,60.13293164719386,60.14985267139574,13023400
2016-09-13,60.5643196105957,61.00417583444161,60.24289118046141,61.00417583444161,12194200
2016-09-14,60.5643196105957,60.96187973286753,60.31901641911992,60.538944531042866,13108500
2016-09-15,61.190284729003906,61.35946274493207,60.31058486010321,60.45438133353107,9613600
2016-09-16,61.231895446777344,61.316808719005785,60.99413569315074,61.129995633022766,8691000
2016-09-19,61.0111083984375,61.51210765756077,60.93468840618816,61.38473452534525,9919700
2016-09-20,61.19789505004883,61.427161406316486,61.17242173029285,61.2743214877806,5286600
2016-09-21,61.80929946899414,61.92817931638278,61.028087192307154,61.40170679332896,8485900
2016-09-22,62.27634048461914,62.386733568215625,62.03009394075165,62.064054066585726,6501900
2016-09-23,62.081024169921875,62.33577039549625,62.07253090147856,62.18292395584475,5420400
2016-09-26,61.359256744384766,61.90270935585374,61.21489708316164,61.851756219583045,5534100
2016-09-27,61.79230880737305,61.80080207546702,61.1469629584697,61.28282285564632,7839000
2016-09-28,61.698909759521484,61.860242985096335,61.37623035144086,61.85174971686646,6522600
2016-09-29,60.612003326416016,61.698915005972324,60.43368354921833,61.622488542335596,8857900
2016-09-30,61.231895446777344,61.40172199123423,60.70542279341314,60.739389397998,7453500
2016-10-03,61.18092727661133,61.18092727661133,60.70540145801804,60.960147663638196,9187900
2016-10-04,61.062034606933594,61.36772091957432,60.7563418158291,61.112981245963084,10594600
2016-10-05,61.29981231689453,61.43567222055402,61.129979339238076,61.22338585733271,12842100
2016-10-06,61.07053756713867,61.15545081416244,60.70540477431753,61.09601089339926,9308900
2016-10-07,61.02809524536133,61.31680163326877,60.67144917766785,61.01110870579816,9920400
2016-10-10,61.30830764770508,61.49512070991901,61.13848112485599,61.13848112485599,11039500
2016-10-11,59.77134704589844,61.01109861176566,59.50811403241992,61.01109861176566,12499700
2016-10-12,59.49112319946289,60.04306899168991,59.43168328205168,59.80530932204507,11746400
2016-10-13,59.516605377197266,59.73738502262138,58.94767944328327,59.142985760094234,13623100
2016-10-14,59.117523193359375,59.81382237556098,59.100536652214295,59.652482627018955,8382400
2016-10-17,58.922203063964844,59.14298269795806,58.794829949027765,59.02410285160765,8463000
2016-10-18,59.62699890136719,59.75437202388641,59.32130599870749,59.46565918094509,5495800
2016-10-19,59.40621566772461,59.75436841636054,59.38923560903137,59.703415283349344,5296700
2016-10-20,59.68645477294922,59.8732678720879,59.37226851726435,59.48266160955604,6876000
2016-10-21,59.193931579589844,59.38074462473056,59.04108513160798,59.38074462473056,5511600
2016-10-24,59.08354949951172,59.51660906973541,59.08354949951172,59.457169139794914,7384700
2016-10-25,58.9137077331543,59.193927280513876,58.83728775394651,59.015607517230194,7922100
2016-10-26,58.55707550048828,58.91371507147886,58.319315786494556,58.82030854405757,8073700
2016-10-27,58.82880401611328,59.23639673998269,58.67595755447058,59.00712380828535,6974700
2016-10-28,57.55507278442383,58.285338329051605,57.30033305765968,58.12399863384206,18469300
2016-10-31,57.19843673706055,57.54658299488707,57.17296341069099,57.53809620507422,12689000
2016-11-01,56.892757415771484,57.393750229619314,56.451204537099954,57.23241696469338,14908700
2016-11-02,56.595550537109375,57.22391641164068,56.59555053710938,56.782363589164525,17942900
2016-11-03,56.06059265136719,57.020131376761235,56.00964598575941,56.78237163263543,22074200
2016-11-04,56.45119857788086,56.91822473968861,56.15399245490659,56.21343238380817,21382600
2016-11-07,57.894752502441406,58.04759898340167,57.02862676264484,57.062586888665,17367800
2016-11-08,58.05608367919922,58.446689855412,57.444697845660464,57.52111783561959,15943900
2016-11-09,60.10251235961914,60.77333802518104,58.05607524686173,58.05607524686173,49750100
2016-11-10,60.76483917236328,61.20639838229979,60.340266497366976,61.08751855157801,28378900
2016-11-11,59.85627746582031,60.595036543329165,59.593044376825546,60.595036543329165,15866100
2016-11-14,59.669464111328125,60.18744349465078,59.55058423434922,60.119516763853845,17406200
2016-11-15,59.83930206298828,59.89874200637333,59.287356029573935,59.89874200637333,10371600
2016-11-16,59.58450698852539,59.975112936632804,59.50808704319385,59.686406727430104,7585000
2016-11-17,59.82229995727539,59.83928649580519,59.4571671204799,59.60152678411813,12856200
2016-11-18,59.185420989990234,60.03456623506019,59.151460881235835,59.87323304385248,12185000
2016-11-21,59.39773941040039,59.45717935054868,59.24489292452371,59.31282613568392,6791800
2016-11-22,58.54009246826172,59.372251424992214,58.14099304926269,59.372251424992214,14522100
2016-11-23,58.769371032714844,58.77786430338417,57.563585736363855,57.563585736363855,13676000
2016-11-25,58.99864196777344,59.04958863310718,58.769369016837366,58.939202032061694,4009300
2016-11-28,58.55707550048828,58.89673501125059,58.46366897306698,58.88824174190329,6507200
2016-11-29,58.93919372558594,59.109020238409,58.68444747788514,58.69294074706615,7093900
2016-11-30,58.37874221801758,58.99862116772977,58.35326889433136,58.98163463296242,8640700
2016-12-01,57.95418930053711,58.59104852361993,57.7843627657685,58.44669532121991,11360700
2016-12-02,58.09005355834961,58.31932001963748,57.86078061859495,58.05608695696126,7964500
2016-12-05,57.988128662109375,58.41270127804651,57.8013156745428,58.32778805055188,5832100
2016-12-06,58.149478912353516,58.16645896955718,57.81830625146298,58.157965701722766,5490800
2016-12-07,57.64847946166992,57.69093932215301,56.867267265116205,57.69093932215301,12758900
2016-12-08,57.75886154174805,57.818301454727354,57.13898908903021,57.4701552439813,7586600
2016-12-09,58.46366882324219,58.574061889075175,57.96267606696307,57.96267606696307,12100200
2016-12-12,58.743873596191406,58.82878683264223,58.35326752574587,58.46365408528548,15018100
2016-12-13,59.21939468383789,59.304307922842085,58.786335221377016,58.95616169938541,11041400
2016-12-14,58.9137077331543,59.52509348067865,58.70991464346802,59.21091381709262,11682200
2016-12-15,59.29583740234375,59.35527733380118,58.93919781359913,59.15148420858521,8210100
2016-12-16,59.34274673461914,59.59008002622687,59.1721686851204,59.42803250592488,8257100
2016-12-19,59.095401763916016,59.64976892817398,59.01864003009028,59.385374630425304,9318300
2016-12-20,59.05275344848633,59.25744705985797,58.91629754779096,59.120984652276874,4885000
2016-12-21,58.72014617919922,59.112465918940174,58.61780585998064,59.08688083913553,5432300
2016-12-22,58.796905517578125,58.81396006778711,58.40458579390393,58.64338853815024,4458400
2016-12-23,59.24040603637695,59.27452164980771,58.81397062882438,58.81397062882438,4188700
2016-12-27,59.359806060791016,59.70095568034195,59.30010536538618,59.31716642515201,5141200
2016-12-28,58.90777587890625,59.48772818456529,58.89924535042821,59.419496970514416,4558800
2016-12-29,59.01011276245117,59.197745316049684,58.91629648565192,58.941881559890696,5539200
2016-12-30,58.796905517578125,59.078347890790276,58.60927293084552,59.0186472047287,6649000
2017-01-03,59.564476013183594,59.58153706801808,59.03570043726092,59.112455663358375,11792900
2017-01-04,60.0335578918457,60.195605379623224,59.65829276515499,59.65829276515499,9174500
2017-01-05,60.34060287475586,60.357657425965726,59.93122206996039,59.982398737364285,5979300
2017-01-06,60.51116180419922,60.68173981518609,60.144427214184674,60.357644847753924,5769300
2017-01-09,60.76701736450195,60.869364157278625,60.40028282399167,60.51115363600271,5751900
2017-01-10,60.98025894165039,61.32993907427213,60.732925642039575,60.86938808605415,10320500
2017-01-11,60.36617660522461,61.27021730777819,59.74358474637066,61.056999669863785,23742000
2017-01-12,60.425872802734375,60.45998840309717,59.922682337875294,60.06766875925312,9358900
2017-01-13,60.485591888427734,60.690285552913174,60.34060542291611,60.477067865906406,5279000
2017-01-17,60.17853927612305,60.28088607669418,59.68387934057606,60.110314582627694,6038200
2017-01-18,60.10181427001953,60.43443340548203,59.98241286277088,60.2979709361186,6174200
2017-01-19,59.71798324584961,60.22118017133545,59.624173487082594,60.084717782429166,6470700
2017-01-20,59.564476013183594,60.016502869894715,59.51330586245196,59.71799297226441,7006900
2017-01-23,59.31715774536133,59.649776786357705,59.09540954906813,59.487729276733425,10003700
2017-01-24,58.90777587890625,59.30009559936873,58.634857529589446,59.25745597075196,8703500
2017-01-25,59.462135314941406,59.4877203901365,58.924822708300965,58.958938310856375,6553800
2017-01-26,59.00157928466797,59.43654504563083,58.99304875805312,59.3341982469086,6612500
2017-01-27,59.48771667480469,59.530362802056935,59.12098210384588,59.13803665061551,7264900
2017-01-30,59.197757720947266,59.46214555266461,58.95042444000102,59.342744176606004,7281900
2017-01-31,60.14444351196289,60.14444351196289,58.83955228202491,58.88219842304921,14342500
2017-02-01,60.66468048095703,60.66468048095703,60.025027562110175,60.144428919744044,19490500
2017-02-02,60.647621154785156,60.68173675526222,60.17853978183228,60.36617233101343,14539400
2017-02-03,60.91202163696289,60.97172232353568,60.553817517526134,60.84379042176918,15104800
2017-02-06,60.98025894165039,60.98025894165039,60.68175547897785,60.80115686404687,11561600
2017-02-07,61.03995132446289,61.26169951235497,60.835264193193744,61.02289677472654,11278000
2017-02-08,60.94614028930664,61.01437150790905,60.545290013626435,60.71586806013245,6812900
2017-02-09,61.167884826660156,61.3469868845812,60.88643594697563,60.937606104413995,7869200
2017-02-10,61.287269592285156,61.42372547744247,61.11669810911726,61.26168452049847,4440300
2017-02-13,61.662574768066406,61.696683881376124,61.347010161393136,61.347010161393136,6465200
2017-02-14,62.148685455322266,62.148685455322266,61.551672107262924,61.59431824172665,10403000
2017-02-15,62.82244110107422,62.94184244472226,61.95250958948398,62.012210261308,10091700
2017-02-16,62.737152099609375,62.89919957733402,62.31071684823762,62.83949890241739,11332600
2017-02-17,62.82244110107422,62.85655019335776,62.49834616241365,62.49834616241365,12118400
2017-02-21,63.10392379760742,63.30861752363669,62.81395077940004,62.81395077940004,10651800
2017-02-22,63.01008605957031,63.23183426732077,62.9589158988922,63.027147117721135,6634300
2017-02-23,63.47062683105469,63.58150417056328,63.00155191744934,63.078307146137334,8685600
2017-02-24,63.777671813964844,63.81178742381248,63.34270592201657,63.36829750956773,9103000
2017-02-27,64.08472442626953,64.11884004603517,63.68387402763458,63.820336506697174,8178200
2017-02-28,63.95676803588867,64.1614616762528,63.76913545233155,63.905597879240965,10258600
2017-03-01,64.5964126586914,64.75846014294554,64.1529228424246,64.34055540169027,15196600
2017-03-02,64.39173889160156,64.72435794943105,64.3832083625352,64.49408571973646,7889300
2017-03-03,64.64759826660156,64.69876842370957,64.27233309611164,64.29791817466564,6635300
2017-03-06,64.4002685546875,64.60495570131775,64.16998982120228,64.55378554138196,5886900
2017-03-07,63.948246002197266,64.27233451585141,63.74355235547026,63.87148425795292,12330600
2017-03-08,64.2040786743164,64.42582678644074,63.897044828877895,63.939690948977166,8130000
2017-03-09,64.55380249023438,64.63908828148183,64.15295211379363,64.19559175597297,8451400
2017-03-10,64.80110931396484,64.89491909111479,64.5623000865819,64.82669439017721,10455800
2017-03-13,64.74990844726562,64.8607857452481,64.49405127391066,64.8607857452481,6898500
2017-03-14,64.51112365722656,64.7840419550803,64.44289245604176,64.5708243315419,7296300
2017-03-15,65.32137298583984,65.45783544035724,64.60496462028745,64.60496462028745,11044900
2017-03-16,64.69023895263672,65.1593204234166,64.44290567776068,65.1593204234166,12129400
2017-03-17,64.33417510986328,64.65087720538133,64.29993580998698,64.53104292105364,10401000
2017-03-20,64.239990234375,64.4454194122285,64.11159454928813,64.35126301186318,4728300
2017-03-21,63.734962463378906,64.53100779335622,61.911764818161586,64.30845573054665,16650400
2017-03-22,63.75210952758789,63.91473801200131,63.43540095397838,63.829143041708306,9954300
2017-03-23,63.555240631103516,64.00033843282003,63.435406356392214,63.67507490581482,13250500
2017-03-24,63.589481353759766,63.87195066354507,63.32413495816175,63.589481353759766,9229500
2017-03-27,63.76066589355469,63.871945234879114,63.01598245165871,63.13581671887134,6946300
2017-03-28,63.803462982177734,63.88905794949052,63.435398745303104,63.63226651707477,7392300
2017-03-29,63.82057571411133,63.974649258655184,63.67506362495241,63.82913716949627,4357800
2017-03-30,63.82916259765625,63.9575583576724,63.57237107762394,63.743567601138686,7137400
2017-03-31,63.649391174316406,63.82058111363661,63.58091258639729,63.675069012166674,5895400
2017-04-03,63.700740814208984,64.01744935546776,63.452510854380805,63.71786372480512,12354800
2017-04-04,63.66650390625,63.75210540148041,63.48675252112511,63.68362681748696,5228600
2017-04-05,63.469642639160156,64.12873111877025,63.42684188716249,63.75211192919785,6470100
2017-04-06,63.580909729003906,63.700743987238084,63.29844046439021,63.486753307466,5253300
2017-04-07,63.692195892333984,63.854824385676466,63.4525208196856,63.62371730014873,5638200
2017-04-10,63.57236099243164,63.889069612831186,63.512443851326715,63.6750788902452,4530000
2017-04-11,63.48674774169922,63.63225982387291,63.135806453487575,63.46963136222802,5472600
2017-04-12,63.48674774169922,63.589465609956555,63.229962866770954,63.418269162860994,3782200
2017-04-13,63.32412338256836,63.62370902129864,63.32412338256836,63.40971834642313,6671100
2017-04-17,63.555240631103516,63.57235701442877,63.19573780696961,63.24709348742355,6149900
2017-04-18,62.86188507080078,63.20426482997745,62.62221662718699,63.20426482997745,7519500
2017-04-19,63.05020523071289,63.22995658444617,62.938925918537954,63.06732160848346,5023100
2017-04-20,63.443973541259766,63.57236275398606,62.8875963410236,63.17862059717493,7307300
2017-04-21,63.06734085083008,63.39260437151992,62.9218287387171,63.33268723532763,6763000
2017-04-24,63.692195892333984,63.84626292903381,63.60659438686342,63.67507297904867,5450000
2017-04-25,63.966094970703125,64.1458463527147,63.76922067775116,63.94897205976273,9035700
2017-04-26,64.31706237792969,64.5738539024201,64.14587238192257,64.19722807462877,6240400
2017-04-27,64.4540023803711,64.75358805858974,64.20577238113907,64.33416810908363,6962800
2017-04-28,64.62519073486328,64.65943003016822,64.40263858062002,64.50535646653488,5781100
2017-05-01,64.77069091796875,64.8990866191056,64.62517883756941,64.73645162896715,7182000
2017-05-02,64.95044708251953,64.9675699935228,64.45399368153579,64.83061282740513,5243800
2017-05-03,64.63375091552734,64.80494085819521,64.48823228073418,64.7535851814904,8094100
2017-05-04,65.06171417236328,65.06171417236328,64.76212859093918,64.85627846183598,4275400
2017-05-05,65.02749633789062,65.22436412899185,64.76214995402462,65.20724774603967,5720100
2017-05-08,64.62519073486328,65.02749429159914,64.53103430539413,64.97613861388064,6558500
2017-05-09,64.70222473144531,64.82206553114061,64.58239046222789,64.65943050985503,3830200
2017-05-10,64.51390838623047,64.60806480178098,64.24855551946227,64.59950334660088,4314900
2017-05-11,64.54815673828125,64.57383457694955,64.22288670054196,64.41119955807991,6791600
2017-05-12,64.43685150146484,64.61660283038397,64.394057297708,64.52244643945369,2638000
2017-05-15,64.85628509521484,64.89052438380466,64.41118740450041,64.47110452691344,7320800
2017-05-16,64.60807800292969,64.84774655312823,64.42832005980257,64.7878294155786,5471700
2017-05-17,63.76066589355469,64.26568733150317,63.76066589355469,64.08593593068422,11434000
2017-05-18,64.04312896728516,64.41119318958759,63.726420417241656,63.726420417241656,10690500
2017-05-19,64.2228775024414,64.42830671284372,64.06880396202045,64.15439892214835,9209800
2017-05-22,64.39407348632812,64.4711069907417,64.0260092830174,64.1629599121338,4999100
2017-05-23,64.60807800292969,64.74502866140962,64.42832005980257,64.47968227090098,4216100
2017-05-24,64.77069091796875,64.82205311670947,64.48822168156299,64.6422952168319,5186400
2017-05-25,65.0788345336914,65.20723022801216,64.76213255557332,64.91619955218668,4479400
2017-05-26,64.95902252197266,65.2158139984851,64.8905439241722,65.02750111977312,4507400
2017-05-30,64.86485290527344,65.02748790939046,64.75358010431174,64.75358010431174,4651200
2017-05-31,65.12163543701172,65.26714751004768,64.93332262227045,64.9932397423721,5884400
2017-06-01,65.84064483642578,65.8920070356552,65.16443356578269,65.23291214443744,9149900
2017-06-02,66.26862335205078,66.3542183065075,65.96903774621404,66.02895486738139,4833000
2017-06-05,66.080322265625,66.33711370506144,65.92624870805867,66.26863511714804,5558900
2017-06-06,65.91768646240234,66.15735496300694,65.80640713678102,65.95192575255683,4316500
2017-06-07,66.09745788574219,66.16593648682128,65.88346715522916,66.00330144187815,4415700
2017-06-08,65.90912628173828,66.21727336861053,65.73793635813234,66.05463836985102,6304400
2017-06-09,66.35424041748047,66.55967621320491,65.90914258770138,65.9947375706806,13419000
2017-06-12,66.26862335205078,66.54253112459816,65.95192136751326,66.30286263992876,7700600
2017-06-13,66.40560913085938,66.49120412221589,66.17449547066963,66.32856906730305,5592500
2017-06-14,66.72230529785156,66.91061818031903,66.49119818876427,66.5168760308319,6782300
2017-06-15,66.65381622314453,66.70517189417693,66.28575200963273,66.4655033887231,8186000
2017-06-16,66.7638168334961,66.90131130494133,66.41147536692479,66.73803702987573,14165200
2017-06-19,67.45990753173828,67.52006260103882,66.82398157678826,66.85835683873297,8294400
2017-06-20,67.683349609375,68.05287551336126,67.42553839955708,67.4513182092566,7697200
2017-06-21,68.54271697998047,68.56849679171592,67.77788530190661,67.82084946932837,9481200
2017-06-22,69.25596618652344,69.67705820051854,68.62863572715993,68.65441553283098,12341100
2017-06-23,69.1528549194336,69.29894487264984,68.89504372024278,69.17003927305444,8779600
2017-06-26,69.08407592773438,69.35047591576648,68.98095017926624,69.35047591576648,7434400
2017-06-27,68.45674896240234,69.17001411544331,68.4395580586228,69.08407926577186,8428000
2017-06-28,68.81767272949219,68.98954241251323,68.645796490063,68.68017173794884,8674200
2017-06-29,68.19036102294922,68.80050714553477,67.76927555510494,68.74035207869987,8445800
2017-06-30,68.0958251953125,68.45676212357868,68.0958251953125,68.45676212357868,7817400
2017-07-03,68.21612548828125,68.5340916594222,68.20753659238677,68.3278466990003,5904200
2017-07-05,68.62004852294922,68.705983404321,68.07005741447641,68.31067770488187,8955500
2017-07-06,67.7348861694336,68.4567533773279,67.6403558617759,68.32784781630293,6367700
2017-07-07,68.07865905761719,68.15599849095828,67.80366347838478,67.97553325675062,4371400
2017-07-10,67.94974517822266,68.1302103904732,67.77787542076813,68.10443058249612,3580000
2017-07-11,67.87239074707031,68.05285591941832,67.52864475175573,67.90675944583319,4117500
2017-07-12,68.33643341064453,68.55986926853183,68.1903435081989,68.20753441225654,8808200
2017-07-13,68.39659881591797,68.61143925429903,67.93254923865555,68.39659881591797,9437700
2017-07-14,68.86062622070312,69.00672264072182,68.40516573038052,68.54266670065526,5750000
2017-07-17,68.61144256591797,68.99815930751518,68.5942582148384,68.94659969786629,5743700
2017-07-18,68.66300964355469,68.73176016160606,68.19895348132329,68.52550860745194,8042700
2017-07-19,69.22158813476562,69.22158813476562,68.95518154718577,68.95518154718577,8177900
2017-07-20,69.67705535888672,69.78877003104202,69.27315426941816,69.38486894157346,8276800
2017-07-21,69.5997085571289,69.7028343307857,69.47939843273431,69.53096459776775,4043600
2017-07-24,69.57392120361328,69.64267171192462,69.27314592526281,69.5395459494576,4476800
2017-07-25,69.07547760009766,69.78874924538401,68.97235841233164,69.73718965150101,8486000
2017-07-26,68.84346771240234,68.98955763083684,68.65440708552966,68.92080711989958,4964100
2017-07-27,68.37083435058594,68.91223657286619,68.08724989117536,68.91223657286619,12536800
2017-07-28,68.7145767211914,68.80051159988916,68.10443055910315,68.39661045795768,6426100
2017-07-31,68.65440368652344,68.9379946127922,68.64580823397944,68.8004935977252,5516800
2017-08-01,68.49972534179688,68.9036264194315,68.41379047677907,68.9036264194315,8678800
2017-08-02,68.34504699707031,68.49113693827886,68.10442672768903,68.49113693827886,7718500
2017-08-03,68.45674896240234,68.59424341059491,68.1559671539391,68.3794030082119,8003600
2017-08-04,68.30207824707031,68.77472329975211,68.21613682257347,68.77472329975211,3930100
2017-08-07,68.44816589355469,68.45676134699947,68.173170391011,68.23332545230461,4583300
2017-08-08,68.13018035888672,68.48252172969171,67.99268592481245,68.3622116412237,4423300
2017-08-09,68.20752716064453,68.27627110033987,67.84659033430523,67.96690042428227,4886500
2017-08-10,67.35679626464844,68.06147289538079,67.34820736461904,68.00131781311383,7054700
2017-08-11,67.5457992553711,67.88094964970074,67.39111395364921,67.39111395364921,8318600
2017-08-14,68.00128936767578,68.11301058544647,67.83801510205703,67.83801510205703,3955800
2017-08-15,68.00128936767578,68.22472524680768,67.9841050183931,68.0872307833177,4653800
2017-08-16,68.19036102294922,68.31926661085558,68.03567562874369,68.11302160405172,3756900
2017-08-17,67.3395767211914,68.26768883955359,67.31379692174949,67.97550248092453,7133400
2017-08-18,67.03023529052734,67.4856960966807,66.98726456841747,67.09039036763417,8434600
2017-08-21,67.33100891113281,67.41694379668832,66.87554811691832,66.97007845795282,10269000
2017-08-22,68.14736938476562,68.22470877247669,67.30519223226698,67.34816292971173,5455500
2017-08-23,67.63176727294922,67.93254913133542,67.6059874694098,67.91535822470257,5662500
2017-08-24,67.82942962646484,67.92395995244814,67.5716184544358,67.70052404045032,5502800
2017-08-25,67.84660339355469,68.23332009126676,67.79504378975686,67.97550895945871,5476500
2017-08-28,68.20752716064453,68.3192417995066,68.01846657456399,68.03565092038578,7432800
2017-08-29,68.33643341064453,68.40518391405737,67.86378845160121,67.92394350298522,4243500
2017-08-30,68.68878173828125,68.86065145770674,68.24191653392926,68.259100883308,3667900
2017-08-31,69.85752868652344,69.9262792111259,68.86066574902038,68.86066574902038,6987200
2017-09-01,69.80593872070312,70.10671393955275,69.53953219280086,69.96062405559836,6471600
2017-09-05,69.50516510009766,69.92625701229952,69.18720549846995,69.51376055204697,8076900
2017-09-06,69.84033966064453,69.90909018710107,69.4364450696372,69.74581588228061,8791000
2017-09-07,70.61373901367188,70.76842435936132,69.81453248701119,69.83172339009252,7251000
2017-09-08,70.93171691894531,71.0520270348312,70.39032139745883,70.51063151334472,4302600
2017-09-11,71.4817123413086,71.49889669190033,71.09500216709965,71.24968754806522,6286200
2017-09-12,71.63638305664062,71.6449785083818,71.3613876086009,71.49888205441643,6984800
2017-09-13,71.3699722290039,71.67934288064859,71.23247124764731,71.5504373497287,5873800
2017-09-14,71.46453857421875,71.57625326063433,71.08641724110299,71.17235211960814,6373800
2017-09-15,71.23596954345703,71.64135753386714,71.15834541621079,71.64135753386714,7091300
2017-09-18,71.21871185302734,71.50334677374575,71.10658593602265,71.31359015993348,7783100
2017-09-19,70.65807342529297,71.33946922537906,70.5804493042869,71.25321800852363,7329200
2017-09-20,70.72706604003906,70.80469014898237,70.21817933329064,70.68393714804054,5101800
2017-09-21,70.36479949951172,70.76156025732475,70.33029770571785,70.68392957615247,4527900
2017-09-22,70.36479949951172,70.45967778730878,70.00254053549256,70.26992121171466,6473300
2017-09-25,70.15778350830078,70.5890460277682,70.05428471517664,70.26991597491035,12439300
2017-09-26,70.04566955566406,70.55456283721674,70.01979485297484,70.35617914902453,4579400
2017-09-27,70.019775390625,70.22677953514581,69.71789297558567,70.22677953514581,5384700
2017-09-28,70.0801773071289,70.31305623166335,69.85591889719336,69.9594242972895,4229000
2017-09-29,70.49419403076172,70.52868925108199,69.91629709193947,70.08880609626911,6902700
2017-10-02,71.21009826660156,71.21872536356025,70.623580703801,70.7012114153355,8764900
2017-10-03,71.19283294677734,71.41709134809969,70.91682513766725,71.31358595197894,5141700
2017-10-04,71.537841796875,71.56371649984425,71.22733220015414,71.29633579510211,3291100
2017-10-05,71.5895767211914,71.59820381395102,71.26181958230698,71.53782732572115,7709600
2017-10-06,71.4947280883789,71.77073594624214,71.3826021581848,71.4602262835777,4035900
2017-10-09,71.04621124267578,71.5033485982266,70.93407874226428,71.48609440714215,4558800
2017-10-10,71.21009826660156,71.21009826660156,70.82196445056971,71.07209761799683,4037700
2017-10-11,71.34809112548828,71.42571524084158,71.14970741867616,71.16696160911837,4031600
2017-10-12,71.27045440673828,71.43433629936237,71.18420320345271,71.32221039314562,4731600
2017-10-13,71.08931732177734,71.18419560943325,70.91681493360898,71.0375679214357,5909600
2017-10-16,70.77880859375,71.3135765322525,70.6494350913694,71.03756875959994,10219700
2017-10-17,71.72760009765625,71.91735011745597,70.92545138381799,70.92545138381799,8437800
2017-10-18,71.83110046386719,72.21924076765234,71.74484925654114,71.90873115684234,6938700
2017-10-19,72.2709732055664,72.28822081076348,71.64132703690113,71.74483240971486,6410400
2017-10-20,72.34860229492188,72.40897878809584,72.09846922875995,72.29685289521396,6343800
2017-10-23,72.16748809814453,72.71950374707538,72.13298629751816,72.44349592260996,7159600
2017-10-24,71.6844711303711,72.18473733429919,71.27045613181626,72.17611023959832,7145500
2017-10-25,71.5809555053711,71.78796626533547,71.30494773929614,71.61545729869849,6819100
2017-10-26,70.86508178710938,71.27909024588949,70.43381913722837,71.07208601649943,13466900
2017-10-27,70.84782409667969,70.92545479170774,70.58044337273463,70.61494517268649,6122000
2017-10-30,70.08879089355469,70.65805403300152,69.9335361136066,70.61493172668185,5884000
2017-10-31,69.95944213867188,70.26132474025792,69.83868909803746,70.04569337047543,6548600
2017-11-01,70.13192749023438,70.42518950346775,69.94217087823846,70.08017807988843,7427800
2017-11-02,69.81279754638672,70.27856198243137,69.65754273437183,70.26130779190439,10200300
2017-11-03,70.39068603515625,70.43381492978632,69.73516500394257,69.73516500394257,6862700
2017-11-06,70.17504119873047,70.35617067628715,70.12329179958402,70.2785465775675,4853200
2017-11-07,70.32167053222656,70.42517591349055,70.07153746291347,70.29579583204664,4439800
2017-11-08,70.48555755615234,70.56318166236228,70.15779378181317,70.24405156277281,6186200
2017-11-09,70.49419403076172,70.56319105194792,70.06293139075608,70.31305793107917,7086400
2017-11-10,70.03705596923828,70.32169091480682,69.59717277759185,70.32169091480682,4826300
2017-11-13,70.10604858398438,70.24405577736431,69.60578237879987,69.80416607414723,4704000
2017-11-14,69.82141876220703,69.95079887027619,69.50228862025486,69.87317475376209,7430100
2017-11-15,69.62303161621094,69.83866290512113,69.38152562551866,69.56265511853786,4952300
2017-11-16,70.34754943847656,70.43380721829271,69.72653027485056,69.72653027485056,4780500
2017-11-17,70.07154846191406,70.29580686624865,69.95942255001943,70.02842614836013,6129800
2017-11-20,69.77828979492188,70.12330119003613,69.66615730769635,70.06292468943201,4898500
2017-11-21,70.39068603515625,70.55456793809603,70.13192582846665,70.15780053302653,7974500
2017-11-22,70.36479949951172,70.65805487594314,70.25266702454557,70.39067419972105,4853100
2017-11-24,70.52869415283203,70.55457544068948,70.30444230243646,70.45969712685053,1650600
2017-11-27,70.58906555175781,70.7098251447095,70.46831253935177,70.5286890455548,4241400
2017-11-28,71.10658264160156,71.16695914496766,70.5718146256837,70.7615712307044,8290400
2017-11-29,71.460205078125,71.71896524707506,71.1669496951564,71.1669496951564,8144600
2017-11-30,71.9949951171875,72.21062646397168,71.46885410459039,71.68448545137457,10639600
2017-12-01,71.84835052490234,72.1502330234685,70.87369285454527,71.96047642992836,15315400
2017-12-04,70.96856689453125,72.27960878187338,70.96856689453125,72.26235459410742,9770300
2017-12-05,70.84782409667969,71.3653379348666,70.7874475919003,71.01170600131465,13240800
2017-12-06,70.78746032714844,71.12384471151553,70.47695065226395,70.8909657456255,8533000
2017-12-07,70.8046875,70.94269468479605,70.52867971095267,70.74431100178792,3979200
2017-12-08,71.59820556640625,71.60682607883317,70.95993229744671,71.01168827472743,8444100
2017-12-11,71.90010070800781,71.94322959993164,71.54646221975838,71.65859470654235,6588600
2017-12-12,72.18472290039062,72.29684878690088,71.92596275546686,71.92596275546686,6068600
2017-12-13,72.43489074707031,72.64189501411933,72.15025576703603,72.17613047784879,8459800
2017-12-14,71.70172119140625,72.59012772071497,71.63272417307506,72.49524941739604,6772100
2017-12-15,72.49061584472656,72.51659398365386,71.97103324562697,71.97103324562697,8012200
2017-12-18,72.51658630371094,72.91493314106167,72.47329161236767,72.7244246068204,5655400
2017-12-19,72.43000030517578,72.88031008384492,72.39536058321266,72.62917705475087,4777100
2017-12-20,72.19617462158203,72.69843396286865,72.18751304127623,72.58585984629319,4686700
2017-12-21,72.03163146972656,72.46461795208683,71.97967520603514,72.42131666111104,4304200
2017-12-22,71.79784393310547,72.01433724139704,71.62464532236135,71.92773463259925,7023600
2017-12-26,71.81515502929688,71.91041260624905,71.65927959490702,71.73721400867647,2504100
2017-12-27,71.9364013671875,72.12691654922568,71.85846694190928,71.8671219179278,4053300
2017-12-28,72.040283203125,72.17017384460064,71.81512841315305,72.06626133142012,5380600
2017-12-29,71.59867858886719,72.27413676124807,71.52073754990266,72.16156260146876,4877200
2018-01-02,72.4040298461914,72.43866957182918,71.76321143902285,71.86712400908407,6708900
2018-01-03,73.0968017578125,73.14875803617063,72.18752724543747,72.39535896572129,7606500
2018-01-04,73.20073699951172,73.46918666335662,73.01888336205035,73.33063434251365,7762500
2018-01-05,73.82422637939453,73.89350583143614,73.29598211956858,73.4345410236518,7579300
2018-01-08,73.55577850341797,73.83288971129542,73.18340969844024,73.73763211419514,5167300
2018-01-09,74.42176818847656,74.57764369004849,73.71167014950528,73.78094301153986,6962900
2018-01-10,74.29185485839844,74.30917141846943,73.73763244019328,74.17061911734433,10835800
2018-01-11,74.61225891113281,74.62957546923876,74.21390539932798,74.42174373770919,4247800
2018-01-12,75.18379974365234,75.27039575009577,74.69019523938786,74.75081310458343,5391700
2018-01-16,75.55615997314453,76.16233855654968,75.4349242564635,75.6514175515155,8920000
2018-01-17,76.28358459472656,76.44812163542097,75.71204565402019,75.90256083653962,7214600
2018-01-18,76.30089569091797,76.37883010406506,75.85924752919847,76.29223410939578,7954800
2018-01-19,76.58668518066406,76.61266332406514,76.20565479250877,76.59534015722953,4802400
2018-01-22,77.08892822265625,77.13222952363616,76.4221317927818,76.56069067043676,11152500
2018-01-23,76.71658325195312,77.2275110129452,76.64731039852701,77.08029711499186,7637600
2018-01-24,76.94174194335938,77.22751477579494,76.67329228026412,77.09761743315575,8291100
2018-01-25,77.59986114501953,77.67779556390475,77.01966067048045,77.31408839540427,6339300
2018-01-26,79.27120208740234,79.28851864756984,77.93760232152289,77.95491888169039,9784400
2018-01-29,79.05470275878906,79.48768940555195,79.04604117593527,79.06336434164285,12643800
2018-01-30,77.39202117919922,78.03283944691046,77.26212388803933,77.49593372664658,14270600
2018-01-31,76.29225158691406,78.01553672096232,76.02380195988586,77.79038840461394,15858400
2018-02-01,76.31822204589844,76.66461267590087,75.80730098695494,75.99781616379886,12848700
2018-02-02,75.24441528320312,76.36152157029576,75.22709872519037,75.69472507375369,10539200
2018-02-05,71.91041564941406,75.33100716230385,71.33021518840714,74.87204242130281,34979800
2018-02-06,72.70712280273438,73.01887374212583,70.49023310648617,70.5248728338466,33313400
2018-02-07,72.62051391601562,73.6423625680456,72.24814517145764,72.49927819516896,17338000
2018-02-08,70.10054016113281,72.83701912315995,70.03992229080195,72.6032026184178,20252500
2018-02-09,71.0964126586914,71.70259798438688,68.896839496693,70.74136701104125,35535700
2018-02-12,71.76318359375,72.31740577520303,70.9145271620472,71.55534532056795,13389200
2018-02-13,71.81515502929688,71.97969204527809,70.90588056088093,71.34752872612734,8415200
2018-02-14,72.62918853759766,72.75907925693112,71.28692717843063,71.35620663331011,10110800
2018-02-15,73.43453979492188,73.46051793728975,72.38670626916871,73.12278887280313,9519100
2018-02-16,73.9627914428711,74.48237416274804,73.07083328897325,73.07083328897325,9323000
2018-02-20,73.14875030517578,73.85018641628187,72.94091860685742,73.60771500043535,8872100
2018-02-21,72.84567260742188,74.11864774283728,72.83701102495124,73.14010034290729,9417400
2018-02-22,72.73310089111328,73.59907425390685,72.55990886129555,73.0794915576012,6316100
2018-02-23,73.89347839355469,73.91945652671113,72.8456518461965,73.16605763092561,5498500
2018-02-26,74.82875061035156,74.91534661271585,74.02339523534577,74.02339523534577,6266100
2018-02-27,74.04936981201172,75.07987342220513,74.04936981201172,74.82874700948865,7460700
2018-02-28,72.86300659179688,74.38712173541445,72.8456900295657,74.29186412601003,6279000
2018-03-01,71.70260620117188,73.10547899892899,71.1570386848412,72.73311014129585,12720300
2018-03-02,72.43000030517578,72.58587575058411,71.30423246535439,71.31289404755802,11206000
2018-03-05,73.08817291259766,73.30466631186077,71.94508802876258,72.1009635405062,11028800
2018-03-06,72.98421478271484,73.37390665769279,72.62050765154932,73.25266434045358,9573300
2018-03-07,73.35658264160156,73.43452365843054,72.3347340896092,72.36071222626866,6868200
2018-03-08,73.85018920898438,73.91080706523832,73.43452579662902,73.5557615091369,6403000
2018-03-09,74.91535186767578,74.94133000952216,74.0234004277395,74.30051161885419,8253100
2018-03-12,74.59493255615234,75.05389730512638,74.50833655562256,74.94132316512281,5760200
2018-03-13,74.690185546875,75.20976812496133,74.52564853118814,74.88070070043854,6400700
2018-03-14,74.32647705078125,75.12317076314388,74.0840056258753,74.94997877588273,9416400
2018-03-15,74.20524597167969,74.80276298983502,74.10998839068294,74.58626968881539,5883100
2018-03-16,74.20525360107422,74.6050000463669,74.19656158724544,74.19656158724544,7067700
2018-03-19,73.00601196289062,74.16179782324001,72.41508101238394,74.06621219439356,7190200
2018-03-20,73.11029815673828,73.37100555336255,72.69317427821687,73.17112899860868,5534400
2018-03-21,72.79743194580078,73.63169273392083,72.73660112063189,73.23193973416791,5498700
2018-03-22,70.70310974121094,72.14567218947228,70.5814480876249,72.09353337509621,14648500
2018-03-23,69.2344741821289,70.92036663888514,69.18233536554902,70.77263557186673,11049000
2018-03-26,70.66836547851562,70.76395774812158,69.21711066550078,70.01660362032835,9183500
2018-03-27,69.83409881591797,71.1289302900803,69.43435240879614,70.92036838855225,10948400
2018-03-28,70.20777130126953,70.88560241021335,69.9383785861926,70.03396420278209,10146800
2018-03-29,70.73786926269531,71.25058527046968,70.1034849745368,70.58144619370162,6914900
2018-04-02,69.13021087646484,70.80741166804287,68.42630355643334,70.44241998614841,11364900
2018-04-03,70.18171691894531,70.3120706132021,69.07806315497744,69.5038856648872,8590700
2018-04-04,71.18108367919922,71.3809535900266,69.33876789165404,69.33876789165404,9085800
2018-04-05,71.12892150878906,71.49390644891942,70.85952880965417,71.43307562556436,8031300
2018-04-06,69.41697692871094,70.88561569333662,68.7912911470987,70.53800806128707,12171800
2018-04-09,70.10347747802734,71.07677720658204,69.59076152508021,69.79063137349412,6952600
2018-04-10,71.28536224365234,71.56344702364578,70.55539218244363,70.79871553617987,8097800
2018-04-11,70.70310974121094,71.18107097320097,70.60751749481294,70.75524855558699,6205800
2018-04-12,71.18108367919922,71.51999929326657,71.03334596199075,71.08549141573776,5096900
2018-04-13,71.14631652832031,71.58082437088473,70.76394750524331,71.51999353812825,7837000
2018-04-16,71.711181640625,71.97188903534777,71.50261970288545,71.66773482821418,7217200
2018-04-17,72.2673568725586,72.42377335118192,71.88498780019658,72.25866485816917,6500900
2018-04-18,72.32816314697266,72.58017180809202,71.98055562016847,72.4498247868448,4704500
2018-04-19,71.7198715209961,72.2673557076098,71.45917076409533,72.19783285374389,5833600
2018-04-20,71.3375015258789,71.88498570536355,71.10287018471703,71.78070142592263,5250500
2018-04-23,71.61558532714844,71.84152463016366,71.3461859580711,71.52867845515115,9257300
2018-04-24,71.0767593383789,71.89363580930993,70.53796748711756,71.84149038495539,8904800
2018-04-25,71.39832305908203,71.4330778477411,70.49454606250423,70.98988467667967,8068800
2018-04-26,72.3021011352539,72.58018588461782,71.6068925768758,71.6068925768758,9463300
2018-04-27,72.59756469726562,72.7105343394975,72.09353405334569,72.24995712800833,6663300
2018-04-30,71.48523712158203,72.95386922386217,71.47654510770421,72.91042241460104,7241000
2018-05-01,71.45047760009766,71.6503475141656,70.85085459776552,71.39833877556936,8498000
2018-05-02,70.46847534179688,71.1289290872072,70.31205889084349,71.07679027022274,11594300
2018-05-03,69.83409881591797,70.1556369962405,68.92162972287984,70.14694498324171,13524100
2018-05-04,70.3902587890625,70.62489006779857,69.35612817412174,69.62552750015195,7889500
2018-05-07,70.28598022460938,70.89429513029307,70.10348774192316,70.61621040000031,5886700
2018-05-08,69.75589752197266,70.17302803619643,69.33877363781349,70.11219719350386,9522300
2018-05-09,70.1556396484375,70.45979381426083,69.50387788021742,69.88624027579665,11340200
2018-05-10,71.09416961669922,71.40701578731692,70.41633845704867,70.45109987934657,7845500
2018-05-11,72.15435791015625,72.29340357645168,71.02464170678623,71.15498873136033,10434000
2018-05-14,72.63232421875,72.93647834762662,72.13698560027585,72.28471665857839,11837600
2018-05-15,71.69379425048828,72.24127174703277,71.45916293198736,72.154371504257,8806800
2018-05-16,72.09354400634766,72.34555936310005,71.65034412860629,71.65903614230501,7013600
2018-05-17,72.1196060180664,72.24126767711101,71.71116760696098,72.02401376737947,6610400
2018-05-18,72.3021011352539,72.44983883809053,71.92842413172768,72.1717540887266,5838900
2018-05-21,72.37162780761719,72.78006625517284,72.26735016488043,72.64102055810548,6406500
2018-05-22,72.23258972167969,72.6062667500438,72.11961343376208,72.51935987316445,5770200
2018-05-23,72.46720886230469,72.49327826895815,71.84151658237064,71.92841681456977,8360500
2018-05-24,72.18045043945312,72.5454421153795,71.85891883574519,72.4237738033611,7166500
2018-05-25,72.07618713378906,72.52807252384646,71.95452542761724,72.20653422606907,6853300
2018-05-29,71.3375015258789,71.73725461537038,70.88561624176324,71.60690092358526,18236800
2018-05-30,72.40638732910156,72.57150243251401,71.74593354551536,71.82414840557625,13167700
2018-05-31,71.61558532714844,72.32817791910728,71.58950928751116,72.26734708674725,11543500
2018-06-01,72.44114685058594,72.46721625990061,71.82414651990601,71.90235474785005,8037800
2018-06-04,72.71052551269531,72.81480975983165,72.29340178427425,72.52803305275333,7230800
2018-06-05,72.56279754638672,72.89302106456577,72.21519000458316,72.7365980022573,5444400
2018-06-06,73.37969970703125,73.45790795025968,72.51936925113033,72.8148380845887,7218900
2018-06-07,73.47527313232422,73.6664509989751,73.11897354661873,73.59693478840342,7405600
2018-06-08,73.90109252929688,73.95323134728176,73.32753901120991,73.44920067321684,6247100
2018-06-11,74.04013061523438,74.39643021362221,73.73597646421017,73.90978357198345,7074400
2018-06-12,73.99667358398438,74.11833522757958,73.66644343988683,74.11833522757958,6829200
2018-06-13,74.01405334472656,74.49201455275448,73.91846110312098,74.12702961029454,10379200
2018-06-14,74.39644622802734,74.43989967184017,73.9532462953823,74.16180823954157,9379800
2018-06-15,74.54122924804688,74.57611945921465,73.96555740034688,74.30572864094854,9349300
2018-06-18,73.82600402832031,74.08767731125147,73.52072296798596,74.08767731125147,7342600
2018-06-19,74.01788330078125,74.04404929334773,73.20670425808636,73.32009244408339,6431700
2018-06-20,74.17489624023438,74.34934065138818,73.95683739897827,74.11384003086778,5900800
2018-06-21,73.74749755859375,74.11383478888277,73.57304650515096,74.10511057255381,7423400
2018-06-22,74.07894897460938,74.36678823890216,73.8259999230758,74.01789276593766,9829800
2018-06-25,73.39861297607422,74.08767976630718,72.8403828316424,73.79984047647032,9925100
2018-06-26,73.17179870605469,73.51196984734047,73.0758523170125,73.45963787318124,5560100
2018-06-27,72.55252075195312,73.54686830029685,72.50018877192224,73.17180691594783,7420500
2018-06-28,72.64847564697266,72.83164425312589,71.77624038645618,72.2821384346662,9026900
2018-06-29,72.79678344726562,73.44223593745492,72.74445143997801,72.87528811282668,6479300
2018-07-02,73.02352905273438,73.06713681819325,72.15129388804262,72.39551866941612,9364700
2018-07-03,73.19799041748047,73.53816167831438,73.00609757195822,73.28521262327394,3023100
2018-07-05,73.95682525634766,74.03532323209032,73.3637050393276,73.53814942184017,7458600
2018-07-06,75.02093505859375,75.15177164099293,74.22719800543034,74.31442017548812,9822500
2018-07-09,75.57046508789062,75.71874349026584,75.29135006092609,75.31751605491851,7874400
2018-07-10,75.85829162597656,75.89318183033195,75.51812045179402,75.71873080855498,6122900
2018-07-11,75.25645446777344,75.52684525919089,75.20412248353179,75.44834728282842,6434500
2018-07-12,76.09380340576172,76.14614204732423,75.58791200458897,75.63151977549286,4461600
2018-07-13,76.23336791992188,76.39908810475136,75.88447246273098,75.9280868903651,6048700
2018-07-16,75.77108001708984,76.29441984620652,75.66640938941572,76.29441984620652,5388500
2018-07-17,76.18975067138672,76.30314551718608,75.71002525830984,75.74490881357276,5849300
2018-07-18,76.25080871582031,76.2682571485001,75.98041790092894,76.20720094337537,7575700
2018-07-19,75.82339477539062,76.22462210836939,75.49194784500612,76.06761952984505,5204000
2018-07-20,75.67513275146484,75.78852093919545,75.45707393724122,75.6140765496673,4822600
2018-07-23,75.83212280273438,75.92806919746995,75.54428361852764,75.63150579884386,3824600
2018-07-24,76.52120208740234,76.65203205235812,76.18102421463661,76.23336285524583,6467100
2018-07-25,77.49810028076172,77.51554871227377,76.39908200744117,76.47758663999176,9285900
2018-07-26,77.28003692626953,77.5504343617962,77.11431676440797,77.36725911482189,5763000
2018-07-27,76.7218017578125,77.31492191642967,76.44268678050007,77.31492191642967,5742900
2018-07-30,76.76542663574219,76.91370503194291,76.53864360620605,76.66075600950393,5531200
2018-07-31,77.56787109375,77.67254170598241,76.93113651493168,77.04453134183994,6719100
2018-08-01,77.58531188964844,77.87315107868665,77.52425569693966,77.52425569693966,5733000
2018-08-02,77.87315368652344,78.03888049569399,77.21897731932533,77.25386752413102,5666200
2018-08-03,78.3354263305664,78.39648251680543,77.82953506799664,77.93419901319201,5884800
2018-08-06,78.4749984741211,78.6494428444133,78.01271490368319,78.29182988892643,4751100
2018-08-07,78.48373413085938,78.74540072444503,78.37906350064883,78.48373413085938,5170300
2018-08-08,78.6058349609375,78.7192231359943,78.3179957612247,78.49244013125455,5020400
2018-08-09,78.51862335205078,78.83262861071327,78.44012536469897,78.6145697730103,5680300
2018-08-10,78.17842864990234,78.64071883706724,77.90803790172856,78.23076728040014,5389500
2018-08-13,78.20460510253906,78.57965982072962,78.0039880942124,78.2656612955731,6563900
2018-08-14,78.57096862792969,78.71052283542858,78.239514907692,78.31801955629552,5497700
2018-08-15,78.44010925292969,78.53605565418161,77.94293547127259,78.32672107628026,6840600
2018-08-16,79.20767211914062,79.31234273317223,78.57094418400354,78.66689058320931,6916700
2018-08-17,79.451904296875,79.69613575236147,78.96345469515549,79.1466232958003,5455300
2018-08-20,79.71358489990234,79.8618633063314,79.59147248818107,79.63508691577896,8144900
2018-08-21,79.71358489990234,79.94909216152718,79.54785806058318,79.91420195037433,6395900
2018-08-22,79.7920913696289,79.96653577476872,79.43447168807657,79.53041810729171,3954300
2018-08-23,79.76592254638672,79.95781539402287,79.57403635337837,79.74848076688698,6058300
2018-08-24,80.14968872070312,80.14968872070312,79.80079332403375,79.94907835949091,4028900
2018-08-27,80.43753051757812,80.49858671486844,80.09735932487118,80.43753051757812,4671300
2018-08-28,80.48114776611328,80.58581839721093,80.30670336891106,80.55965240309332,4954100
2018-08-29,81.00447845458984,81.09170063616484,80.41135830340353,80.49858048497853,5338500
2018-08-30,80.94340515136719,81.21379585347948,80.76895417046853,80.94340515136719,5266100
2018-08-31,80.92598724365234,80.99576766232643,80.59454023689094,80.75154285159412,5808100
2018-09-04,80.28052520751953,80.90853558967014,80.08863240690394,80.85619695474013,6875500
2018-09-05,80.6032485961914,80.6032485961914,80.07118465406914,80.21946302361123,10218900
2018-09-06,80.6032485961914,80.7689687396573,80.11479241619145,80.59452438191667,5940300
2018-09-07,80.72538757324219,80.80388556369964,80.28926988058205,80.41138230215667,5591100
2018-09-10,80.51602935791016,81.07425935475605,80.43753138395986,80.92598096754341,4234000
2018-09-11,80.44627380371094,80.60327644176661,80.10609587573364,80.37649337465776,5683900
2018-09-12,80.84746551513672,80.99574387029298,80.34156761029469,80.49857017887928,11056600
2018-09-13,81.85054016113281,81.85054016113281,81.1178658572874,81.19636382357405,10603800
2018-09-14,81.58015441894531,81.92032560301526,81.43187603709457,81.92032560301526,5929000
2018-09-17,81.28361511230469,81.5888961565695,81.18766869058894,81.58017193969688,5543000
2018-09-18,81.7546157836914,81.96395038775266,81.16149552666192,81.28360793358324,5422900
2018-09-19,81.64120483398438,81.87671203989666,81.55398265404958,81.7022610254013,4186600
2018-09-20,82.43495178222656,82.4872837654869,81.82438314080761,81.8767217786945,5083000
2018-09-21,82.54613494873047,82.7300242365243,82.37101056486695,82.6512135873888,8579100
2018-09-24,82.7125244140625,82.8788972885688,82.37978534561827,82.49361554995141,5392600
2018-09-25,82.45858001708984,82.94894036010348,82.37101781744843,82.82634526392437,5215900
2018-09-26,82.64247131347656,83.29044635607397,82.46734689581518,82.61620331888419,10880500
2018-09-27,83.06277465820312,83.29044173298075,82.65998317548451,82.75630360402243,7168800
2018-09-28,83.31671142578125,83.3692474131217,82.86137726693715,82.89640348535347,5995800
2018-10-01,83.728271484375,84.11354657341123,83.48308792517335,83.63195104197372,7307100
2018-10-02,83.63192749023438,83.79829365070226,83.47431287256104,83.72824790551068,5572700
2018-10-03,83.4743423461914,84.06101658779038,83.34299567165911,83.91216014091948,6367500
2018-10-04,82.65999603271484,83.44806935216488,82.23093649012442,83.413043129015,10976400
2018-10-05,82.56365966796875,83.15909198555825,82.04703132684354,82.73003252570584,12291000
2018-10-08,82.52863311767578,82.76505172667983,81.83688037793908,82.45858068516804,11924000
2018-10-09,82.66874694824219,82.95770157268078,82.05579811817572,82.30973320313018,7463900
2018-10-10,80.71607971191406,82.75631200635631,80.66354372031132,82.65999156803888,22549300
2018-10-11,78.5357437133789,80.68104784079723,77.96657934878787,80.4971652024958,46581800
2018-10-12,79.74413299560547,80.04185257040592,78.82471295293773,79.48143964610915,20797300
2018-10-15,79.19247436523438,79.96303117694973,79.13118014930893,79.61277565141785,13909700
2018-10-16,81.36405181884766,81.50415671027697,79.79666341896899,79.80542164482556,13505900
2018-10-17,81.79312133789062,81.99451377673313,80.899969320422,81.31151910488606,14232300
2018-10-18,80.86493682861328,81.75808877685704,80.21696843125808,81.749330551326,14455600
2018-10-19,80.12940216064453,81.28524069118066,80.02432350129823,81.00503761349215,11318600
2018-10-22,79.47268676757812,80.2695116680352,79.10491474833636,80.12065522341575,8288300
2018-10-23,79.0436019897461,79.42888369071427,77.8264693586705,78.4569278945938,15424500
2018-10-24,76.43421936035156,79.4639172207643,76.33789892624456,79.00858972545075,17431900
2018-10-25,77.4236831665039,77.95782131358906,75.54106565469296,76.4254593101145,15725100
2018-10-26,76.54804229736328,77.24855326426618,75.61111272045709,76.70565693088805,25507900
2018-10-29,76.7406997680664,78.00161710935853,75.66367177285366,77.43245266054922,14024300
2018-10-30,77.56380462646484,77.68639307850876,76.35542319836117,76.7494632347048,15432000
2018-10-31,77.66886138916016,78.50071907121385,77.60756717516195,78.18548977620357,13460700
2018-11-01,78.64954376220703,78.78089036223035,77.90525526949567,77.93152325338721,9668500
2018-11-02,78.15921020507812,79.54270892762898,77.64258189455569,79.41136897463515,12953000
2018-11-05,78.85099792480469,79.20124686242545,78.26431692509237,78.26431692509237,7783500
2018-11-06,79.25379180908203,79.34135404598585,78.63209124232323,78.74592148224116,7980500
2018-11-07,81.58294677734375,81.65299921110241,79.93675466742191,79.98929065245702,13310600
2018-11-08,81.6267318725586,81.92444469756643,81.3202608231188,81.43409101846278,7345600
2018-11-09,81.39028930664062,81.66174076188894,80.9962561381949,81.53039414555155,8486500
2018-11-12,80.28703308105469,81.39032916523715,80.1031504003576,81.26774071143909,8423200
2018-11-13,79.72662353515625,80.88246225243722,79.49019818357071,80.55847467753345,14227000
2018-11-14,79.08740234375,80.22573122716301,78.71087879128899,80.21697300113303,11664000
2018-11-15,79.78789520263672,79.88421562522676,77.78268945686658,78.5269781655071,15563900
2018-11-16,80.59349060058594,80.97877235061824,79.60402491049308,79.64780267627131,11323200
2018-11-19,79.5689926147461,80.72483109603068,79.21873711241815,80.67228842831226,8821000
2018-11-20,78.82471466064453,79.6565724983585,78.6408319842411,79.06989824308529,11604300
2018-11-21,78.37813568115234,79.08739830023083,78.36061922998793,79.07864007464862,9345100
2018-11-23,78.49195861816406,78.96480254725759,77.91404271409515,77.95782047681219,3939500
2018-11-26,79.25379180908203,79.46394251376532,78.78970594097831,79.12244511344105,7141200
2018-11-27,80.07685852050781,80.07685852050781,78.70211114341568,78.99107244269085,9262000
2018-11-28,82.00325775146484,82.02952574496008,80.29576468802594,80.31328113740146,11870400
2018-11-29,82.27470397949219,82.75630613692206,81.69678807114448,81.81061827173329,8796000
2018-11-30,83.94718170166016,83.94718170166016,82.13461639942348,82.22217861738984,15875900
2018-12-03,83.54438018798828,83.8946290180702,83.06277802577333,83.8946290180702,12158200
2018-12-04,81.67927551269531,83.99095261735134,81.53041908624111,83.52686688748328,15011300
2018-12-06,81.37279510498047,81.37279510498047,78.9297716239048,80.66353259390188,18492900
2018-12-07,79.29753112792969,81.25895902224896,78.9034979126834,81.14512215697147,14930800
2018-12-10,79.60404205322266,79.90175497467386,77.625103566304,79.34134867970805,15372000
2018-12-11,79.84921264648438,80.80365224554066,79.28004816933904,80.26951399412714,13632300
2018-12-12,80.5322036743164,81.58296367607494,80.47966767839922,80.73359611237836,12581000
2018-12-13,80.61101531982422,81.19769627905376,80.06812549563095,80.75112022966107,11567100
2018-12-14,77.89652252197266,79.89297011740175,77.6601039090688,79.82292436430623,19422700
2018-12-17,76.34666442871094,77.7389217225835,75.82127776329514,77.09095329729136,22089500
2018-12-18,75.68118286132812,77.14349266528245,74.95440373221217,77.00339444746196,24712500
2018-12-19,74.69173431396484,76.74071882173006,74.01749102578614,75.83005681364413,23075600
2018-12-20,73.64095306396484,74.65669357270825,73.11557303693907,74.35022244699067,25321600
2018-12-21,72.72614288330078,75.00432918036672,72.57661081896862,73.75528480025588,28909200
2018-12-24,70.98452758789062,72.51505389028692,70.94055111239842,72.24237021431037,14235500
2018-12-26,74.08076477050781,74.15113519014294,70.90537172656775,71.2484191336733,20575100
2018-12-27,74.89878845214844,74.94276492303582,72.21597542503902,73.2099389617507,14045700
2018-12-28,74.98674774169922,76.03348572276357,74.67888560341302,75.38256953222557,15770600
2018-12-31,76.09504699707031,76.16541068201437,75.35617126259014,75.40895241491107,10163100
2019-01-02,74.94275665283203,75.49691515416853,74.12471922261724,74.92516740859638,14179900
2019-01-03,73.4210433959961,75.20665051578618,73.22752813379181,75.04832045679098,17668000
2019-01-04,75.61127471923828,76.0246924925684,74.24788324713388,74.28306174151406,16262600
2019-01-07,75.90153503417969,76.61401686775145,75.40895566389705,75.6376493938765,12387200
2019-01-08,76.49085235595703,76.74593995308484,75.64642791937302,76.50844830659419,13371000
2019-01-09,76.83393096923828,77.28253394134829,76.60523049372648,76.8251329903247,11259700
2019-01-10,76.98345947265625,77.03624063278912,76.10384952721009,76.49088005069162,10396800
2019-01-11,77.23854064941406,77.26492787180987,76.48207562324394,76.62281642387593,7187900
2019-01-14,76.38532257080078,76.80753828706794,76.37653130340334,76.77235308480475,5449000
2019-01-15,77.75750732421875,77.77509656735062,76.47327782710725,76.4908670702391,10540600
2019-01-16,77.61677551269531,78.1973212665448,77.5640010663057,77.86306521036809,8288900
2019-01-17,78.30287170410156,78.62832978867041,77.34410011769039,77.4056725433233,8731600
2019-01-18,79.23526000976562,79.279236477458,78.29407770174596,78.8834147137724,13367500
2019-01-22,78.68992614746094,78.8306669979367,78.14456541820701,78.68112816658292,12244500
2019-01-23,78.77786254882812,79.20887624289834,77.92463984985748,78.83943497499656,7722800
2019-01-24,78.11814880371094,78.76906492599113,77.74871427650797,78.69869452722183,11307000
2019-01-25,78.21492767333984,78.5052006139552,77.98623388154509,78.5052006139552,7241900
2019-01-28,77.32650756835938,77.75751452937473,76.95706631945542,77.67834615072003,7113800
2019-01-29,77.70475769042969,77.76633684359341,77.10662922888044,77.3265317671181,11099200
2019-01-30,78.7690658569336,78.98896832251869,77.80148963964669,77.99500488310407,11706500
2019-01-31,79.75424194335938,79.93895924929456,78.60195492071465,78.68111660430453,13409900
2019-02-01,79.82460021972656,80.00931749757271,79.27923965354427,79.85098744357728,9386500
2019-02-04,79.59591674804688,79.83341523516998,78.91861991806952,79.83341523516998,9308600
2019-02-05,79.4815444946289,80.17643706317865,79.46394853999249,79.72783417241557,8921400
2019-02-06,79.84220123291016,79.87738644019394,79.24406613087,79.34082377317739,6135900
2019-02-07,78.96258544921875,79.45517160452798,78.54037641425839,79.3232287645185,9511700
2019-02-08,79.11209869384766,79.12088995902153,78.54035104574209,78.65469789100742,7284200
2019-02-11,79.01536560058594,79.34081699610061,78.79546310701483,79.28804254512883,5017400
2019-02-12,80.0972900390625,80.14127322648689,79.21767997771231,79.35842080875659,9093200
2019-02-13,80.2732162475586,80.51070801183262,79.91257290041439,80.25562028819476,6435600
2019-02-14,80.45792388916016,80.81856048208459,79.95654648180279,80.070893360361,6938600
2019-02-15,81.67179107666016,81.71577426312729,80.45793163433684,81.06486471094452,8234200
2019-02-19,81.478271484375,81.7949316196929,81.44308627924059,81.45188425824712,6284100
2019-02-20,81.3814926147461,81.4870482026088,80.97687292760727,81.27594373777332,6959900
2019-02-21,80.66901397705078,81.14400407450103,80.30837744860479,81.09122963396996,8368500
2019-02-22,81.40791320800781,81.47827691207222,80.73060970811231,80.82736735095452,6488100
2019-02-25,81.5222396850586,82.01481904462273,81.46066726511307,81.82130380739669,7652600
2019-02-26,81.23197937011719,81.5574374748692,81.13522173656636,81.33753498241578,7288000
2019-02-27,80.8537368774414,81.24076736407724,80.58105996779743,80.95929247676682,9827600
2019-02-28,80.61622619628906,81.14399064693686,80.52826657299595,80.70418581958218,9464100
2019-03-01,81.75971221923828,81.87406576582057,81.04723056820835,81.11760094904533,10795200
2019-03-04,80.65145874023438,82.19956780961549,80.0973000374383,82.05003569113431,15208400
2019-03-05,80.60747528076172,80.89774824689567,80.19405742794542,80.6866436855678,13591700
2019-03-06,79.42879486083984,80.72181607307475,79.2088923354343,80.61626715585129,11662400
2019-03-07,78.80422973632812,79.48153296286372,78.53155287703919,79.31440497251789,14430700
2019-03-08,78.63713836669922,78.68111484185559,77.95983488254959,78.3820506515811,11531200
2019-03-11,79.53433990478516,79.60471032010213,78.61954463834101,78.84824513267509,9694300
2019-03-12,80.11489868164062,80.2996160184603,79.62231240589489,79.7366660269451,8981600
2019-03-13,80.9769058227539,81.19680835363116,80.29960898044473,80.35238344036962,10098300
2019-03-14,80.84494018554688,81.05604465914082,80.55466734004882,80.95048906689874,9283800
2019-03-15,81.21663665771484,81.34907083217207,80.70456817816587,80.98709127359638,10219400
2019-03-18,81.09304809570312,81.37557124294413,80.8016942056437,81.29611476522783,7183500
2019-03-19,81.7375259399414,81.96707127723278,81.08418594213524,81.37553971932876,11308700
2019-03-20,81.17250061035156,81.7375468303576,80.85466126961288,81.6404288798051,11123700
2019-03-21,81.49034118652344,81.613944628031,80.37790347707296,80.49267617679217,7398200
2019-03-22,80.00709533691406,81.43736569508887,79.98943385285514,81.13718782491281,12162600
2019-03-25,79.96293640136719,80.21897399486159,79.38905950118192,80.14834154095661,9893300
2019-03-26,80.5103530883789,81.02242170023004,79.945306751528,80.43088986882105,8107200
2019-03-27,79.83934783935547,80.59863002049228,79.28313231703177,80.41322484638438,10817400
2019-03-28,80.04242706298828,80.26314850527199,79.6274696737535,80.07773656617587,6726800
2019-03-29,81.0047607421875,81.07539321285259,80.34259648543937,80.51917092621895,10120900
2019-04-01,81.12834930419922,81.62276303632305,80.94294415465278,81.49915960329209,9082000
2019-04-02,80.94293975830078,81.26960980550086,80.79285084575542,81.14600637918333,7002200
2019-04-03,80.83702087402344,81.34909624945074,80.59864467422605,81.3049492655441,7398700
2019-04-04,80.66927337646484,81.00476753643878,80.20133827097307,80.90764956509932,9212400
2019-04-05,81.22547912597656,81.36674406202815,80.81052179617868,80.86349277925657,6262000
2019-04-08,81.20781707763672,81.2872735451117,80.63394011430455,81.16367010511797,5961200
2019-04-09,80.99591827392578,81.17249942502555,80.70457116240496,80.92529254936805,7207600
2019-04-10,81.02239227294922,81.24311362861212,80.8811341079832,81.09302472337284,5433400
2019-04-11,80.02473449707031,81.24311396038783,79.67157897939124,81.19897373060371,8534200
2019-04-12,79.29195404052734,80.36024481441909,79.15952658846513,80.33375932400665,11659000
2019-04-15,79.60980987548828,79.67161161120372,79.23899946119569,79.38908842852116,7921900
2019-04-16,77.97644805908203,80.36906698549407,77.84401388526075,80.27194904041725,14857100
2019-04-17,75.73391723632812,78.25897030933528,75.33662145502998,78.24131556309435,34381800
2019-04-18,75.85753631591797,76.32546465046997,74.73627446156979,75.96348502286459,35300900
2019-04-22,75.90165710449219,76.343099793958,75.49553063848936,75.7339067270133,18717700
2019-04-23,77.1023941040039,77.50852063503392,75.74274959444324,75.87518376966393,30503400
2019-04-24,77.01412200927734,77.28781441878496,76.66979039179309,77.12889472451657,14612800
2019-04-25,77.80870819091797,78.03826034089478,76.52852672104822,76.84636608689831,16166400
2019-04-26,78.58565521240234,78.612140704707,77.74690978608385,77.91466021852416,11321700
2019-04-29,78.44437408447266,78.75338265739848,78.10888002470772,78.61212448229597,13264400
2019-04-30,78.80635833740234,78.95644724954644,78.11770875379388,78.67392417073575,11750900
2019-05-01,78.66509246826172,79.2213146142845,78.22364974202469,78.91229931721342,25596400
2019-05-02,79.00061798095703,79.0800744633291,78.13538700289888,78.5856606106579,18927500
2019-05-03,79.6009750366211,79.62746052891198,79.08889973272021,79.22133393005777,13624000
2019-05-06,80.00709533691406,80.21015525241373,78.31194986903338,78.44438405594504,25168300
2019-05-07,78.47089385986328,79.77756791390316,78.01179617032122,79.38909597483205,18011600
2019-05-08,78.63862609863281,79.00061245536526,77.99411659786558,78.43555943141263,13783300
2019-05-09,78.47089385986328,78.72693157098881,77.57035323442572,77.94116368396563,15692300
2019-05-10,78.49734497070312,78.70040484273996,76.8198613459292,78.21481517329343,17771800
2019-05-13,77.02294921875,78.453226526632,76.72277130369774,77.16421416881005,17436000
2019-05-14,77.41143035888672,77.94999125764075,77.22602514165926,77.37611411714563,13147000
2019-05-15,77.64098358154297,77.90584529425175,76.66097975198622,77.00530469362675,10587700
2019-05-16,78.25016021728516,78.92115526149655,77.75574636148917,77.808717350072,15124000
2019-05-17,78.08240509033203,78.70042231970575,77.60564605515118,77.60564605515118,13354100
2019-05-20,78.04705810546875,78.29426489981304,77.47318134095237,77.74687361527927,10757400
2019-05-21,78.7799072265625,79.11540142407885,78.4355755486289,78.48855327994109,11690600
2019-05-22,79.23014831542969,79.40672946906398,78.47969693616024,78.55032939761395,9021800
2019-05-23,78.95645141601562,78.95645141601562,78.2942872836223,78.8328479835061,13545300
2019-05-24,79.07121276855469,79.5479716838164,78.87697690649833,79.23013240697526,9986400
2019-05-28,77.94113159179688,79.61861540467467,77.93230085066732,79.14185642190634,20796000
2019-05-29,77.19068908691406,77.57033016833057,76.65212832639571,77.56149942619085,16302700
2019-05-30,77.61447143554688,77.73807487288293,77.2613158706372,77.34077233640375,12457600
2019-05-31,77.05825805664062,77.4202444044966,76.6079844914168,77.11122903988475,10712900
2019-06-03,77.24365234375,77.90581648447863,77.08473268053984,77.12887965094122,19371000
2019-06-04,78.5238265991211,78.6562540153023,77.7910301288081,77.88814805792818,15837200
2019-06-05,79.1153793334961,79.30078450160879,78.55033308709095,79.09771784936197,24291700
2019-06-06,79.52151489257812,79.83935428410034,79.05358654836024,79.2389917374343,18840900
2019-06-07,80.35140991210938,80.54564579663798,79.75104751260353,79.7775329994244,9302700
2019-06-10,80.58978271484375,80.85465104392216,80.29842890003377,80.5986134553814,8552800
2019-06-11,80.45736694335938,81.19016365023431,80.25430701574238,80.98710372261733,8317900
2019-06-12,80.84584045410156,80.87232594643459,80.39556687679074,80.47503008967293,5799200
2019-06-13,80.74871063232422,80.98709350007718,80.43087129924169,80.98709350007718,9031800
2019-06-14,80.56329345703125,81.02239090527267,80.50149174792412,80.78401480896832,5056300
2019-06-17,80.92528533935547,80.97825631202488,80.52798283669016,80.64275552276774,4861500
2019-06-18,81.61395263671875,81.89647577872864,81.1725098063356,81.33142949470886,7979600
2019-06-19,82.34673309326172,82.53214498815858,81.57862696818441,81.63159794622221,6988100
2019-06-20,82.70872497558594,83.28260197454512,82.23196593349135,83.02656433698232,9241200
2019-06-21,83.10595703125,83.26555478108241,82.15723895297486,82.62716378175278,9026100
2019-06-24,82.6714859008789,83.05274678656289,82.52075658353517,82.99954979564684,6493600
2019-06-25,82.33455657958984,83.11480839065163,82.25475433224847,82.7335475224303,14930600
2019-06-26,81.29718017578125,82.45869293306237,81.12871401478716,82.4498245128462,10498400
2019-06-27,81.86461639404297,82.02421409405157,81.42129020119918,81.58088790120777,7416200
2019-06-28,82.13947296142578,82.21040677276079,81.4301483773168,81.90007980394583,9390600
2019-07-01,82.54735565185547,82.8222225576149,82.21043009934496,82.78675564188393,7797200
2019-07-02,82.99064636230469,82.99064636230469,82.14832945993172,82.61825405375787,7952500
2019-07-03,83.70000457763672,83.71773465273355,83.1680143846414,83.17687603987866,4066000
2019-07-05,83.12366485595703,83.54926099645284,82.93746865843423,83.34532796223958,5934300
2019-07-08,82.50299835205078,82.83105537023924,82.12173759648084,82.80445688385858,15202000
2019-07-09,82.58281707763672,82.6714809787587,82.19268779515356,82.20155621465237,5537300
2019-07-10,82.8665542602539,83.08821741848205,82.52076027458783,82.7690219294637,5347300
2019-07-11,82.8843002319336,83.47835593791886,82.32570468230323,83.44288901694047,13691700
2019-07-12,81.962158203125,82.62714756951222,81.3947011516443,82.60941073155377,11508200
2019-07-15,82.13947296142578,82.33453756028678,81.73161369318031,82.00647375632778,5811100
2019-07-16,81.73162841796875,82.1926847454692,81.67843143219379,82.07742235474953,9092300
2019-07-17,81.74937438964844,82.17497065248,81.74051273337713,81.90011048636107,9566700
2019-07-18,82.2104263305664,82.34342556730483,81.34150384654785,81.74050155676315,6559500
2019-07-19,81.35926055908203,82.43210960548579,81.28832671354529,82.39664268271741,8105900
2019-07-22,81.19076538085938,81.50109238851175,81.11983156064699,81.44789540566317,5192500
2019-07-23,81.6961669921875,81.82029781041288,80.9691121577436,81.30603769798073,6688600
2019-07-24,81.74049377441406,81.74935542862998,80.83610446239554,81.57202763960989,5430400
2019-07-25,81.34149932861328,81.82916091469406,81.16417153255944,81.51883388928893,6618700
2019-07-26,81.63408660888672,81.78481589413742,81.32375962024673,81.62521819074814,3812400
2019-07-29,81.97101593017578,82.03308133081345,81.54542654426646,81.67842576409612,5887500
2019-07-30,81.61638641357422,81.65184656986698,81.00459386586016,81.34151946762923,7959200
2019-07-31,80.80952453613281,81.86464338768943,80.31300120110528,81.52771104067237,8557400
2019-08-01,80.9159164428711,81.78483218413471,80.42825481743168,80.81838411778321,16422500
2019-08-02,80.72972869873047,81.04892420263988,80.2066001033033,80.80065577155906,15956600
2019-08-05,78.832275390625,80.1356488563701,78.1938845214967,79.81645342180595,17626200
2019-08-06,79.85193634033203,79.86967318170876,78.79682427559695,79.2312821846055,10135900
2019-08-07,79.87850952148438,80.10017261608006,78.20273706751063,79.20465858444047,12452500
2019-08-08,80.94251251220703,81.02230799509354,80.0203930437707,80.12679378557486,12034800
2019-08-09,81.04004669189453,81.55430680880215,80.3395903460284,80.8006467085034,7253100
2019-08-12,80.25093078613281,81.0400510792787,79.94060372106803,80.73858566991386,7097100
2019-08-13,81.29718017578125,81.72276964144066,80.15339749430987,80.22433132679397,12232500
2019-08-14,79.03619384765625,80.65876935193207,78.9918585221148,80.46370474294315,16426100
2019-08-15,79.31106567382812,79.61253105000158,78.79681235032132,79.37313108000767,12315200
2019-08-16,80.28638458251953,80.49917928312898,79.79872301380874,79.85191999780571,10239300
2019-08-19,81.05778503417969,81.26171812362264,80.78292487262974,80.91592412534271,6427200
2019-08-20,80.36620330810547,81.25285604254142,80.3041378872799,81.08438985831907,4708800
2019-08-21,80.96024322509766,81.1553078709653,80.72085000992875,80.92477631088333,5687100
2019-08-22,80.56124114990234,81.29716429779235,80.24204573068792,81.11096809735415,6486900
2019-08-23,78.69929504394531,80.72086210470677,78.30916569375513,80.4193966710262,9822700
2019-08-26,79.52387237548828,79.5859377857458,79.0007438336414,79.32880772478681,8913900
2019-08-27,79.0539321899414,80.2863784997213,79.00072844535379,80.0115116524449,8252000
2019-08-28,79.63025665283203,79.79872278784082,78.66380870164208,78.77907108818297,5691500
2019-08-29,80.2331771850586,80.46370871293064,79.71892391235808,80.2331771850586,4360300
2019-08-30,80.3307113647461,80.7651691751958,79.98491744719736,80.60557822674691,4784100
2019-09-03,79.86080169677734,80.24206259627272,79.57707312724284,79.86080169677734,6437800
2019-09-04,79.91401672363281,80.42827698591063,79.54162416044855,80.38394840341206,9318700
2019-09-05,80.70313262939453,80.88046724322449,80.17114231715233,80.59673862572039,7897400
2019-09-06,80.92476654052734,81.15529807277636,80.75630717412582,80.87156955793964,13166400
2019-09-09,80.17999267578125,81.02230991668603,79.88739570234694,80.9957114217597,10675900
2019-09-10,80.41051483154297,80.41937648573341,78.9298000625371,79.7721239695129,8770700
2019-09-11,81.20848846435547,81.23509371811139,80.34844133563105,80.54349917749522,8124300
2019-09-12,81.18191528320312,81.90897019290723,81.13758670903243,81.57204461779365,9344700
2019-09-13,81.1375732421875,81.79369420677101,80.96910710028048,81.2794341264604,6351000
2019-09-16,80.96024322509766,81.16417629067443,80.59671919248974,80.69425151542356,6668100
2019-09-17,81.0843734741211,81.30603661294005,80.80064492701773,80.91591408856176,3932900
2019-09-18,81.07550811767578,81.18190209009339,80.49918263013365,81.08436977229601,5369800
2019-09-19,81.4567642211914,81.8202882134634,81.02229964374,81.17303570358102,5058600
2019-09-20,81.91083526611328,82.2936796591745,81.63483353834296,81.64373199924518,8935700
2019-09-23,81.47455596923828,81.96423613289355,81.44784700665741,81.67043075178712,4232900
2019-09-24,80.7266845703125,81.83070502176979,80.44177760055017,81.77728029494574,10542600
2019-09-25,80.3349380493164,80.8068145595344,80.21919014043584,80.73558612217985,7956800
2019-09-26,79.88977813720703,80.62875116902599,79.2754446935895,80.6020422006458,10004500
2019-09-27,79.53363800048828,80.27261778127563,79.23982578026421,80.15686986818972,10017300
2019-09-30,80.24589538574219,80.7355823789538,79.58704935255349,79.6404672817339,8031600
2019-10-01,79.46240234375,80.63764432519257,79.3021417647934,80.45958003422626,13413900
2019-10-02,78.30498504638672,79.37339145648286,77.95775483110323,79.2131308346044,13385000
2019-10-03,79.00833892822266,79.03504789575902,77.63722198870519,78.19813747784121,11958800
2019-10-04,80.24589538574219,80.29041485520409,79.1952997579842,79.2398192274461,9146600
2019-10-07,79.97881317138672,80.50410768233087,79.80074205458641,79.91648997868624,8247200
2019-10-08,78.45634460449219,79.34667985368775,78.4385340955857,79.31106562859367,10649300
2019-10-09,79.02616119384766,79.25764347541855,78.670025724029,78.93712902457277,7350200
2019-10-10,79.41789245605469,79.6939009708841,78.72343212769843,78.79466056976526,8232300
2019-10-11,80.07673645019531,81.0204894281059,80.04112223312282,80.17467384896536,10773200
2019-10-14,80.0411376953125,80.43288057335144,79.91649130783847,80.02332718697697,4915600
2019-10-15,81.50126647949219,81.78617340695979,80.86912944644584,80.92254737262196,12607900
2019-10-16,81.39444732666016,81.81290598306147,81.26089567995693,81.43896680646755,7851500
2019-10-17,81.99988555908203,82.23137465538213,81.62594633694168,81.66156056658168,7536100
2019-10-18,81.69715118408203,82.1245082308076,81.33211053031606,81.76837283005777,6784700
2019-10-21,81.60812377929688,82.1601272294878,81.44786317927283,82.03548085088222,4948400
2019-10-22,81.78616333007812,82.75662509719751,81.7505491194431,82.23133077394195,8702400
2019-10-23,82.29366302490234,82.53405048231879,81.7594633918638,81.9286224201506,5525000
2019-10-24,81.87522888183594,82.52517660398135,81.58141661869956,82.43613764468991,6892300
2019-10-25,81.96427917480469,82.18686303681989,81.44788977739694,81.66156838296982,5536900
2019-10-28,82.81005096435547,82.9792099763358,82.10668557811574,82.17791400037916,6937900
2019-10-29,83.98532104492188,84.11887268346347,82.8011735986882,83.0059536834811,13768400
2019-10-30,84.45720672607422,84.49282095304225,83.68261257313772,84.01203907805262,10179700
2019-10-31,84.3592529296875,84.41267086341387,83.8161479610763,84.29692974276742,9675200
2019-11-01,84.46611785888672,85.1783820696553,84.44830734780368,84.81334810508935,14670800
2019-11-04,84.2079086303711,84.90236903074366,84.17229440564445,84.85784955165565,9878200
2019-11-05,83.61138153076172,84.34145611989432,83.42440516197838,84.33255086597167,13273800
2019-11-06,83.89630126953125,84.05656190089759,83.43332309326425,83.69152115450555,13130200
2019-11-07,84.0832748413086,84.35037137770858,83.83398202358067,84.21681971314867,7827900
2019-11-08,84.69759368896484,84.71540419868688,83.93190479617765,84.02984222149131,7756900
2019-11-11,84.35034942626953,84.55512949766515,84.11886718017473,84.37705839368678,6092500
2019-11-12,84.85784912109375,85.16056663337487,84.36816881720429,84.48390995243952,13801500
2019-11-13,84.95577239990234,85.16055245877708,84.49280114330217,84.62635276494068,6507700
2019-11-14,84.96466827392578,85.0893146289713,84.44827235004189,84.93795931108987,6498800
2019-11-15,86.77206420898438,86.9234195565085,85.17836345138787,85.25849714830655,11337700
2019-11-18,86.47825622558594,87.19052710839736,86.37142034806722,86.6919415660605,11251400
2019-11-19,87.06588745117188,87.19053384638863,86.55839661558393,86.78098043457372,10025800
2019-11-20,86.95011138916016,87.22611304018766,86.43371550624981,86.92339563572712,12305600
2019-11-21,87.1727066040039,87.23502978479287,86.4070179299011,87.00354077355505,9122400
2019-11-22,87.48432159423828,87.60896795451437,87.13709147736675,87.32406101778088,6141800
2019-11-25,88.50820922851562,88.52601294044793,87.70690633721682,87.84045795121949,11726500
2019-11-26,88.43700408935547,88.64177739774121,88.14319181970389,88.49932728661014,11073300
2019-11-27,88.89105224609375,89.02460386831908,88.48149891926239,88.56163260968465,6333200
2019-11-29,88.57946014404297,88.86436717814102,88.4013957950015,88.65959385601528,2392000
2019-12-02,88.18769073486328,88.78421359700796,87.90278378632273,88.75750463194439,6682200
2019-12-03,87.99182891845703,88.06305736428223,87.27955804564199,87.51995235212242,7709700
2019-12-04,88.81095123291016,88.92669238312284,88.25894087009344,88.34797983933976,6237600
2019-12-05,88.81095123291016,88.94450289405997,88.06307279882266,88.86436918028222,7390400
2019-12-06,89.39857482910156,89.70128558446433,89.2115984299427,89.27392163208913,5658500
2019-12-09,88.77532196044922,89.45197861428521,88.77532196044922,89.43416810636614,5148900
2019-12-10,88.97118377685547,89.05131067261509,88.41027512838565,88.75750526211233,6027900
2019-12-11,89.05132293701172,89.27390673506663,88.87325861565517,89.0424244758468,6064300
2019-12-12,89.87935638427734,90.17316869807102,89.05134418622609,89.09586367354758,9769100
2019-12-13,89.81700897216797,90.34231025156971,89.45197508684385,89.79030000406111,6433200
2019-12-16,90.78749084472656,91.11691055554475,90.34232319856646,90.34232319856646,7730300
2019-12-17,90.68954467773438,91.03677486485276,90.56489829224155,90.90322322533372,4643600
2019-12-18,90.8141860961914,90.99225041066529,90.62721652817837,90.72515393895446,5202900
2019-12-19,91.17032623291016,91.26826364875127,90.85871027010593,91.00116037050849,6637200
2019-12-20,91.81580352783203,92.02143102207236,91.440316960083,91.440316960083,8586500
2019-12-23,92.18236541748047,92.28070812332423,91.7979367003172,92.03038371602321,4770900
2019-12-24,92.0661392211914,92.29857940067107,91.84263432650306,92.18235931093125,2071800
2019-12-26,92.00354766845703,92.2896336283149,91.70851960399592,92.18234883555796,2910100
2019-12-27,92.03035736083984,92.20915850889969,91.82472990182711,92.20021640524872,3605000
2019-12-30,91.47787475585938,92.22473785730008,91.34289718057671,92.02677166225146,5665100
2019-12-31,91.65782165527344,91.73880406484126,91.12691179777015,91.27989001347038,4746700
2020-01-02,91.90077209472656,92.04474997077946,91.24389191465345,91.93676656373978,6277400
2020-01-03,91.09990692138672,91.62181638343961,90.38903166070966,90.83895219036027,8247500
2020-01-06,91.6668472290039,91.69384137295916,90.65902237478848,90.68601651874373,6441800
2020-01-07,91.48685455322266,91.56784383238589,90.97394533600097,91.41486560846504,6335300
2020-01-08,92.08075714111328,92.4946832939965,91.49585895314468,91.53185342712285,7494700
2020-01-09,92.47666931152344,92.7286305930986,92.16172629110818,92.35969243686719,6660600
2020-01-10,92.5036849975586,92.98059977064946,92.34171329488207,92.82762840291164,9300300
2020-01-13,92.17974853515625,92.67465715015685,91.86479857577594,92.65666334416818,7621700
2020-01-14,92.7376480102539,92.75564868192215,91.7388235552521,91.90079527404278,7294900
2020-01-15,93.53850555419922,93.78146656315259,92.77364178001147,92.84563073564541,7521800
2020-01-16,94.02442169189453,94.08741031242295,93.55650720586124,93.92543859317205,5479900
2020-01-17,94.02442169189453,94.16839960467077,93.79046788150026,93.79046788150026,6533400
2020-01-21,94.12339782714844,94.33935781509082,93.77246027227545,93.80845474780656,6644800
2020-01-22,94.24038696289062,94.55533006019178,94.11440285872554,94.33036972422744,9431500
2020-01-23,93.76347351074219,94.21339422214737,93.11559345312472,94.078423500922,8522600
2020-01-24,92.19773864746094,93.91643882341614,91.96377798751408,93.87144401238027,15962700
2020-01-27,91.495849609375,91.84678711326882,90.95594628532629,91.08192349876288,11762300
2020-01-28,91.9457778930664,92.3057157610005,91.51385107849673,91.76581239172127,8079900
2020-01-29,91.69383239746094,92.35971305574269,91.67583172642267,92.0357696294987,6435700
2020-01-30,91.02793884277344,91.08192711775047,90.2450745293889,91.01893850852943,10989400
2020-01-31,89.21025848388672,90.73998582005956,88.9133092320228,90.66800373965559,14476700
2020-02-03,90.02012634277344,90.66801319064916,89.83116048968375,89.83116048968375,11850600
2020-02-04,91.60384368896484,91.97277503835598,91.12692205084629,91.14492272071554,9575100
2020-02-05,93.3675308227539,93.69147422475075,92.02676240578322,92.03576274062868,14131000
2020-02-06,93.44852447509766,93.79946205857694,93.04359860654304,93.79946205857694,6166500
2020-02-07,92.71964263916016,93.53849460156982,92.57566474475097,93.45751218489757,6057200
2020-02-10,93.21453857421875,93.21453857421875,92.3057039835685,92.37769292101889,4010100
2020-02-11,93.7724609375,93.85345022433059,93.34953442856457,93.53850027751022,10277100
2020-02-12,93.88944244384766,94.33936311539819,93.51151072740392,94.12340311532243,4705700
2020-02-13,93.44852447509766,93.83545653704209,93.25955861208918,93.54750757456564,4778500
2020-02-14,93.52050018310547,93.58348879518479,93.06157922924542,93.54749432181892,5114200
2020-02-18,93.18758392333984,93.63750467517558,92.88164110740955,93.52052775118679,8409300
2020-02-19,93.61949157714844,93.75446914793855,93.34054296536144,93.43052572414004,6427900
2020-02-20,93.01658630371094,93.4935010360844,92.17073338803367,93.40351829011188,8080900
2020-02-21,93.07058715820312,93.16056991633823,92.33271755710425,92.65666097858613,6510800
2020-02-24,90.1371078491211,91.4328816110924,89.70518783862718,90.82098920852204,16284500
2020-02-25,87.4015884399414,90.65901662026688,87.09564567420784,90.4610504235006,20301600
2020-02-26,87.39259338378906,88.92232091519237,87.20362752628004,87.88750200148091,13721600
2020-02-27,84.42310333251953,87.59054141922111,84.40510952875285,86.44774608583482,22047900
2020-02-28,83.33427429199219,83.37926908740477,80.96769496946682,82.20047272696564,27750600
2020-03-02,87.2396011352539,87.37457868759299,83.07333887264505,83.36128778052147,22359400
2020-03-03,85.07100677490234,88.98531549162662,83.9282043524313,87.45558785781324,33385500
2020-03-04,89.97512817382812,90.11910607475964,87.44657635960485,87.62654187052506,26418700
2020-03-05,87.88749694824219,89.25525955049133,86.88867256937742,88.04946865468631,17873000
2020-03-06,87.41958618164062,87.73452927264738,85.12498805456589,85.47592562243692,17917700
2020-03-09,82.87537384033203,84.83702794735404,80.99470901191425,82.23648740681598,21968500
2020-03-10,85.71886444091797,85.86283544587087,81.83155119379171,85.26894389442074,26473200
2020-03-11,82.44345092773438,84.28812121739983,81.39063153536436,83.69422961180658,23217900
2020-03-12,76.28855895996094,80.74277836914229,74.59685946270918,77.395366992132,20652200
2020-03-13,81.5796127319336,81.79557271419634,75.73064448421677,79.83391847342925,29162800
2020-03-16,73.53502655029297,78.33118196273833,72.59019051094477,74.25489541648057,21474800
2020-03-17,78.1512222290039,78.78111531212824,74.10193603200635,75.05577256011007,27899700
2020-03-18,75.5596694946289,76.75645998314644,71.9153097519306,74.14691903228477,28931000
2020-03-19,74.011962890625,75.82064621605682,73.18411036370192,74.7138381575922,27121100
2020-03-20,71.1684341430664,75.41568552231413,70.76350836662897,74.65082190835271,22004900
2020-03-23,67.47205352783203,70.80857883350662,66.49550650728912,70.70911532779031,33633000
2020-03-24,72.6712417602539,72.81591153724476,70.13945512655998,70.66389772759942,16775800
2020-03-25,73.63873291015625,76.03487960596654,71.31491764206973,72.19199397868118,16851800
2020-03-26,78.5304946899414,78.94642970773329,74.1541295386477,74.29879928900202,18822500
2020-03-27,76.84867095947266,78.8741027681368,76.20668381515452,76.26093411230282,13043200
2020-03-30,80.44742584228516,80.6011396211085,78.22307391236573,78.23211102978154,13766700
2020-03-31,80.09480285644531,80.95379830362091,79.24484452868859,80.51978202032367,13584900
2020-04-01,77.04759979248047,78.11456601997754,76.30614915293592,77.41832856153418,15255200
2020-04-02,79.1815414428711,79.36238039115104,75.89022291451774,76.65879879255299,13588000
2020-04-03,78.46723175048828,79.67887502459054,77.58111106658662,78.92838013006613,12934200
2020-04-06,82.58136749267578,83.0515528974178,80.60114858544117,80.96283338062317,13472900
2020-04-07,81.90319061279297,84.83282361408507,81.82180827740493,84.67910985659451,16699200
2020-04-08,85.2759017944336,85.77321923099909,81.57769232482926,82.60848946738008,32624300
2020-04-09,85.74609375,86.21627913484785,84.96847388775811,86.05352132883064,12982500
2020-04-13,84.99562072753906,85.73707161113457,83.78398433911732,85.4386810742014,9606600
2020-04-14,87.81674194335938,88.13321357446776,86.3700026607539,86.65934913756216,12830800
2020-04-15,87.36463165283203,87.8800302448933,86.16203263850117,86.6503060781219,11019000
2020-04-16,89.27253723144531,89.49858942985531,87.73537814311796,88.01568066160534,11331600
2020-04-17,91.12613677978516,91.44260839331753,89.86928744421103,91.44260839331753,11504400
2020-04-20,90.40277099609375,91.69578945751176,90.15863083214406,90.2580943213734,10558100
2020-04-21,87.65398406982422,89.36293777541502,87.36463759317827,88.85657626736148,9291400
2020-04-22,88.99220275878906,89.54377051950175,88.37734067628462,88.9289084369973,11994100
2020-04-23,89.48047637939453,90.86391434319759,89.28154939662687,89.4623952439446,16013300
2020-04-24,90.6830825805664,90.8639215436509,89.46240233333542,90.02300725803592,7853300
2020-04-27,91.84949493408203,92.23830483898422,91.17133860450122,91.31600836755906,8022100
2020-04-28,89.99589538574219,92.46438829769454,89.8873947513038,92.46438829769454,11517500
2020-04-29,90.59265899658203,91.37931603879692,90.00492204532641,91.37931603879692,9939900
2020-04-30,90.17671203613281,90.76444201162208,89.70651977746577,90.20383718594763,12768900
2020-05-01,88.45872497558594,89.30867632995489,87.6630170286484,89.14591851340529,10102000
2020-05-04,88.41351318359375,88.61244017346769,87.60876810533208,88.1874610402941,8991300
2020-05-05,90.33043670654297,90.98146797483088,88.96507984658159,89.19113198703913,11498300
2020-05-06,89.43525695800781,90.86390099992256,89.39004377817696,90.80060668729699,9493200
2020-05-07,89.42622375488281,90.35755742407953,89.31771624930671,90.34851340730731,9453900
2020-05-08,89.88735961914062,90.42083925946142,89.61609434193721,90.38467009593012,10374500
2020-05-11,91.4335708618164,91.66866011734226,89.51664625647757,89.51664625647757,15115100
2020-05-12,90.04109191894531,92.04843606734805,90.03204790156077,91.96705370801509,18471000
2020-05-13,89.06454467773438,90.61978453120717,88.35021907533401,89.92354006494683,12667200
2020-05-14,90.04109191894531,90.08629820874009,88.2236307442342,88.24171188043931,12021400
2020-05-15,90.80061340332031,90.8819957533227,89.57993334179001,89.7879043264066,15170200
2020-05-18,91.5511245727539,92.92551866677405,91.4968742620292,92.50054640182306,10557300
2020-05-19,90.447998046875,91.73197278624004,90.43895402798789,91.26178728258704,10561400
2020-05-20,90.55648040771484,91.47877001946198,90.34850942250739,91.13517328147054,10058000
2020-05-21,89.88735961914062,90.35754494792229,89.36291709578073,90.30329465190664,12259500
2020-05-22,90.0772705078125,90.14960195875943,89.4262391593371,89.89642463403338,10233200
2020-05-26,89.91448974609375,91.57822996928613,89.76981308395722,91.49685452075654,10828800
2020-05-27,90.84584045410156,90.84584045410156,88.67573840313564,90.04109534039702,15551900
2020-05-28,92.03033447265625,92.95263095019574,91.5601491163975,91.58727426599049,11707700
2020-05-29,93.14253234863281,93.34145934980867,91.0447686155712,92.42820670739418,19055300
2020-06-01,92.22022247314453,92.66328960265866,91.64152958823153,92.55478209977622,8436200
2020-06-02,92.75372314453125,92.79892943700153,91.70483781989321,92.25640563740728,13162300
2020-06-03,92.57286834716797,93.11539899298116,92.1840583969025,93.02497261963647,10020900
2020-06-04,91.84046173095703,92.65425080197834,91.25272479641033,92.01226356221812,10848300
2020-06-05,93.32337188720703,94.07386670586489,91.93993378688855,92.41916325708364,14579500
2020-06-08,93.96533966064453,94.00150882616119,92.7265785098729,92.95263062042982,8191300
2020-06-09,92.98881530761719,94.23662767382767,92.8803146834699,93.77547932550794,10371100
2020-06-10,92.84414672851562,93.60367870177957,92.4372555854906,93.29625106457217,10519700
2020-06-11,87.68111419677734,92.21120148050458,87.37367966746312,92.03939962887121,39561900
2020-06-12,88.25074768066406,89.80598739492444,86.73167713401013,89.51664095263624,19397200
2020-06-15,88.44966888427734,88.95602340061498,86.27956725937433,86.93059843670153,14521800
2020-06-16,90.62882232666016,91.20751522330772,89.13687689994923,90.52935883830853,13272800
2020-06-17,90.53842163085938,91.24371026605371,90.22194994116249,91.08095241155739,9086200
2020-06-18,90.2309799194336,90.43894404091607,89.66133096662344,90.02300889938675,7115200
2020-06-19,91.09901428222656,91.6324940322212,90.1586365327759,91.26177210229618,12177000
2020-06-22,90.74942779541016,90.87655271227966,89.81414865224659,90.72218773147931,6889200
2020-06-23,91.13988494873047,91.92079911171179,90.96735530664742,91.3759701215102,5369900
2020-06-24,88.76080322265625,90.64044348437749,88.11609642956014,90.45883847396259,15739700
2020-06-25,89.63253021240234,89.7414973880517,87.934494762753,88.67909340467509,10506300
2020-06-26,88.5428695678711,89.69607585086924,88.11609020298792,89.46906613999832,16631400
2020-06-29,89.34193420410156,89.5053814601387,88.55193797862444,89.24204938497965,7490200
2020-06-30,90.86746215820312,91.34872171819634,89.10586428702395,89.36919642750449,9183000
2020-07-01,91.566650390625,91.94803203972538,90.72218076248494,91.29424284445372,10932800
2020-07-02,92.25675964355469,92.7834239183978,92.05698995807712,92.37480914558472,6502400
2020-07-06,93.1920394897461,93.72778609882548,92.74710232232567,93.31916439472336,6374400
2020-07-07,92.38386535644531,93.50075612606263,92.25674047896514,92.5109902339255,5913200
2020-07-08,92.3929672241211,92.98319395312511,91.77550043386557,92.70169715535499,5624900
2020-07-09,91.66654205322266,92.63814358851371,90.51333547364459,92.29309123325305,10521700
2020-07-10,91.44859313964844,91.82996779976597,90.77664632023374,91.73916529894561,10502700
2020-07-13,91.96620178222656,93.66423744571668,91.73010966914818,91.9752841132881,10167200
2020-07-14,93.79134368896484,93.94570864732209,91.57572644087318,91.7482560577356,10889900
2020-07-15,95.00810241699219,95.28051684320862,94.28167549339278,94.48144514891328,9606900
2020-07-16,94.8537368774414,94.92638164767962,94.18179007220448,94.91729931945319,6412200
2020-07-17,96.1522445678711,96.47913914649634,95.216965550944,95.35317278000241,7548600
2020-07-20,96.13407897949219,96.69705865283056,95.8162598284035,96.37016410092389,6776300
2020-07-21,96.0705337524414,96.82420089483189,95.87076405405304,96.46099081898554,7458600
2020-07-22,96.93316650390625,97.09661380650445,96.00696974104179,96.50638705113384,5648400
2020-07-23,96.49729919433594,97.64143024699526,96.17948693742713,97.24189087957411,6970100
2020-07-24,95.43489837646484,96.39742443605462,94.82651390363864,96.34293738466677,6241000
2020-07-27,96.1522445678711,96.39741896573375,95.09892298058,95.39857057116359,5934200
2020-07-28,96.04329681396484,96.67892836879959,95.86169175703427,96.19766873292357,6239400
2020-07-29,97.05119323730469,97.4416502337693,96.19764139891619,96.26120384355987,5449800
2020-07-30,96.37925720214844,96.5427044963708,95.34409331466932,96.11592506546864,5349200
2020-07-31,95.82534790039062,96.34292981730013,94.57225666150109,96.07959769427076,6920400
2020-08-03,96.81512451171875,97.13293678875915,96.25213781539857,96.42466744912967,8811800
2020-08-04,96.38834381103516,96.82419866311996,95.7890347296836,96.5971889070543,6092900
2020-08-05,96.8332748413086,97.0058044618498,96.58810736855992,96.91500195074983,4406600
2020-08-06,96.31568908691406,97.1238431808855,95.61650215861269,96.71522843325042,5369700
2020-08-07,96.62443542480469,96.64259315697447,95.94340615993673,96.21581370921115,4274000
2020-08-10,96.29756164550781,96.72433425776265,96.04330484563823,96.64261405364665,4640200
2020-08-11,95.68914031982422,96.92407382362782,95.46213058644543,96.83327131583376,8115900
2020-08-12,97.29637145996094,97.60510136677706,96.17040514129746,96.20672060156876,8205500
2020-08-13,97.16924285888672,97.26912769029033,96.51545375434927,97.17831825971477,5323300
2020-08-14,96.97856903076172,97.41442387596298,96.60626971135562,96.98764443285368,3826200
2020-08-17,97.55062103271484,97.92291338586264,97.1056839036109,97.15108169274313,4610200
2020-08-18,97.52338409423828,97.91384111776256,97.01487757406112,97.75039383052479,4220500
2020-08-19,97.20556640625,97.88659557697724,96.99671441233404,97.61418113757156,6308100
2020-08-20,96.8968276977539,97.11475508837356,96.64257792073316,96.7787851377905,4938300
2020-08-21,96.9967269897461,97.12385189720965,96.24305294707801,96.742477174819,6466700
2020-08-24,96.55177307128906,97.49613431139771,95.96154643024784,97.45981192587968,6363200
2020-08-25,97.20556640625,97.24188186556958,96.66981985616201,97.04211912816399,5096500
2020-08-26,97.08753204345703,97.19649922175492,96.04328576674673,97.00581185557465,6995300
2020-08-27,97.85028839111328,98.30430790879764,96.5608676957708,97.25097930243167,7775200
2020-08-28,98.06819152832031,98.12267164005553,97.34175770884785,98.12267164005553,5159600
2020-08-31,98.30431365966797,98.77649093745565,97.77764932567476,97.85936951830035,6721100
2020-09-01,97.42352294921875,98.33156211519773,96.83329610577461,98.17719711965067,10999300
2020-09-02,99.37579345703125,99.63912560652773,97.10569588666989,97.51431067821974,8495800
2020-09-03,96.66983032226562,99.64819710959084,95.97971874809903,99.50291447322235,13337300
2020-09-04,95.9797134399414,97.17832456679012,94.80834930070588,97.00580187863063,14715500
2020-09-08,94.39971923828125,95.86166235995398,94.13638713703352,95.82533997414878,9660200
2020-09-09,96.0705337524414,96.86052328797415,95.08984992096477,95.10800765364183,8200800
2020-09-10,94.5994873046875,96.34292022728408,94.34523753611549,96.34292022728408,9186200
2020-09-11,94.9718017578125,95.42582128684563,94.24537466803243,95.04444654512697,8764300
2020-09-14,96.33384704589844,96.85143588821909,95.55293993733186,95.74362728186655,5846900
2020-09-15,96.46098327636719,97.23281501887067,96.215808873775,96.8332756533353,5580500
2020-09-16,96.29756164550781,97.16927846169233,96.18859444556371,96.97859105763222,7193300
2020-09-17,95.9797134399414,96.30660801342627,95.0989214851605,95.40765140023657,7597300
2020-09-18,95.83443450927734,96.45190129104112,94.94455326316957,96.0977666440665,8649300
2020-09-21,94.06404113769531,94.55633294019891,92.75126299768571,94.55633294019891,8783000
2020-09-22,93.86346435546875,94.15519201879411,93.01562974715817,93.90904962846864,7833300
2020-09-23,92.89710235595703,94.29192523207577,92.80593878042453,94.25545841079578,7681900
2020-09-24,92.43214416503906,92.89708736717252,91.86691895939968,92.56889298394113,8434600
2020-09-25,93.91815185546875,94.17341962162,92.01280726378268,92.1130892902225,6769000
2020-09-28,94.76598358154297,95.50442456855023,94.58365642358342,94.82068729319903,6511100
2020-09-29,94.64747619628906,95.41326559844771,94.27370341781653,94.93008539137821,5402700
2020-09-30,96.1607894897461,96.93569015086928,94.9209456498156,94.93917557893214,7565500
2020-10-01,95.8326187133789,96.99952921342582,95.42237217626742,96.60751956525364,9113200
2020-10-02,94.95742797851562,95.9146559085402,94.54718147536111,94.92096115899069,8628700
2020-10-05,96.90836334228516,97.00864536307337,95.61381551629248,95.64117084905429,6661200
2020-10-06,95.62294006347656,97.2365639879928,95.53177648112398,97.18186027431285,7747200
2020-10-07,97.4280014038086,97.7288405047379,96.27932088783106,96.29755082063424,7873100
2020-10-08,97.90206909179688,98.22114512299322,97.69239353786892,97.99323267851929,5942700
2020-10-09,98.78636169433594,99.07808931907685,98.19378800039291,98.44904880262432,5636300
2020-10-12,99.46098327636719,99.8529929350297,98.90487638953581,99.23307084587353,5065000
2020-10-13,98.70430755615234,99.38804481450993,98.44904675921913,98.86840477637156,6773600
2020-10-14,98.12995910644531,99.07807549338371,97.82000159136977,98.66783596923449,5999900
2020-10-15,97.41886901855469,97.60119614183405,96.75336180345057,96.91745899653557,6197700
2020-10-16,98.38523864746094,99.11456122438197,97.70150133984829,97.7379681642279,7462100
2020-10-19,96.8263168334961,98.94134392549336,96.49812237479519,98.64049784579495,8308500
2020-10-20,96.95394134521484,97.75619750897461,96.78984412583989,97.17273531926976,7421100
2020-10-21,96.47076416015625,97.21831658312848,96.24285175125819,96.94481891031693,5474300
2020-10-22,97.92938995361328,98.10260558844645,96.5983824865458,96.60750092925646,6127100
2020-10-23,98.29405212402344,99.00513764513165,97.73794535385748,98.42168250189752,5697900
2020-10-26,97.2000961303711,97.61945416900197,96.27020951639076,97.50093525340198,8135500
2020-10-27,96.53459167480469,97.32772946289938,96.47989491539664,96.84455620723337,6893100
2020-10-28,93.47145080566406,95.51354436482642,93.35293883821652,94.93920750750021,11431700
2020-10-29,92.7056655883789,93.81787939965389,92.13132179269738,93.40763283769056,15974200
2020-10-30,92.67829895019531,93.13412373679591,91.44756646210627,92.58712842860777,10741700
2020-11-02,94.34661865234375,94.56541957229183,93.3620423339163,94.04577955925092,10287300
2020-11-03,95.72321319580078,96.76249323978554,95.43148558617936,95.50441922741842,9812900
2020-11-04,99.97151947021484,101.57601809534498,98.25761341085247,98.44905903241904,25531500
2020-11-05,100.17206573486328,101.42102831784415,99.98973857844842,101.34809467314413,12864800
2020-11-06,100.20852661132812,100.892263840317,99.5612562025255,100.28146025170062,12311200
2020-11-09,101.14753723144531,104.30185149497065,101.01990682255536,103.85513810852012,20443000
2020-11-10,101.43925476074219,101.80391601635878,100.34527794922731,101.61247042211043,12526500
2020-11-11,101.31161499023438,102.25061989704506,100.81932338400384,102.25061989704506,9935400
2020-11-12,100.93783569335938,101.52129082814946,100.26321699788343,101.12016281473109,7856300
2020-11-13,102.21416473388672,102.60617437491572,101.25692978673784,101.43925694079711,6576100
2020-11-16,102.04094696044922,103.1896274822271,101.53042537536348,103.02553026483025,7586000
2020-11-17,101.37544250488281,101.74922221545516,100.892269283185,101.52130979349694,8898100
2020-11-18,99.48831939697266,101.63070154391323,99.46097102153674,101.59423472488717,9849900
2020-11-19,99.41542053222656,99.5703993399519,98.6769794121569,99.48834723535018,10410900
2020-11-20,99.18749237060547,99.65242872020995,98.84106102540756,99.18749237060547,7674500
2020-11-23,98.93221282958984,99.73446893952907,98.31229081524341,99.67976523318394,7747700
2020-11-24,99.22394561767578,99.89857137365745,98.88663969501987,99.41539816689688,9615900
2020-11-25,98.85929107666016,99.415397924115,98.44904455761885,99.34246428224077,11671800
2020-11-27,99.77094268798828,99.84386937595578,98.94133814492567,99.2604141402055,4443900
2020-11-30,100.04444122314453,100.13560480671806,99.27865877472424,99.80741729692049,12723400
2020-12-01,100.88314819335938,101.98624337601822,100.70993254344836,101.0107785810829,12682400
2020-12-02,101.63983154296875,101.81304722605523,100.89227900512532,100.95609421120942,8552400
2020-12-03,101.5121841430664,101.91331220294519,101.07459621895741,101.60334771431123,9795700
2020-12-04,102.59705352783203,102.61528346067698,101.42102463228711,101.54865502820657,7859600
2020-12-07,101.96800231933594,102.57880585779797,101.59422961495402,102.48764229248538,5803200
2020-12-08,102.7429428100586,102.82499491932089,101.68543252366656,101.72189935496793,7953200
2020-12-09,102.38737487792969,103.16228268187454,101.93155003106104,103.15316423744332,7386400
2020-12-10,102.21416473388672,102.7793830846715,102.00448224691698,102.3691435103706,5411000
2020-12-11,101.81303405761719,102.0409464720589,101.11106688148406,101.79480412480922,5222400
2020-12-14,101.04725646972656,103.09846843804709,100.98344126448113,102.58794679608364,8469300
2020-12-15,102.14122772216797,102.36002169089168,101.21134118325615,101.74921809406491,5007500
2020-12-16,101.84037780761719,102.4147145619961,101.40278988675743,102.0500602797245,5355400
2020-12-17,102.93436431884766,102.99817951551356,101.99535934599982,102.00447778990488,4263700
2020-12-18,103.01641845703125,103.26256082131553,101.9133231294325,103.03464839110086,7876700
2020-12-21,101.98566436767578,102.07720382090051,100.11823018903854,101.49134293944716,6129600
2020-12-22,101.67440795898438,102.04057270588429,101.09770319682488,101.80256457279759,13104100
2020-12-23,101.7476806640625,102.49831553539157,101.67444629027082,102.03145513248742,3920700
2020-12-24,102.04059600830078,102.2328309729202,101.65612607906196,101.79343177949494,1674700
2020-12-28,102.29691314697266,102.80039068089873,102.0222877677378,102.57153852620752,4390100
2020-12-29,102.78206634521484,103.24892664065605,102.43421362579527,102.77291030459486,5053300
2020-12-30,102.76376342773438,103.34046828679719,102.65391189000262,102.99261555999922,3563700
2020-12-31,103.84394836425781,104.00872218296324,102.4342183562253,102.77291505066597,5581200
2021-01-04,103.3953857421875,104.26502799464903,101.7110374795878,104.24671591387458,12911800
2021-01-05,104.1460189819336,104.50303471197503,102.77290627135656,103.21230541170667,11081900
2021-01-06,105.57406616210938,105.84868452737487,102.6905279307388,102.6905279307388,17833700
2021-01-07,106.94718170166016,107.10279947772965,105.54660774900883,105.7113815660274,12407100
2021-01-08,107.45980834960938,107.93582470321843,106.44370430772754,107.13941675622613,9350600
2021-01-11,107.9632797241211,108.13720258838035,107.34995072695676,107.48726339748646,6428200
2021-01-12,106.79154968261719,107.87172491410269,106.30637735320592,107.75272433368784,9225500
2021-01-13,107.0844955444336,107.45065337822325,106.34300986777963,106.73663582471521,5259600
2021-01-14,106.74578857421875,107.66119709849195,106.61763193954152,107.25841511292765,5792300
2021-01-15,107.0753402709961,107.32249750897726,106.03177507238576,106.452862171473,10335200
2021-01-19,107.88088989257812,108.22874959094155,107.31334109463793,107.92666311099835,6194500
2021-01-20,108.47591400146484,108.64984386217415,107.4140367230483,108.06398294443159,6872000
2021-01-21,107.9632797241211,108.44844510718185,107.59711493071273,108.33859357395558,5796200
2021-01-22,107.64290618896484,108.24707928614454,107.50560047052778,107.64290618896484,4796400
2021-01-25,108.34777069091797,108.41184901842843,107.4872843066227,107.70698741581334,6962000
2021-01-26,107.94498443603516,108.92447139497222,107.89006215288414,108.6590020530529,5504000
2021-01-27,104.66781616210938,106.754953640478,104.40235381355815,106.754953640478,13096900
2021-01-28,106.196533203125,107.53302866382383,105.35435214535954,105.55574311604232,12626100
2021-01-29,105.29944610595703,106.79156653655426,104.44811586121564,106.04092480866264,10462400
2021-02-01,105.70220947265625,106.50776635351536,105.53743568066099,106.15991367441954,10105300
2021-02-02,106.00430297851562,107.05701712543915,105.97683485801134,106.53523458005526,11515700
2021-02-03,105.25367736816406,106.05923437192058,104.92412973389709,106.00431209421373,11280300
2021-02-04,105.69307708740234,106.12332025079095,105.02483271432027,105.25368486641945,8451500
2021-02-05,105.88529205322266,106.58100441969385,105.62897880873645,106.41623062195099,5557000
2021-02-08,106.01345825195312,106.4070841941177,105.70222270810858,106.26062246290049,6956700
2021-02-09,106.16908264160156,106.26977115295885,105.9036133341727,106.00430882954271,4730300
2021-02-10,106.36131286621094,106.96547882757618,105.98599203941347,106.93801769078853,5406400
2021-02-11,106.5627212524414,106.82818360742034,106.05924371572918,106.73664414184,4684000
2021-02-12,107.35910034179688,107.47810790833903,106.21483979588923,106.35215245820056,6345300
2021-02-16,106.2972412109375,107.59711964973569,105.94938149913739,107.49642415253174,9531900
2021-02-17,106.68170166015625,106.73662393230276,105.83037152182435,105.94937210614584,5022200
2021-02-18,106.01345825195312,106.44370137292519,105.57406607428874,106.15992696718308,7756600
2021-02-19,104.73188018798828,106.17822017688202,104.64033375921271,106.09583677179836,9390800
2021-02-22,104.48472595214844,104.80511753132983,103.55101235224657,104.22841268880332,7213300
2021-02-23,104.31080627441406,105.0522919831315,103.82564083805146,104.41150177826441,8731500
2021-02-24,105.03396606445312,105.60152183102794,104.10025249648798,104.42980010494918,9842000
2021-02-25,103.98124694824219,105.30859344814722,103.45031533229269,104.88750638114675,14494800
2021-02-26,103.08415985107422,104.34742116618254,102.8186905271141,104.34742116618254,14687000
2021-03-01,104.4298095703125,104.9149749867405,103.89887093255571,103.92633207174778,7361800
2021-03-02,104.12774658203125,104.89668658907924,104.0270510595824,104.64952929653226,8456100
2021-03-03,102.80953979492188,103.85310506216446,102.57153858240234,103.74326049762114,14946600
2021-03-04,101.42726135253906,103.25807829403607,100.63085346874341,102.58067099719327,23441700
2021-03-05,103.45945739746094,103.78900499006399,101.19840444822896,102.02226644572454,15645200
2021-03-08,103.20315551757812,104.84173762119853,103.07499888234638,103.54185918726931,12691800
2021-03-09,103.80732727050781,105.45505841142882,103.76155405103248,103.96294504230357,11022300
2021-03-10,104.04533386230469,105.08889899759542,104.0087166840824,104.49388207350549,11641100
2021-03-11,104.67696380615234,105.25367564870464,104.25587672124867,104.40234543809142,6549400
2021-03-12,104.90580749511719,105.05227620017175,104.29248550672877,104.45725930790903,7452400
2021-03-15,105.62899017333984,105.65645131191617,104.59458104422518,104.71358163939357,7119100
2021-03-16,105.56492614746094,105.93109100741604,105.18045618731429,105.73885602734272,8618600
2021-03-17,105.18042755126953,105.70221006484245,104.54879351441372,105.10719320241427,7524900
2021-03-18,104.96075439453125,105.82123373732321,104.64951183597918,104.6952850600059,8553300
2021-03-19,105.33607482910156,105.95855300082115,104.5396667761031,105.07060547810208,12595800
2021-03-22,106.2528076171875,106.32629615612272,104.74632761027934,105.26992118575043,6156800
2021-03-23,105.17806243896484,106.29873811203669,104.91167174550901,106.12420458674602,9170500
2021-03-24,105.05867004394531,105.8670230986468,105.03110658050028,105.23319659623918,12647000
2021-03-25,105.49955749511719,105.70164745367993,104.12167905937359,105.21479819437086,11505300
2021-03-26,107.49290466308594,107.6306939314432,105.48120657478167,105.76596592333426,8286500
2021-03-29,107.99811553955078,108.36555120443127,107.02441698463201,107.06116125194531,8958900
2021-03-30,107.0244140625,107.70416546860531,106.77639201697025,107.70416546860531,6865700
2021-03-31,107.23568725585938,107.88788222902791,107.07034155785522,107.25406289355558,8504100
2021-04-01,106.91416931152344,107.51125130787189,106.57429014234012,107.41020633887824,6676400
2021-04-05,107.65823364257812,107.98892503191165,107.28161717643574,107.45615068976517,7190900
2021-04-06,107.24488067626953,108.1083534785309,107.08872278895711,107.79603069565336,5206700
2021-04-07,107.00604248046875,107.54801166876587,106.73047098507828,107.18057599999277,5753200
2021-04-08,107.17139434814453,107.6398750279951,107.02442427712944,107.3183714274125,4292400
2021-04-09,108.34716033935547,108.41146104605369,107.1713719835871,107.23567269028533,5919100
2021-04-12,108.4574203491211,108.67787896910096,108.07161601209306,108.19102963786273,8279500
2021-04-13,108.90750885009766,109.2106437866379,108.01647967749564,108.11752465634238,6519600
2021-04-14,108.8983383178711,109.33925553240596,108.70542915222772,108.77891769073446,6226600
2021-04-15,110.76307678222656,111.08458040864923,109.33007817720153,109.33007817720153,8438300
2021-04-16,111.58979034423828,111.71839177745761,110.94677616988915,111.33258046954712,7447400
2021-04-19,111.6173324584961,111.64488890375378,111.04780689291475,111.37849825251017,7094300
2021-04-20,112.04908752441406,112.33384685069139,111.10293836010835,111.10293836010835,8063900
2021-04-21,113.37183380126953,113.43613451335419,112.34302240791493,112.39813530162978,9635900
2021-04-22,112.86661529541016,113.53717885938579,112.43487894170565,113.27997601247722,10030800
2021-04-23,113.61067962646484,113.86788250107679,112.57268030870868,112.81150754470394,4974500
2021-04-26,113.2248764038086,113.55556781956324,113.01359860720036,113.54638000016651,6907100
2021-04-27,112.57267761230469,112.95848191498162,112.38895627180196,112.94010627680508,7034700
2021-04-28,112.23279571533203,112.51755502601301,112.03070574971879,112.38895359485048,6788100
2021-04-29,111.78269958496094,112.37977470210342,111.17642963996633,112.35221825155874,8148900
2021-04-30,111.45201110839844,111.99397333877954,111.24992112139087,111.34177829505255,7153400
2021-05-03,112.71965026855469,112.8390638864381,111.90210955721184,112.05826744404077,13179100
2021-05-04,112.83907318115234,112.9217495451531,112.06746449449608,112.55431383368443,16186300
2021-05-05,113.04113006591797,113.3901970432941,112.81148368953946,112.995204995593,16713700
2021-05-06,113.18811798095703,113.19730579920488,111.81942740860713,112.3981338096875,16115000
2021-05-07,113.96891784667969,114.56599990265877,113.40858005657263,113.45451214097568,7576700
2021-05-10,114.11589813232422,114.9977395133958,114.06996604662423,114.38228180297669,8846700
2021-05-11,112.8849868774414,113.99647464252246,112.6277840238031,113.51881320123019,11357800
2021-05-12,111.81942749023438,112.83905105242928,111.70919469593541,112.27872028743558,10946500
2021-05-13,112.82989501953125,113.34430082271794,111.84700849801185,112.0215350336625,11228000
2021-05-14,113.3993911743164,113.77601463978264,113.11463187679456,113.48206752381594,6590400
2021-05-17,113.18811798095703,113.79438082852904,113.11462945147802,113.27078732043198,5997700
2021-05-18,113.2248764038086,113.87707141592115,112.77476436065473,113.15138786514026,9202000
2021-05-19,113.03197479248047,113.10545632325127,111.69083348418424,112.49000557749729,10063000
2021-05-20,114.2169418334961,114.70379813827176,112.99522818668932,112.99522818668932,7522700
2021-05-21,114.23529052734375,115.42945445123509,114.14343338125619,114.59353830286095,8423300
2021-05-24,114.34554290771484,115.05285076290572,114.29961082267228,114.82320435419732,4958800
2021-05-25,114.00566864013672,114.52007437529389,113.87706720634743,114.51089356448931,6798500
2021-05-26,113.34428405761719,114.01485467323093,112.85743477900495,113.97811040583062,6848800
2021-05-27,113.09626007080078,113.674966468031,113.03195935999743,113.58310931091933,8102900
2021-05-28,113.53719329833984,114.47415465495165,113.46370475894817,113.52800547885266,10059900
2021-06-01,111.67247009277344,113.71173159270947,111.58061291881074,113.67498732147376,13368300
2021-06-02,111.45201110839844,112.05827406116802,111.18562039900239,111.77351472034088,13245100
2021-06-03,111.79186248779297,112.08580959360216,110.79060756771692,111.03862259114113,13244400
2021-06-04,112.1501235961914,112.71046142809162,112.02152216017357,112.37977001883075,11228900
2021-06-07,112.5542984008789,113.54637258334078,112.23279482552154,112.42569697073596,13978500
2021-06-08,112.20523834228516,112.894177578515,111.34176559023634,112.82987686346364,10799500
2021-06-09,113.28917694091797,113.48207909842255,112.49000485275378,112.49000485275378,7965600
2021-06-10,115.22740173339844,115.3560031810984,113.51883163309525,113.56475671684336,9350900
2021-06-11,114.40985870361328,115.10797883217313,113.83114519209927,115.0528659294587,6958100
2021-06-14,114.51089477539062,114.52926340544653,113.70253488787843,114.345549071877,5156000
2021-06-15,114.54762268066406,114.80483253820933,114.06077342903731,114.6302990297952,5409100
2021-06-16,114.10672760009766,115.24577201384277,113.78522397624864,114.66706549091454,11653200
2021-06-17,114.9793701171875,115.28250507945677,113.88625790236465,113.90462653269034,6527000
2021-06-18,113.66577911376953,114.28123678625862,113.50962124521713,114.12507190945435,11152600
2021-06-21,115.03152465820312,115.24362692914809,113.61138150987948,114.026362378528,6655400
2021-06-22,115.2804946899414,115.43726192998227,114.71797032452413,115.10528010660158,7194000
2021-06-23,114.8010025024414,115.39119105407904,114.75489819923371,115.12376076730536,6506600
2021-06-24,115.39118194580078,116.2026964169484,115.26207865004584,115.47418094198721,7029200
2021-06-25,115.91680908203125,116.26723831449458,115.28051633077138,115.34506797323546,8344200
2021-06-28,116.09202575683594,116.23957639114246,115.64938792511936,116.03669778677174,4631400
2021-06-29,116.22113800048828,116.58078390482422,115.95370773189966,116.10125837757698,6165500
2021-06-30,116.1473617553711,116.38712803489184,115.704723893058,116.10125745566455,8542700
2021-07-01,117.18016815185547,117.26316712916041,116.18422263779836,116.23033396247891,12021000
2021-07-02,118.30522155761719,118.415891561999,117.12485173529407,117.32773032692498,12327900
2021-07-06,118.194580078125,118.20379671661635,117.35540866128751,117.95482083651537,11413100
2021-07-07,118.94151306152344,118.94151306152344,117.77035995784007,118.2037740587178,18435700
2021-07-08,118.28678894042969,118.37899752819135,117.21706800973882,117.83492042543041,8386600
2021-07-09,118.69256591796875,119.05221183397528,118.4251286050997,118.71099919587354,5224200
2021-07-12,118.923095703125,119.51328417011209,118.60033044895266,118.69255311334561,9097900
2021-07-13,118.81242370605469,119.19973356186709,118.52655315089812,118.77554308363564,9698800
2021-07-14,118.70176696777344,119.18129948320646,118.48967173008684,119.07986018323415,7487000
2021-07-15,118.28678894042969,118.58187612095004,117.55827355534217,118.06546300163781,8750600
2021-07-16,118.60954284667969,119.04296402566658,118.20378565178112,118.59110957142248,6511000
2021-07-19,117.36460876464844,118.3974420139223,116.40555786212381,117.83491757871789,19460400
2021-07-20,118.79399108886719,119.46717150356729,117.74271041846177,117.74271041846177,15053700
2021-07-21,118.98764038085938,119.31040563522056,117.70582414378413,119.2735109409606,8295700
2021-07-22,119.86370849609375,119.86370849609375,118.766323433508,119.08908871234054,9261100
2021-07-23,121.24695587158203,121.36684252203585,120.22334620171546,120.37089683747352,8303800
2021-07-26,120.46309661865234,121.25616354619183,120.06655611928238,120.90573437063703,6626500
2021-07-27,121.025634765625,121.025634765625,119.97436119057312,120.29711235159311,9551600
2021-07-28,121.45906066894531,121.80947582683152,120.54610697425734,120.85042487248666,7432600
2021-07-29,121.75415802001953,121.93858928764762,121.39451212322344,121.85559732789554,5662700
2021-07-30,121.86481475830078,122.31668332744928,121.38529627359232,121.55128019417512,6634400
2021-08-02,122.03079986572266,122.51033237100454,121.67115400456184,122.34433439674443,8366300
2021-08-03,123.72759246826172,123.76448716162759,122.00313844027794,122.08613039354715,7701700
2021-08-04,123.20195770263672,124.00424136081399,123.04517636898632,123.24805496067287,8322100
2021-08-05,122.69476318359375,123.1281843571937,121.7633621601885,123.10973701096327,8240900
2021-08-06,122.59332275390625,122.75009001741124,121.80947236517913,122.6394340834553,6923700
2021-08-09,123.0636215209961,123.29416409187515,122.6763116904635,122.76853434729587,9852500
2021-08-10,122.77776336669922,123.37716848295433,122.30746154030844,123.12819261256094,5832600
2021-08-11,121.56050109863281,123.16506848632172,121.45906179827985,122.97142059459505,14512500
2021-08-12,122.51956939697266,122.62100871167809,121.59739892554315,121.68039089088268,8220300
2021-08-13,123.28495025634766,123.31261423978566,122.67631447830715,122.8238651041113,7922900
2021-08-16,124.6866683959961,124.70510167308736,122.86076083728133,123.28496542084643,8404200
2021-08-17,126.16213989257812,126.16213989257812,124.29013496204863,124.35469364920019,13874500
2021-08-18,124.2440185546875,126.13447075743854,124.17024323146944,125.99615082090725,12427700
2021-08-19,124.80652618408203,125.452042585837,123.38639010022109,123.42327072123472,11669200
2021-08-20,125.5166015625,125.89469476700648,124.4929919546911,124.92641312645178,7252700
2021-08-23,125.56271362304688,126.31888596525847,125.52581893052786,126.22667737636563,8471300
2021-08-24,125.12002563476562,125.58111065978383,124.76037987809936,125.56267739004586,6548100
2021-08-25,124.77886199951172,125.06473254331395,124.26244887893965,125.00018793884355,6918500
2021-08-26,124.29010009765625,125.12927836800196,124.05034090807209,124.85262449005054,5972100
2021-08-27,124.15178680419922,124.90795910157807,123.94890822098019,124.56676060761944,8679200
2021-08-30,124.85264587402344,125.30451442111064,124.03191480729171,124.04113144536171,6417200
2021-08-31,124.6866683959961,125.4612881699457,124.24401646413585,124.88031630388156,9299100
2021-09-01,124.72355651855469,124.89877115988108,123.5431794383823,124.7881152058664,10571100
2021-09-02,126.06067657470703,126.07912392055273,125.04629769242574,125.18461760826345,6847800
2021-09-03,126.1989974975586,126.37419801574885,125.33215525817285,125.93156025968824,5632800
2021-09-07,125.46127319335938,125.93157498471555,124.64054218224629,125.72869639129864,8739100
2021-09-08,125.40593719482422,125.60881577524803,124.88029339885306,125.21227525125555,6986200
2021-09-09,123.9581298828125,125.51659993926059,123.8843545703603,125.23072939800954,8905600
2021-09-10,122.82388305664062,124.5114566490338,122.7593243717143,124.40078662790354,10561600
2021-09-13,122.06768035888672,123.54315849457227,121.44982793503907,123.46938318066776,11676700
2021-09-14,122.04927825927734,122.9253374699644,121.83716890092117,122.63946685006498,10436300
2021-09-15,122.84233093261719,123.41407210462799,121.70805115618995,121.89248243059303,10299900
2021-09-16,122.52875518798828,123.22961357539633,121.68959096437254,122.99907101558077,10525700
2021-09-17,122.64864349365234,122.75008278420192,121.84635987734296,122.42731756758019,13541400
2021-09-20,121.3687973022461,122.45155086046341,120.31381932827735,121.25775144839204,17245000
2021-09-21,121.55387878417969,122.80318686087915,121.53536643703929,121.9240410022869,11741800
2021-09-22,121.7574691772461,122.36823540967923,121.17445028365029,121.91478882202306,11964100
2021-09-23,122.63663482666016,123.34919789974965,121.94256998245076,122.03510348920743,10366500
2021-09-24,122.13687133789062,122.886458932985,121.87775498701312,122.43301237934038,6962600
2021-09-27,120.39710998535156,121.93329597299821,120.13799359607218,121.78523955111295,11631400
2021-09-28,118.33341979980469,119.62900879428153,117.92623287172545,119.62900879428153,17433400
2021-09-29,119.26810455322266,119.82334794310995,118.62029941717654,118.86091759483426,11171400
2021-09-30,117.8059310913086,120.4156073126279,117.7041343590822,119.66601961204452,21653100
2021-10-01,117.83368682861328,118.38893721171652,115.93657370425285,117.96324501599098,23188900
2021-10-04,116.03836822509766,117.95398659963352,115.45535639298379,117.3524624208796,27580700
2021-10-05,116.732421875,117.91695777342517,116.3530035295939,116.510323159143,19151800
2021-10-06,116.51957702636719,116.62136667964508,115.21473209319169,116.0846287153087,21322100
2021-10-07,118.0650634765625,118.82390039352254,117.10262600716962,117.32472478921629,15806400
2021-10-08,117.4728012084961,118.45374401680942,117.2321900640518,118.23164522368803,9552300
2021-10-11,116.5566177368164,117.99102121098937,116.51960715899371,117.37099165676702,7843400
2021-10-12,115.99211120605469,117.04709624508442,115.70523333513886,116.92678715568675,13007200
2021-10-13,116.17720031738281,116.70468931087898,115.46462313119075,116.18645649211575,10609000
2021-10-14,117.84294891357422,118.30565879382615,117.3802390333223,117.3802390333223,8857900
2021-10-15,118.42594909667969,118.96269416712789,118.20385036629783,118.4537105554285,8976100
2021-10-18,117.62086486816406,118.02805187307064,117.1118881724242,117.90774983089067,11660700
2021-10-19,119.16630554199219,119.47169575496191,118.25939107752244,118.25939107752244,9487000
2021-10-20,120.86905670166016,121.04488868815787,119.76780509846517,119.87885093381837,13665700
2021-10-21,121.35955047607422,121.43358575363445,120.23978631905574,121.11894641459251,8267500
2021-10-22,121.85001373291016,121.89628754340691,121.06341543760308,121.24849655880566,8009700
2021-10-25,121.99807739257812,122.12763558218606,120.96161187571454,121.90552977680804,10629700
2021-10-26,122.59962463378906,122.95128871511673,121.6094326816954,122.27573614063884,9271600
2021-10-27,121.62789154052734,122.92348745609131,121.59088096958324,122.79392927661316,11851400
2021-10-28,122.64586639404297,123.11782533709902,121.85000492171608,121.85000492171608,9282500
2021-10-29,123.83967590332031,123.99699556401454,122.01659789294519,122.48855687502788,15415100
2021-11-01,123.69158935546875,124.45968933181348,123.21961631365707,123.95070571847869,14356700
2021-11-02,124.46895599365234,125.08898552975853,123.09007548689443,124.17281489658298,20851500
2021-11-03,125.20000457763672,125.24627837924548,123.7656155732368,124.22832534776109,14610000
2021-11-04,124.3393783569336,125.10747832150373,123.47873078380029,124.91313399183412,15818500
2021-11-05,122.9512710571289,123.72862027399275,122.06286186586664,123.21963657695629,14867300
2021-11-08,123.6823501586914,123.8396839503937,122.69215831920658,123.17338056722511,8948800
2021-11-09,123.22888946533203,123.8304066162797,122.98827130832586,123.71936077199,7287000
2021-11-10,123.58055114746094,124.08028573605563,123.17337830592017,123.19187653454574,8445400
2021-11-11,123.2196273803711,123.64532665542514,122.923500419242,123.56204227143108,8597300
2021-11-12,123.83040618896484,124.11728403291251,123.14560465716302,124.00623818900601,8317600
2021-11-15,123.06230163574219,124.18206563023267,122.9420066828542,124.11727947647636,6268900
2021-11-16,123.58055114746094,124.24685451839706,122.82171427104132,123.03455686651711,6150900
2021-11-17,123.75637817382812,124.23760039360444,123.1826224523002,123.7193675972844,8229000
2021-11-18,123.80266571044922,124.11730506869957,123.37698048947198,123.88595010749438,9029300
2021-11-19,123.0530776977539,124.58927802667665,122.94203183520544,124.17282780054751,10166100
2021-11-22,122.497802734375,123.65457737414445,122.34048307786045,123.22889221434843,11146200
2021-11-23,122.6273422241211,122.75690039918163,121.55386625395468,121.9240284339042,12075200
2021-11-24,122.58108520507812,122.80317686955958,121.97030488618944,122.39598999030046,6760800
2021-11-26,122.12762451171875,123.74710879540896,121.70192528686167,123.02528264434105,11896900
2021-11-29,122.4607925415039,123.28441552276064,122.33123434627647,122.79394420362934,17137100
2021-11-30,120.05467987060547,122.3127059373121,119.87884788857436,121.75746265386805,19467000
2021-12-01,119.84184265136719,122.23867611540662,119.82333030486049,120.62845498889786,22241400
2021-12-02,120.42485809326172,120.91532935578034,119.23105889144651,119.80482865046991,17531100
2021-12-03,120.64698791503906,121.72972750417902,119.647532727959,121.2670175539079,22111900
2021-12-06,121.33179473876953,121.85927670020263,120.77653719125321,120.96163245428266,15230900
2021-12-07,122.89574432373047,123.19187129778892,121.98883693214668,122.15540570740745,11974700
2021-12-08,123.82115936279297,123.90444374726127,122.62736003561098,123.24738954351514,15144700
2021-12-09,124.1080322265625,124.51521913976275,123.6083118190426,123.70084531336225,9095800
2021-12-10,124.54297637939453,124.80209274796172,123.72860258059303,123.78412549945985,8554300
2021-12-13,125.71826171875,126.06991157415735,124.54297484104818,124.54297484104818,12201800
2021-12-14,125.20929718017578,125.86633730648128,124.58926763136967,125.135261904392,11070800
2021-12-15,127.77272033691406,127.83749238100435,125.36662317521355,125.47766903410303,14996300
2021-12-16,128.5315704345703,129.1793615458984,127.53211523961251,127.76347021657162,19227500
2021-12-17,127.63385772705078,128.67032306449224,127.13413740243612,127.88372494974868,21504200
2021-12-20,126.8609848022461,127.76209283034912,125.76479971448042,127.37192453597228,16185700
2021-12-21,127.39051818847656,127.44625449568251,126.04349128075361,127.22329509180602,10773400
2021-12-22,128.87684631347656,128.95116610013525,127.10251279155625,127.32545797648241,7246000
2021-12-23,129.4063720703125,129.82440847547394,128.83039725593102,129.21128085454373,7743800
2021-12-27,130.77198791503906,130.77198791503906,129.73152489801421,129.87087983759776,6968900
2021-12-28,130.42822265625,131.12495464517238,130.0845060777305,130.89271064886492,6065900
2021-12-29,131.1714324951172,131.44084352270502,130.20530351441082,130.2981926264693,7103600
2021-12-30,131.44082641601562,131.89601560847868,131.27360335599175,131.4129582685199,7931700
2021-12-31,130.88343811035156,131.78454603346077,130.83698647177945,131.28290519201178,7882800
2022-01-03,129.5364532470703,130.56761747289886,128.4216845590253,130.3260745708696,15122300
2022-01-04,127.82713317871094,129.39709107900498,127.27902643742911,129.24846565726705,14304500
2022-01-05,126.91671752929688,128.8768577797846,126.87028006167228,128.10580587153055,15370700
2022-01-06,125.44892883300781,126.89814348523139,125.22598363655084,126.1270916056995,15182000
2022-01-07,124.80793762207031,125.38389823536798,124.54782546283592,125.15165422354801,9619400
2022-01-10,126.08990478515625,126.16422456396603,123.96255604503875,124.25982098522948,15589900
2022-01-11,127.09322357177734,127.1118070636101,125.41177902471341,126.27572003174808,12168300
2022-01-12,126.73092651367188,126.92601774501406,126.1828339792624,126.36862637693748,10831800
2022-01-13,124.761474609375,126.66587816767168,124.53851527533865,126.50793977999078,13804900
2022-01-14,124.54783630371094,124.67789239464845,123.26584471086193,124.42706487103652,14341800
2022-01-18,122.80134582519531,123.51666134984148,122.48549737147346,123.3215701431018,16471400
2022-01-19,122.2996826171875,123.99971036882445,122.17892537830684,123.03358158253634,14639600
2022-01-20,121.50078582763672,123.85110855538463,121.42648020882174,122.5969850683499,15127800
2022-01-21,120.2745590209961,122.25328301556941,120.07946776693201,121.87239934219139,25804800
2022-01-24,119.87507629394531,120.0794521811795,116.04769908765242,119.18764301420404,37938000
2022-01-25,119.1040267944336,120.12589195458706,117.3018038839411,118.28652332627102,19326800
2022-01-26,118.48161315917969,120.37672526191496,117.55263705514427,119.29910957922176,29557400
2022-01-27,118.78817749023438,120.61825446960822,118.3980021383264,119.05758141207728,18483600
2022-01-28,121.21280670166016,121.25925834517392,117.84991750202485,118.68599747259259,20906800
2022-01-31,121.9095230102539,122.13248236515795,120.74830294834669,120.98984579325513,19044400
2022-02-01,122.23467254638672,122.45763190539259,121.25924484142958,122.34614513836473,14674800
2022-02-02,123.87895965576172,124.17622461526054,121.90023616969246,122.1510636675863,13595200
2022-02-03,123.34944915771484,123.81393722177464,123.11720512568495,123.71174928067946,13805600
2022-02-04,122.90351867675781,123.76745948976304,122.0024108884343,122.22537021520071,12004100
2022-02-07,122.68988037109375,123.37731361328603,122.34614957494725,122.94999254517467,9229200
2022-02-08,123.69316864013672,123.90684336056583,121.76091072315559,122.03959222797424,11071600
2022-02-09,124.64999389648438,124.91012021965895,124.15763774645737,124.28769382052019,10811000
2022-02-10,122.69915008544922,124.28769108547012,122.21607860311101,123.2100897133984,14393300
2022-02-11,120.99915313720703,123.46093445999686,120.85051353940214,122.5319582362947,13072300
2022-02-14,119.76360321044922,120.98055969541969,118.86249521355255,120.74831565859171,14386900
2022-02-15,121.11062622070312,121.58441316867376,120.49751268370656,120.8040623646787,8969900
2022-02-16,121.2964096069336,121.64012620928854,120.15375885982736,120.48819080470365,8779200
2022-02-17,119.34554290771484,120.86906291757045,119.16903520702242,120.8040277962424,11906800
2022-02-18,118.4537353515625,119.8750604533152,118.0542753758975,119.23407890083757,13505600
2022-02-22,118.15647888183594,119.12260784159292,117.36684348367842,118.03570744622215,13682100
2022-02-23,117.56192779541016,119.16905247263465,117.4504481123701,118.76030072234627,12022800
2022-02-24,118.03568267822266,118.27721841124207,115.24875481076877,115.4624223991175,23220000
2022-02-25,121.64940643310547,121.94668556218284,118.43515026896405,118.56520634417313,17012300
2022-02-28,120.72974395751953,120.8690847068442,119.32698093074748,119.69857988736459,17987700
2022-03-01,120.06086730957031,121.08273243830124,119.13189127887894,120.09802011377627,14064200
2022-03-02,121.87236022949219,122.53192523263935,120.43244463558091,120.59036885006753,12395600
2022-03-03,122.49476623535156,123.21008166777027,121.45431773368631,122.41116180397796,11172600
2022-03-04,123.1079330444336,123.21940565518001,120.89696509761475,121.25926525759284,12160400
2022-03-07,120.96198272705078,122.56910739122735,120.41387606176845,122.33686336908997,15704000
2022-03-08,118.49092102050781,121.0548903133492,118.41660122107079,120.16308107020974,21794600
2022-03-09,120.72974395751953,121.35215626292104,119.53135681312419,120.42318013395446,15576500
2022-03-10,120.68327331542969,120.94338545658367,119.14116978212503,119.27122585270202,10708800
2022-03-11,119.78218078613281,121.71445277810906,119.66140935693105,121.00842186899156,9869100
2022-03-14,120.62753295898438,122.36471345208231,120.27451756143795,120.74829019363335,14373200
2022-03-15,123.03361511230469,123.16367121849952,121.39860786293828,121.60298376910909,14374100
2022-03-16,124.51063537597656,124.52921886248728,122.39257151525709,123.65597927209387,13840400
2022-03-17,126.4801025390625,126.53585301747975,123.98116849617988,124.1483774062765,10973100
2022-03-18,127.26045989990234,127.41838415929804,126.02491980280979,126.40580346226251,11364200
2022-03-21,127.16351318359375,128.2910725913292,126.5671144820042,127.20078188151393,11473100
2022-03-22,127.19149780273438,127.47104865022952,126.72556076454916,127.29400451990591,8892100
2022-03-23,124.90837860107422,126.81872305159736,124.87110989937327,126.58575456297913,10013400
2022-03-24,126.39937591552734,126.39937591552734,125.10407175624455,125.3743089322385,7189200
2022-03-25,126.98648071289062,127.20080776289049,126.01732373857288,126.82806383078032,7040100
2022-03-28,127.90901184082031,127.94629476119731,126.74416941622687,127.20079276560394,8467000
2022-03-29,128.66383361816406,129.48387296461814,127.89969021023907,128.97133948604247,12327700
2022-03-30,128.9154052734375,129.42793865637765,128.26309652208838,128.68243684657966,10752900
2022-03-31,127.65740203857422,129.35340502774972,127.43374719877761,128.64518603062655,15843000
2022-04-01,128.66383361816406,128.71041593681613,127.1541882613351,128.01151052583123,20785700
2022-04-04,127.59217834472656,128.59860390770774,127.29398607751061,128.37494904284483,16769500
2022-04-05,127.86247253417969,129.38141789774429,127.20083555794776,127.26607358092066,15025100
2022-04-06,129.81004333496094,130.11756344301082,127.45240339251312,127.5362686349082,23197800
2022-04-07,132.30747985839844,132.6429551009425,129.34412706531776,129.34412706531776,18160200
2022-04-08,133.0995330810547,133.64933519605893,132.12106277277903,132.3167625221403,19102700
2022-04-11,130.45306396484375,133.2579999640303,130.25736414198389,132.7175112648567,16570700
2022-04-12,129.18568420410156,130.89101515925375,128.6265541725126,130.1268717307,14085400
2022-04-13,129.81935119628906,129.94981297398303,128.5054055799851,129.17635592791618,15496400
2022-04-14,129.19500732421875,130.6021319075211,129.10181423901213,129.9405093480666,10993400
2022-04-18,127.76922607421875,129.36273663829084,127.22873752673425,129.06453017653388,10125000
2022-04-19,128.989990234375,129.44661358803867,128.05811628595217,128.10471282722693,11733100
2022-04-20,130.72329711914062,131.22651709404067,129.1950241696554,129.34412743771986,13674800
2022-04-21,129.27890014648438,131.23584159912158,128.9900214276974,131.08673831869234,11409700
2022-04-22,124.56358337402344,128.15130360171162,124.43312159588572,128.11402068266236,17525300
2022-04-25,125.40225982666016,125.67249696299321,122.80232405028804,124.20013470275232,16501900
2022-04-26,123.1937255859375,125.31839692055894,123.01666727150786,124.64744658128194,20087700
2022-04-27,122.92350006103516,124.17220778106837,122.31777344273713,123.17509579765256,16726700
2022-04-28,124.61949157714844,125.02951836464992,122.64392347656904,123.79012438216301,15510700
2022-04-29,121.4138412475586,124.05104602729469,121.22746931590497,123.40805077671283,17430200
2022-05-02,120.6590347290039,121.99162186781683,118.70210086137374,121.31134364833598,23615100
2022-05-03,121.04110717773438,122.20594961890099,120.6124389029071,121.03179355714155,13585300
2022-05-04,123.72489166259766,124.1721871169716,119.82965168209566,120.84539073819599,19053500
2022-05-05,121.32067108154297,123.24964275219352,120.07196340882541,123.11918096876434,16119800
2022-05-06,120.93859100341797,121.27406616897355,119.53146656361737,120.14649251774681,21742300
2022-05-09,117.80750274658203,119.61534047996751,117.350886502966,119.58738539908158,17289800
2022-05-10,118.22685241699219,119.48488084694253,117.1365544753767,119.03757821581385,21850200
2022-05-11,117.4440689086914,120.2956008265902,117.30428639887339,117.6397615785831,19987300
2022-05-12,118.58096313476562,118.65551475896216,116.74517026932247,117.01541457480928,17497100
2022-05-13,119.83898162841797,120.21172547707444,118.84186979339903,119.36371686922463,9841500
2022-05-16,120.72428894042969,121.54432845515468,119.67126668830169,119.69922177293606,8839800
2022-05-17,122.38301086425781,122.43892102768454,121.07837876747081,121.98229766091883,9058700
2022-05-18,119.22393798828125,121.85181474864173,118.84186631207753,121.55362252230499,10005000
2022-05-19,119.4848861694336,120.21174675646606,117.84478592841516,118.27344711795651,9672800
2022-05-20,120.93859100341797,121.19951455226487,118.65550284137407,120.28628213130071,12833700
2022-05-23,122.0009536743164,122.47620433940087,121.49774792418404,121.74934368961516,9196500
2022-05-24,122.36437225341797,122.56938567027004,120.86405454969264,121.64682529443574,9031300
2022-05-25,122.32710266113281,123.12851486138504,121.18088741544284,122.28050611777434,8532400
2022-05-26,122.84893035888672,123.31486728012078,122.2804867462105,122.63460335651364,9090100
2022-05-27,124.88976287841797,124.917717962089,122.55074993663257,123.06328350271718,13696000
2022-05-31,123.22166442871094,124.01376281965072,122.22456689042295,123.79010799627278,11740800
2022-06-01,121.45113372802734,123.68762552249703,120.48197685629391,123.66899828135189,9259900
2022-06-02,122.41098022460938,122.43893530958356,119.43829962201302,121.60956794371904,9575400
2022-06-03,120.97589874267578,122.10345840598298,120.81746763762183,121.56296973840033,5852600
2022-06-06,120.99451446533203,122.09413315861221,120.66836710304469,121.84252320196249,7729000
2022-06-07,122.56938171386719,122.69052987971527,120.55653053298428,120.99451243491532,7219100
2022-06-08,121.6002426147461,122.67189202030384,121.2554395678102,122.22459648451012,5372000
2022-06-09,118.85118865966797,121.60022071303767,118.8232335824202,121.19019395438235,7772900
2022-06-10,116.94085693359375,118.03115482987442,116.4842407007443,117.44406970657703,11289000
2022-06-13,113.39973449707031,115.32871314028391,112.92447682855871,114.62980773173356,14886200
2022-06-14,112.31876373291016,113.55815776708837,111.51735158371476,113.26927912364604,9299500
2022-06-15,113.45565032958984,114.64844781563673,111.7223642609174,112.9338032068528,10301600
2022-06-16,111.78759765625,111.86214927820697,110.6600310352782,111.37757084512062,9383300
2022-06-17,111.72236633300781,113.49292824466168,111.68509052217327,111.8248730353943,13724900
2022-06-21,114.73005676269531,115.24475400684861,112.91459413894641,113.28891161871432,7987200
2022-06-22,116.3209457397461,117.6029982238778,113.94399238962481,114.00013858903235,10188900
2022-06-23,118.93183135986328,119.0254178684871,116.86369660501482,116.86369660501482,11943300
2022-06-24,120.90637969970703,120.92509985620012,118.99733783698288,119.80213321463911,10448100
2022-06-27,121.35556030273438,121.87025749801536,120.52269185193249,120.90637651380514,8963600
2022-06-28,119.24065399169922,122.20716364677196,119.01606207015055,121.5988941567297,7518700
2022-06-29,120.27938842773438,120.87830491347417,119.21256799128237,119.39972671570817,9157700
2022-06-30,120.00801086425781,120.69114663662832,118.74466448093165,119.65239929102324,10697600
2022-07-01,121.35556030273438,121.51466020979002,118.71658947856808,120.05478790700344,9366600
2022-07-05,120.6537094116211,120.6817967864385,118.07088466856186,120.18580544719977,9987000
2022-07-06,121.4678726196289,122.09486222153501,120.6069310343565,120.82216286085064,9033300
2022-07-07,121.98255920410156,122.14164482540559,121.22454284947237,121.29005625316529,6805500
2022-07-08,122.3475341796875,123.5640730679449,121.51466569131493,121.63631101256317,6505800
2022-07-11,122.03871154785156,122.72184731598733,121.53336728593553,121.66437982063684,7027300
2022-07-12,120.48528289794922,122.47855855526711,119.94251253137872,121.65504292608466,9280400
2022-07-13,119.3155288696289,120.27941003893777,119.00671049315648,119.46526158779093,9296500
2022-07-14,118.96925354003906,119.14705932241337,117.19122427488624,117.94922637507554,7784800
2022-07-15,121.84219360351562,121.89833979645927,120.20452967261005,120.73794706416722,9684800
2022-07-18,119.26872253417969,122.07614643508292,118.86632482279764,121.96385404842164,7047700
2022-07-19,121.29942321777344,121.50530211133743,120.01737088182196,120.54142105478618,6585700
2022-07-20,120.10157775878906,121.29005774348056,119.61496081127783,121.13097212022181,7599500
2022-07-21,122.00129699707031,122.00129699707031,120.1484009638129,120.45721934923887,9507700
2022-07-22,121.49595642089844,122.51598373122403,120.75666009191227,122.2820317272431,8657100
2022-07-25,122.13230895996094,122.35690804261331,121.47724615134771,121.58953855302475,5489000
2022-07-26,122.75926208496094,123.5172784082812,122.15099271808148,122.47853116442828,7482400
2022-07-27,123.52664947509766,124.07877273890225,122.11358461028519,122.68442803130408,7680700
2022-07-28,124.312744140625,125.22047913678267,121.58018621173221,123.68575442934157,11052600
2022-07-29,123.90093994140625,124.12553894114168,123.03064559110582,123.68570815788459,8309500
2022-08-01,122.98387908935547,123.88226100434707,122.70313384846457,123.2084781379274,7665400
2022-08-02,122.54405212402344,124.27530259872628,122.47855299065826,123.28334842462277,7935100
2022-08-03,123.66702270507812,124.15364686806929,122.87159446482978,123.20848591931644,6825700
2022-08-04,123.05874633789062,123.98520135580998,122.86222038404244,123.95712825944541,5493000
2022-08-05,123.01195526123047,123.06810145495328,122.00128093633067,122.29137912342945,8883400
2022-08-08,123.30207061767578,124.11623337791487,122.67508090163778,123.24592441613484,7075100
2022-08-09,122.92774200439453,124.0507087718593,122.63764380305666,123.461145150239,5802500
2022-08-10,124.26593017578125,124.35951668157952,123.54536834245928,124.23785707990096,6736300
2022-08-11,123.46112060546875,125.10815153098868,123.19909555446228,123.891598491719,8471400
2022-08-12,125.04264068603516,125.09878687249997,123.554709627539,123.76058849743974,7515500
2022-08-15,125.6696548461914,125.83810771787208,124.5279821794554,124.9771660384415,7486100
2022-08-16,125.33273315429688,125.75385809228266,124.84612337413007,125.39824655506585,7138400
2022-08-17,124.60282897949219,125.32340513475299,124.41567023611579,124.60282897949219,7251800
2022-08-18,124.05070495605469,124.81807436245121,123.3862892790984,124.56540220677228,7053600
2022-08-19,124.38761138916016,124.9865280041582,123.87291407643565,124.05071990076762,5946500
2022-08-22,122.75926208496094,124.01325540694761,122.34751864174837,123.62021783890785,6420400
2022-08-23,121.04676818847656,122.34754071233905,120.70987674377062,122.21652816602544,7501900
2022-08-24,121.19647216796875,121.66437610321898,120.75664132648994,121.16839907419734,6719500
2022-08-25,122.53469848632812,122.57212452242398,120.85959421528534,121.71118289925474,5636600
2022-08-26,119.11898803710938,122.58148153896146,119.02540867536152,122.57211432124473,9044500
2022-08-29,118.2861328125,119.02542199041137,117.66849610450501,118.39842520330022,6727700
2022-08-30,117.50005340576172,118.70724661550362,117.20995520252288,118.70724661550362,7910500
2022-08-31,116.75138854980469,118.62300423673484,116.73266839473293,117.88371518363977,8954500
2022-09-01,118.6697998046875,118.7259531347317,116.40514635649423,116.56423198904919,11212400
2022-09-02,116.96662139892578,119.46523378939675,116.46128430218944,119.35293427690623,9730300
2022-09-06,117.07891845703125,118.5481364679908,116.7513871436926,117.42516992521621,9663400
2022-09-07,118.98798370361328,119.18450251872254,116.67653689692872,117.050861509367,9038300
2022-09-08,121.05610656738281,121.09353259927234,118.3048291464181,118.54814119158475,9394800
2022-09-09,122.1229476928711,122.45048621449428,121.13099346756293,121.35557825560414,8880400
2022-09-12,122.93708801269531,123.57344485526829,122.26330513434573,122.59084363440046,7982400
2022-09-13,118.87567901611328,121.2526391309356,118.55750775012783,120.98124683754544,11928500
2022-09-14,118.94117736816406,119.97056458441793,118.15510219418206,119.26870869065657,8080100
2022-09-15,119.6056137084961,120.74730056801125,119.33422854191886,119.45588814672999,8624200
2022-09-16,119.26872253417969,119.53075476223513,118.35163472475429,119.23129649839139,10810100
2022-09-19,118.62608337402344,118.6542683703309,116.93491191450667,118.51333622068668,9430100
2022-09-20,117.23554992675781,118.0059707963118,116.51210882421931,117.82746345148627,9010600
2022-09-21,115.29071807861328,118.48514901587633,115.26253308283117,117.70533068140641,11642400
2022-09-22,115.90142059326172,116.69062915659639,114.62364820377113,115.11220486182019,9505600
2022-09-23,115.30950927734375,115.51620162936935,113.8720100240902,115.28131711432947,16611100
2022-09-26,114.21023559570312,115.17795857702417,113.70288422170736,114.62363460446396,10450600
2022-09-27,113.86261749267578,115.75108379421656,113.40223869150837,115.00885504969439,13239900
2022-09-28,116.35238647460938,116.93490263512997,114.71759230554363,115.4598282112032,16360000
2022-09-29,115.37528228759766,116.28662822923596,114.59546393924798,116.0047710982914,10791700
2022-09-30,113.7874526977539,116.1832775691,113.65591794548693,115.38466449991371,12389800
2022-10-03,116.12690734863281,116.56849140109348,114.26662593082389,114.61425043910474,9326800
2022-10-04,118.82337951660156,118.87035211870662,116.8221588625354,117.09462575992819,13717900
2022-10-05,119.2179946899414,119.83809330656348,117.62078271009024,118.06236678530162,9913400
2022-10-06,117.69593811035156,119.14282768727264,117.3858959759526,118.77640839089536,9399300
2022-10-07,115.20616149902344,117.01007288521454,114.5484805447346,116.80337336152681,10068700
2022-10-10,114.48272705078125,115.6383621787807,114.04114295445713,115.4786424067806,8377800
2022-10-11,115.09339904785156,116.31480125192819,113.95655898681689,114.24781345796049,10792900
2022-10-12,114.52970886230469,116.14571572517677,114.50152386299305,115.45984968012705,9292800
2022-10-13,117.1979751586914,117.75230633943211,112.6975870079623,112.88549892012293,14063600
2022-10-14,116.40877532958984,118.75762064629623,116.05174625386196,117.88384990175717,11442300
2022-10-17,118.27845001220703,118.51333453557199,117.01007501965765,117.15100716729798,8420400
2022-10-18,118.93611907958984,120.07296643539102,118.35361007240296,120.03538405297469,10016700
2022-10-19,117.27313232421875,118.57908956465594,116.24903934970433,118.56969217763024,7676200
2022-10-20,116.2772445678711,117.92143634616296,116.12691502173577,117.0664531807597,7196600
2022-10-21,118.88917541503906,119.20861499116909,115.57260641669632,116.1926979572286,8433100
2022-10-24,121.18163299560547,121.54805232007747,119.8850728604051,119.8850728604051,7411300
2022-10-25,122.1023941040039,122.24331910335431,120.74945676537762,120.81521698633594,7174200
2022-10-26,123.45530700683594,124.60154469516698,122.44061842209103,122.47819364010533,8277100
2022-10-27,122.80703735351562,123.75596571979875,122.61911825537179,123.7371709427415,6496800
2022-10-28,124.82705688476562,124.92101644757625,122.60974596286967,122.99496009969018,6267100
2022-10-31,124.72367858886719,125.21224239860922,123.89688050102885,124.1787447888113,7852800
2022-11-01,124.798828125,125.49409137185593,123.4646859509344,124.87399288165022,8033300
2022-11-02,122.67549133300781,125.9262849912003,122.60971678744836,124.50758768212937,10228700
2022-11-03,122.15874481201172,122.8352133744946,120.91854766872198,121.7829209794027,7916600
2022-11-04,122.90097045898438,123.34255449093459,121.17222388159497,123.07948498290634,8082200
2022-11-07,124.21632385253906,124.54515354701194,122.63789257594846,123.09827135166488,6054400
2022-11-08,124.83641815185547,125.79475099262443,123.3895358391921,124.24451891932704,8930700
2022-11-09,123.49288177490234,125.4753076047807,123.34255224841566,124.63911932599102,8963500
2022-11-10,126.6309585571289,126.88463788748888,124.6391421432893,126.33970400637486,12416800
2022-11-11,125.0807113647461,126.4900185093847,123.45530013585577,126.47122373331636,10487200
2022-11-14,125.1934585571289,126.68732077576828,125.14647878235989,125.45652809237806,10552600
2022-11-15,125.03372955322266,126.51820144170732,123.99084170975239,125.9920624100851,8184100
2022-11-16,124.97737121582031,126.18936914552053,124.76126711494261,125.34379052816826,6122200
2022-11-17,124.92101287841797,125.42835722893702,123.88751506189536,123.99086484354761,6498700
2022-11-18,126.43363189697266,126.64972161660454,125.56924434602166,125.98264334789951,6720700
2022-11-21,126.48999786376953,127.03493159109837,126.02961911062674,126.17054406760347,7995200
2022-11-22,127.58929443359375,127.68323965481454,126.7718864253005,126.79068120403092,5931100
2022-11-23,128.09664916992188,128.28455396383535,127.28864565349882,127.60809957299023,5340600
2022-11-25,128.857666015625,128.9610157971853,128.22817710474544,128.24697188399716,3256000
2022-11-28,127.88990783691406,129.2240500751551,127.63624289925558,128.46302658975534,5026800
2022-11-29,127.5704574584961,127.82413671069271,126.884598791961,127.61743722167486,5439600
2022-11-30,130.61460876464844,130.69916376466696,127.08193584424015,127.7584045168198,9377400
2022-12-01,130.99038696289062,131.68565024776575,130.28573345900003,131.36621076669294,15140200
2022-12-02,131.32862854003906,131.50714306477118,129.67504671975507,129.67504671975507,7779800
2022-12-05,130.0696563720703,130.7837001643669,129.62807231982222,130.48305542832074,6921500
2022-12-06,129.08314514160156,130.2387730455743,128.44426608451562,129.82537396806487,8171500
2022-12-07,130.1448211669922,130.52063067118087,129.04556331421597,129.0831385301494,7427000
2022-12-08,131.31924438476562,131.46955958539618,130.116636762439,130.37030172762326,6765000
2022-12-09,129.637451171875,131.53532197450372,129.5998759592443,131.1407177289257,6203000
2022-12-12,131.01858520507812,131.01858520507812,129.72203237543306,129.72203237543306,5669700
2022-12-13,131.42262268066406,133.1983495035259,130.51126937798833,132.8037451358029,9886500
2022-12-14,131.6293182373047,132.73796652189745,130.52065561649553,131.36624866685162,10882200
2022-12-15,129.21466064453125,130.78368739209594,128.7542818611739,130.45485769216546,8746700
2022-12-16,127.3355712890625,128.32208895788185,126.6309178593645,128.23753398700865,10843900
2022-12-19,126.86012268066406,127.52993455153336,126.28464300815727,127.2940824627235,6801600
2022-12-20,126.83181762695312,127.32239398705656,126.1431335797772,126.90729202045124,4815500
2022-12-21,128.50167846679688,128.89790831043697,127.20919902951341,127.60542887315351,5937500
2022-12-22,128.32241821289062,128.3601482160346,126.6620101691524,127.78466850001536,5483300
2022-12-23,128.39784240722656,128.520475665944,127.45443434955484,128.19972038119909,3766900
2022-12-27,128.06768798828125,128.74694317564175,127.55825379539561,128.64316767770418,7050500
2022-12-28,127.23750305175781,129.11489119720463,127.19034414176538,128.4922381163704,5054200
2022-12-29,128.6243133544922,129.2846964352923,127.73750704801569,128.02997577940786,6297300
2022-12-30,128.1620330810547,128.3224107768458,126.86012492134313,128.1903341805902,6369500
2023-01-03,127.7940902709961,128.61485085737368,126.82236651166107,128.26579440482556,7239200
2023-01-04,128.13372802734375,128.84128428443557,127.3035240792033,128.51108560635183,8469800
2023-01-05,126.82237243652344,127.59597416187324,126.32236718292647,127.28464769156918,6714200
2023-01-06,127.99223327636719,128.3412898252676,126.04881401177822,127.67147783168724,7175700
2023-01-09,125.85065460205078,128.16201632727814,125.68084802703531,128.1242719359853,7719500
2023-01-10,126.90731048583984,127.10541820173759,125.61483110261942,125.80352431145445,7675200
2023-01-11,127.62431335449219,127.64318555703522,126.40732260301237,126.99223132439168,7307200
2023-01-12,127.21861267089844,127.74691900592892,125.98273572862671,127.35068925465606,7580500
2023-01-13,127.78468322753906,128.17148418187793,126.46391703622564,126.52051924510025,6334100
2023-01-17,127.1903305053711,127.93561682566198,127.02050950368158,127.71863691903604,6664100
2023-01-18,125.39783477783203,127.52050354202737,125.27518708719249,127.19031926031386,10629100
2023-01-19,125.69974517822266,126.19975049761454,124.77519454647097,125.02991885483279,9902300
2023-01-20,126.3318099975586,126.42614219121133,125.02047302505818,125.98273913476523,5962200
2023-01-23,126.76575469970703,127.47331084676101,126.12424403610608,126.40726937398101,7211000
2023-01-24,125.92613983154297,126.86954816134681,125.1148080921009,126.13369081572131,5754800
2023-01-25,125.9638900756836,125.99219117527048,124.72802740949169,125.08651280268202,5999000
2023-01-26,126.19973754882812,126.3695441401327,125.21858481483888,126.25633974592965,6861100
2023-01-27,125.34123229980469,126.14313514481117,125.18085460985715,126.01105855336797,5854600
2023-01-30,124.20913696289062,125.88840254106023,124.0204581869115,125.10537194524238,7055400
2023-01-31,125.81294250488281,125.8318147032141,124.36952883083342,124.49217652708255,6290600
2023-02-01,126.40727996826172,127.18086726833697,124.86951987329833,125.812928148438,11843000
2023-02-02,125.54878997802734,125.71859657810488,124.65255488865576,125.48274448115079,11274600
2023-02-03,125.18083953857422,126.03934447722874,124.76573761679545,125.63367145539328,10046800
2023-02-06,124.48274230957031,125.2657730518308,124.31293569801217,125.00161983700444,7328300
2023-02-07,125.2846450805664,125.6525738003775,123.61480809283736,124.04878231390019,7551000
2023-02-08,124.9167251586914,125.61483824811798,124.72804633439428,124.83182184704843,5614100
2023-02-09,123.82234954833984,125.70916630336217,123.62422745514395,125.22803321312847,8085700
2023-02-10,124.9921646118164,125.12424119141467,123.8223331958979,123.99213977169529,6198600
2023-02-13,126.02991485595703,126.039358152192,125.01103213611752,125.01103213611752,6300300
2023-02-14,125.2846450805664,126.42616124409314,124.65256314628942,126.19975242899126,6905900
2023-02-15,124.66197204589844,124.96386961128745,124.23744119042983,124.79404863193908,6491900
2023-02-16,123.41669464111328,124.52048074922376,123.15252704365986,123.52045574636335,8008000
2023-02-17,124.5204849243164,124.74689373648228,122.71857135272103,122.83177575880397,10798800
2023-02-21,122.90724182128906,124.124246685181,122.72799192697401,123.61479810183621,9066200
2023-02-22,122.49214172363281,123.33177461369435,122.23743182329936,123.03932031646511,7318900
2023-02-23,122.82233428955078,123.44498724983787,121.92609924413269,122.46383451327598,9955500
2023-02-24,121.2374038696289,122.02043454043604,120.8789184795175,121.78458244905808,9008000
2023-02-27,120.86946868896484,122.23742226167668,120.59588661158357,121.89779469252875,6463900
2023-02-28,119.97322845458984,120.67135575951501,119.86945296865863,120.59588137017705,10282800
2023-03-01,119.77513122558594,120.03928442954881,119.256260917126,119.39776642093827,11101000
2023-03-02,120.51097869873047,120.8506134727789,119.237378885995,119.237378885995,10203100
2023-03-03,121.86004638671875,121.9072196799994,120.46380615627324,121.0675868825687,10048000
2023-03-06,121.80345153808594,122.36005900466624,121.5204261566026,121.94495703119318,8153400
2023-03-07,119.8411636352539,122.19025564994729,119.63361264301902,122.04873575782209,9604400
2023-03-08,119.19963836669922,119.96380399115017,118.71849811391665,119.5958681289276,10793200
2023-03-09,117.99207305908203,119.86002461675845,117.51093282189305,119.66190254443113,13270300
2023-03-10,117.12415313720703,118.77511782082316,116.67131394274159,117.79397223084368,20483200
2023-03-13,118.21849060058594,119.83171791391516,116.60526328725672,116.746775970384,21294200
2023-03-14,119.27510833740234,119.64303698835192,118.08641189714697,119.0203912704503,14582900
2023-03-15,119.17134094238281,119.34115473109132,117.77509343548678,117.99208052013883,17244600
2023-03-16,120.28455352783203,120.34115572036701,117.94489786872394,118.27509651886821,16011400
2023-03-17,118.73738098144531,120.2751340716982,118.36001618451922,120.18079467187539,15071400
2023-03-20,120.24230194091797,120.42225098860094,118.93532298991218,118.93532298991218,10592100
2023-03-21,120.9715576171875,121.11361504155067,119.9771122923957,120.70636689839029,8816300
2023-03-22,119.1436767578125,121.48298534200846,119.12473095086463,121.03785281294016,10480000
2023-03-23,118.91637420654297,120.35595210057055,118.23446964892027,119.63616315355677,10092300
2023-03-24,120.56430053710938,120.67794646817583,118.35758384993791,118.80271634850212,8163700
2023-03-27,121.05679321289062,121.96599686592644,120.91472856148009,121.41668406751678,9455400
2023-03-28,120.32752990722656,121.36931800708666,120.03392772199986,120.93366563212817,8037400
2023-03-29,120.65901947021484,121.0757333003048,120.13811815046688,120.92420296910166,8183100
2023-03-30,121.31250762939453,121.35039924505413,120.54536860358422,121.31250762939453,6820400
2023-03-31,122.61002349853516,122.6763121463182,121.65345533327361,121.71975843247321,9202500
2023-04-03,123.98330688476562,124.12536431947981,122.36377987193605,122.70473216666767,8937300
2023-04-04,124.00223541259766,124.72203160250714,123.77494352224076,124.11589580919335,9052600
2023-04-05,126.14263916015625,126.36046532980514,124.55152398039694,124.69359583562272,12325800
2023-04-06,126.4552001953125,127.01397867520392,126.02901346406341,126.63514923663065,8276300
2023-04-10,126.36994934082031,126.43625243982825,125.45128724386409,126.11424597686079,8024300
2023-04-11,126.79615783691406,127.26022175109408,126.58779730145542,126.66356608266014,8887500
2023-04-12,126.83401489257812,127.76215702520082,126.60670858500285,127.28861305631362,8988600
2023-04-13,128.4819793701172,128.6240368092556,127.09922433969174,127.3738879905834,9373500
2023-04-14,127.44966125488281,128.46303807633063,126.97611717255316,128.18838886720357,6632100
2023-04-17,127.345458984375,127.62957382356737,126.68248582248339,127.48751640397118,7187000
2023-04-18,126.4741439819336,127.60118118187403,126.30367505324588,127.60118118187403,7194200
2023-04-19,126.86246490478516,127.05187965958535,126.12373724507076,126.51204688583381,7048100
2023-04-20,126.34152221679688,126.5309513611331,125.7448666566649,126.2562877726944,6672000
2023-04-21,127.19392395019531,127.62011066882462,126.63514548684984,127.03292072099829,6535900
2023-04-24,127.90424346923828,127.94212063244505,127.0045127160562,127.32651918327223,6299800
2023-04-25,126.54042053222656,128.10310985625134,126.36047151098664,127.71481478303457,7752000
2023-04-26,124.74095916748047,125.50809808807749,123.99275160069972,125.42284919024384,10128800
2023-04-27,125.3944320678711,125.5743810809373,123.70861676348412,124.79777651836379,10008900
2023-04-28,126.46467590332031,126.8245740145005,125.04404371887374,125.24293858332014,7917300
2023-05-01,127.11815643310547,127.62957761024126,126.39837473343604,126.64461241851379,6793900
2023-05-02,126.56886291503906,127.71484596347655,125.65965190995144,126.9098152355196,14365800
2023-05-03,126.39838409423828,127.76217881807231,126.21843504314015,127.15604301256245,8961500
2023-05-04,125.3944320678711,125.9437447835521,124.86406515656927,125.86797601744978,9625300
2023-05-05,126.521484375,126.95715122024592,125.80170268656788,126.2184237251293,7650300
2023-05-08,126.2468490600586,126.36996068847385,125.65964459974668,126.33208352236558,5305700
2023-05-09,125.4039535522461,126.36050744334399,125.36606193099156,125.76383724564869,6452700
2023-05-10,125.75434112548828,126.0668818937968,125.01561365545567,125.763806802801,6556600
2023-05-11,125.36604309082031,125.56493794396832,124.57995825924392,125.48916916426514,8764800
2023-05-12,125.195556640625,125.82063814706692,124.63677822641861,125.5554546809549,6626800
2023-05-15,124.97775268554688,125.29975917288377,124.43790552905476,125.21452471178006,5725600
2023-05-16,123.93592071533203,124.75988254754638,123.90750923500839,124.71252526320222,7106000
2023-05-17,124.08746337890625,124.24846659120668,122.70470865648076,124.14428634190466,15512700
2023-05-18,123.7844009399414,123.98329578214795,122.82784724521694,123.82229255341707,12196900
2023-05-19,124.36213684082031,125.19557899824693,124.01171886618305,124.0685418402953,9277000
2023-05-22,124.4852523803711,125.3565716296361,124.19165740470115,124.54207534967284,12856100
2023-05-23,123.1214370727539,124.16323962855117,122.84678791790681,123.98329060060294,8723100
2023-05-24,122.27853393554688,122.91308117008205,121.99440464136582,122.88466968580558,7952900
2023-05-25,121.02838134765625,121.85235054268303,120.19494647475128,121.69134731025395,13737000
2023-05-26,120.78213500976562,122.05122949847325,120.55483590632853,120.91472675557961,8794900
2023-05-30,120.03392791748047,121.10414195358699,119.73086005453611,120.17599255885924,12114500
2023-05-31,121.0662612915039,121.27462180850753,119.38044580041344,119.70245225344958,15099100
2023-06-01,121.86180114746094,122.09857312787912,120.24228166848545,121.17989668774338,9751900
2023-06-02,123.42450714111328,123.64233332067639,121.96598362233227,122.25011289430137,10293000
2023-06-05,123.86964416503906,124.42843711775426,123.54763768477423,123.69917524657555,7880200
2023-06-06,122.83731079101562,124.40948034039599,122.29747814539466,124.37160317899396,9413500
2023-06-07,122.35430908203125,122.90362189234096,122.17436003796567,122.73313852638839,7519600
2023-06-08,123.14039611816406,123.31086503575942,121.96600169731059,122.37325708615046,6583100
2023-06-09,123.51921081542969,123.94539750992898,122.49635407778209,123.1687928923949,10446100
2023-06-12,123.96434020996094,123.99275169212139,122.9698949800995,123.45291907965756,7321100
2023-06-13,124.58943939208984,124.77885411716454,123.56658253498591,123.6897086094222,8362700
2023-06-14,123.31085205078125,124.05905964744072,122.83730806099223,123.95487939163051,12401600
2023-06-15,125.2239761352539,125.39444503805575,123.30138865721459,123.32033446355345,10598600
2023-06-16,125.21451568603516,126.19948088554293,125.0819239389588,125.54598782801779,10535000
2023-06-20,125.07379150390625,125.62536560467146,123.99917174630274,124.01819554588978,8585100
2023-06-21,125.0927734375,125.52072902463325,124.18933905192668,124.7694414697629,9444800
2023-06-22,125.94866180419922,126.12935157159208,125.12130814393007,125.28297411714914,8036400
2023-06-23,125.5302505493164,126.04377700767398,125.1878947401093,125.77750187950248,8096500
2023-06-26,124.8170166015625,125.4161429247402,123.60925931120202,125.21642931337867,7092800
2023-06-27,124.53170013427734,124.95013658611789,123.66629879168937,124.81699903425088,8578200
2023-06-28,124.13227844238281,124.53169106890832,123.7328658158573,124.5031626320782,10897800
2023-06-29,124.94063568115234,125.01671635748163,123.63777405150812,123.84699228368733,7843300
2023-06-30,126.22444915771484,126.51925268618068,125.3685670098525,125.44464768024758,8260900
2023-07-03,125.18787384033203,125.86308070248265,124.65532367289681,125.86308070248265,5240300
2023-07-05,125.1213150024414,125.38759009185728,124.63630254529502,124.92160142992748,7942100
2023-07-06,124.12275695800781,124.5887310369403,123.80892968455635,124.2844229150764,8213100
2023-07-07,122.6772689819336,123.87550685038997,122.61069295601197,123.43806114911857,8749700
2023-07-10,123.64728546142578,123.79943229365024,122.67727503761006,122.68677967996648,7476500
2023-07-11,123.67583465576172,124.07524736532952,123.13376522147962,123.47612104552442,7278300
2023-07-12,123.34295654296875,124.10374870926759,123.14325748724377,123.98963496313904,11900400
2023-07-13,123.3905258178711,123.97062829232583,123.26689290188554,123.65680093622025,7526200
2023-07-14,125.24494171142578,125.644354372074,124.18934592581795,124.32248347936736,13298600
2023-07-17,124.67436981201172,125.17839163301605,124.20838107653891,124.91211650157626,7905000
2023-07-18,125.5968017578125,126.07229503710597,124.49365386723484,124.7218813543176,8130300
2023-07-19,126.17691040039062,126.96623111527082,125.95818751896054,126.21495799510366,12484000
2023-07-20,128.2690887451172,128.79211981326054,126.92819403634857,127.02329850923203,12650200
2023-07-21,129.56240844726562,129.96182104355128,128.17396174607035,128.3926845821762,11308900
2023-07-24,129.277099609375,130.14250075663566,129.16298587950382,129.56239844495454,12034000
2023-07-25,129.22007751464844,129.7431085912283,128.24056237395115,128.4117330148161,7802900
2023-07-26,129.1344451904297,129.55288155513077,128.26905853896358,128.60189509386538,8205300
2023-07-27,128.1834716796875,129.79064128334448,128.15494324383943,129.3246671572237,8800800
2023-07-28,128.56390380859375,128.78262670272593,127.83163993235202,128.57340845237115,6897600
2023-07-31,127.5748291015625,128.38317340514084,127.09933586672864,128.33562117947704,9735900
2023-08-01,126.9091796875,127.74605267627979,126.59535231670758,127.28006394190807,10555300
2023-08-02,126.99476623535156,127.8031107901045,126.65241041945586,126.93770935118668,13873000
2023-08-03,126.35758972167969,126.73799308274235,126.11033842016732,126.5763270958799,11863400
2023-08-04,125.91061401367188,127.1754278724877,125.59680122027616,126.39562644345355,12631200
2023-08-07,127.36561584472656,127.48924873405494,126.2244349391571,126.29101095984238,8165600
2023-08-08,128.34515380859375,128.50681978410546,127.47023339503092,128.1739686804085,12601200
2023-08-09,128.30712890625,129.0013451617015,128.1454629021534,128.231048225927,9833600
2023-08-10,128.2215118408203,129.83818599247925,128.08837431094022,128.62092443046058,9541700
2023-08-11,129.02037048339844,129.17253184584163,127.87918928688691,128.18349750086708,7674400
2023-08-14,129.41026306152344,129.81918034943223,128.9252651014888,129.0393788542253,8723300
2023-08-15,128.9347686767578,129.46731886632637,128.79211197611343,129.08693001975007,9118500
2023-08-16,127.95524597167969,129.14397918488572,127.92671753543502,128.72554277209264,9462400
2023-08-17,126.93769836425781,127.9457419263379,126.88064148503143,127.49879153542945,11163800
2023-08-18,126.9852523803711,127.31810352839712,126.57633506624724,126.6904488262994,9463000
2023-08-21,127.11837768554688,127.27053902488782,126.53827527635046,126.93768790894248,6872400
2023-08-22,126.67140197753906,127.23248054356381,126.60484046659003,126.92817240183452,6939400
2023-08-23,127.05181884765625,127.71750658267828,126.68093464450796,127.43220769312475,7276800
2023-08-24,125.94866180419922,127.80308268630418,125.94866180419922,126.80454390027742,10241700
2023-08-25,126.87113952636719,127.31810443763736,125.92965746649703,126.35759858065418,8509100
2023-08-28,127.16596221923828,127.72704097581004,126.6999734407303,127.31812359722957,6768400
2023-08-29,128.30712890625,128.30712890625,127.16594772321723,127.33711837076443,10737000
2023-08-30,128.21202087402344,129.01084613850176,128.09789261416654,128.62093814837402,7892700
2023-08-31,126.68094635009766,128.29762085907942,126.65240339869099,128.2310448239733,7540200
2023-09-01,127.02332305908203,127.66048252001067,126.69047185056485,127.66048252001067,10183900
2023-09-05,125.71092987060547,127.18496210708356,125.71092987060547,127.08985763599274,11042600
2023-09-06,125.02621459960938,125.68239770231348,124.41758373103977,125.55876479574472,12840000
2023-09-07,125.58728790283203,126.129357229326,125.31150817400619,125.40659812733404,11055700
2023-09-08,125.58728790283203,125.96769124885515,125.29248437897907,125.3210128160678,8716900
2023-09-11,126.45269775390625,126.6999490623877,125.51121573350682,125.53023952982228,7179000
2023-09-12,126.29100036621094,126.6238369090106,125.38756616303856,126.07227755112528,6941700
2023-09-13,126.31006622314453,126.81408803627214,125.94868661716394,125.98671970210111,6430300
2023-09-14,126.7094497680664,127.0993432148861,126.3290464516654,127.02327706250868,6433300
2023-09-15,125.71092987060547,127.00427231855397,125.6253445531667,126.40514607467266,9611900
2023-09-18,125.51993560791016,126.03558292141297,125.04249194673862,125.91144290697262,6559400
2023-09-19,125.62496185302734,125.89232911223088,124.78465642671749,125.30984731816115,6252400
2023-09-20,125.63452911376953,126.53211093703473,125.61542728804187,126.17880729840456,6350700
2023-09-21,124.53640747070312,125.60587664903096,124.47911656049624,125.39581483508066,7979500
2023-09-22,124.278564453125,125.01383168395046,124.13533719990949,124.37405900221701,7790300
2023-09-25,124.95655059814453,124.99473967852764,123.81068877114419,124.15444877628666,6826300
2023-09-26,123.89664459228516,124.78468291232136,123.80115002069105,124.38363193839282,8200700
2023-09-27,123.27596282958984,124.24993743680389,122.36880818989341,124.12581198907543,9888600
2023-09-28,123.86798858642578,124.2212922444703,123.48603947342764,123.48603947342764,9129000
2023-09-29,122.93221282958984,124.24994757344989,122.74122368748834,124.13536574452968,12692700
2023-10-02,122.76031494140625,122.79851859470608,121.32798392157885,122.54069493141827,16035100
2023-10-03,121.67174530029297,122.41655627324022,121.15610525320355,122.1587398923017,11971100
2023-10-04,122.1873779296875,122.35925793494955,121.20384517715924,121.77677609962879,10064300
2023-10-05,122.8558120727539,123.07543208733344,121.76723377253107,122.46430475558068,9609700
2023-10-06,124.14490509033203,124.53641241953648,122.44520669133625,122.51205580285058,10692400
2023-10-09,124.57461547851562,124.68919730293418,123.30461349965057,123.8011444524145,8047600
2023-10-10,125.1666488647461,125.73002896411032,124.10672321098697,124.53641964998636,8154900
2023-10-11,124.61278533935547,125.51992530705161,124.05894898939646,125.31940714525275,9591800
2023-10-12,123.54334259033203,124.94702830345305,123.44784801743458,124.70830644163556,10927700
2023-10-13,124.31680297851562,125.03296858636135,123.61973919993189,124.00168836261231,11383800
2023-10-16,125.25255584716797,125.96872126758966,124.70827770426732,124.81331588207941,10545000
2023-10-17,125.08070373535156,125.76822381779449,124.55551275981527,124.65099275600585,9149900
2023-10-18,123.99212646484375,125.60587382427003,123.77249188675705,125.25257017232323,10085700
2023-10-19,122.76986694335938,123.96347606630364,122.00594690537834,123.82977785692698,15492500
2023-10-20,122.28289031982422,123.16138506707037,122.26378849019824,122.52161219365503,12296800
2023-10-23,121.51896667480469,122.60753039002097,121.40437756968134,122.19693582172341,12344200
2023-10-24,121.89136505126953,122.27332142752611,121.1274522987564,121.1274522987564,9375900
2023-10-25,120.80280303955078,121.70994312562156,119.90520658181286,121.3375376346904,11427000
2023-10-26,119.60920715332031,120.7073292065667,119.51371986286699,119.80973264883627,14699100
2023-10-27,117.58483123779297,119.42776417020988,117.05964026538949,119.27498597791867,13566100
2023-10-30,118.24369812011719,118.60655267761716,117.34610171157108,118.1959508402197,15224500
2023-10-31,118.92167663574219,119.0744548301026,117.9763401578251,118.66385296026586,13917400
2023-11-01,119.1699447631836,119.75242663228224,118.56836106727484,118.77843745091202,13802600
2023-11-02,121.06061553955078,121.16565372954216,119.31316996265302,119.62828453262716,11894000
2023-11-03,121.6622085571289,122.4165632009849,121.4616757897909,121.89137949595587,11635600
2023-11-06,122.47383880615234,122.66482792085952,121.68128789068548,122.17782607694949,8425100
2023-11-07,122.559814453125,122.85582724202608,122.10146525511085,122.42613078812366,8241900
2023-11-08,122.38790893554688,123.07542898775709,121.64309797405657,123.07542898775709,10021100
2023-11-09,119.85746765136719,122.41656626891009,119.74288582168852,122.27333898181175,13905500
2023-11-10,120.57362365722656,120.74550367331463,118.97896351559484,120.31580727570065,10401300
2023-11-13,121.27070617675781,121.50942803931048,120.00070411952645,120.69777516367401,11373800
2023-11-14,122.09188842773438,122.90354844539372,121.66219206503031,121.96775570378276,11216900
2023-11-15,122.1873779296875,122.674372492132,121.88181428535627,122.17782701683629,9262700
2023-11-16,122.71257781982422,122.97040150445821,122.08235590723214,122.55024870592156,7665900
2023-11-17,122.46431732177734,123.17093929085884,122.09191179344046,122.97040651232679,6766100
2023-11-20,123.2091293334961,123.47649665999369,121.90093815953092,121.98687453509946,6910000
2023-11-21,123.95391082763672,124.20219083617805,123.47646720557793,123.62925266153827,8373000
2023-11-22,124.54594421386719,124.84197151761259,124.2021987716286,124.36452786504925,6737700
2023-11-24,125.21439361572266,125.24303907304744,124.784682614999,124.79424081439119,3708800
2023-11-27,124.43135070800781,125.36713609938525,124.20218710138134,124.94699796376254,10530200
2023-11-28,123.7916030883789,124.48866681705202,123.70566671849295,124.21175587949986,6261300
2023-11-29,123.82980346679688,124.49823637022675,123.60063979286835,123.65793071135047,6979000
2023-11-30,125.3862533569336,125.46264609201963,123.49558051743348,123.9252769031711,7743100
2023-12-01,125.8827896118164,126.01647324580044,125.1188768874405,125.21437144189625,9370900
2023-12-04,126.12151336669922,126.36023518608566,125.51038609188684,125.54857517200232,6943900
2023-12-05,125.95919799804688,126.15971618873571,125.17618335136632,125.86370343172115,6581000
2023-12-06,126.05464935302734,126.47480203671728,125.80638393558412,126.23608024556817,6210400
2023-12-07,125.90190887451172,126.37935257207084,125.32897060927063,126.07378161182884,6396700
2023-12-08,126.11197662353516,126.40798936446546,125.35760747365694,125.98783660814206,6007600
2023-12-11,126.94273376464844,127.18145561554618,126.16927729900785,126.78994828317178,9016800
2023-12-12,127.48700714111328,127.6684380721373,126.52257614565784,127.12415984949014,6779000
2023-12-13,129.8360595703125,129.87424866080406,126.770864165583,126.94275149886371,9074300
2023-12-14,129.20582580566406,130.35168789611876,128.71883842408826,130.27529514736483,10098700
2023-12-15,128.10769653320312,128.8525075363848,127.63025283524433,128.604227488374,8296600
2023-12-18,128.31675720214844,128.71960369311614,127.98104447517962,128.58532152946023,5944300
2023-12-19,129.18002319335938,129.24717160632412,128.2784225647919,128.479838532364,6358200
2023-12-20,127.30967712402344,129.18004169770387,127.30009076465288,129.10332155141307,7299000
2023-12-21,128.863525390625,128.95943288725974,127.77966676544828,128.07700488564234,5606800
2023-12-22,129.5061492919922,129.90899586174962,128.98819324826047,129.18002285733624,5355100
2023-12-26,129.79391479492188,130.1391993464973,129.23759862461276,129.4006545414109,3688600
2023-12-27,130.3406524658203,130.42697361861215,129.621280254558,129.6500539721553,5444100
2023-12-28,130.67633056640625,131.11753720922692,130.42693889939687,130.44612625124248,5800200
2023-12-29,130.81060791015625,131.04079758112795,130.2734791636747,130.67632572353585,5590000
2024-01-02,133.1125946044922,133.37157262421917,130.41734983473577,130.48448361131037,11785900
2024-01-03,132.89199829101562,133.83197366222274,132.72894238427185,133.55382291205083,9585000
2024-01-04,133.55380249023438,134.28276077991652,133.07422120173467,133.30441085339248,11649200
2024-01-05,133.438720703125,133.99503686944038,132.8728181778889,133.2468910750727,9437700
2024-01-08,134.6184844970703,134.64725820587034,132.93034885727752,133.47707859579967,7999400
2024-01-09,134.5992889404297,135.77905483629164,134.15806770629268,134.47459311945752,9201300
2024-01-10,135.21316528320312,135.37622118386568,134.16768146595786,134.67603651968852,9773300
2024-01-11,135.1172332763672,135.27070280776258,134.28276648235234,135.0404985106695,7182300
2024-01-12,134.78152465820312,135.3953881003781,134.33071709208068,134.74314996050904,8026400
2024-01-16,133.97586059570312,134.62809894781583,133.7648582323595,134.4458556636128,7426900
2024-01-17,133.707275390625,134.36909999961185,133.33320252063174,133.75523645306748,8337200
2024-01-18,133.6881103515625,133.81279155827946,131.9040670301426,132.55629068269974,8929300
2024-01-19,133.76483154296875,134.1101306873883,133.026272193804,133.76483154296875,8842000
2024-01-22,134.34994506835938,134.70483063322297,133.5442371653857,133.87995001126336,7831400
2024-01-23,134.25396728515625,134.34028839180468,133.29480484953217,134.17723253402747,6407400
2024-01-24,133.02627563476562,134.93500001841613,133.0070882830069,134.60888821682352,9104900
2024-01-25,132.82485961914062,132.85363333210847,131.60673340840106,132.55629520766556,10050200
2024-01-26,133.58258056640625,133.8607312831447,133.24686779921095,133.74563645355084,5759100
2024-01-29,134.52256774902344,134.53215410711937,133.62095247552384,133.70727360537094,6229600
2024-01-30,134.8295135498047,135.06930423509436,134.10054049970037,134.74317777999732,5940300
2024-01-31,134.6472625732422,135.96131076993512,134.61848886350884,135.85580228902583,10223100
2024-02-01,136.39291381835938,136.39291381835938,134.15806328558944,134.81030144034418,8503600
2024-02-02,136.19154357910156,136.8245799613477,135.5009451296838,136.34499851790002,10629200
2024-02-05,136.613525390625,137.45759318241124,135.99007553983932,136.6806737993626,9631700
2024-02-06,138.10025024414062,138.20575873328733,136.9876325643764,137.67821628755388,10159000
2024-02-07,138.47430419921875,139.10735504752935,138.18656711876872,138.44553049117374,7884600
2024-02-08,138.2344970703125,138.340005532459,137.61104728941132,138.340005532459,6672400
2024-02-09,138.12899780273438,138.3975621541373,137.67819021952386,138.1769588588405,7447800
2024-02-12,138.31126403808594,138.349638743617,137.2945538764414,137.9467921495123,6645500
2024-02-13,137.02598571777344,138.5702382706021,136.3449737520851,137.61107555792992,11170000
2024-02-14,138.21534729003906,138.2632937152493,137.2274109058687,137.49597528395418,9701100
2024-02-15,139.2224578857422,139.49102226671295,138.10984029414666,138.3112562620442,9294800
2024-02-16,139.67327880859375,140.61326886709318,138.90596029604419,139.40471440206892,8424100
2024-02-20,139.2032928466797,140.22000300723428,138.84839268137642,139.7787817080715,9120400
2024-02-21,139.51022338867188,139.5485980958332,138.3496446211357,138.75249123235454,7213500
2024-02-22,141.15037536621094,141.40933873720974,139.3951060066959,139.69244407865315,9130000
2024-02-23,141.82179260253906,142.21505280877423,141.32302391745205,141.62996299617046,9194600
2024-02-26,141.09283447265625,142.06158349956667,140.96813864226726,141.73547170464562,7248300
2024-02-27,140.74754333496094,141.1791636334641,140.07611771988746,140.40224416902606,7374000
2024-02-28,140.04734802246094,140.30632606324923,139.38553801814302,140.15285651051082,8038800
2024-02-29,138.90594482421875,140.26795405865013,138.81002270300294,140.03774974912875,9435600
2024-03-01,140.36387634277344,140.4597984741023,138.60860671622433,139.2224703040069,8741400
2024-03-04,140.15284729003906,140.68997605362435,139.81714913062882,139.96101767956733,10657800
2024-03-05,139.1073455810547,140.43099460368947,138.64695164800492,140.20079031933497,9743400
2024-03-06,140.05694580078125,140.57488723480265,139.36634746497822,139.36634746497822,8085300
2024-03-07,140.70916748046875,141.04488028526274,140.21039877026843,140.4022430219573,6438300
2024-03-08,140.4501953125,141.23671579740645,140.20081826482004,140.57489115417107,7802500
2024-03-11,140.3734588623047,140.6228358810111,139.35673416528516,140.1336682012045,7723800
2024-03-12,141.0256805419922,141.37097967476694,139.9993841368058,140.46936445942956,7143700
2024-03-13,140.4789581298828,141.66831036415206,139.93222843329684,141.5628018947579,7874200
2024-03-14,139.9801788330078,140.6707770099845,139.20325954282364,140.56526854862256,9605700
2024-03-15,139.42388916015625,139.71164089419835,138.9347214572475,139.09777735821706,10570500
2024-03-18,139.40753173828125,140.12950138001477,139.31126324397945,139.99471961258828,6407000
2024-03-19,140.33164978027344,140.41828261520365,139.11874602571888,139.52304727723705,5240200
2024-03-20,140.0139923095703,140.06212656224247,139.23426735722072,139.99473567079912,8268200
2024-03-21,140.19688415527344,140.70707488429647,139.9080933473238,140.3027736285713,8865300
2024-03-22,140.00436401367188,140.75521131285902,139.83108365081515,140.39904430102973,5537200
2024-03-25,139.8118438720703,140.40866745543036,139.59042925562096,140.26427939123394,5253000
2024-03-26,140.32203674316406,140.48568144790337,139.71557748732738,140.09100114843787,6942400
2024-03-27,142.1895294189453,142.1895294189453,141.14025564636125,141.5156792951815,8797400
2024-03-28,142.20875549316406,142.69006856297366,142.16062124848125,142.39165680985317,8090200
2024-04-01,140.995849609375,142.20875323819922,140.4856589385475,142.12212041224942,7378300
2024-04-02,138.80105590820312,139.24385567651257,138.0790863529737,139.08984666799654,10776400
2024-04-03,138.6470489501953,139.6674303612834,138.3197595708859,139.04172921327955,8453400
2024-04-04,136.64479064941406,139.6000602311598,136.56777878825832,139.51341270704043,12685700
2024-04-05,137.86734008789062,138.31977562471587,136.31751115480048,136.4330216106668,9073100
2024-04-08,137.4245147705078,137.7614398250969,137.21273582565362,137.7614398250969,9128200
2024-04-09,137.9154510498047,137.99246290354716,136.96244588431415,137.72292875970305,10534400
2024-04-10,136.29824829101562,136.9239641715745,135.82657082542943,136.53890485542036,13052700
2024-04-11,135.73989868164062,136.74103803356715,135.34523315086048,136.7121604261566,8153900
2024-04-12,133.71839904785156,135.04681311712133,133.28522022768732,135.03719214369866,13799400
2024-04-15,133.44886779785156,135.3741200967411,133.23708886989297,134.88317135987828,10383600
2024-04-16,133.4969940185547,134.6040229587836,133.41036118602227,134.6040229587836,10170500
2024-04-17,133.2659912109375,134.40188322759786,133.05421224367674,134.2767517931344,8480100
2024-04-18,133.25636291503906,134.0457235982041,133.04459862458148,133.3526314285758,8105800
2024-04-19,133.7569122314453,134.13233587503814,133.2755991146078,133.9494345404782,9668400
2024-04-22,134.26710510253906,135.33562082650772,133.73765772786794,134.17085129074215,8531300
2024-04-23,136.01907348632812,136.26935098928334,134.9409222453858,135.55701706221507,8615500
2024-04-24,135.5955047607422,135.8746598497669,134.9794246818701,135.72065084642966,7378600
2024-04-25,134.69064331054688,135.73028127013063,133.99755133749105,135.50888137800436,9693300
2024-04-26,134.72915649414062,135.08532345366024,134.09381973782828,134.19007353549128,6013800
2024-04-29,135.1815948486328,135.56665415493615,134.5077594232403,134.89281872954362,6388600
2024-04-30,135.08531188964844,135.92279183131646,134.98904341171783,135.63400108603207,9677700
2024-05-01,135.3259735107422,136.5388770605705,134.33446984231333,134.4884935374208,10710200
2024-05-02,135.229736328125,136.1538640241514,134.4981456397997,136.05759552030085,8425500
2024-05-03,135.566650390625,135.95169499772607,134.86393737283595,135.8169279163897,8539300
2024-05-06,136.11534118652344,136.15385446076306,135.38375054958473,135.6821623266451,5605100
2024-05-07,137.2416229248047,137.36675434128693,136.40412815152527,136.42338478810328,7720600
2024-05-08,136.76992797851562,137.54003185211786,136.596647629913,137.52077521593765,5461100
2024-05-09,137.94432067871094,138.02133252799825,136.91430371906517,136.93356035351408,6821800
2024-05-10,138.22348022460938,138.70479328175074,138.0309579394546,138.1272264262864,6324900
2024-05-13,138.0886993408203,138.62776756072518,137.83842186400943,138.5026361665734,5351500
2024-05-14,138.67591857910156,138.74330945899763,137.7614266890733,138.28123833873374,6198700
2024-05-15,140.73594665527344,140.88997037158887,139.23425214247305,139.29200736396385,8433700
2024-05-16,140.5723114013672,140.96699169272875,140.17763111000565,140.43754431267192,6740800
2024-05-17,140.8418426513672,140.87072026345086,140.00436252391856,140.54343086749518,7071600
2024-05-20,140.5434112548828,140.88995724003794,140.2449995126537,140.69743495684256,3890000
2024-05-21,140.78407287597656,141.39053204407293,140.42790590475002,140.79369384950647,4048900
2024-05-22,141.0343475341797,141.4579053770836,140.32201360612214,140.40864643166825,6831200
2024-05-23,139.49417114257812,140.81296438329227,139.39790264374048,140.80334340881276,5155900
2024-05-24,139.0224609375,139.89845422217368,138.9358281129082,139.67705432982507,3949500
2024-05-28,137.337890625,138.71445385364976,136.76032366581717,138.71445385364976,8375100
2024-05-29,136.2693634033203,136.43300809575766,135.68216082998148,136.16347393309493,6838200
2024-05-30,136.33676147460938,136.82769557779875,135.4222547796816,135.7206812576907,7395500
2024-05-31,138.32940673828125,138.40641861067368,136.6063119951029,136.76995671574454,7945900
2024-06-03,139.30165100097656,139.71557323769576,137.99247871437095,138.2331352766991,10303300
2024-06-04,139.70594787597656,140.09099248820596,138.65667413390713,139.1765005177783,6964200
2024-06-05,140.34127807617188,140.49530180531238,139.08987567031136,139.86960060238212,5373400
2024-06-06,140.80332946777344,141.1017412207093,139.75405581297065,140.23536888248248,5425800
2024-06-07,140.9573516845703,141.66007940758053,140.50493087029756,140.6685755666325,5222300
2024-06-10,141.4771728515625,141.51567143636294,140.22575586215316,140.7359465696915,5396700
2024-06-11,140.8899688720703,141.3712819640508,140.28350967585175,141.3712819640508,5194000
2024-06-12,140.59156799316406,141.54455858844244,140.22576531460655,141.49643902632573,6522700
2024-06-13,140.47601318359375,140.70704872470253,139.17647682219015,140.07171200303432,4720600
2024-06-14,140.4279327392578,140.46643132924342,139.60969448907173,140.1872761584398,4109600
2024-06-17,140.28350830078125,140.50492289664908,139.5422967221238,139.8310728236736,4542800
2024-06-18,140.46641540527344,140.92847187527966,140.15838265477274,140.43753779392995,4872600
2024-06-20,140.92845153808594,141.11135284254073,139.84069406126304,140.03321633860713,6653600
2024-06-21,141.32315063476562,141.62156240779265,140.77446133660533,141.11137169484124,8535400
2024-06-24,142.14749145507812,142.65002259055007,141.52899726759904,141.89623326037446,6446100
2024-06-25,141.7029266357422,142.51469732031345,141.36468147747343,142.3117472761399,5171600
2024-06-26,141.20042419433594,141.7029553253169,140.87185238587566,141.45168238679418,4572700
2024-06-27,140.96847534179688,141.3647020715344,140.15670453896655,141.30672054934132,4637900
2024-06-28,140.85250854492188,142.07983813421103,140.22435574314684,141.4903347641805,7656800
2024-07-01,140.06007385253906,142.53406545114626,139.78948355592135,141.1327763662968,6562000
2024-07-02,139.54788208007812,139.76049084532613,138.76510196533087,139.55755549872168,7536100
2024-07-03,138.48484802246094,139.8088086753208,137.93399403791767,139.7991500030894,7654000
2024-07-05,139.55755615234375,139.63486977152922,138.07896820732617,138.7844347065541,4846900
2024-07-08,139.40293884277344,140.09874671893564,139.04537623138063,139.7121933415416,4001500
2024-07-09,140.0793914794922,140.1567050914089,138.87139394216288,139.702496837688,8336700
2024-07-10,141.40338134765625,141.42269869307398,139.92477864354797,140.2340331230142,5342300
2024-07-11,142.39877319335938,142.77566788173206,141.239083617383,141.41304295220564,7690700
2024-07-12,143.287841796875,143.8870038640936,142.7756520143693,142.8819563888175,6614600
2024-07-15,142.78530883789062,143.9739742851052,142.5727000917464,143.83867915083738,5804100
2024-07-16,144.82443237304688,144.85342313886738,143.32651223936838,143.6454254094599,7602500
2024-07-17,145.4815673828125,146.24503016006,143.6454168420526,143.82903484534162,10395500
2024-07-18,142.17649841308594,145.50091057923663,141.925240189762,144.55384447248272,11033400
2024-07-19,142.90127563476562,143.5874247418949,142.331104321528,142.89161696280135,5985700
2024-07-22,143.72271728515625,143.98364888412186,142.91094647288963,143.62607158300193,5190200
2024-07-23,143.63577270507812,144.39922081352015,143.4811454502325,144.31224851244446,3553300
2024-07-24,144.83407592773438,145.01769392280784,143.2298663175475,143.71306535887155,6870400
2024-07-25,144.10928344726562,146.43830646378956,143.95467095452616,144.3992058335079,11472800
2024-07-26,144.92105102539062,145.85844352196926,144.00296112564413,144.08994815292655,6028800
2024-07-29,145.00802612304688,145.50088380559131,144.24456342801483,144.94037118340907,8227200
2024-07-30,145.1336669921875,146.03242493904276,144.09962864033054,145.00804526009577,7269400
2024-07-31,144.60218811035156,145.59757721933386,144.04167530448618,145.07571385873885,8417800
2024-08-01,146.0807342529297,146.24502015356182,144.46685126265209,145.34626229002825,10357700
2024-08-02,145.79083251953125,146.67025841743651,143.6260952507028,146.30302238401097,15742100
2024-08-05,141.896240234375,143.7903723252204,141.2777460164978,143.51012335374108,17575600
2024-08-06,142.55337524414062,144.3605496781731,142.0121946795768,142.46640295613525,13335600
2024-08-07,141.10379028320312,143.14289099426122,140.64958196751252,142.45675655724142,11485000
2024-08-08,144.2252655029297,144.35088723535628,142.65969046947512,143.30717546174176,11479100
2024-08-09,144.94039916992188,145.3076352078627,144.16727765397263,144.4765321587789,8550400
2024-08-12,144.38954162597656,145.28828476820448,143.97398278087704,145.28828476820448,5044300
2024-08-13,146.13870239257812,146.28365618984097,144.79540980237883,144.9596956879643,4815700
2024-08-14,146.6605682373047,146.87317699593092,145.60719786251585,145.95510176335287,4837300
2024-08-15,147.5786590576172,147.81058516212158,146.65091040140575,147.33705953471537,5886800
2024-08-16,147.7332763671875,147.97487589797498,147.11478215821415,147.5303410191225,4562500
2024-08-19,148.63201904296875,148.76731417648853,147.65594760123128,147.7429346304011,4729600
2024-08-20,149.231201171875,149.99466397133543,148.87363857363425,149.02826581733075,4878300
2024-08-21,149.48245239257812,149.86902048374097,148.96060390208942,149.54044866580122,5530100
2024-08-22,149.57908630371094,150.12994026039456,148.8156383462374,149.98497170786868,4951800
2024-08-23,150.22657775878906,150.3328821368457,149.44379767767379,149.97531956795711,4069400
2024-08-26,150.1492462158203,150.83539525518225,150.00429242035216,150.3715283636216,4433600
2024-08-27,150.3812255859375,150.79676973684897,149.84970362285716,150.29425328636063,3785400
2024-08-28,150.55517578125,151.18334348680906,149.84970919279365,150.28458545290874,5150100
2024-08-29,150.87405395507812,151.56020303659747,150.23624246976817,151.15431763828624,4339200
2024-08-30,151.9177703857422,151.99508399920623,150.32321950298027,150.98036309832864,7020600
2024-09-03,151.62783813476562,152.53625460115418,151.21229407881424,151.6085207922072,7674900
2024-09-04,151.36692810058594,154.27578086120658,150.6227974888686,151.4249096229939,8235500
2024-09-05,149.28916931152344,151.28962038899778,148.5643707610294,151.20264810199393,7245600
2024-09-06,148.7769775390625,150.42952470050346,148.46773782957996,149.81103053547434,7651800
2024-09-09,149.82070922851562,150.29424964707823,148.58372073315417,149.15389212244017,6169200
2024-09-10,150.5068359375,150.61314031165733,149.46312428560924,150.02363691788744,7337200
2024-09-11,150.06228637695312,150.23624569199671,147.71394621934357,149.96564067458849,6636500
2024-09-12,150.6034698486328,150.73876498693627,148.62235088013892,150.02363986135975,4838100
2024-09-13,150.91273498535156,151.37660195721037,150.46818535885737,150.67113545370725,4358500
2024-09-16,151.95643615722656,152.29466663035268,151.40558218529915,151.7051632243204,4711900
2024-09-17,150.390869140625,151.81147554183227,149.85936197704348,151.7728261057057,6280000
2024-09-18,150.13958740234375,151.70514737616458,149.5597427288962,150.265223855672,7148900
2024-09-19,150.6807861328125,151.49255697701747,150.28455938287993,151.49255697701747,6717400
2024-09-20,150.06228637695312,150.73876205531408,149.69505040324412,150.1879228408144,8541600
2024-09-23,149.7683563232422,150.55407065650516,149.49675685040853,150.53466646528528,6416400
2024-09-24,149.46768188476562,149.7586855953911,148.75958420305898,149.70048781347873,5341600
2024-09-25,148.01268005371094,150.13698792746516,147.95448227104322,149.92358619030767,5940100
2024-09-26,148.5074005126953,148.69168856949742,147.66348820567688,147.91569834846928,6172900
2024-09-27,148.42977905273438,149.574374839297,148.4200695555536,148.70137855466663,7312500
2024-09-30,149.39979553222656,149.43858912140433,148.00298950480024,148.2260859449668,7233800
2024-10-01,148.61407470703125,149.71987685463895,148.0514715370467,149.51616983749923,10560200
2024-10-02,148.31336975097656,148.77898158708962,147.31426840437786,148.42978011053626,7158400
2024-10-03,146.9747772216797,148.0805794365816,146.70317771633978,147.94477968391163,5551000
2024-10-04,147.0911865234375,147.45979222986438,146.3539899116481,147.19788739629453,6590100
2024-10-07,146.44126892089844,147.5470711056988,146.16966942295187,147.10086347275083,5922800
2024-10-08,147.23667907714844,147.46948501519955,146.7031895208439,146.82927978635712,4726600
2024-10-09,148.74017333984375,148.85658369951273,147.02327964615245,147.37246632197068,7840000
2024-10-10,148.1873016357422,148.8566057992199,147.8283906083169,148.74019542226827,4385500
2024-10-11,149.27366638183594,149.44827450762517,148.43946373899396,148.65286544770203,9354000
2024-10-14,150.0981903076172,150.36008032258735,148.9244807847779,149.43858091928527,4819800
2024-10-15,148.26487731933594,149.95267207455328,147.9350652443876,148.09026918541477,9088600
2024-10-16,148.68197631835938,149.00207890722052,147.67318026948482,148.07087003043688,4510200
2024-10-17,147.81866455078125,148.4297707966688,147.72165839074572,148.18727019764194,5430000
2024-10-18,148.53646850585938,148.89536464847689,147.49855885950046,147.92536227291677,9823900
2024-10-21,146.79046630859375,148.5461683004566,146.64495706662777,148.14846376056997,4825900
2024-10-22,146.57708740234375,146.8486869350006,145.88837907242245,146.01448414153614,5166900
2024-10-23,145.8883819580078,146.40248214078147,145.11239173567645,146.17938569191443,4910200
2024-10-24,144.92807006835938,146.4800651126649,144.88926168164062,145.88836302423778,5066300
2024-10-25,144.1326446533203,145.5003515097668,143.9677460310699,145.42274954616758,5314500
2024-10-28,144.34608459472656,145.0056940595404,144.1617817324835,144.54008215459,4923500
2024-10-29,143.9483642578125,144.84077957765385,143.88047177975312,144.24907746398918,7342600
2024-10-30,143.6767578125,143.72526089509603,141.25175169332567,141.7561571104115,9211800
2024-10-31,142.46426391601562,143.49246420850793,142.43516502479895,142.82317490946076,6701100
2024-11-01,143.3081817626953,144.0162794784017,143.00746853993644,143.0171780380971,6896900
2024-11-04,142.3672637939453,143.6476593319606,142.08595479472538,142.95896588075027,5985900
2024-11-05,143.4148712158203,143.4536648021812,141.56216294449715,142.08595776621615,5035300
2024-11-06,143.59915161132812,146.383068618872,142.9298623750404,146.15026270990518,10685600
2024-11-07,144.63706970214844,144.811663043214,143.76407339469432,144.4624615600197,9381600
2024-11-08,145.67494201660156,146.42184795090563,144.6661461113965,144.83104473046555,8701100
2024-11-11,144.82138061523438,146.082386863803,144.60797887465827,145.35488496667463,6071900
2024-11-12,142.8037567138672,144.83105820886973,142.7746578255035,144.5885576051308,7022300
2024-11-13,142.4254608154297,143.17236684258677,142.27995156800125,142.745563398497,5981200
2024-11-14,140.1847686767578,142.192666201504,140.0295647209238,142.18297150466333,7936700
2024-11-15,137.5851593017578,139.53487391640581,137.32326926781224,139.4087688475002,14246100
2024-11-18,137.68215942382812,137.82765388073352,137.07105310269793,137.2262570574395,7933100
2024-11-19,136.97402954101562,137.36202453562174,136.05251552697058,136.43081582708265,6205800
2024-11-20,138.5939483642578,138.78794588504752,137.041938595816,137.26503500467103,9328800
2024-11-21,139.70945739746094,139.90345493517444,137.87615328410098,138.59396045481068,7969600
2024-11-22,139.83554077148438,140.66974337523976,139.62213907277524,140.00043939302122,6330300
2024-11-25,141.02867126464844,141.47487895363565,140.44666380963284,140.46606800508388,6834300
2024-11-26,141.78526306152344,141.94046701313576,140.34966351176823,141.45546576514488,6018400
2024-11-27,142.54185485839844,143.32755446255285,141.92105389206114,141.92105389206114,5952800
2024-11-29,142.98806762695312,143.35665850075804,142.3090688582987,142.53216528205735,3521200
2024-12-02,142.73587036132812,142.95898160623452,141.99867374629213,142.90078382097698,6220800
2024-12-03,142.415771484375,143.00745878926054,142.33816950970234,142.72616458200244,4236200
2024-12-04,142.33816528320312,143.15296379147722,141.9695596147189,142.66796256497176,5597400
2024-12-05,140.7473602294922,141.86285711716795,140.48545542590142,141.7076531742206,8948700
2024-12-06,139.95196533203125,141.09657602615195,139.777371979286,140.93166256936257,6545200
2024-12-09,140.35935974121094,140.7376601267327,139.60275897016743,140.087760223455,6258600
2024-12-10,139.77735900878906,140.74736145909,139.31174717587942,140.64066059751437,7200500
2024-12-11,137.8761749267578,139.33117888959868,137.83738133355095,139.21478330891244,6895000
2024-12-12,136.78004455566406,138.26414716792388,136.68305318817488,137.90525098619378,5994200
2024-12-13,136.76065063476562,137.20684347278186,135.9264479364497,136.60544669064575,7599400
2024-12-16,135.1310577392578,137.4008602357524,135.02435686287228,136.65396890211838,9476600
2024-12-17,135.03404235839844,136.0331436592018,134.44234029472304,134.539331655337,10280100
2024-12-18,133.2007293701172,135.83912213649694,133.11341791009667,134.94672175354796,14448100
2024-12-19,132.1919403076172,133.66634826074525,131.87183770457244,132.9485410780634,11929300
2024-12-20,133.86033630371094,135.111632934952,132.9388369487892,133.3656403892319,12098400
2024-12-23,135.19723510742188,135.39211103125803,133.48230616235182,134.07668739430406,8050500
2024-12-24,135.7526092529297,135.7526092529297,134.5053709783424,135.0802748652792,3139300
2024-12-26,136.02545166015625,136.14237421960328,135.12899581080492,135.27516387819097,4720300
2024-12-27,135.39208984375,136.23006956638196,134.81720075456977,135.2751672813615,5948000
2024-12-30,133.72589111328125,134.61257870630106,133.22894046001073,134.61257870630106,6890300
2024-12-31,134.04742431640625,134.58332926027367,133.28738312160104,134.05716290641382,6626900
2025-01-02,134.08641052246094,135.21671156566472,133.60895192625978,134.719760918904,8973000
2025-01-03,135.40184020996094,135.7818533971213,134.21307795923835,134.3592311588857,8288700
2025-01-06,135.46031188964844,136.45418345970836,135.01208392952222,135.34337445287554,8653300
2025-01-07,136.13262939453125,137.32137671998174,135.7915854543266,135.7915854543266,12639700
2025-01-08,136.83419799804688,137.03882736331764,135.13876126328304,136.38598490166873,7827400
2025-01-10,136.06442260742188,137.34087679108183,135.78185479583382,136.36648246852278,10343700
2025-01-13,137.8378448486328,138.18862744385368,136.09367046447818,136.21059304019204,9422200
2025-01-14,136.41519165039062,137.65267648056616,135.3238748749718,137.65267648056616,10277800
2025-01-15,136.97059631347656,137.62343862654348,136.1910779998783,136.79519763058124,11388400
2025-01-16,137.5162811279297,137.72089561791688,136.0059668925432,136.54188676549686,8512100
2025-01-17,136.59059143066406,137.77935371478966,136.59059143066406,137.33114064455864,7668100
2025-01-21,138.8511962890625,138.86093488015365,137.29215936595412,137.3116514162144,7257800
2025-01-22,138.5393829345703,138.9778722909265,137.5162807512805,138.169123188153,8189900
2025-01-23,140.39073181152344,140.41022386048553,138.23731387756197,138.9194017785418,8032900
2025-01-24,140.61485290527344,140.90717419768376,139.6014892754067,139.76713453855422,8127900
2025-01-27,143.77186584472656,143.8010964810083,141.2579270479688,141.38460305057328,12311300
2025-01-28,142.7682647705078,143.95702707066306,142.72928067026257,143.7621363055927,9686400
2025-01-29,141.9302978515625,142.82673895315824,141.57951525806163,142.3492803245356,8159100
2025-01-30,143.56724548339844,143.96675069495117,142.49542072732754,142.50515931733747,7705200
2025-01-31,143.1092987060547,144.7852582393275,143.06059088122012,143.8011252620306,9211800
2025-02-03,143.66470336914062,144.36626848094832,142.20311186422086,142.2420810957312,13001500
2025-02-04,143.27493286132812,143.43083951933292,141.86206408484318,142.08618548125403,11762000
2025-02-05,144.64883422851562,144.91192485870144,143.3334108137415,143.62571721608413,10042300
2025-02-06,143.3529052734375,144.65860512294552,143.1385373071636,144.35653035732014,12422100
2025-02-07,142.68055725097656,144.13241018210647,142.57338814604375,143.5575210850848,11199700
2025-02-10,142.55389404296875,142.89492313903452,141.73540637071778,142.84621531679483,7374300
2025-02-11,142.29080200195312,142.57338468215104,141.71591291889868,142.14464880052486,6634900
2025-02-12,142.086181640625,142.85594658309114,141.64769231832938,141.9497521675006,7572200
2025-02-13,142.64158630371094,142.95339962802055,141.44308543306084,142.36875707897886,6293100
2025-02-14,141.09230041503906,142.9436436745671,141.09230041503906,142.74876778431323,5299200
2025-02-18,140.8194580078125,141.1799791144245,140.1568622013062,140.23481552372317,11366800
2025-02-19,142.65130615234375,142.69029024679935,140.79996310374622,140.82919374055007,6295900
2025-02-20,143.4503173828125,143.5282707041061,142.35900062085372,142.4466925317806,6264800
2025-02-21,142.68055725097656,143.37238378005935,141.61847097992072,141.75488559392716,8647000
2025-02-24,143.840087890625,144.42473044257798,142.52466445084735,142.83646290863197,7559400
2025-02-25,145.07757568359375,145.27245158200222,143.6354761936775,144.11291991456653,11981300
2025-02-26,144.03497314453125,145.13602859768673,143.57700663223505,144.51241683789064,6566800
2025-02-27,143.4503173828125,145.09704598345976,143.39185610886125,143.77186925762018,7377000
2025-02-28,145.11654663085938,145.34066804135162,142.7390368532567,143.68420058318847,8453700
2025-03-03,145.74990844726562,146.4709656177352,145.14578870892058,145.2042499909439,9459300
2025-03-04,144.39549255371094,146.22735858100538,144.18112461996046,145.9545145005327,10804700
2025-03-05,145.84735107421875,146.0714724980258,143.46984115537077,143.74267040619068,7597700
2025-03-06,145.44784545898438,145.65245994167816,144.14214576012617,145.1847548274434,7122200
2025-03-07,145.45758056640625,146.43197487077288,144.64883150961268,144.8534608554836,8532400
2025-03-10,143.8887939453125,146.07144236976433,143.56724206572298,144.32726837454328,13577800
2025-03-11,142.32003784179688,144.10318130475483,141.56975002153982,143.8985519472018,9411600
2025-03-12,140.8974151611328,142.25182258029167,140.429695213914,141.99847055852905,7141100
2025-03-13,140.14712524414062,141.355379453565,139.8158347710662,140.95587424705258,8041600
2025-03-14,141.2189483642578,141.43331628391988,139.73787984232558,140.24455413600325,6761200
2025-03-17,143.01185607910156,143.343146573933,141.01434478343202,141.01434478343202,6017300
2025-03-18,143.08004760742188,143.2944155311275,142.3005292364993,143.0605704275041,5528000
2025-03-19,143.1580047607422,143.53801793237167,142.16411843952793,143.18723539947703,6156200
2025-03-20,143.24569702148438,143.8595701725457,142.75849988396314,143.1774971536313,8033800
2025-03-21,142.84620666503906,143.09954382403643,141.99847353548023,142.8267146164772,7635300
2025-03-24,143.93687438964844,144.1716392007614,142.91959005936513,143.22281861188412,6500600
2025-03-25,142.09791564941406,144.3672488023369,141.1980063882894,144.2792176076358,6502000
2025-03-26,141.57948303222656,142.7826207455594,141.2371196129008,142.20550748495913,8758600
2025-03-27,141.80447387695312,142.24464480855553,141.30561547788403,141.36430294535074,6264300
2025-03-28,141.36427307128906,142.06855238326065,141.29579442331453,141.68706899974262,6210500
2025-03-31,142.82176208496094,143.41844289669285,140.3470076344013,140.65023617509084,8085600
2025-04-01,140.21005249023438,142.30332327590108,139.77965785522983,142.30332327590108,9906100
2025-04-02,141.1491241455078,141.24693162892595,139.08519669021325,139.65253382621316,6392700
2025-04-03,140.00462341308594,142.0196389415136,139.9263684990423,140.6208566070816,10990600
2025-04-04,132.32606506347656,138.61566926207473,132.27715386344713,138.05810844782397,21341100
2025-04-07,131.5337371826172,134.3704073064265,126.8287699112724,128.8340094456345,29940300
2025-04-08,130.07626342773438,136.39521035250033,128.4133873714066,136.38541915869584,20860400
2025-04-09,135.73007202148438,136.19960162889734,126.84833844355786,127.28852431620784,39444700
2025-04-10,131.94456481933594,134.7323386851699,128.46230274837475,134.69320375987775,21957400
2025-04-11,133.88131713867188,134.7518826007129,130.7316275062089,132.1988736731724,10755600
2025-04-14,135.51486206054688,136.00394416184545,133.96937575497245,135.1920810082189,7437200
2025-04-15,134.6834259033203,136.00393856714473,134.2921512830163,135.96481856791465,6239000
2025-04-16,133.3140106201172,135.59313531123067,132.67820977275045,135.10405314383988,8150700
2025-04-17,132.53146362304688,133.58788267671994,132.14998020857607,132.38473004788108,9662800
2025-04-21,129.67523193359375,132.40430341646413,128.68727656377695,132.23801729767138,6456000
2025-04-22,132.11085510253906,132.32605242162745,130.23278162053245,130.7218637228967,8012500
2025-04-23,132.76622009277344,134.91817830560709,132.17933053960112,133.55853069119667,9503200
2025-04-24,134.38998413085938,134.53670279639405,132.1695471302898,132.98142523931924,5433000
2025-04-25,135.03558349609375,135.18230216965313,132.9129687735202,134.58562135450737,6438400
2025-04-28,135.5735626220703,136.00394232790458,134.39975365430092,135.2214229168597,5803300
2025-04-29,136.23870849609375,136.9136441817646,134.722551001929,135.39748668759984,7811900
2025-04-30,137.40272521972656,137.71572999979804,135.24097578852852,136.50281595431957,6827800
2025-05-01,133.65635681152344,136.07242359982735,133.49007068720147,135.77897135224686,10363200
2025-05-02,135.5050811767578,135.97459579884557,134.54648447002845,135.7593984875552,9777000
2025-05-05,135.12359619140625,135.65179826947104,134.575826651013,135.23119484581213,5479700
2025-05-06,131.3968048095703,134.19435514703142,131.04466508437935,134.13566768043322,11625900
2025-05-07,132.40431213378906,132.78579559039486,131.46526789605076,131.80763135031827,6417500
2025-05-08,131.21095275878906,132.37497061202194,130.7707818285217,131.4750612871903,10558100
2025-05-09,129.78280639648438,131.82718072111305,129.72411893823087,131.37721866516998,7555200
2025-05-12,132.99119567871094,133.15748178223262,129.74368374941875,129.9784485032373,15211100
2025-05-13,128.99050903320312,131.0153161033494,128.95138903223855,131.0153161033494,17817000
2025-05-14,125.95819854736328,129.65565774557882,125.87015243266286,129.3915492526777,19579500
2025-05-15,127.61132049560547,127.68956050467675,124.5692214782671,125.66476817529824,18792700
2025-05-16,130.18385314941406,130.23276433828008,127.46455821517489,127.84604160737106,12901800
2025-05-19,131.4359130859375,131.50439174126058,129.7534695407481,130.11540042848338,11645200
2025-05-20,131.7587127685547,132.1401962037796,131.25985440729164,131.4652605278584,11644500
2025-05-21,128.70684814453125,131.21094612628497,128.6481606802091,130.6436090951687,16635900
2025-05-22,127.6993408203125,128.37427651446987,127.14178005536463,127.77759574831929,12722600
2025-05-23,127.49393463134766,127.74826690841915,126.72119138129939,127.09288367566039,9127100
2025-05-27,129.27418518066406,129.49915876910813,128.29602097365347,128.5601145631134,12304000
2025-05-28,128.60902404785156,129.68501063149117,128.2666755353125,129.22527226626343,11087500
2025-05-29,129.4698028564453,129.86106253219938,128.42316008912334,128.80464349694353,10670300
2025-05-30,129.7436981201172,130.4284100709288,128.02213451156211,129.1861522907424,11651300
2025-06-02,129.8219451904297,129.88063265043328,128.2471003360656,129.4111180448043,11845000
2025-06-03,130.12518310546875,130.60448893953438,128.8535666527895,129.47959114748681,14304300
2025-06-04,130.37950134277344,131.3968004823124,130.37950134277344,130.5164437355266,9986100
2025-06-05,130.2034454345703,130.98597982882632,129.67524330066874,130.70230383467748,13705000
2025-06-06,131.44570922851562,131.8956563996333,130.8685810103239,130.88814847338153,9153500
2025-06-09,131.22073364257812,131.8663256566606,130.47733415477572,131.41637844122317,9976600
2025-06-10,132.71731567382812,133.11836659061012,131.31854798803948,131.33811545182442,11488000
2025-06-11,132.78579711914062,133.58789896952678,132.38474619394756,132.74667711635198,13644000
2025-06-12,133.8226318359375,133.8519755657015,132.53146294952114,132.79555651739716,9809500
2025-06-13,133.15750122070312,134.3312953099486,132.71731537733464,133.08902256040966,13722800
2025-06-16,132.7466583251953,133.84219735542058,132.13041015789366,133.4411464869989,14171000
2025-06-17,130.55557250976562,132.45321338106015,130.37949519846578,132.14998487751114,13506000
2025-06-18,130.33059692382812,131.1913712277712,129.5969738101764,130.5653467678124,12185300
2025-06-20,129.70457458496094,130.87836860087899,129.51872100503377,130.78054621388554,13744900
2025-06-23,129.8913116455078,130.46135701857773,128.7315600253027,129.79302227203434,14181600
2025-06-24,131.48348999023438,131.77834309692273,129.73404721989607,130.23528700346986,11272900
2025-06-25,131.6014404296875,131.98474501358547,130.49084842841341,131.22797378182133,11996400
2025-06-26,131.91595458984375,132.8398207666216,131.45402150145483,131.87663283938093,13177700
2025-06-27,131.6309356689453,132.81034833424775,131.40488807339952,132.01425528296713,13818500
2025-06-30,132.4761505126953,132.633407507131,131.50315472793588,131.60142910181887,12407700
2025-07-01,134.36322021484375,135.39518374436676,132.1518440855444,132.26977934678038,21204300
2025-07-02,133.036376953125,133.95040514181443,132.91844170215936,133.69487376577126,13720400
2025-07-03,133.17398071289062,133.56710823654882,132.84964375728845,133.22312540256132,7282700
2025-07-07,132.0535430908203,133.1248282777853,131.35572453054556,133.1248282777853,14052300
2025-07-08,132.653076171875,133.88161839396255,131.7095491466963,131.95525759111382,19485900
2025-07-09,133.1641387939453,133.58675007180082,132.1124995729255,132.92825331525867,13963900
2025-07-10,133.97991943359375,135.26742939492436,132.68257153564392,133.18381140702203,17668300
2025-07-11,132.86932373046875,133.54748155357964,132.0437468140102,133.54748155357964,14246600
2025-07-14,132.71205139160156,132.9872436653449,132.092861277252,132.3385697357267,11095400
2025-07-15,130.32376098632812,133.14448904415553,130.19598780009247,132.90860354576347,17095600
2025-07-16,131.94544982910156,132.11252979090128,130.71690746570212,130.85450361052864,14142100
2025-07-17,130.4416961669922,131.3852081663477,130.0092469185989,131.0019036046996,15740900
2025-07-18,129.57679748535156,130.9527737279902,129.3998946095446,130.78569379077715,13245500
2025-07-21,128.8396759033203,130.04857224372117,128.78070827634528,129.64560679692087,9468700
2025-07-22,131.23779296875,131.5129852264059,129.0559007852972,129.0559007852972,16681900
2025-07-23,133.93077087402344,133.97991556513674,132.48600393704675,132.93809910283906,16624000
2025-07-24,133.4295196533203,134.57943347178158,133.2132950040177,133.79317837997718,11054800
2025-07-25,134.13714599609375,134.35337062083426,133.40985861910553,133.91109843272062,9539900
2025-07-28,132.9675750732422,134.0486982265333,132.6137543136972,133.80298978231744,9780300
2025-07-29,132.12234497070312,132.7808568360398,130.6579321575308,131.60144423896537,14967600
2025-07-30,131.886474609375,132.86930844356442,131.3459130012,132.56463235446236,11634600
2025-07-31,128.19100952148438,131.4933317971932,127.74873729641305,130.73656054421605,26441600
2025-08-01,128.87899780273438,129.14435212443118,127.63079470851325,128.45637148083213,20736200
2025-08-04,130.72671508789062,130.78569771178076,129.10504535696387,129.1345291704823,11331000
2025-08-05,130.22549438476562,130.66776664934278,129.7733841830021,130.17634968940027,14319200
2025-08-06,128.26963806152344,129.78321056158538,128.1123960459561,129.67509824015238,14342800
2025-08-07,126.79537963867188,128.00427597703228,125.76340867621775,127.54234290403666,24421900
2025-08-08,127.9256362915039,128.20082852409928,127.01159316428566,127.01159316428566,13747100
2025-08-11,128.0534210205078,129.065753725034,127.90600193564502,128.0534210205078,14474000
2025-08-12,128.93797302246094,128.97727977718696,127.89617155839832,128.10255826520475,17219500
2025-08-13,131.0019073486328,131.08053585030171,129.3900605565534,129.5571554956331,15069900
2025-08-14,131.66041564941406,131.79801177443628,130.13702033869131,130.77585627696882,15464000
2025-08-15,133.87179565429688,134.25510022828453,132.859463064685,133.1543161977955,13929600
2025-08-18,133.5572967529297,134.8349838096901,133.48850617897332,134.1863098428472,12572000
2025-08-19,134.412353515625,134.864463690584,133.4491805303614,133.53763197866166,13578200
2025-08-20,135.13963317871094,135.8374517013759,134.65803926888006,134.65803926888006,14607000
2025-08-21,134.68753051757812,136.08316763997644,134.58925614067803,134.85462545232875,13218900
2025-08-22,135.7981414794922,136.6335561905969,135.43449778016236,135.43449778016236,11898600
2025-08-25,133.86195373535156,135.88658886062402,133.7636793584745,135.7686536096304,10681000
2025-08-26,134.69737243652344,134.81530769103244,133.9995538546874,134.2452622994834,11397500
2025-08-27,134.61874389648438,135.3460462917419,134.3828583906798,134.63840477118143,8321700
2025-08-28,134.08799743652344,134.50080079681672,133.42950064268786,134.48113992326645,9165700
2025-08-29,135.07083129882812,135.1101530459696,134.02902995236542,134.19610988558563,9655700
2025-09-02,135.1986083984375,135.37552627199457,134.11750027036626,134.5401115848393,13325300
2025-09-03,134.5597686767578,135.39516834357866,133.90127188166872,134.75633242207726,12586000
2025-09-04,135.07083129882812,135.1101530459696,133.74401477142567,134.45165625144796,11778600
2025-09-05,135.53277587890625,136.00454690362622,134.69737614173204,134.92342371804344,14664000
2025-09-08,135.483642578125,135.50328845599154,134.02903778592207,135.10033800378108,15753300
2025-09-09,136.2109375,136.58441915603723,135.35587686312968,135.69003676755554,12249600
2025-09-10,134.9725799560547,136.13231674813144,134.46150213397348,136.13231674813144,13588300
2025-09-11,137.32154846191406,137.59674074365302,135.52296069399947,135.67037977462584,16470800
2025-09-12,135.73916625976562,137.40998059166597,135.72934332138976,136.83993523196304,11345400
2025-09-15,134.5794219970703,136.16178497921896,134.31406767479592,135.88659272118036,11233800
2025-09-16,134.5794219970703,135.0315321334785,134.19611742359845,134.31406767479592,12443800
2025-09-17,134.8448028564453,135.91608816669614,134.4909820662789,134.7760122844751,12501500
2025-09-18,135.1101531982422,135.57208624813435,134.54010783886775,134.84478389372165,11472900
2025-09-19,134.93324279785156,135.53277200237164,134.82513048238553,135.45415849735392,11280900
2025-09-22,134.89869689941406,135.5207036058751,134.168068390604,134.46426995176685,9732700
2025-09-23,135.20477294921875,135.6095812671357,134.42477496440924,134.53338170664458,9903000
2025-09-24,134.6617431640625,135.32325149862265,134.43466181110924,135.08630228351956,7471600
2025-09-25,132.43038940429688,134.45440097377454,132.03544892662802,134.40504659632487,14099700
2025-09-26,133.78302001953125,133.90149462591458,132.93391685442813,133.43744899699556,10071000
2025-09-29,134.1779327392578,134.24705296340906,133.0326431664151,133.96071927112078,7735700
2025-09-30,137.40650939941406,137.7323296214248,133.95085955228154,134.03971550407417,19313500
2025-10-01,141.6520233154297,141.9087233058866,137.8310667816164,138.02852947161693,23657900
2025-10-02,141.3755645751953,141.7507542108749,140.34873454031546,140.34873454031546,15176200
2025-10-03,142.98492431640625,144.28819013623996,141.74088073220395,141.7507636593406,15829200
2025-10-06,142.29379272460938,143.22188401721127,142.14569946108304,143.06390782582395,12879900
2025-10-07,142.40237426757812,142.82693332360407,141.46441527857422,142.29376753840276,12478700
2025-10-08,142.6788330078125,143.1330107367254,142.19505169521585,142.7677040206117,8925800
2025-10-09,142.36289978027344,143.4094655868226,142.1358184420729,142.94541998347535,7657000
2025-10-10,140.3092498779297,142.90592858243906,140.14140584539928,142.77757106003003,13350100
2025-10-13,140.15127563476562,141.12873625988252,139.83533835313733,139.93406216251742,8257500
2025-10-14,140.5363311767578,141.04974620084158,139.26268407587267,139.80571774890004,10044700
2025-10-15,140.75355529785156,141.43481440598399,139.56876405413513,140.22040451108248,7260600
2025-10-16,140.5166015625,141.81986736898006,140.16116269428952,141.03988447049912,11194100
2025-10-17,141.45455932617188,141.60265257595265,139.59837691325342,139.78597173993398,8160300
2025-10-20,142.95529174804688,143.15276950711285,141.74088187006785,141.89885805114548,8435900
2025-10-21,143.29098510742188,143.78464934047665,142.5109871825507,143.21199702228068,9031800
2025-10-22,144.11048889160156,144.87072106546646,143.6957976225713,144.35732104127067,12705300
2025-10-23,144.189453125,144.6534987433019,143.52794481209767,143.67605313212644,7924900
2025-10-24,144.17958068847656,144.90032628034658,144.03148743858458,144.43628067676846,7007400
2025-10-27,144.51527404785156,144.59426213916043,143.37985224934198,144.23882326098942,6466700
2025-10-28,143.60693359375,144.68311809012087,143.35023359607854,144.55477562400412,8652700
2025-10-29,142.1555633544922,143.60693755828288,141.7507700903425,143.37985620540303,12425600
2025-10-30,142.4715118408203,143.60693363967556,141.94822891799785,142.13582375173382,10756100
2025-10-31,142.42214965820312,142.65911394427732,140.89178732469796,141.2077397061302,10581100
2025-11-03,142.61959838867188,142.72820512596707,141.0201310443584,142.24442380428263,12279300
2025-11-04,143.26138305664062,143.64644060041786,141.67178343941902,141.94823423672378,14182200
2025-11-05,143.8142852783203,144.4066733899398,142.55050589500573,142.79733804120684,13154600
2025-11-06,144.09071350097656,144.2585575262432,143.10338507086482,143.30084774379992,14395800
2025-11-07,144.28819274902344,144.29806061090108,142.88618802506178,143.9919911728765,14522900
2025-11-10,145.4137420654297,145.56183531607843,143.87351199693285,143.94261715875643,12305900
2025-11-11,148.77066040039062,148.90890086180738,145.7297016888633,145.7297016888633,12659500
2025-11-12,150.883544921875,151.21923298798376,148.81014909626313,149.07673200308452,17847500
2025-11-13,150.8045654296875,152.562009011744,149.93571150042348,150.11342340480687,21807600
2025-11-14,149.90609741210938,150.98228192924117,149.274207734896,150.2911549487638,15468900
2025-11-17,149.77774047851562,151.37722300024768,149.22483889191722,149.42230159206832,17516500
2025-11-18,150.65646362304688,151.18962949011987,149.23470806477016,149.82711123586495,24494200
2025-11-19,150.39976501464844,150.9921531258092,149.64940071433602,150.54785827607898,17352600
2025-11-20,149.50128173828125,151.39695067675405,149.20508017108043,150.55773047936214,25278500
2025-11-21,152.65086364746094,153.7369310496746,149.78761695498878,149.86658997929734,25526100
2025-11-24,153.29263305664062,154.18123783616014,152.5225179536537,153.1741584455469,17928400
2025-11-25,156.75814819335938,156.87662279093058,153.79616273058232,153.79616273058232,17298600
2025-11-26,156.41258239746094,156.93586530804978,156.15588240570867,156.41258239746094,12398900
2025-11-28,155.65234375,156.24474692089916,155.1685623903562,156.1953774790845,8559700
2025-12-01,153.32223510742188,155.85967656680566,153.21362837053312,155.05005997082824,17321200
2025-12-02,152.40403747558594,153.49997278233016,152.1868239866501,153.28275929339432,16150300
2025-12-03,153.1149139404297,153.80604091504392,152.70023775566116,152.71010561764203,12724800
2025-12-04,151.94985961914062,153.06554571479955,151.42657668667576,153.0359270631837,13674600
2025-12-05,151.3179473876953,152.67059756010133,151.02176091568435,152.49287061145876,8868700
2025-12-08,149.5111541748047,151.47594340076856,149.2840728280251,151.4068382367217,10996000
2025-12-09,148.05979919433594,150.74531904831156,147.95119244886558,150.07394285117726,11543300
2025-12-10,150.212158203125,150.251644714547,147.97091827763128,148.4744654572457,15534800
2025-12-11,151.63392639160156,152.34480418037813,150.33064542369831,150.82430971782432,14703000
2025-12-12,152.1078338623047,152.60149813684959,151.46607633157154,151.80176442255694,13175500
2025-12-15,154.12197875976562,154.3293092998927,152.483009899104,152.51262854769357,14681800
2025-12-16,152.11770629882812,154.14171763252514,151.15011354033507,154.06272954619286,12491300
2025-12-17,151.84124755859375,152.81870822401044,151.72277295627816,152.27567452100118,9093300
2025-12-18,151.95973205566406,153.21362839533862,151.73263565503623,151.80175588099354,8876400
2025-12-19,152.9766845703125,153.7961690565739,151.96960525322243,151.96960525322243,8571500
2025-12-22,153.98507690429688,154.05447634644813,152.49777741416443,152.84480488410634,7063700
2025-12-23,153.6776885986328,154.34201382167677,153.33064603409747,153.38022570468698,7465800
2025-12-24,154.4808349609375,154.6196489672487,153.83632947267037,153.8561643677411,3085700
2025-12-26,154.72872924804688,154.7981286913637,154.03465916691334,154.37177675923633,4439100
2025-12-29,154.49073791503906,155.16498815087738,154.36183379724835,154.74854615062046,6357300
2025-12-30,154.36184692382812,154.65930984347617,153.88591533014684,154.34202715755282,4355000
2025-12-31,153.4893035888672,154.52049119919462,153.45955881075338,154.28253297428407,4199500
2026-01-02,154.1932830810547,154.2527877667088,152.2796317562968,153.55870260040638,10998000
2026-01-05,153.72726440429688,154.07430699426243,151.67479903189565,153.28107759547856,17756200
2026-01-06,156.75143432617188,156.9894076715518,153.82641526357125,153.82641526357125,17783800
2026-01-07,158.3081512451172,159.23026960787263,157.1976240753231,157.1976240753231,14505700
2026-01-08,156.7811737060547,159.14102679532996,156.27549738532042,157.80245135923377,17611000
2026-01-09,155.97805786132812,157.58433652158698,155.92847818412153,156.98942578388787,12352000
2026-01-12,156.04745483398438,156.1664339421853,154.68904445379357,155.99787516237012,12250100
2026-01-13,155.4128875732422,156.3350059992967,154.42135457511415,156.31517110304813,11756500
2026-01-14,156.5233917236328,156.65229584829876,155.1550714143852,155.28397553905114,13516800
2026-01-15,155.6310272216797,156.11686871150192,154.05447824422745,155.9780546958966,15303400
2026-01-16,154.4213409423828,155.6409221861264,154.39159616543236,155.31371451007976,11950300
2026-01-20,154.08421325683594,154.5998146233695,151.93258858654514,152.6960731887748,12775200
2026-01-21,156.9199981689453,157.16788140478442,153.83633010992293,153.88590978300917,16393900
2026-01-22,156.9497528076172,157.88179625366485,156.16644839017312,156.3151722891837,10881400
2026-01-23,156.1466064453125,157.03899518787256,155.33355728476735,156.46390425500292,10191300
2026-01-26,156.76136779785156,156.9894161434859,155.57151613633317,156.03753784018966,6810400
2026-01-27,154.13380432128906,155.75991786245092,153.826431507044,154.48084692874886,12697500
2026-01-28,153.00344848632812,153.83633254080652,152.17056443184973,152.9935386033911,11426600
2026-01-29,152.51760864257812,153.36040258896332,152.20031083010903,152.94396055729197,12167300
2026-01-30,153.4298095703125,153.61818811635723,151.99207473186271,152.81504887145815,11863900
2026-02-02,154.37176513671875,154.68904780866626,153.0926791774518,153.2711629732157,11005300
2026-02-03,152.79522705078125,155.78964553720812,152.54734382398217,153.4694621654708,21141900
2026-02-04,154.70887756347656,155.45252724033602,152.92411531309554,153.49920621208452,22951600
2026-02-05,153.52894592285156,155.6409157769138,153.3702970325878,154.14370659022583,21421600
2026-02-06,156.37466430664062,156.46389863881592,154.5899020151759,154.718791007343,13616200
2026-02-09,154.99642944335938,156.8109213275759,154.70887643117376,156.23584556238728,11823000
2026-02-10,154.0148162841797,155.82932341407823,153.92558194900246,155.33355693474832,11103400
2026-02-11,154.92701721191406,155.05592133170367,153.07285551139117,153.86606973584296,11738400
2026-02-12,154.67913818359375,156.08711313868824,154.16353682002935,154.8873667573998,19409100
2026-02-13,156.33499145507812,157.4554284801956,155.19473466514884,155.19473466514884,16647900
2026-02-17,156.03753662109375,157.56450584763596,155.79957839432308,156.69195200389754,14881100
2026-02-18,156.33499145507812,156.46389557431223,155.1550648763423,155.86896977894563,11886300
2026-02-19,155.928466796875,156.38457861243572,154.86753440418045,155.86897724040887,11226900
2026-02-20,155.49220275878906,155.91855466036205,154.5502343630497,155.6706714256079,13368500
2026-02-23,157.1976318359375,157.3364458478158,155.7995818340174,155.7995818340174,17053500
2026-02-24,156.53330993652344,157.1579805682645,155.97805387701712,156.6721239514,12887100
2026-02-25,156.49365234375,157.8817924665279,156.28542376053701,156.53330700600398,11011500
2026-02-26,156.0871124267578,156.8307621261717,154.76837181091287,156.73161791067162,15344400
2026-02-27,158.84356689453125,158.8832366829377,155.38312677083817,155.41287154734735,14250100
2026-03-02,157.18771362304688,158.48661933598893,156.65229249977304,157.84212898561964,18641400
2026-03-03,155.4128875732422,156.05737797018827,153.68761470984597,155.3335631178408,21432600
2026-03-04,155.7202606201172,156.24577189956145,154.3519402391378,155.4128878109622,12745700
2026-03-05,152.60684204101562,154.38167938863242,151.4269153937342,153.8165134668342,20476400
2026-03-06,151.40708923339844,151.69464228197066,149.67190644719147,151.4864136906048,18174000
2026-03-09,152.95387268066406,153.24142571862504,149.85038472855302,150.49487511638117,18675700
2026-03-10,151.853271484375,153.23150173635966,151.7144574708511,153.1026127356828,17247500
2026-03-11,151.55581665039062,151.86318944251525,150.65351803960465,151.54589163800463,12503800
2026-03-12,148.8885955810547,151.19886923493416,148.75969145246805,150.66343295433774,15670500
2026-03-13,148.52171325683594,151.01047063310406,148.40273414483946,149.7611294387728,15129300
2026-03-16,149.73138427734375,150.44528920667858,149.10672881136978,149.47359115881417,10896600
2026-03-17,148.3730010986328,150.56429573858244,148.27384174440056,149.93962509202436,11938600
2026-03-18,145.89414978027344,147.78798124361828,145.76524566226414,147.46077357223476,15565400
2026-03-19,145.36865234375,146.83611693341777,145.06127953742697,145.8941636183525,16913000
2026-03-20,144.0994873046875,145.77518043261722,143.4351620351376,145.2397441601134,16582200
2026-03-23,144.13433837890625,146.12555664408833,143.96508664938054,145.91647204185674,21815400
2026-03-24,144.15423583984375,144.66200620688315,142.75043854549617,143.31792783644744,24230900
2026-03-25,145.59788513183594,146.0459062034907,144.71179361081576,145.05029707012915,17743300
2026-03-26,145.10008239746094,146.2649432751889,144.9905647837366,145.11003301987589,13321000
2026-03-27,142.63095092773438,145.15980649117284,142.44179796417288,145.0801559419838,12932200
2026-03-30,143.18850708007812,143.99494801490636,142.80020494960172,143.6663951911265,14799700
2026-03-31,145.96624755859375,146.1056322218664,143.9650787805103,144.17414817952482,17866000
2026-04-01,147.08132934570312,148.10680551211985,146.30475545641258,146.57357416940988,16899200
2026-04-02,146.16537475585938,147.70857195428235,145.62775250706295,146.28484299074975,11087900
2026-04-06,145.6376953125,146.4939197307673,145.1199743361133,145.6376953125,7272600
2026-04-07,145.9264373779297,146.2649408358723,144.24385551867596,146.2649408358723,10263400
2026-04-08,149.0128173828125,149.0426844415134,146.85234738330675,147.54927073931026,8130700
2026-04-09,148.67431640625,149.56040794335226,147.648840195619,148.17651183053437,6406400
2026-04-10,146.66317749023438,149.1820673562837,146.4640587039763,149.12233323958523,6217800
2026-04-13,147.32028198242188,147.39993253464772,145.5978824669329,146.23507169295013,6182800
2026-04-14,148.17649841308594,148.94312164397115,146.59348365168248,146.73286831258991,7722300
2026-04-15,147.12115478515625,148.55483425966253,146.2450139525605,148.20636501257414,6669200
2026-04-16,145.96624755859375,147.54926234685925,145.64764536151975,146.54370264694867,9072300
2026-04-17,148.14663696289062,148.4652239748259,146.71295742970887,146.72290805165431,8338100
2026-04-20,146.77268981933594,148.08690110656428,146.50387111207758,147.79816596386001,6325700
2026-04-21,145.27928161621094,147.90768909707796,145.2394639356205,147.63887037977634,8735300
2026-04-22,145.7372589111328,146.9319867435205,145.3688732289034,145.86667775838063,8316900
2026-04-23,145.59788513183594,146.12555675717437,144.5226254447907,145.5580522590992,7612000
2026-04-24,143.5469207763672,144.89099921327448,143.0491161985186,144.60227924250995,7969700
2026-04-27,142.83009338378906,144.57240937238487,142.79026051093317,143.04911341733734,6571900
2026-04-28,143.20840454101562,144.22393004298388,142.65086589422168,143.93521009796157,8612400
2026-04-29,142.21279907226562,142.62100244606387,141.3466240234945,141.63534397582185,11885500
2026-04-30,145.34898376464844,145.64765435310767,143.02921264627946,143.04911389098353,12587800
2026-05-01,144.5226287841797,145.96625902255298,144.51266296987035,145.64765680045647,8865800
2026-05-04,144.09449768066406,144.57240097644222,143.68630950422997,143.92524596033013,10885900
2026-05-05,144.66200256347656,145.02042244044642,143.78586171048605,144.64208612814798,7174900
2026-05-06,144.7615509033203,145.50825769654608,144.26374637450314,144.72173322540192,10613500
2026-05-07,144.0845489501953,145.1996262714032,143.6365278973378,144.54252062492463,7608000
2026-05-08,142.85995483398438,144.43301903066,142.55130325273277,143.95511572588998,10165400
2026-05-11,142.41192626953125,144.3832433265292,142.0435557450473,143.11881545110344,9255700
2026-05-12,145.2095947265625,145.99611923883873,142.56127084872918,143.17854363537103,11897200
2026-05-13,146.06581115722656,146.33461466401417,144.49274702716343,144.68191517831747,15841800
2026-05-14,145.9861602783203,146.75276831091423,145.29918760117917,146.20519548528674,7763800
2026-05-15,144.462890625,146.5138429990653,144.2538060236233,146.1155902325834,9039900
2026-05-18,145.0801544189453,145.14983915388612,143.48717383546503,143.86551014219407,7949200
2026-05-19,146.6731414794922,147.41984831251264,144.21398576073497,144.98059383788095,12388200
2026-05-20,146.48397827148438,147.37006980229575,145.6476550444592,146.8921664749128,10527900
2026-05-21,147.49948120117188,147.64883168034717,145.19962662469027,146.2549698336568,7157000
2026-05-22,149.23184204101562,149.65996183839692,148.34575058145566,148.43535175121383,6915200
2026-05-26,147.85791015625,149.64005905129824,147.78822541512318,149.29158977029394,6590400
2026-05-27,148.1366729736328,149.54048546647863,147.62891779595617,148.03712117758474,10062500
2026-05-28,150.21751403808594,150.68545155587515,148.4552815815561,148.49509926333408,10397400
2026-05-29,148.81369018554688,150.37678853913314,148.44531968785748,150.18763557531219,13195800
2026-06-01,147.1908416748047,148.22628361790495,146.61338658957357,147.86786374403007,12582900
2026-06-02,145.75717163085938,146.62336191076818,144.6719613171809,146.1056409056467,12024300
2026-06-03,146.90213012695312,147.39993469180774,145.4286328686846,145.5182340443289,9836000
2026-06-04,151.4122314453125,151.87020311693655,149.63008267604906,149.71969903944418,14051800
2026-06-05,152.33815002441406,154.02073191254732,152.248548847266,152.706535739006,20723000
2026-06-08,151.97972106933594,153.7917368999195,151.74078461117657,152.56714197648554,10639500
2026-06-09,153.8913116455078,154.29949984604318,152.50740036053372,152.80608614008358,13125500
2026-06-10,152.17886352539062,154.4488511552092,152.14899646645537,154.27959942397948,11712200
2026-06-11,153.4134063720703,154.47871542751025,152.18881140244568,152.78618295395455,10548800
2026-06-12,153.13462829589844,154.4787066142165,152.6965578753566,154.28953846063808,9111000
2026-06-15,152.2186737060547,153.2043321777189,151.10359638264487,153.03508045482914,9525300
2026-06-16,152.26846313476562,153.04503704266804,151.05381877793573,152.92556880815684,8630000
2026-06-17,150.04824829101562,151.90008175243497,149.31149211671723,151.38236078693367,10991400
2026-06-18,148.74398803710938,150.6057873166077,148.13666590059287,150.6057873166077,10879300
2026-06-22,150.05999755859375,150.6199951171875,149.05999755859375,149.3300018310547,11706100
2026-06-23,152.17999267578125,152.42999267578125,151.0,151.49000549316406,9479900
2026-06-24,153.35000610351562,154.6699981689453,152.4600067138672,153.1300048828125,10070100
2026-06-25,155.6300048828125,157.2100067138672,153.58999633789062,153.9499969482422,9419200
2026-06-26,160.33999633789062,160.63999938964844,156.17999267578125,156.32000732421875,16563800
2026-06-29,160.74000549316406,161.08999633789062,159.8800048828125,160.6999969482422,12935000
2026-06-30,158.66000366210938,161.25,157.9600067138672,161.00999450683594,11559400
2026-07-01,159.5399932861328,159.9600067138672,158.5,159.61000061035156,10123700
2026-07-02,163.74000549316406,163.85000610351562,160.3800048828125,160.6699981689453,14719400
2026-07-06,161.9600067138672,163.4499969482422,160.25,163.1999969482422,16123400
2026-07-07,164.44000244140625,165.61000061035156,163.8800048828125,164.75,12143500
2026-07-08,162.3000030517578,163.99000549316406,162.25999450683594,163.4199981689453,9287900
2026-07-09,162.1699981689453,163.4199981689453,161.36000061035156,161.8000030517578,9576400
2026-07-10,160.83999633789062,162.66000366210938,160.24000549316406,162.47999572753906,9497100
2026-07-13,161.41000366210938,162.24000549316406,160.32000732421875,160.97000122070312,6873000
2026-07-14,158.2899932861328,160.0800018310547,157.77999877929688,159.77999877929688,11523000
2026-07-15,158.2899932861328,159.35000610351562,157.25,157.3800048828125,10885300
2026-07-16,161.8000030517578,162.63999938964844,159.94000244140625,160.35000610351562,11819000
2026-07-17,161.08999633789062,164.0,160.8800048828125,161.80999755859375,9166500
2026-07-20,159.25,161.49000549316406,159.17999267578125,161.0,6635300
2026-07-21,160.25,160.3699951171875,157.22999572753906,157.52999877929688,6594900
2026-07-22,159.42999267578125,160.97000122070312,158.9499969482422,160.97000122070312,5599500
2026-07-23,161.44000244140625,161.61000061035156,159.32000732421875,159.89999389648438,6448200
2026-07-24,162.57000732421875,163.25,161.5800018310547,162.47000122070312,7647900
2026-07-27,163.39999389648438,164.57000732421875,162.35000610351562,163.00999450683594,8056000
2026-07-28,167.25999450683594,168.52999877929688,165.75,165.99000549316406,12774800
2026-07-29,166.24000549316406,168.16000366210938,165.77000427246094,167.14999389648438,11656900
2026-07-30,163.52000427246094,163.9499969482422,161.86000061035156,163.25,12475200
2026-07-31,162.5500030517578,163.22999572753906,160.72999572753906,162.30999755859375,9604900
